{
    "tags": [],
    "chapcount": "11",
    "wordcount": "13.036",
    "chapters": {
        "1": {
            "text": "Eine k\u00fchle Brise kr\u00e4uselte und wirbelte die letzten Bl\u00e4tter durch die Luft. Es war zwar erst Anfang Oktober, doch der Herbst war dieses Mal sehr fr\u00fch \u0001 \u0002 auch meine Noten., dachte Jack Grant. Jack Grant war ein Junge im Alter von vierzehn Jahren und Sch\u00fcler der Alemany High School. Die Schule hatte ein sehr hohes Niveau und bot eine sehr gute Ausbildung, daf\u00fcr waren auch die Lehrer sehr streng. Vor allem in den Noten. Eines k\u00fchlen Oktoberabends kam er nach Hause und sein Vater war schon bereits \u00fcber seine schlechten Noten informiert \u0001 \u0002 viel Schmerz f\u00fchlte Jack an dem Abend, wie noch nie. Als der Junge an dem Abend nach hause kam, schrie sein Vater ihn sofort an: \u201eNe 4 in Mathematik und 5 in Physik heute? BIST DU WAHNSINNIG? Hast du den Verstand verloren?\u201cDanach folgten mehrere Ohrfeigen und seine Mutter verletzte ihn psychisch noch viel \u0001 \u0002 konnte ihn so sehr verletzen, als Schimpfw\u00f6rter aus dem Mund seiner Mutter zu h\u00f6ren. W\u00f6rter wie Idiot und so, die hatten ihn nicht wirklich verletzt. Doch \u201edu bist so schrecklich faul...\u201c oder \u201eich kann dich nicht mal ansehen...deine h\u00e4ssliche Nase und deine Augen einer Missgeburt...\u201c verletzten ihn einfach sehr und immer weinte er \u0001 \u0002 Nachmittage musste er lernen, so lange bis er den Durchschnitt nicht auf mindestens 2, 5 \u00e4ndert. Dann darf er eine halbe Stunde Fernsehen anschauen.\u201eAber, Mutter! Ich will doch auch irgendwann nach drau\u00dfen gehen!\u201c, klagte Jack weinend zuhause eines k\u00fchlen Tages.\u201eUnd mit wem? Du hast ja nicht mal Freunde..dar\u00fcber solltest du dich aber keinesfalls wundern...\u201c, rief seine \u0001 \u0002 h\u00e4tte welche, wenn ich auch nach der Schule einige Zeit mit ihnen verbringen k\u00f6nnte! Oh ja, Mutter!, dachte Jack w\u00fctend.***Am n\u00e4chsten Tag fand eine weitere Mathepr\u00fcfung statt. Jack war noch nie so gestresst gewesen und so lief er am Anfang der Stunde noch mal aufs Klo, wo er versuchte seinen Stress auszulassen. Als er zur\u00fcck in die Klasse kam, begann die Stunde bereits schon und die Teste waren schon \u0001 \u0002 vermasselte sie...Er hatte nur die ersten f\u00fcnf von elf Aufgaben gemacht und die konnte er nicht mal nach kontrollieren. Weinend bewegte er sich in den Raum, wo Deutsch unterrichtet wurde und er begann wieder zu weinen und alle begannen zu lachen.\u201eWas'n jetzt wieder Heulsuse?!\u201c, schrie Sam Shields. Er war der \u201eClown in der Klasse\u201c gewesen und alles was er sagte, war von den anderen nur unterst\u00fctzt \u0001 \u0002 versuchte sie zu ignorieren und schaute seine Mitsch\u00fclerin Jenny an. Er liebte das M\u00e4dchen schon seit einem Jahr, obwohl sie ihn eher f\u00fcr einen Freund hielt. Als Sam mit seiner Truppe weg war, wanderte Jenny zu ihm und fl\u00fcsterte ihm ins Ohr: \u201eGeht's dir gut Jack...das war fies von ihnen...aber ganz ehrlich...wegen einer beschissenen Mathepr\u00fcfung so zu weinen.......\u201c\u201eD-d-du kennst meine Eltern nicht, Jenny..\u201c, entgegnete er heulend.\u201eIch werde mit den anderen sp\u00e4ter Flasche spielen...ist ja letzte Stunde schon...kommst du dann mit?\u201c, fragte Jenny.\u201eWohl nicht...ich f\u00fchle mich nicht gut und ich muss sofort nach Hause kommen...\u201c, entgegnete Jack schwach.\u201eF*ck doch auf sie!\u201c, schrie Jenny und verlie\u00df den \u0001 \u0002 Achseln waren wegen dem Stress ganz \u0001 \u0002 es blo\u00df so einfach w\u00e4re, Jenny...wenn es blo\u00df so einfach w\u00e4re., dachte \u0001 \u0002 ging er aber doch nach dem Ende des Unterrichts Flasche spielen. Jennys Freunde und Freundinnen wollten zwar mit Jack der Heulsuse nicht zusammen sein, doch Jenny \u00fcberredete sie.\u201eBran du beginnst.\u201c, rief \u0001 \u0002 13-j\u00e4hrige und damit j\u00fcngste von ihnen hie\u00df Bran. Er drehte die Flasche und es hie\u00df: Agatha gibt Jenny einen Auftrag/Frage.\u201eAlsoooooo...liebe Jenny...Frage oder bist du tapfer?\u201c, fragte Agatha mit einer Stimme, die Jack \u201eflittchenartig\u201c charakterisierte.\u201eTapfer nat\u00fcrlich! Was denkst du wer ich bin, Agatha? Alsooooo...was f\u00fcr nen Auftrag gibst du mir denn...\u201c, entgegnete Jenny stolz.\u201eGib Bran einen Zungenkuss!\u201c, rief Agatha. Jack biss sich eifers\u00fcchtig in die \u0001 \u0002 zeigte in ihrem Gesicht das Flittchen-Gesicht und ging ohne Scheu zu Bran, doch der Junge war scheuer, als sie dachte. Er lief einfach weg...\u201eWTF? Das war doch f\u00fcr Jenny ein viel schwerer Auftrag gewesen, als f\u00fcr ihn...und au\u00dferdem ist er schwul...also ich w\u00fcrde es genie\u00dfen, wenn so ein sexy M\u00e4del mir einen Zungenkuss geben w\u00fcrde.\u201c, rief \u0001 \u0002 biss sich wieder eifers\u00fcchtig in die Zunge.\u201eNa ja...drehen wir doch weiter...\u201c, rief \u0001 \u0002 drehte Jenny, da sie das \u201eOpfer\u201c war. Diesmal war der Anfang der Flasche in Sams Richtung gekommen und das Ende in Jacks Richtung. Das hie\u00df, dass Jack den Auftrag /Frage bekam, den Sam ihm sagte.\u201eAlso...Wahrheit oder bist du..t-t-t hahaha tapfer!\u201c, rief und lachte Sam.\u201eTAPFER!\u201c, schrie Jack mutig.\u201eOkay...sag der Mathelehrerin, dass sie eine Hure ist! Eine Huuureee...\u201c, entgegnete Sam stolz. Jack biss sich gestresst in die \u0001 \u0002 Angst ging Jack zum Kabinett seiner Mathematiklehrerin. Er klopfte auf die T\u00fcr und gleich \u00f6ffnete ihm seine Lehrerin. Es gibt sehr viele, die Mathematiklehrer hassen, doch seine war eine \u00e4u\u00dferst nette und liebe \u0001 \u0002 kann ich ihr das blo\u00df sagen?, dachte er be\u00e4ngstigt.\u201eOh, hallo Jack...deine Pr\u00fcfung...das war die reine Katastrophe...morgen bekommt ihr alle einen Wiederholungstest, doch dir gebe ich sogar drei Versuche...deine Eltern dr\u00fccken auf dich sehr habe ich geh\u00f6rt und au\u00dferdem bist du der artigste Junge in der Klasse.\u201c, sagte die Lehrerin \u0001 \u0002 begann er zu schwitzen. Er k\u00f6nnte ihr sagen, dass sie eine Hure ist, und dann w\u00fcrden ihn die anderen ehren und er w\u00e4re nicht das Mobbing-Opfer. Doch er w\u00e4re eins...\u0001 \u0002 falls wird Jenny ihn nie m\u00f6gen und die anderen auch nicht, er wird einsam sterben...einsam...einsam..Er hielt das nicht mehr durch...\u201eJack Grant...ist alles in Ordnung mit dir?\u201c, fragte die \u00e4ltere Frau \u0001 \u0002 atmete sehr heftig ein und dann begann er zu schreien. Schreien, wie ein M\u00e4dchen \u2013 w\u00fcrden Sam und die anderen sagen, doch der Schrei war so furchterregend, dass sie es nicht mal wagten zu sagen. Ausschnitt von New York Times, der Ausgabe vom 01. 12. 2013 BERICHT \u00dcBER DEN TOD VON AMANDA MADSON29. 11. 2013 \u2013 knapp vor dem ersten Advent-Sonntag starb die beliebte Mathematiklehrerin der Alemany High \u0001 \u0002 berichteten, in ihrem Kabinett schrie ein Junge hysterisch \u201e3\u201c. K\u00f6nne das irgendetwas mit Mathematik etwa zu tun haben? Jedenfalls hat man die Zahl 3 auch auf der Hand der Mathematiklehrerin gesehen, wo jemand draufgeschrieben \u0001 \u0002 zufolge, lief der Junge schreiend aus dem Kabinett heraus. Mittlerweile ist er seither vermisst \u2013 keine \u0001 \u0002 der selben Nacht fand man die Lehrerin tot im Kabinett liegen (ihre Kehle war aufgeschlitzt worden), doch der M\u00f6rder war sicherlich nicht das Kind. Die Kameras konnten kein direktes Gesicht erkennen, doch es handelte sich eindeutig um einen gro\u00dfen Mann.",
            "wordcount": "1.143",
            "chapter_release": "01.12.2013",
            "chapter_number": "1"
        },
        "10": {
            "text": "\u201eEr ist tot.\u201c, rief der Polizist und beobachtete den toten K\u00f6rper des alten Mannes.\u201eOh, was Sie nicht sagen!\u201c, sagte Dana Stone entnervt.\u201eWer ist Reeze?\u201c, fragte \u0001 \u0002 Mann zuckte mit den Schulter. \u201eWir k\u00f6nnen mal nachschauen, ob es irgendeinen Zusammenhang zwischen den Namen Reeze und Stone gibt.\u201c\u201eVielen Dank.\u201c, sagte sie. Ihre Worte klangen kalt und hart, doch in Wirklichkeit war sie doch nur verzweifelt.***1929. \u201eMrs. Reeze, kommen Sie doch kurz in mein B\u00fcro.\u201c, sagte der Doktor.\u201eWas dort?\u201c\u201eWir werden nur paar Sachen absprechen.\u201cSie ging mit ihm in sein Kabinett. Irgendetwas in ihr sagte ihr, dass es ein Fehler war. Ein sehr gro\u00dfer \u0001 \u0002 gesagt, sie wusste, dass es ein Fehler war, doch diesem jungen sympathischen Mann konnte sie \u201enicht widerstehen\u201c.Noch dazu war sie w\u00e4hrend eines normalen Alltags mit einem Tyrannen, der ihr Ehemann war, in einem Haus \u0001 \u0002 \u00f6ffnete die T\u00fcr des B\u00fcros und bat sie hereinzukommen. \u201eHatte Ihr Sohn irgendwelche Probleme in letzter Zeit?\u201cSie sp\u00fcrte Entt\u00e4uschung. Sie hoffte, dass der Mann mit ihr was anfangen wollte, und nicht nur fragen w\u00fcrde, ob ihr Sohn irgendwelche Probleme hat.\u201eI-ich wei\u00df nicht. Mein Ehemann hat mich von meinem eigenen Sohn oftmals isoliert, weil er nicht wollte, dass von ihm ein 'M\u00e4dchen' wird. Doch das hat nichts gen\u00fctzt, denn offensichtlich ist mein Daniel homosexuell.\u201c\u201eMrs. Reeze, Homosexualit\u00e4t ist keine Krankheit, aber glauben Sie mir, Ihr Sohn wird es in der Welt sehr schwer haben, wenn die Menschen wissen werden, was f\u00fcr ein Geschlecht er bevorzugt.\u201c, sagte er langsam und versuchte die Situation der Frau m\u00f6glichst schonend beizubringen. \u201eSind Sie eigentlich ein Psychologe oder Doktor?\u201c\u201eDie Psychologie des Patienten zu verstehen geh\u00f6rt zum Medizin-Studium.\u201c, erkl\u00e4rte er schnell und l\u00e4chelte dabei.\u201eDarf ich Ihnen ein Gest\u00e4ndnis ablegen?\u201c\u201eJa?\u201c\u201eAls Sie mich in Ihr 'Kabinett' gerufen haben, habe ich gedacht, dass Sie mich vergewaltigen werden.\u201cEr lachte laut, doch in Wirklichkeit, erschien es ihm gar nicht so komisch. \u201eWarum haben Sie mich dann begleitet.\u201c\u201eWeil ich es wollte.\u201cDiese Sau kann doch nicht ganz klar bei Verstand sein., dachte er.\u201eEntschuldigen Sie mich f\u00fcr meine Ehrlichkeit, aber Ihr Sohn w\u00e4re fast gestorben...und Sie wollten vergewaltigt werden?!\u201cSie schaute ihn ernst an. \u201eIch wollte mich nur kurz wohl f\u00fchlen, ich wurde dazu verurteilt den Schmerz in alle Ewigkeit zu tragen. Alles was ich mir ersehen hatte, war es, kurz etwas Sch\u00f6ne zu f\u00fchlen. Sie m\u00fcssen mich f\u00fcr komplett verr\u00fcckt halten, wissen Sie, es ist nur, dass ich schon sehr lange...\u201c\u201eAh...ah, bitte h\u00f6ren Sie auf damit.\u201cSie haben recht, ich halte Sie f\u00fcr komplett verr\u00fcckt., dachte er.\u201eWie hei\u00dfen Sie?\u201c, fragte sie.\u201eAlec Stone.\u201c, antworte er monoton.\u201eMr. Stone, es tut mir leid, ich wei\u00df echt nicht, was in mich gefahren bin. Ich bin wohl komplett verr\u00fcckt und psychisch auseinander.\u201c\u201eMrs. Reeze, wenn es wirklich das ist, was Sie wollen, dann werde ich Ihnen helfen. Aber Sie werden niemandem ein Wort sagen. Verstanden?\u201cUnd das ganze war ein gro\u00dfer Fehler. ***Jack klopfte an die eiserne T\u00fcr eines alten Hauses.\u201eWer ist da?\u201c\u201eOma, das bin ich.\u201c, rief er. Die alte Frau \u00f6ffnet die T\u00fcr. \u201eJack, was um Gottes Willen, machst du da? Komm schnell rein!\u201c, sagte \u0001 \u0002 tat er sehr gerne. Es wurde drau\u00dfen wesentlich k\u00fchler, als es im Wetterbericht behauptet wurde und der Junge war nicht sonderlich warm angezogen.\u201eIch mach dir einen Tee. Jetzt sag mir, was du hier machst.\u201c\u201eNachdem ich nicht alleine mit Polizisten zu hause sein wollte, ging ich dann zu meiner Tante und ich hab ihr fast wehgetan.\u201c\u201eFast?\u201c, fragte \u0001 \u0002 vertraute ihr. \u201eIch habe einen Anfall bekommen.\u201c\u201eUnd wenn du mich t\u00f6test, dann ist das nur halb so schlimm, als ob deine Tante sterben w\u00fcrde, nicht wahr?\u201c, scherzte seine Oma \u0001 \u0002 \u0001 \u0002 wurde die alte Dame, die trotz ihres Alters, noch sehr energetisch war, ernst: \u201eJack, ich wei\u00df, es ist wirklich viel in letzter Zeit passiert. Aber ich hoffe, dass du auch den Ernst der Situation verstehst.\u201cEr starrte sie ohne Wort an.***\u201eEntschuldigung. Hinter dieser T\u00fcr befindet sich mein Sohn. Ich habe mindestens vierzig Mal geklopft und keine Antwort vom Doktor bekommen. Ich wei\u00df auch nicht, wo meine Ehefrau ist. K\u00f6nnten Sie mich hereinlassen?\u201cDie \u00c4rztin schaute in die Papiere und verlangte, dass der Mann sich ausweist.\u201eGut, Sie sind wirklich der Vater.\u201c, sagte sie und \u00f6ffnete die T\u00fcr, danach ging sie zusammen mit ihm in den Operationssaal. Eine andere \u00c4rztin kam und fl\u00fcsterte jener Frau etwas ins Ohr. \u201eAh, ich muss schnell weg, kann ich Ihnen vertrauen?\u201cMark Reeze nickte. \u201eAber nat\u00fcrlich.\u201cDas war (nat\u00fcrlich) eine gro\u00dfe L\u00fcge.\u201eDaniel, geht\u2019s dir besser?\u201c, fragte \u0001 \u0002 Junge schaute ihn traurig an. \u201eWenn ich dich nicht sehen w\u00fcrde, w\u00fcrde es mir besser gehen. \u201cSein Vater sagte zu ihm: \u201eDaniel, es tut mir leid. Ich und deine Mami lieben dich \u00fcber alles, aber du bist geistlich nicht ganz in Ordnung. Deine Krankheit muss geheilt werden. Es tut mir echt leid, ich hoffe, die \u00c4rzte werden es gut hinkriegen.\u201cDaniel antwortete diesbez\u00fcglich lieber nichts.\u201eWo ist deine Mutter?\u201c\u201eSie ging dort nach hinten.\u201c, sagte er und wies auf eine T\u00fcr an, die sich ziemlich am anderen Ende des Saals befand. Er ging dorthin und \u00f6ffnete die \u0001 \u0002 genau er sah, hatte ihn nicht nur geschockt, sondern hat ihn mit so viel Aggression gef\u00fcllt, wie es noch nie etwas geschafft \u0001 \u0002 Ehefrau lag halbnackt auf dem Scho\u00df des Doktors und jener k\u00fcsste sie gerade hart am Gesicht.\u201eDU VERDAMMTES ARSCHLOCH!\u201c, schrie er und schlug den Doktor ins Gesicht so stark, dass jener umfiel.\u201eSo, ein Weichei! Und du, ich habe kein Kommentar. Mit einem Doktor vier Meter von unserem Kind zu schlafen.\u201c\u201eWir sind aber noch gar nicht dazu gekommen.\u201cEr verpasste ihr eine Ohrfeige. \u201eDas interessiert mich nicht! Verschwinde!\u201c\u201eWas wirst du machen?\u201c, fragte sie. \u201eVERSCHWINDE! Und sage ja niemandem ein Wort, ansonsten bist du tot! Nehme auch Daniel mit dir. Er wird doch schon auf die Beine kommen.\u201cPause.\u201eBeth, k\u00f6nnt Ihr gehen?\u201c\u201eJa.\u201c, sagte sie monoton.\u201eUnd niemandem ein Wort!\u201cAls sie verschwanden, wandte sich Mr. Stones Gesicht zu dem Doktor und seine Lippen sagten: \u201eJetzt bist du ganz mein...\u201c",
            "wordcount": "1.038",
            "chapter_release": "13.04.2015",
            "chapter_number": "10"
        },
        "11": {
            "text": "\u201eGehst du eigentlich morgen in die Schule?\u201c, fragte seine Oma \u0001 \u0002 unsicherer antwortete Jack: \u201eIch...ich habe Angst dort hinzugehen.\u201c\u201eIch w\u00fcrde eher sagen, die anderen Kinder haben Angst vor dir.\u201cJack schaute sie leicht b\u00f6se an. \u201eVon woher willst du das \u00fcberhaupt wissen?\u201c\u201eIch bitte dich, ich wei\u00df alles. Du w\u00fcrdest nicht glauben, wie Viele mich in letzter Zeit angerufen haben.\u201c\u201eWirst du mich jetzt auch so tr\u00f6sten, wie meine Tante?\u201c, fragte der Junge leicht \u0001 \u0002 l\u00e4chelte ihn an. \u201eDas was passiert ist, ist schrecklich, aber wir k\u00f6nnen uns nicht in alle Ewigkeit mit der Vergangenheit besch\u00e4ftigen. Das bringt nur Kummer und nichts anderes.\u201c\u201eWas willst du damit sagen, Oma?\u201c\u201eWir ziehen weg. \u00c4ndern deine Schule und du wirst wieder l\u00e4cheln.\u201c\u201eEcht?\u201c\u201eJa. Echt.\u201c, sagte seine Oma und l\u00e4chelte ihn erneut an. \u201eUnd wann gehen wir?\u201c\u201eHoffentlich bald. Bist du dazu bereit?\u201cEr nickte.\u201eIch werde mal deine Tante anrufen und sie bitten, das N\u00f6tige zu erledigen. Sie kennt sich mit diesen Sachen aus. Ich werde sie bitten, ob sie sich um den Schulwechsel k\u00fcmmern kann und nat\u00fcrlich f\u00fcr uns einen guten Platz zum Leben zu finden.\u201c\u201eNein, blo\u00df nicht meiner Tante!\u201cSie schaute ihn verwirrt an. \u201eWarum nicht?\u201c\u201eSie darf nicht wissen, dass ich hier bin. Niemand darf es wissen.\u201c\u201eJack, du hast ihr nicht gesagt, dass du zu mir gekommen bist?\u201c, fragte die alte Dame laut und \u0001 \u0002 schwieg.\u201eJack! Wie stellst du dir das ganze \u00fcberhaupt vor? Deine Tante wird doch einen Infarkt bekommen haben, als sie gemerkt hat, dass du ohne jedes Wort verschwunden bist.\u201c\u201eIch hab ihr einen Brief hinterlassen...\u201c\u201eDas ist egal! Junge, dass was du machst ist totaler Schwachsinn! Ich habe gewusst, dass ich mich mehr um dich k\u00fcmmern sollte. Dein verr\u00fccktes Benehmen ist nur ein Resultat deiner schrecklichen Eltern...\u201c\u201eOma, sag so etwas nicht...\u201c \u201eTut mir leid, Junge. Ich werde erst mal deine Tante und dann die Polizei anrufen.\u201c***Der erste Novembertag ist gekommen. Ein k\u00fchler Wind blies und das erste Eis auf den Stra\u00dfen lie\u00df sich \u0001 \u0002 Polizist namens Julian Evan hatte gerade einen Anruf von einer gewissen Ella Grant bekommen und eilte so schnell, wie es nur ging, zu seinem Kollegen und Kameraden, dem er an meisten vertraute.\u201eDie Oma dieses Jungen hat angerufen. Er ist bei ihr.\u201cEr hob die Augenbrauen hoch.\u201eUnd wir haben das ganze Haus und Stadt durchsucht. Ich sage dir, noch nie hatte unsere Arbeit schlechtere Fr\u00fcchte gebracht, als dieses Jahr. Der Winter wird hart werden. Da l\u00e4uft ein Killer in der Stadt herum und wir machen suchen ein wirren Jungen.\u201c\u201eWenn die Gesetze nicht da gegen w\u00e4ren, w\u00fcrde ich dem Jungen vielleicht eine ordentliche Ohrfeige verpassen. Wir haben so lange nach ihm gesucht....und er hat einfach von seiner Tante einen Spaziergang zu seiner Oma gemacht...\u201cJulians Kollege sah die Sache positiv. \u201eIronischerweise, hat das ganze aber einen guten Effekt gehabt.\u201cJulian Evan schaute seinen Kollegen \u00e4u\u00dferst verwirrt an.\u201eWei\u00dft du...\u00fcber etwas, wor\u00fcber ich nicht wei\u00df?\u201cEr lachte. \u201eOh, stimmt ja, dir haben wir noch gar nicht davon berichtet.\u201cJulian lachte nicht. \u201eWovon nicht berichtet?\u201c***Nachdem Julian auch in die aktuelle Situation eingef\u00fchrt wurde, machten sich die beiden Polizisten dazu auf, zur Jacks Tante zu \u0001 \u0002 klopften nerv\u00f6s an die \u0001 \u0002 \u0001 \u0002 begann zu regnen.\u201eNa, toll!\u201c, rief einer von ihnen \u0001 \u0002 klopfte ein zweites Mal an die T\u00fcr.\u201eJules, ich schw\u00f6re dir, wenn sie tot ist, sind wir echte Versager.\u201c, sagte sein Freund spie\u00dfig, wobei seine Bef\u00fcrchtung nicht ganz unbegr\u00fcndet \u0001 \u0002 klopfte ein drittes Mal.\u201eMrs. Grant!\u201cDas Einzige was zu h\u00f6ren war, waren die schweren Regentropfen, von denen es von Sekunde zu Sekunde mehrere \u0001 \u0002 Blitz \u0001 \u0002 klopften ein viertes Mal und erneut kam keine Antwort. Nachdem sich das Szenario auch schon zum f\u00fcnften Mal wiederholte, machten sie die T\u00fcr mit Gewalt auf. \u201eIch sage es nur ungern, aber ich habe echt Schiss.\u201c, sagte Julian und gab einen besonderen Ton auf die Worte.\u201eJulian, das sagst du nach sechs Jahren Arbeit?\u201c\u201eDu wei\u00dft doch, dass dies das erste Mal ist, dass ich es mit einem Serienkiller zu tun habe. Da bleibt man nicht ganz cool.\u201cAlles schien in dem kleinen Haus, bis auf die Tatsache, dass keine Frau da war, ganz normal zu sein.\u201eVielleicht ist sie einkaufen gegangen...\u201c, sagte \u0001 \u0002 Kamerad ging schon bereits vor und befand sich in einem anderen Teil des Hauses.\u201eVielleicht aber auch nicht...\u201c, rief der Polizist laut.\u201eH\u00e4? Wo bist du.\u201c\u201eIn der K\u00fcche. Julian, das solltest du dir mal anschauen.\u201cDer Polizist lief schnell in die K\u00fcche und blieb leicht aufgeregt stehen. \u201eOh du Schei\u00dfe, oh du Schei\u00dfe...\u201cIm anderen Eck der K\u00fcche war ein gro\u00dfer Grillspie\u00df angelehnt, auf dessen Gipfel ein Kopf aufgeh\u00e4ngt \u0001 \u0002 Kopf.\u201eJulian, langsam verstehe ich, warum du Schiss hast.\u201cJulian schwieg \u0001 \u0002 aufgeregt und sehr entt\u00e4uscht sagte er dann: \u201eDer M\u00f6rder hat gewusst, dass wir kommen. Sehe dir doch das Gesicht an, die kann nicht mal l\u00e4nger als eine Stunde tot sein. Er wusste, dass wir kommen. Von woher? Wir haben niemandem nicht mal offiziell mitgeteilt, dass wir hier sind, es sei denn...\u201c\u201eEs sei denn, was?\u201c\u201eIch wei\u00df nicht, das war nur ein verr\u00fcckter Gedanke.\u201c\u201eJulian, was?\u201c\u201eLass es. Ich hab nur gedacht, dass er uns vielleicht l\u00e4nger spioniert und vielleicht auch dabei war, als wir im Revier dar\u00fcber gesprochen haben.\u201cEin zweiter Blitz ert\u00f6nte.\u201eAb nun haben wir verschiedene Aufgaben. Zuerst rufen wir die Autorit\u00e4ten an und informieren sie, was gerade passiert ist. Dann f\u00e4hrst du zum Revier und bringst den Prozess mit Mr. Grant fertig. Heute ist der letzte Tag, dass wir ihn am Revier noch halten k\u00f6nnen und nachdem was passiert ist, kann er nicht der M\u00f6rder sein. Es sei denn, dass er Mitglied einer Terrorgruppe ist, aber das schlie\u00dfe ich aus.\u201cJulian schaute ihn zuerst erschrocken an, stimmte ihm aber zu. \u201eUnd was soll ich dann machen? Mit dir gehen?\u201c\u201eNein, nein, nein. Du f\u00e4hrst zu Jacks Oma und passt auf die beiden auf. Hoffentlich sind sie nicht tot.\u201c\u201eUnd wo lebt sie?\u201c\u201eDu hast doch mit ihr telefoniert...\u201cJulian \u00fcberlegte kurz und dann sagte er mit wenig Euphorie: \u201eAm Ende der Westlake street. Das hat sie mir im Telefon gesagt, die genaue Nummer habe ich schon vergessen.\u201c\u201eDas hilft uns aber nicht viel...\u201cKurz \u00fcberlegte Julian noch und dann fiel ihm ein. \u201eJetzt wei\u00df ich es, es war 20/15. Das hab ich mir gemerkt, weil wir das Jahr jetzt haben.\u201c\u201eWunderbar.\u201c, sagte sein Kollege sarkastisch.***Das Verh\u00f6r mit Mr. Grant verlief gr\u00f6\u00dftenteils gut. Er gestand unter einer falschen Autorit\u00e4t zu leben und erwartete auch, deswegen in den Knast zu kommen. Er weigerte sich jedoch unter allen Umst\u00e4nden die Morde begangen zu haben.\u201eEs gibt Millionen von Immigranten mit slawischem Hintergrund in diesem Land. Das ist weither kein Beweis, dass ich es war.\u201c\u201eSie haben Recht und wir haben keine weiteren Beweise gefunden, aber ins Gef\u00e4ngnis kommen Sie trotzdem. Das wissen sie schon. Und da sind zwei wichtige Sachen, die wir Ihnen mitteilen m\u00fcssen...\u201cMr. Grant schaute ihn besorgt an. \u201eWas m\u00fcsst ihr mir mitteilen?\u201c***\u201eSpreche ich mit der Gro\u00dfmutter von Jack Grant?\u201c, fragte der Polizist, w\u00e4hrend er vor der T\u00fcr eines kleinen Hauses \u0001 \u0002 alte Frau nickte und gab zu erkennen, dass sie sich Sorgen machte. M\u00e4chtige Sorgen.\u201eIst...ist ihr Enkel da?\u201c\u201eJa.\u201c\u201eKann ich herein kommen?\u201c\u201eNat\u00fcrlich.\u201cAls der Polizist hereinkam, merkte er, dass der Junge ebenfalls hinter der T\u00fcr wartete. Irgendetwas in ihm l\u00f6ste das Verlangen aus, Jack zu bestrafen. Er konnte zwar nicht sagen, ob der Junge etwas Schlimmes gemacht hat, aber sein Verdacht war stark.\u201eWarum hast du verdammt noch mal Niemanden dar\u00fcber informierst wo du hingehst, Jack?\u201c, fragte der gro\u00dfe Mann \u0001 \u0002 antwortete er: \u201eIch wei\u00df es selbst nicht.\u201c\u201eGibt es irgendwelche Neuigkeiten?\u201c, fragte die alte Frau.\u201eJa, aber nichts davon wird euch gefallen. Ich war auch beauftragt euch zu besch\u00fctzen, bevor...bevor der M\u00f6rder auch euch erwischt.\u201cJacks Gro\u00dfmutter schaffte es kaum ihre immer gr\u00f6\u00dfer werdende Angst zu verbergen. \u201eWas zum Teufel ist passiert?\u201c***\u201eMr. Grant, erstens ist ihre Schwippschw\u00e4gerin gestorben.\u201c\u201eOh, du schei\u00dfe...\u201c\u201eUnd zweitens, haben wir ihre Ehefrau gefunden.\u201c\u201eWo?\u201c***\u201eMeine Mutter?\u201c, fragte Jack.\u201eJunge, es tut mir echt leid...\u201cDie alte Frau begann zu weinen. \u201eWas ist mit meiner Tochter?\u201c***Julian zeigte sein Beileid, indem er Mr. Grants Hand festhielt.\u201eIm Tiefk\u00fchlfach. Sie ist zu Tode gefroren. Es tut mir leid. Wir untersuchen noch den Fall.\u201cDer Mann hatte zwar gro\u00dfen Stolz, aber nun fand er auch keine Alternative und gab seinen Tr\u00e4nen freien lauf.\u201eWir werden den M\u00f6rder finden. Das verspreche ich.\u201c",
            "wordcount": "1.440",
            "chapter_release": "27.04.2015",
            "chapter_number": "11"
        },
        "2": {
            "text": "Meine Lehrerin ist tot. Ich lebe., war der erste Gedanke, der durch seinen Kopf \u0001 \u0002 lag deprimiert auf seinem Bett und versuchte zu \u0001 \u0002 Schule ist wegen dem Vorfall wochenlang geschlossen. Und was passiert, wenn sie ge\u00f6ffnet wird? Dann werde ich gepr\u00fcft und laute vier-Noten kriegen!Er begann zu \u0001 \u0002 Oma, die zu Besuch war, betrat sein Zimmer und fragte ihn, weshalb er weinte. \u201eWeine nicht wegen den Noten. Niemanden interessiert sp\u00e4ter, was du in der achten Klasse bekommen hast...\u201c\u201eMeine Eltern schon!\u201cSeine Oma schaute ihn ernst an. \u201eJake, h\u00f6r zu...deine Eltern sie...sie sind nicht ganz beim Verstand. Sollten sie dir noch ein Mal weh tun, rufe mich an und wir gehen zum Amt. Verstanden? Hab keine Angst.\u201cEr nickte, doch er hatte Angst, so viel Angst...Angst vor schlechten \u0001 \u0002 vor seinen \u0001 \u0002 Angst vor einem n\u00e4chsten Anfall.***Jack Grant ist nicht der Einzige, den man in dieser Angelegenheit erw\u00e4hnen sollte. Er war nicht der Einzige, der unter Anf\u00e4llen litt und nicht der Einzige, der Probleme hatte...***Das M\u00e4dchen mit schwarzer Haut namens Andrea Stone fiel schreiend und blutend die Treppe herunter. Ganze zwei Stockwerke rollte sie die Stiege herunter, und wenn sie versuchte anzuhalten, dann war sie immer nur herunter geschubst. Jeder lachte und machte es sich zu einem \u0001 \u0002 dem Erdgeschoss versuchte sie aufzustehen, doch war von Martin Lecl\u00e9rc ins Gesicht geschlagen und ohnm\u00e4chtig fiel sie auf den \u0001 \u0002 das M\u00e4dchen wieder aufwachte, vergingen vier Stunden und es wurde bereits dunkel drau\u00dfen. Sie spuckte das Blut, welches noch in ihrem Mund war, aus und wusch sich auch. Was habe ich ihnen je so schlimmes angetan, dass sie mich so schikanieren?, dachte das hilflose M\u00e4dchen \u0001 \u0002 ging sie nach Hause, doch sie war nicht nur hasserf\u00fcllt. Die Sucht nach Rache erf\u00fcllte ihren K\u00f6rper, genau so schnell, wie ihr Blut floss. \u201eIch werde euch alle eines Tages t\u00f6ten!\u201c, schrie das M\u00e4dchen die Stra\u00dfe entlang.\u201eRUHE, DU SCHWARZE SCHLAMPE!\u201c, schrie ein \u00e4lterer Mann, der auf der Stra\u00dfe war und er hob einen Stock hoch.\u201eWARTE NUR! ICH WERDE DICH BIS NACH S\u00dcDAFRIKA SCHIE\u00dfEN! WARTE NUR! WARTE NUR!\u201cSo schnell sie nur konnte, lief sie \u0001 \u0002 Gl\u00fcck war, dass sie eine ausgezeichnete L\u00e4uferin war und sehr schnell die Busstation erreichte. Sie konnte nur hoffen, dass im Bus keine Rassisten sein \u0001 \u0002 haben das 21. Jahrhundert, warum sind so irrsinnig Viele gegen Schwarze noch rassistisch? Mich nennen sie verr\u00fcckt, doch dieser Rassismus ist noch viel mehr verr\u00fcckt., dachte \u0001 \u0002 ganzen Bus waren au\u00dfer ihr nur zwei Menschen. Beides M\u00e4nner. Der eine schien sehr alt zu sein und der Andere verbarg sein Gesicht mit einer schwarzen Kapuze. Der Alte stieg aus und sie blieb mit dem Mann in Schwarz alleine.\u201eN\u00e4chste Station...\u201cSie achtete gar nicht darauf, was die Roboterstimme sagte. Alles, was sie interessierte, war der Mann in Schwarz...Und er ging zu ihr.\u201eIch wei\u00df, was dir die Laune verbessern k\u00f6nnte, M\u00e4del...\u201c, fl\u00fcsterte er langsam. Seine Stimme war kalt, doch gleichzeitig beruhigend.\u201eIch...ich will keine Drogen...und ich...ich...\u201c\u201eIch spreche doch nicht \u00fcber Drogen! Ich spreche \u00fcber Martin Lecl\u00e9rcs Kopf! Das w\u00fcrde dich doch freuen, wenn du ihn tot sehen w\u00fcrdest! Nicht wahr? Sag mir, wie viele Male hat der Idiot daf\u00fcr gesorgt, dass du gemobbt wirst?\u201cSie sagte nichts und sie sp\u00fcrte, wie langsam sich ihre Tr\u00e4nen aus ihren gro\u00dfen blauen Augen dr\u00fccken wollten.\u201eDein Gedanke sagt \u201eja\u201c....das reicht mir. Ich habe ihn \u00fcbrigens gerne get\u00f6tet.\u201cEr verlie\u00df den Bus und er gab ihr eine Visitenkarte in die \u0001 \u0002 DU HILFE BRAUCHEN WIRST, WERDE ICH KOMMEN! \u263a ***Nur alleine der Ton der eingegangenen SMS in seinem Handy schaffte es Jack Grant aufzuwachen und \u0001 \u0002 nahm sein kleines und altes Nokia-Handy in die Hand. Das Handy war ein weiterer Grund, weshalb sich Kinder in seiner Klasse \u00fcber ihn lustig machen. Doch noch mehr frustrierte ihn, dass seine Eltern viel Geld hatten, doch nichts davon f\u00fcr ihren Sohn ausgaben. Weder f\u00fcr moderne Technik, T-Shirts und vieles \u0001 \u0002 er jene \u00e4rgerlichen Gedanken aus seinem Kopf, vertrieb, schaute er sich die SMS an und er konnte sich noch mehr \u0001 \u0002 GRANT HAT EINE FRAUENMUSHI! GRANT HAT EINE MUSHI!Eine Stunde sp\u00e4ter kam eine weitere \u0001 \u0002, WAS IST DENN LOS MIT DIR? DEIN GESCHREIE VOR DER MATHEMATIK-LEHRERIN WAR EIN WAHNSINN!EIN TOTALER WAHNSINN!Und zehn Minuten sp\u00e4ter kam noch \u0001 \u0002, DASS DEIN ERBROCHENES VOR DREI WOCHEN AUF MEINEM T-SHIRT GELANDET IST. DAS IST ECHT EINE \u0001 \u0002 und MaryDann tat Jack das, was er am besten konnte. \u0001 \u0002 es wurde noch schlimmer, als die n\u00e4chste SMS gekommen ist. Die Nummer kannte er nicht und nach dem er die SMS durchgelesen hat, wunderte er sich, wer das \u00fcberhaupt schreiben konnte. Er war zwar nie sehr beliebt, aber so viel Hass hat er noch nie \u0001 \u0002 LIEBT DICH NICHT, UND WIRD DICH NIEMALS LIEBEN. SIE HAT DICH NICHT MAL GERNE! TYPISCH JACK, DASS DU ALLE MENSCHEN LIEBST, DIE DICH HASSEN. WER MAG DICH \u00dcBERHAUPT? SELBST DEINE ELTERN HASSEN \u0001 \u0002 HASSEN DICH!ALLE HASSEN DICH!ALLE HASSEN DICH! DU BIST DER ABSCHAUM UNSERER WELT.",
            "wordcount": "870",
            "chapter_release": "15.02.2015",
            "chapter_number": "2"
        },
        "3": {
            "text": "Der Mann mit der schwarzer Kapuze ging durch die Stra\u00dfe bis zum Wald entlang. Es war vier Uhr morgens und er mochte diese Zeit, denn es war alles dunkel und er glaubte, dass um diese Zeit alle im Bett waren. Selbst die gr\u00f6\u00dften Nachteulen gingen meistens um diese Zeit schlafen und die, die mit den H\u00fchnern aufstehen, waren auch noch im \u0001 \u0002 er wollte nicht gesehen werden, denn er mochte es Dinge zu tun, die niemand anderer machen \u0001 \u0002 ging in den Wald, denn dort war die Wahrscheinlichkeit von jemandem gesehen zu werden um diese Uhrzeit extrem \u0001 \u0002 das was er vor hatte, war von allen Gesetzen der Natur umstritten.***Ihr m\u00fcsst wissen, dass der Mann mit der schwarzen Kapuze so etwas wie ein Magier war, doch sicherlich kein guter. Doch er war auch kein Magier, der massenhaft viele Menschen umgebracht h\u00e4tte. Es handelte sich einfach um eine Kreatur, die gerne Sachen machte, die niemandem einen Sinn ergaben und an jenem Abend beschloss er etwas, was Allen unm\u00f6glich erschien. Alle sagten, was passiert ist passiert und da kann man nichts \u00e4ndern, doch er hatte ein Loch zwischen der Zeit und dem Universum gefunden und er benutzte es...***An jenem Tag besuchte er eine psychiatrische Klinik aus dem Jahr 1930 und dort sah er zu, wie ein Kind, am Bett gefesselt, von den \u00c4rzten mit Elektroschocks behandelt \u0001 \u0002 das Kind schrie, nahm der Magier in die H\u00e4nde die Papiere des Patienten und schaute sich die wichtigsten Informationen \u0001 \u0002: DANIEL REEZEALTER: 13GEBURTSORT: PIERRE, SOUTH DAKOTA, USADIAGNOSE: - ZEIGT UNNAT\u00dcRLICHE SEXUELLE NEIGUNGEN, SO WIE DAS K\u00dcSSEN KINDER DES EIGENEN GESCHLECHTS- LEIDET UNTER PSYCHISCHEN ANF\u00c4LLENHAT PROBLEME SITUATIONEN ZU VERSTEHENAUFENTHALTOLT IN DER KLINIK: SEIT DEM 28. NOVEMBER 1929Der Junge schaute den Mann in Schwarz an und seine Gedanken waren klar zu h\u00f6ren.\u201eBitte, nimm mich....nimm mich.. mit.\u201c\u201eEin anderes Mal.\u201c, antwortete er und \u0001 \u0002 er wird wieder kommen.***\u0001 \u0002 Wort googelte Jack an jenem verregneten \u0001 \u0002 ich will nicht sterben..., dachte \u0001 \u0002 gerade, als er eine Seite anklicken wollte, wo stand, wie man sich am leichtesten umbringen kann, betrat seine Mutter sein Zimmer.\u201eJack was machst du?\u201c\u201eN-n-n-n-nichts..\u201cSie schaute sich den Bildschirm an und begann die Google-Ergebnisse zu lesen.\u201eWie soll man sich umbringen, h\u00f6chste Selbstmordrate in Gr\u00f6nland und Litauen, Suizide und die Hintergr\u00fcnde...was schaust du dir nur an, Jack?\u201cEr schwieg.\u201eDu bist ein hoffnungsloser Fall.\u201c, sagte sie und verlie\u00df das Zimmer.\u201eMAMA!\u201cSie drehte sich um und runzelte die Stirn.\u201eLiebst du mich?\u201c\u201eNat\u00fcrlich tue ich das, Jack.\u201c, sagte sie melancholisch (und es klang sehr unecht) und verlie\u00df das Zimmer.***Andrea Stone nahm am Morgen die heutige Ausgabe der staatlichen Zeitung in die Hand und ihre dunkle Vorahnung erwies sich als \u0001 \u0002 Zeilen haben schon \u00fcber alles \u0001 \u0002 SCH\u00dcLER MARTIN LECL\u00c9RC TOT GEFUNDEN!Die kleine Stadt Pierre in South Dakota erlebt einen Schock nach dem Anderen! Nur letzte Woche ist eine beliebte Mathematiklehrerin gestorben und nun ist vor kurzem der Sch\u00fcler Martin Lecl\u00e9rc \u0001 \u0002 Polizisten wissen noch nicht, ob die zwei Mordf\u00e4lle einen Zusammenhang \u0001 \u0002 Kopf des Sch\u00fclers war vom K\u00f6rper entfernt worden und bisher hat man auch nur den Kopf gefunden und zwar in einem der Klassenzimmer selbst. Den Rest des K\u00f6rpers hat man immer noch nicht \u0001 \u0002 Polizei glaubt, dass es sich bei dem M\u00f6rder um einen geschickten Psychopathen handelt, denn er gab sich M\u00fche dem Jungen den Kopf zu rasieren und darauf einen Text in einer anderen Schrift zu t\u00e4towieren. Die Beh\u00f6rden sind sich noch nicht ganz sicher, um welche Schrift es sich handelt.(Hier ein Link zum Bild, wo man den unbekannten Text sieht: http://\u0001 \u0002.\u0001 \u0002/nutzungs/images/7/79/\u0001 \u0002/revision/latest?cb=20150217120120&path-prefix=de)Niemand versteht, von woher der T\u00e4ter so viel Zeit \u0001 \u0002 Stone las den Artikel nicht ein Mal, sondern gleich drei Mal durch, bis sie realisiert hat, was passiert \u0001 \u0002 Mitsch\u00fcler, der sie jahrelang schikaniert hat, ist \u0001 \u0002 man hat nur seinen Kopf gefunden.\u201eMommy!\u201c, schrie sie laut.\u201eMommy!\u201cKeine Antwort!Sie ging ins Vorzimmer, doch dort war ihre Nachbarin Ally. \u201eWo ist meine Mutter?\u201cAlly antwortete nicht.\u201eHaben Sie ihr was getan?\u201c\u201eIch bitte dich, Andrea...deine Mutter hat mich blo\u00df gebeten auf dich aufzupassen. Sie ist im Supermarkt und sucht vermutlich irgendetwas Gefrorenes, was sie Euch zum Abendessen vorbereitet...\u201cAndrea war verwirrt. Sehr verwirrt. \u201eSeit wann sind Sie hier?\u201c\u201eSeit 10 Minuten....deine Mutter hat sich auch verabschiedet. Hast du sie etwa nicht geh\u00f6rt? Niemand ist doch so laut, wie deine...\u201c\u201eMein Mitsch\u00fcler ist gestorben! Da habe ich mich gar nicht darauf konzentriert, ob etwas jemand gesagt hat...\u201c\u201eWaaaas?\u201c, fragte Ally.\u201eMartin Lecl\u00e9rc, er...\u201c\u201eJa, ich wei\u00df, wer dieser Arsch ist. Gut, dass er tot ist.\u201cAndrea hob die Augenbrauen hoch. Sie dachte zwar \u00fcber den Sch\u00fcler das selbe, trotzdem war sie von der Redeweise ihrer Nachbarin h\u00f6chstens \u00fcberrascht.\u201eEntschuldigen Sie mich f\u00fcr meine Unh\u00f6flichkeit, aber Sie, Sie, Sie haben ihn doch nicht umgebracht?\u201cAlly lachte laut und herzig. \u201eNat\u00fcrlich nicht, Sch\u00e4tzchen. Aber ich w\u00fcrde mich gar nicht schuldig f\u00fchlen, wenn ich es machen w\u00fcrde.\u201cAndrea lachte, doch sie hatte eigentlich gar nicht Lust zum Lachen. Sie stellte fest, dass sich die Visitenkarte des Killers immer noch in ihrer Tische \u0001 \u0002 DU HILFE BRAUCHEN WIRST, WERDE ICH KOMMEN! \u263a Was willst du eigentlich?, dachte \u0001 \u0002 zum Teufel willst du von dir?Und der Mann in Schwarz h\u00f6rte ihre Gedanken.",
            "wordcount": "926",
            "chapter_release": "20.02.2015",
            "chapter_number": "3"
        },
        "4": {
            "text": "Dunkelheit. Stille. \u0001 \u0002 Reeze schrie seine ganzen Lungen aus, doch niemand schien ihn zu h\u00f6ren. Und falls ihn jemand h\u00f6rte, dann hat die Person die Schrie nicht f\u00fcr wichtig \u0001 \u0002 Schreie gab es in jener psychiatrischen Klinik sehr oft.\u201eBitte, lasst mich gehen...\u201c, flehte Daniel \u0001 \u0002 das erste Licht von drau\u00dfen durch das Fenster kam, \u00f6ffnete Daniel Reeze ein kleines Notizbuch auf. Der einzige Grund, dass er in jener Anstalt noch nicht komplett durchgedreht ist, war, dass er \u00f6fters seine Gedanken niederschreiben \u0001 \u0002 1930Ich wei\u00df nicht, wie lange ich es noch schaffen kann, hier zu leben und zu sein. Sie glauben, dass ich verr\u00fcckt bin und sie glauben mir nicht, wenn ich ihnen sage, dass mit mir alles in bester Ordnung ist. Sie foltern mich mit Elektroschocks, geben mir nicht ordentlich zu essen und reden mit mir wirres \u0001 \u0002 der letzten Sprechstunde haben sie mir Fragen gestellt, auf die ich einfach keine Antwort gekannt habe und dann haben sie gemeint, ich m\u00fcsste hier noch l\u00e4nger \u0001 \u0002 vielen dunklen Tagen habe ich aber auch gestern einen kleinen Funken Hoffnung versp\u00fcrt. Ein Mann in Schwarz ist in meinem Kopf (oder war er hier wirklich?) erschienen und er sagte, er w\u00fcrde wieder \u0001 \u0002 glaube er wird mich retten!***Nach mehr als einer Woche war ein Teil von Jacks Schule wieder ge\u00f6ffnet und diesmal hatte sich keiner mehr \u00fcber ihn lustig \u0001 \u0002 hatten Angst. \u0001 \u0002 ist bisher keine neue Nachricht \u00fcber den Mord der Lehrerin gekommen, doch es war vermutlich Jedem klar, dass der Tod der Mathematiklehrerin irgendetwas mit Jack Grant zu tun haben \u0001 \u0002 hatte ihn angesprochen und die Lehrer gaben sicherheitshalber keine Pr\u00fcfungen. Letztendlich musste man den Namen der Schule \u00e4ndern, viele neue Lehrer anheuern und alles daf\u00fcr tun, damit die Gesellschaft den Vorfall vergisst. Doch das hat sie nicht und die Schule hat sehr schnell an Qualit\u00e4t verloren. Die neuen Lehrer waren alles verzweifelte Hochschulabsolventen, die keine Arbeit finden konnten und sehr viele Eltern meldeten ihre Kinder \u0001 \u0002 erwartete, dass er auch Jenny nicht mehr sehen w\u00fcrde, doch da irrte er sich.\u201eJack...die SMS...die war gemein...tut mir leid...war nicht so gemeint...\u201c, sagte sie langsam und hielt einen Meter Abstand von ihm.\u201eAlle haben Angst von mir. Bei den SMS- Nachrichten hat es aber nicht nach Angst geklungen...\u201c, antwortete \u0001 \u0002 hob die Augenbrauen hoch. \u201eViele haben nicht erwartet, dass du dich hier noch blicken lassen wirst. Und die Restlichen sind sowieso weggegangen.\u201c\u201eDie glauben, ich habe die Lehrerin ermordet?\u201c\u201eDas wei\u00df niemand. Jedenfalls glauben sie, dass du irgendetwas damit zu tun hast. Ich...ich habe das auch irgendwie gedacht.\u201c\u201eUnd jetzt tust du das nicht mehr?\u201c, fragte Jack \u0001 \u0002 lief \u0001 \u0002 wusste nicht warum. Er wusste gar \u0001 \u0002 wusste auch nicht, warum seine Eltern am jenen Tag das Haus unter der Sicht mehrerer Polizisten verlassen mussten.\u201eJack, bleib sch\u00f6n zuhause, gut?\u201c, schrie sein \u0001 \u0002 hinten fasste ihn ein Polizist an. \u201eKeine Sorge, Junge. Sollten deine Eltern bis zum Abend nicht nach hause kommen, werden wir dir jemanden schicken!\u201c\u201eWen?\u201c\u201eJemanden, der auf dich aufpassen soll.\u201c\u201eDarf ich nicht zu meiner Oma?\u201c\u201eDas kannst du dann mit der Person, die kommen wird, ausdiskutieren, gut? Wir m\u00fcssen jetzt n\u00e4mlich schnell weg...\u201c\u201eWarten Sie noch!\u201cDer Polizist drehte sich um, obwohl er den Befehl hatte, sofort die Eltern des Jungen aufs Revier zu bringen. Er schien Jack zu m\u00f6gen und der Junge tat ihm leid.\u201eWillst du deinen Eltern noch einen Kuss geben?\u201c\u201eNein.\u201c, fl\u00fcsterte Jack.\u201eIch wollte noch fragen, wie Sie hei\u00dfen?\u201c\u201eIch?\u201c, fragte der \u0001 \u0002 nickte.\u201eBob. Bob Harris. Warum?\u201cJack l\u00e4chelte. \u201eSie sind nett. Und ich frage immer nette Menschen, wie sie hei\u00dfen.\u201c\u201eJack, tue den Polizisten nicht so lange besch\u00e4ftigen. Wir haben vieles zu besprechen.\u201c, schrie Jacks Vater laut.\u201eMr. Harris, k\u00f6nnten Sie nicht heute Abend vorbeischauen?\u201cEr ist so s\u00fc\u00df..., dachte Bob Harris. Und so dumm...\u201eIch w\u00fcnschte, ich k\u00f6nnte das machen. Aber wir werden uns sicher noch sehen, Junge...keine Angst. Hab keine Angst...\u201c***Mr. & Mrs. Grant waren in ein Zimmer mit wei\u00df-angemalten W\u00e4nden ohne Fenster gef\u00fchrt worden. Mrs. Grant, die unter Klaustrophobie litt, wurde panisch, nachdem der einzige Ausgang aus dem Zimmer gesperrt wurde.\u201eMrs. Grant, wir werden hier nicht l\u00e4nger als eine Stunde sein. Bitte beruhigen Sie sich.\u201c, sagte einer der Herren in schwarzen Uniformen.\u201eIch will einen Anwalt. Sofort. Sie haben gesagt, Sie werden mit uns nur zehn Minuten sprechen.\u201c, sagte Mr. Grant \u0001 \u0002 Kommissar lachte kurz. \u201eSie d\u00fcrfen einen Anwalt anrufen, aber glauben Sie mir, heute werden Sie ihn nicht brauchen.\u201cMr. Grant schrie: \u201eIch kenne meine Rechte! Ich muss kein Wort sagen!\u201cDer Kommissar lachte diesmal noch st\u00e4rker. \u201eSie m\u00fcssen nichts sagen. Wir haben jedes Recht, sie direkt einzusperren und das Verh\u00f6r verschieben.\u201c\u201eWas geht hier vor sich? Ihr habt uns angelogen, als Ihr gesagt habt, Ihr wollt mit uns nur kurz sprechen. Jetzt sagen Sie, dass Sie mich einsperren wollen.\u201c\u201eH\u00f6ren Sie Mr. und Mrs. Grant...wir haben jeden Grund zur Annahme, dass einer von EUCH Amanda Madson \u2013 die Mathematiklehrerin \u2013 UND den Sch\u00fcler Martin Lecl\u00e9rc umgebracht hat. Wir haben n\u00e4mlich...\u201c\u201eWarten Sie, warten Sie...ich kenne Martin Lecl\u00e9rc nicht. Ich habe nur in den News geh\u00f6rt, dass ein Sch\u00fcler umgebracht wurde, aber die haben gesagt, dass es keinen Zusammenhang zwischen den beiden Morden gibt.\u201c\u201eEs war nur berichtet, dass die Polizei sich noch nicht sicher ist, ob ein Zusammenhang besteht. Jetzt sind wir uns sicher.\u201cDer Kommissar gab auf den Tisch mehrere Fotos.\u201eSehen Sie sich genau die \u201e3\u201c auf der Hand der Lehrerin an. Es war uns schon allen sehr verd\u00e4chtig, dass der Junge an jenem Tag 'drei' schrie (obwohl dies nur wenige Zeugen best\u00e4tigen konnten), doch dieses Bild hat uns \u00fcberzeugt.\u201cEr zeigte ihm ein Bild, wo die Hand der Mathematik-Lehrerin zu sehen war. Auf der Hand war n\u00e4mlich die Zahl \u0001 \u0002 \u201eIch gebe zu...die 3 schaut eigenartig aus. Wir glauben aber nicht, dass unser Jack 'drei' geschrien hat. In den News war gesagt, dass die Kameras den M\u00f6rder von hinten aus erwischen konnten. Warum hat dann keine Kamera unseren Jungen erwischt, wo er 'drei' geschrien hat? Das haben sich die Medien doch nur ausgedacht.\u201cDer Kommissar schlug seinen Kopf gegen den Stuhl. Es war offensichtlich, dass ihn dieser Fall krank machte. \u201eDas \u00e4ndert aber nichts an der Situation, dass wir einen Zusammenhang zwischen den zwei Morden gefunden haben. Die 3 ist n\u00e4mlich nicht wirklich eine 3.\u201c\u201eKommissar, sprechen Sie bitte im Klartext.\u201c, verlangte Mr. Grant. Seine Frau fl\u00fcsterte ihm ins Ohr, er solle nichts sagen, doch der Mann ignorierte sie, denn er war sich sehr sicher, dass die Anklage bald fallen wird.\u201eSagt Ihnen etwas die glagolitische Schrift?\u201c, fragte der Kommissar. \u201eDas war die Schrift, die von den Slawen vor mehr als Tausend Jahren verwendet wurde. Die 3 ist in Wirklichkeit ein glagolitisches j. Die T\u00e4towierung auf dem Kopf des get\u00f6teten Junges war ebenfalls in glagolitischer Schrift verfasst worden.\u201c, erkl\u00e4rte der Kommissar.\u201eKommissar...bitte...finden Sie den M\u00f6rder. Welcher Psychopath tut einen toten Kopf t\u00e4towieren...wer w\u00fcrde das nur tun?\u201cDer Kommissar bewegte mit den Schultern. \u201eKeine Ahnung. Vielleicht Sie. Sie haben den Nachnamen ihrer Frau \u00fcbernommen, nicht wahr?\u201cUnd an diesem Punkt bekam der Mann Angst. F\u00fcrchterlich viel von Angst.\u201eVon woher wissen Sie das?\u201c\u201eWir wissen Alles. Sie hie\u00dfen mit dem Nachnamen urspr\u00fcnglich 'Kov\u00e1\u010d'. Aus irgendeinem Grund haben Sie den Nachnamen ihrer Frau \u00fcbernommen. War das nur deswegen, weil sie sich amerikanisch machen wollten oder warum? Kov\u00e1\u010d ist ein slawischer Nachname und so ist es auch die glagolitische Schrift. Viele M\u00f6rder geben gerne Hinweise um daran zu lachen, dass die Polizei damit nichts anfangen kann. Ihr habt uns aber untersch\u00e4tzt.\u201c\u201e\u0001 \u0002.\u0001 \u0002.\u201c\u201eWarum haben Sie dann vor f\u00fcnfzehn Jahren illegal alle Beweise vernichtet, dass sie jemals Kov\u00e1\u010d gehei\u00dfen haben? Warum haben Sie sich eine neue falsche Identit\u00e4t erstellt? Es gibt so einige Morde aus den vergangenen zehn Jahren, die nicht gel\u00f6st wurden. Vielleicht gehen einige auf Ihres Konto.\u201c, sagte der Kommissar.\u201eMEIN MANN HAT NIEMANDEN UMGEBRACHT!\u201c, schrie die Frau hysterisch und weinend. \u201eMrs. Grant, Sie d\u00fcrfen gehen. Ihr Mann wird aber hier bleiben. Falls er niemanden umgebracht hat, wird er sowieso verhaftet f\u00fcr das Erschaffen einer falschen Identit\u00e4t. Sie w\u00fcrden nicht glauben, wie viel M\u00fche es uns gekostet hat, das alles herauszufinden.\u201c",
            "wordcount": "1.406",
            "chapter_release": "27.02.2015",
            "chapter_number": "4"
        },
        "5": {
            "text": "19:\u0001 \u0002 hat laut an die T\u00fcr \u0001 \u0002 ahnte, wer dieser jemand sei und er irrte sich auch \u0001 \u0002 Mann, der anscheinend von der Polizei geschickt worden ist, trat ein und schaute den Jungen verlegen an.\u201eDein Vater wird noch etwas l\u00e4nger bleiben...und deine Mutter ist noch nicht nach hause gekommen?\u201cJack sch\u00fcttelte mit dem \u0001 \u0002 l\u00fcgt., dachte und wusste der Mann.\u201eWas willst du denn machen, Jack? Ein Buch lesen...Karten spielen? Oder...Filme...anschauen? Was willst du?\u201c\u201eSchlafen. Ich bin m\u00fcde.\u201c, antwortete Jack.\u201eSoll ich dir ein M\u00e4rchen vorlesen?\u201cDer Junge wusste nicht, ob die Frage ernst gemeint war, doch er verneinte sie sehr schnell.\u201eGut, ich werde etwas lesen. Geh doch du schlafen.\u201cJack lief nach oben und der Mann legte seine schwarze Jacke ab. ***\u201eGuten Morgen, Daniel.\u201c, sagte die junge Nonne \u0001 \u0002 schaute sie traurig an. \u201eSchwester Mary, bitte...Sie wissen doch, dass mit mir alles in Ordnung ist. Sie haben mir versprochen, ich d\u00fcrfte hier raus.\u201c\u201eDaniel, du wei\u00dft doch, dass es nicht so einfach ist.\u201cGerade, als sie weg gehen wollte, schrie der Junge. \u201eIch will wieder nach hause! MARY! MARY! MARY!\u201c\u201eIch will kein Wort mehr dar\u00fcber h\u00f6ren!\u201c, schrie die Nonne und schloss die T\u00fcr zu.***Andrea Stone lag zitternd mit einem alten Computer auf der Couch. Ihre Mutter ist vor vier Stunden weg gegangen und sagte, sie ginge nur einkaufen, doch sie war immer nicht \u0001 \u0002 Computer, den Andrea hielt, war noch einer, den ihre Mutter vor zehn Jahren gewonnen hat. Es war quasi ein Wunder, dass er immer noch so gut funktionierte. Das M\u00e4dchen musste mit dem WLAN-Netz der Nachbaren surfen, denn sie selbst hatten keines und die Nachbarin Ally mochte \u0001 \u0002 auch immer, sie nutzte den Computer um sich die Mails anzuschauen und mir nichts, dir nichts, sieht sie eine Mail von ihrem \u201evermissten\u201c \u0001 \u0002 \u0001 \u0002 hoffe, dass das deine richtige Mail ist und wenn nicht \u2013 dann lesen und sehen wir uns wohl nie wieder. Ich kann mir gut vorstellen, dass du mich hassen musst, nachdem ich, als du drei Jahre alt warst, von Euch weggegangen \u0001 \u0002, ich konnte nicht \u0001 \u0002 Mutter hat gedroht, mich zu verlassen, soweit ich nicht mehr Geld nach hause bringen w\u00fcrde...die Probleme zwischen mir und deiner Mutter waren letztendlich so gro\u00df, dass ich Euch sowieso verlie\u00df und ein schmerzhaftes Kapitel meines Lebens \u0001 \u0002 war mir sicher, dass dir deine Mutter alles M\u00f6gliche \u00fcber mich sagte und dass du mich nun \u0001 \u0002...ich war zu schwach, dich zu kontaktieren...Vor kurzem habe ich von dem schrecklichen Vorfall in deiner Schule geh\u00f6rt. Du musst wissen, ich bin Journalist und da besch\u00e4ftigt man sich sehr viel mit so einem Ereignis. Als ich Informationen \u00fcber die Schule suchte, kam ich zuf\u00e4llig auf deinen Namen und ich begann mich zu ermitteln. Letztendlich fand ich auch irgendwo diese E-Mail-\u0001 \u0002 w\u00fcrde mich sehr freuen, wenn du mir Mal etwas zur\u00fcckschreiben w\u00fcrdest. Du kannst mir auch ehrlich sagen, was du \u00fcber mich denkst...bitte...bitte...schreib \u0001 \u0002...LG, Dein Vater, Mark StoneAndrea wusste wirklich nicht, was sie davon halten sollte. War es \u00fcberhaupt ihr Vater? Wenn ja, meinte er es ernst?Wer war wirklich ihr Vater? Sie wusste nicht mal, wer sie selbst war.***Jack konnte die ganze Nacht nicht schlafen (was auch recht verst\u00e4ndig war) und entschloss deshalb etwas im Fernsehen anzuschauen. Gerade als er den Korridor herunter gehen wollte, h\u00f6rte er, dass er eine SMS bekam. Sie war von seinem \u0001 \u0002, die haben mich ins Gef\u00e4ngnis eingesperrt. Jetzt habe ich eine Genehmigung zum Anruf gekriegt? Darf ich dich jetzt anrufen? Jack tippte ein ja ins \u0001 \u0002 Vater rief ihn sofort an und erkl\u00e4rte ihm alles. Er erz\u00e4hlte ihm auch davon, dass es bei den Opfern etwas mit glagolitischer Schrift zu tun hatte und weil er ein Slawe ist, glauben sie, er sei der M\u00f6rder.\u201eDu bist ein Slawe? Warum hast du das nie gesagt?\u201c\u201eWeil...ich mir die Identit\u00e4t gel\u00f6scht habe und eine neue erstellt habe. Da muss man sehr vorsichtig sein.\u201c\u201eWarum zum Teufel hast du das gemacht, Dad?\u201cSein Vater hat jene Frage nicht beantwortet. Stattdessen stellte er selbst eine. \u201eWie geht es deiner Mutter?\u201c\u201eSie ist nicht nach hause gekommen.\u201c\u201eOh..ich sehe. Gute Nacht, Jack. Pass auf dich auf.\u201cJack lag das Handy beiseite und ging nun ins Erdgeschoss. Der Mann, der am Abend gekommen war, lag auf der Couch und hielt in einer Hand ein Buch. \u201eOh, Jack...kannst du nicht schlafen?\u201cJack konnte die Augen von dem Titel des Buches nicht fern halten.\u201eJack?\u201cKonnte es sein?, dachte er.\u201eAlles in Ordnung?\u201c\u201eIn welcher Schrift ist das?\u201c, fragte \u0001 \u0002 Mann antwortete nicht, aber Jack war sich beinahe sicher, dass der Titel mit der glagolitischen Schrift geschrieben \u0001 \u0002 wollte Jack weg laufen, doch die T\u00fcr war verschlossen.\u201eWo willst du den hin, Junge?\u201cJack schrie. \u201eIHR WART ES! IHR K\u00d6NNT GLAGOLITISCH SCHREIBEN! IHR SEIT DER M\u00d6RDER! HILFE!\u201c\u201eBitte beruhige dich Junge, ich habe dir doch nur geholfen!\u201c\u201eWas?\u201c\u201eBRAUCHT IHR HILFE?\u201c, schrie eine Stimme von drau\u00dfen.\u201eJA!\u201c, schrie \u0001 \u0002 T\u00fcr war aufgebrochen. Die Polizisten kamen schnell ins Haus und Jack weinte und sagte, er sei von dem wahren M\u00f6rder beinahe angegriffen worden.\u201eWo ist er?\u201c, fragte einer der Polizisten.\u201eEr war doch gerade nur da...\u201cDoch da war niemand. Sie haben das ganze Haus durchsucht. Doch da war niemand.\u201eJunge, du hattest solch Gl\u00fcck, dass wir hier die ganze Nacht auch drau\u00dfen aufgepasst haben...bist du dir aber wirklich dar\u00fcber sicher, was passiert ist?\u201cEr wiederholte seine Geschichte nochmals. Sie glaubten ihm nicht.",
            "wordcount": "945",
            "chapter_release": "12.03.2015",
            "chapter_number": "5"
        },
        "6": {
            "text": "Kapitel 613. Mai 1930Als Daniel Reeze seine Augen \u00f6ffnete. realisierte er sofort, dass er auf ein Bett gefesselt wurde. Panisch versuchte er sich aus den Schn\u00fcren zu befreien, doch er wusste, dass jeder Versuch vergebens war. Eine Schn\u00fcre ging durch seinen Mund, was ihn vom Sprechen abhielt. \u201eMary, Ann... geht bitte weg\u201c, h\u00f6rte er eine \u00e4ltere Dame \u0001 \u0002 hie\u00df eigentlich Amanda Collins, doch die Patienten der psychiatrischen Klinik pflegten die Angewohnheit sie Satans Frau zu \u0001 \u0002 die, die die Frau nicht kannten, war der Name ein Paradox, denn Collins war eigentlich eine wichtige Nonne. Doch die, die sie besser kannten, konnten best\u00e4tigten, dass an dem Titel Satans Frau nichts paradox war.\u201eWarum sollen wir weg gehen?\u201c, fragte Mary. Sie war ein blondes, gro\u00dfes M\u00e4dchen, das nach Daniels Meinung, aber nicht \u00e4lter als 18 Jahre alt sein konnte.\u201eWeil ICH es so befohlen habe. Oder willst du wieder bestraft werden? Willst du das?!\u201c, schrie die Alte \u0001 \u0002 sch\u00fcttelte den \u0001 \u0002 war bereits verschwunden und als Mary den Raum verlassen wollte, \u00e4nderte Satans Frau ihre Meinung. \u201eObwohl\u2026 Mary bleib hier. Du wirst mir assistieren.\u201c\u201eWas soll ich den machen?\u201c\u201eSeinen Mund noch fester verstopfen, w\u00e4hrend die Elektrokrampftherapie verlaufen wird. Niemand darf uns h\u00f6ren. Verstanden?\u201c\u201eSie wollen ihn wieder auf diese Art und Weise behandeln?\u201c, fragte Mary. \u201eJa. Und es wird seine letzte Behandlung sein. Falls du verstehst, was ich meine...\u201c, sagte Collins langsam.\u201eSie wollen ihn doch nicht umbringen?\u201c\u201eEigentlich schon. Ann ist ein zartes Weib, die nichts f\u00fcr sich alleine behalten kann. Du hingegen...\u201c. Die Nonne l\u00e4chelte \u0001 \u0002 hasste jenes L\u00e4cheln. Momentan hasste sie alles und sie sp\u00fcrte, wie sie den psychischen Druck bald nicht mehr halten k\u00f6nnte.\u201eLiebste Mary, wenn wir hiermit fertig sind, dann bist du mir nichts mehr schuldig. Du warst auch nie das bravste M\u00e4del...\u201cDie junge Nonne nickte unsicher.\u201eGenug von Schwatz! Mary, ist sein Mund gut verstopft?\u201c\u201eIch... ich muss es noch fester machen.\u201cDie alte Dame schaltete die Maschine ein und machte sie erst dann aus, als Daniel Reeze starb.***Mr. Grant sa\u00df auf einer eisernen Bank hinter den silbernen Gittern einer Zelle. Ungeduldig wartete er, bis irgendwer kommen w\u00fcrde und ihn zum Verh\u00f6r oder sonst was abholen \u0001 \u0002 hasste es da. Er hasste alles. Er hasste seinen (scheinbar) homosexuellen Zellengenossen, der angeklagt wurde, einen Minderj\u00e4hrigen zu bel\u00e4stigen. Er hasste die K\u00e4lte, die ihn umfing, doch an meisten hasste er die Ungewissheit dar\u00fcber wo seine Frau war und er versuchte verzweifelt auf andere Gedanken zu kommen.\u201eEi! Ei na na!Gott tut zwar \u0001 \u0002 nichts davon helft \u0001 \u0002 wird uns \u0001 \u0002 wir in diesem ganzen Schei\u00df eingeklemmt sein werden?Oh, Sorry!Das sind wir schon bereits!Ei! Ei na na!\u201c, sang sein \u0001 \u0002. Grant wollte hier raus. Sofort.***\u201eJack, d\u00fcrfen wir rein?\u201c, fragte einer der Polizisten, die vor seiner Zimmert\u00fcr \u0001 \u0002 Jack die Frage von innen heraus bejahte, trat der Mann ein.\u201eAlles in Ordnung?\u201cJack bejahte abermals.\u201eBrauchst du keine Hilfe?\u201cJack verneinte.\u201eWir haben nach deiner Mutter gesucht, hatten jedoch bisher keinen Erfolg.\u201c\u201eWissen Sie nicht, wie es meinem Vater geht?\u201c, schrie Jack \u0001 \u0002 seine Mutter verschwunden ist, scheint den Jungen gar nicht zu interessieren...\u00e4u\u00dferst suspekt..., dachte der Polizist.\u201eHmm?\u201c, sagte Jack und sah den Mann erwartungsvoll an, nachdem dieser eine Weile nicht geantwortet hatte.\u201eOh! 'Tschuldigung, ich habe \u00fcber etwas nachgedacht... was hast du gefragt?\u201c\u201eWie es meinem Vater geht...\u201c\u201eOh... ja... er ist zwar gerade auf dem Revier eingesperrt, aber wir werden uns gleich um ihn k\u00fcmmern. Zwei Jahre lang haben wir dar\u00fcber geklagt, dass wir in dieser verdammten Stadt nichts zu tun haben und jetzt? Jetzt haben wir so viel zu tun, dass wir momentan so gut wie nichts f\u00fcr deinen Vater tun k\u00f6nnen. Das sollte sich aber heute Abend \u00e4ndern. Schlie\u00dflich werden wir ihn nicht f\u00fcr immer auf dem Revier festhalten k\u00f6nnen.\u201c\u201eWerden Sie ihn verh\u00f6ren?\u201c, fragte Jack.\u201eVermutlich.\u201c\u201eSie glauben doch nicht, dass er es getan hat?\u201c\u201eIch bin nicht der Kommissar, also kann ich dir nicht viel sagen, aber wir sind \u00fcber nichts sicher. Diese Mordf\u00e4lle sind alle so seltsam und werfen viele Fragen auf.\u201cNach kurzem Schweigen, meldete sich Jack: \u201eWie geht es Bob?\u201c\u201eWem?\u201c\u201eBob Harris. Er...\u201c\u201eEr ist ein Polizist, so wie ich. Ja.\u201cJack nickte.\u201eVon woher kennst du ihn?\u201c\u201eVor wenigen Tagen war er bei unserem Haus und er... er war sehr nett.\u201c\u201eAchso. Also dem Bob geht es, soweit ich wei\u00df, gut. Ich habe jedenfalls nichts Au\u00dfergew\u00f6hnliches oder Beunruhigendes von ihm geh\u00f6rt.\u201c\u201eIch vermisse meine Mutter so sehr!\u201c, klagte Jack nun pl\u00f6tzlich, obwohl es so gut wie gar nicht zum Thema \u0001 \u0002 verh\u00e4lt sich komisch. Und er l\u00fcgt. Noch immer. Dieser Junge verbirgt irgendwas vor uns. Ich muss nur herausfinden was es ist.., dachte der Polizist.***Der Mann mit der schwarzen Kapuze reiste ein zweites Mal ins Jahr 1930. Er betrat die Kammer, in welcher Daniel zu Tode gefoltert wurde.\u201eOh, nicht doch... Daniel... Was... was haben sie dir nur angetan? Er darf nicht tot sein. Er darf nicht...\u201cDie alte Nonne raste bereits aus dem Raum und schrie um Hilfe, damit es so aussehen w\u00fcrde, als sei es nur ein Unfall \u0001 \u0002 es m\u00f6glich, dass ich Daniel einen Tag vor seinem Tod mit mir mitnehmen w\u00fcrde?, dachte \u0001 \u0002.Er k\u00f6nnte zwar in ein anderes Land, Jahr oder gar in einen anderen Tag reisen, doch der Tag, an dem die T\u00fcren zwischen Raum und Zeit so weit offen waren, dass sogar zwei Personen auf einmal durch die Zeit reisen konnten, war nur ein Mal in f\u00fcnfzig Jahren. Und das war genau \u0001 \u0002 nur? Warum muss sich das Universum immer die schlechtesten Tage f\u00fcr meine Pl\u00e4ne aussuchen?, dachte er. Seine Gedanken w\u00fcrden den meisten Menschen wahrscheinlich als witzig erscheinen, doch das waren sie \u0001 \u0002 Einzige, was ich tun muss und kann, ist es weiter in die Vergangenheit zu reisen und etwas zu tun, was den Tod des Jungen verhindern k\u00f6nnte. Er schrieb sich die drei Optionen, die er hatte, um das zu schaffen auf ein Papier, denn dies erm\u00f6glichte es ihm sich besser zu \u0001 \u0002 dieser drei Sachen w\u00fcrde er vor Daniels Tod tun:1 \u2013 Daniel vor der Klinik zu bewahren2 \u2013 Amanda Collins t\u00f6ten3 \u2013 Die Maschine vernichtenDie dritte Option schloss er sofort aus. Er wollte es besser anstellen, nicht auf solch simple Art und Weise. Die zweite Option gefiel ihm mehr.\u201eMal sehen, wie die alte Schlampe Elektroschocks vertragen wird...\u201c, murmelte er.",
            "wordcount": "1.089",
            "chapter_release": "22.03.2015",
            "chapter_number": "6"
        },
        "7": {
            "text": "Noch ein kleines VorwortErst mal vielen Dank an Alle, die schon ans Kapitel 7 meiner Story angelangt sind und immer noch interessiert sind. ^_^Falls euch die Story gef\u00e4llt oder ihr irgendwelche Verbesserungsvorschl\u00e4ge habt, dann w\u00fcrden mich Reviews oder eine \"Empfehlung\" irrsinnig freuen!Ich hoffe, dass es nicht verwirrend wird, denn in diesem Kapitel spielen die Szenen in drei verschiedenen Jahren: 1929, 2015 und 2002 (Flashbacks). Nur, damit Ihr euch nicht wundert. ^^Ich entschuldige mich, falls irgendewelche Rechtschreibungs-, Grammatik-, Stylistik- oder Logikfehler entstanden \u0001 \u0002 w\u00e4re genug vom Gequatsche und ich w\u00fcnsche euch viel Spa\u00df beim Lesen!______________________________________________________________________________Diesmal ging die Reise ins Jahr \u0001 \u0002 Reeze kam an einem verregneten Tag zu Hause an. Er ging durch die Stra\u00dfen und H\u00e4user, die alle neu waren. Das, was vorher da war, war alles vor etwas mehr als zehn Jahren im ersten Weltkrieg zerst\u00f6rt \u0001 \u0002 er nach Hause kam, war das erste, was passiert ist, das, dass die Faust seines Vaters in seinem Gesicht landete.\u201eDaniel, wie kannst du nur..\u201c, begann sein Vater. \u201eDer Direktor hat angerufen und mir sehr vieles erz\u00e4hlst...kennst du den Sch\u00fcler namens Eric Stone?\u201cDaniel sch\u00fcttelte mit dem Kopf.\u201eDu l\u00fcgst.\u201c, sagte Mr. Reeze.\u201eEr ist gestorben...er ist erst 16 Jahre alt geworden und der Direktor hat mir erz\u00e4hlt, du habest dich mit ihm oft getroffen. Ich schw\u00f6re dir, wenn du hier irgendwelche Krankheiten gebracht hast, schie\u00dfe ich dir den Kopf weg.\u201c\u201eTUE ICH NICHT!\u201c, schrie Dan.\u201eWARST DU MIT DER SCHWUCHTEL IM BETT?\u201c, schrie sein Vater. \u201eGehe in dein Zimmer. WEIB, du kommst her!\u201cDaniel ging in sein Zimmer und Mrs. Reeze kam ins Wohnzimmer.\u201eBeth, unser Sohn ist 'ne Schwuchtel! Was sagst du dazu?\u201c\u201eWas kann der Junge doch daf\u00fcr, wenn er so geboren ist?\u201c, meinte Beth \u0001 \u0002 Mann schaute sie b\u00f6se an.\u201eHol Daniel hier her.\u201cSeine Frau beschwerte sich: \u201eAber, du hast ihn doch gerade in sein Zimmer weggeschickt. Gib dem Jungen eine Pause.\u201cEr war kurz davor sie zu schlagen. \u201eIch will, dass du Daniel hier her bringst. Jetzt. Sofort. Bring ihn her...bring ihn her!\u201c\u201eIst ja gut, ist ja gut! Ich gehe ja schon!\u201c, sagte die Frau. Tr\u00e4nen wollten aus ihren Augen fallen, aber sie wusste, dass sie stark bleiben \u0001 \u0002 werde nie wieder, wegen diesem Mann weinen., dachte \u0001 \u0002 ging die Treppe zu Daniels Zimmer herauf und klopfte an die T\u00fcr seines Zimmers. Als keine Antwort kam, wurde sie Nerv\u00f6s.\u201eDaniel...\u201cKeine \u0001 \u0002 versuchte die T\u00fcr zu \u00f6ffnen, doch die T\u00fcr war verschlossen.\u201eMARK! Komm her, schnell!\u201c, schrie sie \u0001 \u0002 Ehemann lief die holzige Treppe. so schnell er konnte, auf. \u201eWas ist passiert?\u201c\u201eEr hat sich eingesperrt und antwortet nicht!\u201cMit eigener Kraft, hat Mark Reeze die T\u00fcr aufgebrochen, doch das was sie gesehen haben, hat beiden einen gro\u00dfen Schock verpasst. Selbst Mark Reeze hatte starke Gef\u00fchle bei jenem Anblick empfunden.***Die letzten Bl\u00e4tter fielen von den B\u00e4umen und der Winter nahte. Jack beobachtete die Natur aus dem Fenster. Das hat er schon immer gemacht und dieses Hobby schien ihn nie zu verlassen. An meisten liebte er es, die V\u00f6gel zu beobachten. Er mochte sie sehr und er beneidete \u0001 \u0002 konnten immer weg fliegen, falls die Welt ihnen zu verr\u00fcckt geworden ist. Der Junge konnte dies nicht, doch er w\u00fcnschte sich vergeblich nichts mehr, als einfach weg zu gehen. In ein anderes Land, eine andere Umgebung oder in ein anderes \u0001 \u0002 einfach ist es aber nicht. Man kann nicht so einfach der Realit\u00e4t entrinnen und keine Probleme mehr haben. \u0001 \u0002 schien jedoch diese Wahrheit nicht akzeptieren zu \u0001 \u0002 er weitere f\u00fcnf Minuten aus dem Fenster schaute und \u00fcberaus fasziniert ein Eichh\u00f6rnchen beobachtete, wie es von einem Baum auf den Anderen sprang, klopfte jemand an die T\u00fcr.\u201eKommt rein.\u201c, rief er \u0001 \u0002 eigenartige Laune erreichte nun den H\u00f6hepunkt. Man konnte nicht sagen, dass er besonders depressiv war, doch war er momentan sicher nicht gl\u00fccklich. Er hatte seine Ziele und Probleme, aber er schien damit (psychisch) weder gut noch schlecht umzugehen zu k\u00f6nnen. Um es in Klartext zu sagen, seine \u201eautistische\u201c Laune war f\u00fcr die Umgebung \u0001 \u0002 war wieder ein Polizist, der hereinkam. \u201eWillst du fr\u00fchst\u00fccken, Junge?\u201c\u201eNicht unbedingt. Herr, Polizist, d\u00fcrfte ich zu meiner Tante gehen? Mir ist so...komisch...hier.\u201c, fragte Jack den \u0001 \u0002 Polizist schaute ihn kurz verlegen an und dachte lange nach. \u201eEigentlich d\u00fcrftest du da hin. Wo wohnt sie denn? Wir fahren dich dorthin.\u201cEr gab dem Polizisten die Adresse seiner Tante und sie fuhren ihn dorthin. Seine Tante lebte einsam und melancholisch am anderen Ende der \u0001 \u0002 sie dort ankamen, wirkte sie zuerst verwirrt. War jedoch verst\u00e4ndlich.\u201eKann ich...Ihnen helfen?\u201c, fragte sie.\u201eDieser Junge will sie besuchen.\u201c, sagte der Polizist deutlich und schob Jack mehr in den Vordergrund.\u201eOh, Jack! Lass dich von Tante Elliot dr\u00fccken!\u201cDie beiden liefen sich in die Arme und Jack versp\u00fcrte nach langer Zeit, endlich, wieder ein Mal \u0001 \u0002 der Polizist musste l\u00e4cheln. \u201eFalls etwas sein sollte, d\u00fcrft Ihr uns sofort anrufen! Ich hoffe blo\u00df, es wird euch nichts passieren...Das hoffe ich wirklich, m\u00fcsst Ihr wissen.\u201c ***Ich werde es durchziehen., dachte sich Andrea, nachdem sie sich entschieden hat, ihrem Vater zu \u0001 \u0002 war ein M\u00e4dchen, das zwar misstrauisch war und oft Angst bekommen hat, doch sie war auch sehr neugierig und manchmal schaffte es der Mut, die Angst zu \u0001 \u0002 wollte schon immer wissen, wer ihr Vater war und nun hatte sie die Gelegenheit dazu endlich \u0001 \u0002 hat nie vergessen, wie sie ihre Mutter zum ersten Mal gefragt hat, wo ihr Vater sei. Es war ungef\u00e4hr im Jahr 2002, wo der Sommer gerade sehr hei\u00df war und sie und ihre Mutter gingen ins Meer baden. Andrea war gerade vier Jahre alt geworden und sie hatte so viel Spa\u00df, dass sie bedauerte, dass \u201eDaddy\u201c nicht da war.\u201eMommy?\u201c, fragte sie. \u201eWo ist Daddy? Wir haben so viel Spa\u00df! Wann kommt er endlich zur\u00fcck! Ich will Daddy sehen.\u201cDen Blick, den Andreas Mutter geworfen hat, ist einer dieser Blicke, die kein Kind sehen will. Es war ein Blick in den Augen voller Wut, Entt\u00e4uschung und Versagen.\u201eDaddy wird nie zur\u00fcckkehren..\u201c\u201eAber ich will ihn sehen!\u201c, schrie \u0001 \u0002 Mutter ohrfeigte sie \u0001 \u0002 lief das M\u00e4dchen weinend weg. Die wird wieder zur\u00fcckkehren., dachte ihre Mutter damals. Doch das verlief nicht so einfach, wie sie es erwartet \u0001 \u0002 die vierj\u00e4hrige Andrea drei Stunden lang nicht aufgetaucht ist, wurde Mrs. Stone schnell \u0001 \u0002 ging ins Meer und schrie mehrfach: \u201eAndy!\u201cKeine Reaktion, die ihr bekannt vorgekommen w\u00e4re.\u201eAndy!\u201cNur der Geschrei und Jubel von vielen anderen \u0001 \u0002 begann sie panisch zu springen, \u201edas Meer zu schlagen\u201c und rief wenigstens f\u00fcnfzig Mal den Namen ihrer \u0001 \u0002 machten sich dar\u00fcber lustig. Man muss zugeben, wenn man eine dicke Frau sieht, die im Meer springt und \u201eAndy!\u201c andauernd schreit, kann der Anblick schon lustig \u0001 \u0002 nach weiteren zwei Stunden war im ganzen Strand die Meldung zu h\u00f6ren, dass eine kleine Andy ihre Mutter vermisst. Dann haben sich die zwei sofort \u0001 \u0002, beinahe dreizehn Jahre sp\u00e4ter, fand Andrea diese Erinnerung irgendwie lustig. Aber nur \u0001 \u0002 begann sie, letztendlich die Mail an ihren Vater zu schreiben. Ihr ganzer K\u00f6rper zitterte und sie f\u00fchlte sich unwohl bei dem Gedanken, ihrem Vater zu schreiben. Lieber \u0001 \u0002, du hast meine wahre E-Mail-Adresse gefunden und nein, ich hasse dich \u0001 \u0002 ich kann auch nicht behaupten, dass ich dich lieben w\u00fcrde, denn ich...ich habe fastso gut, wie keine Erinnerungen mehr an dich. Das einzige, was ich mich erinnere, ist, wie du mit mir mal zu einer Dinosaurier-Show gegangen bist. Da war ich zwei Jahre alt und ich fand das sehr lustig!Ich bin neugierig, wer du bist, aber ich bin mir nicht sicher, ob ich mich mit dir treffen will. Zudem bin ich mir nicht sicher, ob du WIRKLICH mein Vater \u0001 \u0002 bin sehr traurig in letzter Zeit geworden und ich brauche dich mehr denn je...Wie auch immer, ich h\u00e4tte da paar Fragen an dich, soweit du wirklich mein richtiger Vater \u0001 \u0002 habt Euch du und meine Mutter getrennt?Warum hast du bisher nie versucht mich zu kontaktieren?Hast du meinen Mitsch\u00fcler Martin Lecl\u00e9rc get\u00f6tet?",
            "wordcount": "1.387",
            "chapter_release": "31.03.2015",
            "chapter_number": "7"
        },
        "8": {
            "text": "Beth Reeze schrie so laut, dass es wahrscheinlich auch eine Magd an dem anderen Ende der kleinen Stadt h\u00f6ren \u0001 \u0002 lag am Holzboden seines Zimmers und Blut floss aus seiner linken Hand. Neben seinem K\u00f6rper war eine Schere zu sehen und die Zusammenh\u00e4nge wurden den Eltern des Jungen sofort klar: ihr Sohn hat versucht Selbstmord zu \u0001 \u0002 ging zu Daniel und legte ihren Kopf zu dem Bauch des Jungen.\u201eEr lebt noch...Mark...ruf den Krankenwagen!\u201cDas tat er und gleich nach dem er das schnelle Telefonat beendet hatte, sagte er laut: \u201eWenn es trotz allem nicht mein Sohn w\u00e4re, w\u00fcrde ich ihn am liebsten sterben lassen...falls er \u00fcberhaupt \u00fcberlebt...\u201cBeth versuchte einen klaren Kopf zu behalten. \u201eWann kommt der Krankenwagen?\u201c\u201eBald.\u201c, antwortete ihr Mann. Die K\u00e4lte schalte aus seiner Stimme, so wie aus der Luft.***\u201eAndy, ich bin zuhause!\u201cNur ein leises Murmeln wurde erwidert.\u201eAndy?\u201cAndrea Stone schaute ihre Mutter b\u00f6se an.\u201eWas ist denn los, Andy?\u201c\u201eWas los ist? Mein Vater hat mir geschrieben und ich habe ihm geantwortet. Du hast mir gesagt, er sei tot, du L\u00fcgnerin! Innerlich habe ich immer gewusst, dass du mich anl\u00fcgst, aber wenn man dann klare Beweise daf\u00fcr auch hat...dann ist das ein wirklich unsch\u00f6nes Gef\u00fchl, muss ich dir sagen, Mutter.\u201cMrs. Stone blieb sprachlos.\u201eSAG ETWAS UND STARR MICH NICHT SO AN!\u201c, schrie Andrea.\u201eAndy, bitte...\u201c\u201eDU HAST MICH ANGELOGEN!\u201cNachdem l\u00e4nger niemand etwas gesagt hat, ergriff die Tochter erneut das Wort: \u201eEs ist aus. Ich w\u00fcnschte, ich w\u00e4re nicht deine Tochter. Wo warst du \u00fcberhaupt so lange?\u201c\u201eAh...einkaufen?\u201c\u201eEcht? Schade, dass ich keine Einkaufstaschen sehe.\u201c\u201eAh..ich war ausgeraubt.\u201c\u201eH\u00f6r auf mit deinen L\u00fcgen, Mutter. Ich kenne Keinen, bei dem das L\u00fcgen so offensichtlich, wie bei dir w\u00e4re..\u201cMrs. Stone versuchte ihre Tochter zu umarmen, doch Andrea weichte ihr aus. \u201eMeine kleine Andy, warum tust du mir das blo\u00df an?\u201c\u201eSag mir alles \u00fcber meinen Vater. Ich will es wissen. Jetzt.\u201cGott, warum tust du mir das blo\u00df an?, dachte Mrs. Stone.***\u201eEi! Ei na na!Gott tut zwar \u0001 \u0002 nichts davon hilft \u0001 \u0002 wird uns \u0001 \u0002 wir in diesem ganzen Schei\u00df eingeklemmt sein werden?Oh, Sorry!Das sind wir schon bereits!Ei! Ei na na!\u201c, sang der alte \u0001 \u0002 Gesang machte Mr. Grant krank. Eigentlich machte ihn alles krank und das gestrige Verh\u00f6r verlief eigentlich gar nicht, wie es sich der Mann vorgestellt hatte. Man konnte auch nichts anderes von seinem Charakter erwarten. Alle seine (nicht unbedingt legale) Gesch\u00e4fte liefen perfekt und nie ist ihm was schlimmes zugesto\u00dfen...bis \u0001 \u0002 ist alles schei\u00dfe geworden., dachte er.\u201eEi! Ei na na!\u201c\u201eH\u00f6r auf damit!\u201c, rief Mr. \u0001 \u0002 alte Mann begann unangenehm laut zu lachen.\u201eDir gef\u00e4llt nicht, wie ich singe?\u201c\u201eSelbst, wenn Elvis aus dem Grab auferstehen w\u00fcrde um vor mir zu singen, w\u00e4re ich nicht gl\u00fccklich.\u201c\u201eWenn Elvis aus dem Grad auferstehen w\u00fcrde...das w\u00e4re doch ein Abenteuer, nicht wahr?\u201c, fl\u00fcsterte der \u0001 \u0002 habe ich diesen uralten Idioten blo\u00df angesprochen?, dachte Grant.\u201eWieso biste hier?\u201c, fragte der alte \u0001 \u0002 antwortete sofort. \u201eIch wei\u00df nicht. Man hat mich angeklagt, ich h\u00e4tte eine falsche Identit\u00e4t verwendet und man verd\u00e4chtigt mich Mordes.\u201c\u201eAber du bist nicht der M\u00f6rder.\u201c, sagte der Mann, der noch vor kurzem sang, so sicher, als ob er behaupten w\u00fcrde, der Himmel sei blau.\u201eDu bist wohl der Einzige, der mir glaubt...\u201cSein Zellengenosse lachte. Erst jetzt merkte Grant, die gelbe bis schwarze Z\u00e4hne des Mannes und noch schockierend waren die beinahe roten Augen. Wie alt ist er? 150?, dachte Grant. Zuerst meinte er es mit der Zahl ironisch, aber vielleicht war es gar nicht so weit von der Wahrheit \u0001 \u0002 ist er verdammt alt...\u201eIch sage es nicht deswegen, weil du behauptest, dass du unschuldig bist. Ich sehe Sachen. Sachen, die jetzt passieren und die noch passieren werden.\u201cWie konnte man mich mit so einem Psychopathen zusammen in eine Zelle geben?, dachte der Mann \u0001 \u0002 Polizisten betraten nun die Zelle und das machte ihn noch mehr nerv\u00f6s. \u201eMr. Grant, gehen Sie mit uns. Wir m\u00fcssen Sie kurz befragen und dann deportieren wir Sie in eine andere Zelle.\u201cGrant stand auf, als gerade sein Genosse ihm die Hand dr\u00fcckte. In Wirklichkeit \u00fcbergab er ihm ein kleines St\u00fcck Papier, ohne dass die Polizisten es bemerkt haben.***\u201eJack, hast du irgendwelche von deinen Sachen gebracht?\u201c, fragte den Jungen seine vierzigj\u00e4hrige Tante.\u201eNur sehr wenig. Die Kleidung, Zahnb\u00fcrste und paar B\u00fccher.\u201c\u201eDas ist gut.\u201c, antwortete sie.\u201eHast du einen Computer?\u201c, fragte \u0001 \u0002 Tante lachte laut. \u201eIch habe gewusst, dass du mich das fragt. Aach, ihr Jungen w\u00fcrdet nur den ganzen Tag am Computer spielen.\u201cSie holte den Computer und brachte ihn. \u201ePass bitte auf, ich habe ihn erst vor zwei Wochen gekauft.\u201c\u201eUnd geht es dir schon besser?\u201c, fragte sie \u0001 \u0002 nickte.\u201eDein Vater sitzt im Gef\u00e4ngnis und deine Mutter ist verschwunden. Oh, Junge...du tust mir so schrecklich leid.\u201cAuch jetzt hatte der Junge nur \u0001 \u0002 Tante begann zu zittern. Jack jagte ihr Angst ein, denn es war nicht mehr der Jack, den sie mal kannte. Klar, er ist im Schock...aber, wie er auf die Umst\u00e4nde reagiert ist beunruhigend. Seine Eltern sind beide weg und er nickt nur., dachte sie.\u201eIch gehe mich kurz hinlegen. In der K\u00fcche findest du was zum essen...Jack, ist wirklich alles in Ordnung mit dir?\u201cEr sagte noch nichts.\u201eJack?\u201cNoch immer nichts.\u201eIst alles okay?\u201cJetzt antwortete er.\u201eNAT\u00dcRLICH NICHT, DU DUMME SAU!\u201c, schrie \u0001 \u0002 nahm den Computer in beide H\u00e4nde und hob ihn hoch.\u201eJack, nein!\u201cEr lie\u00df ihn fallen und das Ger\u00e4t zerbrach in hunderte \u0001 \u0002 begann er so gut, wie alles, das in seiner N\u00e4he war, herunter zu schmei\u00dfen. Er zog das Tischtuch vom Tisch herunter und damit fielen alle Teller und Gl\u00e4ser runter. Eines zerbrach nach dem anderen und Jack zerst\u00f6rte \u0001 \u0002 n\u00e4chster Opfer w\u00e4re der Fernseher geworden, falls Tante Elliot, den Jungen nicht fest gehalten h\u00e4tte und ihm nicht eine ordentliche Ohrfeige verpatzt h\u00e4tte.\u201eJack! H\u00f6r auf damit, verdammt noch mal!\u201c, schrie sie.\u201eTut mir leid...ich wei\u00df nicht, was mit mir passiert ist...ich...ich...ich wei\u00df es echt nicht, ich bin pl\u00f6tzlich so aufgeregt und...\u201c\u201eHat nach einem Anfall ausgeschaut. Hattest du das schon mal?\u201cEr nickte. \u201eNicht nur einmal...aber so intensiv, wie es eben jetzt war, das habe ich nur ein Mal erlebt.\u201c\u201eJack, hast du schon mit jemanden dar\u00fcber gesprochen?\u201cEr schaute sie weinend an. \u201eMeine Eltern haben mich nie danach gefragt, weil es sie nie interessiert hat, was mit mir passiert ist.\u201cElliot umarmte den Jungen. \u201eJack, r\u00e4umst du aber bitte den ganzen Schei\u00df, den du verursacht hast, auf?\u201cJack \u0001 \u0002 l\u00e4chelte ihn herzig an. \u201eDu lachst wieder. Das ist der Jack, den ich kenne. Nicht dieses monotone, kleine Kind...\u201c***An jenem Tag des Jahres 1929 f\u00fcrchtete sich Beth Reeze beinahe zu Tode. Der Krankenwagen eilte zum Krankenhaus und dort wurde Daniel \u0001 \u0002 Frau betete unz\u00e4hlige Male, dass ihr Sohn \u00fcberleben wird und das passierte auch, aber das was ihrem Sohn noch passieren wird, ist viel schlimmer, als der Tod selbst...Der Doktor kam ins Wartezimmer. Er war ein sehr junger Mann, h\u00f6chstens siebenundzwanzig Jahre alt.\u201eEs gelang mir ihren Sohn zu retten.\u201c\u201eOh, Sie Held!\u201c, schrie Beth erleichtert und umarmte den Mann.\u201eEr hat tats\u00e4chlich \u00fcberlebt?\u201c, fragte Mark \u0001 \u0002 Doc nickte.\u201eEr hat es mit dem Ritzen nicht \u201eordentlich\u201c gemacht. Gott sei dank....wenn ihr ihn paar Minuten sp\u00e4ter gebracht h\u00e4ttet, w\u00e4re er wohl tot.\u201c\u201eAber er lebt...\u201c, sagte Beth erleichtert.\u201eD\u00fcrfen wir ihn nach hause bringen?\u201c, fragte sie.\u201eUnser Sohn geht nie wieder mit uns nach hause.\u201c, entgegnete Mark Reeze.\u201eWas?\u201c\u201eBeth, er braucht Hilfe. Psychische, professionelle Hilfe. Ich brauche erst einen Kaffee und dann rufen wir die psychiatrische Anstalt an.\u201c, sagte er und verlie\u00df das \u0001 \u0002 begann stark zu weinen.\u201eMan hat mir alles genommen. Meine Freiheit, mein Gl\u00fcck und jetzt auch noch meinen Sohn. Warum?!\u201cDer Doktor griff sie stark an der Schulter an und versuchte sie zu tr\u00f6sten, in dem er folgende Worte sagte: \u201eGott tut zwar \u0001 \u0002 nichts davon hilft \u0001 \u0002 wird uns \u0001 \u0002 wir in diesem ganzen Schei\u00df eingeklemmt sein werden?\u201c",
            "wordcount": "1.377",
            "chapter_release": "03.04.2015",
            "chapter_number": "8"
        },
        "9": {
            "text": "Elliot wachte nach einem langen Nachmittagsschlaf um sechs Uhr abends auf. \u201eJack?\u201c, rief sie.\u201eWillst du was zum Essen?\u201c, rief sie \u0001 \u0002 das ein verdammter Witz sein soll, kriegt der Kleine eine zweite Ohrfeige., dachte Elliot \u0001 \u0002 ging langsam, teilweise be\u00e4ngstigt, ins Wohnzimmer und konnte den am Tisch gelegenen Brief keinesfalls \u0001 \u0002 \u0001 \u0002 MAG DICH SEHR!ES TUT MIR SO SCHRECKLICH LEID, DASS ICH GESTERN SO AUSGEFLIPPT BIN. ICH WEI\u00df ECHT NICHT, WAS IN MICH GEFAHREN IST...OH, ICH HABE SO SCHRECKLICH VIEL ANGST......UM DICHWAS IST, WENN ICH DIR WEH TUE? VIELLEICHT NICHT NUR DIR...DIE WELT IST GEF\u00c4HRLICH F\u00dcR MICH, VIELLEICHT BIN ABER AUCH ICH F\u00dcR DIE WELT \u0001 \u0002 BIN ICH VON HIER WEGGEGANGEN...TUT MIR LEID...MACH ES GUT, VIEL GL\u00dcCK IM LEBEN.--- Jack\u201eViel Gl\u00fcck im Leben...\u201c, fl\u00fcsterte Elliot skeptisch \u0001 \u0002 ist alles was du mir dazu sagst?***18:30Jack wanderte durch die dunklen Stra\u00dfen mit langsamen und vorsichtigen Schritten. Er wusste sofort, wo er hingehen sollte und wo ihn sicherlich niemand sehen \u0001 \u0002 versuchte auch jetzt m\u00f6glichst unaufmerksam durch die Stra\u00dfen zu gehen, doch ganz unbemerkt blieb er nicht.\u201eJack?\u201cEr schaute das Gesicht der Person, die ihn ansprach, an.\u201eJenny?\u201cEr ging zu ihr.\u201eWie geht es denn?\u201c, fragte sie.\u201eJetzt besser als vorhin.\u201c, antwortete er \u0001 \u0002 zwang sich zu einem L\u00e4cheln. \u201eGehst du morgen \u00fcberhaupt in die Schule?\u201c\u201eIch wei\u00df es nicht. Es ist so viel seit dem letzten Freitag passiert...als ich Freitags nach hause ging, standen die Polizisten vor unserem Haus. Jetzt ist mein Vater im Gef\u00e4ngnis und meine Mutter ist verschwunden.\u201c\u201eIch wei\u00df...\u201c, murmelte Jenny.\u201eVon woher?\u201cJenny lachte. \u201eJack, die ganzen Medien berichten \u00fcber euch. Jetzt bekommst du endlich Aufmerksamkeit.\u201cJack antwortete nichts.\u201eOh...tut mir leid, das war gemein.\u201c\u201eIch bin schon sehr lange daran gewohnt, dass Menschen zu mir fies sind. Diese ganze Welt ist beschissen.\u201c, sagte er \u0001 \u0002 \u00fcberlegte nun lange, was sie ihm sagen sollte. Um ehrlich zu sein, war das M\u00e4dchen \u00fcberhaupt nicht dar\u00fcber gl\u00fccklich, dass sie ihren Anw\u00e4rter, der scheinbar etwas mit Mordf\u00e4llen zu tun hatte, getroffen hat. Andererseits wollte sie ihm helfen, denn sie wusste ganz gut, dass er Hilfe \u0001 \u0002 umarmte ihn. Zum ersten Mal in ihrem Leben umarmte sie Jack und das Herz des Jungen begann schnell zu \u0001 \u0002 denkt er sicher, er sei Romeo und ich Julia...was hab ich doch nur gemacht?, dachte Jenny unsicher.\u201e\u00dcbrigens...Sam ist mit seiner Familie (buchst\u00e4blich) aus der Stadt geflohen.\u201c, berichtete Jenny mit einem breiten L\u00e4cheln. \u201eDer hat echt Schiss, dass du ihn umbringen wirst.\u201c, sagte sie daraufhin und lachte laut. Eigentlich zu \u0001 \u0002 Jack nichts sagte, ergriff Jenny das Wort: \u201eWar sch\u00f6n...dich zu sehen. Ich muss jetzt nach hause gehen...mach es gut.\u201c\u201eDu auch.\u201c***\u201eSag mir alles \u00fcber meinen Vater. Ich will es wissen. Jetzt.\u201c, sprach Andrea Stone aggressiver als je zuvor.\u201eAndy...ich kann nicht.\u201c, schrie ihre Mutter laut und schlug ihren Kopf verzweifelt gegen den harten Tisch.\u201eDann ziehe ich weg. Mein 18. Geburtstag r\u00fcckt doch immer n\u00e4her...\u201c, sagte ihre Tochter mit einem gewissen Stolz in ihrer Stimme.\u201eAndy, nein...\u201c\u201eDann sag es mir, verdammt noch mal! Meine Geduld ist zwar immer gro\u00df, aber jetzt hast du mein Glas zu sehr gesch\u00fcttelt.\u201c\u201eDu musst es echt wissen...\u201c\u201eJa. Genau so ist es.\u201cIhre Mutter \u00e4chzte laut und begann zu erz\u00e4hlen.\u201eIch und dein Vater haben uns im Jahre 1997 auf einer Party getroffen und haben reichlich viel getrunken. Dann haben wir uns in ein fremdes Schlafzimmer verirrt und was weiter passiert ist, kannst du dir wohl \u0001 \u0002 Monate sp\u00e4ter erfuhr ich, dass ich schwanger geworden bin und es konnte nur dein Vater sein...also habe ich versucht mit ihm Kontakt aufzunehmen, was mir letztendlich auch gelang. Wir trafen uns in einem Lokal und haben \u0001 \u0002 Vater war irrsinnig entt\u00e4uscht, als er erfuhr, dass er 'ne Schwarze gef*ckt hat, aber so sind die nun. Zuerst sagte er, dass ich das Baby entfernen soll, soweit es noch in meinem Bauch ist, aber das konnte ich nicht \u0001 \u0002 ich ihm das sagte, sagte er paradox, dass er kein schlechter Vater sein will und er schwor, sich um dich zu k\u00fcmmern, falls du auf die Welt kommst. Im Juni des Jahres 1998 bist du auf die Welt gekommen und alles schien bestens zu sein. Nachdem dein Vater dich gesehen hat, schienen ihn alle rassistischen Gedanken verlassen zu haben und ich war endlich gl\u00fccklich. Endlich.\u201c, ihre Mutter stoppte auf zu sprechen.\u201eUnd was ist dann passiert?\u201c\u201eWillst du es wirklich h\u00f6ren?\u201c\u201eZum dritten Mal: ja.\u201c\u201eWir begannen uns zu streiten. Es wurde immer heftiger und das Wort Scheidungsantrag kam oft ins Gespr\u00e4ch. Letztendlich ging er zu meiner besten Freundin und fragte sie, wie er mich gl\u00fccklicher machen k\u00f6nnte. Dann haben sie aus unerkl\u00e4rlichen Gr\u00fcnden gev\u00f6gelt und meine Beziehung zu meiner besten Freundin und ihm war vernichtet. Nachdem dein Vater alles daf\u00fcr tat, dich mir wegzunehmen, wurde ich ernsthaft depressiv. Ich wollte mich umbringen.\u201c, sie stoppte erneut zu sprechen.\u201eMom?\u201c\u201eAndrea, bitte...\u201c\u201eZum vierten Mal. Ich will die ganze Geschichte h\u00f6ren.\u201cWarum bist du nur so grausam? Sie fuhr fort. \u201eLetztendlich habe ich einen Suizidversuch ver\u00fcbt, aber ich habe leider \u00fcberlebt, wenn du willst, dass ich wirklich ehrlich bin. Ich bin von der gro\u00dfen Br\u00fccke gesprungen, bin dann aber nicht im Himmel, sondern im Krankenhaus aufgewacht. Dein Vater hinterlie\u00df mir einen Brief, wo er schrieb, ich soll mich um dich k\u00fcmmern. Seitdem habe ich ihn nie mehr wieder gesehen.\u201cDer Klang einer eingegangenen E-Mail \u0001 \u0002 machte schnell den Computer \u0001 \u0002 \u0001 \u0002 jetzt viel Stress in der Arbeit und da die Story sehr sehr lange ist, br\u00e4uchte ich viel Zeit, um sie zu schreiben. Morgen um 12:00 werde ich dir eine Mail w\u00e4hrend der Mittagspause \u0001 \u0002 es gut.\u201eMal sehen, wie seine Version der Geschichte lauten wird...\u201c, sprach Andrea hasserf\u00fcllt. Ihre Mutter las sich die Mail schnell durch. \u201eIch bitte dich, dass ist doch nur ein Haufen voller L\u00fcgen. Wie kannst du nur so naiv sein...\u201c\u201eIch frag mich, wie viel an deiner Geschichte wahr ist!\u201c, schrie Andrea und lief in ihr Zimmer, wo sie sich \u0001 \u0002 Frau machte die Lichter aus und lie\u00df sich auf die Couch nieder. Stundenlang machte sie nichts anderes, als dass sie auf die Wand \u0001 \u0002 sie fast eingeschlafen ist, klingelte das \u0001 \u0002 zum Teufel ruft mich um 23:30 an?\u201eHier ist Frau Stone. Mit wem spreche ich?\u201c\u201eMit einem Psychologen, der im Gef\u00e4ngnis arbeitet. Ich betreue unter anderem ihren Vater und habe deswegen auch Kontakt zu Ihnen.\u201c\u201eUnd was ist das Problem?\u201c\u201eIhr Gro\u00dfvater liegt im Sterben. Beziehungsweise, er meint, dass er sterben wird und tats\u00e4chlich geht es ihm sehr schlecht. Er hat als letzten Wunsch offenbart, dass sie ihn besuchen. Obwohl das zur normalen Bedingungen unm\u00f6glich w\u00e4re, erstatten wir Ihnen und Eurem Gro\u00dfvater einen Gefallen. Werden Sie kommen?\u201c\u201eJa, ich werde kommen.\u201c\u201eBeeilen Sie sich. Ihr Opa k\u00f6nnte jede Minute sterben.\u201c***1929, 15:30.\u201eJunge! Ein Gl\u00fcck, dass du \u00fcberlebt hast!\u201c, sagte der Doktor fr\u00f6hlich, als er zur\u00fcck vom Wartezimmer kam.\u201eWo sind meine Eltern?\u201c\u201eDeine Mutter ist gleich hier. Ich habe nicht gewusst, dass du auch erblindet bist.\u201c, sagte der Doktor.\u201eHahaha.\u201c, rief der Junge \u0001 \u0002 Mutter schaute ihn ernst an. \u201eDaniel, so etwas darfst du nie wieder tun, gut?\u201cEr nickte \u0001 \u0002 Doc schaute Beth genau an.\u201eMrs. Reeze, kommen Sie doch kurz in mein B\u00fcro.\u201c***Andreas Mutter schaffte es sehr schnell ins Gef\u00e4ngnis zu kommen. Sie mochte zwar ihren Gro\u00dfvater nie so sehr, aber sie wollte ihn schon immer etwas fragen, wo sie nie die Antwort bekommen hat.\u201eMrs. Stone kommen Sie her!\u201c\u201eEigentlich ist es nur Ms., ist jetzt aber egal. Wo ist mein Opa?\u201c, fragte sie. \u201eDirekt hier.\u201c, sagte der Polizist und deutete auf die Zelle an.\u201eDana, sch\u00f6n dass du gekommen bist...\u201c, murmelte der alte \u0001 \u0002 ging zu dem Bett und fl\u00fcsterte ihm ins Ohr: \u201eOpa, warum? Warum das Ganze? Warum hast du andauernd diese Taten gemacht? Wolltest du etwa im Gef\u00e4ngnis bleiben?\u201cEr schaute sie traurig an.\u201eGott tut zwar \u0001 \u0002 nichts davon hilft \u0001 \u0002 wird uns \u0001 \u0002 wir in diesem ganzen Schei\u00df eingeklemmt sein werden?Wer wird mir \u0001 \u0002 ihr Mann mich umbringen wird?\u201c\u201eWessen Frau? \u00dcber wen sprichst du?\u201c, fragte Dana Stone.\u201eReeze.\u201c, das war sein letztes Wort und die Lichter in der Zelle brachen.",
            "wordcount": "1.415",
            "chapter_release": "07.04.2015",
            "chapter_number": "9"
        }
    },
    "title": "3",
    "topic": "unspecified",
    "release": "\n01.12.2013\n\t\t\t\t\t\t",
    "author": "Michi-X3"
}