{
    "tags": [],
    "chapcount": "7",
    "wordcount": "11.692",
    "chapters": {
        "1": {
            "text": "Vorab m\u00f6chte ich die Personen vorstellen, die eine Rolle in dieser Geschichte spielen. (Ich werde es f\u00fcr jede neue Person am Anfang des Kapitels machen, in dem Sie vorkommt).Die Hauptrolle der Geschichte ist Simon. (Namensgebung: Ich habe ein Let\u00b4s Play zu Cry Of Fear geguckt :D) Er ist 19 Jahre alt, ca. \u0001 \u0002 gro\u00df, Dauersingle, schlimm verr\u00fcckt, durchgedreht und bluts\u00fcchtig. Er muss Blut sehen, ein bisschen wie ein Vampir (die Geschichte handelt nicht von Vampiren!), sonst wird er depressiv, aggressiv und schlimmeres. Man sollte ihm also lieber nicht alleine und im Dunkeln begegnen! Auch Freunde hat er keine wirklichen mehr, er verlor am \u0001 \u0002.10 seinen einzigen Freund, nur hier und da Menschen, die er kennt und die ihn kennen. Trotzdem ist er schon immer Nichtraucher und trinkt nur ab und zu ein \u0001 \u0002 kommt in diesem Prolog eine Julia (Namensgebung: Mein Name ohne N am Ende ^^) vor. Ein 16 Jahre altes M\u00e4dchen. Sie ist schlank, \u0001 \u0002 gro\u00df, klug, s\u00fc\u00df :) und liebt Romanzen \u00fcber alles. Sie hat zu Jungen eigentlich immer eine gute Beziehung, aber m\u00f6chte nichts Ernstes eingehen, denn sie wartet auf den \"Richtigen\", bei dem ihr Herz h\u00f6her schl\u00e4gt! (Ich denke, sie wird sp\u00e4ter eine Hauptrolle spielen, also merken :D)So, damit beginnt der Prolog. Viel Spa\u00df beim Lesen. Wenn es euch gef\u00e4llt, lasst doch eine Review da (Anonyme Reviews aktiv), dann schreibe ich weiter :)\u0001 \u0002.10:Ich sehe sie langsam auf mich zukommen. So s\u00fc\u00df. Sie ber\u00fchrt mich z\u00e4rtlich. Ich greife in meine Jackentasche. Ich nehme den Lappen, getr\u00e4nkt mit einer Fl\u00fcssigkeit. Wie nannte Mark diese? Chloroform. Ich halte ihn ihr vors Gesicht, sie schl\u00e4ft leise ein. Ich lege sie behutsam auf mein Sofa. Was tue ich hier? Ich nehme ein Messer in meine rechte Hand... Kann ich das \u00fcberhaupt tun? Ich lege es an ihren Arm. \u201eNEIN!\u201c schreit eine Stimme in mir, ich halte inne. Was h\u00e4lt mich? Sie wird es doch nicht sp\u00fcren. Ich sehe mir das Messer noch einmal an. Blank poliert, ich hatte es geputzt, nachdem ich letztens... Ach, auch sie war so s\u00fc\u00df gewesen. Ich lege das Messer an ihren Arm. \"Du Sadist!\" hatte sie mich damals angeschrien. Das hatte ich dieses Mal gekonnt verhindert. Hier liegt sie in meinen H\u00e4nden. Wie hie\u00df sie gleich? Ich wei\u00df es nicht. Aber wen w\u00fcrde es interessieren? Langsam dr\u00fccke ich das Messer ein. Das Blut sickert mir entgegen. Dunkelrot. Ich halte ihren Arm ins Licht. Was hatte Sie wohl \u00fcber mich gedacht? Bestimmt lachte sie auch \u00fcber mich, wie alle anderen. Ich nehme das Messer und streichle ihr \u00fcber ihren Arm. Ihr Gesicht, s\u00fc\u00df, z\u00e4rtlich, als wolle Sie mir sagen: \"K\u00fcss mich, wenn du dich traust.\" Traue ich mich? M\u00e4dchen haben mich nie gemocht, ich sie auch nicht. Sie sind unberechenbar, hasserf\u00fcllt und sexs\u00fcchtig. Ich bin mir ziemlich sicher, dass es so ist! Ich hatte zwar nie eine Beziehung zu M\u00e4dchen, aber das ist auch egal. Ich nehme ihren Kopf und halte ihn vor mich. Ist sie zu k\u00fcssen nicht feige, wenn Sie es nicht sp\u00fcrt? Ich nehme sie n\u00e4her und dr\u00fccke meine Lippen an ihre. Die Lippen sind warm. Ich halte sie l\u00e4nger an mich. Ich muss mich beherrschen, lege sie wieder auf das Sofa zur\u00fcck. Was ist mit mir los? Ich muss mich zusammenrei\u00dfen, Selbstbeherrschung ist das Wichtigste! Ruhig atmen. Ich nehme mein Messer wieder in die Hand. Es ist blutig. Ich schneide langsam ihr Top auf. Gestern hatte ich das nicht gemacht. Aber sie ist so sch\u00f6n. Sie tr\u00e4gt einen pinken BH mit Teddyb\u00e4ren darauf. Sie ist so sch\u00f6n, ich darf das nicht tun. Es ist falsch. ich halte meine Hand auf ihre rechte Brust. Diese W\u00e4rme, mein ganzer K\u00f6rper zittert. Ich nehme mein Messer und schneide den BH auf. \u201eSTOP!\u201c. Mein Verstand m\u00f6chte mich halten, aber die Versuchung ist zu gro\u00df. Ich nehme mein Messer st\u00e4rker am Griff. Ich streiche ihren Bauch entlang und das Messer hinterl\u00e4sst einen langen, d\u00fcnnen Schnitt. Etwas blockiert meine Hand, ich kann den BH nicht nehmen. Ich sp\u00fcre etwas, ein Gef\u00fchl der Einsamkeit. Ich lass meine H\u00e4nde von ihr. Julia, sie hei\u00dft Julia. Ich darf es nicht tun. Eine Tr\u00e4ne l\u00e4uft mein Gesicht herunter. Ich stecke das Messer weg und fange an zu heulen. Ich liege hier auf Julia, habe sie verletzt und wollte... Warum? In mir schreit eine Stimme. Ich muss hier weg. Ich wollte das nicht tun, ich war das nicht, ich war nicht, ich, ich... Blut, ich muss Blut sehen. Warum Blut? Diese dunkelrote leuchtende Fl\u00fcssigkeit. Sie beruhigt. Sie ist da. Immer. Sie lacht mich nicht aus. Sie w\u00e4rmt. Sie ist in \u0001 \u0002 rennt aus dem Zimmer und l\u00e4sst Julia auf dem Sofa liegen. Sie hatte Gl\u00fcck. Oder... ? -Prolog Ende-Danke f\u00fcrs Lesen! ;)Danke an Meefy! F\u00fcr das Rechtschreibfehler korrigieren :)",
            "wordcount": "803",
            "chapter_release": "12.04.2012",
            "chapter_number": "1"
        },
        "2": {
            "text": "Ich fange mal mit einer Entschuldigung an alle weiblichen Leser an ^^ Irgendwie ist die Geschichte ungewollt Frauenfeindlich geworden :/Zur Charakterbeschreibung: Als erstes die neue weibliche Rolle Sophie: (Namensgebung: Eigentlich sollte Julia so hei\u00dfen, aber dann wurde aus Sophie Julia. Mir gef\u00e4llt der Name einfach ^^ Allerdings muss Sophie mit ph geschrieben werden!) Sie ist 16 Jahre alt und einer der Gr\u00fcnde f\u00fcr Simons Depression. Sie lebt eigentlich auf dem Land, aber weil es dort keine Schule gibt, wohnt Sie in dem Otto-Greisich-Internat \u201eOGI\u201c. Was sich im Stadtzentrum befindet. Sie ist total Sport begeistert, reitet und spielt Fu\u00dfball. Allerdings ist Sie nur \u0001 \u0002 \u0001 \u0002 (Namensgebung: Fiel mir als erster Jungenname ein, weil ein Bekannter so hei\u00dft :D) RIP \u0001 \u0002.10! Er war der beste und einzige Freund von Simon. Sophie war seine Freundin. Er starb durch ein Unfall (wie lest ihr gleich\u2026) Er war wie Simon \u0001 \u0002 gro\u00df und trainiert, was von seinem regelm\u00e4\u00dfigen Training im Fitnessstudio kam. Er war eigentlich immer in gro\u00dfen Gruppen unterwegs und hatte gerne und oft das sagen, er war \u201eAnf\u00fchrer\u201c einer Clique von Freunden und Kollegen (wer kommt mit der zeit erst ^^).Und hier noch die Beschreibung von Stefan (Namensgebung: Ein Kollege von mir hei\u00dft Stefan, er hat mal Judo gemacht). Ihn habe ich erst zum Ende des Kapitels \u201eerfunden\u201c Zu wissen braucht man bis jetzt nur, dass er Judo, Taekwon-Do und Kung Fu beherrscht, im Kung Fu vor allem das K\u00e4mpfen mit allen m\u00f6glichen und unm\u00f6glichen Waffen. Er ist gerade erst 18 Jahre alt geworden und geh\u00f6rt in die Stamm-Clique von \u0001 \u0002 rennt aus der H\u00fctte, er f\u00fchlte sich schwach und unbedeutend, wie immer eigentlich, aber dieses Mal war es etwas anderes. Er hatte das erste Mal ein schlechtes Gewissen, nachdem er ein M\u00e4dchen in seiner Gewalt hatte. Er t\u00f6tete M\u00e4dchen doch nicht, er wollte nur Blut, nichts weiter. Blut, es war eine Liebe zu dieser Fl\u00fcssigkeit, diesem... Es war \u00fcberall, er liebte Blut. Es roch nach st\u00e4rke und Verwundbarkeit. jeder Mensch war verwundbar, das hatte er Erfahren m\u00fcssen. Seine Eltern hatten sich beide erhangen, er war damals 16 Jahre alt gewesen. Das schlimmste daran war, das sich sein \u00e4lterer Bruder, der damals 18 Jahre alt war auch get\u00f6tet hatte, oder get\u00f6tet wurde. Er lag im Blut seiner Eltern unter ihnen mit einem Messer in seiner Brust. Das Messer, was Simon immer noch besa\u00df, das Messer was Gerechtigkeit bringen sollte. Das unscheinbare, blank polierte oder Blut verschmierte Messer, was Simon immer bei sich trug. Es hatte schon Blut von vielen Menschen hervorgebracht. Eine Woche nach dem Tot seines Bruders das zweite mal. Simon hatte sich betrunken und in einer Schl\u00e4gerei jemanden angeschnitten. Er war nicht gestorben, dieses Messer sollte niemanden mehr t\u00f6ten! Dann durfte das Messer ruhen. Simon war f\u00fcr die Welt verloren versteckte sich am Hafen seine neue Heimat, niemand fand ihn damals. Er verbrachte knapp 3 Jahre damit sich mit schwarz Arbeit und Betteln sein Geld zu verdienen, er merke, dass er handwerklich sehr geschickt ist. Er fing in die lehre zu gehen. Als Tischler. Punkt genau an seinem achtzehnten Geburtstag lie\u00df er sich wieder in der \u00d6ffentlichkeit \u0001 \u0002 am \u0001 \u0002.10 brach seine Welt komplett zusammen. Sein einziger Freund Alex, den er auf dem Tischlerbetrieb kennen gelernt hatte, starb vor seinen Augen. Sie arbeiteten gerade zusammen an der gro\u00dfen S\u00e4ge, da kam Alex Freundin Sophie. Sie schlich sich an um beide zu \u00fcberraschen und umarmte Alex zur Begr\u00fc\u00dfung von hinten. Der erschreckte sich, weil ihn pl\u00f6tzlich jemand ber\u00fchrte. Er rutschte aus und verfing sich in einigen Holzbalken die neben der S\u00e4ge lagen, er stolperte und landete mit dem Hinterkopf in der S\u00e4ge. Sein Gesicht wurde vor Simons Augen mittig gespalten. Simon konnte sich nicht mehr beherrschen, z\u00fcckte sein Messer und stach nach Sophie. Er traf Sie in der Schulter. Das Messer sp\u00fcrte zum dritten Mal Blut. Simon nahm das Messer, er war Kreide bleich, und rannte weg. Sophie hat Ihn nicht verraten, aber er hasst seitdem jedes 16 J\u00e4hrige M\u00e4dchen, JEDES h\u00e4tte das gleiche tun k\u00f6nnen. M\u00e4dchen sind eine Gefahr f\u00fcr die Menschen!2 Tage nach dem Unfall begegnete Simon einem M\u00e4dchen. Er packte Sie und stach Sie mit dem Messer. Er Genoss ihr flie\u00dfendes Blut, er h\u00f6rte ihre Schmerzensschreie und l\u00e4chelte. Es war \u00e4hnlich wie das nehmen von Drogen, er musste das Blut sehen, er wollte Blut, nur Blut nichts anderes. Er sp\u00fcrte eine innere Befriedigung, als er das Blut sah, er sah das ver\u00e4ngstigte M\u00e4dchen und lachte. Er stach mehrmals zu und strich ihr durch Ihr Gesicht, Sie sagte nichts mehr und atmete heftig. \u201eWas habe ich dir getan\u201c, fl\u00fcsterte Sie. \u201eMein Freund\u2026 Ihr alle\u2026 Ich will dein Blut\u2026\u201c, stammelte er und rannte weg. Sie fiel auf den Boden und blieb blutend und zusammen gekauert auf dem Boden liegen, was war das f\u00fcr ein Mensch, warum tat er das?4 Wochen sp\u00e4ter -\u0001 \u0002.10-\"Er ist gest\u00f6rt!\" schrie Sophie ins Telefon. Versteh es Julia. ER hat mich mit dem Messer angestochen, ich bin nicht in die S\u00e4ge geraten die\u2026\u201c Sophie heult ins Telefon. \u201eHey, beruhig dich! Du wolltest es doch nie! Es war ein Unfall, du musst leben! Lebe dein Leben solange du kannst!\u201c \u201eDu redest so wie mein Psychiater! Ich w\u00fcnschte ich w\u00fcrde nicht mehr leben. Ohne Alex, es ist doch Sinnlos!\u201c \u201eNein, ist es nicht! Was bringt es dir, wenn du stirbst? Soll ich auch noch mehr trauern? Nicht nur um Alex, auch um dich? Soll ich das? Denkst du nur dir geht es schlecht? Wir waren alles Freunde!\u201c \u201eTut mir leid ich bin nur total fertig.\u201c \u201eIch versteh das Sophie! Wie meintest du das mit Simon? ER hat dich angestochen? Wieso das?\u201c \u201eWenn ich es w\u00fcsste\u2026\u201c, Sophie macht eine Schluchzer Pause und atmet tief ein \u201eIch wollte das alles nicht, ich\u2026 Warum? Alex ich liebe dich immer noch!\u201c schreit Sophie und legt auf. Julia ist blass im Gesicht. Sie wird sich doch nichts antun? Denkt Sie sich. Sie steht auf zieht sich schnell Ihre Jacke an und rennt auf schnellstem Wege zu Julia nach \u0001 \u0002 darauf klingelt es an Simons Haust\u00fcr. Sophie steht ihm gegen\u00fcber. \u201eWir m\u00fcssen reden!\u201c, sagt Sie selbstbewusst. Simon sieht schwach aus. So weis im Gesicht, als h\u00e4tte er seit Wochen nicht sein Haus verlassen. War es so? Sie trat in das Wohnzimmer, wo Simon ihr ein Platz anbot. Es war aufger\u00e4umt, nur ein Glas und eine Flasche Wasser lagen auf dem Tisch. Daneben, ein Blutverschmiertes Messer. Angsterf\u00fcllt setzt Sie sich, m\u00f6glichst weit weg von Simon. Das Messer, das Messer war das Messer gewesen womit er Sie angestochen hatte. Simon guckt Sie unbewegt an. \u201eWas ist?\u201c \u201eIch, ich wollte mich entschuldigen!\u201c \u201eWas willst du? Entschuldigen? Wof\u00fcr musst du dich bitte Entschuldigen? Ich sollte es tun! Das Blut ist nicht deins, aber es h\u00e4tte nie deins daran sein d\u00fcrfen!\u201c \u201eSimon, ich wollte das nicht, das h\u00e4tte nicht passieren d\u00fcrfen!\u201c Sophie stehen die Tr\u00e4nen in den Augen. Simon springt blitzschnell auf und nimmt das Messer in seine rechte Hand. Er geht auf Sophie zu, mit einem l\u00e4cheln im Gesicht. Langsam geht er auf Sie zu und h\u00e4lt ihr das Messer unter Ihr Kinn. \u201eSophie\u2026 Ich muss mich Entschuldigen! Es tut mir leid, dass ich mich nicht beherrscht hatte und nach dir gestochen habe. Wirklich! Du musst dich nicht Entschuldigen, es war ein Unfall nichts weiter!\u201c, sagt Simon in einem unruhigen, fl\u00fcsternden und monotonen Ton. \u201eIch vergebe dir Sophie, geh und lebe dein Leben, aber!\u201c, Simon wird lauter und unbeherrscht. \u201eLass dich hier nie wieder blicken! Nie wieder, LAUF, bitte Lauf solange du noch kannst, BITTE LAUF!\u201c Er zieht das Messer zur\u00fcck und kauert sich auf sein Sofa. Sophie springt auf und rennt weg, weg von diesem Irren!Zeitgleich klingelt Julia keuchend bei Sophie zuhause. Sophies Mutter \u00f6ffnet Ihr. \u201eOh Hallo Julia, hat Sophie etwas vergessen?\u201c \u201eWas sollte Sie vergessen haben? Wo ist Sie?\u201c \u201eSie wollte doch zu dir heute, bei dir im Internat \u00dcbernachten?!\u201c \u201eOh nein, dann ist Sie nicht da. Wissen Sie wo Sie hingelaufen ist?\u201c \u201eIch denke in Richtung Hafen!\u201c \u201eSIMON! Ich lauf zu Ihr!\u201c \u201eAber, wohin\u2026\u201c Julia h\u00f6rte Sophies Mutter schon nicht mehr. Sie rannte in Richtung Hafen wo Simon eine kleine Wohnung angemietet hatte. (Gute 25 Minuten Renn-Weg!) Kurz bevor Sie den Hafen erreicht hat, sieht Sie jemanden heulend in Ihre Richtung laufen, es ist Sophie. Sie rennt Ihr entgegen und nimmt Sie in ihrem Arm. \u201eWas ist passiert? Hat er dir was getan?\u201c fragt Julia Sophie. \u201eNein\u2026 Nein!\u201c Lauf am besten Nach Hause, jemand muss mit Simon reden! Ich gehe zu Ihm, er muss auch weiter kommen!\u201c \u201eGeh nicht Julia, er hat ein Messer!\u201c \u201eEr wird mir nichts tun, ich gehe ganz ruhig und friedlich zu Ihm, au\u00dferdem habe ich auch ein Messer!\u201c Julia zieht ein Butterfly Messer aus ihrer Jackentasche. \u201eStefan hat mir Selbstverteidigung beigebracht!\u201c \u201eMach keinen Fehler Julia! Du weist nicht was mit Simon ist, er ist nicht mehr Simon er ist ein D\u00e4mon, er ist gest\u00f6rt!\u201c \u201eMir wird nichts passieren!\u201c Sophie rennt nach \u0001 \u0002 klingelt bei Simon. Dieser macht sofort die T\u00fcr auf und schaut Julia angsterf\u00fcllt an. \u201eDu? Ist Sophie in Sicherheit?\u201c \u201eJa, Sie geht nach Hause! Was ist los mit dir Simon?\u201c Vorsichtig macht Julia die T\u00fcr hinter sich zu und geht mit ihrer Hand in die Jackentasche, Simon hat ein blankgeputztes Messer in der Hand. \u201eSetz dich doch Julia.\u201c Julia setzt sich auf das Sofa, auf dem Tisch steht eine Flasche Wasser, sonst ist das Wohnzimmer aufger\u00e4umt. Erstaunlich, denkt sich Julia. Ich sitze hier bei Simon, der durch gedreht sein soll, dabei hat er nur ein Messer in seiner Hand. Ich habe doch auch eins. Simon setzt sich neben Sie. \u201eM\u00f6chtest du etwas trinken?\u201c Simon sieht traurig aus, nur ab und zu wirft er Ihr einen Blick zu, sonst schaut er weg. Etwas scheint in seinen Augen zu blinzeln, wenn er in Ihre Augen guckt. Werde ich gerade rot? Fragt Sie sich. Nein, er schaut mich doch nur an. \u201eJa ein Glas Wasser vielleicht!\u201c Und Simon soll gest\u00f6rt sein? Er ist traurig, aber nett wie immer. Simon steht auf. Er kommt kurz darauf mit einer verschlossenen Flasche und einem Glas wieder. Er macht die Flasche auf und sch\u00fcttet Ihr ein. \u201eWie geht es dir so Julia?\u201c \u201eGut, und dir? Du siehst blass aus, warst du mal wieder drau\u00dfen? Die letzten Wochen?\u201c \u201eDrau\u00dfen? Nein, ich nicht, ich sitze hier und denke nach\u2026 \u00fcber M\u00e4dchen.\u201c Simons Augen funkeln wieder, dieses Mal anders, irgendwie angst erf\u00fcllend. \u201eWieso M\u00e4dchen? Hast du dich etwa verliebt?\u201c Und der soll gest\u00f6rt sein? Er hat den Tod seines besten Freundes und wahrscheinlich eine Liebesgeschichte zu verdauen, aber er ist doch kein D\u00e4mon! \u201eNein! Ich\u2026 Es ist so schwer alles!\u201c Simon bekommt tr\u00e4nen in die Augen und schaut herunter. Julia nimmt z\u00e4rtlich Ihre hand und r\u00fcckt zu Simon. Sie streichelt Ihn. Da zuckt er mit dem Kopf und schaut Ihr in die Augen. Ein k\u00fchler, angsterf\u00fcllter und verhasster Blick. \u201eNein, Julia, Tu DAS nicht! \u2026Bitte\u2026\u201c Sie nimmt ihre Hand weg und schaut aus dem Fenster. Jemand h\u00e4lt Ihr ein Lappen ins Gesicht und Sie wird pl\u00f6tzlich \u0001 \u0002 lege Sie behutsam auf mein Sofa\u2026Achtung: Edit Prolog: Aus - Ich sehe Sie langsam auf mich zukommen \u2013 habe ich - Sie sitzt neben mir \u2013 gemacht, damit die Geschichte stimmte :)",
            "wordcount": "1.883",
            "chapter_release": "12.04.2012",
            "chapter_number": "2"
        },
        "3": {
            "text": "Wohin Simon rannte wusste er selber nicht, nur weg. Zu einem Ort wo ihn niemand kennt. Simon den kranken Sadisten. Ja\u2026 er f\u00fchlte sich besonders wen er sich selber so nannte. F\u00fcr Alex, ich tu das alles f\u00fcr Alex! Dachte er sich. Er wollte nur fliehen, nichts anderes. Er lief in Richtung OGI. Er wollte Abschied nehmen und noch einmal seine Schule sehen. Er betrat die Schule, es war 21:30 Uhr, wieso war Sie noch offen? Vielleicht probte hier gerade die Schulband. Leise ging er an den Lehrerzimmern vorbei. Hinter Ihm \u00f6ffnete sich eine T\u00fcr. Ein Lehrer ging heraus und ging durch den Ausgang, hatte er Ihn gesehen? Hoffentlich nicht, dacht sich Simon. Er lief jetzt leise eine Treppe hoch. Stimmen... vorsichtig schaut er um die Ecke. Eine Gruppe M\u00e4dchen. Er nimmt sein Messer hinter seinen R\u00fccken. Pl\u00f6tzlich geht das Licht aus, die M\u00e4dchen fangen an zu kreischen. Simon steckt das Messer weg und schnappt sich eins der drei M\u00e4dchen. Er zieht Sie mit sich in einen Klassenraum, und h\u00e4lt Ihr den Mund zu. Leise schlie\u00dft er die T\u00fcr und hockt sich mit ihr in eine Ecke. Sie versucht zu schreien, aber er h\u00e4lt sie fest am Hals. Sie wird leiser, er lockert den Griff \u0001 \u0002 schaut mir in die Augen, wer ist er, was m\u00f6chte er von mir? \u201eHil\u2026\u201c, er dr\u00fcckt mir die Luft ab. Ist hier keiner, wieso helfen mir meine Freundinnen nicht? Hat er ihnen etwas getan? Warum ist das Licht aus gegangen? Seine Augen gl\u00fchen, er wirkt unruhig. Wird er mich t\u00f6ten? Will er mich Vergewaltigen oder Missbrauchen? Nein, mir wird so etwas nicht passieren! Das ist nur ein Traum oder ein schlechter Scherz! Ich wache gleich auf, und merke, dass es nur ein Traum ist. Bitte!Er nimmt greift in seine Jackentasche, und holt ein\u2026 Messer hervor. Was hat er vor? Er nimmt das Messer und schneidet meinen rechten Jacken\u00e4rmel auf. Er wird mich doch nicht t\u00f6ten? Er setzt das Messer langsam an meine Hand. Dieser Irre, er ist krank, es ist nur ein Traum, warum hilft mir keiner? Er dr\u00fcckt das Messer in meinen Arm ein. Es tut weh! Mein Arm pocht und ist warm. F\u00fchlt sich so der Tod an? Wieder ein M\u00e4dchen, wollte ich nicht aufgeh\u00f6rt haben? Nur einmal noch, einmal Blut sehen. Sie schaut mich angsterf\u00fcllt an. Wieso tue ich das? Ich bin krank. Ja, krank bin ich. Dann muss ich meinem Ruf doch gerecht werden! Aber was kann das M\u00e4dchen daf\u00fcr? Ich schneide langsam ihren rechten Arm ein, das Blut sickert mir entgegen. Wie sch\u00f6n dieses Gef\u00fchl doch jedes Mal ist. Blut, Blut, BLUT!! Ich halte inne. Und genie\u00dfe das Blut was aus ihrem Arm l\u00e4uft. Ich schaue in ihre Augen, sie weint. Sie weint\u2026 Ich habe ein M\u00e4dchen zum weinen gebracht. Kann sie sich nicht zusammen rei\u00dfen? Es ist doch nicht so schlimm. Oder doch? Ich dr\u00fccke ihren Kopf an mich. Ich habe den drang sie zu beruhigen, warum das? Bin ich nicht der der sie beunruhigt? Ich nehme ihr Ohr an meinen Mund. \u201eKeine Angst!\u201c \u2026 \u201eIch, ich t\u00f6te dich nicht!\u201c \u2026 \u201eIch m\u00f6chte nur dein Blut!\u201c Ich schaue sie an, sie wird kreide bleich. Wieso? Ich t\u00f6te sie doch nicht, habe ich ihr damit keine Beruhigung gegeben? Ich nehme meine Hand von ihrem Mund. Sie schluchzt. Wegen mir. Mein K\u00f6rper zittert. Ich lege mein Messer weg und setze mich neben sie.\u201eWie hei\u00dft du?\u201c, frage ich diesen Psychotypen. Er ist krank. Aber trotzdem, auch wenn er mich verletzt hat. Man muss ihm helfen, etwas bedr\u00fcckt ihn. Jeder Mensch ist ein guter Mensch, wenn er wollte. Ich wei\u00df das und ignoriere meine Schmerzen. \u201eSim, Simon.\u201c \u201eWarum tust du mir das an?\u201c, klinge ich Selbstbewusst? Ich muss ihm zeigen, dass ich ihn nicht f\u00fcrchte. Ich muss freundlich zu ihm sein, als sei nichts gewesen! \u201eIch brauche Blut, muss es sehen, sp\u00fcren, schmecken, riechen! Blut! Nichts anderes!\u201c Er ist definitiv krank. Warum? Was ist mit ihm? \u201eWarum das? Habe ich dir etwas getan? Ich kenne dich nicht!\u201c \u201eDu? Nein, du nicht! Ihr alle! JA, ihr alle habt das getan! Ihr T\u00f6chter des Satans! Ihr alle! Habt ihn get\u00f6tet, ihn! Ihr seit Teufel, keine Engel! Ihr alle!\" \"Warum sollte ich ein Teufel sein? Ich bin zwar Atheist, aber kein Teufel!\" \"Du h\u00e4ttest ihn auch get\u00f6tet, w\u00e4rest du sie gewesen! Sophie... Wieso habe ich sie nicht get\u00f6tet? Warum? Sie hatte Gl\u00fcck, oh ja, viel Gl\u00fcck!\" \"Hey... Wenn du ein Problem hast und es mir erz\u00e4hlen w\u00fcrdest. Ich h\u00f6re dir zu!\" Mein Arm pocht und ich muss mich anstrengen kein schmerz verzehrtes Gesicht zu machen. Er nimmt wieder sein Messer. \"Hier.\", er reicht mir das Messer und holt Luft. \"Nimm du es, bitte..!\" Ich nehme langsam das Messer und fixiere seine Augen. Er zittert, aber er gibt mir das Messer ich lege es langsam weit weg von ihm. Er schaut weg, zu den verschlossenen Fenstern. Es ist beinahe stockdunkel, nur etwas Licht f\u00e4llt in den Klassenraum, eine schauerliche Atmosph\u00e4re, ich habe Horrorgeschichten oder Spiele immer gehasst. Ich bekam Alptr\u00e4ume davon. Und jetzt. War ich mittendrin, mein pers\u00f6nlicher Alptraum, real vor mir. Ich musste ihm meine harte Seite zeigen und \u00fcberleben. Danach... Gibt es ein danach? Er holt leise Luft und f\u00e4ngt an zu erz\u00e4hlen. \"Ich bin eigentlich nicht so! Fr\u00fcher, als ich ein Kind war, hatte mein \u00e4lterer Bruder immer mit mir gespielt. Es war immer sch\u00f6n und lustig gewesen! Dann, es war an einem Regentag gewesen. Habe ich meine Eltern und meinen Bruder tot vorgefunden. Da war ich 16 Jahre alt.\u201c Eine Tr\u00e4ne l\u00e4uft seine Wange herunter. \u201eIch bin weggerannt, nur eines habe ich mitgenommen, das Messer, was in der Brust meines Bruders steckte.\u201c \u201eDas hier?\u201c, frage ich ihn und hebe das Messer hoch. \u201eJa! Dieses Messer!\u201c Er holt noch einmal tief Luft. \u201e2 Jahre, bis ich 18 wurde habe ich auf der Stra\u00dfe gelebt und mich mit Gelegenheitsarbeiten am Hafen umher getrieben. Dann wollte ich neu anfangen und wieder leben wie vorher. Das hat auch ganz gut geklappt, bis\u2026\u201c Ihm laufen weitere Tr\u00e4nen die Wange herunter, er atmet schnell ein und aus. \u201emein bester Freund Alex gestorben ist. Seine Freundin hat ihn get\u00f6tet. Sie kann sich egal wie oft bei mir Entschuldigen.\u201c \u201eIst das diese Sophie?\u201c \u201eJa. Es war ein Unfall.\u201c Sein Tonfall klingt Sarkastisch. \u201eEin Unfall!\u201c Er schreit. \u201eNur ein Unfall.\u201c, fl\u00fcstert er noch einmal, als w\u00fcrde er es sich selber vergewissern wollen. \"Simon.\" Ich r\u00fccke n\u00e4her zu ihm. \"Es gibt keinen Grund, deswegen auf alle M\u00e4dchen der Welt sauer zu sein! Was hast du davon, wenn ich Schmerzen sp\u00fcre? Schau dir meinen Arm an.\" Ich halte ihn hoch, kann es aber kaum. Langsam werde ich kraftloser. \"Ich muss dein Blut sehen, nur dein Blut, nichts mehr!\" \"Ach Simon.\" Ich versuche Aufzustehen, pl\u00f6tzlich \u00fcberkommt mich eine pl\u00f6tzliche Schw\u00e4che. ich sacke \u0001 \u0002 steht wackelig auf und verliert ihre Besinnung. Was hatte sie zu mir gesagt? Es bringt nichts, wenn sie Schmerzen sp\u00fcrt? Nein? Es bringt nichts? Doch! Bringt es! Jedes M\u00e4dchen muss Bluten und den gleichen Schmerz sp\u00fcren wie ich! Es ist nur gerecht. Alex habt ihr auf dem Gewissen. ihr alle! Es h\u00e4tte jeder getan von euch! M\u00e4dchen sind und bleiben alle gleich. Auch wenn sie so tun, als ob sie freundlich w\u00e4ren. Ihr Leben ist eine L\u00fcge! Verf\u00fchren wollte sie mich. ganz bestimmt! Dann soll sie haben, was sie m\u00f6chte! Simon springt auf und nimmt wieder sein Messer. Er geht zu ihr und dreht sie auf den R\u00fccken. Jetzt wirst du bekommen, was du willst. Er rei\u00dft ihr lang\u00e4rmliges T-Shirt auf und schaut sie an. Legt das Messer zur Seite und f\u00fchlt ihre Br\u00fcste. Er rei\u00dft auch den BH weg und so liegt sie vor ihm. Seine Augen leuchten. Langsam geht er mit seiner Hand zu ihrer Hose. Er \u00f6ffnet Sie und zieht ihr die Schuhe aus. langsam zieht er an der \u0001 \u0002 zieht an mir. Rettete mich gerade jemand? Langsam komme ich wieder zu mir. Ich liege auf dem Boden. Er zieht an meiner Hose. Was tut er? Ist er v\u00f6llig am durchdrehen? Ich ordne meine Gedanken. \"Simon.\", fl\u00fcstere ich mit aller Kraft. Er zuckt zusammen und schaut mir ins Gesicht. \"Du bist wach? Du bekommst jetzt was du willst! Wenn du mich verf\u00fchren wolltest, hast du es geschafft, du bist nicht anders als alle anderen!\" \"Aber Simon... Ich wollte dich nicht verf\u00fchren! Nie wollte ich das! Ich wollte dir zuh\u00f6ren! Nichts weiter! Es geht dir nicht gut, und brauchst jemanden, der dir zuh\u00f6rt und der dich versteht! Mir geht es in vielem nicht anders als dir! Ich...\"Wieder verliert sie die Besinnung, was soll das? Wei\u00df sie selber nicht, was sie m\u00f6chte? Ich gucke sie genauer an. Beinahe vollst\u00e4ndig nackt liegt sie vor mir. Nur ihre Unterhose hat sie noch an. Ich gehe mit meiner hand zu ihrer Hose und reibe daran. Ich f\u00fchle mich gl\u00fccklich. Meine Hormone drehen durch. Ich kann mich nicht beherrschen. Ich gehe mit meiner Hand unter ihre Unterhose und reibe schneller. Ein komisch, sch\u00f6nes \u0001 \u0002 ist an meinem K\u00f6rper, ich komme wieder zu mir. Es f\u00fchlt sich sch\u00f6n an. ich fange an zu st\u00f6hnen. Was macht er da? Er tut es nicht wirklich?! Ein sch\u00f6nes Gef\u00fchl. Nie habe ich mich getraut mich selber zu befriedigen und jetzt er, dieser, dieser verr\u00fcckte, kranke Psychopath! Pl\u00f6tzlich stoppt er. Er steht auf und rennt schnell zum Fenster und macht eine Roulade hoch. Er \u00f6ffnet das Fenster. H\u00f6re ich da Schritte? Ja, Schritte aus dem Flur. Simon ist bereits verschwunden. Die Klassenraum T\u00fcr geht auf ich versuche um Hilfe zu rufen. Doch verliere wieder die Besinnung. bitte rettet mich und tut mir nichts, ich kann nicht \u0001 \u0002 springt aus dem Fenster. Er hatte Schritte geh\u00f6rt, die sich dem Klassenraum gen\u00e4hert hatten. Er landet auf beiden F\u00fc\u00dfen, sein rechter Fu\u00df knackt. Nicht jetzt. Denkt er sich. Er humpelt so schnell er kann weg. Weg aus dieser Stadt. Dieses mal war er zu weit gegangen. Er hatte seine eigene Grenze \u00fcberschritten. Wieso? Es war falsch. Das wusste er schon jetzt. Aber es hatte sich so sch\u00f6n angef\u00fchlt. Ein M\u00e4dchen zu befriedigen. Sie wollte es doch! Oder nicht? hatte sie sich nicht verstellt, sondern war wirklich freundlich zu ihm gewesen? Ihm den kranken Simon? Er konnte es sich nicht vorstellen. Jetzt musste er sich beeilen, vor Tagesanbruch wollte er einige Kilometer geschafft haben. Hoffentlich schmerzte sein Fu\u00df nur vor\u00fcber gehend...Irgendwelche Fragen oder Anregungen? Dann schreib an diese E-Mail-Adresse: FFrantic@\u0001 \u0002 oder einfach via PN in FF :)",
            "wordcount": "1.773",
            "chapter_release": "12.04.2012",
            "chapter_number": "3"
        },
        "4": {
            "text": "Simon rannte so schnell es ihm sein Bein erlaubte weg, weg aus seiner Heimatstadt. Nie wieder wollte er zur\u00fcckkommen. Er hatte etwas schlimmes getan, dass wusste er. Dieses Mal war er zu weit gegangen. Er h\u00e4tte diesem M\u00e4dchen nichts tun d\u00fcrfen. Er hoffte, dass ihn niemand erkannt hatte. Er musste schnellst m\u00f6glichst weg. Er lief durch die Stra\u00dfen und Gassen. Es brannte beinahe nirgendwo mehr Licht. Wenn er Lichter sah, hielt er weit Abstand und lief im Schatten. Er wollte den Wald erreichen, der direkt an der Ostseite der Stadt liegt. Er hatte sch\u00f6ne Erinnerungen an den Wald. Fr\u00fcher war sein Bruder viel mit ihm durch den Wald gelaufen und sie hatten jede Ecke und Lichtungen des Waldes auswendig gelernt. 2 Jahre hatte er den Wald nicht betreten aus Angst, dass ihn seine Erinnerung einholt. Aber es gab jetzt keinen besseren Fluchtweg. Niemand kannte den Wald so gut wie er. Er nimmt nur Schleichwege, dass ihm niemand folgen kann. Der Boden war zum Gl\u00fcck gr\u00f6\u00dftenteils trocken, so hinterlie\u00df er keine Abdr\u00fccke. Bei jedem Schritt schmerzte sein Fu\u00df und er versuchte ihn nur wenig zu belasten. Er hielt sich so gut er konnte auf den Schleichwegen um eine noch undeutlichere Spur zu hinterlassen. Nachdem er 70 Minuten durch den Wald gelaufen war setzte er sich auf einen Baumstumpf. Der Schmerz an seinem Bein war jetzt so angestiegen, dass er nur noch schwer klar denken konnte. Wann hatte er eigentlich das letzte Mal etwas getrunken? Er wusste es nicht mehr. Schwer atmend holte er Luft, das Bein pochte und er war schwei\u00dfgebadet. Er versuchte wieder aufzustehen, aber da durchzuckte ein stechender Schmerz sein Bein und er musste sich wieder setzen. Er versuchte es erneut und stand langsam auf. Er schleppte sein Bein hinter sich. Er stolperte \u00fcber eine Baumwurzel. Hart schlug er auf den Boden auf, panisch versuchte er sich abzufangen und verdrehte dabei seinen Arm. Er schaffte es nicht wieder aufzustehen und blieb \u0001 \u0002 zuckte er zusammen. Er h\u00f6rte ein grollen, ein donnern. Es fing an zu \u0001 \u0002 \u00f6ffnete seine Augen und bemerkte, dass er noch auf dem Baumstumpf sa\u00df. Hatte er Halluziniert? Der Schmerz war nicht mehr so schlimm. Er stand auf und ging weiter. Im \u0001 \u0002 stumpfte sein Gef\u00fchl f\u00fcr den Schmerz ab und er kam leichter voran. Im mittlerweile nassen Waldboden hinterl\u00e4sst Simon nur allzu deutliche Spuren, aber er bemerkt es nicht. Er ist nur fixiert darauf endlich das Ende des Waldes zu erreichen und einen Bahnhof \u0001 \u0002 gef\u00fchlten zwei Stunden erreichte Simon das Ende des Waldes. Fr\u00fcher hatte er keine 30 Minuten gebraucht. Er wusste nicht, ob er wirklich solange gebraucht hatte, er hatte weder Uhr noch Handy dabei. V\u00f6llig au\u00dfer Puste setzte er sich erst einmal auf eine Bank. Langsam begangen seine Zweifel, ob er es noch vor Sonnenaufgang schaffen w\u00fcrde einen Bahnhof zu erreichen und mit einer Bahn wegzufahren. Wurde er vielleicht bereits verfolgt oder wurde er bald so ersch\u00f6pft sein, das er nicht mehr weiter kann? Er hoffte, dass er es noch schaffen w\u00fcrde und machte sich wieder auf den Weg. Mittlerweile f\u00fchlte er nichts mehr in seinem linken Bein, nur ein pochen, was sich durch den ganzen K\u00f6rper zog. Trotzdem war das voran gehen f\u00fcr ihn schwer. Er war der vollst\u00e4ndigen Ersch\u00f6pfung sehr nahe, was daran liegen musste, dass er seit Stunden nicht getrunken und nichts gegessen hatte. Auf seinem Weg hatte er sich nicht nur einmal vorgestellt, das an einem Baum eine Wasserflasche stehen w\u00fcrde, doch jedes Mal griff er ins leere und begriff die \u0001 \u0002 schleppte er sich weiter in die Richtung, in der er den n\u00e4chsten Bahnhof vermutete. Er versuchte immer Krampfhafter bei Bewusstsein zu bleiben. Und er wusste, dass er keine weitere Pause machen durfte bevor er im Zug sa\u00df, denn dann w\u00fcrde er nicht wieder aufstehen k\u00f6nnen und sich neu motivieren \u0001 \u0002 erneute Ewigkeit sp\u00e4ter sah er Umrisse eines Geb\u00e4udes. Mittlerweile war Nebel aufgekommen und er konnte nicht erkennen, was f\u00fcr ein Geb\u00e4ude das war.. Bitte lass es ein Bahnhof sein, dachte er sich. Mit neuer Energie lief er dem Geb\u00e4ude entgegen. Je n\u00e4her er kam, desto mehr hoffte er, dass dort ein Bahnhof stand. Endlich war er nah genug heran gelaufen und sah deutlich links und rechts verlegte Schienen und vor ihm den Bahnhof. Er humpelte die letzten Meter und hievte sich auf ein Gleis. \"Irgendwo muss hier ein Fahrplan h\u00e4ngen\", redete er mit sich selber und erschrak sich dar\u00fcber. Er darf jetzt nicht anfangen durchzudrehen, er hat es gleich geschafft. An einer Vitrine h\u00e4ngt ein Fahrplan und der n\u00e4chste Zug kommt nach Fahrplan in 20 Minuten. Innerlich jubelte er. Jetzt darf mich nur niemand finden, dachte er und setzte sich auf eine Sitzbank um auf den Zug zu warten. Der Bahnhof war still und bis auf ihn Menschenleer. Ich muss wach bleiben, gleich kommt der Zug, dachte er \u0001 \u0002 scheppern l\u00e4sst Simon hochschrecken. Beinahe w\u00e4re er eingenickt. Der Zug f\u00e4hrt ein. Er steht auf und humpelt zur einer der Zug-T\u00fcren. Sein Fu\u00df schmerzt wieder. Er dr\u00fcckt den Knopf um die T\u00fcr zu \u00f6ffnen und steigt ein. Er setzt sich in das n\u00e4chst beste Abteil, was leer ist, vielleicht war er der einzige Fahrgast um diese Uhrzeit, ihm sollte das recht sein. Still beschloss er bis zur Endhaltestelle durchzufahren und von dort aus mit einem weiteren Zug zu fahren. Wohin genau wusste er nicht, aber sein Ziel war die Ferne, weit weg, weg von allem was er kannte, weg von allem was er liebte und weg von seinen Hassgef\u00fchlen und seiner noch viel zu jungen Vergangenheit. Er w\u00fcrde neu anfangen, sagte er sich. Ganz neu und ein neuer Mensch werden. Mit diesem Gedanken fiel er in einen tiefen Schlaf. Der Zug fuhr los. Drau\u00dfen war es kalt, und die Fensterscheiben beschlugen...Etwas Kaltes an ihrer Brust l\u00e4sst sie ihre Augen aufschlagen. Verwirrt schaut sie in die Augen eines besorgt aussehenden Mannes. \"Ganz ruhig\", fl\u00fcsterte der in rot und wei\u00df gekleidete Mann. Pl\u00f6tzlich fror sie und schaute zu ihren Beinen runter, nur eine d\u00fcnne Decke bedeckte ihren K\u00f6rper. Was war passiert? Langsam erinnerte sie sich wieder. Hatte sie lange hier gelegen, und wieso hatte man sie hier so pl\u00f6tzlich gefunden? Zu viele Fragen um weiter dar\u00fcber Nachzudenken. Der Mann redete sie an, aber sie verstand ihn nicht richtig. Sie schloss die Augen und dachte nach, sie schaffte es nicht sich zu bewegen, oder ihre Umgebung wahrzunehmen, aber das was ihr passiert war, lief die ganze Zeit in ihrem Kopf ab. Immer und immer wieder durchzuckte sie ein Schmerz, als sie diesen jungen Mann, Simon vor sich sah, mit seinem Messer, in der Lage ihrem Leben jederzeit ein Ende zu setzen. Es war kein K\u00f6rperlicher Schmerz den sie sp\u00fcrte. Sie trauerte. Und auch nicht um sich, sondern um diesen Simon, wie Hilflos musste er sein, dass er solche Aktionen machte und dann einfach \u0001 \u0002 hatte sie die Szene vor ihrem inneren Auge. Er schaute sie Diabolisch an, aber da war mehr, wie mit einer Pause Taste bei einem Film sah sie nur dieses eine Bild. Er schaute zwar b\u00f6se und aufgew\u00fchlt, aber ein kleiner Teil von ihm schaute wie ein Hund, dem seine Schuld bewusst ist und der seinen Schwanz vor seinem Herrchen \u0001 \u0002 kamen ihr die Tr\u00e4nen. Sie war das Opfer einer Vergewaltigung gewesen und jetzt f\u00fchlte sie mit ihrem Vergewaltiger mit. Sie verstand sich selber nicht. War das normal!? Sonst waren Vergewaltigungsopfer immer get\u00f6tet worden, wenn davon in der Zeitung berichtet wird oder man davon h\u00f6rt. Aber, wenn mal jemand \u00fcberlebt hatte, dann hat er dem T\u00e4ter immer nur das schlimmste gew\u00fcnscht. Stand sie noch so sehr unter Schock, dass sie diesen Gedanken hatte? Oder wollte sie ihm wirklich helfen? Was sollte sie denn tun k\u00f6nnen, er war geflohen und sie wusste nicht wohin. Jemand ber\u00fchrte sie an ihrer Stirn, schwei\u00dfnass lag sie da. Langsam nahm sie wieder war, was um sie herum passierte und vor sich ging. Der Mann redete auf sie ein, sie erkannte die Stimme. Sie versuchte ein \"Mir geht es gut\" zu sagen, aber es h\u00f6rte sich eher nach dem kr\u00e4chzen eines Raben an. Sie \u00f6ffnete ihre Augen und schaute noch mal an sich herunter. Jemand hatte die Decke von ihrem Arm genommen und sie sah einen riesigen Schnitt. Ihr wurde schwindelig und sie merkte nur noch, dass sie in einem Auto war. Fahren die mich in ein Krankenhaus, dachte sie noch und wurde wieder \u0001 \u0002 und mit verkrampften H\u00e4nden schreckte Simon hoch. Er brauchte etwas um zu realisieren, dass er ja in der Bahn sa\u00df. Ein Alptraum hatte ihn heimgesucht und er sa\u00df schwei\u00dfgebadet in dem Abteil. Vor ihm sa\u00df ein Mann, der ihn fragend anschaute und andauernd mit dem Kopf zuckte. Simon drehte sich von dem Blick dieses Mannes weg und hoffte, dass der das gleiche tun w\u00fcrde. Aber Simon behielt dieses Gef\u00fchl beobachtet zu werden. Es war still in dem Abteil, nur das gleichm\u00e4\u00dfige klacken des Zuges auf den Schienen war zu h\u00f6ren. Immer noch f\u00fchlte sich Simon beobachtet und schaute zu der Stelle wo der Mann sa\u00df, aber dort sa\u00df niemand, die Stelle war v\u00f6llig unber\u00fchrt. Als sei dort nie jemand gewesen. War er so m\u00fcde und fertig und hatte er sich den Mann nur eingebildet? Verwirrt und mit einem beklemmenden Gef\u00fchl im Bauch drehte er sich wieder um zu versuchen weiterzuschlafen, er hatte schon wieder vergessen was er getr\u00e4umt hatte. Gut, dann d\u00fcrfte ich jetzt ja gut schlafen k\u00f6nnen, hoffte er zumindest, aber sich selber versichern konnte er nicht. Er drehte den Kopf nochmals, es sa\u00df ihm wieder der gleiche Mann gegen\u00fcber. \u201eIch muss hier weg\u201c, schrie er innerlich und verlie\u00df das Abteil Fluchtartig. Am ganzen K\u00f6rper zitterte er und lief fast bis zum anderen Ende des Zuges und setzte sich in ein anderes Abteil, der Zug war wirklich Menschenleer, au\u00dfer er und... Ein Mann, der vielleicht gar nicht da war. Angsterf\u00fcllt setzte er sich, keine Chance wieder einzuschlafen. Sein blick verlie\u00df nicht die T\u00fcr, war er alleine oder nicht? Er musste durchstehen, bis er einen halbwegs sicheren Ort gefunden hatte. Pl\u00f6tzlich h\u00f6rte er Schritte vor seinem Abteil, die langsamer wurden, aber niemand stand vor der T\u00fcr, durch die Scheiben des Abteils konnte er niemanden sehen. Die Schritte wurden wieder leiser, was war da vorbeigegangen, dass er es nicht gesehen hatte? Pl\u00f6tzlich wurde er M\u00fcde und schlief sofort ein.",
            "wordcount": "1.730",
            "chapter_release": "12.04.2012",
            "chapter_number": "4"
        },
        "5": {
            "text": "Ich beginne mit einer Entschuldigung An alle Metlerinnen, Goths *.*, weibliche Emos, Punkerinnen und so (: Niemand der sich nur einer der Szenen angeh\u00f6rig f\u00fchlt ritzt sich zwangsl\u00e4ufig!! Es passte nur in meine Geschichte! Wie der Rest der Story ist alles rein Fiktiv!Ab sofort hat Simons Messer ein Bild: http://\u0001 \u0002.de/shop/img450/\u0001 \u0002 (Kann sich noch \u00e4ndern, aber das gefiehl mir auf anhieb)\u0001 \u0002.10:Er war schon lange wieder wach und wartete darauf, dass der Zug seine Endhaltestelle erreichte. Gute 5 Stunden Zugfahrt hatte er jetzt hinter sich und je heller es wurde, desto freundlicher sah seine Umgebung aus. Au\u00dferdem waren auch andere Menschen zugestiegen und er f\u00fchlte sich nicht mehr so alleine. Nach insgesamt ca. 6 Stunden Zugfahrt erreichte der Zug seine Endhaltestelle. Er stieg vorsichtig aus und humpelte zu einer \u00dcbersichtskarte. Z\u00fcge in alle m\u00f6glichen Richtungen fuhren von hier ab. Innerlich freute er sich einen Hauptbahnhof erreicht zu haben. Unter so vielen Menschen w\u00fcrde man ihn schon nicht erkennen und finden. Er suchte sich eine Zug-Linie raus, die ihn weiter bringen zu schien, langsam m\u00fcsste er sich festlegen wo er hin wollte, aber erst einmal fuhr er nur weiter weg. Der Zug sollte erst in 40 Minuten abfahren, also beschloss er noch sein gesamtes Geld von seinem Konto abzuheben, solange er das noch f\u00fcr sicher genug hielt. Er suchte einen Bahnhofsbankautomaten. Und entdeckte einen in der N\u00e4he der Toiletten. Er hob alles Geld ab, was er hatte, es waren ungef\u00e4hr \u0001 \u0002 Euro und steckte es schnell in sein Portmonee. Ein pl\u00f6tzlicher Druck zog ihn aufs Klo. Er ging schnell hinein. Ein gut 20 Meter langer Gang f\u00fchrte zu zwei T\u00fcren, keine von beiden hatte ein m\u00e4nnlich oder weiblich Zeichen, also \u00f6ffnete er einfach die linke T\u00fcr. Er ging hinein und betrat einen Raum mit zwei verkalkten Waschbecken. Wie lange hier wohl nicht mehr gewischt wurde, \u00fcberlegte er. Eine weitere T\u00fcr f\u00fchrte in einen Raum mit vier Sitztoiletten in Kabinen. Nicht sicher, ob es das Damen-Klo war, verlie\u00df er die Anlage lieber und ging in die rechte T\u00fcr. Da sich ihm dort das gleiche Bild bot, ging er auf eine der Sitzklokabinen. Nachdem er sich erleichtert hatte und gerade die Kabine aufmachte, h\u00f6rte er jemanden hektisch die erste T\u00fcr \u00f6ffnen und ein jugendliches M\u00e4dchen betrat die Toiletten. Ganz in schwarz gekleidet, mit Nieten an der gesamten Kleidung. Ihre Haare waren rot und schwarz gef\u00e4rbt und stylisch hochgegelt. Ein pl\u00f6tzlicher Drang sich dieses M\u00e4dchen zu schnappen lies Simon blitzartig zu seinem Messer greifen und mit der anderen Hand zu ihrem Mund, vor Schreck erstarrt r\u00fchrte sie sich nicht. Er hielt ihr das Messer an ihre Kehle. Leise fl\u00fcsterte er ihr zu: \u201eSei ganz leise und ich lass dich am Leben!\u201c Er nahm seine Hand von ihrem \u0001 \u0002 packte mich pl\u00f6tzlich und hielt mir ein Messer an meinen Hals. Mit nicht ganz sicherer Stimme fl\u00fcsterte er mir zu, ich soll leise sein. Ich wusste nicht, was ich jetzt tun oder denken sollte. Ich stand steif und schockiert da und bewegte mich nicht. Gef\u00fchlte ewige Zeit verging. Ich musste aufs Klo, dringend. Er muss mich loslassen. Meine Beine begannen zu zittern. Da nahm er langsam das Messer von meinem Hals weg und hielt mir wieder seine Hand vor meinen Mund. Er nahm das Messer und Schnitt damit meinen Arm frei. Geritzt hatte ich mich schon oft, und man sah deutlich die Narben an meinem Arm. K\u00fchl blickte ich vor mich, was wollte er tun? Schmerzen w\u00fcrde ich keine sp\u00fcren! Er hielt inne, schockierten ihn etwa die Schnitte und Narben an meinem Arm? Ich musste immer dringender aufs Klo. Ich murmelte etwas in seine Hand, um ihm zu sagen, dass es wirklich dringend war. Er setzte sein Messer wieder an meinen Hals und nahm seine Hand von meinem Mund. \u201eWas ist?\u201c, raunte er mir zu. \u201eIch muss..!\u201c Er fing leide an zu lachen, es h\u00f6rte sich an wie in einem schlechten Horrorfilm. Was passierte hier? Tr\u00e4umte ich? Drehe ich gerade durch?Da war es zu sp\u00e4t, ich konnte nicht mehr anhalten. Die Situation \u00fcberforderte mich. Warm floss mir der Urin die Beine herunter, es tropfte auf den Boden. Es roch widerlich und ich wurde rot im Gesicht. Obwohl mein eigentliches Problem gerade woanders lag. War mir die Situation Todpeinlich. Er nahm das Messer und stach nerv\u00f6s und schnell in meinen Arm, mit der anderen Hand umschloss er jetzt meinen Hals und dr\u00fcckte feste zu. Schmeckte so der Tod? Roch er nach Urin und f\u00fchlte er sich stechend und blutig an am Arm? Mir ging die Luft aus und mir wurde schwarz vor Augen. Wehrlos sackte ich zusammen. Bewusstlos, was h\u00e4tte ich tun sollen?Simon genoss, das Blut was aus ihrem Arm heraus lief und dr\u00fcckte ihr genussvoll die Luft ab. Lautlos sackte sie zusammen und fiel in seine Arme. Er legte sie auf den Boden, sie hatte sich wirklich eingepinkelt. Er sprang schnell auf und wusch sich die H\u00e4nde, wie es sich nach einem Klogang geh\u00f6rt. Au\u00dferdem wusch er das Messer ab und trocknete es gr\u00fcndlich. Ergriffen von einem befriedigten Gef\u00fchl verlie\u00df er die Toilette. Es war nicht geschehen sagte er \u0001 \u0002 n\u00e4chster Gedanke galt seinem Geld. Er ging in einen Bahnhofsshop und kaufte sich neue Kleidung und eine Zeitung. In der Zeitung war nichts \u00fcber ihn zu lesen. Er schaute auf eine Uhr, noch 15 Minuten bis sein Zug fuhr. Noch genug zeit um etwas zu essen. Er betrat ein Restaurant am Bahnhof. Eine Frau begr\u00fc\u00dfte ihn mit einem L\u00e4cheln. \u201eWillkommen bei uns.\u201c, sagte sie mit gebrochenem Deutsch. Suchen sie einen Tisch alleine oder zu zweit?\u201c \u201e\u00c4hm, alleine. Ich bin alleine da.\u201c \u201eGut, dort hinten ist noch ein Platz frei.\u201c Die Frau zeigte vorbei an leeren St\u00fchlen, auf den hintersten Stuhl, in einer dunklen Sitzecke. Na toll, dachte sich Simon. Er ging zu dem, ihm gezeigten Platz und setzte sich. Ewig hatte er nicht Zeit. Da kam die Frau auch schon und fragte ihn was er trinken wolle. \u201eEinfach eine Cola und bringen sie mir bitte sofort eine Pommes, ich hab\u2019s eilig.\u201c \u201eSofort!\u201c, sagte die Frau, immer noch l\u00e4chelnd. Keine drei Minuten sp\u00e4ter brachte Sie das gew\u00fcnschte, die Pommes waren lauwarm und lie\u00dfen sich leicht essen. Er verschlang die Portion, trank seine Cola aus, dr\u00fcckte der Frau etwas Trinkgeld in die Hand, bezahlte und verlie\u00df das Lokal. Er lief schnell zu seinem Gleis, er hatte nur noch 5 Minuten bis seine Bahn fahren sollte. Der Zug stand schon am Gleis, er kontrollierte, dass er auch das Ticket dabei hatte und betrat den Zug. Er schaute nach einer ruhigeren Ecke aus schau, erste Klasse hatte er sich nicht kaufen wollen, er fand eine und setzte sich. Kaum hatte er sich hingesetzt begann sein rechter Fu\u00df zu Schmerzen. Na super, dachte er. Der Zug setzte sich in Bewegung. Schlafen musst du Simon, sagte er sich, aber sein K\u00f6rper war zu aufgew\u00fchlt, als das er jetzt schlafen konnte. Er wusste nicht woher das kam, aber er bekam kein Auge zu. Also sa\u00df er da, zwei Stunden, die er nicht einschlafen konnte. Es stiegen immer wieder neue Menschen dazu und aus. Schlanke, dicke, gro\u00dfe, kleine, Dunkelh\u00e4utige und Hellh\u00e4utige. Und Simon konnte und konnte nicht einschlafen. Er versuchte es bis vier Jugendliche M\u00e4dchen einstiegen und sich auf die Sitze zu seiner linken Seite setzten. Er beobachtete sie im Seitenblick, so dass die M\u00e4dchen das nicht mitbekamen. Eine schien die ganze Zeit zu ihm zu schauen. Alle redeten miteinander, nur sie schaute immer wieder zu ihm. Was wollte sie von ihm? Bildete er sich das ein? Kannte sie ihn? Er erkannte niemanden in ihr. Auch die vier M\u00e4dchen stiegen nach wenigen Haltestellen aus. Aber das M\u00e4dchen schaute nicht mehr zu ihm, er hatte es sich bestimmt nur eingebildet, oder? Kurz darauf schlief er pl\u00f6tzlich doch \u0001 \u0002 wachte erst kurz vor Ankunft an der Endhaltestelle auf. Der Zug h\u00e4lt und Simon steigt aus. Schnell schlendert er in Richtung des n\u00e4chsten Fahrplans. Das M\u00e4dchen in der Bahn hat ihn verunsichert und er m\u00f6chte noch weiter Weg, irgendwo in die N\u00e4he der Grenze. Er schaut auf den Fahrplan und orientiert sich, wo er ist. Irgendetwas raubt ihm die Konzentration und er kann die karte nicht erkennen, er sieht pl\u00f6tzlich alles verschwommen und reibt sich die Augen. Er setzt sich auf eine Bank daneben, aber egal was er macht, er erkennt nichts auf der Karte. Keinen Namen, keine Verbindung. Jemand streift ihn mit einer Tasche. Er schaut zu der Person hin. Er sieht das Gesicht der Person nur verschwommen. Was wird das hier? Dreht er grade durch, f\u00fchlt sich so Durchdrehen an? Da, er erkennt ein Gesicht. Es ist das M\u00e4dchen, was ihn in der Bahn so angeguckt hatte. Er springt auf, was wird hier gespielt? Er sieht von links und von rechts z\u00fcgig M\u00e4nner in Polizei Uniformen auf sich zukommen. Schnell rennt er weg, die H\u00e4lfte des Gel\u00e4ndes sieht er nur verschwommen, aber andere Sachen wieder ganz normal. Er stolpert \u00fcber die Schienen und h\u00f6rt mehrere Stimmen. \u201eStehen bleiben oder wir schie\u00dfen!\u201c, rufen. Immer schneller rennt er weg, soweit es ihm sein Fu\u00df erlaubt. Er rennt gerade \u00fcber die Gleise, da kommt ihm ein Zug entgegen, im letzten Moment springt er zur Seite. Wie im Horrorfilm, denkt er sich. Aber war er nicht das Monster? Keine Zeit da jetzt dr\u00fcber nachzudenken. Er rennt Richtung Schienen, wo er nicht leicht zu erreichen ist. Hinter ihm br\u00fcllen Stimmen, die er nicht deutlich verstehen kann. Da h\u00f6rt er einen Schuss und sp\u00fcrt einen Schmerz in seiner rechten Schulter. War das Einbildung, oder war er getroffen worden? Er rennt weiter. Vereinzelt wird auf ihn geschossen. Ein pl\u00f6tzlicher stechender Schmerz in der Brust. Er sackt zusammen. Keuchend schleppt er sich weiter, aber die Kraft verl\u00e4sst ihn merklich. Muss ich jetzt sterben? \u201eVerdammt sterbe ich jetzt?\u201c, schreit er. Langsam wird ihm v\u00f6llig schwarz vor Augen. Die Stimmen kommen n\u00e4her. Menschen beugen sich \u00fcber ihn. Er vernimmt nur noch murmeln und tiefe Schw\u00e4rze. Ihm wird hell vor Augen. Der Tod\u2026Simon schreckt hoch. Er hatte getr\u00e4umt. Nur getr\u00e4umt. Er sa\u00df noch in der Bahn. Er tastet nach allen seinen Sachen ab. Alles ist noch da, zum Gl\u00fcck. Einige wenige Menschen in der Bahn schauen ihn noch verwirrt an, aber interessieren sich nicht weiter f\u00fcr ihn. Mit immer noch laut schlagendem Herzen sitzt er in der Bahn. Es war nur Traum, keine Grund zur Aufregung, redet er sich zu. Langsam beruhigt er sich wieder und atmet wieder ruhiger. Er w\u00fcrde nicht erst die Endhaltestelle aussteigen, vielleicht wollte ihm der Traum etwas sagen. Die n\u00e4chste Haltestelle ist die seine. Er steht auf und stellt sich zur T\u00fcr. Er ist wackelig auf seinen Beinen, aber das st\u00f6rt ihn nicht weiter. Er ist froh, froh noch zu \u0001 \u0002 Bahn f\u00e4hrt in den Bahnhof ein und er steigt aus. Ein kleiner, ruhiger Bahnhof, mit wenigen Menschen. Sein erster Blick geht zu den Augen der n\u00e4chst besten Person, die etwas verwirrt zur\u00fcck schaut. Jetzt war es Real, er sah wieder Gesichter, alle Gesichter. Sich immer wieder umschauend l\u00e4uft er zum Fahrplan. Ein weiterer Zug sollte hier noch fahren, bis hinter die Grenze, er w\u00fcrde vorher aussteigen und dort in irgendeinem kleineren Dorf untertauchen. Das hielt er f\u00fcr die beste Idee. Mit einem pl\u00f6tzlichen verlangen nach Blut ging er zum Ticketautomaten\u2026",
            "wordcount": "1.883",
            "chapter_release": "12.04.2012",
            "chapter_number": "5"
        },
        "6": {
            "text": "Charakter Beschreibung:Isabell Meyer (Namensgebung: Idee eines Fans der Story, Danke!!) Ihr kennt sie aus Kapitel 2. Sie ist das \"M\u00e4dchen aus der Schule\". Sie nimmt jetzt eine kleine Hauptrolle an (: Wird uns durch die ganze Geschichte begleiten, vielleicht wird\u2019s dann auch irgendwann was mit einer Romanze? Keine Ahnung, noch ist mir da lange nicht nach, Simon soll man flei\u00dfig Mist anstellen :\u0001 \u0002.10: (Irgendwann Nachmittags)Isabell dr\u00fcckt die Klosp\u00fclung. Dieses Krankenhaus ist einfach nur \u00e4tzend. Sie wurde behandelt wie ein kleines M\u00e4dchen. \u201eSie haben viel Blut verloren Frau Meyer!\u201c Wie oft sie diesen Satz jetzt schon geh\u00f6rt hatte. Langsam kotze sie dieser Satz im wahrsten Sinne des Wortes an. \u00dcbergeben hatte sie sich. Nicht nur einmal. Vielleicht waren ihre Verletzungen wirklich schlimmer, als sie wissen wollte. Aber was soll\u2019s, denkt sie. Aufs Klo gehen kann ich auch alleine. Jemand klopft an der T\u00fcr, schnell springt sie ins Bett. \u201eFrau Meyer\u201c, das widerliche L\u00e4cheln der \u00c4rztin ging ihr genauso auf den Keks. \u201eIch muss ihnen noch Blut abnehmen!\u201c \u201eWieso m\u00fcssen sie mir Blut abnehmen? Habe ich nicht schon genug verloren, wie sie immer sagen?\u201c \u201eIch bitte sie Frau Meyer, spielen sie nicht die Wilde, sie sind noch schwach.\u201c Das war jetzt zu viel f\u00fcr Isabell. Sie sprang auf und schrie die \u00c4rztin an: \u201eIch bin zu schwach? Zu schwach bin ich? Dann zeig ich ihnen mal wie schwach ich bin!\u201c W\u00fctend l\u00e4uft sie aus dem Zimmer raus, die \u00c4rztin guckt ihr nur verdutzt hinter her. Isabell, nur in Nachthemd gekleidet l\u00e4uft durch das halbe Krankenhaus. Mittendrin im Laufen f\u00e4ngt sie an sich zu Fragen wohin sie eigentlich laufen m\u00f6chte. Sie l\u00e4uft eine Runde, gr\u00fc\u00dft jeden Arzt und Pfleger dem sie begegnet mit einem breiten L\u00e4cheln. F\u00e4hrt mit dem Aufzug hoch und runter und geht dann wieder in ihr Zimmer. Strahlend und froh endlich mal getrotzt zu haben legt sie sich ins Bett. Eine pl\u00f6tzliche M\u00fcdigkeit \u00fcberkommt sie und sie schl\u00e4ft \u0001 \u0002 sie wieder aufwacht sieht sie sich an ihr Bett gefesselt. Im wahrsten Sinne des Wortes gefesselt. Nicht deren Ernst, oder? Eine unglaubliche Wut steigt in ihr hoch, aber sie beherrscht sich und tut so, als w\u00fcrde sie noch schlafen, als sie Schritte auf dem Flur h\u00f6rt.\u201eMusste das sein?\u201c\u201eWollen sie dem M\u00e4dchen helfen, oder nicht? Es ist ja so v\u00f6llig verwirrt und durcheinander von dem was passiert ist!\u201c\u201eNun gut, wenn sie meinen.\u201c\u201eAber nat\u00fcrlich!\u201cDie Freundlichere der beiden Stimmen war die des Arztes, die andere Geh\u00e4ssige, die der Pflegerin. Das h\u00f6rte Isabell Eindeutig heraus. \u201eZum Untersuchen der Wunden muss das aber abgemacht werden. Bitte sehr!\u201c\u201eNat\u00fcrlich Herr Doktor, sofort.\u201cDie Pflegerin beugt sich zu ihr und \u00f6ffnet ihre Fesseln. Sie r\u00fchrt sich nicht.\u201eIch w\u00fcrde ihnen Empfehlen ihr etwas zum Einschlafen zu verabreichen, bevor sie wieder ausrei\u00dft!\u201c\u201eIch bin hier der Arzt und ich entscheide, was f\u00fcr dieses M\u00e4dchen das Beste ist. Und ich beschlie\u00dfe, dass sie den Raum verlassen. Einen Guten Tag!\u201c\u201eWie, aber?\u201c\u201eRAUS, habe ich gesagt!\u201c\u201eOkay, Herr Doktor\u2026\u201c, sagt die Pflegerin ziemlich \u0001 \u0002 T\u00fcr wird ger\u00e4uschvoll geschlossen. Isabell regt sich kein bisschen.\u201eDu musst dich nicht mehr verstellen, sie ist weg! Mir tut Leid, was sie hier gemacht hat! Ich h\u00e4tte das nie erlaubt.\u201cDer Doktor holt kurz Luft.\u201eIch bin Sam und wie hei\u00dft du?\u201cIsabell schl\u00e4gt die Augen auf und schaut in ein freundliches und l\u00e4chelndes Gesicht des Doktors.\u201eIch bin Isabell.\u201c\u201eIch habe mitbekommen was dir passiert ist, ich war einer der Not\u00e4rzte und Arbeite eigentlich hier als Chefarzt. Ich habe mir zur Aufgabe gemacht mich um dich zu k\u00fcmmern. Also, was isst du gerne? Irgendwas mit Fleisch, oder lieber Gem\u00fcse?\u201cVerdutzt schaut Isabell ihn an. Sie braucht etwas um die Situation zu verstehen.\u201eIch mag ja gerne D\u00f6ner.\u201c\u201eDann zieh dich mal schnell um, wir haben dir hier neue Sachen hingelegt. In vier Stunden kommen dich deine Eltern besuchen, da sollst du doch nicht mit leerem Magen hier sitzen. Aber, bitte sei vorsichtig, du hast nicht umsonst so viele Verb\u00e4nde an deinen Armen und zwischen deinen Beinen!\u201cDer Doktor verl\u00e4sst das Zimmer und Isabell streckt sich erst einmal nachdem sie aufgestanden ist. Ihre Arme schmerzten schon stark. Aber sie ignorierte es. Der Arzt war wirklich nett gewesen, so ganz anders. Schnell zog sie sich um, mit einem hei\u00df Hunger. Schnell nahm sie die Medizin die sie nehmen musste seitdem sie hier war. Noch nie hatte sie das so schnell und gerne gemacht. Bei D\u00f6ner h\u00f6rte auch jeder Widerstand \u0001 \u0002 hat sie sich umgezogen und schnell Handy und Kleinigkeiten die sie brauch eingepackt geht die T\u00fcr zu ihrem Zimmer auf. Die Krankenpflegerin betritt ihr Zimmer und guckt sie schockiert an.\u201eWillst du etwa wieder abhauen? Leg dich sofort ins Bett! Ich werde dich wieder fest binden!\u201c\u201eSie spinnen doch! Ich bin nicht gest\u00f6rt oder so, dass man mich anbinden m\u00fcsste, sie vielleicht, ich nicht! Ich gehe!\u201cIsabell geht entschlossen zur T\u00fcr. Da stellt sich die Pflegerin dazwischen und macht die T\u00fcr zu. Nimmt ihren Schl\u00fcssel und schlie\u00dft ab.\u201eDu Hure, du widerliches M\u00e4dchen! Jetzt bekommst du was du verdienst!\u201cDie Pflegerin schl\u00e4gt auf Isabell ein, auf ihre Arme, ihren R\u00fccken, \u00fcberall. Isabell kann sich nicht r\u00fchren vor Schock und Schmerzen. Sie f\u00e4ngt an zu schreien. Jemand klopft an der T\u00fcr und versucht diese zu \u00f6ffnen. Die Pflegerin packt Isabell und dr\u00fcckt ihr die Luft ab. Isabell tritt um sich und erwischt die Pflegerin am Schienbein.\u201eDu\u2026\u201c Was auch immer die Krankenpflegerin sagen wollte, sie kam nicht mehr dazu. Der Arzt hatte die T\u00fcr ge\u00f6ffnet bekommen und dr\u00fcckte mit seiner Hand in den Nacken der Frau. Ganz langsam erh\u00f6ht er den Druck, bis sie einfach zusammensackt. Er l\u00e4sst sie wie einen Sandsack auf den Boden fallen und geht zu Isabell um sie aufzufangen. Der Schmerz \u00fcberkommt sie und ihr wird schwarz vor \u0001 \u0002 ungewiss viel Zeit kommt Isabell wieder zu sich. Sie \u00f6ffnet die Augen und merkt sofort, dass sie in ein anderes Zimmer verlegt wurde. War das die Intensivstation? Es sah so aus. Kaum hatte sie die Augen offen sah sie zwei Personen zu ihr ans Bett kommen. Ihre Eltern. Isabell flossen die Freudentr\u00e4nen, dass sie besucht wurde. Sie versuchte zu sprechen bekam aber nicht mehr als ein kr\u00e4chzen hin.\u201eGanz ruhig mein Schatz, wir sind da, du musst keine Angst haben! Es wird dir schon bald besser gehen!\u201c redete ihre Mutter auf sie \u0001 \u0002 pl\u00f6tzliche M\u00fcdigkeit \u00fcberkommt sie und sie schl\u00e4ft \u0001 \u0002 sie wieder aufwacht ist es dunkel um sie herum. Sie h\u00f6rt das piepen von verschiedenen Ger\u00e4ten an denen sie wohl angeschlossen ist. Vorhin hatte sie das gar nicht bemerkt. Sie schaut sich an und sieht ihren verband am Arm mit Blut getr\u00e4nkt. Ihr wird schwindelig und sie schlie\u00dft die Augen. Ein Krankenpfleger betritt ihr Zimmer. Er schaut sich die Ger\u00e4te an und tippt irgendetwas daran herum, er scheint nicht bemerkt zu haben, dass Isabell wach ist. Er fummelt an den Kabeln herum und steckt diese um. \u201eDaf\u00fcr wirst du b\u00fc\u00dfen, dass du meiner Freundin ihren job gekostet hast!\u201c, fl\u00fcstert er leise zu sich. Er fummelt weiter an den Kabeln herum. Da ert\u00f6nt ein lautes piepen. Der vermutliche Pfleger zuckt zusammen und verl\u00e4sst schnell das Zimmer. Der Arzt der so freundlich zu ihr gewesen war und eine Krankenschwester rennen in ihr Zimmer. Die Krankenschwester sieht die Kabel und versucht sie wieder in Ordnung zu bringen. Isabell atmet schwer. Der Arzt nimmt schnell ein Beatmungsger\u00e4t und h\u00e4lt es Isabell auf ihren Mund. Sie jappst nach Luft. Die Schwester, die die Ger\u00e4te wieder richtig verkabelt hat, dr\u00fcckt den Notknopf. Kurz darauf kommen zwei weitere Schwestern in das Zimmer gest\u00fcrmt. Der Arzt ruft so was wie: \u201eSchnell, Vene, Luftembolie, Zimmer 3, holen!\u201c Isabell ist schwindelig und sie verliert immer wieder das Bewusstsein. Trotz des Beatmungsger\u00e4tes bekommt sie kaum noch Luft. Die Schwestern kommen wieder ins Zimmer mit irgendwelchen Kan\u00fclen und Schl\u00e4uchen an einen Art Motor oder eine Pumpe angeschlossen. Sie schlie\u00dfen diese an Isabells Arm an. Isabell sp\u00fcrt wie die Schwestern etwas aus ihrer Vene pumpen. Es tut schrecklich weh und sie schreit auf. Sie atmet immer noch schnell und flach, aber bekommt merklich besser Luft. Blut flie\u00dft ihr durch den verband aus dem Arm und auf das Bett. Ihr wird schlecht und noch bevor sie etwas sagen kann erbricht sie sich auf den Boden. Der Arzt weicht ihr aus. Sie sch\u00fcttelt sich und Schwei\u00df l\u00e4uft ihr von der Stirn. Ein starkes pochen und zugleich ein gro\u00dfer Schmerz gehen von ihrem Arm aus. Wieder verliert sie das Bewusstsein. Das Ger\u00e4t was ihren Puls anzeigt geht von 80 Schl\u00e4gen die Minute auf 70, auf 60, auf 50 Schl\u00e4ge die Minute runter und sinkt bis 25\u2026So wie ich es gelernt habe schlie\u00dfe ich den Schlauch zum aussaugen der Luft an die Kan\u00fcle an. Ich bediene die Maschine und sauge die Luft langsam aus ihrem Arm. Noch nie musste ich das in einem Ernstfall machen. Es sah mehr danach aus, dass ich nur ihr Blut aussauge, aber man merkte wie ihre Atmung stabiler wurde, also funktionierte es anscheinend. Trotzdem sinkt ihr Puls immer und immer wieder anstatt stabiler zu werden. Ich bange um das Leben dieses M\u00e4dchens. Erst letzte Woche war hier, in diesem Zimmer, ein Mensch gestorben. Man k\u00f6nnte jetzt meinen das h\u00e4tten Intensivstationen an sich, aber so ist es nicht! Ich wollte hier Leben retten, nicht verlieren. Ein Gedanke kommt mir in den Kopf bei dem es mich sch\u00fcttelt. Angelina, sie war hier auch Pflegerin gewesen, hatte sich immer r\u00fchrend um die Patienten hier gek\u00fcmmert. Mit einer besonderen Aufmerksamkeit und Liebe hatte sie Leben gerettet und bewart. Und dann, dann war jemand gestorben, f\u00fcr den sie verantwortlich gewesen war. Weil sie ihm die falschen Medikamente gegeben hatte. Sie war zusammengebrochen und von jetzt auf gleich ein anderer Mensch gewesen. Am n\u00e4chsten tag kam sie mit blutigen Armen und Schnitten an ihrem ganzen K\u00f6rper wieder zur Arbeit. Die \u00c4rzte konnte sie in eine Spezialklinik bringen. Ich hatte sie gemocht, sie mir als Vorbild genommen und jetzt stehe ich wieder alleine da. Alleine und hilflos. Der Puls sinkt auf 30. Nein, sie darf nicht verloren gehen. Frau M\u00fcller, noch keine 18 Jahre alt. Vielleicht stirbt die n\u00e4chsten Stunden jemand, aber nicht hier und nicht dieses M\u00e4dchen!Der Puls sinkt auf Null. Wir versuchen einen Wiederbelebungsversuch. Kein erfolg. Noch einmal und wieder schl\u00e4gt ihr herz nicht neu aus. Keine Chance, sie ist tot. Gestorben und wir h\u00e4tten es verhindern k\u00f6nnen, wenn\u2026 Wenn wir es gewusst h\u00e4tten, aber woher sollten wir wissen, dass sie jemand t\u00f6ten m\u00f6chte? Wer auch immer es war, er hatte Erfolg, \u0001 \u0002 Stationsleitende Arzt schaut mich an. Traurig, so traurig habe ich ihn lange nicht mehr gesehen. Er war immer der \u201eGute-Laune-Macher\u201c auf unserer Station. Und jetzt schaute er drein, als h\u00e4tte er seine eigene Tochter verloren. Meine Kollegin nimmt mich und ihn in den Arm. \u201eWir haben getan was wir konnten.\u201c Ja, haben wir. Aber es hat wohl nicht \u0001 \u0002 halten uns noch in den Armen und machen uns auf, das Zimmer zu verlassen.",
            "wordcount": "1.843",
            "chapter_release": "12.04.2012",
            "chapter_number": "6"
        },
        "7": {
            "text": "Simon geht zum Fahrplan. Eigentlich sp\u00fcrt er die Schmerzen in seinem rechten Fu\u00df nicht mehr, sein Gef\u00fchl war l\u00e4ngst abgestumpft. Aber er macht eine falsche Bewegung und sein Fu\u00df knackst laut. Er schreit auf und f\u00e4llt zu Boden. Blo\u00df keine Aufmerksamkeit auf mich ziehen, denkt er sich. Aber er kr\u00fcmmt sich am Boden vor Schmerzen. Einige Personen bemerken, dass ihm etwas passiert ist. Er winkt ab. \u201eMir geht\u2019s gut! Sie brauchen mir nicht zu helfen, geht schon!\u201c Aber er bleibt zitternd vor Schmerzen am Boden \u0001 \u0002 M\u00e4dchen im Jugendlichen Alter, die gerade aus einer Ecke des Bahnhofs kommen, sehen ihn da liegen und fangen an zu lachen. Nur eins der M\u00e4dchen nicht. Sie sieht, dass es Simon nicht gut geht und macht das ihren Freundinnen klar. Diese werden still und die f\u00fcnf gehen auf Simon zu. Mittlerweile scheint sich schon niemand anderes mehr f\u00fcr Simon zu interessieren. Die Menschen haben es eilig und da ist jemand der verletzt am Boden liegt nur Nebensache. Aber das M\u00e4dchen, was nicht gelacht hatte, geht auf ihn zu. \u201eGeht es ihnen nicht gut, sind sie verletzt?\u201c freundlich und mit Mitleid im Gesicht l\u00e4chelt sie ihn an. \u201eMir, ich habe meinen Fu\u00df verknackst, gerade eben ist mir das passiert.\u201c, l\u00fcgt er. Das M\u00e4dchen fragt eine ihrer Freundinnen nach Wasser. Verdutzt gibt sie ihr eine Flasche und sie gibt Simon das Wasser. Durstig und etwas verwirrt trinkt er die Flasche leer und bedankt sich. Zwei der M\u00e4dchen strecken ihm die Hand entgegen und helfen ihm hoch. Sie helfen ihm, sich auf eine Bank zu setzen. Verwirrt, weil er sich so nette Hilfe nicht erhofft hatte, schaut er die M\u00e4dchen an. Eine fragt: \u201eWo tut es ihnen weh? Ich habe mal einen ersten Hilfe Kurs gemacht, ich kann ihnen helfen.\u201c \u201eNein. Danke. Ich werde das schon schaffen.\u201c, stammelt Simon. Beim Anblick der M\u00e4dchen brodelt pl\u00f6tzlich eine Wut in ihm. Alex\u2026 denkt er. \u201eGeht einfach und danke, aber geht lieber, bitte geht!\u201c, sagt er und wird dabei lauter und aggressiver in seinem Ton. \u201eOkay, wir wollten nur helfen.\u201c, und zu ihren Freundinnen gewandt: \u201eKommt, wir haben gemacht, was wir konnten.\u201c Etwas von der Spur gehen die \u0001 \u0002 ihre L\u00e4stereien vertieft, denkt Simon. Er dreht sich, so dass er sich den Fahrplan anschauen kann. Sein Fu\u00df schmerzt und er verzieht sein Gesicht. Wahrscheinlich war der jetzt v\u00f6llig verstaucht, oder schlimmeres. Er hofft, dass er nicht gebrochen war. Wie sollte er so weiterkommen? In ein Krankenhaus d\u00fcrfte er auf keinen Fall gehen, er wird bestimmt schon gesucht. Bestimmt klebten ihm schon Verfolger der Polizei an den Versen und die warten nur darauf, dass er einen Fehler \u0001 \u0002 M\u00fche rappelt er sich auf, er hat sein Ziel gew\u00e4hlt. Nicht weit der Grenze von Deutschland nach D\u00e4nemark, ein kleines Dorf. Um genau zu sein liegen dort mehrere kleine D\u00f6rfer. Dort w\u00fcrde er schon eine billige Unterkunft finden. Tourismus gab es dort keinen, also d\u00fcrfte dort wenig bis gar kein Geld an G\u00e4sten verdient werden. Jetzt musste er sich noch eine neue Pers\u00f6nlichkeit geben. Simon konnte und wollte er nicht mehr f\u00fcr die \u00d6ffentlichkeit hei\u00dfen, aber wie sollte er sich nennen? Lukas, Michael, Andreas oder so etwas wie Thorsten, Sven oder etwas ganz anderes? Noch konnte er sich das \u00dcberlegen, aber irgendwann w\u00fcrde er sein Ziel erreichen und dann brauch er einen Namen. Vielleicht f\u00e4llt er die Entscheidung auch spontan? Aber ein Nachname f\u00e4llt ihm ein. Unauff\u00e4llig, Allt\u00e4glich. M\u00fcller, er hie\u00df schon mal Herr M\u00fcller. Auf jeden Fall durfte er sich keinen Adelstitel geben oder so was. Herr von M\u00fcller, nein. Die Geschichte, die er sich dann f\u00fcr seine Ahnenkette ausdenken m\u00fcsste w\u00e4re viel zu kompliziert. Alleine das Ausdenken w\u00e4re zuviel, aber dazu m\u00fcsste er es immer und immer wieder gleich erz\u00e4hlen. Herr M\u00fcller und ein Vorname w\u00fcrde ihm schon noch \u0001 \u0002 schoss ihm ein neuer Gedanke durch den Kopf. Die M\u00e4dchen kannten doch jetzt alle sein Gesicht und seine Stimme. Sie k\u00f6nnten ihn identifizieren, schlimmer noch, verraten. Sie hatten ihn bestimmt nur aufhalten wollen und ihn lange hingehalten. Er musste schnell weiter. Hatte er laut ge\u00e4u\u00dfert wohin er jetzt fahren wollte? Er konnte sich nicht daran erinnern. Im Zug f\u00fchlte er sich sicherer, also steht er auf. Er verzerrt Schmerzerf\u00fcllt sein Gesicht. Mit dem Fu\u00df w\u00fcrde er nicht mehr weit kommen, hoffentlich schaffte er es bis zu seinem Gleis. Er muss noch Treppen laufen. Hoffentlich hat dieser Bahnhof Rolltreppen, denkt er. Er humpelt in Richtung seines Gleises. Zeitlich w\u00fcrde er es bei dem Tempo schaffen. Wenn man ihn unterwegs nicht \u0001 \u0002 Bahnhof hatte Rolltreppen und Simon konnte f\u00fcr wenige Sekunden verschnaufen, das humpeln strengte ihn sehr an. Was durch ein stechen durch das ganze rechte Bein bei jedem heben des Beines verst\u00e4rkt wurde. Nur mit M\u00fche schrie er nicht erneut auf. Er fing an zu schwitzen. Jetzt war er sehr froh dar\u00fcber, dass er keine Tasche oder einen Rucksack dabei hatte. Nur volle Hosentaschen, aber der G\u00fcrtel hielt. Er zog sich nahezu die Wand entlang. Sein K\u00f6rper wurde merklich Schw\u00e4cher und der Schmerz nahm ihm seine letzten Kr\u00e4fte. Er lehnte sich Schwei\u00dfgebadet an die Wand, niemand beachtete \u0001 \u0002 atmet tief durch und konzentriert sich ganz darauf jetzt nicht aufzugeben. Was hatte er sich all die letzten Jahre vermittelt, an denen er auf sich alleine gestellt gewesen war? Selbstdisziplin, Selbstbeherrschung, nicht Aufgeben. Mit neuer Kraft, gesch\u00f6pft aus dem einzigen Ziel, seine Bahn zu erreichen, schleppt er sich zu seinem Gleis. Die letzten Meter sind die schlimmsten. Seine Augen tr\u00e4nen und er kann den Schmerzen kaum noch standhalten. Bemerkte das denn niemand? Er humpelte zur T\u00fcr der Bahn, sie ging auf. Die Bahn sollte in drei Minuten abfahren. Er setzt sich auf den n\u00e4chsten freien Platz. Neben ihm sitzt eine ungef\u00e4hr 22 Jahre alte Frau, \u00e4lter w\u00fcrde sie nicht sein. Schlank ist sie und hat kurze, hellbraune Haare. Sie liest an einem Buch, ein Thriller. Simon kannte das Buch sogar. Als es neu erschienen war, war er zu einer Autoren Vorlesung eingeladen worden. Von Alex. Alex, wieso musste ausgerechnet er sterben? Lieber w\u00e4re Simon f\u00fcr ihn gestorben. Aber f\u00fcr Wunschgedanken war keine Zeit. Er hatte jetzt ein Ziel zu erreichen. Schwer atmend sitzt er im Zug und ein zittern geht durch seinen gesamten K\u00f6rper. Sein Herz schl\u00e4gt wahnsinnig schnell und er versucht sich wieder zu beruhigen. Einige Menschen im Zug beschauen ihn argw\u00f6hnisch, aber Geier fallen auch nur \u00fcber totes Fleisch her. Simon wusste nicht ob er um Hilfe bitten solle, was sollte ihm denn geholfen werden? Er m\u00fcsste ins Krankenhaus oder zumindest zu einem Arzt, wenn er wollte, dass sein Fu\u00df wieder heilen kann. Hatte er sich Schmerztabletten mitgenommen? Er durchsucht seine Hosentaschen. Nichts. Hoffentlich w\u00fcrde er die Schmerzen w\u00e4hrend der Fahrt noch aushalten und dann an einer Bahnhofsapotheke vorbei kommen. Eine Schw\u00e4che \u00fcberkommt ihn und er lehnt sich in seinen Sitz. Wann f\u00e4hrt der Zug endlich los, fragt er sich. Die Frau neben ihm schaut von ihrem Buch auf und guckt zu Simon. Simon tut so, als w\u00fcrde er sie nicht beachten. Er hatte andere Probleme und was sollte daran so schlimm sein? Sie guckte noch mal zu ihm, dieses mal erwiderte Simon den Blick und sie schaute wieder weg und vertiefte sich in ihr Buch. Endlich f\u00e4hrt der Zug los. Simon schlie\u00dft die Augen um wieder zu schlafen oder zumindest zu d\u00f6sen. Was er jetzt nicht bemerkt ist, dass ihn seine Sitznachbarin genauer beschaut. Als w\u00fcrde sie jemanden in ihm erkennen. Der Zug f\u00e4hrt leise weiter und Simon schl\u00e4ft \u0001 \u0002 er wieder aufwacht befindet er sich irgendwo auf der Strecke zu seinem Zielbahnhof. Desorientiert schaut er aus dem Fenster und reibt sich die Augen. Er schaut auf seine Uhr. Knapp drei Stunden f\u00e4hrt er jetzt mit dem Zug. Der Platz neben ihm ist frei. Die Frau war wohl ausgestiegen. Er rutscht auf den Fensterplatz. Der Platz ist noch warm und ein sch\u00f6ner, s\u00fc\u00dflicher Duft steigt Simon in die Nase. Hatte er \u00fcberhaupt noch das recht \u00fcber andere Menschen nachzudenken? Was er den ganzen M\u00e4dchen angetan hatte war doch nicht mehr menschlich gewesen. Wieso tat er es, wenn er doch wusste, dass es falsch ist. Er wusste vielleicht, dass es nicht menschlich ist, aber dieses mehr als geile Gef\u00fchl, was er hatte, wenn er das Blut der M\u00e4dchen sah und sie schreien wollten und panische Angst hatten. Es war viel zu geil um damit aufzuh\u00f6ren. Jetzt wo er dr\u00fcber nachdachte gefiel ihm, dass sich das M\u00e4dchen auf der Bahnhofstoilette eingepinkelt hatte. Vor Angst. Sie hatte wirkliche Angst vor ihm gehabt. Er war der Boss, er hatte die Macht \u00fcber Tod, Leben und Blut. Er h\u00e4tte sie t\u00f6ten k\u00f6nnen, aber da war er ein viel zu lieber Mensch zu. Das war es. Die M\u00e4dchen sollten ihm dankbar sein, dass sie alle noch lebten! Simon f\u00fchlte sich stark. Nicht mehr wie vor ein paar Tagen. Die er alleine in einer Hafengasse gelebt hatte. Dieses Leben war jetzt vorbei! Er w\u00fcrde etwas Gro\u00dfes machen. W\u00fcrde der ganzen Welt Angst machen. Mehr M\u00e4dchen verletzten. Er muss sich ein Zeichen ausdenken, was er jedem seiner Opfer \u0001 \u0002\u2026Die sechs gef\u00e4llt ihm. Ein drittel der Zahl des Teufels, das w\u00fcrde bedrohlich r\u00fcberkommen. Einfach sechs als seine Zahl. Er muss \u00fcben wie er die Zahl ritzen m\u00f6chte. Vielleicht mit einem speziellen Bogen drin, dass es unverkennbar ist, aber das w\u00fcrde er spontan entscheiden. Schade f\u00fcr die M\u00e4dchen, die er schon in seiner Gewalt hatte. Sie w\u00fcrden nicht von ihm markiert werden. Der gr\u00f6\u00dfte Vorteil davon w\u00e4re, dass er niemals jemanden doppelt nehmen w\u00fcrde. Wo w\u00e4re da sonst der Spa\u00df?In diesem innerlichen H\u00f6henflug und mit seinen kranken Gedanken besch\u00e4ftigt f\u00e4hrt Simon weiter. Und er flieht keineswegs, sagt er sich. Sondern er m\u00f6chte sich wie ein Virus verbreiten. Er hatte seine Heimat nur verlassen um keine emotionalen Erinnerungen und Blockaden im Wege zu haben. Und, wenn ihn niemand kennt f\u00fchlt er sich viel wohler, als ein bekanntes Gesicht zu sein, f\u00fcr die Menschen, die in seiner Umgebung wohnen. Dann, wenn man ihn kennt, zieht er eben wieder um. Er war ja bescheiden und hatte das was er brauchte alles bei sich dabei. Ein bisschen mehr k\u00f6nnte es sein, aber er w\u00fcrde bestimmt einen Rucksack und alles Notwendige f\u00fcr sich \u0001 \u0002 Gedanken vertieft bemerkt Simon nicht, dass er beobachtet wird. Von einer Frau, die ungef\u00e4hr 22 Jahre jung ist. Sie ist Schlank und hat kurze, hellbraune Haare. Sie schaut ihm still zu, versteckt in einem dunklen Winkel der \u0001 \u0002 steht auf, weil der Zug gleich sein Zielbahnhof erreicht hat. Auf dem Weg zur T\u00fcr st\u00f6\u00dft er mit der Frau zusammen. Sch\u00fcttelt den Kopf und steigt aus. Sie steigt kurz darauf auch aus. Und z\u00fcckt ihr Handy\u2026",
            "wordcount": "1.777",
            "chapter_release": "12.04.2012",
            "chapter_number": "7"
        }
    },
    "title": "Blut...",
    "topic": "unspecified",
    "release": "\n12.04.2012\n\t\t\t\t\t\t",
    "author": "SirFranticLight"
}