{
    "tags": [],
    "chapcount": "2",
    "wordcount": "10.020",
    "chapters": {
        "1": {
            "text": "Drei Monate sind nun vergangen, seit ich in das Guy's Hospital eingeliefert wurde. Die behandelnden \u00c4rzte k\u00fcmmern sich um mich, so gut es in dieser schweren Zeit eben m\u00f6glich ist. Dennoch vergeht keine Nacht, in der ich nicht vom Schwei\u00df v\u00f6llig durchn\u00e4sst erwache und schwer atme. Die Alptr\u00e4ume, die mich plagen sind vielf\u00e4ltiger Natur, aber jedes Mal wenn mein Blick nach dem Erwachen auf das kleine, in Leder gebundene Notizbuch f\u00e4llt, dass vom Mondlicht erleuchtet auf dem Tisch neben meinem Bett liegt, dann wei\u00df ich, dass sie alle ein und dieselbe Ursache haben. Den \u00c4rzten und Polizisten habe ich bislang nur eine hastig erfundene, wirre Geschichte erz\u00e4hlt, um meine schweren Wunden an den Beinen, den Armen und im Gesicht zu erkl\u00e4ren, die mich seither grausam entstellen. Sie haben auch bislang nicht erfahren, woher jene seltsame Substanz stammt, deren Reste sie in meinem Blut fanden oder wie ich zu meinem schweren Trauma kam. Ich habe ihnen bisher die Wahrheit vorenthalten, aus Angst, man w\u00fcrde mir nicht glauben. Ich bin sowieso kurz davor, in ein Irrenhaus gesteckt zu werden. Dieser Bericht soll klarstellen, wie ich in jener kalten Dezembernacht dem Hagel deutscher Bomben entkommen konnte, der \u00fcber Southwark niederging und wie aus einem respektablen Lehrer ein seelisches Wrack werden konnte, wie ich es heute darstelle. Ich wurde durch meinen mittlerweile verstorbenen Freund Dr. Aaron Broadwood in diese beunruhigende Angelegenheit verwickelt. Aaron und ich waren seit unserer Studienzeit eng befreundet gewesen. Danach schlugen wir allerdings so unterschiedliche Wege ein, dass wir uns kaum noch zu Gesicht bekamen. W\u00e4hrend ich mich in London niederlie\u00df, um mein Lehramt zu beginnen, erlaubte ihm sein gro\u00dfz\u00fcgiges Erbe ohne wirklichen Beruf zu leben und er beteiligte sich oft an wissenschaftlichen Expeditionen in alle Erdteile. Manchmal beneidete ich ihn um diese abenteuerlichen Reisen in die Ferne, die ihn schon auf die Philippinen, ins Herz Afrikas und nach S\u00fcdamerika gef\u00fchrt hatten. W\u00e4hrend seiner monate-, manchmal jahrelangen Abwesenheit blieben wir nur durch best\u00e4ndigen Briefverkehr in Kontakt. Seine letzte Expedition hatte ihn als Teil eines britisch-amerikanischen Forschungsteams nach Borneo gef\u00fchrt. Drei Tage bevor sein Schiff, die Yorkshire am 7. Juli 1939 in Southampton ablegte, war er nach langer Zeit wieder einmal bei mir zu Besuch. Doch er kam nicht allein. Er brachte den Leiter der Expedition mit, Professor Gibson. Der Professor war ein etwas beleibter Mann um die sechzig, mit einem wei\u00dfen, weit zur\u00fcckgegangen Haaransatz. Wenn er l\u00e4chelte, was er an jenem Nachmittag selten tat und wenn ich ihn bei sp\u00e4teren Gelegenheiten sah, gar nicht mehr, dann entbl\u00f6\u00dfte er seine gelben, zerfurchten Pferdez\u00e4hne. Abgesehen von seinem nicht gerade angenehmen \u00c4u\u00dferen und seiner eher m\u00fcrrischen Stimmung, war es aber ein Genuss mit ihm \u00fcber die Ziele der Expedition zu diskutieren. So sa\u00dfen wir an jenem Sommertag stundenlang auf der Terrasse meines kleinen Hauses und ahnten wenig von den katastrophalen Ereignissen, die sich nur allzu bald auf dem Kontinent abspielen w\u00fcrden. Die Yorkshire legte planm\u00e4\u00dfig ab und wie schon so oft schickte Aaron mir von jeder Zwischenstation auf ihrer Reise einen Brief. Ende August erreichte mich schlie\u00dflich eine Nachricht aus Niederl\u00e4ndisch-Indien, in der er berichtete, das Schiff h\u00e4tte in Borneo angelegt und die Expedition mache sich jetzt in den tiefsten, unber\u00fchrten Dschungel auf. Dies sollte der letzte Brief sein, den ich f\u00fcr lange Zeit von meinem guten Freund erhielt. Kurz darauf brach der Krieg in Europa aus. Dass Deutschland es tats\u00e4chlich wieder wagte, einen Konflikt vom Zaun zu brechen, stimmte mich fassungslos. Mein Vater war im Gro\u00dfen Krieg an der Somme umgekommen und dieser Schock aus der Kindheit sa\u00df tief. Mit der Zeit verga\u00df ich Aaron v\u00f6llig. Umso \u00fcberraschter war ich, als ich Mitte 1940 einen Brief erhielt, der in Batavia abgestempelt war. Aaron Broadwood berichtete, dass die Expedition erst vor kurzem von den Vorg\u00e4ngen in Europa erfahren habe. Alle w\u00e4ren geschockt. Einstimmig h\u00e4tte man beschlossen, die Heimreise anzutreten, um K\u00f6nig und Vaterland zu unterst\u00fctzen. Der Brief war sehr umfangreich, mehrere Seiten, beschrieben in Aarons gro\u00dfer, schn\u00f6rkeliger Handschrift. Er gab routiniert eine knappe Beschreibung des Ablaufs der Expedition und vor allem ihrer Entdeckungen. Ich sch\u00e4me mich ein wenig daf\u00fcr, dass der Bericht, den ich im Folgenden zusammenfasse mich mehr schockierte, als die Zahl der Toten, die die letzte Bombardierung gefordert hatte. Ich besitze diesen Brief leider nicht mehr und kann den genauen Wortlaut daher nicht wiedergeben. Ich werde aber so gut es geht seinen Inhalt beschreiben. Die ersten Monate verliefen vergleichsweise normal und der wissenschaftliche Wert der Ergebnisse hielt sich in engen Grenzen. Dem Zeitraum September 1939 bis Februar 1940 schenkte Aaron wenig Aufmerksamkeit. Den weitaus gr\u00f6\u00dften Anteil an seinem Bericht hatten die Ereignisse, die sich Ende Februar ereignet hatten. Die Gruppe unter Professor Gibson gelangte am 25. Februar 1940 in eine Region des Urwaldes, die ihnen seltsam erschien. Zun\u00e4chst konnte keiner von ihnen objektiv erkennen, was dieses unangenehme Gef\u00fchl verursachte, dass sie beschlich, wenn sie ans Weitergehen dachten. Es war so, als l\u00e4ge der Grund daf\u00fcr genau vor ihrer Nase, aber ihr Blick ginge ganz knapp daran vorbei. Einer der Studenten, f\u00fcr die diese Reise eine ungeheure Ehre bedeutete, sprach schlie\u00dflich aus, was keiner hatte formulieren k\u00f6nnen. Es gab in der ganzen Umgebung kein einziges lebendiges Tier. Hier und da lag eine tote Echse oder anderes Kleintier im Gestr\u00fcpp, aber nicht einmal die Insekten, die sie begleitet hatten, seit sie den Wald betreten hatten und die Aaron in so vielen N\u00e4chten mit ihrem penetranten Summen den Schlaf geraubt hatten, waren zu h\u00f6ren. Als sie verunsichert ihren Marsch fortsetzten und sich dabei dem immer dichter werdenden Pflanzenwerk erwehren mussten, machten sie eine noch schrecklichere Entdeckung. Dort lag an einer Stelle ein Nasenaffe, sein Fell verklebt vom eigenen Blut. Er musste hier seit mehreren Tagen liegen, doch bislang hatte der s\u00fc\u00dfliche Geruch seines verwesenden K\u00f6rpers noch keine Fliegen angezogen. Zwei tiefe, l\u00e4ngliche Wunden klafften im Sch\u00e4del und auf der linken Brustseite. Es sah so aus, als habe der Angreifer an diesen Stellen zun\u00e4chst die Haut zusammengedr\u00fcckt und die entstandene Beule mit ungeheurer Kraft herausgerissen. Die Wunden waren an die zehn Zentimeter lang und am Rand mit einem seltsamen, transparenten Schleim verklebt. Keiner konnte sich erkl\u00e4ren, welches Tier dazu imstande war oder welcher Mensch derartig handeln w\u00fcrde. Professor Gibson war vom Anblick der toten Affen besonders angewidert, aber auch fasziniert. Er bestimmte, dass die Gruppe an dieser Stelle ihr Lager aufschlagen werde, um das Tier in der Nacht genauer zu untersuchen. Unter den M\u00e4nner machte sich Unmut breit. Die unglaubliche Stille in diesem Bereich des Waldes wirkte erdr\u00fcckend und der Gedanke, was der Grund f\u00fcr diese Stille war, noch viel erdr\u00fcckender. Die Abwesenheit jeder Art von tierischen Lebens verhie\u00df nichts gutes. Man stellte die Zelte auf und Gibson und zwei weitere Studenten machten sich daran, den Nasenaffen zu sezieren. Aaron, der f\u00fcr die erste Wache eingeteilt worden war, f\u00fcrchtete sich vor der absoluten Stille der Nacht, die ihm noch dr\u00fcckender erschien als die st\u00e4ndige Ger\u00e4uschkulisse, an die er sich mittlerweile gew\u00f6hnt hatte. Zu gern w\u00e4re er einige Kilometer nach S\u00fcden zur\u00fcckgegangen, wo die Welt noch in Ordnung war. Die dichten, riesigen B\u00e4ume, denen er sich gegen\u00fcber sah, hinter denen die Finsternis immer undurchdringlicher wurde und die weit ausladenden \u00c4ste \u00fcber ihm, die nur wenige Mondstrahlen hindurch lie\u00dfen, vermittelten ihm das Gef\u00fchl, hier gefangen zu sein. Und manchmal, wenn er gerade begonnen hatte, sich gedanklich von diesem Ort zu entfernen, gab es eben doch Dinge zu h\u00f6ren. Es waren nur sehr leise Knackger\u00e4usche, ein kurzes, hastiges Rascheln in den B\u00e4umen \u00fcber ihm und im Gestr\u00fcpp am Boden neben ihm. Ein huschender, trippelnder Schatten, den er nur aus dem Augenwinkel wahrnahm. Bis auf den Professor und seine Gehilfen, hatten sich mittlerweile alle schlafen gelegt. Er hielt es nicht f\u00fcr n\u00f6tig, sie zu wecken, doch der Gedanke, herauszufinden, welche Tierart hier \u00fcberlebt haben mochte, lie\u00df ihn nicht in Ruhe. Gegen Mitternacht rief einer der Studenten ihn in das zu einem provisorischen Labor umfunktionierte Zelt Professor Gibsons. Eine schwache Gl\u00fchbirne spendete flackerndes Licht und erlaubte den Blick auf den ausklappbaren Metalltisch in der Mitte. Darauf lagen die blutigen \u00dcberreste des Nasenaffen, zudem einige Gef\u00e4\u00dfe, in denen offensichtlich Proben seiner K\u00f6rperfl\u00fcssigkeiten aufbewahrt wurden. Da Aaron hohe Kenntnisse auf dem Gebiet der Biochemie besa\u00df, wollte Professor Gibson ihm unbedingt seine Ergebnisse mitteilen. Bei der Untersuchung des Blutes, dass nat\u00fcrlich l\u00e4ngst vertrocknet war, war es gelungen, eine unbekannte Substanz herauszufiltern. Sie war identisch mit jenem schleimigen Sekret, dass man am Rand der Wunden gefunden hatte. Ihre Herkunft war unbekannt. Zum Erstaunen aller Beteiligten war aber weder diese Substanz, die v\u00f6llig ungiftig erschien, noch der Blutverlust die Todesursache gewesen. Der Affe war schlichtweg verdurstet. Die Autopsie hatte gezeigt, dass zahlreiche wichtige Muskelstr\u00e4nge zerrissen waren. Professor Gibson vermutete, dass dem ein spastischer Anfall von unglaublicher Heftigkeit vorangegangen sein musste. Der Affe hatte sich nicht mehr bewegen und keine Nahrung mehr finden k\u00f6nnen. Aaron gefielen die toten, vor Angst geweiteten Augen des Tieres nicht. Zu sehr erinnerte der Ausdruck ihn an den eines in Panik schreienden Menschen. Mein Freund lie\u00df sich die kleinen Reagenzgl\u00e4ser mit den Proben des Sekrets zeigen, musste aber zugeben, das er ratlos war. Die Herkunft und die genaue Wirkung dieser Substanz blieben im Dunkeln. Aaron erz\u00e4hlte derweil seinerseits von seinen Erlebnissen vor dem Zelt und von den Ger\u00e4uschen, die er geh\u00f6rt hatte. Gibson war sehr interessiert, und so beschlossen sie und einer der Studenten, ein junger Amerikaner namens Rawland, sich sogleich in den Wald aufzumachen und die Verursacher der verd\u00e4chtigen, beunruhigen Kl\u00e4nge zu finden. Aaron beschrieb diese Wanderung durch das dichte, finstere Unterholz dieser Insel, die ihre schwei\u00dftreibenden, tropischen Temperaturen auch nachts aufrecht erh\u00e4lt, als eines der schrecklichsten Erlebnisse seines Leben. Wiederum lag das haupts\u00e4chlich an der absoluten Stille, die sie umgab. Abgesehen von jenen, die sie selber verursachten, war kein anderer Laut zu h\u00f6ren. Best\u00fcrzende Fragen beschlichen ihn. Unter anderem die, wohin die vielen Tausend Tiere verschwunden waren, die dieses Gebiet bewohnt hatten mussten. Selbst wenn sie auf die selbe Weise get\u00f6tet worden waren, wie der gefundene Nasenaffe oder die Echsen, wo waren dann ihre Leichen? Wo war \u00fcberhaupt irgendeine Spur tierischen Lebens? Ihre Taschenlampen erhellten den von ineinander verzweigten Wurzeln \u00fcbers\u00e4ten Weg vor ihnen und trotzdem w\u00e4ren sie zwischen den dicht beieinander stehenden B\u00e4umen mehrfach fast gest\u00fcrzt. Nach einigen Minuten begann sich ein unangenehmer Geruch von Verwesung breit zu machen. Der Gestank vergammelnden Fleisches lie\u00df die Luft zwischen den B\u00e4umen dick werden und qu\u00e4lte die Nasen meines Freundes und seiner Begleiter. Professor Gibson fl\u00fcsterte immer wieder zusammenhanglose S\u00e4tze, mehr zu sich selbst als zu den anderen. Laut zu denken war eine Angewohnheit, die er immer zeigte, wenn er aufgeregt war. Dem Studenten Rawland lie\u00df der Gestank die Augen tr\u00e4nen. In diesem Moment begann Aaron wieder die Ger\u00e4usche zu h\u00f6ren, aber lauter und zahlreicher als zuvor im Lager. Er schwenkte die Lampe hastig in alle Richtungen. Er bedeutete seinen Begleitern, still zu sein. Ein langes Knistern und Rascheln in den Baumkronen. Aaron suchte die Wipfel \u00fcber sich mit konzentrierten Blicken ab. Pl\u00f6tzlich stie\u00df er einen \u00fcberraschten Laut aus. Er hatte sich erschrocken und lie\u00df seine Taschenlampe fallen. Die tropische Hitze und der Verwesungsgeruch lie\u00dfen ihn schwindeln, aber er war sich ziemlich sicher f\u00fcr einen Augenblick am Stamm eines nahen Baumes h\u00e4ngend, irgendein Tier gesehen zu haben. W\u00e4hrend Aaron sich b\u00fcckte, um seine Lampe wieder aufzuheben, beleuchtete Rawland mit der seinen die entsprechende Stelle. Er und der Professor waren nicht weniger \u00fcberrascht, vielmehr entsetzt von dem, was sie sahen. Eine Art von Tier, die es nicht geben durfte. Am Stamm des Baumes hing eine etwa zwanzig Zentimeter breite und f\u00fcnfundzwanzig Zentimeter lange Spinne von braun-schwarzer Farbe. An ihrem Kopf sa\u00dfen acht kleine, gl\u00e4nzende Augen und ein Paar \u00fcberproportional gro\u00dfe Mundwerkzeuge. Der Anblick dieses unnat\u00fcrlich gro\u00dfen Spinnentiers raubte allen Anwesenden den Atem und mir lief, als ich Aarons Beschreibung in seinem Brief las, ein kalter Schauer \u00fcber den R\u00fccken, der mich den warmen Fr\u00fchlingstag vergessen lie\u00df. Randolph Gibson fing sich als erster. In ihm war der Forschergeist sofort erwacht. Der Gedanke daran, eine neuartige, derart revolution\u00e4r abweichende Spinnenart zu entdecken, gefiel ihm. Rawland, der noch jung und unerfahren war, reagierte entsetzt angesichts dieser Abnormit\u00e4t und auch Aaron selbst konnte nicht leugnen, dass ihm dieses Wesen unbehaglich war. W\u00e4hrend Gibson sich langsam dem Baum n\u00e4herte, um die Spinne genauer anzusehen, raste diese pl\u00f6tzlich mit unvorstellbarer Geschwindigkeit am Stamm hinauf und verschwand in der undurchdringlichen Finsternis der \u00c4ste. Entgegen der Einw\u00e4nde von Rawland und Aaron entschied Gibson, weiter zu gehen, in der Hoffnung, weitere Exemplare dieser unbekannten Gattung zu entdecken. In Aarons Kopf jagten derweil die schrecklichsten Gedanken und Ideen einander. Die Mundwerkzeuge, die Zangen dieser Spinnen erinnert ihn in schrecklicher Weise an die Abdr\u00fccke, die die Wunden der gefundenen Leichen \u0001 \u0002 sie weitergingen, nahm der Geruch von Tod und Zersetzung immer mehr zu. Sie n\u00e4herten sich seiner unbekannten Quelle. Zun\u00e4chst vereinzelt, dann immer h\u00e4ufiger und schlie\u00dflich sogar in kleinen Gruppen von drei bis f\u00fcnf Exemplaren, zeigten sich die Spinnen auf dem Boden und in den B\u00e4umen. Sie ergriffen schnell die Flucht, sodass eine genau Beobachtung nicht m\u00f6glich war, aber Aaron erschauderte jedes Mal, wenn er eins dieser monstr\u00f6sen Wesen zu Gesicht bekam. Nachdem sie noch eine Weile lang weiter marschiert waren \u2013 Aaron dr\u00fcckte sich in diesem Punkt sehr ungenau aus \u2013 war es diesmal Gibson selbst, der die n\u00e4chste Entdeckung machte. Zwischen mehreren B\u00e4umen vor ihnen spannte sich ein riesiges Netz, dass vom Boden bis in die h\u00f6chsten Wipfel reichte. Es war sehr engmaschig gesponnen und mutete in seiner Symmetrie und fast k\u00fcnstlerischen Ausf\u00fchrung wie ein t\u00f6dliches Mosaik an. Jeder der wei\u00dflichen F\u00e4den war in etwa so dick wie ein Zeigefinger. Das ersch\u00fctterndste aber war nicht das Netz selbst, sondern dass, was sich in ihm verfangen hatte. Die Quelle des Verwesungsgeruchs. Dutzende kleinerer und gr\u00f6\u00dferer Tiere hatten sich in dieser klebrigen Falle verfangen. An den h\u00f6chsten Stellen des Netzes waren sogar einige V\u00f6gel zu erkennen. Unten hingen vor allem kleinere Affen, Sch\u00f6nh\u00f6rnchen und andere Nagetiere. Viele von ihnen waren von den furchtbaren Bisswunden \u00fcbers\u00e4t. Einige waren bereits halb aufgefressen worden, andere waren anscheinend noch nicht lange gefangen. Sie wiesen noch keine Bisswunden auf und zappelten hin und wieder. Sie waren vermutlich am Ende ihrer Kr\u00e4fte. Eine der riesigen Spinnen kletterte aus der Dunkelheit von oben das Netz herab und machte sich daran, mit ihren Zangen ein St\u00fcck Fleisch aus dem R\u00fccken eines jungen, noch lebendigen Orang-Utans. Der Affe bot seine letzten Kr\u00e4fte auf, schrie heiser, zuckte, soweit es m\u00f6glich war, mit allen Gliedma\u00dfen. Doch dann, von einem Moment auf den anderen, erschlaffte sein K\u00f6rper. Er war nicht tot. Seine Augen h\u00f6rten auf, sich zu bewegen und sein Atem wurde ruhig. Die Spinne hatte ihre F\u00e4nge in der von ihr geschaffenen Wunde vergraben. Sie zog einen Brocken Haut- und Fettgewebe aus dem K\u00f6rper des Affen und kletterte wieder nach oben. Die drei Wissenschaftler hatten das Schauspiel gebannt verfolgt. Aaron verf\u00e4llt an dieser Stelle seines Berichtes in einen Monolog \u00fcber die grundlegende Grausamkeit der Natur, den ich hier nicht wiedergeben will. Auf vielfaches Bitten seiner Begleiter hin, erkl\u00e4rte Professor Gibson sich nun doch bereit, ins Lager zur\u00fcckzukehren und die weitere Erforschung der Spinnen auf den n\u00e4chsten Tag zu verschieben. In der folgenden Woche gab es f\u00fcr die Expedition kein anderes Thema mehr. Professor Gibson trieb alle in einer Weise zur Arbeit an, die man als hysterisch beschreiben konnte. Es gelang, mehrere Exemplare der Spinnen gefangen zu nehmen, da diese offenbar Respekt vor den ihnen noch unbekannten Menschen hatten. Gibson stellte bei seinen weiteren Untersuchungen des Spinnennetzes fest, dass diese ein unvorstellbar gro\u00dfes Areal des Waldes \u00fcberziehen mussten. Ein weiteres Vordringen ins innere dieses ungeheuren Netzwerkes, dass den Spinnen offenbar gleicherma\u00dfen als Nahrungsquelle wie als Schutzwall diente, war mit den beschr\u00e4nkten technischen M\u00f6glichkeiten der Expedition undenkbar. Einen wissenschaftlichen Namen hatte der Professor der neuen Art mit dem Recht des Entdeckers mittlerweile auch verliehen. Er nannte sie Arachnia imperatoris, die Imperatorspinne. Gibsons Besessenheit von diesen Kreaturen fiel Aaron und einigen seiner Kollegen, darunter vor allem Rawland, besonders auf. Der hagere, alte Mann schlief von Nacht zu Nacht weniger und verlie\u00df das Laborzelt nur noch, wenn es darum ging, neue Proben zu sammeln oder zu Essen. Er t\u00f6tete einige der gefangen Spinnen, untersuchte die Zusammensetzung ihres Giftes. Er kam zu keinem Ergebnis. Das und andere R\u00fcckschl\u00e4ge, machten ihn rasend. Aaron schrieb von mehreren, schlimmen Wutausbr\u00fcchen, die die Stimmung im Lager an den Rand einer Meuterei trieben. Anfang M\u00e4rz schien dies schon fast unausweichlich, als Gibson urpl\u00f6tzlich ank\u00fcndigte, man werde die Zelte am n\u00e4chsten Tag abbrechen und nach Bendjermasin zur\u00fcckkehren, wo die Yorkshire nach wie vor Anker lag. Er h\u00e4tte alle Informationen \u00fcber diese neue Spinnenart gesammelt, die er mit seinen hiesigen Mitteln in Erfahrung bringen konnte. Der n\u00e4chste Schritt sei die R\u00fcckkehr nach Hause, um die wissenschaftliche Arbeit dort unter besseren Bedingungen fortzusetzen. So erfolgte der mehrt\u00e4gige Marsch auf jene gro\u00dfe Hafenstadt im S\u00fcden Borneos. Die gesamte Gruppe zeigte sich erleichtert, als man in der ersten Nacht nach dem Aufbruch wieder das best\u00e4ndige Summen aller m\u00f6glichen Insektenarten wahrnehmen konnte und zahlreiche V\u00f6gel und andere Tiere sich bemerkbar machten. Es war, als w\u00e4ren sie aus dem Reich der Toten in jenes der Lebenden zur\u00fcckgekehrt. Die Aufgabe, die Imperatorspinnen w\u00e4hrend der R\u00fcckreise aus dem Dschungel zu transportieren und zu versorgen, war zwei Wissenschaftlern Anfang drei\u00dfig zugefallen, von denen Aaron nur den einen, Dr. William Crenshaw namentlich nannte. Sie stellten sich im Umgang mit den Tieren sehr ungeschickt an und keiner konnte es ihnen verdenken. Jedes mal, wenn sie einen ihrer zwanzig Zentimeter gro\u00dfen Sch\u00fctzlinge zu Gesicht bekamen, konnten sie ein kurzes Zucken nicht verhindern. Der Anblick war einfach zu unwirklich und erschreckend. Und William Crenshaw war es auch, der am Ende das einzige Todesopfer darstellte, dass die Expedition in den Dschungel Borneos forderte. Doch er kam auf so eigent\u00fcmliche Weise ums Leben, dass Aaron selbst anzweifelte, ob dies wirklich geschehen war. Es war der 6. M\u00e4rz 1940, drei Tage vor ihrer Ankunft in Benderjermasin. Dr. Crenshaw und sein Kollege, die die Kiste mit dem Dutzend Spinnen auf einem Handwagen transportierten, der im unwegsamen Gel\u00e4nde des Dschungels nat\u00fcrlich nur schwer vorankam, machten sich gegen Abend daran, die Biester zu f\u00fcttern. Dazu hob Crenshaw, mittlerweile routiniert, den Deckel der Kiste an und lie\u00df mehrere Brocken Fleisch hinein fallen, als v\u00f6llig unerwartet eine der Spinnen in die H\u00f6he schnellte und sich in seinem Handgelenk verbiss. Seine Schreie m\u00fcssen kilometerweit zu h\u00f6ren gewesen sein. Seine Kollegen, darunter Aaron, waren nat\u00fcrlich sofort zur Stelle, rissen die Spinne, die sich am wild umher rudernden Arm des schreienden Mannes festgeklammert hatte, herunter und zertraten sie auf dem Boden. Damit war es aber nicht getan. Beim Verbinden der Wunde wurde klar, dass die Spinne ihm etwas von ihrem Sekret eingefl\u00f6\u00dft hatte. Die freudige Stimmung \u00fcber die Heimkehr war an diesem Abend getr\u00fcbt, denn keiner konnte ahnen, welche Auswirkungen das auf den K\u00f6rper des Wissenschaftlers haben w\u00fcrde. Crenshaw selbst war verst\u00e4ndlicherweise angespannt. Er hatte die \u00dcberreste der Tiere gesehen, die ebenfalls von den Spinnen gebissen worden waren. Doch abgesehen von einem leichten Schwindelgef\u00fchl, dass aber auch auf den Blutverlust zur\u00fcckgef\u00fchrt werden konnte, waren zun\u00e4chst keine negativen Auswirkungen feststellbar. In dieser Nacht aber, so berichtete Aaron weiter habe, der Verletzte begonnen, im Schlaf zu sprechen. Sogar recht deutlich und artikuliert, was bei einer derartigen Angelegenheit eher untypisch ist. \u201eNodos, Nodos. Nodos im Herzen, Nodos \u00fcberall. Nodos, Nodos\u201c, skandierte er in einem leeren, irgendwie entr\u00fcckt klingenden Tonfall, immer und immer wieder. Die Spinnen in ihrer Kiste, die man vorsorglich noch besser verriegelt hatte, begannen zu rumoren und schlugen gegen die Innenseiten. Das Schlagen und Poltern weckte unangenehme Vorstellungen von Holz, dass der Gewalt nicht mehr widerstand, von W\u00e4nden, die Zebrachen und Kisten, die ihren t\u00f6dlichen Inhalt freigaben. Nach einiger Zeit, in der Aaron nur gebannt gelauscht hatte, begann Crenshaws Stimme holpriger zu werden. Er atmete schwer und seine Stimme lie\u00df nun ein Gef\u00fchl des Ekels vernehmen. Es war, als w\u00e4ren diese Worte, die er da sprach, etwas widerliches, dass man mit aller M\u00fche aus sich herauszuw\u00fcrgen versuchte. Das Get\u00f6se aus der Kiste erreichte einen vorl\u00e4ufigen H\u00f6hepunkt, als Crenshaws Worte sich in einem gequ\u00e4lten Jaulen aufl\u00f6sten und er sich vor Ekel und Angst wild sch\u00fcttelte. \u201eNodos, Nodos!\u201c, schrie er noch einmal voller Qual auf, bevor in sich zusammensank. Die Spinnen verhielten sich kurz darauf wieder ruhig. Aaron rief den Arzt aus dem Schlaf, doch dieser konnte, nachdem er den vor Schwei\u00df triefend nassen K\u00f6rper untersucht hatte, nur den Tod durch einen Herzinfarkt feststellen. Was das r\u00e4tselhafte Wort Nodos zu bedeuten hatte, wusste niemand zu sagen. Dass einer von ihnen gestorben war, nachdem man den Hauptteil der Reise so gut \u00fcberstanden hatte, dr\u00fcckte weiter auf das Gem\u00fct der Gruppe, doch man erreichte am 9. M\u00e4rz 1940 planm\u00e4\u00dfig das Ziel. In Bendjermasin erfuhr die Gruppe zum ersten Mal von dem Krieg, der seit einem halben Jahr tobte. Aaron, Rawland und einige andere, die sich im wehrf\u00e4higen Alter befanden, beschlossen, sich bei ihrer R\u00fcckkehr nach Hause sofort zum Dienst zu melden. Dann wurden die Kisten, die mehrere hundert Pflanzen- und Gesteinsproben enthielten und nat\u00fcrlich die mit den Spinnen auf die Yorkshire geladen und diese lief am 11. M\u00e4rz mit Kurs auf Java aus. Im dortigen Batavia angekommen, wurden Vorr\u00e4te an Bord genommen und Aaron hatte die Gelegenheit, mir diesen Brief zu schicken. Er k\u00fcndigte an, mir vom n\u00e4chsten Zwischenstopp auf Mauritius eine weitere Nachricht zu \u0001 \u0002 las den gesamten Brief mehrfach und immer wieder lief mir bei die Beschreibung der furchtbaren Kreaturen, dieser Imperatorspinnen, wie Gibson sie genannt hatte, ein eisiger Schauer durch den ganzen K\u00f6rper. Die Tatsache, dass derartige Kreaturen wirklich existierten, war ersch\u00fctternd und niederschmetternd. Sie bewies wieder einmal, wie wenig wir doch \u00fcber die Erde wissen, obwohl wir uns einbilden, sie zu kennen und wie viele Geheimnisse sie noch vor uns verborgen h\u00e4lt. Zu meiner \u00dcberraschung war das n\u00e4chste, was ich von Aaron erfuhr jedoch ein weiterer Brief von ihm, sondern ein Artikel, der in der folgenden Woche in der Sun erschien. Es war nur eine vergleichsweise kleine Randnotiz, aber der Inhalt dieser Nachricht \u00e4nderte mein Leben f\u00fcr immer. Sie berichtete, wie die Yorkshire, durch einen Sturm besch\u00e4digt, in Port Louis auf Mauritius einlief und vom Tod zweier Mitglieder der Expedition. Wie Professor Gibson verlauten lie\u00df, h\u00e4tten sich beide w\u00e4hrend des Sturms an Deck befunden, um eine undichte Luke zu versiegeln, als das Schiff von einer schweren Welle \u00fcbersp\u00fclt worden war und beide M\u00e4nner \u00fcber Bord gerissen wurden. F\u00fcr mich brach eine Welt zusammen, als mein Auge die Namen der Vermissten erfasste. Sie hie\u00dfen Adrian Rawland und Dr. Aaron Broadwood.",
            "wordcount": "3.735",
            "chapter_release": "30.04.2015",
            "chapter_number": "1"
        },
        "2": {
            "text": "Die unerwartete Nachricht vom Tod meines besten Freundes schockierte mich nat\u00fcrlich \u00fcber alle Ma\u00dfen. In mir wuchs eine grausame Niedergeschlagenheit. Immer wieder, vor allem in meinen schlaflosen N\u00e4chten, sah ich sein aufgequollenes, totes Gesicht vor mir, wie es mich mit einem f\u00fcr immer schmerzlich verzerrten Ausdruck aus seinem nassen, dunklen Grab anstarrte. Ich wollte nicht wahrhaben, dass man ihn einfach so aus dem Leben gerissen hatte. Vor allem nicht auf diese Weise. Trotz seines vergleichsweise jungen Alters war Aaron durch seine vielen Reisen schon ein erfahrener Seefahrer. Einfach so von Bord gesp\u00fclt zu werden, wie es dem unerfahrenen Studenten Rawland durchaus passieren konnte, passte nicht ins Bild. Und noch etwas fiel mir auf, allerdings erst, als ich den Zeitungsartikel einige Tage sp\u00e4ter noch einmal las. Gibsons revolution\u00e4re Entdeckung der Imperatorspinnen wurde mit keinem Wort erw\u00e4hnt. Wenn man bedenkt, wie sehr er von diesen Kreaturen eingenommen war, erscheint er sehr seltsam, dass er sie der Fachwelt vorenthielt. Wie ich schon fr\u00fcher von Aaron erfahren hatte, war der Professor ein sehr ehrgeiziger Forscher. Seine fast schon \u00fcbermenschliche Gier nach Wissen und neuen Erkenntnissen wirkte demnach auf viele seiner Kollegen befremdlich und dr\u00fcckte sich in seiner manchmal m\u00fcrrisch, manchmal regelrecht unfreundlich wirkenden Art aus. Er hatte bis 1907 Biologie an der Universit\u00e4t seines Heimatortes Duslan studiert und galt als einer ihrer am h\u00f6chsten dekorierten Absolventen. Schlussendlich waren da nat\u00fcrlich noch die r\u00e4tselhaften, fiebrigen \u00c4u\u00dferungen des Dr. Crenshaw, die Aaron sich nicht hatte erkl\u00e4ren k\u00f6nnen und mir ging es da nicht anders. Ich beschloss, mir die Antworten auf meine Fragen an der Quelle zu beschaffen. Ich wollte unten am Hafen sein, wenn die Yorkshire einlief und Gibson sofort konfrontieren, wenn er das Schiff \u0001 \u0002 Nacht zum 25. M\u00e4rz war erstaunlich k\u00fchl. Ich schlug mir bereits zum zweiten Mal die Nacht an den feuchten Docks um die Ohren und bef\u00fcrchtete schon, dass es wieder vergebens w\u00e4re. Ein leichter Nebel hing \u00fcber der Themse und die Lichter, die von den Kriegsschiffen und den Frachtern, die be- oder entladen wurden, ausgingen, wurden in gespenstischer Weise verzerrt und gebrochen. Ich fror in meiner d\u00fcnnen Jacke. Mit derartig niedrigen Temperaturen hatte ich nicht gerechnet. Meine mittlerweile zum Problem werdende M\u00fcdigkeit tat ihr \u00fcbrigens. Aber ich wollte die Ankunft der Yorkshire einfach nicht verpassen. Immerhin hatte ich bei der Hafenmeisterei bereits in Erfahrung bringen k\u00f6nnen, welcher Platz dem Schiff zugewiesen worden war. Gegen halb eins setzte ein Nieselregen ein, der mich in kurzer Zeit durchn\u00e4sste. Ich musste niesen und fasste den Entschluss, es f\u00fcr heute gut sein zu lassen und mich endlich schlafen zu legen. Schlie\u00dflich war ich schon jetzt gesundheitlich angeschlagen und hatte morgen mehrere Stunden Unterricht zu bew\u00e4ltigen. Ich wollte mich gerade zum gehen wenden, als ein riesiger Schatten sich vor das von der gegen\u00fcberliegenden Seite des Hafenbeckens strahlende Licht schob und es langsam zu verdecken begann. Mir erschien der gewaltige Rumpf der Yorkshire in diesem Moment als finsteres, ungeheures Ding, dass aus der Ferne des Ozeans zu mir heraufgekommen war. Es machte auf mich den Eindruck eines schlechten Vorzeichens und ich wei\u00df heute, dass ich damit recht hatte. Ich beobachtete aus geringer Entfernung, wie das Schiff sich dem Kai n\u00e4herte. Das Wummern aus dem Maschinenraum und das Klatschen der Wellen gegen die Kaimauer waren die einzigen Ger\u00e4usche, die die Nachtluft durchschnitten. Einige Hafenarbeiter nahmen das Seil entgegen, dass ihnen vom Deck aus zugeworfen wurde und vert\u00e4uten es an einem der zahlreichen Poller. Ich verfolgte den Strom der Menschen, die das Schiff verlie\u00dfen. Zuerst kamen einige Matrosen, dann die Studenten und Wissenschaftler, bepackt mit ihren Koffern. Die Anstrengung und Belastung der letzten Zeit war ihnen anzusehen. Die meisten hatten glasige Augen, von tiefen, dunklen Ringen untermalt und einen Ausdruck im Gesicht, der von einer maximalen Ersch\u00f6pfung von K\u00f6rper und Geist zeugte. Der Kapit\u00e4n und seine Offiziere blieben an Bord zur\u00fcck. Wie ich wusste, sollte die Yorkshire in den n\u00e4chsten Tagen umger\u00fcstet und dann als Versorgungsschiff im Mittelmeer eingesetzt werden. Schlie\u00dflich, fast eine halbe Stunde nachdem das Schiff angelegt hatte und ich in meiner durchn\u00e4ssten Jacke immer \u00f6fter zu Husten und zu Niesen begann, verlie\u00df Professor Gibson die Yorkshire. Er trug eine dunkelblaue Wollm\u00fctze, was mir sehr seltsam erschien, denn die wollte so gar nicht seinem ansonsten hochstehenden, sauberen \u00c4u\u00dferen passen. Ein Mann von Gibsons Stand trug so etwas einfach nicht, auch nicht in einer kalten Nacht im Hafen. Im Weggehen rief er den Hafenarbeitern, die sich daran machten die Ladung zu l\u00f6schen, noch etwas unverst\u00e4ndliches zu. Dann wand er sich um ich konnte zum ersten Mal sein Gesicht sehen. Er hatte mich nicht wahrgenommen und ich bekam nur eine Seite seines Gesichts zu sehen, aber der Schein in seinen Augen lie\u00df mich unwillk\u00fcrlich einen Schritt zur\u00fccktreten. Am jenem Sommertag vor mehr als einem halben Jahr auf meiner Terrasse waren seine Augen keinesfalls so stechend und abweisend gewesen. Aus ihr war jene m\u00fcrrische Verschrobenheit abzulesen gewesen, die seinem Charakter zu entsprechen schien. Nun aber verschwanden bei ihrem Anblick alle Gedanken, die ich mir zurechtgelegt hatte. Ich hatte ihm auflauern und ihm viele Fragen stellen wollen. \u00dcber Aarons Tod und \u00fcber die r\u00e4tselhaften Imperatorspinnen, deren Existenz er der Welt bisher verborgen hielt. Er ging in einigen Dutzend Metern Entfernung an mir vor\u00fcber und ich reagierte nicht. Mein Herz raste. Diese Ausstrahlung hielt mich fest und verhinderte, dass ich etwas unternahm. Ein grauenhafter Moment, der ewig zu dauern schien und dessen Erinnerung mich manchmal in meinen Alptr\u00e4umen heimsucht. Erst als er kurz davor war, in eine Gasse abzubiegen, besann ich mich wieder und folgte ihm m\u00f6glichst unauff\u00e4llig. Ich hatte angenommen, dass Gibson nur eine Nacht in einem Hotel in London verbringen und am n\u00e4chsten Tag mit dem Zug nach Duslan fahren w\u00fcrde, wo der Wohnsitz seiner Familie lag. Stattdessen f\u00fchrte ihn sein Weg \u00fcber Hinterh\u00f6fe, entlang an ausgedienten Hafenschuppen mit eingeschlagenen Fenstern und durch Stra\u00dfen, die ohne Beleuchtung in v\u00f6lliger Schw\u00e4rze lagen. Ich versuchte konstant einen Abstand von etwa f\u00fcnfzig Metern zu wahren und Gibson schien mich tats\u00e4chlich nicht zu bemerken. Mir wurde angesichts der dunklen Stra\u00dfenz\u00fcge, die wir entlang gingen und des dichter werdenden Nebels immer unheimlicher. Immer wieder sch\u00fcttelte mich ein eisiger Wind und ich musste mehrere Nieser krampfhaft unterdr\u00fccken, um die Aufmerksamkeit des Professors nicht auf mich zu ziehen. Ich hasste mich selbst daf\u00fcr, dass ich um mittlerweile fast zwei Uhr Nachts in nasser, d\u00fcnner Kleidung durch die K\u00e4lte wanderte, in eine Gegend, aus der ich so schnell nicht nach Hause finden w\u00fcrde. Dieser Teil Londons schien tot und fremdartig. Keine Menschenseele begegnete mir w\u00e4hrend dieser langen Verfolgung und wenn ich es recht bedachte, war das auch besser so, denn wer hier lebte und sich um diese Uhrzeit auf die Stra\u00dfe wagte, konnte nichts gutes im Schilde \u0001 \u0002, nachdem wir an einigen, mittlerweile verfallenen Arbeiterbehausungen aus der Mitte des 19. Jahrhunderts vorbei gekommen waren, erreichte Gibson sein Ziel. Der Nieselregen hatte nachgelassen und wir betraten \u00fcber eine T-Kreuzung zum ersten Mal seit geraumer Zeit wieder eine Stra\u00dfe, in der es vereinzelte Laternen gab, obwohl einige ausgefallen waren und andere altersschwach wirkten. Das verdreckte und von der Zeit angenagte Stra\u00dfenschild verriet, dass es sich hier um die Peary Road handelte. Gibson ging zielstrebig auf ein dreist\u00f6ckiges Backsteinhaus zu. Laut Gravur war es 1868 errichtet worden, die Hausnummer 17, jetzt anscheinend unbewohnt. Ich verbarg mich im Schatten zwischen zwei Geb\u00e4uden, die Gibsons Ziel direkt gegen\u00fcber lagen. Der alte Mann zog einen Schl\u00fcssel aus seinem Mantel hervor und \u00f6ffnete die dunkelbraune, dicke Holzt\u00fcr, die sich mit einem Schaben und einem Klirren auftat. Sie fiel krachend hinter ihm ins Schloss. Was sollte ich davon halten? Das Benehmen des Professors war r\u00e4tselhaft. Obwohl mir die Augen zu tr\u00e4nen begannen, ein st\u00f6rendes Schwindelgef\u00fchl einsetzte und meine Nase und mein Hals mir Probleme machten, war ich fest entschlossen die weitere Ereignisse abzuwarten. Es konnte durchaus sein, dass Gibson hier nur etwas abholen wollte und dann den Weg zu seinem eigentlichen Nachtlager fortsetzte. Aber was? Was konnte ein Mann, der die letzten Monate weit weg von der Heimat verbracht hatte, so zielstrebig in einem verlassenen Geb\u00e4ude in der \u00fcbelsten Gegend Londons schon suchen?Meine \u00dcberlegungen drifteten so dahin und meine M\u00fcdigkeit drohte mich zu \u00fcbermannen, als von der anderen Stra\u00dfenseite ein deutlicher Hinweis kam. Hinter den drei Kellerfenstern auf der, von mir aus gesehen, linken Seite der Hausfront, begann ein Licht zu brennen. Es war kein elektrisches Licht. Das war hier vermutlich ohnehin nie installiert worden. Vorsichtig \u00fcberquerte ich die Peary Road und n\u00e4herte mich den Fenstern. Unten sah ich Professor Gibson in einem wei\u00df get\u00fcnchten Kellerraum. Seine Koffer hatte er wie achtlos an eine Wand gelehnt und war damit besch\u00e4ftigt, einige Kerzen zu entz\u00fcnden und im Raum zu verteilen. Au\u00dfer einem uralten Holztisch und einem Stuhl, einem Haufen inzwischen verfaulter Holzscheite und einem Pilz, der an der feuchten Wand gedieh, sowie einem Durchgang in ein anderes Zimmer, dass ich von meinem Platz aus nicht erkennen konnte, war der Raum leer. Die wild zuckenden Kerzenflammen verliehen allen Objekten im Raum ein gespenstisches Schimmern. Am schlimmsten war aber der Effekt, den sie auf Gibsons Augen hatten. Diese schienen nun fast aus sich selbst heraus zu leuchten und wieder erstarrte ich voll Panik, als ich sie erblickte. Er drehte sich in die entgegengesetzte Richtung ohne mich zu bemerken und hob einen der beiden Koffer an. Er legte ihn auf den Tisch, w\u00fchlte kurz darin herum und fand offenbar, was er suchte. Es war jenes, in r\u00f6tlich-braunes Leder gebundene Notizbuch, dass jetzt auf meinem Nachttisch liegt, w\u00e4hrend ich dies schreibe und das den einzigen Beweis f\u00fcr meine Erlebnisse darstellt. Er schlug es an einer leeren Stelle auf und begann, wie wild zu schreiben. Sein Bleistift flog geradezu \u00fcbers Papier und ich h\u00e4tte nur zu gern gewusst, um was es sich handelte. Das mit Gibson und der ganzen Expedition, mit Aarons Tod und vor allem den seltsamen Imperatorspinnen irgendetwas nicht stimmte, stand f\u00fcr mich zu diesem Zeitpunkt bereits fest. Ich \u00fcberlegte, ob ich m\u00f6glicherweise, abgesehen von den Teilnehmern an der Expedition, der einzige Mensch war, der von den Spinnen wusste. Professor Gibson schien in dieser Angelegenheit nicht mitteilsam zu sein und auch keiner seiner Leute. Abgesehen von Aaron. Dieser Zusammenhang lie\u00df mich die Sache auf einmal in einem v\u00f6llig anderen Licht sehen. Hatte Aaron sterben m\u00fcssen, weil er mir von den Spinnen erz\u00e4hlt hatte? War Gibson zu einem Mord f\u00e4hig? Was war an diesen Spinnen so wichtig, dass ihre Geheimhaltung vor der Welt ihm den Tod zweier Menschen wert war? Ich war benommen und zitterte in der nassen Kleidung, in der ich mich liegend fest an den ebenso nassen B\u00fcrgersteig presste, um durch das Fenster zu sehen, ohne entdeckt zu werden. Gibson setzte seine hastigen Eintr\u00e4ge unbeirrbar fort und dann kam der Moment, in dem er seine M\u00fctze absetzte. Die schrecklichen und verwirrenden Ereignisse dieses fr\u00fchen Morgens wollten nicht enden. Mir blieb kurz die Luft weg vor \u00dcberraschung und Ekel, als ich die geschwollene, langgezogene Wunde auf Gibsons Glatze sah. Die Haut bildete an dieser Stelle so etwas wie einen kleinen, schmalen H\u00fcgel, der in Mitte der L\u00e4nge nach von einer dunklen Furche durchzogen wurde. Die Stelle war schlecht verheilt, entz\u00fcndet und nur unzureichend zusammengewachsen. Ich hatte M\u00fche, meinen rebellierenden Magen unter Kontrolle zu bringen, der mich zwingen wollte, seinen Inhalt hochzuw\u00fcrgen. Dann stieg eine Passage aus Aarons Brief in meiner Erinnerung hoch. Jene, in der er das groteske, widerliche Aussehen der Bisswunden beschrieben hatte, die die Imperatorspinnen bei ihren Opfern hinterlie\u00dfen. Diese Monster hatten also den Mann, dem sie ihren Namen verdankten, erwischt. Vermutlich noch auf See. Wie kam es aber, dass er, abgesehen von der entstellenden Narbe, v\u00f6llig gesund schien? Beim verstorbenen Dr. Crenshaw schienen sie zun\u00e4chst starke Halluzinationen hervor zurufen, die ihn zwangen, immer wieder das unbekannte Wort \u201eNodos\u201c zu schreien, worauf ein schneller Tod folgte. Gibson aber erfreute sich anscheinend bester Gesundheit, obwohl der Biss schon mindestens eine Woche zur\u00fcckliegen musste. Ich wurde pl\u00f6tzlich von einem Ger\u00e4usch aus meinen Gedanken gerissen, dass ich in dieser halb verlassenen Gegend nicht erwartet h\u00e4tte. Am anderen Ende der Stra\u00dfe ert\u00f6nte das stetige Brummen eines Automotors. Ich drehte den Kopf zur Seite und sah zwei helle Scheinwerfer n\u00e4her kommen. Einer Eingebung folgend spurtete ich in geb\u00fcckter Haltung, um m\u00f6glichst nicht aufzufallen, zum benachbarten Geb\u00e4ude, vor dem die Stra\u00dfenlaterne ausgefallen war. Aus der sch\u00fctzenden Dunkelheit heraus beobachtete ich den n\u00e4her kommenden Wagen. Es war ein roter Kleinlaster und er hielt direkt vor der Hausnummer 17. Der Fahrer hupte zweimal und verlie\u00df zusammen mit einem anderen Mann die Fahrerkabine. Kurze Zeit sp\u00e4ter erschien Professor Gibson an der T\u00fcr und begr\u00fc\u00dfte beide sehr distanziert und ungeduldig. Er wies sie an, \u201edie Kisten\u201c in den Keller zu schleppen. Alles weitere w\u00fcrde er selbst erledigen. Die beiden M\u00e4nner, bei denen es sich m\u00f6glicherweise um zwei Hafenarbeiter handelte, taten wie gehei\u00dfen. Insgesamt trugen sie sechs, etwa gleichgro\u00dfe Holzkisten ins Haus. Es fiel jedoch auf, dass drei von ihnen offenbar notd\u00fcrftig mit ein Paar Metallplatten verst\u00e4rkt worden waren. Nach getaner Arbeit dr\u00fcckte Gibson beide ein gro\u00dfz\u00fcgiges B\u00fcndel Pfundscheine in die H\u00e4nde und der Lkw verschwand schnell hinter der n\u00e4chsten Stra\u00dfenecke. Mir w\u00e4ren sicher einige schlimme Erfahrungen, die sp\u00e4ter geschehen sollten, erspart geblieben, wenn ich an diesem Morgen nur etwas l\u00e4nger am Kellerfenster gestanden h\u00e4tte. Dann h\u00e4tte ich zweifellos schockierendes gesehen, aber das h\u00e4tte mich abgeschreckt und davor bewahrt, noch viel verst\u00f6rendere Dinge zu Gesicht zu bekommen. Meine M\u00fcdigkeit und die K\u00e4lte zwangen mich nun dazu, dem Lastwagen folgend, die Peary Road zu verlassen, ohne noch einen Blick in den Keller zu \u0001 \u0002 schwere Grippe war der Lohn, den ich f\u00fcr jene Nacht erhielt. Dem Geheimnis der Imperatorspinnen oder dem von Aarons Tod war ich keinen Schritt n\u00e4her gekommen. An deren Stelle waren eine ganze Reihe neuer Fragen aufgeworfen worden. Ich qu\u00e4lte mich am n\u00e4chsten Tag durch die Unterrichtsstunden und st\u00f6berte trotz meines desolaten Zustandes anschlie\u00dfend in der Bibliothek. Ich fand vieles \u00fcber Professor Randolph Gibson und seine Familie heraus, auch, wenn sich vieles davon im weiteren Verlauf der Dinge als unwichtig erweisen sollte. Die Gibsons waren im 18. und 19. Jahrhundert die wohlhabendste und einflussreichste Familie der Kleinstadt Duslan in Cumberland gewesen. Ihr Verm\u00f6gen hatte die Familie gro\u00dfz\u00fcgig in Immobilien in ganz Britannien angelegt. So war eben auch das Haus Peary Road Nummer 17 irgendwann in ihren Besitz gelangt. Die Familie Gibson verloren jedoch w\u00e4hrend der Wirtschaftskrise 1929 das Gros ihres Besitzes und Randolph Gibson war zurzeit das Oberhaupt einer verarmten Sippe. Der Krieg in Europa versch\u00e4rfte sich immer mehr, doch ich schenkte den Nachrichten dieser Tage kaum Beachtung. Meine Krankheit fesselte mich l\u00e4nger ans Bett, als ich erwartet hatte. In dieser Zeit las ich den Brief Aarons immer und immer wieder und versuchte, auf irgendein Detail zu sto\u00dfen, dass mir bislang entgangen war. Erfolglos. Als ich Mitte April endlich wieder vollkommen genesen war, begann der Krieg dann doch immer st\u00e4rker in mein Leben einzugreifen. Das Ziel der Deutschen auf ihrem Feldzug nach Westen war jedem klar: Die britischen Inseln sollten eingenommen werden. Ich befasste mich sehr viel weniger mit Professor Gibson und den Imperatorspinnen. Die allgemeine Panik erfasste mich. Die Angst vor einer Invasion trieb mich soweit, dass ich mich im Mai freiwillig als Soldat meldete und bald ins umk\u00e4mpfte Frankreich versetzt wurde. Meine Dienstzeit dauerte bis in den November an und sie zu schildern, w\u00e4re an dieser Stelle unpassend. Man schickte mich nach Hause, nachdem zwei Kugeln meinen linken Unterschenkel durchl\u00f6chert hatten. Wieder in London angekommen, dass mittlerweile regelm\u00e4\u00dfig unter der Angst vor deutscher Bombardierung litt, wurde ich durch den Zufall wieder an meine Erlebnisse im M\u00e4rz erinnert. Es war wiederum ein kleiner Zeitungsartikel vom August, den ich an dieser Stelle zitieren \u0001 \u0002 WASSERLEICHE IM INDISCHEN OZEAN ENTDECKTMale \u2013 Am dritten August machte der schwedische Frachter Christina nahe der Malediven eine grausige Entdeckung auf See: Die Leiche eines sch\u00e4tzungsweise drei\u00dfigj\u00e4hrigen Mannes trieb auf dem offenen Meer. Besonders die entstellenden Narben und Wunden, die der Mann an Kopf und Armen aufweist, werfen Fragen auf. Eine Identifikation steht aus. Ich kann nach wie vor nicht belegen, dass es sich bei dieser Wasserleiche um Aaron oder den Studenten Adrian Rawland handelt, doch dieser Bericht zog meine Aufmerksamkeit wieder in Richtung jenes Hauses in der Peary Road. Auf Nachfrage bei der Universit\u00e4t von Duslan und Gibsons Familie erfuhr ich, dass Gibson sich bei beiden nur ein einziges Mal w\u00e4hrend der letzten acht Monate gemeldet hatte. Er gab an, dass Haus in der Peary Road zu seinem permanenten Wohnsitz zu machen und verlangte ausdr\u00fccklich, dort keinen ungebetenen Besuch zu erhalten. Ich staunte. Gibson hatte dieses moderige Arbeiterhaus also tats\u00e4chlich zu seiner Heimst\u00e4tte erkl\u00e4rt. Und obwohl ihn seit so langer Zeit niemand zu Gesicht bekommen hatte, schien sich niemand ernsthafte Sorgen um ihn zu machen. W\u00e4hrend der Tage im Krankenhaus verlor ich mein linkes Bein. Die Einsch\u00fcsse hatten irreparable Sch\u00e4den verursacht. Die schreckliche Gewissheit, dass ich von nun an f\u00fcr immer auf Kr\u00fccken gest\u00fctzt gehen oder mit einem Rollstuhl fahren musste, zerrte an meinen Nerven, aber mein Drang, endlich Antworten auf meine Fragen zu erhalten war ungebrochen. Am 14. Dezember wurde ich entlassen. Ich wankte noch etwas unbeholfen nach Hause, wo ich Aarons Brief vorsorglich in die Tasche meiner Jacke steckte, eine Taschenlampe dazu und mich fest entschlossen wieder in jenen fast verlassenen Teil London aufmachte, den ich nur mit M\u00fche und unter Zuhilfenahme verschiedener Stadtpl\u00e4ne wiederfand. Die Peary Road, mit ihrer schummerigen Stra\u00dfenbeleuchtung und den vorsintflutlichen H\u00e4user, aus denen es nach Alter und \u00c4rmlichkeit roch und hinter deren Fenster sich nur selten ein Licht zeigte. Der Dezember war kalt. Eine d\u00fcnne Schneedecke hatte sich \u00fcber die Stra\u00dfe gelegt und kleine, wei\u00dfe Flocken waren den ganzen Nachmittag lang hinab gefallen. Gegen zwanzig Uhr klarte der Himmel auf und die Sterne zeigten sich. Ein Spaziergang durch London war in meinem Zustand ohnehin schon kein Vergn\u00fcgen. Ich empfand sogenannte Phantomschmerzen, bei denen ein Betroffener sich einbildet, nach dem Verlust eines K\u00f6rperteils jenes immer noch zu f\u00fchlen zu k\u00f6nnen. Aber auch die frische Amputationswunde, von der ein dicker Verband an der Stelle, an der einmal mein linkes Knie gewesen war, zeugte, bereitete mir stechende Schmerzen, die durchaus keine Einbildung waren. Der Arzt hatte verlangt, ich solle mich noch einige Tage lang auf keinen Fall bewegen, aber meine Gier nach Antworten \u00fcbertraf meine Angst vor schmerzhaften Komplikationen. Erschwerend kam hinzu, dass die allgemeinen Verdunklungsma\u00dfnahmen Londons zum Schutz vor deutschen Luftangriffen auch vor den Stra\u00dfenlaternen nicht halt machten. Mir blieb nur die Taschenlampe zur Orientierung, als ich endlich, nach meinem langen Weg, die Peary Road erreichte. Ich musste nach und nach jedes Haus anleuchten, um die Nummer 17 wiederzufinden, aber schlie\u00dflich gelang es mir. Es schien sich in den letzten Monaten nicht ver\u00e4ndert zu haben. Hinter keinem der Fenster brannte Licht. Vorsichtig beugte ich mich, soweit m\u00f6glich, ein St\u00fcck nach unten und richtete die Lampe auf das Kellerfenster, hinter dem ich Gibson vor so langer Zeit bei seiner Schreibarbeit beobachtet hatte. Ich war zun\u00e4chst irritiert und dann ersch\u00fcttert. Das Fenster war von innen mit Spinnweben verhangen. Aber ihre Str\u00e4nge waren von enormer Breite. Fingerdick, hatte es in Aarons Brief \u00fcber die Str\u00e4nge in den Netzen der Imperatorspinnen gehei\u00dfen. Eine kreat\u00fcrliche Furcht ergriff mich beim Anblick dieses unglaublichen Dings, dass ich bisher nur aus einer relativ vagen Beschreibung kannte und f\u00fcr deshalb f\u00fcr mich fast irreal gewesen war. Nun war es echt, nicht mehr zu leugnen und genau vor mir. Diese Tatsache gefiel mir gar nicht. Vor allem die unvermeitbare Frage, wieso diese so gef\u00e4hrlichen Spinnen \u00fcberhaupt die M\u00f6glichkeit hatten, dieses Netz zu spinnen. Professor Gibson war offenbar nicht anwesend, aber die Netze verwehrten mir einen tieferen Einblick in den Kellerraum, weshalb ich mich entschloss, einen Zugang zu finden, auch, wenn mich dieser Gedanke noch st\u00e4rker erzittern lie\u00df, als die ganze K\u00e4lte es vermochte. Zu meiner \u00dcberraschung brauchte ich nicht lange zu suchen. Die schwere h\u00f6lzerne Eingangst\u00fcr war nur angelehnt. Da sich im Schnee weder Fu\u00dfspuren noch der Halbkreis, den die ge\u00f6ffnete T\u00fcr hinterlassen h\u00e4tte, abzeichnete, musste ich davon ausgehen, dass sie T\u00fcr seit mindestens drei Stunden, wenn nicht sogar noch viel l\u00e4nger so offen stand. Ich zog sie auf und wollte das Treppenhaus betreten. Ein Dutzend dicke Str\u00e4nge Spinnweben versperrten mir den Weg. Sie gl\u00e4nzten feucht im Licht meiner Lampe. Vorsichtig begann ich, sie mit einer meiner Kr\u00fccken zu zerrei\u00dfen. Die Kr\u00fccke blieb kleben, aber das Ergebnis sprach f\u00fcr sich. Ich hatte ein langes St\u00fcck aus dem Netz gerissen und konnte mich so St\u00fcck f\u00fcr St\u00fcck ins Innere des Hauses vorarbeiten. Das gesamte Treppenhaus schien bis ins oberste Stockwerk mit diesen Netzen, die, wenn man es genau bedachte, eigentlich nur ein einziges, riesiges Netz bildeten, durchzogen. Ich schwankte noch, ob dies ein von Professor Gibson unter kontrollierten Bedingungen angesetztes Experiment war oder ob die Imperatorspinnen hier unter Eigenregie am Werk gewesen waren. Mir wurde mulmig bei dem Gedanken, dass letzteres wahrscheinlicher erschien. Das Treppenhaus war vermodert, der Putz fiel von den W\u00e4nden und ein \u00fcbler Gestank \u00fcberschattete die gesamte Szenerie. Das fahle Licht des Halbmondes fiel durch ein kleines, rundes Fenster \u00fcber der T\u00fcr und schuf ein Halbdunkel, in dem die eigenartig geformten Schatten ein Eigenleben zu entwickeln schienen. Ich hatte mich inzwischen zur Kellertreppe durchgek\u00e4mpft, die der Haust\u00fcr gegen\u00fcber lag. Sie erschien mir wir ein schwarzes Loch in die Unendlichkeit und als mir auffiel, dass die Struktur des Netzes sich immer weiter zu verdichten begann, je weiter ich voran kam, wuchs meine Abscheu mit jedem Schritt. Auf halbem Weg die Treppe hinunter sah ich dann zum ersten Mal eine Imperatorspinne. Meiner Kehle entrang sich bei ihrem Anblick ein trockener, abgehackter Laut und meine Hand zuckte aufregt. Der Lichtkegel der Taschenlampe, der dieser Bewegung folgte, lie\u00df den Schatten des monstr\u00f6sen Tieres schnell wachsen und schrumpfen. Ich wei\u00df nun aus eigener Erfahrung, dass die Beschreibung von etwas so fremdartigem und erschreckendem das wahre Grauen, dass man bei seinem Anblick empfindet, nicht wiedergeben kann. Deshalb kann ich nur andeuten, dass diese Spinne, obwohl sie ganz gem\u00e4chlich durch das Netz hangelte und mir nur einen kurzen Blick durch ihre acht, im Widerschein meiner Lampe leuchtenden Augen schenke, in meinem Inneren etwas zum klingen brachte, dass sich sehr, sehr alt anf\u00fchlte. Als w\u00e4re ein vor Urzeiten unbrauchbar gewordener Instinkt wieder erwacht, der mich zwingen wollte, zur\u00fcckzuweichen. Ich schluckte krampfhaft und setzte meinen Weg nach unten, in die Dunkelheit tappend fort, nachdem die Spinne meinen Weg gekreuzt hatte. Ich kam immer langsamer voran und beide Kr\u00fccken waren mittlerweile \u00fcber und \u00fcber mit \u00dcberresten der Netze bedeckt. Schlie\u00dflich erreichte ich den Treppenabsatz. Auch hier war ein kleines, rechteckiges Fenster, dass ich von au\u00dfen nur zu gut kannte, die einzige, schummerige Lichtquelle. Das Netz d\u00e4mpfte es allerdings stark. Hier erwartete mich eine Kolonne von gleich drei Spinnen. Auch sie zogen vor\u00fcber, ohne mir Beachtung zu schenken, doch als ich einen weiteren Netzstrang einriss, begannen sie heftig mit ihren abnorm gro\u00dfen Mundwerkzeugen zu knallen, entschwanden aber gleich wieder in der Dunkelheit. Ich atmete erleichtert auf und sog die viel zu kalte Luft ein. Ich beschloss, dies als Warnung zu betrachten. Ich betrat den Raum, in dem ich Gibson beobachtet hatte. Trotz des enormen Verhangs durch Spinnweben fiel mir als erstes der Pilz auf, der seine Gr\u00f6\u00dfe in den letzten feuchten, kalten Monaten vervielfacht hatte. Er und die Spinnen wirkten wie Kampfgef\u00e4hrten bei der Besetzung dieses Hauses, dass sie scheinbar der Welt der Menschen zu entrei\u00dfen suchten. Hier wimmelte es nun von Imperatorspinnen. Sie kletterten haupts\u00e4chlich an der Decke und den W\u00e4nden entlang. So war es f\u00fcr mich relativ einfach, mir einen Weg durch das dichter werdende Netz zum Tisch zu bahnen. Auch wenn sie mir bis jetzt nichts getan hatten, die Augen dieser Biester auf mich gerichtet zu wissen und eine endlose Abfolge der Tapser zu h\u00f6ren, die ihre Schritte verursachten, machte mich fast wahnsinnig vor Angst. Ich h\u00e4tte am liebsten die Flucht angetreten. Da fiel mir allerdings das Notizbuch ins Auge, dass aufgeklappt auf dem alten Tisch in der Mitte des Raumes lag. Daneben standen mehrere, lange herunter gebrannte und in der K\u00e4lte hart gewordene Kerzen. Au\u00dferdem lag da noch jener Koffer, aus dem Gibson das Notizbuch genommen hatte. Wenn man einmal von der dicken Staubschicht und den Spinnweben, die alles \u00fcberzogen absah, schien sich alles im selben zustand wie vor neun Monaten zu befinden, als ich es zuletzt gesehen hatte. Dieser Verdacht best\u00e4tigte sich, als ich mir das Datum des letzten Eintrags im Notizbuch besah. Es war der 26. M\u00e4rz 1940. In einer Ecke des Raumes sah ich au\u00dferdem die Kisten, die an jenem fr\u00fchen Morgen ins Haus getragen worden waren. Die drei, die mit den Metallst\u00fccken verst\u00e4rkt worden waren, waren ge\u00f6ffnet, die drei anderen wohl nicht einmal anger\u00fchrt worden. Die Imperatorspinnen waren also freigelassen worden. Was hatte Gibson damit bezwecken wollen? War all dies doch ein gro\u00dfangelegter, r\u00fccksichtsloser Versuch? Wo war der alte Wissenschaftler, der nun schon seit Monaten mit einer furchtbaren Narbe auf dem Kopf geschlagen war? Es w\u00e4re besser gewesen, wenn ich nicht an Ort und Stelle in dem Notizbuch gelesen, sondern es einfach an mich genommen und das von teuflischen, unnat\u00fcrlich gro\u00dfen Wesen bewohnte Haus auf dem schnellsten Weg verlassen h\u00e4tte. Es w\u00e4re besser gewesen, wenn ich keinen Blick in den angrenzenden Kellerraum geworfen h\u00e4tte. Aber ich tat beides. In der K\u00e4lte stehend, mit vorgehaltener Taschenlampe begann ich, in Gibsons Notizen zu lesen, w\u00e4hrend die Spinnen mich auf ihren Netzbahnen im Raum umkreisten. Vieles, von dem, was Gibson schrieb, ist nicht von Belang. Ich werde mich auf die Stellen beschr\u00e4nken, die zum Verst\u00e4ndnis der Angelegenheit unerl\u00e4sslich sind. Nachdem die Yorkshire am 15. M\u00e4rz Batavia verlassen hatte, verschlechterte sich das Wetter st\u00e4ndig. Aus Gibsons Ausf\u00fchrungen ist tats\u00e4chlich abzulesen, dass sich seine gesamte Aufmerksamkeit auf die Erforschung der Imperatorspinnen konzentrierte. Er hatte begonnen, selbst die allabendliche F\u00fctterung zu \u00fcbernehmen, da sich der Rest der Besatzung seit Dr. Crenshaws Tod quergestellt hatte. Am 18. M\u00e4rz, s\u00fcdwestlich der Malediven, geriet die Yorkshire in einen schweren Sturm. Hohe Wellen t\u00fcrmten sich auf und im Laderaum fielen mehrere Kisten um. Sofort wurde Alarm gegeben. Die drei Kisten mit den Imperatorspinnen waren aufgesprungen und die Spinnen entkommen. Panik brach aus. Die Spinnen zeigten ein ausgepr\u00e4gtes Jagdverhalten und schienen keine Angst mehr davor zu haben, Lebewesen anzugreifen, die zehn Mal so gro\u00df waren wie sie. Nach kurzer Zeit wurden die ersten Bisse gemeldet. Vier Matrosen, die die Tiere wieder einfangen sollten, hatte es erwischt. Sie zeigten keine abnormen Reaktionen, wurden aber unter Beobachtung gestellt. Schlie\u00dflich, gegen zwei Uhr Nachts, waren bereits zehn F\u00e4lle an Bord bekannt. Der Sturm hatte sich nicht gelegt, aber der menschliche Schaden, den er verursacht hatte, war schon jetzt unbezahlbar. Und dann wurde Gibson selbst gebissen. Er ging unter einem T\u00fcrrahmen hindurch in die Kommandobr\u00fccke, als sich eins dieser Biester auf seinen Kopf fallen lie\u00df und ihm seine langen Mundwerkzeuge in die Haut trieb. Gibson beschrieb den entsetzlichen Schmerz, der der beim Abtrennen eines Teils seiner Kopfhaut entstand, in unglaublicher Eindringlichkeit. Bevor er das festgebissene Tier absch\u00fctteln konnte, floss auch schon dessen Sekret in seinen Adern. Aus seiner Handschrift ging eine Anspannung, ja Nervosit\u00e4t hervor, als er angab, dass sich bestimmte Dinge f\u00fcr ihn seitdem anders darstellten. Es war, als w\u00fcrde sich seine Meinung zum Sinn der Expedition, seine Einstellungen zu manchen Mitgliedern der Mannschaft und seiner eigenen Existenz sich in einem st\u00e4ndigen Wandel bef\u00e4nden, den er nicht steuern k\u00f6nne. Im Laufe der Zeit seien die Gebissenen, die, in deren Blut das Sekret floss, in der \u00dcberzahl gewesen. Die Gebissenen begannen, unter Gibsons F\u00fchrung, andere Besatzungsmitglieder, festzuhalten oder zu fesseln, damit diese leichter von den Spinnen erreicht werden konnten. Der Professor wusste nicht, warum er das tat. An einer Stelle erkl\u00e4rte er, es sei ihm einfach richtig erschienen. Nur zwei M\u00e4nner widersetzen sich den Spinnen. Aaron Broadwood und Adrian Rawland waren bereits mit Bissen \u00fcbers\u00e4t, als sie sich von Bord in die st\u00fcrmischen Fluten st\u00fcrzten. Mein bester Freund hatte den Freitod vor dem Spinnensekret gew\u00e4hlt. Ich musste Schlucken, bevor ich weiter \u0001 \u0002 Eintrag des darauffolgenden Tages zeigte eine fahrige, unkoordinierte Handschrift und er machte vor allem etwas deutlich. Das Sekret t\u00f6tete Gibson nicht, es ver\u00e4nderte ihn. Warum, wusste er nicht zu sagen. Die Spinnen waren, nachdem alle an Bord befindlichen Personen gebissen worden waren, leicht wieder in ihre Kisten zur\u00fcck zu bringen gewesen. Gibson lies die einfachen Holzkisten mit Metallplatten verst\u00e4rken. Ihm fiel auch auf, dass das r\u00e4tselhafte Wort \u201eNodos\u201c st\u00e4ndig in seinen Gedanken auftauchte, dass er von Dr. Crenshaw kurz vor dessen Tod geh\u00f6rt hatte. Manchmal ertappte er sich selbst dabei, wie er es leise vor sich hinmurmelte. Und manchmal war es, als w\u00fcrde sich eine gro\u00dfe, dunkle Hand \u00fcber seinen Verstand legen und ihm alles Abnehmen. Das dauerte meist nur wenige Sekunden, aber hinterher fand Gibson sich meist in der anderen Ecke eines Raumes oder stehend neben seinem Stuhl wieder und konnte sich nicht erinnern, dass er gegangen oder aufgestanden w\u00e4re. Dieser Umstand machte ihm Angst. Er schien daran zu verzweifeln, dass er zwei Menschen in den Freitod getrieben hatte, revidierte diese Aussage aber im folgenden Absatz und schrieb, es w\u00e4re eine gute, wichtige Sache gewesen. Mit dem letzten bisschen eigenem Verstand, dass ihm geblieben war, schrieb er, dass das Sekret der Spinnen, dass durch seine Blutbahnen und damit auch durch sein Hirn floss, offenbar eine mentale Br\u00fccke schlug. Eine Art telepathischer Verbindung. Er konnte nicht sagen, wer oder was sich am anderen Ende dieser Verbindung befand, aber ihm war klar, dass dieser jemand versuchte, seinen Verstand zu \u00fcbernehmen und ihn und die anderen M\u00e4nner der Yorkshire f\u00fcr seine Zwecke zu benutzen. Alles schien irgendwie mit dem Wort \u201eNodos\u201c in Verbindung zu stehen. Ich konnte kaum glauben, was ich dort las. \u00c4ngstlicher noch als zuvor sah ich die Spinnen an, die an allen W\u00e4nden und der Decke durcheinander krabbelten und dabei diese furchtbaren Ger\u00e4usche erzeugten. Sie waren also in der Lage, die Gedanken eines Menschen zu steuern, wenn sie ihr Sekret in ihn abgaben. Mein Instinkt, einfach zu fliehen war st\u00e4rker als je zuvor, aber ich biss die Z\u00e4hne zusammen und las jenen letzten, verst\u00f6renden Eintrag in Gibsons Notizbuch. Er war datiert auf den 25. M\u00e4rz 1940, den Tag, an dem ich ihn in diesem Kellerraum schreiben gesehen hatte. Ich konnte es kaum glauben. \u00dcber drei Seiten hinweg standen dort nur zwei S\u00e4tze. Immer und immer wieder. Nodos, Nodos. Nodos im Herzen, Nodos \u00fcberall. Nodos, Nodos. Nodos im Herzen, Nodos \u00fcberall. Nodos, Nodos. Nodos im Herzen, Nodos \u00fcberall. Nodos, \u0001 \u0002 atmete schwer und trat einen unvorsichtigen Schritt zur\u00fcck. Dabei fiel mein Blick in den Nebenraum, der sich dem Kellerfenster gegen\u00fcber befand, in den man von dort aus aber nicht hinein sehen konnte. An diesem Punkt, glaube ich, hatte meine Verwicklung in diese Sache das geschafft, was nicht mal der Krieg geschafft hatte. Ich wurde in diesem Augenblick psychisch gebrochen und selbst wenn ich diesen Krieg \u00fcberleben sollte, selbst wenn Britannien der Nazi-Milit\u00e4rmacht widerstehen sollte, werde ich mich wohl niemals von dem erholen k\u00f6nnen, was ich dort sah und was anschlie\u00dfend passierte. Ich sah durch den niedrigen T\u00fcrrahmen wieder ein Netzwerk aus Spinnweben. Aber nicht nur das. Mehrere dunkle, l\u00e4ngliche Objekte waren in die Netze gewickelt. Spinnen krabbelten umher und rissen da und dort St\u00fccke aus den Objekten heraus, wobei sie ein ekelhaftes Klatschen verursachten. Vorsichtig hob ich die Taschenlampe, um eins der Objekte genau betrachten zu k\u00f6nnen. Ich blickte in das, fast bis auf den Sch\u00e4delknochen abgenagte Gesicht von Professor Randolph Gibson. Ich schrie, so laut ich konnte. Ich verlor die Taschenlampe. Sie fiel mir aus den Hand und landete krachend auf dem Boden. Das Licht ging aus. Allein, in der Dunkelheit kannte ich nur noch ein Ziel. Raus. Alle Neugier, aller Forscherdrang war gewichen. Mich trieb die Angst vor diesen Biestern und der Wille zum nackten \u00dcberleben. Doch in diesem Moment f\u00fchlte ich bereits die K\u00f6rper der erstaunlich schweren Spinnen, die auf meinen Schultern landeten. W\u00e4re ich ein gesunder Mann gewesen, w\u00e4re ich ihnen problemlos durchs Treppenhaus entwischt, aber ich war nicht mehr als ein Kr\u00fcppel. Ein Zerrbild der Person, die ich einst war. Und obwohl ich mich abm\u00fchte, mit beiden Kr\u00fccken in Richtung Treppe zu humpeln, war ich nicht schnell genug. Die erste verbiss sich in meine linke Schulter. Der Schmerz war schlimmer, als der, den ich erlebte, als mein linkes Bein durchl\u00f6chert wurde. Mir wurde kurz schwarz vor Augen und ich versuchte, die Spinne abzusch\u00fctteln, ohne das Gleichgewicht zu verlieren. Doch da biss mich auch schon eine zweite am R\u00fccken, eine dritte am linken Oberarm und eine in den Nacken. Ich brach zusammen. Der entsetzliche Schmerz lie\u00df meinen ganzen K\u00f6rper brennen und zucken und ich schrie, wie die S\u00fcnder in der H\u00f6lle nicht furchtbarer schreien k\u00f6nnten. Ich f\u00fchlte, wie sie ihr Sekret an den verschiedenen Stellen in meinen K\u00f6rper pumpten. Ich driftete in einen seltsamen Zustand zwischen Bewusstlosigkeit und Wachsein. Ich konnte immer noch die Konturen des Kellers wahrnehmen, aber alles wirkte so weit weg, so unwichtig und entr\u00fcckt. Davor schoben sich st\u00e4ndig Bilder, die mich verwirrten und mir heute noch oft den Schlaf rauben. Ich sah viele Spinnen. Sehr viele Spinnen, die durch die Stra\u00dfen Londons liefen. In Massen. Zu tausenden. Zu Millionen. Erst in den \u00e4rmsten Gegenden, dann ins Stadtzentrum, vor dem Buckingham Palace, an der Themse. Sie fielen die Passanten an und bissen sie, w\u00e4hrend um sie herum Panik ausbrach. Die gebissenen Menschen erhoben sich nach kurzer Zeit wieder und unterst\u00fctzten die Spinnen, machten den Weg f\u00fcr sie frei und trieben die noch nicht gebissenen immer weiter in die Enge. Ich sah Handelsh\u00e4fen auf Borneo, in denen Kaufleute aller Nationen, die bereits unter der Kontrolle der Spinnen standen, wie sie viele Kisten voller Imperatorspinnen bis zur \u00dcberlast in ihre Schiffe luden und sie in aller Herren L\u00e4nder brachten. Ich sah, wie Professor Gibson und die Wissenschaftler und Studenten, die ebenfalls gebissen worden waren, ohne zu z\u00f6gern in das dichte Netz im Nebenraum schritten, um sich dort langsam auffressen zu lassen. Der Winterproviant f\u00fcr eine Invasionsarmee, die hier unaufhaltsam wuchs, um dann in den w\u00e4rmeren Jahreszeiten anzugreifen. Im Gro\u00dfen und Ganzen sah ich, wie der Mensch in kurzer Zeit vom alten Herrscher der Erde zum willigen und willenlosen Befehlsempf\u00e4nger der neuen Herrscher wurde. Und dann sah ich Nodos. Nodos, die K\u00f6nigin, die G\u00f6ttin aller Spinnen. Ein alptraumhaftes Gesch\u00f6pf von f\u00fcnf Metern L\u00e4nge, dass fett und verkr\u00fcmmt, mit ihren acht wei\u00dfen, blinden Augen ins Leere starrt, irgendwo im Zentrum von Borneo, umgeben von einer undurchdringlichen Wand dickster Netze, seit Jahrzehnten unbeweglich, st\u00e4ndig Eier legend. Ich wollte bei diesem gottlosen Anblick, der jeden Gedanken an einen gutm\u00fctigen Sch\u00f6pfer l\u00e4cherlich scheinen l\u00e4sst, schreien, aber ich war gel\u00e4hmt. Und dann h\u00f6rte ich Nodos. Sie war so weit weg, im Herzen Borneos, aber auch hier, in meinem Kopf. Nodos im Herzen, Nodos \u00fcberall. Sie war das Gegenst\u00fcck der mentalen Br\u00fccke. Sie versuchte sich meiner Gedanken zu bem\u00e4chtigen. \u201eSamuel Allerton\u201c, h\u00f6rte ich meinen eigenen Namen, formuliert von einer toten, k\u00f6rperlosen Stimme mitten in meinem Kopf. Es f\u00fchlte sich an, als w\u00fcrde sich ein undurchdringlicher Schatten, eine schwarze Klaue \u00fcber mein Gehirn legen und alle Denkprozesse erstarren lassen. Ich konnte noch immer nicht schreien und w\u00fcrde es vielleicht nie wieder k\u00f6nnen. Doch da h\u00f6rte ich noch etwas anderes, etwas, dass die Bilder vor mir vertrieb, mich den Kellerraum deutlicher und die Stimme in meinem Kopf schw\u00e4cher wahrnehmen lie\u00df. Es war eine Luftschutzsirene. Die Deutschen griffen an! Mit einer \u00fcbermenschlichen Kraftanstrengung und unter Schmerzen, die ich nicht mal Hitler oder Hirohito w\u00fcnschen w\u00fcrde, st\u00fctzte ich mich auf eine meiner Kr\u00fccken und erhob mich. Ich riss die festgebissenen Spinnen aus meinem Fleisch und das Adrenalin, dass durch meinen K\u00f6rper schoss verhinderte, dass ich sofort wieder vor Schmerzen zusammenbrach. Keuchend und schreiend wankte ich die Treppe nach oben und musste immer wieder Spinnen abwerfen oder zertreten, die versuchten, mich zu bei\u00dfen. Schlie\u00dflich fiel ich durch die Haust\u00fcr nach drau\u00dfen, kroch geschw\u00e4cht einige Meter weit \u00fcber die dicke Schneedecke, wobei mehrere, rote Streifen meines eigenen Blutes hinterlie\u00df. Aus unz\u00e4hligen Wunden tropfte der Lebenssaft. Ich stellte fest, dass die Spinnen mich nicht verfolgten. Die K\u00e4lte h\u00e4tte sie get\u00f6tet. Als ich es schaffte, mich abermals aufzurichten, h\u00f6rte ich bereits das Rumoren der deutschen Flugzeuge und das Pfeifen, dass die Bomben beim Fallen verursachten. Ich rannte nicht. Wie auch. Ich sah stumpf dabei zu, wie die finstere Stra\u00dfe in Flammen aufging, wie ein Geb\u00e4ude nach dem anderen explodierte und zu brennen begann. Das altersschwache Geb\u00e4ude Peary Road 17 fiel v\u00f6llig in sich zusammen. Die Tr\u00fcmmer der Dachstuhls schlugen durch die Kellerdecke und verbrannten dort alles, lebendig und tot. Erst jetzt war ich nervlich wieder so weit, dass ich mir meiner Lage bewusst wurde. Die Spinnen waren tot, das war f\u00fcr mich klar und das allein z\u00e4hlte. Ich wankte einige Zeit lang durch die Stra\u00dfen, bis ich gl\u00fccklicherweise in letzter Sekunde gefunden und in die nat\u00fcrlich v\u00f6llig \u00fcberf\u00fcllte Notaufnahme gebracht wurde. Die entstellenden Narben, die ich seit jener Nacht im Gesicht, am R\u00fccken, an den H\u00e4nden und Armen trage, werden niemals verheilen. Ich stellte fest, dass ich w\u00e4hrend der ganzen Flucht Gibsons Notizbuch fest umklammert hielt und so zumindest einen echten Beweis vorbringen kann. Aarons Brief, der sich in meiner Hosentasche befand, ist f\u00fcr immer verloren. W\u00e4hrend des Kampfes muss mir eine Spinne eben jene Tasche herausgerissen haben. Das Sekret in meinem Blut ist den \u00c4rzten hier unbekannt, wie bereits erw\u00e4hnt. Ich bin nur froh, dass die Gefahr zumindest f\u00fcr den Moment gebannt ist, denn alle Spinnen und Infizierten in London sind tot und wie ich erfahren haben, wurde auch die Yorkshire, auf der sich der Rest der von den Spinnen kontrollierten Mannschaft befand, vor einigen Tagen im Mittelmeer durch einen italienischen Kreuzer versenkt. Es gab keine \u00dcberlebenden. Aber dennoch gibt es etwas, dass mich vor Angst nicht schlafen l\u00e4sst und eine innere Unruhe vor einer undefinierbaren, grausamen Zukunft mein st\u00e4ndiger Begleiter werden l\u00e4sst. Es sind jene N\u00e4chte, in denen sich wieder eine Stimme in meinem Kopf erhebt und das Wort erklingen l\u00e4sst, \u201eNodos, Nodos\u201c.",
            "wordcount": "6.285",
            "chapter_release": "30.04.2015",
            "chapter_number": "2"
        }
    },
    "title": "Das Haus an der Peary Road",
    "topic": "unspecified",
    "release": "\n30.04.2015\n\t\t\t\t\t\t",
    "author": "Char0n"
}