{
    "tags": [],
    "chapcount": "1",
    "wordcount": "12.961",
    "chapters": {
        "1": {
            "text": "Inhalt einer Flaschenpost, aufgefunden am 23. Mai 2017 an Nordk\u00fcste Islands, nahe Bolungarvik 19. Oktober 1975Ich habe nicht viel Zeit. Dennoch werde ich versuchen, meine Erlebnisse so detailliert wie m\u00f6glich zu Papier zu bringen. Das Schicksal, vor allem aber meine unstillbare Neugier hat mich in eine unvorstellbare, ausweglose Lage gebracht. Ohne jede Hoffnung, ihr wieder zu entkommen. Das einzige, was ich jetzt noch tun kann ist, meine unglaubliche Geschichte den Str\u00f6mungen anzuvertrauen. Dies ist kein Hilferuf. Daf\u00fcr ist es l\u00e4ngst zu \u0001 \u0002 stamme von Kempton Rock, einer winzigen Insel nord\u00f6stlich von Neufundland. Unser verregnetes Fischerdorf aus windschiefen, aber gut gepflegten und immer frisch gestrichenen Holzh\u00e4usern von kaum 200 Seelen mitten im kalten Nirgendwo des Nordatlantik mag f\u00fcr den gelegentlichen Touristen einen rustikalen Charme verspr\u00fchen, aber ich wurde mit diesem Ort nie wirklich warm. Schon solange ich mich zur\u00fcckerinnern kann, w\u00fcnschte ich mich von dieser Insel weg. Obwohl ich jeden Winkel kenne und auch jeden Einwohner, obwohl ich aus einem beh\u00fcteten Elternhaus komme und viele Freunde habe, f\u00fchlte ich mich hier einfach nie ganz sicher. Lange dachte ich, es w\u00e4re das alles umgebende Meer, das mich bedr\u00fcckte. Es belagerte unsere winzige Festung, attackierte jeden Herbst mehrfach mit seinen Sturmflut-Armeen und trachtete danach, uns alle in den Tod zu rei\u00dfen. Die lange Kette von Ereignissen, die mich schlie\u00dflich in meine derzeitige Lage brachte, begann vor etwa acht Jahren, als ich gerade sieben Jahre alt war. Sie begann mit den Worten: \u201eMom? Dad? Wo kommen eigentlich die Toten hin?\u201c.Ich erinnere mich sehr gut an diesen Abend, an den Blick, den sich meine Eltern zuwarfen, nachdem ich diese Frage gestellt hatte. Daran, wie mein Vater sich schwerf\u00e4llig aus seinem uralten Ohrensessel erhob und eines der wenigen B\u00fccher, die wir im Haus hatten aus dem Regal zog. Wieder in seinem Sessel bl\u00e4tterte er eine Weile in der Bibel herum und suchte eine passende Stelle. Ich wartete geduldig, w\u00e4hrend die alte Uhr auf der Kommode langsam die Zeit \u0001 \u0002 las er einige halbwegs passende Zeilen \u00fcber das Himmelsgericht und die ewige Gl\u00fcckseligkeit und sah seine Pflicht als Vater getan. Er machte sich nicht einmal die M\u00fche, das Buch zur\u00fcckzustellen, legte es einfach aus der breiten Armlehne ab und wandte sich wieder dem Fernseher \u0001 \u0002 war nicht die Antwort, die ich mir erhofft hatte. Die spirituelle Natur des Todes hatte mich nicht interessiert. Der Grund f\u00fcr meine Frage war vergleichsweise pragmatisch: Mir war irgendwann in meinen jungen Jahren aufgefallen, dass es auf ganz Kempton Rock keinen Friedhof gab. Die Insel war klein, ja, aber selbst mit all ihrer Bebauung in den zwei Jahrhunderten seit ihrer Besiedlung gab es immer noch viele, ausladende Freifl\u00e4chen. Sogar direkt hinter der kleinen Kirche befand sich eine Wiese, die sich vom Kirchhof fast dreihundert Meter bis zur sanft abfallenden K\u00fcste hinunter erstreckte, aber von niemandem genutzt wurde, au\u00dfer von uns Kindern zum \u0001 \u0002 erkannte, dass ich meine Frage umformulieren musste: \u201eDas meinte ich nicht. Ich meinte, warum haben wir keinen Friedhof? Wo liegen die Toten begraben?\u201c.Meine Mutter machte einen besorgten Eindruck, nahm mich auf den Arm und trug mich in mein Zimmer. Sie sagte, ich w\u00e4re noch zu jung f\u00fcr dieses Thema, au\u00dferdem w\u00e4re Dad m\u00fcde von dem langen Tag auf See und ich m\u00fcsste jetzt auch Schlafen \u0001 \u0002 wei\u00df noch, dass ich in dieser Nacht lange wach lag und die Schatten beobachtete, die das Licht des Mond in meinem Zimmer warf. Mit meiner kindlichen Logik versuchte ich, mir die drastische Reaktion meiner sonst so verst\u00e4ndnisvollen und einf\u00fchlsamen Mutter zu erkl\u00e4ren. Ich wei\u00df allerdings nicht mehr, ob ich zu einem Ergebnis \u0001 \u0002 den folgenden Tagen versuchte ich das Thema noch ein paar Mal meinen gleichaltrigen Freunden gegen\u00fcber anzuschneiden, aber die zeigten wenig Interesse und irgendwann verga\u00df ich es selbst. Mein nicht zu erkl\u00e4rendes Unwohlsein aber \u0001 \u0002 Jahre sp\u00e4ter wurde ich auf dramatische Weise wieder daran erinnert, als meine Schulfreundin Kelly eines Morgens von ihrer v\u00f6llig aufgel\u00f6sten Mutter aus dem Unterricht abgeholt wurde und wir sie f\u00fcr einige Tage nicht wieder sahen. Kellys Vater hatte den obligatorischen Allzweckladen betrieben, den es in jeder winzigen, isolierten Ortschaft gibt. Ausgerechnet an jenem regnerischen Morgen war Mr. Spencer auf die Idee gekommen, die Regenrinne des Geb\u00e4udes zu reinigen. Als er die Dachkante schon fast erreicht hatte, war er dann ungl\u00fccklich auf der feuchten Leiter ausgerutscht, hatte das Gleichgewicht verloren und sich beim Aufschlag auf das grobe Kopfsteinpflaster der Carter Street das Genick \u0001 \u0002 den n\u00e4chsten Tage brannte ich nur darauf Kelly zu fragen, wohin sie die Leiche seines Vater gebracht hatten. In diesen Tagen traf kein Schiff vom Festland ein, um ihn mitzunehmen und er wurde auch nicht verbrannt, soviel stand \u0001 \u0002 kehrte in der folgenden Woche in die Schule zur\u00fcck und als ihre von unz\u00e4hligen vergossenen Tr\u00e4nen und zahlreichen schlaflosen N\u00e4chten regelrecht ausgetrockneten, ger\u00f6teten Augen sah, erschien es mir doch zu piet\u00e4tlos, sie jetzt darauf anzusprechen. Dennoch wollte ich endlich handfeste Antworten. Ich hatte allerdings schon genug Verstand um zu wissen, dass meine Eltern, meine Lehrerin Ms. Perks oder unser Pfarrer Mullany mir nur ausweichend antworten w\u00fcrden. Also fragte ich die einzige Person auf der Insel, der ich zutraute, dieses R\u00e4tsel aufkl\u00e4ren zu k\u00f6nnen.\u201eOpa, warum haben wir eigentlich keinen Friedhof hier auf Kempton Rock?\u201c. Ich hatte meine Worte mit bedacht gew\u00e4hlt. Sie waren so konkret und eindeutig wie m\u00f6glich, um ihm keine Ausweichm\u00f6glichkeit in Richtung Bibel zu \u0001 \u0002 Gro\u00dfvater sa\u00df auf einem kleinen Felsen am Rand der hier, auf der s\u00fcdlichen Seite der Insel steil abfallenden K\u00fcste. Unten schlugen die Wellen gem\u00e4chlich gegen die zerfurchten \u0001 \u0002 wusste, dass er \u00f6fter hier war um heimlich zu trinken. Der Arzt hatte es ihm nach seinem Herzinfarkt strengstens verboten, aber er dachte gar nicht daran seinen Flachmann in den Ruhestand zu schicken. Besagten Flachmann zog er auch jetzt, quasi als direkte Antwort auf meine Frage unter seinem alten Seemantel hervor und genehmigte sich ein paar Schlucke. Das Licht des halb hinter Wolkenb\u00e4nken verborgenen Sonnenuntergangs spiegelte sich in dem blanken Metall. Die Flasche verschwand wieder und mein Gro\u00dfvater sagte: \u201eWeil wir keinen brauchen. Und auch nie einen gebraucht haben\u201c.Ich wartete einige Sekunden und bef\u00fcrchtete schon, dass ich auch bei ihm kein Gl\u00fcck haben w\u00fcrde, aber dann setzte er hinzu: \u201eAber das reicht dir nicht, was? Nat\u00fcrlich nicht. Ich kann es dir nicht verdenken. In deinem Alter ist man eben besonders neugierig\u201c.Eine k\u00fchle Brise strich \u00fcber das unbebaute Oberland der Insel und lies mich fr\u00f6stelnd meine Arme um den Oberk\u00f6rper schlingen.\u201eDeine Eltern wollen nicht, dass du es erf\u00e4hrst. Es gibt auf Kempton Rock schon seit Generationen eine Art stilles Einverst\u00e4ndnis, dass man es seinen Kindern nicht erz\u00e4hlt, bis sie das gewisse Alter erreicht haben. Den meisten Kindern kommt es sowieso nicht in den Sinn nach einem Friedhof zu fragen\u201c. Er lachte humorlos und heiser und auf seinem wettergegerbten und seit dem ersten Weltkrieg von einer tiefen Narbe an der Unterlippe gezeichneten Gesicht glaubte ich, Angst erkennen zu k\u00f6nnen.\u201eIch selbst hab es damals von meinem Vater erfahren als ich 16 war. Ich wollte ihm damals noch nicht glauben, so wie du mir jetzt wahrscheinlich auch nicht glauben wirst\u201c.Mein Herz machte einen Satz. Das hie\u00df, er w\u00fcrde es mir jetzt tats\u00e4chlich verraten. Die bohrende Frage w\u00fcrde endlich eine Antwort finden.\u201eAber mit den Jahren habe ich die Geschichte akzeptiert\u201c. Er trank wieder, vielleicht um sich selbst Mut zu machen. Das Thema gefiel ihm ganz und gar nicht und das machte es mir selbst langsam unheimlich. Ich drehte mich um zum Unterland der Insel, wo die H\u00e4user friedlich beisammen standen und im schwachen Licht der untergehenden Sonne schimmerten wie eine bunte Spielzeuglandschaft. Mit einer Spielzeugkirche ohne Spielzeugfriedhof... Nein, ich w\u00fcrde mich jetzt nicht mit einer Ausrede von Opa verabschieden und nach Hause laufen wie ein Feigling. Ich wollte Antworten. \u201eAlso? Nun sag endlich\u201c, forderte ich etwas heftiger als ich wollte. Opa seufzte. \u201eNa dann. Wahrscheinlich glaubst du mir sowieso nicht. W\u00e4re das Beste f\u00fcr dich.\u201c Er wollte noch einmal in den Mantel greifen, lie\u00df dann aber doch bleiben.\u201eIn der Erde von Kempton Rock liegt kein einziger Mensch begraben. Und auch auf dem Festland wurde niemand von hier jemals verscharrt. Keiner wurde verbrannt oder dem Meer \u00fcbergeben oder was man sonst so mit Toten macht. Auf Kempton Rock verschwinden sie einfach. So war das auch letzte Woche wieder, mit Mr. Spencer aus dem Laden. Die Familie verabschiedet sich von ihm, Pfarrer Mullany spricht seinen Segen und dann lassen sie ihn \u00fcber Nacht allein in einem Zimmer liegen. Und am n\u00e4chsten Morgen ist er verschwunden. Ohne jede Spur. So l\u00e4uft das immer ab. Seit Menschengedenken\u201c.Direkt nach diesen letzten beiden Worten zog kreischend eine M\u00f6we \u00fcber uns hinweg. Ich erschrak h\u00f6rbar. Opa l\u00e4chelte mir gequ\u00e4lt zu.\u201eAber... wohin verschwinden sie? Und... warum?\u201c, stammelte ich mit pochendem Herzen. Ich sah wieder zur\u00fcck zum leidlich tr\u00f6stenden Anblick des Dorfes und \u00fcberlegte, ob ich wirklich die Antworten auf diese Fragen h\u00f6ren wollte. Eine G\u00e4nsehaut \u00fcberzog meinen schm\u00e4chtigen K\u00f6rper.\u201eEs sind die Skiaren\u201c, sagte Opa heiser nach der kurzen Pause, in der wir wohl beide abgew\u00e4gt hatten, ob wir das Gespr\u00e4ch einfach abbrechen \u0001 \u0002. Das Wort klang wild und fremdartig. Nach etwas, dass nicht hierher geh\u00f6rte.\u201eWas sind...?\u201c. Ich konnte es nicht aussprechen, konnte den fremdartigen Laut, den mein Gro\u00dfvater von sich gegeben hatte nicht nachbilden.\u201eDas wei\u00df niemand. Niemand, der noch lebt. Unsere Vorfahren um 1760 rum, die ersten Siedler auf Kempton Rock, die wussten es wohl. Aber sie haben ihren Kindern und den Siedlern, die sp\u00e4ter kamen nie genaueres erz\u00e4hlt. Der gute alte Burgess Kempton soll damals den Ruf eines Hexenmeisters gehabt haben, wusstest du das? Nein, heute erz\u00e4hlt man euch Kindern das nicht mehr. Aber die Skiaren sind sicher nicht von alleine gekommen, ganz sicher nicht. Als der alte Kempton damals mit seinen Leuten hier gelandet ist, muss er irgendetwas getan haben, dass uns zu dieser Situation verdammt hat. Naja, wahrscheinlich hat er sich \u00fcbersch\u00e4tzt oder die Skiaren untersch\u00e4tzt... Man sagt, sie kommen aus dem Land unter der dunklen Sonne. Was immer das bedeuten mag. Aber es klingt nicht sehr einladend, wenn du mich fragst. Wie sie aussehen? So beharrlich, wie mein Ururururgro\u00dfvater dar\u00fcber geschwiegen, will ich das gar nicht wissen. Auch, was sie mit uns anstellen, wenn es dann mal vorbei ist...\u201c. Er hielt inne und betrachtete nachdenklich seine arthritische, runzlige Hand. Er war 73, herzkrank und soff zu viel. Und er war sich dessen \u0001 \u0002 war weniger die Geschichte selbst, die mich immer mehr beunruhigte, als die Art in der Gro\u00dfvater sie erz\u00e4hlte. Er hatte es schon immer geliebt, mir mit Geschichten \u00fcber gigantische Seeungeheuer, brutale Piraten, Legenden vom verschollenen, dunklen Kontinent Amakadan und seiner Behauptung, kinderfressende Meereskobolde w\u00fcrden zwischen den Klippen des Oberlandes hausen, Angst einzujagen, wenn meine Eltern nicht zugegen waren. Aber so sehr diese Geschichten mich auch ge\u00e4ngstigt und mir manchmal schlaflose N\u00e4chte bereitet hatten, so war doch in seinen Erz\u00e4hlungen immer eine feine Ironie h\u00f6rbar, durch die selbst f\u00fcr mein kindliches Gem\u00fct immer klar war, dass es sich nur um Ausw\u00fcchse seiner Fantasie handelte. Wenn er aber, was selten genug vorkam, eine Geschichte aus dem Krieg erz\u00e4hlte, sprach er vollkommen anders. Dann sprach ernst, gnadenlos aufrichtig und ohne Untert\u00f6ne in der Stimme. Man konnte gar nicht anders, als seinen kalten, exakten Beschreibungen der Sch\u00fctzengr\u00e4ben und des verbrannten Landes zwischen ihnen ohne Vorbehalte zu glauben. Und genau so sprach er jetzt auch.\u201eOpa... ist das wirklich dein Ernst?\u201c, fragte ich, in der verzweifelten Hoffnung, dass er sich heute einfach nur besonders gut verstellt \u0001 \u0002 sah mich ernst an. \u201eEs ist wahr. Ich habe das alles oft erlebt. \u00dcber die Jahre habe ich erlebt wie die Leichen meiner beiden Eltern und meiner Schwester, deiner Gro\u00dftante Rosie, in den N\u00e4chten nach ihrem Tod aus dem Haus verschwanden. Und je \u00e4lter ich werde, desto deutlicher sp\u00fcre ich es jedes Mal, wenn die Skiaren auf die Insel kommen. Immer, wenn jemand im Ort stirbt, habe ich in der folgenden Nacht diesen Traum, in dem eine d\u00fcrre Klaue mir die Kehle zudr\u00fcckt, bis ich nicht mehr Atmen kann. Dann wei\u00df ich, sie sind wieder hier. Nicht wegen mir, aber das ist nur noch eine Frage der Zeit. Als Mr. Spencer letzte Woche geholt wurde, war der Traum so intensiv, dass ich dachte... bald...\u201c.Seine Stimme brach. Er zog wieder den Flachmann aus dem Mantel, drehte den Deckel ab und schluckte, schluckte, schluckte bis nichts mehr zum Schlucken \u00fcbrig war. Dann lie\u00df er die Flasche achtlos zu Boden fallen und st\u00fctzte sich schwer atmend mit beiden Armen auf die Oberschenkel. Einige Sekunden sp\u00e4ter sah er zu mir auf.\u201eJetzt wei\u00dft du es. Es ist das Schicksal unserer Insel. Keiner wei\u00df, womit wir es verdient haben, aber irgendwann m\u00fcssen wir alle uns damit abfinden. Auch du\u201c. Jetzt lallte er h\u00f6rbar. Es konnte nicht die erste Flasche Whiskey sein, die er heute geleert \u0001 \u0002 er meinen verst\u00f6rten, verzweifelten Gesichtsausdruck sah, unternahm er, angeregt von noch mehr Alkohol, eine Art Rettungsversuch: \u201eJetzt mach dir aber nicht zu viele Sorgen. Die Skiaren holen dich erst, wenn du tot bist. In vielen Jahren. Und weil du tot bist, merkst du das ja eh nicht mehr...\u201c.Tr\u00f6sten war nicht seine St\u00e4rke. Ich jedenfalls war zutiefst verst\u00f6rt von dem unzweifelhaften Ernst, mit er diese doch recht abstruse Geschichte erz\u00e4hlt hatte. Aber mit neun Jahren ist man ja sowieso noch eher bereit, derartige Dinge zu \u0001 \u0002 ersten Mal im Leben erfuhr ich was Todesangst war. Die hilflose Panik vor dem Unausweichlichen. Ich rannte. Ohne ein weiteres Wort abzuwarten oder sprechen rannte ich und lie\u00df das von unz\u00e4hligen Felsen durchbrochene Oberland hinter mir. Die Sonne war inzwischen verschwunden. Im verbliebenen Halbdunkel drohte ich immer wieder zu stolpern. Am Himmel schrien die kreisenden M\u00f6wen schrill und dissonant. In meiner \u00fcberreizten Fantasie wurden sie zu den Skiaren, den Geiern von Kempton Rock, die geduldig auf mein, wie sie hofften, baldiges Ableben warteten, um wer wei\u00df was mit mir \u0001 \u0002 angekommen versuchte ich mir nichts anmerken zu lassen. Meine Eltern sollten nicht wissen, dass Gro\u00dfvater das seit Generationen herrschende ungeschriebenen Gesetz gebrochen hatte. Wer wusste schon, was das f\u00fcr Konsequenzen haben konnte? In dieser Welt, die innerhalb der letzten Minuten um einiges dunkler geworden war, musste ich mit dem Schlimmsten \u0001 \u0002 Abendessen war ich so schweigsam wie sonst nur mein Vater, wenn er von einer auslaugenden mehrt\u00e4gigen Fangfahrt zur\u00fcckgekehrt war. Ich antwortete nur knapp, a\u00df wenig und versuchte, nicht zu Zittern, wie mein K\u00f6rper es mir \u0001 \u0002 kam heim, als meine Mutter gerade mit dem Abwasch begonnen hatte. Ich sa\u00df auf dem Sofa und versuchte all meine Gedanken mit dem Fernsehprogramm abzulenken. Es gelang nicht. Die Skiaren holen dich erst, wenn du tot bist. Und weil du tot bist, merkst du das ja eh nicht mehr, klangen Opas Worte best\u00e4ndig in meinem Kopf nach, als er zur T\u00fcr hereinkam. Er hatte gro\u00dfe M\u00fche seine Betrunkenheit zu \u00fcberspielen, nickte mir nur knapp zu und verschwand in der kleinen an das Wohnzimmer grenzenden Kammer, in die sein Zimmer darstellte. Er hatte seine eigenen Probleme. Er musste seinen Alkoholismus geheim \u0001 \u0002 flehte meine Eltern an, in der Nacht so lange wie m\u00f6glich Aufbleiben zu d\u00fcrfen, am besten mit ihnen zusammen. Der Gedanke, ganz allein in meinem dunklen Zimmer zu liegen, wie in einem Sarg, bereit, von den Skiaren geholt zu werden, trieb mich die W\u00e4nde hoch. Nat\u00fcrlich gingen sie nicht darauf ein, zumal ich ihnen keinen Grund daf\u00fcr nennen konnte, der Opa nicht in Verlegenheit gebracht \u0001 \u0002 lag ich wie immer p\u00fcnktlich um halb acht im Bett, zitternd und zugleich v\u00f6llig verkrampft. Du wirst sterben! Und die Skiaren werden dich holen!In meiner Fantasie waren Opas Worte mittlerweile so stark abgewandelt und pervertiert worden, dass ich kaum noch wusste, was er tats\u00e4chlich gesagt hatte. Aber es war nicht viel besser \u0001 \u0002 hatte ich keine Erinnerung mehr an die Alptr\u00e4ume, aus denen ich am n\u00e4chsten Morgen schwei\u00dfgebadet \u0001 \u0002 sprach nie wieder mit Opa \u00fcber die Skiaren. Ich tat das, was alle Menschen in derart verst\u00f6renden Situationen taten und begann mit dem \u0001 \u0002 war nicht leicht, aber in den kommenden Tagen gelang es mir, die Alptr\u00e4ume immer mehr fernzuhalten, worin auch immer sie bestehen mochten. Mich durchfuhren auch Monate sp\u00e4ter noch Stiche des kurzen Entsetzens, wenn ich Opa auf seinem Whiskey-Felsen (so hatte er ihn sp\u00e4ter genannt) auf dem Oberland sitzen sah oder wenn ich einen bewussten Blick auf die Wiese hinter der Kirche warf. Oder wenn ich einfach nur zu lange auf das kalte, unnachgiebige Meer hinaussah, dass uns alle gefangen \u0001 \u0002 hatte schon \u00f6fter versucht meine Eltern von einem Umzug auf das Festland zu \u00fcberzeugen, aber sie hatten sich strikt geweigert. Mein Vater war sei hier geboren und aufgewachsen und f\u00fchlte sich an Kempton Rock schon aus famili\u00e4ren Gr\u00fcnden gebunden und meine Mutter ziehe nichts auf Festland zur\u00fcck.\u201eIch habe Quebec damals aus guten Grund verlassen. St\u00e4dte sind die H\u00f6lle. Millionen Wahnsinnige auf einem Haufen. Wir bleiben hier\u201c, hatte sie \u0001 \u0002 lagen meine Chancen von der ungeliebten Insel zu fliehen bei null, zumindest, bis ich selbst erwachsen sein w\u00fcrde. Und so arrangierte ich mich mit der Zeit. Ich dachte nicht mehr an den Tod, nicht mehr an die Skiaren. Das Leben ging seinen gewohnten Gang. Ich verkl\u00e4rte die Dinge, die Opa gesagt hatte, redete mir ein, er sei an jenem Abend am Whiskey-Felsen einfach sehr viel betrunkener und irrationaler gewesen als \u0001 \u0002 den kommenden Jahren blickte immer n\u00fcchterner auf dieses verst\u00f6rende Ereignis zur\u00fcck. Er war nur ein betrunkener alter Mann. Es fiel leicht, diese rationale Schutzmauer gegen die Angst zu errichten, denn obwohl wir im selben Haus lebten, sprachen Opa und ich in stillem Einvernehmen nie wieder \u0001 \u0002 manchmal, in schlaflosen N\u00e4chten dr\u00e4ngte sich die unangenehmste aller Fragen hinterlistig in meinen Verstand: Was, wenn er doch die Wahrheit gesagt hat?Es war nicht von der Hand zu weisen. Ich hatte immer noch keine Erkl\u00e4rung f\u00fcr unseren fehlenden Friedhof und das seltsame Verhalten meiner Eltern zu diesem \u0001 \u0002 beschloss ich, die Sache einfach aufzuschieben, bis es in der Inselgemeinde wieder zu einem Todesfall \u0001 \u0002 dieser n\u00e4chste Todesfall eintraf war ich sechs Jahre \u00e4lter, fast doppelt so gro\u00df als an dem Abend, an dem ich panisch vom Oberland nach Hause getaumelt war, mir wuchsen bereits beachtliche Stoppeln im Gesicht und doch f\u00fchlte mich an diesem Tag wieder wie ein hilfloses, kleines \u0001 \u0002 war \u0001 \u0002 von uns hatte damit gerechnet, dass er es noch solange machen w\u00fcrde. In den letzten beiden Jahren hatte er seinen Alkoholkonsum nicht mehr verheimlichen k\u00f6nnen und Dr. Garcia hatte auch jeden Versuch aufgegeben, ihn davon abzuhalten.\u201eSoll er sich doch umbringen\u201c, hatte er resigniert hervorgesto\u00dfen, als er uns nach einem Hausbesuch wieder \u0001 \u0002 ich hatte ihn gefunden. Ich hatte nach ihm sehen wollen, da er sonst nie l\u00e4nger als bis acht schlief und wir mittlerweile halb zehn hatten. Als er mir auf mein Klopfen nicht antwortete, betrat ich seine Kammer. Er lag an diesem ungew\u00f6hnlich sonnigen Herbstmorgen mit weit ausgestreckten Gliedma\u00dfen auf seinem Bett, das den Gro\u00dfteil des Platzes in dem kleinen Zimmer einnahm. Sein typisches rasselndes Atmen war nicht zu h\u00f6ren. Ich war mir sofort sicher, dass es f\u00fcr ihn zu Ende gegangen war. Die letzte Jim-Beam-Flasche hatte er offensichtlich vorher noch gelehrt und fein s\u00e4uberlich auf seinem Nachttisch abgestellt. Keine halben Sachen, Opa...W\u00e4hrend ich regungslos im T\u00fcrrahmen stand, unf\u00e4hig irgendetwas zu tun, stieg in mir vornehmlich die Angst an Stelle der Trauer \u0001 \u0002 Skiaren werden ihn holen kommen. Heute \u0001 \u0002 verdr\u00e4ngte Kindheitstrauma platzte wieder auf wie eine schlecht verheilte Wunde und begann zu \u0001 \u0002 wei\u00df, wie lange ich unbeweglich, in meine d\u00fcsteren Gedanken versunken in seinem Zimmer herumgestanden h\u00e4tte, wenn meine Mutter nicht hinter mir aufgetaucht \u0001 \u0002. Garcia wurde gerufen und stellte den Tod durch Herzversagen fest. Kurz sah es aus, als w\u00fcrde er loslachen. \u201e79 Jahre\u201c, sagte er kopfsch\u00fcttelnd. \u201eAndere trinken ihr Leben lang nicht einen Tropfen und k\u00f6nnen nur davon tr\u00e4umen so alt zu werden...\u201cEs wurde ein aufreibender Tag, auch f\u00fcr die Beziehung zwischen mir und meinen Eltern. Ich war gespannt ob, wenn Opa recht behalten haben sollte, meine Eltern mich nun im richtigen Alter sahen, um mich in die schrecklichen Geschehnisse einzuweihen, die jeder Bewohner seit Jahrhunderten still akzeptierte. Das war nicht der Fall. Es war auch eine Erleichterung, denn das erm\u00f6glichte mir, die rationale Mauer noch etwas aufrecht zu erhalten, mir einzureden, dass vielleicht doch alles mit rechten Dingen zuging, dass es keine Skiaren \u0001 \u0002 wurde in seinem Bett liegen gelassen. Meine Mutter r\u00e4umte die leeren Flaschen weg und drapierte ihren Schwiegervater in w\u00fcrdevoller Haltung, mit den H\u00e4nden auf der Brust gefaltet. Am sp\u00e4ten Nachmittag kam Pfarrer Mullany. Er segnete Opa, las aus der Bibel, hielt mit uns dreien eine Art Mini-Gottesdienst ab. Am Ende klopfte er mir kumpelhaft auf die Schulter und sagte: \u201eSei stark, mein Sohn\u201c, als wenn diese leeren Worte irgendetwas besser machen k\u00f6nnten. Ich weinte nicht um ihn und verstand mich selbst nicht. Ich war einfach zu aufgew\u00fchlt, um irgendetwas richtig f\u00fchlen zu \u0001 \u0002 16:00 Uhr kam Lawrence Chester vorbei, der einzige verbliebene Freund meines Gro\u00dfvaters, mit dem er schon in Ypern und an der Somme gek\u00e4mpft hatte. Ich hatte ihn vor allem wegen seiner penetrant nach Fisch\u00f6l stinkenden Kleidung, die er vermutlich seit drei\u00dfig Jahren nicht mehr gewaschen hatte, noch nie leiden k\u00f6nnen, also entschuldigte ich mich und machte eine kleinen Spaziergang. Ich lie\u00df mich ziellos durch die schmalen Stra\u00dfen des Dorfes treiben, bis mir auf einmal klar wurde, wohin ich gehen \u0001 \u0002 Carter Street lag am n\u00f6rdlichsten Rand der Insel und war nur auf der linken Seite bebaut. Die Hausnummer 3 stellte eine Besonderheit da. Abgesehen von der Pension Red Maple in der Main Street war es das einzige zweist\u00f6ckige Geb\u00e4ude auf der Insel. Im Erdgeschoss befand sich wie eh und je der Spencer'sche Allzweckladen, dar\u00fcber lebte die Familie selbst. Ich betrat das Gesch\u00e4ft wie so viele tausend Male zuvor und entdeckte sofort, was ich suchte. Kelly Spencer sa\u00df leidlich interessiert hinter dem Verkaufstisch und las in einem Buch. In den Regalen an der Wand hinter ihr stapelten sich Unmengen an Konservendosen, die Hauptnahrungsquelle von Kempton Rock, wenn man von Fisch absah. Ein einziger Kunde, der mir unbekannt war, wahrscheinlich ein Nebensaison-Tourist, durchsuchte einen Auslagentisch mit S\u00fc\u00dfwaren. Kelly war nach dem Tod ihres Vaters sehr still geworden. Nicht direkt verschlossen, aber auch nicht mehr aufgekratzt wie zuvor. In diesem Augenblick, so nah an meinem eigenen Ende, habe ich nur sie vor Augen, in diesem Moment. Das Kinn auf den rechten Arm gest\u00fctzt, \u00fcber ihr Buch auf dem Tresen gebeugt. Ein Streifen goldener Herbstsonne liegt schr\u00e4g \u00fcber ihrer Gestalt und l\u00e4sst ihr Haar schimmern. Sie ist sechzehn Jahre alt, in ihrer Entwicklung soviel weiter und f\u00fcr jemanden wie mich, dem die Pubert\u00e4t bisher nur einen versp\u00e4teten Stimmbruch, Pickel und Haare an verwirrenden Stellen eingebracht hat, sowieso \u0001 \u0002 das alles spielt jetzt keine Rolle mehr. Ich trat an die Kasse. \u201eHallo, Kelly\u201c, sagte ich tonlos. Sie sah von ihrem Buch auf und wirkte fast erschrocken. \u201eStan\u201c, hauchte sie. \u201eOh mein Gott. Das... mit deinem Opa tut mir so Leid. Geht\u2019s dir gut?\u201c. Die ehrliche Sorge in ihrer Stimme und ihrem Blick erw\u00e4rmte etwas tief in mir und vertrieb meine finsteren Gedanken f\u00fcr einige \u0001 \u0002 hatte er ein sehr langes Leben, h\u00e4tte ich fast geantwortet, doch in letzter Sekunde wurde mir klar, dass das taktlos wirken k\u00f6nnte. \u201eNaja, es geht schon\u201c, sagte ich \u0001 \u0002 wurde bewusst, dass ich nicht ohne Hintergedanken zu Kelly gekommen war. Ich musste wissen, was sie wusste.\u201eIch kann mir gut vorstellen, wie du dich f\u00fchlst\u201c, sagte sie und ich genoss wieder diese mitf\u00fchlende W\u00e4rme in ihrer Stimme. Beil\u00e4ufig registrierte ich, dass sich unsere H\u00e4nde auf dem Tresen verd\u00e4chtig nah gekommen waren. Eine unangenehme Stille trat ein, nur unterbrochen von dem W\u00fchlen des Touristen.\u201eWas kann ich f\u00fcr denn f\u00fcr dich tun?\u201c, brach sie das Schweigen schlie\u00dflich und l\u00e4chelte gesch\u00e4ftsm\u00e4\u00dfig. \u201eW\u00fcrdest du ein St\u00fcck mit mir gehen?\u201c, fragte ich vorsichtig. \u201eIch meine, falls deine Mutter gerade \u00fcbernehmen kann\u201c.\u201eAber nat\u00fcrlich\u201c, erwiderte sie eifrig. Kelly rief ihre Mutter aus der Wohnung herunter, ich lie\u00df noch ein paar Mitleidsbekundungen von Mrs. Spencer \u00fcber mich ergehen und wir verlie\u00dfen den Laden. Es zog mich zum Oberland hinauf. Schweigend liefen wir nebeneinander her, kletterten zwischen den Felsen hindurch, die M\u00f6wen \u00fcber uns kreischend, und standen schlie\u00dflich an der Steilk\u00fcste, genauer, am Whiskey-Felsen. Ich setzte mich auf ihn, sie auf einen anderen. Unglaublich. Der Ort, der mich mit meinem Gro\u00dfvater am meisten verband war der, an dem er sich heimlich systematisch zu Tode gesoffen und mir ein Kindheitstrauma bereitet \u0001 \u0002 endlich konnte ich um ihn weinen. Lang, leise und ohne einen einzigen klaren Gedanken im Kopf. Kelly schwieg und wartete ab. Dann war es Zeit zu fragen.\u201eKelly\u201c, sagte ich und \u00fcberzeugte mich, dann meine Stimme wieder gefestigt war.\u201eWie war das damals mit deinem Vater?\u201c\u201eOh, ich war nat\u00fcrlich auch sehr traurig, aber ich kann dir versichern, der Schmerz wird vergehen, auch, wenn es dir jetzt noch nicht so vorkommt\u201c, sagte sie aufmunternd.\u201eDas meine ich nicht. Die Bestattung. Wie wurde dein Vater bestattet?\u201c, fragte ich.\u201eWie bitte?\u201c, fragte sie irritiert.\u201eWurde er auf dem Festland beerdigt, verbrannt, dem Meer \u00fcbergeben oder was auch immer? Ich muss es wissen, Kelly\u201c. Mir wurde bewusst, dass ich eine Spur zu heftig \u0001 \u0002 war aufgrund meiner Situation nachsichtig mit mir. \u201eNaja... ich wei\u00df es gar nicht mehr genau. Ich habe quasi ununterbrochen geheult. Und es ist ja auch schon solange her... Als Mom mich von der Schule abgeholt hatte, lag er oben im Wohnzimmer auf dem Sofa...\u201c. Ich unterbrach sie.\u201eIhr habt seine Leiche von der Stra\u00dfe geholt und rauf in euer Wohnzimmer getragen?\u201c, rief ich irritiert. \u201eEr wurde nicht zu Dr. Garcia oder in die Kirche oder sonst wo hin gebracht?\u201cIhr Blick nahm einen verst\u00f6rten Ausdruck an und sie rutschte unruhig auf dem Felsen umher.\u201eNein... er war ja schon tot. Was sollte er bei Dr. Garcia? Und der Pfarrer kam zu uns\u201c, fuhr sie vorsichtig fort.\u201eUnd dann? Wo wurde dich Leiche dann hingebracht?\u201c, fragte ich weiter. Meine Nerven lagen v\u00f6llig blank. \u201eIch wei\u00df es nicht mehr!\u201c rief sie und ich sah, wie ihre Augen feucht wurden.\u201eIch konnte ihn nicht mal ansehen, wie er da auf dem Sofa lag, als w\u00fcrde er sich nur ausruhen. Meine Mutter gab mir sp\u00e4ter ein Beruhigungsmittel, damit ich einschlafen konnte. Am n\u00e4chsten Morgen war Dad eben nicht mehr da, okay?\u201c.Die rationale Mauer begann zu br\u00f6ckeln. Schiere Panik erfasste mich. Hatten die Skiaren Kellys Vater geholt? Nein, nat\u00fcrlich nicht. Nur die wirren Erfindungen des S\u00e4ufers, der jetzt tot in seinem Bett lag. Aber ich brauchte endlich Gewissheit, um diese kindischen \u00c4ngste zu verbannen. Ich w\u00fcrde heute Nacht nicht schlafen, beschloss ich. Ich w\u00fcrde wach bleiben und mich so \u00fcberzeugen, dass es keine Skiaren gab. Dann w\u00fcrde ich Ruhe haben und dann w\u00fcrde ich Morgen alle Fragen zu den merkw\u00fcrdigen Bestattungsritualen stellen, die auf dieser Insel offenbar nachts im Geheimen und unter Teilnahme erst ab einem bestimmten Alter stattfanden. Kelly mochte es nicht interessieren und die erhoffte befriedigende Aufkl\u00e4rung hatte sie mir auch nicht bieten k\u00f6nnen, aber ich w\u00fcrde meine Antworten \u0001 \u0002 entschuldigte mich bei Kelly f\u00fcr meine Grobheit. Sie zeigte wieder Verst\u00e4ndnis, die Gute. Wir sa\u00dfen noch eine ganze Weile da, aber redeten nicht mehr viel. In mir brodelte die Angst vor der Nacht und den Wahrheiten, die sie hervorbringen \u0001 \u0002 brachte ich sie nach Hause und machte mich widerwillig selbst auf den \u0001 \u0002 war etwas \u00fcber eine Stunde von Zuhause weg gewesen. Es war genug, um dem Besuch Lawrence Chesters vollst\u00e4ndig zu entgehen, nicht aber dem Fischgeruch, den er im Wohnzimmer und in Opas Kammer hinterlassen \u0001 \u0002 Eltern wirkten leer und bedr\u00fcckt. Nach dem Abendessen sa\u00dfen wir im Wohnzimmer beisammen und versuchten, jeden Blick auf die geschlossene T\u00fcr zu Opas Kammer zu vermeiden. Meine Mutter strickte geistlos vor sich hin, mein Vater bl\u00e4tterte in einem Buch, offensichtlich ohne zu lesen, und ich sa\u00df am Fenster und sah \u00e4ngstlich dabei zu, wie das letzte Zwielicht des Tages verging. Das Wohnzimmerfenster, wie auch das Fenster meines Zimmers, dass sich direkt daneben befand, erlaubten den Blick hinunter zu den Molen des winzigen Hafens von Kempton Rock, wo die gro\u00dfen und kleinen Fischerboot sorgf\u00e4ltig vert\u00e4ut in auf der ruhigen See schwankten. Dieses verdammte \u0001 \u0002 schlug die Uhr auf der Kommode Acht. Ich h\u00f6rte, wie meine Mutter hinter mir ihr Strickzeug zusammenpackte und verk\u00fcndete, es sei ein langer und harter Tag gewesen und wir sollten alle fr\u00fchzeitig zu Bett gehen. Am Besten jetzt schon. Mir war klar, dass sie keine Widerrede dulden \u0001 \u0002 verschwanden meine Eltern recht bald in ihrem Schlafzimmer an der Westseite des Hauses und ich blieb hier zur\u00fcck, T\u00fcr an T\u00fcr mit meinem toten \u0001 \u0002 Mutter hatte mir noch eingebl\u00e4ut, lieber schnell einzuschlafen, \u201edamit diese traurige Nacht ganz schnell vorbei ist\u201c. Ich dachte nicht daran. Zwar legte ich mich ins Bett \u2013 angekleidet, um die Ernsthaftigkeit meines Vorhabens zu unterstreichen \u2013 und l\u00f6schte das Licht, aber war fest entschlossen, die Nacht wach zu erleben. Ich wusste ganz genau, wenn ich es nicht tat, w\u00fcrde ich die Schreckgeschichten von Opa niemals aus meinem Kopf verbannen k\u00f6nnen. Au\u00dferdem war da die immer noch die Frage, was tats\u00e4chlich mit den Toten von Kempton Rock geschah, wohin sie bis zum Morgen nach ihrem Tod verschwanden. Die Anwesenheit eines toten K\u00f6rpers nur wenige Meter von mir entfernt, wirkte \u00e4u\u00dferst bedr\u00fcckend. W\u00e4hrend die Uhr auf der Kommode Stunde um Stunde anschlug und die Schatten in meinem Zimmer dem Lauf des Mondes folgend unmerklich langsam umherwanderten, hing ich bedr\u00fcckenden Gedanken \u00fcber den Tod nach und \u00fcber das, was danach kommen k\u00f6nnte. Manchmal zuckte ich zusammen, weil eine Falte in der Bettdecke zuf\u00e4llig in sich zusammenfiel und nat\u00fcrlich bei jedem Stundenschlag der \u0001 \u0002 wurde ich tr\u00e4ge. Mein Gehirn verlangte nach Schlaf und die Dunkelheit und das Liegen im Bett machten es nicht leicht zu widerstehen. Trotz all der Angst, trotz der festen Vors\u00e4tze, musste ich mich immer \u00f6fter in den Wachzustand \u0001 \u0002 in der n\u00e4heren Vergangenheit hatte die Uhr im Wohnzimmer eins geschlagen. Soviel wusste ich noch, als es mir wieder einmal mit knapper Not gelungen war. Entschlossen setzte ich mich auf und ohrfeigte mich selbst, um die M\u00fcdigkeit zu vertreiben. Dann entschied ich, ein paar Schritte hier im Raum umher zu gehen, um den Kreislauf anzutreiben. Ich erhob mich, ging ein paar mal auf und ab und sah dabei unwillk\u00fcrlich aus dem Fenster. Ich stutzte. Im fahlen Mondschein war die Umgebung immer noch gut zu erkennen, aber selbst wenn nicht, h\u00e4tte ich die Gestalten vermutlich auch im Licht ihrer Laternen entdeckt. Ich war zuerst nur irritiert und hielt das, was ich da unten sah mit meinen m\u00fcden Sinnen f\u00fcr eine M\u00f6nchsprozession. Dann trat ich unwillk\u00fcrlich einen Schritt zur\u00fcck. Sofort brach mir der Schwei\u00df aus. Nein, das konnte nicht wahr sein. Das konnte nicht wahr sein! Mit einem einzigen Sto\u00df wurde die rationale Mauer zu Staub zermalmt. Sechs verh\u00fcllte Gestalten bewegten sich dort unten beh\u00e4big aber zielstrebig durch die engen, verlassenen Stra\u00dfen und gab es keinen Zweifel an dieser Tatsache. Kreat\u00fcrliche Panik \u00fcberfiel mich und der erste Impuls war wahrscheinlich der Beste: Ich sprang ins Bett und verkroch mich. Die Totengr\u00e4ber von Kempton Rock waren eingetroffen und wer konnte schon wissen, was geschah, wenn sie einen Bewohner dieser Insel wach vorf\u00e4nden. Mit rasendem Herzen lag ich im Bett und wartete auf das unvermeidliche, auf irgendein Ger\u00e4usch, dass von ihrer Anwesenheit im Haus zeugte. Opa hatte gesagt, sie kamen und gingen ohne eine Spur zu hinterlassen. Konnten sie durch W\u00e4nde gehen?Das erwartete Ger\u00e4usch kam, hallte wie ein unabwendbares Urteil durch das Haus und war v\u00f6llig anderes, als ich es erwartet hatte. Statt der Schritte, mit denen ich gerechnet hatte, erklang hallte vom alten Bretterboden im Flur eine Art dumpfes Staksen wider. Die verh\u00fcllten Gestalten schienen sich noch immer ohne Hast zu bewegen. Das Chaos aus Angst und Neugier drohte, mich in den Wahnsinn zu treiben. In diesem Moment aber gewann die \u0001 \u0002 ich die Gestalten so seltsam staksend n\u00e4her und n\u00e4her kommen h\u00f6rte \u2013 jetzt erklangen ihre Schritte schon auf den Fliesen des K\u00fcchenbodens \u2013 schob ich mich so leise wie m\u00f6glich aus dem Bett und schlich geduckt zu meiner Zimmert\u00fcr. Sie war nur einen Spalt breit ge\u00f6ffnet und ich wagte nicht, sie weiter aufzudr\u00fccken, aber sie erlaubte den Blick an die gegen\u00fcberliegende Wand, zu Opas Zimmert\u00fcr. Ich h\u00f6rte, wie die Wohnzimmert\u00fcr aufgezogen w\u00fcrde und verkrampfte mich furchtbar in meiner Bauchlage. Auf einmal war das Wohnzimmer von Licht geflutet. Ein blassblauer Schein enth\u00fcllte die M\u00f6bel \u2013 und die Skiaren. Ich kann noch immer nicht glauben, dass so etwas wirklich existieren kann. Als ich sie am Fenster aus der Ferne gesehen hatte, hatte ich sie zuerst mit M\u00f6nchen assoziiert, wegen ihrer Kapuzengew\u00e4nder. Ich h\u00e4tte mich nicht mehr irren \u0001 \u0002 Gestalten \u2013 nein, die Wesen \u2013 die in dieser Nacht in das Wohnzimmer meines Elternhauses traten, waren definitiv keine Menschen. Sie waren gro\u00df, stie\u00dfen fast an die Decke und der obere Teil ihres Leibes war tats\u00e4chlich und vermutlich gn\u00e4digerweise von etwas verh\u00fcllte, das \u00c4hnlichkeit mit einer M\u00f6nchskutte aufwies, aber in seiner ganzen Natur unsagbar fremdartig wirkte. Die Kapuze lie\u00df nichts von einem Gesicht, oder welche Unaussprechlichkeit diese Monstrosit\u00e4ten auch immer an ihrem Kopf herumtragen mochten, erkennen. Aus den langen, wallenden \u00c4rmeln, ragten Extremit\u00e4ten hervor, die mich tote \u00c4ste denken lie\u00dfen. Sie waren unglaublich d\u00fcrr, knochig und kr\u00e4nklich blass und ver\u00e4stelten sich in eine Unzahl von noch d\u00fcnneren, filigranen \u0001 \u0002, wenn jemand im Ort stirbt, habe ich in der folgenden Nacht diesen Traum, in dem eine d\u00fcrre Klaue mir die Kehle zudr\u00fcckt, bis ich nicht mehr Atmen kann, hatte Opa \u0001 \u0002 Schlimmste aber war das, was am unteren Ende aus ihren Gew\u00e4ndern herausragte. Es waren vier insektenhaft verkr\u00fcmmte, kr\u00e4ftige Beine von der selben kr\u00e4nklichen Farbe wie die Arme, mit denen sie sich fortbewegten und die staksenden Ger\u00e4usche erzeugten. Nur mein \u00dcberlebenswille verhinderte, dass ich in diesem Moment einen Schrei des Entsetzens ausstie\u00df. Die Kreaturen mussten direkt der H\u00f6lle entstiegen \u0001 \u0002 von ihnen hielt in seiner Hand etwas, das wie ein Hirtenstab aus irgendeinem Metall aussah. Am oberen Ende, wo der Stab einen Bogen wie ein Fragezeichen vollf\u00fchrte, war ein kleines, gl\u00e4sernes Oval eingeh\u00e4ngt, von dem das geheimnisvolle blaue Licht ausging. Dieser Skiar war es, der jetzt, da die ganze Gruppe im Wohnzimmer versammelt war, die T\u00fcr zu Opas Kammer aufzog. Dann betraten er und ein anderer den beengten Raum. Die anderen blieben wie W\u00e4chter im Wohnzimmer \u0001 \u0002 mit der Laterne beugte sich vor und lie\u00df den Lichtschein \u00fcber den K\u00f6rper meines Gro\u00dfvaters tanzen. Im Schein des blauen Lichtes wirkte seine tote Haut noch blasser. Dann begannen sie ihn zu ber\u00fchren. Ich konnte kaum glauben, welche \u00dcbelkeit es bei mir ausl\u00f6ste, ihnen dabei zuzusehen. Ihre winzigen, d\u00fcrren Finger strichen und deuteten an seinem Leib herum und verkr\u00fcmmten und verbogen sich in die unm\u00f6glichsten Winkel. Und wie um meine Best\u00fcrzung \u00fcber die Szene noch weiter zu verschlimmern, sprachen sie nun auch noch \u0001 \u0002 waren heisere, kehlige Laute, die ich undeutlich vernahm. Es w\u00e4re sinnlos gewesen, sie verstehen wollen. Das war kein Englisch. Das war \u00fcberhaupt keine Sprache, die f\u00fcr menschliche Ohren bestimmt war. Die Stimmen drangen tief in meine Gehirnwindungen vor und stachen auf irgendeine unbeschreibliche Art entsetzlich. W\u00e4hrend ich mich verzweifelt bem\u00fchte, meinen Atem flach zu halten, bildete ich mir ein, mein wie wild schlagendes Herz k\u00f6nnte durch den Brustkorb hindurch verr\u00e4terisch gegen den Boden \u0001 \u0002 die Skiaren bemerkten mich nicht. Die Beiden, die sich \u00fcber Opas Leiche gebeugt und diskutiert hatten, verlie\u00dfen die Kammer. Wie auf Stichwort traten zwei andere ein. Sie trugen eine metallische Platte bei sich. Nein, nicht einfach eine Platte. Zwei ineinander verschobene Platten, wie bei einem verstellbaren Kuchenblech. Sie zogen sie auseinander. Es war eine Bahre, auf den sie meinen Gro\u00dfvater nun ohne gro\u00dfe Vorsicht wuchteten. Lasst ihn in Ruhe, ihr widerlichen Mistviecher!, dachte ich \u0001 \u0002 sie ihn mit drei schmalen Gurten, die \u00fcber Brust, H\u00fcfte und Knie verliefen, festgezurrt und die Bahre aufgenommen hatten, begann der Abzug. Der mit dem Laternenstab ging voraus, die Bahrentr\u00e4ger folgten, die \u00fcbrigen bildeten die Nachhut. Wie riesige Gottesanbeterinnen krabbelten sie zur\u00fcck in Richtung \u0001 \u0002 ich mir sicher war, dass sie das Haus verlassen hatten, drehte ich mich auf den R\u00fccken und starrte hinauf zur Decke. Ich sog laut und gierig Luft ein. Die verkrampfte Bauchlage hatte mir das Atmen schwer gemacht. Ich war nicht in der Lage, meine Gedanken zu ordnen. Wenn, dann h\u00e4tte ich das folgende vielleicht nicht \u0001 \u0002 waren real, verdammt! Keine Suffgespenster. Diese absurden Kreaturen, aus welcher albtraumhaften Dimension sie auch immer gekrochen sein mochten. Sie waren Wirklichkeit. Die tiefe Best\u00fcrzung \u00fcber die Erkenntnis, die mein ganzes Konzept der Realit\u00e4t in Zweifel zog, h\u00e4tte mich fast zur Verzweifelung getrieben, aber ich konnte mich besinnen. Ich wollte, nein, musste wissen, was sie mit ihm anstellten. Eine Rettung seines Leichnams war undenkbar. Aber ich musste wissen, was sie mit uns \u0001 \u0002 impulsive, nicht durchdachte Handlung eines unreifen Jugendlichen. Ich dachte kaum \u00fcber die t\u00f6dliche Gefahr nach, in die ich mich begab, obwohl meine Angst mich immer noch fest umklammert \u0001 \u0002 ging ich zum Fenster und sah die Skiaren, die ihre langen Schatten bereits an die H\u00e4userfronten der Carter Street warfen. Und jetzt sah ich auch ihr Boot. Ich wei\u00df nicht, es mir vorher hatte entgehen k\u00f6nnen. Es lag im Hafen an einer der Molen und war beleuchtet von mehreren dieser geheimnisvollen, bl\u00e4ulichen \u0001 \u0002 Moment lang \u00fcberlegte ich, ob ich meine Eltern wecken sollte, verwarf den Gedanken aber sofort wieder. Ich wollte weder meine Familie noch sonst wen in Gefahr bringen. Das hier war meine Sache. Ich dachte kurz wehm\u00fctig an Kelly und fragte mich, ob ich sie je wiedersehen \u0001 \u0002 aus dem Nichts fiel mir auf einmal die Waffe meines Vaters ein. Er besa\u00df eine alte FN Browning, die er allerdings seit Jahren nicht mehr benutzt hatte. Opa war der Meinung gewesen, ein Mann m\u00fcsse mit Waffen umgehen k\u00f6nnen, selbst wenn er auf einer abgelegenen Insel lebte, auf der praktisch nie die Notwendigkeit bestand, sie einzusetzen. Ich wusste, dass er in einer Schublade des Kleiderschranks unter seinen Hosen versteckt hielt. Dort hatte ich sie vor einigen Jahren beim Spielen mit einem Freund entdeckt. Da wir nicht erwischt worden waren, war ich mir ziemlich sicher, dass die Browning immer noch dort liegen musste. Ich hatte keine wirkliche Vorstellung davon, wie die Waffe mir weiterhelfen k\u00f6nnte, zumal ich das Ausma\u00df der r\u00e4tselhaften F\u00e4higkeiten der unheimlichen Fremden unm\u00f6glich einsch\u00e4tzen konnte. Aber so wie mir der Gedanke gekommen war, war ich auch schon so leise wie m\u00f6glich durch das Wohnzimmer und die K\u00fcche, hin\u00fcber zum Schlafzimmer meiner Eltern gesprintet. Eile war geboten. Zwar bewegten sich die Skiaren nach wie vor eher gem\u00e4chlich, aber ich zweifelte nicht daran, dass sie die Insel unverz\u00fcglich verlassen w\u00fcrden. Ich lauschte an der T\u00fcr und h\u00f6rte das nasale Schnarchen meines Vaters und \u2013 leiser \u2013 das Atmen meiner Mutter. Sie schliefen sehr unruhig. M\u00f6glicherweise wurden sie von diffusen Tr\u00e4umen geplagt, in denen d\u00fcrre Klauen sie am Hals \u0001 \u0002 legte die Hand auf die Klinke und dr\u00fcckte sie langsam nach unten. Ich wusste, dass die Scharniere beim \u00d6ffnen ein kurzes Quietschen von sich geben w\u00fcrden, dass meine Eltern sehr wohl aus ihrem leichten Schlaf rei\u00dfen k\u00f6nnte, aber ich biss die Z\u00e4hne zusammen und schob sie schnell auf. Das Quietschen war hoch und blitzartig wieder vorbei. Am ganzen K\u00f6rper verkrampft starrte das Bett meiner Eltern an. Mein Vater wechselte die Seite, lag jetzt mit dem Gesicht zur Wand, schlief aber weiter. Ich entspannte mich so weit wie m\u00f6glich und betrat das \u0001 \u0002 Skiaren mussten l\u00e4ngst in der Carter Street sein. Ich zwang mich zur Eile. Der Kleiderschrank stand an der von mir aus gesehen rechten Wand des Raumes, an der Bettseite, auf der meine Mutter schlief. Auf Socken schlich ich \u00fcber den ausgeblichenen Teppich und stellte erleichtert fest, das nicht mal ich selbst etwas davon h\u00f6ren konnte. Nach sechs Schritten stand ich vor dem Schrank und ging in die Hocke. Ich ertastete den Knauf der oberen Schublade und durchw\u00fchlte die ordentlich gefalteten Hosen ohne gro\u00dfe Vorsicht. Endlich ber\u00fchrten meine Finger k\u00fchles Metall. Ich verlor keine weitere Sekunde, zog die Pistole hervor und \u00fcberpr\u00fcfte mich mit einem schnellen Blick, dass sie geladen und gesichert war. Das Magazin enthielt dreizehn Kugeln. Ich hatte nun wirklich keine Zeit, mich nach weiteren Magazinen umzusehen, hatte keine Ahnung, wo mein Vater sie aufbewahren k\u00f6nnte, wenn er \u00fcberhaupt noch welche besa\u00df. Ich machte mir nicht einmal die M\u00fche, die Schublade wieder zu schlie\u00dfen, sprang einfach auf und wollte auf dem schnellsten Weg aus dem Zimmer verschwinden. Doch in meiner Eile blieb ich an einem Bein des Bettgestells h\u00e4ngen, stolperte und fiel ger\u00e4uschvoll hin. Das gleichm\u00e4\u00dfige Atmen meiner Mutter wurde unterbrochen, setzte unregelm\u00e4\u00dfig wieder ein. Sie erwachte. Hastig rappelte ich mich auf. Ich stand schon im T\u00fcrrahmen, als ich ihre verschlafene Stimme h\u00f6rte.\u201eStan?\u201cIch konnte nicht anders. Ich blieb wie auf Kommando stehen und drehte mich um. Mein Vater schnarchte weiter. Im Dunkel konnte ich die verschlafenen Gesichtsz\u00fcge meiner Mutter kaum ausmachen. Bevor ich beginnen konnte, mir irgendeine Ausrede zusammen zu stammeln, fuhr sie fort: \u201eSie sind dir n\u00e4her, als du denkst. Es ist alles anders, als du denkst\u201c. Diese kryptischen S\u00e4tze jagen mir noch immer eine G\u00e4nsehaut \u00fcber den K\u00f6rper, wie in diesem Moment. Und mit meinem jetzigen Wissen im Hinterkopf beschleicht mich der unangenehme verdacht, dass sie vielleicht auf irgendeine Weise, in diesem Augenblick auf der Schwelle zwischen Alptraum und Wachzustand die Natur der Skiaren erkannt hatte. Dann legte meine Mutter sich wieder auf die Seite und schlief weiter. Erleichtert wurde mir bewusst, dass sie nicht vollst\u00e4ndig erwacht war und sich am Morgen wahrscheinlich nicht mal daran w\u00fcrde erinnern k\u00f6nnen. Ich warf einen letzten Blick auf meine Eltern und zog die T\u00fcr \u0001 \u0002 riss ich meine Jacke vom Haken, steckte die erbeutete Pistole in die Innentasche, schl\u00fcpfte in meine Schuhe und trat entschlossen hinaus in die Nacht. Dabei stellte ich fest, dass die Haust\u00fcr tats\u00e4chlich noch so verschlossen war wie am Abend, der Angewohnheit meines Vaters nach mit drei Umdrehungen des Schl\u00fcssels. Drau\u00dfen war es so kalt, dass mein Atem zu W\u00f6lkchen kondensierte. Au\u00dferdem war es still, bis auf einen leichten Wind, das Rauschen der sanften Wellen \u2013 und die entfernten Schritte der Fremden. Der Mond war mittlerweile hinter einer Wolke verschwunden und es war nicht leicht sich durch die dunklen, verwinkelten Stra\u00dfen \u00fcber das unebene Kopfsteinpflaster zu bewegen. Auf Kempton Rock gibt es noch keine durchg\u00e4ngige Stra\u00dfenbeleuchtung. Es gelang mir trotz der Schw\u00e4rze der Nacht unfallfrei und rechtzeitig in die Carter Street so gelangen, an die sich der Hafen anschloss. Geduckt schlich ich \u0001 \u0002 hatte ich einen besseren Blick auf das Boot. Etwas derartiges hatte ich noch gesehen und ich konnte mir nicht vorstellen, wie man auf diesem Ding den Atlantik befahren k\u00f6nnte. Es war ein rechteckiger Kasten aus einem seltsamen, rotbraunen Holz, das reich mit seltsamen Symbolen graviert war. Kein Bug, keine erkennbaren Steuerger\u00e4te. Die Skiaren schickten sich gerade an, die Bahre mit meinem Gro\u00dfvater von der Mole hin\u00fcber ins Boot zu hieven. All ihre Bewegungen gingen mit einer derartigen Leichtigkeit von statten, dass ich bei dem Gedanken an die gewaltigen Kr\u00e4fte, die ihnen innezuwohnen schienen \u0001 \u0002 Gro\u00dfvater war meinem Blickfeld entzogen worden. Ich erkannte, dass die Kreaturen sich daran machten, abzulegen. Zwei der Skiaren stie\u00dfen das Boot mit langen, d\u00fcnnen Stangen von der Mole ab. Es trieb mit beachtlicher Geschwindigkeit und unter Missachtung der physikalischen Gesetze schnurgerade \u00fcber die leicht bewegte See dahin. Doch der Anblick des Bootes, dass sich so gleichm\u00e4\u00dfig und scheinbar ohne zu schwanken \u00fcber das Wasser dahinglitt, war so faszinierend, dass ich f\u00fcr kurze Zeit verga\u00df, was gerade geschehen war. Das blaue Gl\u00fchen ihrer Laternen war noch aus weiter Ferne \u0001 \u0002 Idee, die mir jetzt kam, wird wahrscheinlich jeden, der das hier liest an meinem Verstand zweifeln lassen, vorausgesetzt, er hat meinem Bericht bis hierhin glauben geschenkt. Bisher hatte ich mich einer unkalkulierbaren Gefahr ausgesetzt, aber jetzt w\u00e4re f\u00fcr jeden rational handelnden Menschen der Moment gekommen, sich zur\u00fcckzuziehen, einzusehen, das hier Dinge jenseits seines Handlungsverm\u00f6gens abliefen und er es lieber auf sich beruhen lassen sollte, wenn ihm etwas an Leben und geistiger Gesundheit lag. Aber ich dachte nicht mehr rational. Mein von M\u00fcdigkeit, Trauer, Wut und Angst gemarterter Verstand gebar eine geradezu wahnsinnige Idee. Zwei Molen weiter rechts lag die La Fiert\u00e9 vert\u00e4ut, das Fischerboot meines Vaters. Kaum zehn Meter lang, mit einem schwachen Dieselmotor, aber schnell genug, um sich der Geschwindigkeit des Skiar-Bootes anzupassen, sch\u00e4tzte ich. Ich \u00fcberdachte diesen Gedanken keine weitere Sekunde. Das blaue Leuchten, dass meine einzige Spur dem K\u00f6rper meines Gro\u00dfvaters hinterher darstellte, hatte bereits die H\u00e4lfte der Strecke von hier bis zur Linie des Horizonts zur\u00fcckgelegt. Wenn ich sie verlor, w\u00fcrde ich niemals meine Antworten \u0001 \u0002 einigen schnellen S\u00e4tzen den Pier entlang hatte ich die Fiert\u00e9 erreicht und l\u00f6ste hastig die Taue, wobei ich immer wieder zu dem viel zu schnell und viel m\u00fchelos dahingleitenden Boot der Skiaren hin\u00fcber \u0001 \u0002 betrat den winzigen F\u00fchrerstand, startete den Motor und betete, dass sie das schwache Brummen der kleinen Maschine nicht h\u00f6ren w\u00fcrden. Dann dr\u00fcckte ich den Gashebel nach vorn. Ich hatte die Fiert\u00e9 schon oft gesteuert, wenn auch immer unter Aufsicht meines Vaters. Das kleine Boot war sehr wendig, aber vergleichsweise leicht zu handhaben. Als es sich in Bewegung setzte, wurde ich von einer nie gekannten Aufregung elektrisiert. St\u00e4rker als jede Angst unterdr\u00fcckte sie erbarmungslos jeden kritischen Gedanken gegen meine spontane Aktion. Ich w\u00fcrde derjenige sein, der das jahrhundertealte Geheimnis von Kempton Rock ergr\u00fcndete, der herausfand, wohin die Skiaren die Verstorbenen brachten und warum. Seit dem Tag, an dem mir zum ersten Mal das Fehlen eines Friedhofs aufgefallen war, war ich dazu auserkoren, so schien es mir. Ich war wie in einem Rauschzustand und w\u00fcnschte, Kelly k\u00f6nnte mich jetzt sehen und den Antritt meiner heldenhaften Reise ins Ungewisse bewundern. F\u00fcr diese hirnlose Leichtsinnigkeit k\u00f6nnte ich mich im Nachhinein selbst in den Arsch \u0001 \u0002 dauerte eine Weile und kostete einiges Rumprobieren, ehe es mir gelang meine Geschwindigkeit der des Skiar-Bootes anzupassen. Trotz meines fast wahnhaften Zustandes war ich meistens zu vorsichtig, nahm die Geschwindigkeit immer weiter zur\u00fcck, bis das entfernte blaue Leuchten vor mir am Horizont verschwand. Dann dr\u00fcckte ich den Fahrthebel panisch nach vorn, bis ich es wieder sehen \u0001 \u0002 Ungeheuer schienen mich nicht zu bemerken und wenn sie es doch taten, so reagierten sie in keiner erkennbaren Weise. Auch hatten sie ihren Kurs kein einziges Mal ge\u00e4ndert. Sie steuerten ohne die kleinste Abweichung stur Richtung Nordnordost. Ich war alles andere als ein guter Navigator, aber ich sch\u00e4tzte, das wir, wenn das so weiterging, irgendwann in Gr\u00f6nland sein w\u00fcrden. Auch hier lag ich in geradezu grotesker Weise \u0001 \u0002 der Zeit klang meine Abenteurer-Euphorie ab. Die M\u00fcdigkeit begann mir zuzusetzen. Ich machte mir bewusst, dass ich, seit dem ich Gro\u00dfvaters Leiche in seinem Bett liegend vorgefunden hatte, ununterbrochen wach gewesen war. Der Atlantik verhielt sich ruhig. Es war keine Herausforderung, den Kurs zu halten. Die Eint\u00f6nigkeit meiner T\u00e4tigkeit drohte mich in einen Ersch\u00f6pfungsschlaf zu wiegen. Ein Blick auf die Uhr zeigte mir, dass meine Verfolgung schon etwa vier Stunden andauerte. Kurz danach geschah das vielleicht Unglaubw\u00fcrdigste, das ich zu berichten habe. Den Blick nach wie vor fest auf den blauen Schimmer am Horizont gerichtet, nahm ich es zun\u00e4chst gar nicht war, denn der \u00dcbergang war flie\u00dfend und zu Beginn noch sehr langsam. Doch dann war es, als w\u00fcrde vor mir eine Atombombe explodieren. Der ganze Himmel, eben noch schwarz und von den unz\u00e4hligen Sternen \u00fcberzogen, wandelte sich in glei\u00dfendes, brennendes Wei\u00df, dass mich instinktiv das Steuerrad loslassen und die Handfl\u00e4chen vor die Augen pressen lie\u00df. Ich torkelte gegen die R\u00fcckwand der kleinen Kabine und es dauerte einige Sekunden, bis ich es wagte, die H\u00e4nde wieder von den Augen zu nehmen. Nein, der unglaubliche Vorgang war keine Einbildung gewesen und anscheinend auch nicht von kurzer Dauer. Ich kniff die Augen zusammen, damit sie sich langsam an die pl\u00f6tzliche Helligkeit gew\u00f6hnen konnten. Der Himmel war definitiv Wei\u00df, aber nicht schmutzig-wei\u00df, wie er an v\u00f6llig wolkenverhangenen Tagen manchmal erscheint. Es war ein be\u00e4ngstigend reines, makelloses Wei\u00df, wie das des unbetretenen Neuschnees. Dennoch war die Lichtstimmung weniger hell, als es meinen an die Dunkelheit gew\u00f6hnten Augen zun\u00e4chst erschienen war. \u00dcber dem Ozean hing ein tr\u00fcbes, schweres \u0001 \u0002 Skiaren hatte ich fast vergessen. Ich trat aus dem F\u00fchrerstand, um mich genauer umzusehen. Das Mond war nirgendwo zu sehen, daf\u00fcr entdeckte ich am Himmel etwas, dass mich auf den Boden der Tatsachen zur\u00fcckholte, wieder an die Skiaren denken lie\u00df und mir zum ersten Mal wirklich bewusst machte, in welche Gefahr ich mich begeben hatte. Mitten in dem reinen Wei\u00df des Himmels stand ein schwarzer Kreis. Einen Augenblick konnte ich nichts zu tun als ihn mit weit ge\u00f6ffnetem Mund anzustarren, bis mir klar wurde, was das war. Man sagt, sie kommen aus dem Land unter der dunklen Sonne, hatte Gro\u00dfvater an jenem weit entfernten Abend erz\u00e4hlt. Eine schwarze Sonne. Was f\u00fcr eine d\u00e4monische Perversion der Natur, wenn hier \u00fcberhaupt die Natur am Werk war. Ich weigerte mich beharrlich, \u00fcber die finsteren, undenkbaren Implikationen dieses Anblicks nachzudenken. Ich musste mich abwenden. Die Schw\u00e4rze begann mir in den Augen zu stechen. Wo zum Teufel war ich hier nur hinein geraten?Mein n\u00e4chster Gedanke galt den Skiaren und der Frage, ob ich sie bei Helligkeit \u00fcberhaupt noch ausmachen konnte. Als ich wieder in den F\u00fchrerstand zur\u00fcckkehrte, wurde mein Blick zuerst auf das Armaturenbrett gezogen. Der neben dem Steuerrad eingelassene Kompass spielte verr\u00fcckt. Die Nadel drehte sich in unerh\u00f6rter Geschwindigkeit wild im Kreis, mal mit, mal gegen den Uhrzeigersinn, ohne erkennbares Muster. Die Navigation nach herk\u00f6mmlichen Methoden konnte ich also vergessen, aber es gelang mir tats\u00e4chlich, mit einigen M\u00fchen und dem Fernglas, das schwache blaue Schimmern knapp \u00fcber dem Horizont wiederzuentdecken. Von der dramatischen Ver\u00e4nderung der Umgebung ungetr\u00fcbt, so glaubte ich zu diesem Zeitpunkt zumindest, verscheuchte ich die M\u00fcdigkeit und nahm die konzentrierte Verfolgung wieder \u0001 \u0002 etwa einer weiteren Stunde begann sich in der Ferne eine K\u00fcstenlinie abzuzeichnen. Eine Insel. Oder ein Kontinent. Das Land unter der dunklen Sonne. Ein totes Land. Im N\u00e4herkommen erkannte ich nur eine endlose, karge Landschaften in eint\u00f6nigem Grau. Eine ganze Ketten hoher und erstaunlich gleichf\u00f6rmiger Felsnadeln \u00fcberzog die Szenerie. Bei ihrem Anblick wurde ich an das Gebiss eines Anglerfisches erinnert und f\u00fcr einen Augenblick kam mir die unangenehme Vorstellung in den Sinn, dies hier sei der Unterkiefer eines monstr\u00f6sen Exemplars dieser \u0001 \u0002 Spitzen l\u00f6sten noch eine Reihe weiterer Assoziationen aus, die von harmlosen Spritzen bis hin zu t\u00f6dlichen Messerstichen reichten. Die entsprechenden Schmerzen konnte ich in diesem Moment fast physisch sp\u00fcren. Mittlerweile bin ich fast davon \u00fcberzeugt, dass diese unwahrscheinliche Bergkette keine Laune der Natur ist, sondern bewusst geschaffen wurde, um schon aus weiter Ferne und \u00fcber alle Sprachbarrieren hinweg von diesem Ort \u0001 \u0002 gab mir alle M\u00fche, sie aus meinen Gedanken zu verbannen, wie es mir schon kurzzeitig mit der dunklen Sonne gelungen war, die sich ja dankenswerterweise in meinem R\u00fccken \u0001 \u0002 erkannte ich auch das Ziel des Skiar-Bootes. Vor uns tat sich an der Steilk\u00fcste der fast schon kreisf\u00f6rmige Eingang einer Wasserh\u00f6hle auf. Ihr Boot fuhr ein und entzog sich meinem Blick. Ich verringerte meine Beschleunigung um etwa die H\u00e4lfte und mich etwas zur\u00fcckfallen lassen. Ich wusste nicht, was mich in der H\u00f6hle erwarten w\u00fcrde, aber die Gefahr, entdeckt zu werden, w\u00fcrde im Inneren ungleich h\u00f6her sein. W\u00e4hrend meiner langsamen Ann\u00e4herung \u00fcberraschte mich das Ausma\u00df der H\u00f6hle. Der durchma\u00df mindestens hundert Meter. Die lange, schlauchartige Grotte, die sich daran anschloss, konnte man mit ihrer enormen Deckenh\u00f6he schon fast als Kathedrale \u0001 \u0002 ich einfuhr war ihr Boot schon l\u00e4ngst au\u00dfer Sicht. Ich entdeckte, dass der Fluss auf der ganzen, von mir \u00fcberschaubaren L\u00e4nge zu beiden Seiten von einem schmalen Ufer begrenzt war. Doch der atemberaubende Anblick der gewaltigen H\u00f6hle nahm mich sofort darauf gefangen. Etwas \u00e4hnliches hatte ich noch nie gesehen und f\u00fcr kurze Zeit verga\u00df ich die ungewisse Lage, ich die ich mich man\u00f6vriert hatte. Tats\u00e4chlich war ich so abgelenkt, dass ich den nur knapp \u00fcber die Wasseroberfl\u00e4che ragenden Felsen \u00fcberhaupt nicht wahrnahm, auf den ich zusteuerte und mich erst wieder regte, als die Fiert\u00e9 ihn an der Backbordseite streifte. Ich wurde von den Beinen gerissen und prallte mit dem Kopf gegen die R\u00fcckwand der Kabine. Sofort explodierte in meinem Sch\u00e4del pulsierender Schmerz, der mich zu l\u00e4hmen drohte. Die Schiffsschraube drehte sich unger\u00fchrt weiter und schabte den Rumpf langsam aber sicher an dem Felsen auf. Der gesamte Rumpf vibrierte und ein ungesund klingendes Quietschen schreckte mich aus meiner Starre auf und lie\u00df mich ungelenk zum Fahrthebel hin\u00fcber stolpern. Ich packte ihn und riss ihn zur\u00fcck auf Null. Der Motor erstarb. Die Schiffsschraube drehte langsam aus, die Fiert\u00e9 kam zur Ruhe. Beide H\u00e4nde an den Kopf gepresst sank ich vor der Steuerkonsole zu Boden. Der Schmerz lie\u00df nur sehr langsam, kaum merklich nach. Eine neue Welle der M\u00fcdigkeit \u00fcbersp\u00fclte mein Bewusstsein. Ich wollte es nicht zulassen und versuchte mich auf die gef\u00e4hrliche Lage, in der ich mich befand zu konzentrieren. Keine Chance. Mein gepeinigter Kopf schien die Befehlsgewalt \u00fcber den K\u00f6rper verloren zu haben. Ich schlief ein. Im wahrsten Sinne des Wortes in der H\u00f6hle des \u0001 \u0002 Schlaf war eine traumlose, pulsierende Leere und als ich erwachte schien es mir, als w\u00e4ren nur wenige Sekunden vergangen. Die Lichtverh\u00e4ltnisse hatten sich nicht ver\u00e4ndert, wie es normalerweise geschehen w\u00e4re, wenn die Sonne im Laufe des Tages \u00fcber den Himmel wandert. Aber an diesem Ort war nichts normal. Erst nach einigen Sekunden erinnerte ich mich, was geschehen war. Hastig sprang ich auf und hatte M\u00fche, das Gleichgewicht zu halten. Der Boden neigte sich zur Backbordseite hin. Vorsichtig verlie\u00df ich die Kabine und trat an die Reling. Die Fiert\u00e9 lag leicht schr\u00e4g gegen den Felsen gelehnt, auf den sie gesto\u00dfen war. Dieser hatte ein St\u00fcck der Backbordseite aufgekratzt und war in diesem Riss stecken \u0001 \u0002 Str\u00f6mung des Flusses war zu schwach, um das Boot weiterzubewegen, allerdings war durch den Aufriss eine bedenkliche Menge Wasser eingetreten. Was diese Erkenntnis in mir ausl\u00f6ste, d\u00fcrfte klar sein. Ich hatte Gl\u00fcck im Ungl\u00fcck gehabt. Das Boot war nicht w\u00e4hrend meiner Bewusstlosigkeit gesunken. Aber es w\u00fcrde mich auch nicht mehr von diesem verst\u00f6renden Ort wegbringen k\u00f6nnen, falls dies vorher \u00fcberhaupt der Fall gewesen w\u00e4re. Ich war im Land unter der dunklen Sonne gestrandet. Und alles wegen eines Augenblicks der Unachtsamkeit. Brennender Selbsthass entflammte in mir. Aber nur kurz. Es war klar, dass mich das nun auch nicht mehr weiterbringen \u0001 \u0002 gelang mir, mich zu beruhigen und ich begann, meine M\u00f6glichkeiten \u0001 \u0002 Uhr am Armaturenbrett in der Kabine zeigte acht Uhr vierunddrei\u00dfig an. Ich hatte mehr als vier Stunden geschlafen. Die dunkle Sonne, die seltsamerweise genau im Zentrum des kreisf\u00f6rmigen H\u00f6hleneingangs zu stehen schien, hatte ihre Position jedoch auf r\u00e4tselhafte Weise kein St\u00fcck ver\u00e4ndert und hat dies auch bis zu diesem Moment, in dem ich das hier schreibe, nicht getan. Fast so, als w\u00e4re die Zeit an diesem Ort stehen geblieben. Allem Anschein nach waren die Skiaren weiter dem Verlauf des Flusses tiefer in die H\u00f6hle gefolgt, ohne mich bemerkt zu haben. Was sie inzwischen mit Opas Leichnam angestellt haben mochten? M\u00f6glicherweise war es schon zu sp\u00e4t, die erhofften Erkenntnisse zu sammeln, aber an diesem Punkt, an dem ich alles geopfert hatte, einschlie\u00dflich meiner einzigen, vagen Hoffnung auf eine R\u00fcckkehr nach Hause, wollte ich nicht aufgeben. Ich w\u00fcrde wohl oder \u00fcbel zu Fu\u00df gehen m\u00fcssen, darauf hoffend, dass das die Uferlinie dem Fluss die ganze Strecke bis zu meinem unbekannten Ziel folgen w\u00fcrde. F\u00fcr eine solche Expedition war ich denkbar schlecht ausger\u00fcstet. Ich \u00fcberzeugte mich davon, dass sich die Browning meines Vaters nach wie vor in meiner Innentasche befand. Dann kehrte ich in die Kabine zur\u00fcck, in der Hoffnung, irgendetwas N\u00fctzliches zu finden. Meine Ausbeute nach wenigen Minuten des W\u00fchlens bestand aus einem Sturmfeuerzeug und einem ziemlich abgenutzten Messer, mit dem mein Vater schon seit Jahrzehnten Fische ausnahm. Dazu nahm ich mir noch eine der Plastikkisten, in denen die frisch gefangene Fisch eingelagert wurden. Eine, die vergleichsweise sauber war. Ich zog mich aus, legte als meine Kleidung und die Gegenst\u00e4nde, die ich bei mir trug in die Kiste, verschloss sie sorgf\u00e4ltig und lie\u00df mich mit ihr unter dem Arm \u00fcber die Reling ins Wasser \u0001 \u0002 war weniger kalt als ich bef\u00fcrchtet hatte. Die Kiste vor mir her schiebend schwamm ich die wenigen Meter zum Ufer hin\u00fcber. Dort missbrauchte ich mein T-Shirt als Handtuch, lie\u00df das v\u00f6llig durchn\u00e4sste Kleidungsst\u00fcck achtlos zu Boden fallen und zog mich wieder an. Die gef\u00fctterte Jacke w\u00fcrde mich schon warm genug \u0001 \u0002 H\u00f6hle vollf\u00fchrte nach etwa f\u00fcnfhundert Metern ihre erste Biegung, eine scharfe Rechtskurve. Irgendwo dahinter waren die Skiaren, die geraubte Leiche meines Opas und die Antworten auf die bestimmenden Fragen meines Lebens und der nach dem Schicksal meiner Heimatinsel. Ich dachte an Kelly und daran, dass ich das hier ja irgendwie auch f\u00fcr sie tat. Zum einen, um herauszufinden, was aus ihrem Vater geworden war, zum anderen, um m\u00f6glicherweise die Heimsuchung durch die Skiaren von Kempton Rock, und damit auch von ihr, abzuwenden. Das war absurd. Aber motivierend. Ich gab mir einen \u0001 \u0002 Fiert\u00e9 und das Licht des blendend wei\u00dfen Himmels vor dem H\u00f6hleneingang blieben hinter mir zu zur\u00fcck. Hinter der Biegung wurden die Sichtverh\u00e4ltnisse zusehens schlechter und schon nach kurzer Zeit blieb mir nichts anderes \u00fcbrig, als mich, mit der rechten Hand an der Wand entlang tastend, nur sehr vorsichtig fortzubewegen. Das Feuerzeug wollte ich nur einsetzen, sollte ich auf etwas unvorhergesehenes sto\u00dfen, etwa, wenn sich der Untergrund vor mir pl\u00f6tzlich ver\u00e4nderte. Auch wenn die Versuchung, Licht in diese bleierne Finsternis zu bringen, unertr\u00e4glich und anhaltend \u0001 \u0002 Zeit war das tr\u00e4ge Flie\u00dfen zu meiner Linken alles, was ich wahrnahm. In der Eint\u00f6nigkeit nahm meine Fantasie Fahrt auf. Ohne es wirklich zu wollen begann ich, \u00fcber diesen Ort zu spekulieren. Was war dieses Land unter der dunklen Sonne und wie waren die Skiaren und ich aus dem Nordatlantik hierher geraten? Meine Gedanken kreisten um fremde Planeten, andere Dimensionen, Wurml\u00f6cher und die unheimlichen Geschichten, die Opa mir in meiner Kindheit erz\u00e4hlt hatte. Dann, vielleicht eine Stunde, nachdem ich in die absolute Finsternis eingetaucht war, wurden meine schlimmsten Bef\u00fcrchtungen \u00fcber diese Reise ins Ungewisse \u00fcberboten. Ich setzte meinen linken Fu\u00df vor und trat auf etwas, dass sich v\u00f6llig anders anf\u00fchlte, als der Boden, auf dem ich bisher gelaufen war. Etwas, dass eine W\u00e4rme abgab, die ich selbst durch die Sohlen meiner Stiefel wahrnehmen konnte. Etwas, dass daraufhin ein irritiertes Ger\u00e4usch von sich gab. Ein aggressives, spitzes Gebr\u00fcll erf\u00fcllte die bis dahin stille H\u00f6hle und lie\u00df mich erschrocken zwei, drei Schritte zur\u00fcck \u0001 \u0002 Herz schien seine Schlagfrequenz von einem Moment zum n\u00e4chsten verdreifacht zu haben. Da war irgendein Lebewesen vor mir in der Dunkelheit und ich war blind auf es getreten. Zitternd stand ich da und w\u00e4gte meine Optionen ab. Die Flucht zur\u00fcck ins Licht? Ausgeschlossen. Ich stand einer unbekannten Gefahr gegen\u00fcber, aber ich war nicht bereit aufzugeben. Ich zuckte zusammen, als aus der Richtung des Wesens ein Laut erklang, der sich anh\u00f6rte, als w\u00fcrden zwei trockene \u00c4ste aufeinander geschlagen. Immer und immer wieder. Dann folgten Schritte. Definitiv Schritte von mehr als zwei oder vier \u0001 \u0002 sich begann ich, mich weiter in die Richtung zur\u00fcckzuziehen, aus der ich gekommen war. Ich konnte nicht einsch\u00e4tzen, wie weit dass fremdartige Ding noch von mir entfernt war. Da fiel mir das Feuerzeug ein. Ich zog es aus meiner Brusttasche und versuchte es mit meinen vor panischer Aufregung zitternden Fingern es zu entz\u00fcnden. Es gelang mir erst beim dritten Versuch. Und als ich endlich diese kleine Flamme zustande gebracht hatte und sein flackernder Schein meine unmittelbare Umgebung sichtbar wurde, lie\u00df ich es sofort vor Schreck fallen, wobei ich einen wenig heroischen Schrei ausstie\u00df. Aber ich glaube, jeder andere h\u00e4tte bei diesem Anblick \u00e4hnlich reagiert. Das Wesen, dass auf mich zukam, nachdem ich es unabsichtlich getreten hatte, sah aus wie eine riesige Kellerassel. Ihr von einem im Licht der Flamme wie Stahl schimmernden Panzer bedeckter K\u00f6rper war mindestens f\u00fcnf Meter lang, die wild herum schwingenden F\u00fchler an ihrem augenlosen Kopf nicht mitgez\u00e4hlt. Von unz\u00e4hligen kleinen, aber flinken Beinchen getragen kam diese blinde, aus der tiefsten Dunkelheit der Unterwelt geborene Perversion der Natur auf mich zu, hatte mich schon fast erreicht, wobei sie st\u00e4ndig ihre zangen\u00e4hnlichen Fresswerkzeuge aneinander knallen \u0001 \u0002 lie\u00df mich auf die Knie fallen, um den Boden nach dem Feuerzeug abzusuchen, bevor die Kreatur es meinem Griff entzog. Planlos tastete ich den Boden ab, das bedrohliche Knallen der Zangen direkt vor mir. Die winzigen, scharfkantigen Steine schnitten mir in die Handfl\u00e4chen, mein Schwei\u00df lie\u00df die Wunden brennen. Endlich ertastete das k\u00fchle Metall. Ich packte das Feuerzeug, doch hatte untersch\u00e4tzt, wie nah mir die Assel in der Zwischenzeit gekommen war. Ein Knall, jetzt genau vor meinem Gesicht lie\u00df meinen Kopf hochrucken. Ich konnte sie nicht sehen, aber ich sch\u00e4tzte, dass sie sich jetzt genau vor mir befand, quasi auf Augenh\u00f6he. Ich f\u00fchlte einen ihrer F\u00fchler sanft meine linke Schl\u00e4fe \u0001 \u0002 diesem Moment gelang es mir endlich, mich aus meiner Starre zu befreien. Ich rutschte auf Knien r\u00fcckw\u00e4rts, scheuerte mir die Hosenbeine auf und kam taumelnd auf die F\u00fc\u00dfe. H\u00e4tte ich die L\u00e4hmung nicht absch\u00fctteln k\u00f6nnen, w\u00e4re mein Sch\u00e4del zweifellos im n\u00e4chsten Moment zermalmt worden. Ich zog die Browning aus meiner Jacke und entsicherte sie. Zitternd richtete ich sie in die ungef\u00e4hre Richtung, aus der ich das nun aggressivere Klacken der t\u00f6dlichen Zangen h\u00f6rte. Ich hatte nur zwei-, dreimal eine Waffe in der Hand gehalten und jetzt w\u00fcrde ich meine ersten Sch\u00fcsse blind und zitternd vor Todesangst abgeben m\u00fcssen. Ich dr\u00fcckte ab. Der unerwartet kr\u00e4ftige R\u00fccksto\u00df h\u00e4tte mich fast von den Beinen gerissen und das Donnern des Schusses schien mir die Trommelfelle zu durchbohren. Im blitzartigen Aufflammen des M\u00fcndungsfeuers hatte ich sehen k\u00f6nnen, dass ich den Arm viel zu hoch gehalten hatte, um das Biest zu treffen. Dann folgte ein Moment der Stille. Das Wesen war stehengeblieben, m\u00f6glicherweise irritiert von dem ungewohnt lauten Ger\u00e4usch. Doch schon kurz darauf hatte es anscheinend entschieden, dass der Laut keine Bedrohung darstelle und setzte sich h\u00f6rbar wieder in Bewegung. Ich war entschlossen, ihm das Gegenteil zu beweisen. Ich korrigierte den Winkel meines Armes und dr\u00fcckte erneut ab. Und wieder. Und wieder. Und noch einmal. In den stroboskopartig aufblitzenden Einzelbildern, die jeder Schuss mir gew\u00e4hrte, erkannte ich erleichtert, dass der Panzer, obwohl seine metallische F\u00e4rbung ihn unnat\u00fcrlich hart erscheinen lie\u00df, alles andere als unverwundbar war. Im Gegenteil. Meine Kugeln zerfetzten das gepeinigt kreischende Monster regelrecht, rissen es in zwei H\u00e4lften und verspritzten Blut und Teile der Organe in alle Richtungen, als w\u00fcrde man einen mit Schlachtabf\u00e4llen gef\u00fcllten Luftballon platzen \u0001 \u0002 herrschte wieder die Dunkelheit und nur das tr\u00e4ge Flie\u00dfen des Wassers war zu h\u00f6ren. Die Sch\u00fcsse klangen in meinen Ohren nach. Z\u00f6gernd entz\u00fcndete ich das Feuerzeug, um mich davon zu \u00fcberzeugen, dass die monstr\u00f6se Assel wirklich tot \u0001 \u0002 Blutlache hatte sich \u00fcber das Ufer ausgebreitet und wurde am Rand teilweise vom Fluss mitgerissen. Der ziemlich genau in der Mitte aufgeplatzte Leib, aus dessen beiden H\u00e4lften die zerschossenen Organe hervorquollen, lag regungslos da. Ich zitterte immer noch und rechnete st\u00e4ndig damit, dass der vordere Teil mit seinen knallenden Zangen jeden Augenblick wieder zum Leben erwachen und mich blitzartig attackieren k\u00f6nnte. Nichts geschah. Ich stand nur da, unf\u00e4hig mich zu Bewegen und betrachtete dieses Monster, dass, ohne Augen geboren, nicht dazu bestimmt war, das Licht des Tages zu sehen oder gesehen zu werden. Ich sah an mir herab und betrachtete fast schon gleichm\u00fctig meine blutig zerkratzen Knie und Schienbeine in den aufgerissenen \u0001 \u0002 lie\u00df ich das Feuerzeug wieder zuschnappen, steckte es zur\u00fcck in die Brusttasche und ging ich weiter. Die Innereien begannen einen penetranten Geruch zu verstr\u00f6men. Ich wollte den Kadaver so schnell wie m\u00f6glich hinter mir \u0001 \u0002 weitere Expedition in die Tiefe \u2013 die Abw\u00e4rtsneigung der H\u00f6hle war kaum sp\u00fcrbar, aber es wurde in den kommenden Stunden merklich w\u00e4rmer \u2013 verlief ohne weitere Zwischenf\u00e4lle. Ich vermute, dass die Artgenossen der Riesen-Assel sich in sehr viel tiefer Regionen aufhielten, als ich sie betrat und es einen gewaltigen, ungl\u00fccklichen Zufall darstellte, dass ich diesem verirrten Exemplar \u00fcberhaupt begegnet war. Das Ufer wurde manchmal breiter und manchmal schmaler, reichte aber immer aus, um zumindest zwei F\u00fc\u00dfen Platz zu \u0001 \u0002 h\u00f6rte den Gesang, noch bevor ich das bekannte blaue Licht sah. Erst hatte ich das Ger\u00e4usch f\u00fcr ein weiteres Untier gehalten und war erschrocken stehen geblieben, doch dann erkannte ich es als eine Art vielstimmigen Choral. Er folgte keiner wirklichen Melodie. Es war lediglich ein Rhythmus aus regelm\u00e4\u00dfig an und abschwellenden kehligen Lauten. Es mochte sich um einige hundert S\u00e4nger handeln, doch das Echo, dass von den hohen W\u00e4nden widerhallte, lie\u00df es nach vielen tausend \u0001 \u0002 ich mich noch einige Minuten lang voran getastet hatte, kam ich um eine letzte Kurve und vor mir lag das erleuchtete Felsentor. Ich musste meine an die Dunkelheit gew\u00f6hnten Augen zun\u00e4chst zusammenkneifen, obwohl das blaue Licht, dass aus ihm hervor strahlte, nicht besonders intensiv war. Das Tor war gut zehn Meter hoch, etwa halb so breit und direkt aus dem Fels geschlagen. Vor dem Tor verbreiterte sich das Ufer deutlich. Es war zudem k\u00fcnstlich begradigt worden, mit quadratischen Steinplatten bedeckt und gemei\u00dfelte Stufen f\u00fchrten hinunter zur mittlerweile niedriger liegenden Wasserlinie. Dort waren mehrere der Boote aus dem rotbraunen Holz angebunden. Eine Anlegestelle. Der Fluss zog gleichm\u00fctig daran vorbei, machte eine scharfe Biegung nach links und setzte seinen Weg in die noch tieferen Schichten \u0001 \u0002 schlich ich zum Felsentor hin\u00fcber und sp\u00e4hte hinein. Dahinter befand sich ein langer Gang, dessen W\u00e4nde auf beiden Seiten mit gemei\u00dfelten Reliefs und Schriftzeichen \u00fcbers\u00e4t zu sein schienen. Ich schenkte ihnen keine Beachtung, auch sp\u00e4ter nicht, als ich diesen Ort auf dem selben Weg wieder verlie\u00df. Langsam, so nah an die Wand gepresst wie m\u00f6glich, um einer m\u00f6glichen Entdeckung zu entgehen, erreichte ich das Ende des Ganges und sp\u00e4hte vorsichtig hinein. Der Gang m\u00fcndete in eine gewaltige Halle von sechseckiger Grundfl\u00e4che. Der Gesang erlangte im Inneren des Saales eine ohrenbet\u00e4ubende Qualit\u00e4t. Als bef\u00e4nde ich mich in einer riesigen, schwingenden Kirchenglocke. Ich betrat eine Art Galerie mit massiver Br\u00fcstung, die den gesamten Raum auf halber H\u00f6he umlief. Von der schwindelerregend hohen Decke hing eine transparente Halbkugel herab, die das gleiche blaue Gl\u00fchen spendete, wie ich es von den Laternen kannte. Mehrere d\u00fcnne Striche \u2013 ich hielt sie f\u00fcr Seile oder absurd d\u00fcnne S\u00e4ulen \u2013 waren um die Lampe herum an der Decke befestigt und verliefen bis nach unten. Nachdem ich mich \u00fcberzeugt hatte, dass ich auf der Galerie allein war, trat ich hinaus und blickte vorsichtig \u00fcber die Br\u00fcstung. Dort unten waren die S\u00e4nger. Eine un\u00fcberschaubare Anzahl von Skiaren, alle in gleichf\u00f6rmige Roben geh\u00fcllt und nicht voneinander zu unterscheiden. Sie standen in einem mehrfach gestaffelten Kreis um das Zentrum des Saales herum versammelt. Und im Zentrum des Saales... Meine Innereien zogen sich krampfhaft zusammen. Da unten, im Zentrum des Saals, umgeben von hunderten dieser widerw\u00e4rtigen H\u00f6llengesch\u00f6pfe, lag Opa auf einer Art sechseckigen Plattform. Aber was zum Teufel hatten sie mit ihm gemacht? Wenn ich es nicht besser w\u00fcsste, h\u00e4tte ich bei diesem Anblick zweifellos vermutet, dieser alte Mann w\u00e4re des Hungertodes gestorben. Er war so abgemagert, dass ich selbst aus dieser H\u00f6he jede einzelne seiner hervorstechenden Rippen erkennen konnte. Seine Arme und Beine waren nur geringf\u00fcgig dicker als Besenstiele. Die Haut spannte sich \u00fcber den Knochen. Die \u201eSeile\u201c, die von der Decke herabhingen, stellten sich nun als d\u00fcnne Schl\u00e4uche heraus, die an Gro\u00dfvaters Arme, Beine, verschiedene Stellen auf seiner Brust, eine sogar an seine rechte Schl\u00e4fe angeschlossen waren. Ich kann nat\u00fcrlich nur spekulieren, aber ich vermutete, dass man ihm damit entweder den Gro\u00dfteil seiner K\u00f6rpersubstanz entzogen hatte oder er mit irgendwelchen Fl\u00fcssigkeiten vollgepumpt wurde, die den folgenden Prozess einleiten sollten. Beim Anblick seines misshandelten Leichnams stieg eine unb\u00e4ndige Wut in mir auf, die mich unwillk\u00fcrlich nach der Browning tasten lie\u00df. F\u00fcnf Schuss hatte ich f\u00fcr die Riesen-Assel verbraucht, aber selbst mit allen dreizehn Kugeln im Magazin h\u00e4tte der Rachefeldzug gegen die Skiaren, den meine sich \u00fcberschlagenden Emotionen verlangten, keine Chance gehabt. Vor meinem geistigen Auge sah ich an Gro\u00dfvaters Stelle jene, die vor ihm dort unten gelegen haben mussten. Gro\u00dfmutter. Tante Rosie. Mr. Spencer. Jeder Mann, jede Frau und jedes Kind, dass in den letzten zweihundert Jahren auf Kempton Rock gestorben war. Und schlie\u00dflich auch meine Eltern, Dr. Garcia, Ms. Perks, Pfarrer Mullany, meinen besten Freund Ian Farland und nat\u00fcrlich Kelly. All diese schmerzhaften Bilder entsprangen nur meiner Fantasie, aber sie sind in meiner Erinnerung so fest und real verankert wie das von Opa auf der steinernen Plattform. Vermutlich weil ich wei\u00df, dass sie alle zu einem bestimmten Zeitpunkt real waren oder real sein \u0001 \u0002 andere Hand kratzte \u00fcber das raue Gestein der Br\u00fcstung, ballte sich zur Faust. Es dauerte noch eine ganze Weile \u2013 unm\u00f6glich zu sagen, wie lange \u2013 bis das eint\u00f6nige Ritual eine neue Richtung einschlug. Wie auf das Zeichen eines Dirigenten begannen die an- und abschwellenden Stimmen langsam insgesamt leiser zu werden und erstarben schlie\u00dflich ganz. Dann \u00f6ffnete sich mit einem tiefen Knirschen wie von selbst eine Metallt\u00fcr, die sich an der mir gegen\u00fcberliegenden Seite des Saales befand. Die Fl\u00fcgel \u00e4chzten in ihren undenklich alten Scharnieren und gaben den Blick frei auf die dahinter liegende, undurchdringliche Dunkelheit. Anscheinend schloss sich dort ein weiterer Gang an, der noch tiefer in die Eingeweide dieses verfluchten Landes \u0001 \u0002 verh\u00fcllte Gestalten, in nichts von den hunderten anderen im Saal zu unterscheiden, traten durch das Tor und begaben sich durch eine in der Menge entstandene Gasse in die Mitte des Raumes. Sogleich schloss sich die T\u00fcr wieder und schlug mit einem durchdringenden Knall \u0001 \u0002 neu eingetroffenen Skiaren bezogen Stellung an je einer Spitze der sechseckigen Plattform, auf der Opa lag. Um seinen K\u00f6rper herum und teilweise auf dem Boden stellten sie blankpolierte K\u00e4sten in verschiedenen Gr\u00f6\u00dfen ab, die sie bei sich getragen hatten. Dann wandte einer von ihnen sich an die versammelte Menge und stie\u00df einige kehlige Schreie aus, die ihrem Rhythmus nach etwas rituelles an sich haben mochten. Die versammelten Skiaren erwiderten die absto\u00dfenden Worte \u0001 \u0002 Sechs an der Plattform \u00f6ffneten ihre K\u00e4sten, entnahmen ihnen allerlei seltsam geformte Werkzeuge und begannen mit ihrem Werk. Den Vorgang, der sich in den n\u00e4chsten Stunden dort, nur qu\u00e4lend wenige Meter unter mir abspielte im Detail zu beschreiben, ist mir unm\u00f6glich. Oft war ich f\u00fcr l\u00e4ngere Zeitabschnitte nicht in der Lage hinzusehen. Dann verkroch ich mich vollst\u00e4ndig hinter der Br\u00fcstung, versuchte, flach zu atmen und meinen Mageninhalt bei mir zu behalten. Was ich sah, spielte sich in geradezu surrealer Langsamkeit und Stille ab. Sie schnitten am Leichnam meines Gro\u00dfvaters herum; kaum eine Stelle, die unversehrt blieb. Der Torso wurde ge\u00f6ffnet, die Organe entnommen und \u2013 so scheint mir \u2013 durch andere, fremdartige, in keinem Fall menschliche ersetzt, die sie ebenfalls ihren K\u00e4sten entnahmen. Die Beine wurden bearbeitet, zerschnitten, umgeformt. Was am Ende von seinem Gesicht \u00fcbrig war, dar\u00fcber wage ich keine Worte zu verlieren. In einem koordinierten, klinischen Prozess, von dem nichts zu h\u00f6ren war als das metallische Klicken von Scheren, Zangen und Skalpellen, beendeten die sechs Chirurgen endg\u00fcltig die Existenz meines Gro\u00dfvaters als Mensch und bereiten ihn f\u00fcr seine Wiedergeburt vor. Als einer von ihnen. Ich erkannte dies erst sehr sp\u00e4t, als aus seinen zwei Beinen bereits unter Zuhilfenahme unfassbarer Methoden vier geworden waren, genauso verkr\u00fcmmt wie die insektenhaften L\u00e4ufe seiner neuen Artgenossen. Dies also war das Schicksal der Bewohner von Kempton Rock seit gut zweihundert Jahren. Wir sind f\u00fcr sie nicht mehr als Rohmaterial, grobe Masse, die bearbeitet wird, bis sie die gew\u00fcnschte Form hat. Um sich auf diese widernat\u00fcrliche Weise fortzupflanzen. Die hunderten versammelten Skiaren betrachteten die Operation reglos und stumm. Meine Vorfahren und die Vorfahren meiner Freunde und Bekannten zweifellos unter ihnen. Nach dem Tod in ein neues, l\u00e4ngeres Leben zur\u00fcckgeholt. Wie es wohl sein mochte, als einer von ihnen? Angesichts ihres Verhaltens konnte man davon ausgehen, dass man in diesem Vorgang nicht nur seine menschliche Gestalt, sondern auch seine Pers\u00f6nlichkeit einb\u00fc\u00dfte. Mit wachsender Angst bin ich mir bewusst, dass ich es wahrscheinlich schon sehr bald herausfinden werde. Einige Stunden sp\u00e4ter war der Leichnam ein Flickenteppich aus frischen Operationsnarben, der keinerlei menschliche Z\u00fcge mehr erkennen lie\u00df. Man zog die von der hohen Decke herabh\u00e4ngenden Schl\u00e4uche aus der Haut, dann wurde der letzte der Metallk\u00e4sten ge\u00f6ffnet. Auch aus ihm erstrahlte ein blaues Gl\u00fchen. Einer der Chirurgen \u2013 vermutlich derjenige, der zuvor vor der Menge gesprochen hatte, aber es ist unm\u00f6glich mit Gewissheit zu sagen \u2013 griff hinein und zog mit seinen absto\u00dfenden, verkr\u00fcmmten Fingern, wie Opa sie nun auch besa\u00df, einen winzigen Gegenstand hervor. Er hielt ihn in die H\u00f6he. Es war ein kurzer, spitzer Dolch, mit einem kunstvoll gefertigten Griff. Das Gl\u00fchen entstammte einem kleinen Kristall am Ende des \u0001 \u0002 ersten Mal seit Stunden erklangen wieder Worte in der Halle. Der Skiar mit der Klinge sprach und die Menge wiederholte die heiseren Laute geschlossen. Insgesamt f\u00fcnf Ausspr\u00fcche wurden vor- und nachgesprochen, dann rammte der Dolchtr\u00e4ger seine Klinge pr\u00e4zise in die gerade erst zugen\u00e4hte Brust des Dings, dass einst mein Gro\u00dfvater gewesen war. Selbst nach allem, was ich gesehen hatte, traf mich dieser brutale Sto\u00df tief. Noch nie hatte es mich soviel \u00dcberwindung gekostet, einen Wutschrei \u0001 \u0002 stie\u00df der Dolchtr\u00e4ger ein einzelnes Wort aus, lauter als zuvor, und die Menge wiederholte es. Viele Male ging das so. Immer dieses eine Wort, immer lauter, immer schneller, bis die Halle unter ihrem Gebr\u00fcll zu vibrieren schien und ich mir die Handfl\u00e4chen auf die Ohren pressen musste. Derweil begann der tote K\u00f6rper auf der Plattform erst allm\u00e4hlich, dann immer heftiger spastisch zu zucken. Die f\u00fcnf \u00fcbrigen Chirurgen packten ihn an seinen zahlreichen Gliedma\u00dfen. Der Dolchtr\u00e4ger schien immer mehr M\u00fche zu haben, seine Klinge festzuhalten. Der blaue Kristall am Ende der Griff flammte pulsierend auf. Der Torso b\u00e4umte sich auf und \u00fcber den L\u00e4rm von hunderten Skiaren erhob sich ein kreat\u00fcrlicher Schrei der Todesangst. Unverkennbar die Stimme meines Gro\u00dfvaters. Doch nur f\u00fcr einen Augenblick. Als w\u00e4re mit diesem impulsiven Laut der letzte Rest seiner Menschlichkeit aus ihm herausgeschleudert wurden, brach die Stimme im n\u00e4chsten Moment in ein heiseres Kr\u00e4chzen, nicht mehr von dem der Skiaren zu unterscheiden. Der maltr\u00e4tierte K\u00f6rper sank zur\u00fcck auf die Plattform und der Dolchtr\u00e4ger zog sein Werkzeug aus der Brust des Wiederbelebten. Die letzten Echos waren verklungen. Die surreale Stille kehrte mit einem Schlag \u0001 \u0002 ging alles \u00fcberraschend schnell zu Ende. Der neue Skiar \u2013 ich weigere mich, ihn von diesem Punkt an noch als meinen Gro\u00dfvater zu bezeichnen \u2013 erhob sich schwankend von der Plattform, wurde in ein Gewand geh\u00fcllt und bewegte sich erstaunlich souver\u00e4n auf seinen neuen Beinen in Richtung der Fl\u00fcgelt\u00fcr, gef\u00fchrt von dem Dolchtr\u00e4ger und einem anderen. Die \u00fcbrigen Chirurgen nahmen routiniert ihre K\u00e4sten an und folgten, zusammen mit der \u00fcbrigen \u0001 \u0002 Fl\u00fcgel des Tors \u00f6ffneten \u0001 \u0002 wollte noch einen letzten Blick auf ihn werfen, den \u00dcberrest jenes Mannes, der mir soviel bedeutete, aber ich konnte ihn nun schon nicht mehr von den anderen unterscheiden. Das Zuschlagen der T\u00fcr scholl durch die leere Halle. Ich sank an der Br\u00fcstung kraftlos in mich \u0001 \u0002 Erlebnisse der letzten vierundzwanzig Stunden haben mich gebrochen. Die unschuldige, kindliche Frage nach einem Friedhof auf meiner Heimatinsel brachte mich hierher, an einen Ort, der keinem anderen lebenden Menschen bekannt ist und von dem es f\u00fcr mich kein Entkommen gibt. Dass ich weder potentiellen Gefahren auf See, noch der monstr\u00f6sen Assel und erst recht den Skiaren zum Opfer gefallen bin, kann nur als unerh\u00f6rtes Wunder bezeichnet werden, aber ich mache mir keine Illusionen mehr. Die Fiert\u00e9 ist nicht mehr seet\u00fcchtig und selbst wenn sie es w\u00e4re, wie sollte ich je den Weg aus dieser alptraumhaften Welt mit ihrem brennend wei\u00dfen Himmel zur\u00fcck nach Kempton Rock finden? Ich habe die blau erleuchteten Hallen der Skiaren hinter mir gelassen und bin an die Oberfl\u00e4che zur\u00fcckgekehrt. Unterwegs kam ich an den \u00dcberresten der Assel vorbei und untersuchte sie erneut im Schein des Feuerzeugs. Einen Augenblick lang wog ich ab, ob ich sie notd\u00fcrftige Nahrungsquelle in Betracht ziehen w\u00fcrde, um mein Leben noch etwas zu verl\u00e4ngern, aber der ungeheure, giftige Gestank schreckte mich sofort wieder \u0001 \u0002 auf die Notrationen Wasser und Trockennahrung an Bord des alten Bootes, die f\u00fcr kaum mehr als vier Tage reichen werden, habe ich ansonsten in diesem toten Land keine M\u00f6glichkeit mich am Leben zu erhalten. Und innerhalb dieser vier Tage besteht immer noch die Gefahr, von den Skiaren entdeckt zu werden. Alles, nur das nicht. In sp\u00e4testens einer Woche werde ich tot sein, so oder so. Aber ich werde Vorkehrungen treffen, damit sie mit meinem K\u00f6rper, sollten sie ihn finden, nichts mehr anfangen k\u00f6nnen. Irgendwie. In jedem Fall habe ich ein Feuerzeug und immer noch einige Liter Diesel im \u0001 \u0002 ich vorhin nach weniger schmerzhaften M\u00f6glichkeiten suchte, mich dem Zugriff zu entziehen, kehrte ich an Bord der Fiert\u00e9 zur\u00fcck, die immer noch erstaunlich stabil an ihrem Felsen h\u00e4ngt. In der Kabine fand ich unter anderem eine leere Flasche Labatt's Blue und einen fast unbeschriebenen Taschenkalender, in dem sich mein Vater in seiner winzigen Schrift die t\u00e4glichen Fangertr\u00e4ge notiert hat, was mich auf die Idee brachte, diese Flaschenpost zu schreiben. Meine Hoffnung, dass sie jemals einen Ort erreicht, an dem Menschen leben, wozu sie wahrscheinlich die Grenzen von Raum und Zeit auf die \u00e4hnliche, unbekannte Weise \u00fcberwinden m\u00fcsste, wie es mir wohl nur im Schlepptau der Skiaren gelungen ist, ist verschwindend gering, aber wenn diese Warnung tats\u00e4chlich die Leute von Kempton Rock erreichen sollte, war meine leichtsinnige Fahrt in den Wahnsinn, und schon sehr bald auch in den Tod, vielleicht nicht ganz umsonst.",
            "wordcount": "12.961",
            "chapter_release": "14.11.2017",
            "chapter_number": "1"
        }
    },
    "title": "Das Schicksal von Kempton Rock",
    "topic": "unspecified",
    "release": "\n14.11.2017\n\t\t\t\t\t\t",
    "author": "Char0n"
}