{
    "tags": [],
    "chapcount": "7",
    "wordcount": "10.659",
    "chapters": {
        "1": {
            "text": "Die PsychologinW\u00fctend betrachtete ich die Spitzen meiner Schuhe, mein Mund verzog sich zu einem \u00fcbellaunigen Schmollen. Wieso war ich denn \u00fcberhaupt hier? Doch nur, weil mich meine Eltern einfach nicht verstehen, was ich bin. Oder nein, weil sie es nicht verstehen wollen. So oft habe ich ihnen erkl\u00e4rt, worum es mir geht, aber haben sie mir zugeh\u00f6rt, hat es sie auch nur ansatzweise Interessiert? Nat\u00fcrlich nicht. Meine Eltern sind einfach die ignorantesten Menschen dieser Welt! Schicken mich zu einer verschissenen Psychologin, nur weil ich nicht so bin, wie sie mich gerne h\u00e4tten. Tja, Mum und Dad, ich bin leider keine Little Miss Perfect, ich habe sowas wie eine Pers\u00f6nlichkeit, auch wenn euch das nicht gef\u00e4llt. Aber Doktor Scarland hat ja schon so viel Erfahrung damit, solche wie mich zu ''heilen''. Und es war ja auch nur ein kleiner Teil ihrer Patienten, die Selbstmord begannen hatten, angeblich, weil die Therapie nicht mehr rechtzeitig angeschlagen hatte. Aber ich brauche keine Heilung, ich bin keine geisteskranke Spinnerin, ich bin einfach nur anders als die Anderen. Ich wurde so geboren und ich werde es ganz sicher nicht verleugnen. Egal, was eure tolle Doktorin mit mir anstellen wird, ich werde nicht aufh\u00f6ren, mich so zu kleiden, meine Haare bleiben schwarz und ich werde die Hexenkunst niemals aufgeben! Weil es meine Bestimmung ist, eine Hexe zu sein. Schon seit meiner Geburt interessiere ich mich f\u00fcr die Magie und das Okkulte, habe mich mit Fl\u00fcchen und D\u00e4monen befasst, anstatt mit Puppen zu spielen und Kleider zu kaufen, aber seither haben meine Eltern mich daf\u00fcr schief angesehen, als w\u00e4re ich irgendeine Abart der Natur. Ich war einfach nicht die Tochter, die sie sich gew\u00fcnscht hatten, mit ihrer pikfeinen Art, in ihrer noblen Nachbarschaft und ihrem perfekten Leben. Tja, so kann man sich verrechnen. Und auch weil meine Eltern sich so an meiner Leidenschaft st\u00f6rten, f\u00fchlte ich mich damit um so \u0001 \u0002 betrachtete ich die sterilen, wei\u00dfen W\u00e4nde und diese h\u00e4sslichen, pseudo-fr\u00f6hlichen Bilder an der Wand, diese ach so wundersch\u00f6nen Blumenwiesen und der ganze andere Schei\u00df. Oh man, wenn sie noch ein bisschen l\u00e4nger hier warten m\u00fcsste, w\u00fcrde sie einen Psychologen doch brauchen, wegen einem psychischen Trauma. Konnte sich die dumme Pute nicht etwas beeilen, sie wollte es endlich hinter sich bringen und nach Hause gehen, um weiter ihrem Hobby nachzugehen, diese Psychologin w\u00fcrde nichts an ihr \u00e4ndern k\u00f6nnen, garantiert \u0001 \u0002 Klacken, Schritte von hochhackigen Schuhen, die sich schnell n\u00e4herten. Das musste sie sein, na endlich, sie hatte ja lange genug gebraucht. Die Frau, die nun den Warteraum betrat, sah auch noch genau so aus, wie ich es erwartet hatte. Dieser perfekt sitzende, strenge Zopf, eine dicke Brille und kalte, strenge Augen. Tja, wenn sie unbedingt jeden Kerl in ihrem Leben verscheuchen will, ist das ihre Sache, muss sie selber wissen. Aber sie soll nur mal versuchen, in meinem Leben rumzupfuschen.'' Du bist Samantha Warren, nicht wahr? '' Eine schneidende, sachliche Stimme, sie klang einfach wie die gr\u00f6\u00dfte Spie\u00dferin \u00fcberhaupt. Wie kann man sich nur so Entwickeln, man muss sich doch irgendwann selbst auf die Nerven gehen.'' Ja, wer sonst. K\u00f6nnen wir das endlich hinter uns bringen? '''' Sch\u00f6n dich kennen zu lernen. '' Ich ignorierte die Hand, die sie mir zum Gru\u00df hinh\u00e4lt, und gehe an ihr vorbei in den Flur.'' Welches Zimmer? Ich hab nicht ewig Zeit, verflucht. ''Das Behandlungszimmer war noch schlimmer eingerichtet als das Wartezimmer, Bilder von l\u00e4chelnden Tieren und geschmierte ''Kunstwerke'' von kleinen Kindern bedecken die W\u00e4nde, selbst auf dem Teppich war das Bild eines Hundes gestickt. Zum Kotzen. Diese Frau hatte wirklich Ahnung, wie man es Menschen wie mir so richtig sch\u00f6n unangenehm macht, das musste ich ihr lassen. Wenn sie jetzt noch von mir verlangen w\u00fcrde, die Sitzung mit einem pinken R\u00fcschenkleid durchzuf\u00fchren, w\u00e4re der Albtraum echt perfekt.'' Okay, lass uns beginnen. Erz\u00e4hl mir etwas von dir und... '''' Nein! '', unterbrach ich sie barsch, w\u00fctend funkelte ich sie an.'' So l\u00e4uft das heute ganz bestimmt nicht! Sparen sie sich ihre ach so tollen psychologischen Tricks, das wird nicht funktionieren, versuchen sie es erst gar nicht. Ich bin eine Hexe und das werde ich auch bleiben, es gibt keine psychischen St\u00f6rungen bei mir, die sie ''heilen'' k\u00f6nnen, ich bin einfach nur anders als ihr. Und ich bin gl\u00fccklich damit! Auch wenn es meine Eltern st\u00f6rt, das ist ihr Problem, nicht meins, ich wurde nunmal nicht so geboren, wie sie es gerne h\u00e4tten. ''Dieses miese, hochn\u00e4sige L\u00e4cheln, als ob sie alles so gut w\u00fcsste, als ob es nichts geben w\u00fcrde, was sie nicht k\u00f6nnte, ich w\u00fcrde es ihr so gerne aus ihrer arroganten Visage wischen. Okay, beruhige dich, Sam, diesen Triumph g\u00f6nnst du ihr nicht, lass dich nicht provozieren.'' Samantha... Darf ich dich Sam nennen?... Ich will dir doch nur helfen. '''' Ich brauche ihre Hilfe aber nicht, und nein, sie d\u00fcrfen mich nicht Sam nennen. '''' Beruhige dich, Samantha, ich bin nicht hier, um dir b\u00f6ses zu tun. '''' Ich beruhige mich nicht, Frau Doktor! '' Ich versuchte, soviel Sarkasmus und Hass in diese Worte zu legen, wie ich nur konnte. Sie sollte sp\u00fcren, wie sehr es mich ankotze, hier zu sein. Sie w\u00fcrde mich niemals \u00e4ndern k\u00f6nnen und das sollte sie \u0001 \u0002. Mit eine pr\u00fcfenden Blick betrachtete sie mich, ich sp\u00fcrte ihre Blicke auf meiner Haut brennen, doch ich lie\u00df mir nicht anmerken, wie unwohl ich mich f\u00fchlte, g\u00f6nne ihr nichts! Sie will einen Machtkampf, den kann sie gerne haben, aber nachgeben werde ich ganz sicher nicht.'' Sind sie schon fertig mit ihrer ach so tollen Therapie? '' Selbst ich sp\u00fcrte die Verachtung in meiner Stimme, sie schnitt durch die Stille und lie\u00df mir einen kleinen Schauer \u00fcber den R\u00fccken laufen, und hoffentlich sp\u00fcrte sie das Unbehagen genauso stark.'' Nein, Samantha, ich bin erst fertig, wenn ich dir mit deinen Problemen geholfen habe. '''' Ich habe aber keine Probleme, bei denen ich Hilfe brauche! Verstehen sie das nicht? Ich bin gerne so, wie ich bin und ich bin nicht krank, nur weil ich mich mit dem Okkulten und Magie besch\u00e4ftige. '''' Niemand h\u00e4lt dich f\u00fcr krank. Ich m\u00f6chte dir nur helfen, dich besser in die Gesellschaft zu integrieren. Glaub mir, du wirst dich danach besser f\u00fchlen. '''' Das glaube ich kaum. Ich w\u00fcrde lieber sterben, als wie jemand zu leben, der ich nicht bin! ''Pl\u00f6tzlich blitzte etwas in ihren Augen auf, doch nur f\u00fcr einen winzigen Augenblick, so dass ich nicht erkennen konnte, was es war. Aber er bereitete mir Unbehagen, wie eine Vorahnung, doch ich ignorierte \u0001 \u0002 Seufzen. '' Samantha, bitte versuch doch wenigstens, dich auf mich einzulassen. Ich mache dir einen Vorschlag. Du kommst heute Abend zu mir nach Hause und ich versuche eine spezielle Therapie an dir aus, und wenn du danach immer noch der Meinung bist, werde ich dich entlassen und nie wieder bel\u00e4stigen. Es ist in unser beider Interessen, dass das alles hier nicht all zu lange dauert, nicht wahr? ''Nur wiederwillig stimmt ich dem Vorschlag zu, die Aussicht, diese Frau nach dem heutigen Tag nicht mehr wieder zu sehen, reizte mich zu sehr, um abzulehnen, aber ich wollte auch ungern ihr Haus betreten. Ich wagte kaum, mir vorzustellen, was f\u00fcr ein Albtraum aus perfekt ausgerichteten M\u00f6beln und altmodischen, kitschigen Dekorationen mich erwartete, die blanke H\u00f6lle garantiert, aber einen Abend w\u00fcrde ich es wohl \u00fcberleben, zumindest eher, als noch Jahrelang st\u00e4ndig Zeit mit dieser Schnepfe zu \u0001 \u0002 war bereits dunkel, als ich an ihrer T\u00fcr klingelte, der Himmel wolkenbehangen und dunkel, eine schwarze Nacht, so wie ich sie liebte. Ihr Haus lag etwas abseits einer noblen Wohnsiedlung, ein St\u00fcck in einem Waldgebiet, am Ende eines kleinen Trampelpfades, die hohen, wei\u00dfen Mauern ragten ein St\u00fcck \u00fcberdie Wipfel der B\u00e4ume und sanftes Licht fiel aus den Fenstern auf die dunkelen Bl\u00e4tter. Nicht gerade das schreckliche Haus, dass ich mir vorgestellt hatte, ehrlich gesagt gefiel es mir sogar recht gut, abgeschieden und ruhig, Naturverbunden, ich wollte sp\u00e4ter \u00e4hnlich leben, h\u00e4tte das aber niemals zugegeben, nicht f\u00fcr das Haus dieser Frau. Es war beinah eine Beleidigung f\u00fcr mich, dass diese Frau ein Haus nach meinem Geschmack bewohnte und nicht eine dieser langweiligen Reihenh\u00e4user in den Siedlungen, mit einem perfekt gepflegten Garten mit einem kleinen, h\u00e4sslich symetrischen Blumenbeet. Stattdessen wucherten wilde Pflanzen um ihr Haus, Ranken wuchsen die Hausw\u00e4nde hinauf und ein paar Str\u00e4ucher bedeckten den Weg hin zur \u0001 \u0002 wartete, w\u00e4hrend ich hartn\u00e4ckig versuchte, Ihr Zuhause zu hassen, ich wollte nicht das geringste F\u00fcnkchen Sympatie f\u00fcr diese Frau oder was auch immer mit ihr zusammen hing, empfinden. Aber es gelang mir nicht wirklich, mir gefiel es einfach zu sehr. Naja, ich konnte wenigstens so tun, als w\u00e4re hier alles Schei\u00dfe, solange diese Frau mit mir redete w\u00fcrde mir das auch gar nicht schwer \u0001 \u0002 dauerte nicht lange, bis sie mir die T\u00fcr \u00f6ffnete und im ersten Moment stockte mir der Atem. Vor mir stand eine v\u00f6llig andere Person, ihre Haare waren offen und fielen l\u00e4ssig in ihr Gesicht, die Augen waren dunkel geschminkt und sie trug an einigen Stellen zerrissene Jeans und ein schwarzes Shirt mit einem d\u00e4monisch grinsenden Sch\u00e4del darauf. Doch ich fing mich schnell wieder. Das war eindeutig nur ein billiger Trick, damit ich mich wohl f\u00fchlte, aber das konnte sie vergessen, ich durchschaute ihre kleinen Spielchen, sie hatte keine Chance, an mich heran zu kommen. In ein paar Stunden w\u00fcrde ich nach Hause gehen und sie nie wieder sehen, endlich w\u00fcrde ich meine Ruhe haben und mich meinem Hobby ohne l\u00e4stige St\u00f6rungen widmen k\u00f6nnen.'' Ah, Sam, da bist du ja. '', l\u00e4chelnd sah sie mich an, ihre Stimme klang wohlwollend und freundlich, sie konnte gut schauspielern, dass musste ich ihr lassen.'' Sie sehen schei\u00dfe aus. '', bemerkte ich trocken, bevor ich mich an ihr vorbei ins Haus schob. Mit einem gro\u00dfartigen Gef\u00fchl des Triumphes sah ich, wie ich l\u00e4cheln erlosch und einer grimmigen Mine platz machte. Hatte ich sie doch noch erwischt! Tja, Eitelkeit ist eine Schw\u00e4che, meine Liebe.'' Nett von dir. Komm mit ins Wohnzimmer, ich habe Chips und ein paar Bier bereit gestellt. Du trinkst doch Bier, oder? ''Ich nickte nur ver\u00e4chtlich. Ja, ich trank gerne, weil meine Eltern es hassten, aber ich w\u00fcrde es ihr garantiert nicht unter die Nase reiben, dass sie Recht gehabt hatte. Sie sollte nicht glauben, mich zu durchschauen, sie kannte mich nicht und w\u00fcrde es auch nie tun. Vorsichtig lie\u00df ich mich in einen der bequemen Sessel sinken und griff nach einem Bier, w\u00e4hrend sie es sich mir gegen\u00fcber gem\u00fctlich machte. Das Haus war nett eingerichtet, aber zu altmodisch f\u00fcr meinen Geschmack, wie ich erleichtert bemerkte, diese Frau konnte meinen Geschmack also doch nicht teilen und imitieren, sie war nicht wie ich.'' Also, Sam, wie geht es dir? '''' Beschissen, weil ich meinen Abend mit ihnen verbringen muss. '' Meine Stimme war kalt und abwertend, sie sollte meinen Hass sp\u00fcren, ich wollte nicht hier sein und w\u00fcrde auch so schnell es ging wieder abhauen.'' Ach, du brauchst mich nicht zu siezen, wir sind nicht in der Praxis. Nenn mich Judy, okay? '''' Ich bin nicht ihre Freundin, okay, ''Judy'' ? '' Ich legte so viel Verachtung und Ironie in ihren Namen, wie ich nur konnte.'' Nun, dass ist schade, aber du bist mich ja bald los. '' '' Zum Gl\u00fcck. ''Ein Seufzen. '' Ja, zum Gl\u00fcck. Das hier ist auch nicht leicht f\u00fcr mich, wei\u00dft du? Ich habe an meinen freien Abenden auch weit besseres zu tun, aber ich will dir und deinen Eltern helfen, eure Beziehung zueinander zu verbessern, und deshalb m\u00fcssen wir da wohl beide durch. ''Ich trank einen gro\u00dfen Schluck und sah sie gelangweilt an, sollte sie ruhig vor sich hin reden, mich interessierte das herzlich wenig.'' Ich m\u00f6chte, dass du mir von dir erz\u00e4hlst. Wie kamst du auf das Okkulte, was fasziniert dich daran, warum verstehst du dich nicht mit deinen Eltern, wie geht es in deinem Freundeskreis zu? Wir werden ein kleines Gespr\u00e4ch f\u00fchren und anschlie\u00dfend kannst du nach Hause gehen, einverstanden? Dann hast du es \u00fcberstanden. ''Ich seufzte genervt, scheinbar hatte ich ja wohl keine andere Wahl, also fing ich an zu erz\u00e4hlen, sollte sie doch versuchen, daraus schlau zu werden, hauptsache, ich war fr\u00fch genug drau\u00dfen, um noch ein bisschen mit meinen Freunden um die H\u00e4user zu \u0001 \u0002 erz\u00e4hlte, wie ich als kleines M\u00e4dchen davon getr\u00e4umt hatte, Macht \u00fcber andere zu haben, andere zu beherrschen und niemals wehrlos zu sein, wie ich mich mit Gedankenkontrolle und Hypnose auseinander gesetzt hatte, bis ich schlie\u00dflich auf ein Buch \u00fcber Hexenkunst stie\u00df. Ich war von Anfang an fasziniert, die F\u00e4higkeit, alles um einen herum zu beeinflussen, Fl\u00fcche und Hexereien zu wirken, D\u00e4monen und den Teufel selbst zu rufen, all das faszinierte mich damals. Mit der Zeit erkannte ich, dass Hexenkunst nicht einfach nur herumgefuchtel und das aufsagen irgendwelcher Fluchworte war, sondern mehr eine Lebenseinstellung, die mir gefiel und die ich verfolgte. Ich liebte es, so zu sein, selbst als ich in das Alter kam, wo ich nicht mehr an Magie glaubte, ich blieb den Regeln der Hexen treu und begab mich unter gleichgesinnte, ich wollte mich nicht mehr ver\u00e4ndern, ich hatte gefallen an meinem Leben gefunden. Meine Eltern hatten es nur nie verstanden, sie wollten es auch nicht, ich war nicht mehr ihre kleine Prinzessin, ich hatte es immer gehasst, wenn sie mich so genannt hatten, und ich hasste es immer noch, dass sie in mein Leben eingreifen m\u00fcssen, um mich zu manipulieren. Ich mochte mich so, wie ich \u0001 \u0002 ich geendet hatte, ich hatte den ganzen Vortrag mir emotionsloser und gelangweilter Stimme heruntergeleiert, f\u00fchlte ich mich m\u00fcde und ausgelaugt. Langsam nahm ich einen weiteren Schluck Bier, doch ich f\u00fchlte mich schwach und ersch\u00f6pft, ich konnte kaum die Flasche heben, meine H\u00e4nde zitterten vor Anstrengung.'' Sam, wei\u00dft du, warum ich dich habe reden lassen? So lange und ausf\u00fchrlich? ''Ich sch\u00fcttelte nur den Kopf, meine Zunge f\u00fchlte sich schwer an, wie festgeklebt an meinen Gaumen, ich konnte keinen Ton hervorbringen, mich kaum mehr bewegen, ich sp\u00fcrte, wie ich immer m\u00fcder w\u00fcrde, meine Augenlieder wurden langsam schwer.'' Ich habe dich reden lassen, damit du nicht bemerkst, wie die Schlaftabletten wirken, die ich in deinem Bier aufgel\u00f6st habe. ''Ich stockte. Was hatte sie eben gesagt? Schlaftabletten? Ich musste mich verh\u00f6rt haben. Wahrscheinlich war ich so ersch\u00f6pft, dass ich schon im Halbschalf versunken war, ich hatte es mir nur eingebildet. Doch eine Stimme in meinem Hinterkopf sagte mir, dass sie es wirklich gesagt hatte, es war keine Einbildung gewesen, das hier war \u0001 \u0002 richtete ich mich auf, ich zitterte nun am ganzen K\u00f6rper, die Welt vor meinen Augen verschamm langsam und ich sah nur noch sie, wie sie vor mir sa\u00df, die Hande vor der Brust gefaltet und die Lippen zu einem verst\u00f6renden Grinsen verzogen. M\u00fchsam schleppte ich mich Richtung Ausgang, meine Beine waren schwer, meine Arme baumelten nutzlos an meiner Seite, ich konnte nicht einmal mehr schreien, mein ganzer Verstand war mit einem Gedanken ausgef\u00fcllt, fliehen, du musst hier weg, irgendwas krankes geht hier vor, lauf, lauf so weit weg wie du kannst. Ich sah die T\u00fcr vor mir, doch ich konnte sie nicht mehr erreichen. Ich fiel, sp\u00fcrte den Schmerz des Aufpralls, w\u00e4hrend die Welt um mich herum immer dunkeler und dunkeler wurde. Das letzte was ich h\u00f6rte, war die schadenfrohe Stimme von Doktor Scarland.'' Sie versuchen doch immer, wegzulaufen. ''Danach versank meine Welt in tiefster \u0001 \u0002 meinem Kopf drehte sich alles, helle Lichtblitze flackerten vor meinen Augen, meine Gedanken lagen in Fetzen, benebelt, die Welt um mich herum lag hinter einem wei\u00dfen Schleier. \u00dcbelkeit und Schwindel breitete sich in mir aus, ich wollte mich \u00fcbergeben, doch alles, was ich zustande brachte, waren ein paar erstickte W\u00fcrgelaute. Verdammt, ging es mir Schei\u00dfe, was war nur passiert? Es viel mir schwer, meine Gedanken und Erinnerungen zu ordnen, einzelne Fetzen und Bilder blitzen immer wieder vor meinem inneren Auge auf, zusammenhangslose Dinge, ohne das sich mir irgendein Sinn offenbarte. Nur langsam beruhigten sich meine Gedanken, der schwere Schleier lichtete sich nach und nach und die Welt wurde wieder ein wenig klarer. Ich war auf dem Weg zu dieser Schnepfe gewesen, ich hatte ihr Haus erreicht, wir hatten geredet und... Mit einer \u00fcberraschenden Klarheit wurden mir die letzten Momente vor meiner Ohnmacht bewusst. Diese miese Schlampe! Was sollte das? Das war doch illegal! Das hatte sie doch bestimmt mit meinen Eltern geplant, um mich zu erschrecken, damit ich auf ihre beschissene Therapie ansprang. Ich werde sie umbringen! W\u00fctend vollte ich aufspringen, doch mit einem Mal merkte ich, dass ich mich nicht bewegen konnte. Meine Arme und Beine waren auf dem harten Untergrund, auf dem ich lag, gefesselt und, wie ich mit steigender Wut und Hass bemerkte, man hatte mich bis auf die Unterw\u00e4sche ausgezogen. Wie konnte es diese dumme Schlampe nur wagen, so etwas zu tun?! Ruckartig riss ich an meinen Fesseln, irgendwie musste es doch m\u00f6glich sein, mich zu befreien und dann konnte diese Psychologin was erleben, das schwor ich, damit w\u00fcrde sie nicht so einfach durchkommen, doch egal, wie sehr ich auch zog und mich wand, ich konnte die Fesseln einfach nicht l\u00f6sen.'' Du bist also endlich wach, Hexe. ''Das pl\u00f6tzliche, grelle Licht blendet mich und ich schrie erschrocken auf, blinzelte, w\u00e4hrend helle Punkte vor meinen geschlossenen Lidern auf- und abh\u00fcpften. Es dauerte, bis sich meine Augen an die \u00fcberraschende Helligkeit gew\u00f6hnte hatten, doch nach und nach erkannte ich Doktor Scarland, die l\u00e4chend neben mir stand und mich musterte. Dieses gottverfluchte, arrogante, selbstgef\u00e4llige L\u00e4cheln. Sie sollte froh sein, dass ich mich nicht bewegen konnte, sonst h\u00e4tte ich ihr diese L\u00e4cheln aus dem Gesicht gepr\u00fcgelt. Immer noch l\u00e4chelnd beobachtete sie, wie ich verzweifelt gegen die Fesseln ank\u00e4mpfte.'' Nanana, ganz ruhig, dass hier ist nur zu deinem Besten. Ich will dir helfen. ''W\u00fctend starrte ich sie an.'' Machen sie mich sofort los, dann zeige ich ihnen, was ich von ihrer Hilfe halte! ''Ein Seufzen. Kein entt\u00e4uschtes Seufzen, sondern eher so, als h\u00e4tte sie genau diese Reaktion erwartet.'' Selbst in dieser Lage immer noch so respektlos. Nun, damit sollte es wohl bald vorbei sein. Aber ich bin kein Unmensch, du sollst wissen, was mit dir passiert. Ich werde dich retten. Ich werde deinen D\u00e4mon austreiben und dich in Gottes H\u00e4nde legen, wie ich es mit allen hoffnungslosen Kindern mache. '''' Ich habe wirklich keine Ahnung, wovon sie da reden, aber sie haben offensichtlich einen totalen Knall. Lassen sie mich sofort gehen, oder sie k\u00f6nnen was erleben! ''Ruckartig, mit einem kr\u00e4ftigen Druck, stie\u00df die Frau meinen Kopf auf die Unterlage, auf der ich lag und dr\u00fcckte mir etwas in den Mund, panisch versuchte ich, mich zu wehren, doch ich hatte keine Chance. Das etwas f\u00fcllte meinen kompletten Mund, unf\u00e4hig, irgendeinen Laut von mir zu geben, versuchte ich, um mich zu schlagen.'' Tut mir sehr leid, Sam, aber es ist wohl leider n\u00f6tig, du kannst einfach nicht still sein. ''Dieses L\u00e4cheln, dieses grausame, strenge L\u00e4cheln, lie\u00df mein Blut wie verr\u00fcckt kochen, ich wollte diese Frau schlagen, sie erw\u00fcrgen, ihr ihre d\u00e4mliche Visage zerst\u00f6ren und sie ein f\u00fcr alle Mal aus meinem Leben bef\u00f6rdern. Doch ich konnte nicht. Ich war absolut \u0001 \u0002 L\u00e4cheln auf ihrem Gesicht wurde zu einem breiten, wahnsinnigen Grinsen, pl\u00f6tzlich holte sie ein ein kleines Skalpel hervor und hielt es mir vor die Augen. Langsam stieg Angst in mir hoch. Was war das hier f\u00fcr ein krankes Spiel? Warum hatte sie mich gefesselt und hielt mir nun eine Klinge vors Gesicht? Das musste doch alles irgendein Geschmackloser Scherz sein! Ein leises, bedauerndes Seufzen.'' Wei\u00dft du, ich w\u00fcnsche mir oft, dass es einen anderen Weg g\u00e4be, euch zu heilen. Unerm\u00fcdlich arbeite ich daran, euch zu retten, aber aus irgendeinem Grund scheint es nicht wirklicht anzuschlagen... ''Sie seufzte erneut'' Nun ja, ich muss tun, was getan werden muss. Ihr seid krank, besessen, und ich bin eure Heilung. Ich kann euren K\u00f6rper nicht retten, aber eure Seelen. Nur, wenn ich das tue, wird der D\u00e4mon in dir von dir weichen und du kannst erl\u00f6st werden. ''Das Grinsen in ihrem Gesicht wurde noch ein wenig breiter, ihr Gesicht war verzerrt und hatte keine \u00c4hnlichkeit mehr mit der Person, die ich noch vor wenigen Stunden kennengelernt \u0001 \u0002 einem leisen Lachen setzte Doktor Scarland das Skalpel \u0001 \u0002 einem traurigen L\u00e4cheln sah Doktor Scarland zu meiner Mutter und reichte ihr ein Taschentuch.'' Ihr Verlust tut mir wirklich au\u00dferordentlich Leid, Misses Warren. Wissen sie, ich wollte Sam wirklich helfen, aber es war wohl schon zu sp\u00e4t daf\u00fcr. ''Meine Mutter antwortete nicht, starrte nur auf ihre Schuhspitzen, dicke Tr\u00e4nen liefen ihr Gesicht hinunter. Sie schluchzte, unregelm\u00e4\u00dfig, japste nach Luft, die Welt um sie herum schien sie kaum noch wahr zu nehmen. Mein Vater sa\u00df neben ihr, eine Hand um ihre Schultern gelegt, das Gesicht erfroren, kalt und leblos wie Stahl sah er die Psychologin an und l\u00e4chelte k\u00fcnstlich.'' Vielen Dank f\u00fcr ihre Anteilnahme, Miss Scarland, es ist eine harte Zeit f\u00fcr uns. Aber ich denke, es war wohl zu erwarten. Sie hat immer wieder gesagt, dass sie sich nicht wohl f\u00fchlt in dieser Welt, aber dass... '' F\u00fcr einen winzigen Moment zerbrach seine Fassade, seine Augen f\u00fcllten sich mit Tr\u00e4nen und seine Stimme brach ab, doch im n\u00e4chsten Moment hatte er sich wieder gefangen.'' Sie werden verstehen, dass dies eine schwere Zeit f\u00fcr uns ist. Wir machen uns gro\u00dfe Vorw\u00fcrfe, nicht schon fr\u00fcher reagiert zu haben und uns an sie zu wenden. '''' Nun, was geschehen ist, ist geschehen. Ich w\u00fcnschte nur, sie w\u00e4re noch zu mir gekommen, vielleicht h\u00e4tte ich ihr helfen k\u00f6nnen. Aber sie zog es wohl vor, ihr Leben zu beenden, bevor sie noch einmal mit mir sprechen musste. ''Mit einem Nicken richtete sich mein Vater auf und dr\u00fccke meine Mutter an sich.'' Wir bedanken uns trotzdem bei ihnen, immerhin wollten sie es versuchen, sie haben getan was sie konnten. ''Laut schluchzte meine Mutter auf, als mein Vater sie hinaus begleitete, ihr Weinen war noch einige Minuten lang in dem Behandlungszimmer zu h\u00f6ren, dann war alles still und ein breites L\u00e4cheln legte sich auf das Gesicht von Doktor Scarland.'' Ruhe in Frieden, Sam. '', fl\u00fcsterte sie.",
            "wordcount": "3.834",
            "chapter_release": "22.07.2014",
            "chapter_number": "1"
        },
        "2": {
            "text": "Der Junge, mit den schwarzen AugenGelangweilt sah ich mich in der mittlerweile beinah leeren Bar um und seufzte genervt. Was f\u00fcr eine Nacht! In meinem Job als Barkeeperin kam ich selten vor 3 Uhr nach Hause, an besonderen Tagen sogar meistens erst mit der Morgend\u00e4mmerung, aber dass an einem gew\u00f6hnlichen Tag mitten in der Woche bis halb f\u00fcnf gefeiert wurde, war auch mir neu. Meine Augen brannten und ich f\u00fchlte mich erschlagen, und da ich in keinster Weise mit so wenig Schlaf in dieser Nacht gerechnet hatte traf es mich sogar noch heftiger, als ich es von solchen N\u00e4chten gewohnt war. Schei\u00dfe, zwischendurch hatte ich wirklich das Bed\u00fcrfnis, einfach alle G\u00e4ste rauszuschmei\u00dfen und dicht zu machen. Aber so l\u00e4uft das in diesem Gesch\u00e4ft nunmal nicht. Immer freundlich, kollegial, sonst kannst du den Laden sofort dicht machen, denn die Konkurrenz schl\u00e4ft nicht. Mittlerweile hatte ich mir in der Gegend bereits einen Ruf gemacht und hatte schon einige Stammg\u00e4ste, mit denen ich mich gut verstand, die G\u00e4ste blieben fast nie aus und ich verdiente gut... Auf Kosten meines Schlafrythmus. Ersch\u00f6pft st\u00fctze ich meinen Kopf mit einer Hand auf dem Tresen ab und blickt in Richtung der T\u00fcr. Wann hatte ich nur das letzte Mal wirklich geschlafen? Es musste Wochen her sein, vielleicht sogar einige Monate und der Gedanke an mein warmes und gem\u00fctliches Bett reizte mich sehr. Gleich, gleich k\u00f6nnte ich den Laden zumachen und bis morgen Abend nicht mehr aus dem Bett kommen. Ein paar betrunkene Jugendliche stolperten gr\u00f6hlend aus der T\u00fcr hinaus ins Freie. Ich hatte am Rande mitbekommen, dass einer von ihnen seinen 20ten Geburtstag gefeiert hatte und heute Nacht ordentlich einen Drauf machen wollte. Das war derjenige, der jetzt, von zwei der Anderen gest\u00fctzt, nach drau\u00dfen getragen werden musste. Viel Spa\u00df beim Aufwachen, Junge. Das wird der Kater deines Lebens. Aber wenigstens waren sie nun weg und meine Bar war leer. Endlich Feierabend. Geistesabwesend packte ich meine Sachen zusammen, fegte die letzten Glasscherben und Bierdeckel zusammen und bedankte mich bei wem auch immer, dass heute Nacht keiner in den Laden gekotzt hatte. Anschlie\u00dfend zog ich meine schwarze Jacke an und ging nach \u0001 \u0002 kalte Nachtluft empfing mich. Es war bereits sp\u00e4t im Jahr, anfang November, und das Wetter k\u00fchlte merklich ab, weshalb mir ein kleiner Schauer \u00fcber den R\u00fccken lief. Rasch zog ich meinen dunkelen Schal \u00fcber meine Nase und dr\u00fcckte die Arme fest an meinen K\u00f6rper. Ich war kein Wintermensch, nie gewesen, ich h\u00e4tte jederzeit Sonne und W\u00e4rme Schnee und Frost vorgezogen. Ich wei\u00df, einige Menschen m\u00f6gen den Schnee und ich muss zugeben, zugeschneite Landschaften haben etwas sch\u00f6nes. Aber das schaue ich mir doch lieber auf einer Postkarte an, w\u00e4hrend mir die warmen Sonnenstrahlen auf den Nacken scheinen. Langsam ging ich los zu meinem Wagen, den ich auf der anderen Seite der Stra\u00dfe etwas abseits geparkt hatte. Ich war ganz in meine Gedanken \u00fcber das Wetter und mein baldiges Treffen mit einer dicken Decke und einer weichen Matratze versunken, so dass ich ihn zuerst gar nicht \u0001 \u0002 Junge stand vor meinem Auto. Er schien zu warten, hatte die H\u00e4nde tief in den Taschen seines grauen Mantels vergraben und starrte die Stra\u00dfe hinunter, bis er mich sah. Als er mich bemerkte, l\u00f6ste sich seine gespannte Haltung und ein L\u00e4cheln schlich sich auf sein Gesicht. Mir war das ganze nat\u00fcrlich Suspekt, doch ich war zu ersch\u00f6pft, um mir ernsthaft Gedanken \u00fcber jemandem vor meinem Auto zu machen. Ich wollte einfach nur nach Hause, alles andere war mir in diesem Moment herzlich egal. Nach Hause, bequeme Schlafsachen anziehen, vielleicht noch kurz in ein Buch schauen oder meine Sammlung betrachten, und anschlie\u00dfend tief und lange schlafen. Doch als ich mich gerade an dem Jungen vorbeischieben wollte, ergriff er pl\u00f6tzlich meine Schulter und sah mich pr\u00fcfend an.'' Du bist doch die Barkeeperin aus dem Laden da dr\u00fcben, oder? ''Seine Stimme war ein wenig hoch, sanft und angenehm, und, vor allem, er sprach deutlich und ohne, dass seine Fahne einem beinah die Sinne raubte. Das war weit mehr, als ich von allen meinen anderen G\u00e4sten heute hatte erwarten k\u00f6nnen, dementsprechend viel meine Antwort auf weit weniger entnervt aus, als ich es im ersten Moment gewesen war. Das letzte, was ich jetzt gebraucht h\u00e4tte, war ein besoffener Vollidiot, der auf eine schnelle Nummer mit der Barfrau aus war.'' Ja... Wieso? Gibts ein Problem? '''' Nein, kein Problem. Ich war nur gerade in deiner Bar und habe ein wenig getrunken. Vielleicht erinnerst du dich. '''' Ich habe viele Kunden und ich kann mich nicht an jedes Gesi... ''Ich stockte. W\u00e4hrend ich sprach, war mein Blick \u00fcber ihn geglitten, \u00fcber das schwarze, lange Haar, die weichen Gesichtsz\u00fcge, bis sie schlie\u00dflich bei seinen Augen h\u00e4ngen geblieben waren. Ja, ich erkannte ihn. Ich hatte ihn bedient und auch da waren mir seine Augen aufgefallen. Nicht, weil sie irgendwie komisch aussahen oder so. Es war die Farbe, die mir nun erneut ins Auge fiel. Dunkel. So dunkel, wie ich in meinem Leben noch keine Augen gesehen hatte. Schwarz wie die Nacht verdeckten sie beinah das gesamte Wei\u00df seiner Aug\u00e4pfel und gaben seinem Gesicht etwas D\u00e4monisches, etwas d\u00fcsteres, etwas faszinierendes. Diese Augen waren etwas besonderes, das sp\u00fcrte ich, und ich sp\u00fcrte ein leichtes Kribbeln auf der Haut, w\u00e4hrend ich immer tiefer in diese Schw\u00e4rze staarte. Ich err\u00f6tete stark, als ich bemerkte, dass ich ihm nun schon seit einigen Sekunden still und erstarrt in die Augen gesehen hatte, doch in seinem Gesicht lag ein gewinnendes L\u00e4cheln.'' Ich wei\u00df von einem Bekannten, dass du allein bist und ich finde, es ist viel zu gef\u00e4hrlich, hier drau\u00dfen allein zu sein, bei dem, was in letzter Zeit passiert ist. Ich dachte, ich biete dir mal an, dich nach Hause zu begleiten. ''Ich wusste, dass es keine gute Idee war, jemand v\u00f6llig Fremdes in mein Haus einzuladen, besonders, wenn man die Begebenheiten der letzten Wochen betrachtete. Insgesamt 7 Menschen waren verschwunden. Sie alle waren Nachts, meistens nach einer Party oder \u00e4hnlichem, auf dem Weg nach Hause gewesen, jedoch nie dort angekommen. Bei den ersten Opfern hatte man eine Entf\u00fchrung vermutet und gehofft, der T\u00e4ter w\u00fcrde sich bald melden, um Forderungen zu stellen. Doch das \u00e4nderte sich, als das erste Opfer gefunden wurde. Es war ein junges M\u00e4dchen, gerade 19 Jahre alt geworden, mit roten Haaren und leuchtend blauen Augen, einer blassen Haut und einem bezaubernden L\u00e4cheln. Ich hatte sie des \u00f6fteren bei mir im Lokal gesehen, wie sie mit ihren Freundinnen zusammen trank und lachte und sie hatte einigen M\u00e4nnern, darunter auch welche aus meiner Stammkundschaft, den Kopf verdreht. Doch als man sie fand, war von ihrer Sch\u00f6nheit nichts mehr \u00fcbrig. Ihr K\u00f6rper war an vielen Stellen aufgeschlitzt und sie war voller getrocknetem Blut, ihre Kehle war aufgeschnitten und ihr L\u00e4cheln war eine verdrehte Fratze voller Schmerz und Panik. Doch das markanteste an ihrer Leiche waren die fehlenden Augen. Jemand hatte ihr die Aug\u00e4pfel mit einer beinah meisterhaften Pr\u00e4zision herausgeschnitten und auf Grund der Gerinnung des Blutes, wurde vermutet, dass sie zu diesem Zeitpunkt sogar noch \u0001 \u0002 lief ein Schauer \u00fcber den R\u00fccken. Konnte ich wirklich jemandem Vertrauen, den ich \u00fcberhaupt nicht kannte? Es gab ja nicht nur diesen Serienkiller, sondern auch noch andere Verbrecher, M\u00f6rder, Diebe, Vergewaltiger, zu denen er meines Wissens genauso gut wie jeder andere geh\u00f6ren k\u00f6nnte. Doch etwas in mir sagte, dass es nicht so war. Vielleicht war es die Faszination f\u00fcr seine Augen, vielleicht sein Auftreten an sich, dieses Selbstbewusste, dieses Starke, aber irgendwas hatte mich an ihm bezaubert. Ich war wie in Trance, M\u00fcdigkeit und Ersch\u00f6pfung lie\u00dfen mich meine Bedenken in den hinteren Teil meines Bewusstseins dr\u00e4ngen und ich ging langsam zu meinem Auto und \u00f6ffnete ihm die Autot\u00fcr.",
            "wordcount": "1.293",
            "chapter_release": "22.07.2014",
            "chapter_number": "2"
        },
        "3": {
            "text": "Langsam \u00f6ffnete ich die T\u00fcr meines Autos und unterdr\u00fcckte ein G\u00e4hnen. Meine Augen brannten und mein K\u00f6rper f\u00fchlte sich taub an, die K\u00e4lte der Nachtluft brannte auf meine Haut, aber mit meinem kleinen H\u00e4uschen vor Augen f\u00fchlte ich mich gleich besser. Nur noch wenige Meter trennten mich von meinem geliebten Bett... Und nat\u00fcrlich dieser Junge. W\u00e4hrend der Fahrt war er absolut still geblieben und hatte mich angestarrt. Ich hatte seine Blicke gesp\u00fcrt, wie sie sich in meine Haut brannten, be\u00e4ngstigend und unangenehm, doch ich hatte nichts gesagt, es still \u00fcber mich ergehen lassen und mich ganz auf die dunkele Stra\u00dfe vor mir konzentriert. Ich war mir immer noch nicht wirklich sicher, was ich von ihm halten sollte. Er war s\u00fc\u00df, keine Frage, nur wenig J\u00fcnger als ich selbst und es widerstrebte mir auch nicht, einen meiner Kunden mit nach Hause zu nehmen, wenn er mir gefiel. Ich hatte keine feste Beziehung und war daher schon ein oder zwei mal mit jemandem ausgegangen, den ich in der Bar getroffen hatte, auch wenn nichts darau\u00df geworden war. Aber mit diesem Jungen war es einfach... nicht das gleiche. Ich kannte ihn nicht einmal ansatzweise, ich wusste ja nicht einmal, wie er hie\u00df. Und auch die Gr\u00fcnde daf\u00fcr, dass ich ihn mit genommen hatte, waren andere. Keine Ahnung, ob er zu mir passte oder nicht, aber er interessierte mich. Seine Art, das selbstbewusste Auftreten und diese seltsamen Augen, sie hatten mich fazsiniert und irgendwas sagte mir, dass ich diese einmalige Chance nicht verpassen wollte. Und normalerweise konnte ich auch meine innere Stimme \u0001 \u0002 nach mehreren Anl\u00e4ufen gelang es mir, den Schl\u00fcssel meiner Wohnung ins Schloss zu stecken. Meine H\u00e4nde zitterten vor K\u00e4lte und Ersch\u00f6pfung und ich schaffte es kaum, mich auf das zu konzentrieren, was ich da tat. '' Okay... ''Ich drehte mich langsam um und l\u00e4chelte ihn kurz an.'' Danke, dass du mich nach Hause begleitet hast. Vielleicht sieht man sich ja mal wieder, oder so? ''Nat\u00fcrlich wusste ich, dass es hier noch nicht zu Ende war. Es war offensichtlich, dass er mich nicht angesprochen hatte, um mich sicher nach Hause zu begleiten, doch es war ein Spiel, ein angedeuteter Versuch, das alles nicht geschehen zu lassen, auch wenn es zu nichts f\u00fchrte, au\u00dfer mich selbst zu beruhigen. Immerhin hatte ich es versucht. Damit war nichts, was heute noch passierte, meine Schuld, oder?Ein breites Grinsen schlich sich auf sein Gesicht.'' Kannst du mich nicht als Dank noch auf eine Tasse Kaffee einladen? Es ist ziemlich weit zu mir und es wirklich saukalt. Ich k\u00f6nnte ein hei\u00dfes Getr\u00e4nk vertragen. ''Schweigend sah ich ihn an, w\u00e4hrend ich sp\u00fcrte, wie Hitze in mir aufwallte. Ich war soweit, es gab kein zur\u00fcck mehr, doch ich f\u00fchlte keine Angst, vielmehr Vorfreude. Vorfreude auf das, was diesen Jungen in meinem Haus erwarten \u0001 \u0002 einem leisen Kichern stie\u00df ich die T\u00fcr auf und bedeutete ihm, \u0001 \u0002 l\u00e4chelte ihm zwinkernd zu, als wir uns gemeinsam auf meinem gem\u00fctlichen Sofa niederlie\u00dfen, jeder einen dampfenden Becher mit Tee in den H\u00e4nden. Im Hintergrund lief der Fernseher, irgendeine d\u00e4mliche Show, die vor Jahren mal ein paar Zuschauer hatte, unterbrochen von Werbung f\u00fcr billige Haushaltsger\u00e4te und Pornoseiten, doch ich achtete sowieso nicht darauf, mein Kopf war erf\u00fcllt von unendlich vielen Gedanken, die sich kreuz und quer \u00fcberschlugen. Doch ich wusste, es w\u00fcrde bald vorbei sein. Ich f\u00fchlte mich jedes Mal genau so, jedes Mal war ich aufgeregt und nerv\u00f6s, bis ich irgendwann die Kontrolle \u00fcber mich selbst verlor. Ab da w\u00fcrde es ganz wie von selbst geschehen. '' Machst du das h\u00e4ufig? '''' H\u00e4h? '' Seine Stimme ri\u00df mich aus meinen Gedanken, f\u00fcr einen kurzen Moment hatte ich total ausgeblendet, dass er immer noch neben mir sa\u00df, den Arm um mich gelegt und mich schief angrinsend.'' Ob du \u00f6fter einfach so einen wildfremden Typen mit zu dir nach Hause nimmst. ''Ich blickte ihn belustigt an und legte meinen Kopf auf seine Schulter.'' Ach, das? Nein, eigentlich nicht. Aber, wenn mir gerade der Sinn danach steht, warum nicht? '''' Nun, ich k\u00f6nnte doch irgendein gemeingef\u00e4hrlicher Irrer sein, der dir im Schlaf die Kehle durchschneiden will? ''Er verzog das Gesicht zu einer merkw\u00fcrdigen Grimasse, die wohl gruselig aussehen sollte, und ich lachte kurz auf.'' Das bezweifle ich. ''Langsam lie\u00df ich meine Hand \u00fcber sein Gesicht gleiten, runter zu seiner Brust und stoppte sie genau auf seinem Herzen. Ich sp\u00fcrte das gleichm\u00e4\u00dfige Pochen seines Herzens, die W\u00e4rme seiner Haut. '' Und selbst wenn, du k\u00f6nntest mir nichts antun. Du w\u00e4rst erledigt, bevor du auch nur den Versuch dazu bek\u00e4mst. '' In meinem Gesicht lag ein herausforderndes \u0001 \u0002 einem Ruck zog er mich auf seinen Scho\u00df.'' Ach, was w\u00fcrdest du denn schon gegen mich ausrichten k\u00f6nnen? ''Ich grinste schweigend, w\u00e4hrend meine H\u00e4nde vorsichtig unter seinen Pulli glitten und \u00fcber seinen Bauch strichen. Ich f\u00fchlte, wie das Leben unter seiner Haut pulsierte, das Blut durch die Adern floss, seine Atmung sich langsam beschleunigte. Langsam begann ich, seinen Pulli auszuziehen und bewunderte seine leicht hervortretenden Bauchmuskeln und die ebenm\u00e4\u00dfige Haut. Grinsend sah er mich an und zwinkerte mir auffordernd zu. Ich sp\u00fcrte, dass es nun soweit war. Meine Gedanken leerten sich, ich sp\u00fcrte, wie ich langsam aber sicher aus meinem K\u00f6rper driftete und mich selbst von au\u00dfen betrachtete, wie ich auf ihm sa\u00df, die H\u00e4nde jetzt auf seinen Schultern und ihm innig und fordernd meine Lippen auf seine dr\u00fcckte. Ich sah, wie er mich an sich dr\u00fcckte und seine Lippen meinen Hals auf und ab fuhren. Und ich sah, wie jedes Mal, wie meine Hand vorsichtig unter eines der Kissen \u0001 \u0002 gl\u00e4nzende Klinge blitze nur f\u00fcr einen winzigen Moment auf, bevor sie sich in das weiche, junge Fleisch grub. F\u00fcr eine Sekunde sah er mich nur grinsend an, w\u00e4hrend langsam dickfl\u00fcssiges, dunkelrotes Blut \u00fcber die helle Haut lief und dunkele, feuchte Flecken hinterlie\u00df. Dann wurde seine Miene pl\u00f6tzlich verzehrt, er kniff die Augen zusammen und \u00f6ffnete seinen Mund, um zu schreien, doch in diesem Moment hatte ich ihm bereits ein Kissen ins Gesicht gedr\u00fcckt, der das Ger\u00e4usch d\u00e4mpfte. Mit aller Kraft stach ich immer wieder auf ihn ein und das Blut spritzte mir ins Gesicht, auf die Arme, und ich genoss das warme Gef\u00fchl seines Blutes auf meiner kalten Haut. Nur langsam erschlaffte sein K\u00f6rper, seine Arme sanken kraftlos zur Seite und die unterdr\u00fcckten Schreie flauten ab, doch irgendwann lag er nur noch regungslos unter mir. Vorsichtig dr\u00fcckte ich meine Hand auf seine Brust. Wo noch vor wenigen Sekunden ein gesundes, junges Herz gepocht hatte, breitete sich nun K\u00e4lte aus, ich sp\u00fcrte kein Leben mehr in ihm und musste unwillk\u00fcrlich Lachen. Wie verg\u00e4nglich das Leben doch war. In einem Moment kann man kerngesund sein und im n\u00e4chsten Moment... Tot... Doch war das nicht genau der Grund, warum ich das hier tat? Wenn die Zeit sich jeden von uns in jedem Moment holen konnte, war es dann nicht nur fair, wenn man das besondere der Menschen erh\u00e4lt? Wenn ein Mensch wirklich einzigartig war, war es dann nicht nur gerecht, wenn man verhinderte, dass alles an ihm dem Verfall zum Opfer fiel? L\u00e4chelnd sah ich zu der Leiche des Jungen hinunter und strich mit einer Hand durch seine Haare, seine Wange, betrachtete beinah liebevoll das von Schmerz verzehrte Gesicht, den weit ge\u00f6ffneten Mund und die weit aufgerissenen Augen. Nein, ich hatte ihn nicht get\u00f6tet. Ich hatte ihn gerettet. Ich w\u00fcrde verhindern, dass das besondere an ihm verloren gehen w\u00fcrde. Ich wollte ihn sch\u00fctzen. So wie ich all die anderen gesch\u00fctzt hatte. So wie ich dieses M\u00e4dchen mit den tiefblauen Augen und dem langen, h\u00fcbschen, roten Haaren gesch\u00fctzt hatte. Oder diese Frau mit diesen zarten, wundersch\u00f6nen H\u00e4nden. All das hatte ich an mich genommen, um es f\u00fcr die Ewigkeit zu bewahren. Niemals d\u00fcrfte all diese Sch\u00f6nheit, diese Perfektion, f\u00fcr die gew\u00f6hnliche Menschen wie ich sterben w\u00fcrden, vergehen. Sie war ein Geschenk, ein Privileg, doch viel zu oft warfen sie sie einfach weg, lie\u00dfen sie verkommen und vergehen. Doch ich w\u00fcrde das nicht zulassen. Rasch holte ich ein kleines Skalpell aus meiner Tasche und begann, vorsichtig diese wundervollen, schwarzen Augen aus seinen Augenh\u00f6hlen zu schneiden, bevor ich sie einige Sekunden lang in meiner Hand betrachtete. Sie waren wirklich au\u00dfergew\u00f6hnlich. Und nun w\u00fcrden sie auf Ewig erhalten bleiben, f\u00fcr immer, niemals w\u00fcrde ihr Glanz erl\u00f6schen. Mein lautes, grausames Lachen erf\u00fcllt die leeren Zimmer meines Hauses. Er w\u00fcrde nicht der Letzte sein...",
            "wordcount": "1.429",
            "chapter_release": "04.01.2015",
            "chapter_number": "3"
        },
        "4": {
            "text": "Langsam \u00f6ffnete ich meine Augen. Die Helligkeit um mich herum blendete mich kurzzeitig und ich hielt sch\u00fctzend meinen Arm vor mein Gesicht, w\u00e4hrend ich vorsichtig meinen Oberk\u00f6rper aufrichtete. Meine Arme f\u00fchlten sich taub und steif an und nur m\u00fchsam konnte ich mich auf dem harten, kalten Boden, auf dem ich lag abst\u00fctzen. Mein Kopf schmerzte, meine Sicht war verschwommen und ich versp\u00fcrte das starke Bed\u00fcrfnis, mich zu \u00fcbergeben. Was zur H\u00f6lle war passiert? Hatte ich zu viel getrunken? Oder einen Unfall? Das w\u00fcrde zumindest erkl\u00e4ren, wieso ich mich so schei\u00dfe f\u00fchlte und warum ich mich auch nicht daran erinnern konnte, wo ich war oder wieso ich hier war. \u00c4chzend richtete ich mich weiter auf, mir wurde schwindelig und kleine Lichtblitze tanzten vor meinen Augen, doch irgendwie schaffte ich es, aufzustehen, wenn auch auf sehr wackeligen Beinen. Rasch rieb ich mir mit meinen H\u00e4nden \u00fcber die Augen und versuchte, meine Umgebung zu erkennen. Nur nach und nach kl\u00e4rte sich mein Sichtfeld auf und ich erkannte eine breite, mit Rissen und Schlagl\u00f6chern \u00fcbers\u00e4te Stra\u00dfe und einige verkommene und teilweise eingest\u00fcrzte Hochh\u00e4user an den Seiten. Der Himmel \u00fcber mir leuchtete in einem intensiven Orange. Sonnenauf- oder Untergang? Links von mir erkannte eine ziemlich heruntergekommen aussehende Kreuzung mit einer umgeknickten Ampel und ein umgest\u00fcrztes Fahrzeug lag vor einem Schaufenster mit der roten, ausgeblichenen Aufschrift \u201e Sale\u201c .Die Stra\u00dfe war absolut menschenleer und es gab auch keine Anzeichen darauf, dass hier vor kurzem noch jemand gewesen war. Ein leichter, k\u00fchler Wind wehte durch die Stra\u00dfen und Ruinen, und ich zog meine Jacke enger um mich. Wie war ich nur hier her gekommen? War ich vielleicht entf\u00fchrt worden? Ich sp\u00fcrt, wie die Angst in mir aufkeimte. Aus eigenem Antrieb war ich bestimmt nicht in eine solche Gegend gekommen, warum auch? Ich hatte hier doch \u00fcberhaupt nichts zu suchen. Das hie\u00df, dass ich gegen meinen Willen hierher verschleppt worden war. Aber wenn man mich entf\u00fchrt hatte, warum hatte man mich dann an diesen Ort gebracht? Und warum hatte man mich nicht eingesperrt? Oder wenigstens jemanden hier gelassen, um mich zu bewachen? Entschlossen schluckte ich die in mir aufkommende Panik wieder hinunter und versuchte, mich zu konzentrieren. Das Wichtigste war wohl erst einmal, herauszufinden, wie ich auf dem schnellsten Weg hier weg kommen konnte. Irgendwie musste man ja aus dieser Stadt heraus finden und dann w\u00fcrde ich bestimmt bald auch Menschen treffen, die mir helfen konnten, nach Hause zu kommen. Doch wo sollte ich anfangen? In welche Richtung sollte ich gehen? Die einfachste Entscheidung war wohl, einfach loszugehen und zu schauen, wo mein Weg hinf\u00fchrte. Immerhin, so dachte ich mir, hatte eine Stadt ja auf jeder Seite ein Ende. Ich entschied mich daf\u00fcr, der Stra\u00dfe von der Kreuzung weg zu \u0001 \u0002 Weile ging ich einfach nur geradeaus, vorbei an eingest\u00fcrzten Ruinen und heruntergekommenen Einkaufsl\u00e4den, an umgest\u00fcrzten und teilweise verbrannten Autowracks, verbogenen Stra\u00dfenschildern und eingeschlagenen Schaufenstern, ohne auch nur den geringsten Hinweis auf meinen Aufenthaltsort zu finden. Kein Ortsschild, keine Stadtkarte, nichts. Und nat\u00fcrlich auch keine Menschen, die ich h\u00e4tte fragen k\u00f6nnen. Doch es gab hier nicht nur keine Menschen, wie mir nach einer Weile auffiel. Vielmehr schien es so, als w\u00e4re die gesamte Stadt komplett leblos. Ein leichter Schauer lief mir \u00fcber den R\u00fccken. Keine streunenden Tiere, keine Ratten, die durch die dunklen Gassen huschten, nicht einmal Fliegen oder andere Insekten. Es war doch absolut unm\u00f6glich, dass in dieser verlassenen Stadt nicht einmal Tiere lebten. Nerv\u00f6s setzte ich meinen Weg fort, angespannter als zuvor. Irgendetwas war hier nicht in Ordnung, ganz und gar nicht in Ordnung. Dieser Ort strahlte etwas bedrohliches aus, etwas dunkles, dass nach mir aus den finsteren, leeren Gassen zu greifen schien. Ich sp\u00fcrte, wie sich meine Kehle bei diesem Gedanken zuschn\u00fcrte. Mit einem Mal f\u00fchlte ich mich beobachtet, es f\u00fchlte sich an, als w\u00fcrden sich bei jedem Schritt Blicke in meinen R\u00fccken brennen, doch wenn ich mich umdrehte, war die Stra\u00dfe weiterhin absolut verlassen. Keine Stimmen, keine Schritte, keine Ger\u00e4usche, bis auf das konstante Pfeifen des Windes in den Ruinen. Ich ging nun langsamer als zuvor, drehte mich alle paar Meter um und beobachtete stets alle Gassen und Ecken aus den Augenwinkeln. Und auch, wenn ich nicht ein einziges Mal jemanden zu Gesicht bekam, f\u00fchlte ich mich keineswegs beruhigt. Jemand war hier. Jemand musste definitiv hier sein. Irgendjemand hatte mich hierher verschleppt, hatte all diese M\u00fche auf sich genommen, mich zu entf\u00fchren und mich Meilenweit hierher bringen, und wer auch immer das war, er hatte es bestimmt nicht getan, damit ich anschlie\u00dfend einfach so nach Hause spazieren konnte. Dieser Jemand verfolgte einen \u0001 \u0002 pl\u00f6tzliches Rascheln lie\u00df mich aus meinen Gedanken aufschrecken. Nerv\u00f6s blickte ich mich um und schluckte, lie\u00df den Blick \u00fcber die leere Stra\u00dfe wandern, bevor ich mich vorsichtig der Gasse n\u00e4herte, aus der ich das Ger\u00e4usch vermutete. Mein Herz schlug mit einem Mal um ein vielfaches schneller als zuvor, meine H\u00e4nde waren mit Schwei\u00df bedeckt und zuckten unkontrolliert und mein Atem ging abgehackt und sto\u00dfweise. Aus einem unbestimmten Grund bereitete dieses Ger\u00e4usch mir starkes Unbehagen, wie eine Vorahnung, dass sich dahinter nichts gutes verbarg. Ich zitterte am ganzen K\u00f6rper, w\u00e4hrend ich langsam einen Blick um die Ecke warf und in die Gasse hinein sp\u00e4hte. Es war dunkel. Die verfallenen \u00dcberreste der H\u00e4user, die diese Gasse einschlossen, lie\u00dfen nicht einen einzigen Sonnenstrahl hindurch und tauchten sie in ein schwaches, schwammiges Licht. Ein starker Gestank nach alten Lebensmitteln und Erbrochenem lag pl\u00f6tzlich in der Luft und ich sp\u00fcrte Ekel in mir aufsteigen, w\u00e4hrend ich mit pochendem Herzen in die Finsternis starrte. Das Rascheln war lauter geworden, es kam eindeutig aus von hier, kein Zweifel, doch was war es? Und wollte ich das wirklich wissen? Unsicher trat ich einen weiteren Schritt nach vorne auf die Dunkelheit zu, und das Rascheln endete abrupt, wandelte sich zu einem leisen, verhaltenen Knurren. Ich sah, wie sich etwas in den Schatten vor mir regte, sich aus der Dunkelheit erhob und mir vorsichtig n\u00e4herte. Entsetzt sog ich die Luft ein und trat ein paar Schritte zur\u00fcck. Das Wesen vor mir hatte menschen\u00e4hnliche Z\u00fcge, auch wenn ich mir sicher war, dass ich es mit nichts menschlichem zu tun hatte. Die Arme waren lang, die Haltung geb\u00fcckt und es kroch auf allen Vieren \u00fcber den Boden auf mich zu, w\u00e4hrend das Knurren immer tiefer und dumpfer wurde. Die Augen waren gro\u00df, ihre grauen, milchigen Pupillen fixierten mich, w\u00e4hrend sich der schiefe, mit scharfen Z\u00e4hnen ausgestattete Mund gierig \u00f6ffnete und schloss. Entsetzen und Panik breiteten sich in mir aus, doch ich war wie gel\u00e4hmt von dem grotesken Anblick, der sich mir bot. Unf\u00e4hig mich zu bewegen stand ich da und beobachtete, wie dieses Ding immer n\u00e4her kroch, mich argw\u00f6hnisch, aber auch verlangend be\u00e4ugte. Was zur verdammten H\u00f6lle war das f\u00fcr ein kranker Schei\u00df? Es brauchte meine gesamte Willenskraft, mich von diesem scheu\u00dflichen Bild loszurei\u00dfen. Panisch drehte ich mich um, nur um mich mit zwei weiteren Exemplaren dieser gottverfluchten Art konfrontiert zu sehen, die drohend ihre Z\u00e4hne fletschten und ihre H\u00e4nde nach mir ausstreckten. Ich sa\u00df in der Falle. Langsam kamen sie n\u00e4her, rochen in der Luft, Spucke lief in dicken F\u00e4den aus ihren M\u00e4ulern und tropfte auf den Boden. Rasch blickte ich mich um und suchte nach einem Ausweg, einer Fluchtm\u00f6glichkeit, irgendeinem verfluchten Weg, nicht bei lebendigem Leib von diesen perversen Abarten der Natur gefressen zu \u0001 \u0002 bemerkte eine T\u00fcr an der gegen\u00fcberliegenden Wand. Mit etwas Gl\u00fcck war sie offen und ich konnte mich in das Haus retten, die T\u00fcr von innen verbarrikadieren. Panisch rannte ich los, wich einem der Wesen aus, dass sich auf mich st\u00fcrzen wollte, griff nach dem T\u00fcrgriff, dr\u00fcckte ihn nach unten... und sp\u00fcrte pl\u00f6tzlich, wie etwas kaltes, weiches mein linkes Bein ergriff und ich landete unsanft auf dem br\u00fcchigen Betonboden. Eines der Viecher war nach vorne gesprintet und hielt nun meine Ferse fest umklammert. Erschrocken schrie ich auf und trat nach dem verunstalteten Gesicht der Kreatur, immer und immer wieder traf mein Fu\u00df auf das weiche, graue Fleisch, bis es schlie\u00dflich nach einem lauten, widerlichen Knacken von mir ablie\u00df und ich mich so schnell ich konnte in das Geb\u00e4ude rettete und die T\u00fcr hinter mir \u0001 \u0002 lehnte ich mich gegen die h\u00f6lzerne T\u00fcr und sank langsam zu Boden, mein Atem ging Sto\u00dfweise und ich sp\u00fcrte, wie mir kalter Schwei\u00df \u00fcber den R\u00fccken lief. Was war hier nur los? War ich verr\u00fcckt geworden? Was ich da drau\u00dfen gerade gesehen hatte, konnte doch unm\u00f6glich wirklich existieren, das war doch einfach absurd, verr\u00fcckt, wahnsinnig. Solche... Monster existierten nicht, so etwas waren doch nur Hirngespinste von irgendwelchen Vollidioten, die sich einen Spa\u00df daraus machten, Menschen zu erschrecken. Und doch, was ich gerade erlebt hatte war real. Die Angst, das Knurren der Bestien, der Schmerz an meiner Ferse wegen des starken Griffs der Kreatur, all das war Wirklichkeit. Ich zwang mich, meine Atmung zu kontrollieren. Daf\u00fcr gab es sicherlich eine ganz einfache Erkl\u00e4rung, irgendeine Mutation oder so etwas in der Richtung war daf\u00fcr verantwortlich. Das wichtigste war erst einmal, dass ich drinnen war und sie drau\u00dfen. Vorsichtig richtete ich mich auf und fuhr mir mit meinen H\u00e4nden \u00fcber mein Gesicht. Genau, ich war hier ersteinmal sicher. Scheinbar versuchten sie nicht, mir zu folgen, ich h\u00f6rte weder das Kratzen ihrer N\u00e4gel am Holz noch das dumpfe Wummern, wenn K\u00f6rper gegen totes Holz stie\u00dfen, und auch, wenn ich nicht ganz verstand wieso, so f\u00fchlte ich mich doch um einiges ruhiger. Ich war der Gefahr wohl f\u00fcr den Moment entkommen. Schweigend stand ich da und lauschte der Stille, die mich nun wieder umgab. So sehr sie mich noch vor wenigen Augenblicken be\u00e4ngstigt hatte, desto wohler f\u00fchlte ich mich nun mit ihr. Nun wusste ich immerhin, was dort drau\u00dfen auf mich lauerte. Und ich w\u00fcrde sicher einen Weg finden, ihnen zu entkommen. Sie schienen nicht gerade sonderlich klug zu sein und wenn ich mich nur geschickt genug anstellte, dann w\u00fcrde ich es sicher schaffen, diesen Ort unverletzt zu verlassen, dessen war ich mir sicher. Vorsichtig \u00f6ffnete ich meine Augen und betrachtete den Raum um mich herum. Es dauerte eine Weile, bis ich bemerkte, dass etwas nicht stimmte. Auf den ersten Blick wirkte es wie ein gew\u00f6hnlicher, wenn auch ziemlich verfallener Raum. Die W\u00e4nde waren Grau und br\u00fcchig, der Boden mit morschen, mit dunklen Flecken \u00fcberzogenen Holzdielen bedeckt. Einige alte, verstaubte M\u00f6bel standen verteilt in den Ecken, einige bereits zur H\u00e4lfte zertr\u00fcmmert oder umgest\u00fcrzt. Eine Treppe f\u00fchrte in ein oberes Stockwerk und links und rechts f\u00fchrten T\u00fcren in weitere Zimmer, beide in \u00e4hnlichem Zustand wie jenes, in dem ich mich befand. Zusammengefasst, nichts hier war anders, als ich es erwartet hatte. Und doch f\u00fchlte ich mich seltsam, eine sonderbare Empfindung breitete sich in mir aus. Doch nicht Angst oder Panik oder etwas in der Richtung, nein, es war viel mehr... Vertrautheit. Ich kannte diesen Raum. Auch wenn er nun zerfallen und staubig war, ich erkannte ihn genau. Dies war der Flur des Hauses, in dem ich aufgewachsen war. Oder zumindest sah er genau so aus. Es konnte unm\u00f6glich der selbe Raum sein. Unser altes Haus war vor einer Ewigkeit abgebrannt und meine Mutter hatte sich eine kleine Eigentumswohnung gekauft, in der sie bis zu ihrem Tod gelebt hatte. Gedankenverloren lie\u00df ich meine Hand \u00fcber das dunkle Holz des alten Schrankes gleiten, die alten, verwobenen Ornamente, das glatt geschliffene Holz der Schubladen, die kleine Einkerbung unter der linken Ecke der Ablage... Ich stockt. Das war doch absolut unm\u00f6glich. Das konnte \u00fcberhaupt nicht sein, das w\u00e4re doch absolut... Doch ein Blick \u00fcberzeugte mich vom Gegenteil. Ich sah meinen Namen. Den Namen, den ich vor Jahren als Kind in den Schrank meiner Eltern geschnitzt hatte. Den Namen, f\u00fcr den mein Vater mich stundenlang ausgeschimpft hatte. Den Namen, der eigentlich mit diesem Schrank h\u00e4tte verbrennen sollen. Ein Gef\u00fchl des Unwirklichen breitete sich in mir aus. Wie zum Teufel war dieser Schrank hierher gekommen? Und wieso existierte er noch? Er musste doch eigentlich nur noch ein H\u00e4ufchen Asche sein, oder nicht? Langsam entfernte ich mich von dem Schrank. Was f\u00fcr ein Spiel wurde hier mit mir gespielt? Was hatte das alles zu bedeuten?Ich bem\u00fchte mich, normal zu atmen und mich zu beruhigen. Das hatte nichts zu bedeuten. Es war ein Zufall, nicht mehr. Irgendwie hatte der Schrank das Feuer \u00fcberlebt und seinen Weg hierher gefunden. Das konnte passieren. Zumal mich jemand absichtlich hierher gebracht hatte. Vielleicht hatte dieser jemand auch geplant, dass ich in dieses Haus fl\u00fcchten w\u00fcrde? Das w\u00fcrde erkl\u00e4ren, wieso mich diese Wesen nicht weiter verfolgt hatten. Und trotzdem, jetzt musste ich mich vergewissern. Mit schnellen Schritten stieg ich die Treppe hinauf in den zweiten Stock. Auch hier sah alles genauso aus, wie ich es aus meinem Geburtshaus in Erinnerung hatte, nur eben in einem verfalleneren Zustand. Bilder, Fetzen aus verblassten Tagen f\u00fcllten meinen Verstand. Ich, wie ich mit f\u00fcnf Jahren auf der Treppe gestolpert war und mir eine wirklich \u00fcble Platzwunde zugezogen hatte. Wie ich und Dad in meinem alten Kinderzimmer zusammen Flugzeugmodelle zusammen gebaut hatten. Wie ich mit sieben aus versehen die Lieblingsvase meiner Mutter zerbrochen hatte und auch, wie ich danach drei Wochen lang Hausarrest verbringen musste. Ich sp\u00fcrte, wie sich meine Augen mit Tr\u00e4nen f\u00fcllten. Das hier war der Ort, an dem ich gro\u00df geworden war. Das war keine Kopie, dass f\u00fchlte ich einfach. Ich konnte es mir nicht erkl\u00e4ren, aber ich war tats\u00e4chlich wieder hier. Nach all dieser Zeit war ich wieder da...Ich stoppte, als ich das Ende des Flurs erreicht hatte und nun vor einer gro\u00dfen, fr\u00fcher einmal wei\u00df lackierten T\u00fcr stand. Dads Arbeitszimmer. Fr\u00fcher hatten meine Eltern mir immer verboten, diesen Raum zu betreten. Tats\u00e4chlich hatte ich ihn nur ein einziges Mal betreten, nur dieses eine Mal. Und dennoch war dies die st\u00e4rkste Erinnerung. Mein Inneres zog sich zusammen, als ich langsam meine Hand auf den T\u00fcrknauf legte und die T\u00fcr mit einem leisen Quietschen ausschwang. Mein Herz rutschte mir in die \u0001 \u0002 als die anderen R\u00e4ume war dieser hier noch genauso, wie in meiner Erinnerung. Die M\u00f6bel waren ganz, der Boden noch frei von Flecken und die wei\u00dfe, etwas schmutzige Tapete noch nicht zerrissen und vermodert. Doch das war es nicht, was mich am meisten \u00fcberraschte. Was mich am meisten traf, war der kleine, schwarzhaarige Junge, der vor dem Schreibtisch hockte, das kleine, silberne Feuerzeug in der Hand. Wie erstarrt stand ich im T\u00fcrrahmen und betrachtete mich selbst, wie ich den vermutlich schlimmsten Fehler meines Lebens beging. Ich sah, wie ich mich an der kleinen Flamme verbrannte und das alte Feuerzeug auf den Tisch fallen lie\u00df. Wie die Flammen sich blitzschnell \u00fcber die Berge von Papier ausbreiteten. Wie langsam aber sicher das ganze Zimmer begann, zu brennen. Wie der Junge panisch versuchte, das Feuer zu l\u00f6schen, dann aus dem Zimmer zu fliehen. Wie er laut weinend gegen die massive T\u00fcr schlug. Wie es immer und immer hei\u00dfer um ihn herum wurde...Ich wusste, was als n\u00e4chstes geschehen w\u00fcrde und ich wusste auch, dass ich es mir niemals verzeihen w\u00fcrde. Doch diesmal kam mein Vater nicht zu meiner Rettung. Diesmal opferte er sich nicht, damit ich das Haus noch rechtzeitig verlassen konnte. Stattdessen sah ich, wie die Kleidung des Jungen Feuer fing, wie er schrie und um sich schlug und schlie\u00dflich langsam bei lebendigem Leibe verbrannte. Ich sp\u00fcrte, wie mir schwindelig wurde. Ich musste hier raus, ich musste sofort weg, raus aus diesem Haus, weg von diesem Ort, so schnell es ging. Ich warf mich mit aller Macht gegen die T\u00fcr, immer und immer wieder, wie es damals Vater von der anderen Seite her gemacht hatte, bis der Rahmen endlich nach gab und ich in den Flur zur\u00fcck stolperte. So schnell ich konnte rannte ich zur\u00fcck durch das Haus und st\u00fcrzte durch die T\u00fcr nach drau\u00dfen, raus aus der Gasse auf die Stra\u00dfe und \u00fcbergab mich w\u00fcrgend. Tr\u00e4nen liefen mir \u00fcber das Gesicht und tropften zu Boden, bildeten kleine Pf\u00fctzen neben dem Erbrochenem. So h\u00e4tte es damals sein m\u00fcssen. Ich h\u00e4tte sterben m\u00fcssen, nicht mein Vater. Ich war Schuld, wieso musste er sterben?! Wieso Er?!Keuchend kniete ich auf der Stra\u00dfe und sah in die Ferne. Sah wieder die Lichter, die immer n\u00e4her kamen. Konnte die Umrisse des Fahrzeugs erkennen. Das Fahrzeug, dass mein Leben beendet hatte. Und endlich verstand ich. Ein stummes L\u00e4cheln schlich sich auf mein Gesicht.(Diese Geschichte war urspr\u00fcnglich f\u00fcr einen Mystik-Wettbewerb vorgesehen, den ich leider nicht gewonnen habe, von daher wird sie jetzt hier hochgeladen, vielleicht gef\u00e4llt sie euch ja besser ;) Die Wettbewerbe sind auch der Grund, wieso ich so inaktiv bin, also verzeiht mir bitte. Naja, ich freue mich wie immer \u00fcber R\u00fcckmeldung. Danke f\u00fcr eure Aufmerksamkeit und f\u00fcrs lesen)",
            "wordcount": "2.760",
            "chapter_release": "03.04.2015",
            "chapter_number": "4"
        },
        "5": {
            "text": "Liebe...Vom ersten Moment an, als ich dich sah, wusste ich, dass du die Frau f\u00fcr mich sein wirst. Ich kannte dich nicht, ich wusste nicht, wie du hei\u00dft oder was du gerne machst, aber es war mir egal. Ich wollte dich. Dich, und niemals in meinem Leben wieder eine andere. Lange Zeit habe ich dich nur aus der Ferne beobachtet, w\u00e4hrend du mit den anderen M\u00e4dchen auf der Wiese an dem kleinen See sahst, oder als du alleine und nachdenklich durch eine verregnete Nacht wandertest. Ich sah dich lachen, als du 16 Jahre alt wurdest. Du warst so gl\u00fccklich dar\u00fcber, dass du endlich Abends ausgehen durftest... Obwohl ich nat\u00fcrlich wusste, dass du dich auch schon fr\u00fcher raus geschlichen hattest. Ich sah dich weinen, als dein kleiner Hund, den du als Kind bekommen hattest, nur wenige Monate danach bei einem Unfall starb. So gerne h\u00e4tte ich dich in den Arm genommen, dich getr\u00f6stet, aber ich habe mich nicht getraut. Was w\u00e4re, wenn du mich zur\u00fcckweisen w\u00fcrdest? Wenn du mir sagen w\u00fcrdest, dass du mich nicht magst? Ich w\u00fcrde es nicht verkraften. Also hielt ich mich im Hintergrund, doch ich war immer da. In jedem m\u00f6glichen Moment war ich bei dir, habe dich besch\u00fctzt und auf dich geachtet. Du hast mich vermutlich nie bemerkt, ich war immer ziemlich gut darin, unsichtbar zu bleiben. Aber vertrau mir. Ich habe dich nie aus den Augen gelassen. Und dann kam irgendwann der Moment deiner ersten Liebe...Dieser Junge, eine Stufe \u00fcber dir. Der mit dem breiten Grinsen, den strahlend blauen Augen. Ich habe gesehen, wie gl\u00fccklich du ihn angel\u00e4chelt hast. Euren ersten Kuss. Wie ihr zusammen Bier getrunken habt. Wie er dir deine erste Zigarette geben hat und wie du in die Gasse gekotzt hast vom Rauch. Ich war auch auf der Party, auf der ihr euch getrennt habt. Als er dich f\u00fcr dieses rothaarige M\u00e4dchen verlassen, mit dem er dich betrogen hat. Und wie es dich zerst\u00f6rt hat. Du hast Tagelang dein Zimmer nicht verlassen, warst nicht in der Schule, und ich habe jeden Tag dar\u00fcber nachgedacht, dich nicht zu besuchen. Er war ein Idiot. Jemanden wie dich gehen zu lassen. Und ich wollte ihn f\u00fcr dich bezahlen lassen. Es hat zwar eine Weile gedauert, aber irgendwann ging es dir besser, und ich konnte dich endlich wieder Lachen sehen. Dieses wundervolle Lachen, diese W\u00e4rme, die dein Gesicht verstrahlt. So gerne w\u00e4re ich der Grund, aus dem du lachst. Und dann, irgendwann, habe ich meinen Mut zusammengenommen und dich \u0001 \u0002 du dich daran? Es war kurz vor den Abschlusspr\u00fcfungen. Ich habe dich auf dem Gang abgefangen und behauptet, eine Freundin von dir h\u00e4tte mich zu dir geschickt. Nur, um ein Gespr\u00e4ch anzufangen. Und es hat geklappt. Pl\u00f6tzlich hatte ich deine Nummer, und wir sind ausgegangen. Ich habe mir so viel M\u00fche gegeben, dass es klappt. Und f\u00fcr eine kurze Zeit war ich gl\u00fccklich, gl\u00fccklich mit dir. Doch irgendwann...Du hast mich verlassen. Weil ich zu fordernd war. Weil du dich eingeengt gef\u00fchlt \u0001 \u0002. DU HAST NICHT VERSTANDEN, WIE PERFEKT ES \u0001 \u0002 hast einfach nicht gesehen, wie sehr ich dich geliebt habe. Und wie sehr du mich h\u00e4ttest lieben \u0001 \u0002 jetzt, jetzt sind wir wieder zusammen. Ich wei\u00df, dass du deinen Fehler eingesehen hast und es bereust. Sieh doch nur, wie h\u00fcbsch du jetzt wieder l\u00e4chelst. Du bist \u0001 \u0002 wei\u00df einfach, dass es das richtige f\u00fcr uns ist. Und auch, wenn deine H\u00e4nde nun kalt sind und du nicht mehr mit mir sprichst, werden wir gl\u00fccklich \u0001 \u0002 das ist Liebe doch im Endeffekt. Bis das der Tod uns scheidet... Und dar\u00fcber hinaus...",
            "wordcount": "604",
            "chapter_release": "10.05.2015",
            "chapter_number": "5"
        },
        "6": {
            "text": "'' Ja, Hallo? '', meine Stimme zitterte leicht, w\u00e4hrend ich den Telefonh\u00f6rer an mein Ohr dr\u00fcckte. Ich ahnte bereits, wer mich am anderen Ende der Leitung gleich begr\u00fc\u00dfen w\u00fcrde.'' Hallo, Louis, hier spricht Oma. '' Ich seufzte leise, als ich ihre ruhige, vom Alter kr\u00e4chzende Stimme wieder erkannte. '' Ich wollte mich nochmal bei dir melden wegen... ''''Jetzt reicht es! '', unterbrach ich sie schroff.'' Du rufst jeden Tag an, dass muss jetzt aufh\u00f6ren! Ich halte das nicht mehr aus! Ich habe schon dar\u00fcber nachgedacht, meine Nummer zu \u00e4ndern! H\u00f6r endlich auf damit! ''Eine Weile lang sagte sie nichts, meine harten Worte hatten ihr offensichtlich die Sprache verschlagen.'' Aber ich wollte doch nur mal wieder mit meinem lieben Sohn sprechen... ''Die Trauer in ihrer Stimme lie\u00df mich erschaudern und ich sp\u00fcrte einen starken Schmerz in meiner Brust und h\u00e4tte mich am liebsten entschuldigt, aber ich musste jetzt hart sein.'' Ich m\u00f6chte nicht mehr, dass du mich anrufst. Lass mich einfach in Ruhe. Ich m\u00f6chte doch nur in Ruhe mein Leben leben! Verstehst du das nicht? ''Wieder Stille. Dann h\u00f6rte ich ein leises Schluchzen.'' Oma, ich will dir nichts b\u00f6ses. Aber ich kann einfach nicht mehr. Das ist mir zu viel. '''' Wenn du das so siehst... '' Doch ich sp\u00fcrte, wie sehr ich sie verletzt hatte.'' Ja, das muss aufh\u00f6ren. Du musst endlich aus meinem Leben verschwinden! ''Ich h\u00f6rte ein leises \u0001 \u0002 hatte \u0001 \u0002 lehnte ich mich in meinem Sessel zur\u00fcck und faltete die H\u00e4nde auf meinem Scho\u00df. Hoffentlich w\u00fcrde sie jetzt endlich aufh\u00f6ren. Es tat mir in der Seele weh, so mit ihr zu reden, aber es ging so einfach nicht mehr \u0001 \u0002 Tag...Morgen...Morgen w\u00fcrde ich ihr Grab besuchen, und mich daf\u00fcr entschuldigen...",
            "wordcount": "324",
            "chapter_release": "04.06.2015",
            "chapter_number": "6"
        },
        "7": {
            "text": "Ein leichter Schmerz zuckt durch meine Hand und ruckartig rei\u00dfe ich sie zur\u00fcck. Erstaunt schaue ich auf meine Finger, betrachte den tiefen Schnitt. Es ist so leicht, sich zu verletzen. Wenn man es genau betrachtet, dann sch\u00fctzt uns unsere Haut \u00fcberhaupt nicht. So weich, so d\u00fcnn, so leicht zu zertrennen, fast wie Papier. Es ist f\u00fcr einen Menschen ein leichtes, sie zu durchtrennen, sogar die eigenen Z\u00e4hne k\u00f6nnen, wenn der geistige Widerstand \u00fcberwunden ist, jederzeit ohne Probleme das Fleisch durchdringen. Merkw\u00fcrdig, wenn man es bedenkt. Neugierig betrachte ich die dicken, roten Tropfen, die nach und nach aus aus der Wunde flie\u00dfen, \u00fcber meine Finger, auf meine Hand. Tiefrote Linien auf meiner blassen Haut, ein faszinierender Kontrast. Wie oft ich dieses interessante Bild schon \u00fcbersehen haben muss, wie oft ich schon geblutet haben muss, ohne es zu beachten. Eine eigenwillige Sch\u00f6nheit im Schmerz, geradezu philosophisch abstrakt. Leise tropft das Blut auf den Tisch vor mir, bildet langsam eine kleine Lache, eine leuchtend rote Lache in der Dunkelheit. Ich l\u00e4chle. Vielleicht ist es die M\u00fcdigkeit die mich so merkw\u00fcrdige Sachen denken l\u00e4sst, immerhin habe ich fast 3 Tage kaum geschlafen. Die meisten N\u00e4chte sitze ich bis zum fr\u00fchen Morgen an meinem Tisch. Ich denke nicht. Ich tue nichts. Ich sitze nur. Aber mein K\u00f6rper weigert sich, zu schlafen. Vielleicht sind es die Medikamente die ich nehmen muss. Sie machen mich\u2026 anders. Nachdenklich. Oder verwirrt? Ich f\u00fchle mich merkw\u00fcrdig abwesend und schweife ab, finde immer neue, merkw\u00fcrdigere Gedanken. Aber warum auch immer, das Blut fasziniert mich. Ich k\u00f6nnte ohne es nicht leben, es flie\u00dft jeden Moment durch meinen K\u00f6rper und trotzdem, man beachtet es doch eigentlich kaum. Langsam tauche ich einen Finger meiner unverletzten Hand in das angesammelte Blut, f\u00fchle die dicke, ein wenig z\u00e4hfl\u00fcssige Substanz, ein ungew\u00f6hnliches Gef\u00fchl, so\u2026 anders als alle anderen Fl\u00fcssigkeiten. Und diese Farbe. Frisches Blut hat so eine intensive Farbe, so ein leuchten, so ein kraftvolles Rot, wie man es nirgendwo sonst finden kann. Vielleicht spiegelt dieses Leuchten das Leben wieder? Denn wenn wir unser Blut verlieren, dann verliert es auch schnell sein Leuchten, wird stumpf und trocken, ohne jede \u00c4sthetik. Nur frisch aus einem lebenden Wesen hat es dieses unglaubliche Strahlen, diese satte Farbe, die es so einzigartig macht, so besonders. L\u00e4chelnd greife ich wieder nach dem Griff vor mir auf dem Tisch und betrachte das schon leicht angetrocknete Blut auf der blanken Klinge. Es muss frisch sein\u2026Langsam hebe ich das Messer zu meinem Arm und mache einen zweiten Schnitt.",
            "wordcount": "415",
            "chapter_release": "30.03.2016",
            "chapter_number": "7"
        }
    },
    "title": "Der Horror dieser Welt",
    "topic": "unspecified",
    "release": "\n22.07.2014\n\t\t\t\t\t\t",
    "author": "NicoLisort"
}