{
    "tags": [],
    "chapcount": "10",
    "wordcount": "11.825",
    "chapters": {
        "1": {
            "text": "Die Gl\u00e4ser klirrten und einige Tropfen spritzen hinaus und landeten auf dem Parkettboden in Keiths Zimmer. \"Jetzt sind wir alle erwachsen!\" lachte Jason und kippte das ganze Glas mit hellgr\u00fcnem Sekt darin in seinen Rachen. Kurz stie\u00df er auf, doch Jolina trat ihm auf die F\u00fc\u00dfe und sah ihn mit einem b\u00f6sen Blick an. 7 Jahre sind seit dem Sommer vergangen, den die Gruppe nur noch den \"Horrorsommer\" nennt. Seit dem gab es viele ungekl\u00e4rte Fragen, die aber nie einer stellte um diesen Sommer m\u00f6glichst zu vergessen. Doch jeder von ihnen hatte diese eine Frage im inneren: Was war das? \"Und trotzdem wohnst du noch bei deiner Mutter.\" lachte Scott und klopfte Keith lachend auf die Schulter. Seit den fr\u00fchen Morgenstunden war Jasons beste Freund stock betrunken und machte das, was er betrunken am besten konnte: Sich \u00fcber andere lustig machen. Helen stand immer ein bisschen abseits von ihm und entschuldigte sich f\u00fcr jede Dummheit die ihr Freund so angestellte. \"Haben wir noch eine Flasche?\" lallte Scott etwas und torkelte durch den Raum auf der Suche nach weiterem Alkohol. Das er sich dabei fast im Kreis drehte, merkte er nicht, doch seine Freunde lachten so laut, dass er sich umdrehte und auf dem Teppich ausrutsche. Benommen brauchte er einige Sekunden um sich zu fangen. Die Stimmung war ausgelassen und nichts wies mehr darauf hin, dass vor einigen Jahren 6 Jugendliche den Horror ihres Lebens erlebt haben. Nach dem Jason und Scott wieder zur\u00fcck waren, fuhr man so fort wie immer. Ausschlafen, sich treffen um zu trinken, rauchen und zu kiffen, um sp\u00e4t Abends irgendeine Studentenparty zu st\u00fcrmen und jeden Tropfen Alkohol zu trinken. Bis auf das, dass Scott und Helen nun zusammen waren, genau wie Jolina und Jason. Und nat\u00fcrlich noch mit 2 mehr oder wenigen neuen, besten Freunden. Keith erwies sich als Komiker in der Gruppe und l\u00f6ste jede traurige Sekunde mit einem Witz. Little R war der Gruppe einfach ans Herz gewachsen. Er war wie ein gro\u00dfes Baby, das die Welt erkunden wollte. Partys waren f\u00fcr ihn reiner Wahnsinn. Einmal st\u00fcrmte Little R aufgeregt auf Jason und Scott zu um ihnen v\u00f6llig schockiert zu erz\u00e4hlen, dass sich auf dem Klo gerade zwei Partyg\u00e4ste gerade MDMA Pillen einwarfen. Was f\u00fcr die beiden Freunde ganz normal war, war f\u00fcr Little R schockierend und danach war es f\u00fcr ihn erstmal ein halbes Jahr mit Partys und Feiern. Es klopfte an der T\u00fcr und kurz danach ging sie auf. Die T\u00fcr knallte gegen den am Boden liegenden Scott und Little R stand im T\u00fcrrahmen. Mit einem skeptischen Blick sah er auf Scott und dann zur Gruppe. \"Alles so wie immer also.\" sagte er und jeder von ihnen nickte. Little R hatte sich ver\u00e4ndert und \u00e4u\u00dferlich war er nicht mehr der selbe wie vor 7 Jahren. Aus dem d\u00fcnnen Riesen war nun ein braungebrannter, durchtrainierter Bodybuilder geworden, der im inneren aber immer noch so war, wie vor 7 Jahren. \"R. Sch\u00f6n das du es geschafft hast.\" begr\u00fc\u00dfte Keith ihn, trat \u00fcber Scott und schlug mit seinem besten Freund ein. \"Alles gute zum Geburtstag.\" l\u00e4chelte er und gab Keith eine Flasche mit Whisky darin. Schnell la\u00df er das Etikett und lachte. \"Du wei\u00dft was mir schmeckt.\" - Mit einer Handbewegung wank er ihn in den Raum, doch Little R r\u00fchrte sich nicht. Die anderen die sich mittlerweile wieder hingesetzt hatten, sahen ihn verwirrt an und der Riese wurde etwas rot um die Nase. \"Meine Freunde.. ich m\u00f6chte euch jemanden vorstellen.\" fing er an und sah nerv\u00f6s zu Boden. Es sah fast niedlich aus, wie der Schrank vor ihnen nerv\u00f6s wurde. \"Das ist Sara... meine Freundin.\" druckste er und ein M\u00e4dchen trat hinter ihm hervor. Sie war vielleicht \u0001 \u0002 gro\u00df, hatte helle Haut, rote Haare und graue Augen. Mit einem herzerw\u00e4rmenden L\u00e4cheln l\u00e4chelte sie die Gruppe an und reichte Keith die Hand. \"Alles gute zum Geburtstag..\", \"Keith.\", \"Keith!\" - beide lachten und Little R schloss die T\u00fcr und deutete auf einen freien Platz. Bevor sie einen Schritt machen konnte, stolperte sie fast \u00fcber Scott, der allem Anschein nach eingeschlafen war. Helen sch\u00fcttelte den Kopf und vergrub ihn in Jolinas Schulter. Alle sa\u00dfen nun auf den 3 Sofas und leise erklang Musik aus den Boxen in den Ecken des Zimmers. Mittlerweile waren wieder die Gl\u00e4ser voll und jeder hatte einen gewissen Pegel. Jason sah st\u00e4ndig auf Sara und einige male hatten sie Augenkontakt. Dann l\u00e4chelte sie ihn immer an und Jason sah hastig weg, um nicht rot zu werden. \"Sie ist gar nicht so h\u00fcbsch. Das ist nur der Alkohol.\" versuche er sich einzureden, doch es die Chance das es klappte, war etwa so gering wie der Blut, Alkohol Anteil in Scotts Blut. \"Wie viel.. Wie viel... Vielwie Uhr haben wir?\" lallte Keith und stellte die n\u00e4chste leere Whisky Flasche auf die Kommode neben seinem Bett. \"20... 16..\" antwortete Jason und versuche sein Handy wieder auszubekommen, doch als er daran scheiterte nahm Jolina sein Handy, dr\u00fcckte auf den Ausknopf und steckte es in ihre Tasche. \"Das k\u00f6nnen deine Eltern morgen im Sekretariat abholen.\" imitierte sie eine Lehrerin und steckte es in ihre Handtasche. \"Kommt ihr zwei mit in die Halle?\" fragte sie dann und sah Little R und Sara an. Diese sah unsicher zu Little R, der nur nickte. \"Da war ich das letzte mal vor... lass es 7 Jahre sein.\" versuchte er sich zu erinnern und sch\u00fcttelte anschlie\u00dfend mit dem Kopf. \"Keine Ahnung. Auf jeden Fall haben wir uns dort kennengelernt..\" fing er an, doch wurde von einer Geste unterbrochen, die jeder von ihnen kannte. \"Die Handseite \u00fcber den Hals\" hie\u00df, dass es etwas mit dem Horrorsommer zutun hatte und deshalb nicht erw\u00e4hnt werden durfte, da Dritte anwesend waren. \"Was?\" fragte sie und sah verdutzt zu Jason, der diese Geste machte. \"Nichts. Nur... Nichts.\" versuchte er sich heraus zu reden, doch scheiterte daran. Ihre vollen, roten Lippen verzogen sich zu einem skeptischen, gespielten Grinsen. Selbst dieses sah unglaublich s\u00fc\u00df aus und Jason musste sich wiedermal bem\u00fchen sich nichts anmerken zu lassen. \"Wecken wir erstmal meinen Freund auf..\" st\u00f6hnte Helen genervt, stand auf, schnappte sich eine Wasserflasche, \u00f6ffnete sie und kippte den gesamten Inhalt \u00fcber das Gesicht des schlafenden Dornr\u00f6schen. \"Was.. Was.. Was?!\" erschrak Scott als \u0001 \u0002 Liter kaltes Wasser \u00fcber sein Gesicht flossen. \"Wach auf.\" sagte Helen stumm als das Wasser weiter aus der Flasche str\u00f6mte. \"Ja bitte. Setz mein Zimmer unter Wasser...\" warf Keith von der Couch ein und versuchte aufzustehen, was ihm aber nicht gelang. Wie ausgen\u00fcchtert sprang Scott auf und sch\u00fcttelte sich. Ein b\u00f6ser Blick traf Helen und diese verschrenkte ihre Arme und sah ihn mit dem selben Blick an. \"Scott.\" stellte er sich Sara vor und hielt ihr die Hand hin. Langsam griff sie zu dieser und sch\u00fcttelte sie leicht. \"Scott ist der Komische aus unserem Freundeskreis.\" fl\u00fcsterte Little R extra deutlich, dass es Scott h\u00f6ren konnte. Jener sah ihn einfach nur kopfsch\u00fcttelnd an und lies die Hand seiner Freundin los. \"Dann los..\" fing Keith an, der es mittlerweile geschafft hatte aufzustehen und semi-erfolgreich versuchte seine Jacke anzuziehen. Jason sah auf die gro\u00dfe Uhr die an Keiths Wand hing und dann wieder zu Sara. Ein Gef\u00fchl das er seit 7 Jahren nicht mehr f\u00fchlte, erf\u00fcllte sein K\u00f6rper. Doch es war kein sch\u00f6nes Gef\u00fchl. Es war ein Gef\u00fchl von Unwohlsein und Nervosit\u00e4t. Doch schnell versuchte er das Gef\u00fchl mit den letzten Tropfen Rotwein herunter zu sp\u00fclen.",
            "wordcount": "1.286",
            "chapter_release": "19.02.2020",
            "chapter_number": "1"
        },
        "10": {
            "text": "Hey, Hey, Hey, \u0001 \u0002 hab diese Geschichte f\u00fcrs erste Ruhen lassen, da mir weder etwas eingefallen ist oder ich die Motivation hatte weiter zu schreiben. Jetzt, einige Monate sp\u00e4ter bin ich zu dem Entschluss gekommen, mich von dieser Seite zu verabschieden und mein Gl\u00fcck auf einer anderen Seite zu versuchen. Dies ist eine Fanfiction Seite und keine Seite f\u00fcr Horror, Mystery oder Thriller B\u00fccher, so wie ich sie gerne schreiben \u0001 \u0002 \"Der Wald der Puppen\" Reihe war mein erster, \u00f6ffentlicher Versuch an einer Horrorgeschichte und ich muss sagen, dass sie trotz das sie nicht perfekt ist, dennoch sehr gelungen ist. Aber nun ist der Zeitpunkt gekommen an dem ich mich \u00f6ffentlich von dieser Seite verabschiede. Es hat sehr viel Spa\u00df gemacht hier zu schreiben und zu Lesen. Die Community war immer herzlich und freundlich, was andere Seiten nicht von sich behaupten k\u00f6nnen. Ich hab mich hier stehts wohl gef\u00fchlt und daf\u00fcr m\u00f6chte ich mich \u0001 \u0002 beiden Geschichten werden noch online bleiben, aber nicht weiter gef\u00fchrt. Wenn ihr weiter Horror und Mystery Romane wollt, dann schaut doch mal auf meinem Wattpad vorbeihttps://\u0001 \u0002.com/user/AR1ESTAIch w\u00fcnsche euch noch einen sch\u00f6nen Tag und danke f\u00fcr \u0001 \u0002 letzten mal. Euer ARESTA",
            "wordcount": "208",
            "chapter_release": "23.07.2020",
            "chapter_number": "10"
        },
        "2": {
            "text": "\"Wie damals.\" grinste Keith und atmete tief durch. Z\u00f6gernd tat Jason es ihm gleich und der Gestank von Gras, Alkohol, Schwei\u00df, Zigarettenrauch, billig Deo und Kotze erf\u00fcllte seine Nase und brachte ihn zum husten. Ihm war gar nicht aufgefallen, dass er seit 7 Jahren nie wieder in der Halle war. Gut, es lag wahrscheinlich mehr daran das zwei Tage sp\u00e4ter eine neue \"Partyhalle\" direkt neben der Tanke er\u00f6ffnete, als an den Paranormalen Ereignissen, aber nach dem irgendein Besoffener im \"Party - Paradies\" s\u00e4mtliche Wasser und Stromleitungen demolierte, wichen eben alle in die Halle aus. Jason lief in die gro\u00dfe Halle und sah sich um. Alles sah 1:1 genauso aus, wie vor 7 Jahren. Die Bar hatte sich nicht ver\u00e4ndert, die Boxen sahen immer noch so aus, als w\u00fcrden sie bei der n\u00e4chsten Kick auseinander fallen und es lag immer noch der ekelhafte Gestank in der Luft. \"Da kommen Erinnerungen hoch.\" rief Scott und stellte sich neben Jason. Kurz sah er zu ihm r\u00fcber und ersp\u00e4hte einen Becher mit einer orangenen Fl\u00fcssigkeit darin. \"Wodka - E?\" fragte Jason grinsend und stie\u00df ihm in die Schulter. \"Ja. Vor der T\u00fcr verteilt die einer. 2$ pro Becher und nicht f\u00fcr \u0001 \u0002$ wie hier.\" antwortete er und nahm einen gro\u00dfen Schluck von seiner Mische. Jason schnaubte lachend und \u00fcberlegte. Keith hatte seine Privilegien verloren weil er Gott wei\u00df was getan hatte. Deshalb bekam er wohl auch nichts mehr kostenlos. Jason kramte in seiner Tasche und zog einen 50$ Schein. \"Bin gleich wieder da.\" sagte er und klopfte ihm kurz auf die Schulter. Dann quetschte er sich durch die Menschenmasse die die Doppelt\u00fcr blockierten. \"Wichser..\" dachter sich als er in dem fast leeren Flur stand. Au\u00dfer ihm lag nur noch ein vollgekotzter Besoffener an einer Wand gelehnt und sein nicht weniger betrunkener Freund kniete neben ihm. \"Wenn ich in 2 Minuten zur\u00fcck komme, liegt der neben dem.\" dachte Jason und sch\u00fcttelte leicht den Kopf. Unsanft riss er die Glast\u00fcr auf und sah sich auf dem dunklen Hof um. Einige Leute standen herum und rauchten im schwachen Licht der Laternen, die notd\u00fcrftig an der Hallenwand angebracht waren. Grob riss Jason sich einen Typen zur Seite, der gerade die Halle betreten wollte. \"Wo ist der Typ der Mischen f\u00fcr 2$ verkauft?\" fragte er und der perplexe Typ deutete nur auf einen Typen, der auf einer Bank sa\u00df und zwei Sporttaschen neben sich stehen hatte. Nickend lie\u00df er ihn los, steckte seine H\u00e4nde in die Tasche und lief zu ihm hin. Auf dem kurzen Fu\u00dfweg schossen ihm Gedanken in den Kopf, die er zuletzt vor mehreren Jahren hatte. Angst, Unsicherheit und Panik fuhren durch seinen K\u00f6rper, doch blieben nicht lange. \"Das ist vorbei.\" redete sich Jason ein und kam bei dem Jungen an. Ein junger Mann sa\u00df vor ihm in einem Trainingsanzug und schwarzen Schuhen, die ziemlich abgenutzt aussahen. Mit glasigen Augen sah er ihn an und fragte:,, Was darfs sein?\" fragte er mit einem britischen Akzent. \"Was willst du f\u00fcr eine Flasche Wodka?\" fragte er genauso unsanft wie der Verk\u00e4ufer. Jason wusste wie man mit solchen Menschen zu reden hatte. Immer auf dem selben Niveau wie der Gegen\u00fcber bewegen, dann war alles in bester Ordnung. \"20$.\" antwortete der Brite stumpf und sa\u00df sich aufrecht hin. \"H\u00f6r zu. Ich geb dir 50$ und du gibst mit 3 Flaschen.\" versuchte er zu verhandeln. Jason war sich ziemlich sicher das es funktionieren w\u00fcrde, da dieser Typ einen sehr verkifften und verkoksten Eindruck machte. Kurz dachte er nach und \u00f6ffnete dann seine Sporttasche und zog drei Flaschen Billig Wodka. \"Die sind maximal 5$ Wert. Wenn \u00fcberhaupt!\" emp\u00f6rte sich Jason und sah ihn b\u00f6se an. Dieser zuckte nur mit den Schultern. \"ok.\" antwortete er gleichg\u00fcltig. Schnaubend drehte Jason sich um, um wieder in die Halle zu gehen, doch pl\u00f6tzlich ert\u00f6nte hinter ihm eine Stimme. \"Sch\u00f6n das wir uns wieder gesehen haben.\" - Kreidebleich drehte Jason sich langsam um, doch sah nur den Typen der rauchend auf der Bank sa\u00df. \"Was hast du gesagt?\" fragte er mit zittriger Stimme, doch der Brite zuckte nur mit den Achseln. \"Spast.\" murmelte Jason, obwohl er wusste, dass es nicht seine Stimme gewesen war. Doch es konnte auch nicht die Stimme sein, die er dachte das es sie war. Doch nicht jetzt! Nicht nach 7 Jahren. Vielleicht nur Einbildung? Er hatte ja schon Ordentlich was intus. Daran musste es liegen! \"Uff.. das war knapp.\" lachte Jason ein M\u00e4dchen an. \"Sara!\" dachte er und wurde augenblicklich rot. Er wurde mindestens genauso rot wie ihre Lippen die ihn immer noch anl\u00e4chelten. \"Ja.. tut mir leid. Ich war gerade.. ich mein ich bin etwas.. ver.. betrunken.\" stammelte Jason und sah auf den Boden um ihr nicht auf die Br\u00fcste oder in die Augen zu schauen. Kurz kicherte sie und er dachte schon, dass sie einfach weiter gehen w\u00fcrde und ihn in ruhe lassen w\u00fcrde, doch pl\u00f6tzlich fing sie an Smalltalk zu f\u00fchren. \"Jason? Richtig?\" l\u00e4chelte sie und Jason sah das erste mal hoch. Sein Herz schlug augenblicklich h\u00f6her als er ihr bildh\u00fcbsches Gesicht betrachtete. \"Ja.. Sara, oder?\" erwiderte er die Frage. \"Sara Kochanski.\" stellte sie sich mit ihrem gesamten Namen vor. \"Jason Miller.\" tat Jason es ihr gleich. Kurz l\u00e4chelten sie sich an. \"Bist du Russin?\" fragte Jason um keine peinliche Stille entstehen zu lassen. \"Halb Amerikanerin, Halb Polin. Aber ich bin hier geboren.\" beantwortete sie seine Frage und nahm einen Schluck aus ihrem Becher, den sie die ganze Zeit in ihrer Hand hielt. \"Mein erster Kuss war mit einer Polin.\" platzte es aus Jason heraus und direkt nach dem diese Worte seinen Mund verlie\u00dfen, bereute er seine Frage. \"WAS MACHST DU DA?!\" schrie er sich innerlich an und wollte am liebsten wieder verschwinden. \"Hihi.\" kicherte sie unheimlich s\u00fc\u00df, sodass Jason fast seine 3 Flaschen fallen lie\u00df, doch er konnte sich beherrschen. \"Und? War es gut?\" fragte sie grinsend und nahm einen weiteren Schluck aus ihrem Becher. \"Naja. Ja. War... ja.\" stammelte er weiter. \"Da bist du ja.\" ert\u00f6nte pl\u00f6tzlich Little R's Stimme und der Riese tauchte hinter seiner Freundin auf. \"Ah. Und? Versteht ihr euch?\" fragte er als er auch noch Jason erblickte. \"Sehr gut sogar. Jason hat mir gerade von seinem ersten Kuss erz\u00e4hlt.\" lachte sie ihren Freund an und Jason h\u00e4tte ihr f\u00fcr diesen Satz am Liebsten die Stimmb\u00e4nder herausgerissenen, wenn dadurch nicht ihre wundervolle Stimme verschwinden w\u00fcrde. \"Ach der Kuss mit dieser Polin, als Jason w\u00e4hrend dem Kuss einen St\u00e4nder bekommen hat und seine ihre ganze Klasse es gesehen hat?\" lachte er und schlug Jason auf die Schulter, der ihn nur mit einem genervten Blick ansah. \"Komm doch auch runter. Der DJ spielt gleich unseren Song.\" lachte Little R immer noch und tippte auf seine Uhr. \"Ja.. ich komm.\" antwortete Jason immer noch mit einem genervten Blick. \"FUCK!\" schrie Jason und donnerte eine der 3 Flaschen gegen die Wand im Klo. Gott sei Dank war er alleine, denn ansonsten w\u00fcrde ihn der demotivierte, fette, schmierige Security Mann rausschmei\u00dfen. Er sah in den Spiegel und sah sich in die Augen. Dann \u00f6ffnete eine der nun 2 Flaschen und direkt stieg ihm der Geruch von Billig Wodka in die Nase. \"Hm.. da riecht man richtig das sich sch\u00f6n wenig M\u00fche gegeben wurde.\" dachte er sich, hielt sich die Nase zu und trank, trank und trank. Er setzte ab, w\u00fcrgte und sch\u00fcttete den Rest weg. \"Jason.\" ert\u00f6nte die Stimme wieder und reflexartig entfernte er sich vom Spiegel. \"Ich bin wieder da.\" sagte sie fr\u00f6hlich und sie klang so, als w\u00e4re sie \u00fcberall. \"Wo bist du?\" fragte Jason als der Alkohol anfing seine Wirkung zu entfalten. \"In Freiheit.\" antwortete sie promt. Benebelt dachte er nach und erinnerte sich an das, was Jolina vor Jahren zu ihm gesagt hatte: \"Es war f\u00fcr dich und Scott.\". \"Verdammt! Wieso hat sie das nur getan?\" \u00e4rgerte er sich. \"Was willst du?\" pampte er in den Raum und fing langsam an sich um zu sehen. Doch sie antwortete nicht mehr. \"HEY! Ich rede mit dir!\" schrie er lauter. \"ANTWORTE MIR!\" schrie er lauter. \u00c4chzend fiel er aus dem Bad in den Flur der Halle. Wie erwartet lagen nun die beiden Besoffenen im Eck. Jason sah in die andere Richtung und erschrak. Eine gro\u00dfe, d\u00fcrre Gestalt stand wenige Meter von ihm entfernt. Sie trug einen alten Hut und einen zerschlissenen Anzug und grinste ihn an. Von einem Ohr zum anderen. Langsam schritt sie auf ihn zu. Ein wackeliger, aber bedrohlicher Schritt nach dem n\u00e4chsten bef\u00f6rderte die Gestalt auf Jason zu. Dann war sie weg. Hastig sah er sich um, doch die ohnm\u00e4chtigen Besoffenen waren wie eh und je an der selben Stelle und alles war wie vorher. Dann knallte der Alkohol richtig und um Jason wurde es schwarz. Er sp\u00fcrte nur noch wie er dumpf auf dem Boden aufkam.",
            "wordcount": "1.559",
            "chapter_release": "22.02.2020",
            "chapter_number": "2"
        },
        "3": {
            "text": "\"Na? Gut geschlafen?\" grinste das Gesicht seines besten Freundes ihn an. Langsam \u00f6ffnete Jason seine Augen ganz drehte seinen Kopf zur Seite, da ihn die Sonne blendete, die durch das Balkonfenster schien. \"Fick dich..\" st\u00f6hnte Jason leise und schloss die Augen wieder bevor er seinen Kopf in sein Kopfkissen presste. \"3 Flaschen?\" ert\u00f6nte die Stimme seiner Freundin aus dem nichts. Blitzschnell richtete er sich auf und sah in das genervte Gesicht seiner Freundin. \"Woher wei\u00dft.. ich meine: Nein.\" versuchte er sich zu retten. \"Ich hab keinen Kater.\" f\u00fcgte er hinzu und sprang aus dem Bett. Jolina und Scott nickten sich zu und jetzt erst sah Jason auf die Uhr und sah dann wieder zu Jolina und Scott. \"Wie lange hab ich geschlafen?\" fragte er st\u00f6hnend und lies sich auf seine Bettkante fallen. \"Naja.. Um 2:00 Uhr bist du zu uns gekommen und hast gesagt du besuchst noch einen alten Freund. Also keine Ahnung wann du wieder zur\u00fcck gekommen bist.\" antwortete Jolina und zuckte mit den Schultern. \"Was? Ich bin um kurz nach Mitternacht stockbesoffen im Flur eingeknickt!\" entgegnete er und sah beide abwechselnd an. \"Stock besoffen? Du warst vollkommen n\u00fcchtern als du zu uns gekommen bist?\" entgegnete Scott und sah ihn mit einem Gesichtsausdruck an, der ihm sagte, dass er verr\u00fcckt war. War er vielleicht im vollsuff irgendwohin gelaufen? Zumindest konnte er sich an alles erinnern bis.. \"Nein...\" fl\u00fcsterte Jason und Panik stieg in seinem Gesicht auf. \"Alles okay mir dir Baby?\" fragte Jolina pl\u00f6tzlich besorgt und nahm Jasons H\u00e4nde. \"Wo.. Wo sind meine Schuhe?\" fragte er panisch, riss sich los und sah sich im Raum um. Hinter einem Haufen Flaschen fand er seine vollkommen verdreckten Schuhe und schluckte. Am Vorabend waren sie noch einwandfrei sauber. Er drehte sie und betrachtete den Dreck. Sand und Kies steckte in den Zwischenr\u00e4umen seiner Schuhe. An keinem anderen Ort gab es diese Kombination so wie am Silent Lake. \"Was ist denn?\" fragte Scott und lief auf ihn zu. \"Nichts.. ich hab eigentlich nur gehofft das meine Schuhe immer noch sauber w\u00e4ren, was ja wohl nicht so ist.\" log er instinktiv. Er w\u00fcrde sie nicht mit hineinziehen wollen. Ein zweites mal wollte er es ihnen nicht antun. Ein Sommer war genug. \"Wo warst du gestern noch?\" fragte Helen Jason als er mit Jolina und Scott in Helens Garten einbogen. Eigentlich war es kein Garten sondern das Paradies zum entspannen. Obwohl es erst mitten im Fr\u00fchling war, war es unfassbar warm und daher war der Garten perfekt. Die Hecke verdeckte den ganzen Garten vor der Au\u00dfenwelt und auf den Platten konnte man perfekt Shisha rauchen, grillen und gelegentlich auch mit der Freundin Sex haben, wenn kein anderer anwesend war. \"Ach. Einen Freund besuchen.\" log er weiter und setzte sich auf einen Gartenstuhl und sah sich um. Little R und seine Freundin waren auch da, was ihn nicht gerade freute in Anbetracht der peinlichen Konversation von gestern Nacht. Kurz strubbelte er sich durch seine braunen Locken und sah dann auf den Gartentisch. \"Haben wir auch was anderes da als Fr\u00fcchte?\" fragte Jason und lehnte sich zur\u00fcck. \"Du trinkst und rauchst genug. Tu doch mal was gutes f\u00fcr deinen K\u00f6rper.\" lachte Jolina als sie um ihn rum lief, ihm einen Kuss gab und sich neben ihn setzte. \"Du machst doch normalerweise das gute f\u00fcr meinen K\u00f6rper.\" grinste Jason und nahm sich ein St\u00fcck Wassermelone. Stille und alle sahen ihn an. \"Ja.\" antwortete er und Helen sch\u00fcttelte grinsend den Kopf. \"Wohin gehen wir heute Abend?\" fragte Little R, der die ganze Zeit \u00fcber Still gewesen war. \"Nochmal irgendwo hin?\" fragte Scott entnervt und sah hilfesuchend zu Helen. Doch sie beachtete ihn keine Sekunde. \"Also weil Sara ja jetzt auch zu uns geh\u00f6rt.. kann sie ja etwas vorschlagen.\" schlug Jolina vor und biss in eine Banane. Sara wurde augenblicklich rot als alle Blicke auf sie gerichtet waren. \"Ach. Was ich gerne mach.. gef\u00e4llt euch nicht.\" stammelte sie rot und r\u00fcckte n\u00e4her an Little R ran. \"Sag zwei Sachen und wir stimmen ab.\" l\u00e4chelte er und sah zu den anderen. \"Naja.. also ich f\u00e4nde eine Nachtwanderung durch den Wald ganz spannend... oder Eislaufen.\" schlug sie vor und sah in stumme Gesichter. \"Hey.. wir gehen Eislaufen!\" lachte Scott und pustete den Rauch einer Zigarette aus, die er sich gerade angez\u00fcndet hatte. Jason stand auf. \"Ich schau ob du was richtiges zu Essen hast.\" schnaubte er und betrat das Haus durch die Glast\u00fcr. Ein ungutes Gef\u00fchl \u00fcberfiel ihn als er in die K\u00fcche lief. Pl\u00f6tzlich f\u00fchlte er sich beobachtet und w\u00fcrde am liebsten wieder nach drau\u00dfen gehen. \"Das ist unsinnig.. \" dachte er als er die Schr\u00e4nke nach etwas S\u00fc\u00dfen durchschaute. Er \u00f6ffnete eine Schrankt\u00fcr und sp\u00fcrte pl\u00f6tzlich ein kaltes Atmen in seinem Nacken. Dann stieg der Gestank von verrottendem Fleisch in die Nase. Jason vereiste und konnte keinem Muskel mehr bewegen. \"War es nur Einbildung?\" dachte er und hielt die Luft an. Nein war es nicht. Das Atmen war immer noch da und es wurde schwerer. Irgendjemand oder Irgendetwas stand hinter ihm. Sollte er sich umdrehen? Sollte er schreien? Fragen \u00fcber Fragen rasten durch sein Kopf. Seine Knie wurden weicher und von seiner Stirn tropfte Angstschwei\u00df. Seine Blicke bohrten sich formlich in seinen K\u00f6rper und jede Sekunde schmerzte in seinem ganzen K\u00f6rper. Seine Verstand schrie ihn an zu rennen, doch seine Muskeln weigerten sich. Kurz bevor er dachte, dass er vor Aufregung ohnm\u00e4chtig werden w\u00fcrde..\"Jason? Alles ok?\" ert\u00f6nte eine weibliche Stimme. \"Sara!!\" dachte er erleichtert und er konnte sich wieder bewegen. In der Sekunde in der sie den Raum betrat, verschwand die Pr\u00e4senz und alles war wie vorher. Doch seine Knie zitterten immer noch und der Angstschwei\u00df lag immer noch auf seiner Stirn. Schnell wischte er diesen mit seinem Pullover \u00c4rmel ab. \"Ja.\" antworte er knapp und lehnte sich am Schrank an, an dem er Sekunden vorher noch fast Wahnsinnig geworden w\u00e4re. Sara sah ihn skeptisch an und sah sich im Raum um. \"Und? Was gefunden?\" fragte sie ihn l\u00e4chelnd und lehnte sich gegen\u00fcber von ihm an der Arbeitsfl\u00e4che der K\u00fcche an. So wie es aussah, wollte sie eine etwas l\u00e4ngere Konversation. Irgendwie freute er sich dar\u00fcber, aber irgendwie machte ihn die ganze Situation und er wollte einfach nur raus. Aber sein Herz lie\u00df ihn nicht. \"Wohnt dein mysteri\u00f6ser Freund eigentlich im Wald?\" fragte sie und neigte den Kopf. \"Was?\" fragte Jason verwirrt und sah sich hastig um. \"Wie kommst du darauf?\" fragte er nach und seine H\u00e4nde wurden wieder schwitzig. \"Ich bin gestern von der Party nachhause gelaufen. Ich wollte gerade in meine Wohnung, da hab ich dich gesehen wie du zwischen den Weizenfeldern durch bist.\" sagte sie und sah ihn skeptisch an. Also stimmten seine schlimmsten Bef\u00fcrchtungen: Er war im Wald ohne sich zu erinnern. Anscheinend dann auch am Silent Lake. \"Und du hast nicht zuf\u00e4llig gefragt was ich da machen wollte?\" versuchte er sich mit einem Fake - Lachen zu lockern. \"Ich war zu betrunken. Das hab ich erst gemerkt nach dem ich 10 Minuten versucht hab mit einem viertel Dollar die T\u00fcr zu \u00f6ffnen.\" lachte sie. Unglaublich wie s\u00fc\u00df sie war. Jason wurde von ihrem Lachen angesteckt und scherzte mit. \"Hat es geklappt?\" lachte er. \"Der Wohnungseigent\u00fcmer hat die Polizei gerufen weil er dachte, ich w\u00e4re ein Wahnsinniger.\" lachte sie weiter und sah ihm direkt in die Augen.",
            "wordcount": "1.297",
            "chapter_release": "24.02.2020",
            "chapter_number": "3"
        },
        "4": {
            "text": "\"Was gefunden?\" g\u00e4hnte Scott als er die K\u00fcche betrat und lief zwischen Jason und Sara hindurch. \"Nein..\" schnaubte Jason und war etwas entt\u00e4uscht, dass Scott ihr Gespr\u00e4ch zu Ende gebracht hatte. \"Ich geh dann wieder raus..\" sagte Sara mit einem entt\u00e4uschten Gesichtsausdruck und verschwand hinter der Gl\u00e4sernen T\u00fcr. \"Jason! Er ist wieder da!\" platzte es aus Scott und er sah seinen Freund mit einen schockierten Gesichtsausdruck an. \"Was?\" fragte Jason halb erschrocken, halb verwirrt. \"Du wei\u00dft wer!\" zischte er ihn an und imitierte ein breites Grinsen und Jason verstand es nun zu 100%. \"Seit wann?\" fragte er ihn. \"Seit dem wir in der Halle waren.. an dem Abend hab ich gesp\u00fcrt das er zur\u00fcck war.\" erz\u00e4hlte er und sah dabei auf den Boden. \"Ich hab ihn gesehen.\" - Scott starrte ihn an und seine Pupillen weiteten sich. \"In der Halle auf dem Flur neben dem Klo. Er stand da, hatte einen kaputten Anzug an und hat gegrinst wie ein Wahnsinniger.\" f\u00fcgte er hinzu und kratzte seinen Handr\u00fccken. Dies tat er immer wenn er nerv\u00f6s wurde. \"Sollen wir es den anderen sagen?\" fragte Scott nun und biss sich auf die Unterlippe. Jason sch\u00fcttelte den Kopf. Seine Meinung hatte sich nicht ge\u00e4ndert, er w\u00fcrde die anderen nicht da hineinziehen. \"Und was sollen wir machen?\" fragte Scott wieder. Jason sagte nichts und stattdessen sahen sie sich an. \"Keith?\" fragten beide gleichzeitig und mussten grinsen. \"Ja. Aber nicht heute. Heute gehen wir dieses peinliche Eislaufen und dann machen wir das morgen.\" warf Scott noch ein bevor sie wieder in den Garten gingen. \"Ich hab euch gesagt das ich nichts hab.\" grinste Helen und Scott wuschelte einfach nur durch ihre Haare. \"Wieso machen wir da \u00fcberhaupt mit?\" maulte Keith als er wackelig auf die Eisfl\u00e4che stieg. \"Weil wir uns anscheinend l\u00e4cherlich machen m\u00fcssen um ein neues Mitglied willkommen zu hei\u00dfen.\" schnaubte Little R und rutsche langsam \u00fcber das Eis. Hinter ihm rauschte Scott mit Highspeed \u00fcber die Eisfl\u00e4che und fuchtelte wild mit den Armen. \"Schei\u00dfe! Schei\u00dfe! Schei\u00dfe!\" schrie er als er mit voller Wucht gegen das Gel\u00e4nder donnerte, zur\u00fcckfiel und mindestens 10 Meter \u00fcber das Eis im liegen rutschte. \"Wo ist eigentlich Jason?\" fragte Keith st\u00f6hnend als er sich am Gel\u00e4nder festkrallte. \"Hier..\" ert\u00f6nte Jasons Stimme auf dem Boden neben ihm. Er hatte es gar nicht erst auf die Beine geschafft. \"Schau dir die an..\" schnaubte Scott der ebenfalls am Boden lag. Alle sahen zu den M\u00e4dchen r\u00fcber, die elegant \u00fcber das Eis glitten als w\u00e4re es das normalste der Welt. \"Wie machen die das?\" fragte Little R und setzte sich auf den Boden, um nicht unkontrolliert irgendwohin zu fahren. Kurz war es still. \"Es liegt daran das sie gute Schuhe haben. Mit denen k\u00f6nnten wir das auch.\" stellte Keith unwahr fest. Alle nickten und gaben sich mit dieser Erkl\u00e4rung zufrieden. Jason sah lange nicht mehr auf seine Freundin und ihre Freundinnen, sondern auf einen Mann, der im Schatten eines dicken Balkens stand und ihn direkt anzustarren zu schien. Erst dachte er, es w\u00e4re nur Einbildung, doch als er sich langsam aufrappelte und den Blick nicht von diesem Mann ablie\u00df, wurde er skeptisch. \"Scott?\" fragte er ohne den Mann aus den Augen zu lassen. Langsam zog sich Scott \u00fcber den Boden und stand nun wackelig neben Jason. \"Siehst du diesen Mann auch?\" fl\u00fcsterte er zu ihm und deutete in dessen Richtung. Scott nickte langsam und durch ihre jahrelange Freundschaft die eigentlich eine Bruderschaft war, merkte Jason, dass in Scotts Gedanken gerade alles explodierte. \"Was ist los?\" fragte er. \"Nichts.. nur.. das ist nicht die Gestalt.\" antwortete er. Jason dachte nach. Sein Freund hatte recht. Das war nicht diese riesige Puppe, die ihn in manchen N\u00e4chten im Traum terrorisierte und jagte. Das war nicht die Puppe die vor wenigen Stunden noch einige Zentimeter hinter ihm stand. Es war etwas anderes, aber keine Puppe und kein Mensch. \"Ich kenn ihn irgendwoher..\" murmelte Scott. \"Was?\" zischte Jason, wollte einen Schritt nach vorne machen doch rutschte mit voller Energie nach vorne und knallte auf den Boden. Ihn und Scott trennten nun 15 Meter und er konnte ihn gar nicht mehr verstehen. Als Jason sich umdrehte, drehte sich auch der Kopf dieses Mannes zu ihm und nickte ihm zu. Nach dem Motto \"Wir sehen uns\". Dann verschwand sie im nichts. \"Nur schwarz. Das Gesicht, die Figur, einfach alles war von dem Schatten bedeckt.\" schilderte Jason Little R und Keith ihre Sichtung. Alle 4 hatten ihre Schlittschuhe ausgezogen und sa\u00dfen im Cafe der Eislaufarena und tranken Bier f\u00fcr 5$ das Glas. \"Arschloch Verk\u00e4ufer! Mimimi.. hier drin ist rauchen verboten. Fick dich und dein Rauchverbot du Hund.\" \u00e4rgerte sich Scott und setzte sich mit 4 Biergl\u00e4sern in beiden H\u00e4nden an den Tisch. \"Oh du hast f\u00fcr uns alle Bier mitgebracht? Danke.\" l\u00e4chelte Keith, wollte gerade nach einem Glas greifen, da schlug Scott ihm mit voller Wucht auf die Finger. \"Nein hab ich nicht.\" sagte er trocken und begann das Erste deiner 4 Gl\u00e4ser zu trinken. Kopfsch\u00fcttelnd drehte Keith sich wieder zu Jason. \"Unter dem Balken war aber niemand als wir nachgeschaut haben.\" beendete er seine Erz\u00e4hlung. \"Genau. Aber dieser Mann kam mir unheimlich vertrau vor.\" warf Scott ein und knallte das Erste leere Bierglas auf den Tisch. \"Alter?! Das war ein Liter!\" schrie Little R schockiert und Scott wischte sich den Schaum vom Mund ab. \"Dann hab ich ja noch 3 Liter vor mir.\" lachte er und setzte das zweite Glas an. \"Lass den Mann sein Bier trinken, R.\" lenkte Keith seinen Freund von Scott ab. Dieser sch\u00fcttelte den Kopf und zog etwas aus seiner Jackentasche, dass Jason, Keith und Scott seit Jahren nicht mehr gesehen hatten. Das Notizbuch, dass ihnen vor 7 Jahren quasi den Arsch gerettet hat. Er bl\u00e4tterte wild darin rum und blieb auf einer Seite stehen. \"Vertraut hast du gesagt?\" fragte er ohne Scott anzusehen. \"Ehm.. ja.\" antwortete er etwas perplex. \"Und zugenickt. Also auch vertraut.\" - Er deutete in Jasons Richtung, doch verfehlte ihn um einige Meter, da er immer noch in sein Buch sah. \"Das wird es sein.\" sagte er dann erheitert nach einigen Sekunden und sah hoch. Gespannt sahen ihn die 3 an und warteten nur darauf, dass er es aussprach. \"Ich wei\u00df es nicht.\" wurde Little R ernst und klappte sein Buch zu und steckte es wieder ein. Ern\u00fcchtert lehnten sich die 3 wieder zur\u00fcck. Scott st\u00f6hnte und knallte das letzte Bierglas auf den Tisch und r\u00fclpste unglaublich laut. Hastig sah sich Scott um und lallte im sehr lauten Fl\u00fcsterton \"Isch geh mir noch nnnn.. Bierschen holen.\" Dann stand er auf, warf 2 St\u00fche hinter ihm um und wankte zur Bar. \"Herr Ober.. 9 Bier.\" h\u00f6rte Jason nur noch, dann wendete er sich wieder Keith und Little R zu. \"Wir wollten es euch eigentlich erst morgen sagen.. aber..\", \"Die Puppe ist wieder da. Wir wissen.\" beendete Keith seinen Satz. \"Was? Woher..\" wollte Jason fragen, doch Little R fiel ihm ins Wort. \"Bruder.. wir haben sie beschworen.\" grinste er breit, als w\u00e4re es etwas gutes. Streng gesehen war es das ja auch. Wenn Little R und Keith sie nicht aus ihrem Verlie\u00df befreit h\u00e4tten, w\u00e4ren Scott und er wohl f\u00fcr immer in seinem Besitz. \"Seit wann?\" fragte er weiter und lehnte sich wieder vor und st\u00fctze sich auf dem Tisch ab. \"L\u00e4nger als du denkst. Wir konnten sie immer gut von euch fernhalten. Aber mittlerweile st\u00f6ren sie das ganze Salz, die ganzen Kreuze und Silberm\u00fcnzen nicht mehr.\" - \"Warum zum fick l\u00e4cheln sie so?\" fragte sich Jason innerlich. \"Wie lange?!\" zischte er nun lauter. \"4 Jahre.\" schrie Little R durch das ganze Cafe und donnerte seine Muskul\u00f6se Faust auf den Tisch und ein leichtes Knacken erklang. Langsam zog er seine Hand weg und betrachtete die 4 zerbrochenen Bretter aus denen der Tisch bestand. Er legte eine Speisekarte dar\u00fcber und grinste. \"Wird schon keiner sehen..\" kicherte er. Jason nickte und betrachtete den riesigen Riss den man dennoch erkennen konnte. \"Also wussten es alle au\u00dfer ich und Scott?\" zischte er. Keith wurde augenblicklich ernst. \"Nein. Nur wir 4 Jungs. Wehe eine der M\u00e4dchen bekommt das mit! Dann ist die H\u00f6lle los! Und bei Sara besonders!\" zischte er und sah Jason mit einem Killerblick an. Das tat er \u00f6fters, doch jetzt kam es zum ersten mal so r\u00fcber, als w\u00e4re das sein ernst. \"H\u00f6r zu Jason. Diesmal wird es anders. Schlimmer als vorher! Zu zwei schaffen wir das nicht. Wir brauchen dich und Scott.\" f\u00fcgte er mit ernstem Blick hinzu. Jason blickte \u00fcber Keiths Schulter zu Scott, der gerade besoffen mit dem Verk\u00e4ufer diskutierte. Er nickte. \"Gut. Danke.\" sagte er und hielt ihm die Hand hin. Was sollte das Getue? Sie waren doch Freunde. Warum auf einmal so distanziert.",
            "wordcount": "1.560",
            "chapter_release": "27.02.2020",
            "chapter_number": "4"
        },
        "5": {
            "text": "\"Warum wart ihr nicht auf der Eisfl\u00e4che?\" l\u00e4chelte Jolina au\u00dfer Puste als sie auf Jason, Little R und Keith zu lief. Im Schlepptau hatte sie Helen und Sara, die genau wie sie komplett au\u00dfer Atmen waren. \"Weil ich Schlittschuh laufen hasse.\" schnaubte Little R und wollte gerade auf den Tisch schlagen, doch in letzter Sekunde beherrschte er sich und zog seine Hand wieder zur\u00fcck. Helen lies ihren Blick \u00fcber die leeren Biergl\u00e4ser schweifen und sah Jason an. \"Wenigstens habt ihr nicht \u00fcbertrieben.\" zuckte sie unwissend mit den Schultern. \"Das sind alles Scott seine.\" grinste Keith schadenfroh und sah in Helens Gesicht, das immer r\u00f6ter vor Wut wurde. Wie gerufen torkelte Scott in diesem Moment zu den anderen. \"NIE WIEDER EISBAHN!\" schrie er stockbesoffen und hielt dabei eine Wodkaflasche in der Hand. Unglaublich das der Barmann ihm tats\u00e4chlich noch eine Verkauft hatte. \"Scott?!\" zischte Helen fast lautlos und sah ihn mit einem Blick an, der ihn h\u00e4tte t\u00f6ten k\u00f6nnen, wenn er nicht schon die halbe Flasche getrunken hatte. \"Oh.. Helen.\" lallte er und versuchte das Gleichgewicht zu halten, was ihm auch gelang. Keith und Jason versuchten sich das Lachen zu vergleichen, Little R hingegen legte nur weiter Sachen auf den Tisch um das Loch zu verstecken. Die Stimmung war pl\u00f6tzlich angespannt und unaushaltbar. Seit Monaten trank Scott Alkohol wie Wasser und er stritt sich mit Helen regelm\u00e4\u00dfig dar\u00fcber. Auch fing ihre Beziehung am Seidenen Faden und diese Situation schien wohl der Zenit des ganzen zu sein. Gerade als jeder dachte, dass es eskaliert, atmete Helen durch, lief zur Abgabe der Schlittschuhe, gab diese ab und verschwand. \"Ist sie immer noch sauer?\" fl\u00fcsterte Scott in Jasons Richtung aber sah ihn dabei nicht an. \"Nein. Kann ich mir nicht vorstellen.\" antwortete Keith sarkastisch. Ein Wasserstrahl weckte Scott und sofort sa\u00df er kerzengerade im Bett. \"Hey das macht wirklich Spa\u00df.\" stellte Little R fest und warf die leere Wasserflasche weg. \"Wo bin ich?\" fragte Scott und rieb sich die Augen. \"Bei mir.\" sagte Little R und zog sich einen Stuhl und setzte sich mit der Lehne zu Scott auf diesen. Um ihn herum stand jeder. Jeder au\u00dfer Helen. \"Was ist denn los?\" fragte er etwas unsicherer als noch vor einigen Sekunden. \"Warum bin ich nicht in meinem Bett?\" fragte er nun endg\u00fcltig unsicher. \"Lass mich das machen.\" schaltete sich Jason ein und setzte sich neben seinen besten Freund auf die Bettkante. \"Schau mal Scott. Ich mach es schnell und schmerzlos. Helen kann nicht mehr mit dir zusammen sein. Wir haben versucht mit ihr zu reden, aber sie geht nicht mehr an ihr Handy oder macht die T\u00fcr auf.\" - Augenblicklich wurde es totenstill und eine erdr\u00fcckende Atmosph\u00e4re breitete sich im Raum aus. \"Ja. Ok. Ehm. Ja.\" stammelte Scott und versuchte cool zu bleiben, doch man sah ihm an, dass sein Herz gerade in \u0001 \u0002 Teile zersprang. \"Ja dann.. such ich mir eine Wohnung und mein Leben geht weiter.\" stammelte er weiter und stand auf und lief zum Fenster. \"Du kannst f\u00fcrs erste bei mir schlafen.\" meldete sich Jason und wollte gerade zu ihm laufen, da hielt Jolina ihn an der Schulter fest. \"Lass ihn.\" fl\u00fcsterte sie mitleidig. \"Ich mach einfach ein kleinen Spaziergang und dann w\u00fcrde ich sagen... dann gehen wir einen trinken! Wer ist dabei?\" fragte er gespielt motiviert. Es blieb still. \"Gut. Dann ruhen wir uns f\u00fcr heute erstmal aus und machen morgen dann weiter.\" stammelte er weiter und lachte dabei gespielt. W\u00e4hrend er das sagte lief er zu seiner Jacke, zog diese an und verlie\u00df lachend die Wohnung. \"SCHEISSE!\" schrie er laut schlug mit voller Wucht gegen einen Baum, lehnte sich an diesen, glitt an ihm herab und begann zu weinen. Er hatte sich im Sprint in den Wald verzogen und lehnte nun einige Meter neben der Bank, an der er immer mit Jason sa\u00df. Normalerweise w\u00fcrde er den Wald nie wieder betreten, aber in diesem Falle war es ihm egal. Es war heller Mittag und die Sonne schien warm auf ihn herab. Doch jetzt kam ihm das alles so sinnlos vor. Tr\u00e4ne nach Tr\u00e4ne rollte \u00fcber seine Wange und erst jetzt fiel ihm auf, dass er seit Jahren nicht mehr geweint hatte. Das letzte mal war wohl, als die Polizei anrief um ihm mitzuteilen, dass seine Mutter verstorben in einem Stra\u00dfengraben gefunden wurde. Da war er gerade 18 geworden. In dieser Zeit war alles was ihn noch hielt, Helen. Doch diese war jetzt weg. Also hatte er niemanden mehr. Seine Freunde waren zwar da, doch er wollte einfach alleine sein. Und so weinte und weinte er. Er weinte solang bis seine Stimme brach und sein Hals wehtat und seine Tr\u00e4nendr\u00fcsen ausgetrocknet waren. Langsam wischte er sich seine Tr\u00e4nen aus seinen hellblauen Augen und richtete seine blonden Haare und stand auf. Kurz wurde ihm schwindelig, doch dann hielt er sich an einem Baum fest. Die Trauer war weg und alles was noch da war, war Hass. Hass auf eine Person. Sich selbst. Er hasste sich so unendlich. Eigentlich war er an allem Schuld. Wenn seine er nicht auf der Welt gewesen w\u00e4re, w\u00e4re sein Vater damals nicht in den Wald gegangen und seine Mutter w\u00e4re nicht alleine und ungl\u00fccklich. Er w\u00e4re nicht duzende male Straff\u00e4llig geworden und h\u00e4tte sich so seine Zukunft versaut. Scott erkannte es. Er war das Problem. Mit Wut in den Augen sah er auf die kleine Stadt, in der er lebte. Von diesem H\u00fcgel konnte er einige Orte perfekt erkennen und vor seinem inneren Auge spielten sich Szenarios ab, die er erlebt hatte. Auf dem Spielplatz, auf dem er das erste mal gekifft hatte. Im Park, als er das erste mal einen bewaffneten Raub\u00fcberfall aus\u00fcbte und einem jungen Paar s\u00e4mtliche Wertgegenst\u00e4nde abnahm um sie zu verkaufen um sich davon Alkohol zu kaufen. Die Bar, auf dessen Klo er sich mehrere Lines Kokain legte um diesen \u00dcberall starten zu k\u00f6nnen. Er erkannte: Diese Stadt war nichts f\u00fcr ihn. \"Jason? Ich bin's.\" - Die T\u00fcr surrte und die T\u00fcr \u00f6ffnete sich und er stand in Jasons Wohnung. Die Kriese war nicht vor\u00fcber und das Deckenlicht schien ihm ins Gesicht. \"Wie geht's dir?\" fragte er und schloss die T\u00fcr. \"Gut, Gut. Ja ich hab \u00fcberlegt ob ich wieder mit Joggen anfangen soll.\" log er und betrat das Wohnzimmer in dem der Fernseher lief. \"Und?\" fragte Jason halbinteressiert. \"Ja. Ich fang morgen an.\" log er weiter und sah nach drau\u00dfen. Die Sonne ging langsam unter und dann sah er auf die Uhr. Er war mindestens 6 Stunden unterwegs. Seltsam, es f\u00fchlte sich eher an wie 30 Minuten aber wenigstens war dieser schei\u00df Tag fast vorbei. Jetzt kam der unangenehme Teil. \"Steht das Angebot mit dem hier schlafen immer noch?\" fragte er und wurde rot. Jason sch\u00fcttelte leicht den Kopf. \"Du schl\u00e4fst \u00f6fter hier als irgendwo anders. Ich hab dein Zeug ins G\u00e4stezimmer gebracht.\" lachte er und schlug mit seinem besten Freund ein. Scott konnte froh sein, so jemanden als besten Freund zu haben. Scott lag im Bett und starrte an die Decke. Langsam lies er seine Gedanken schweifen und dachte nach. Dann richtete er sich auf. \"Er kann mir helfen.\" dachte er sich und sah in Richtung Wald, wo ein riesiger Berg stand. Von diesem Floss ein Wasserfall direkt in den Silent Lake. Ein breites Grinsen zeichnete sich in Scotts Gesicht ab.",
            "wordcount": "1.279",
            "chapter_release": "03.03.2020",
            "chapter_number": "5"
        },
        "6": {
            "text": "\"Ich! Kann! Einfach! Nicht! Mehr!\" schrie Helen Jason, Jolina und Sara an. Sie sah unglaublich fertig aus. Sie trug einen Jogginganzug und sah verheult aus. Ihre blonden Haare lagen wild umher und ihre Stimme klang gebrochen. \"Alkohol hier, Alkohol da. Kokain unterm Kissen, Ecstasy hinter der Heizung!!! Ich war mit einem Junkie zusammen!\" schrie sie lauter, so dass Jason Angst bekam, die Nachbarn w\u00fcrden die Polizei rufen. Helen sowie Scott kamen seit Tagen nicht mehr nach drau\u00dfen und redeten mit niemandem mehr. Zwar merkte Jason, dass Scott diese Trennung besser verkraftete als sie, aber irgendwie hatte er ein seltsames Gef\u00fchl bei Scott. \"Es ist ja nicht so als w\u00fcrde ich ihn nicht lieben. Ich liebe ihn wie am ersten Tag.. aber ich kann nicht mehr.\" wurde sie leiser und lies sich auf dem Sofa nieder. Sara setzte sich neben sie und nahm sie in den Arm. \"Das vergeht, S\u00fc\u00dfe. Das vergeht.\" tr\u00f6stete sie ihre neue Freundin und streichelte dabei ihren Kopf. Jolina verschwand und kam mit einer Flasche Rotwein in der Hand zu Helen und hielt sie ihr hin. \"Mach es ihm doch gleich.\" grinste sie und sah sie an. Helen blickte auf Jolina, dann Sara und griff nach der Flasche. \"Ich hasse dich.\" murmelte sie grinsend, schniefte und \u00f6ffnete die Flasche. \"Keith und Little R kommen auch gleich und dann ist alles wie immer.\" redete sie ihr weiter ins Gewissen. \"Und Scott?\" fragte Helen und stellte die Flasche auf den Wohnzimmertisch. \"Jason?\" fragte Jolina und sah ihren Freund fordernd an. \"Er hat ein Date.\" seufzte er trocken und lehnte sich an die Fensterbank. Mit einem t\u00f6dlichen Blick starrte Helen ihn an, doch dieser zuckte nur mit den Schultern. \"Was?\" fragte er unwissend und sah zu Sara und Jolina die einfach nur den Kopf sch\u00fcttelten. \"10$ wenn du den machst.\" lachte Jason und sah zu Keith. Dieser stand mit einem Papierflieger im Flur an dessen Ende ein M\u00fclleimer stand. Ihn und den M\u00fclleimer trennten vielleicht 15 Meter und der Papierflieger sah sehr schlecht gebastelt aus. \"50$.\" stieg Little R in die Wette ein und schien sich sicher zu sein, dass er diesen Wurf verhauen w\u00fcrde. Kopfsch\u00fcttelnd schl\u00fcrfte er von seiner Mische und sah Keith an. Dieser wank ab, warf und langsam flog der Papierflieger in den M\u00fclleimer. Lachend sprang er in die Luft. \"Fick dich..\" fl\u00fcsterte Little R und reichte ihm einen 50$ Schein. \"Jason?\" grinste Keith \u00fcberm\u00fctig. \"20$ wenn du den nochmal machst.\" schlug er vor. Keith, der voller Hochmut war, nahm den Papierflieger, warf und verfehlte. Lachend und kein St\u00fcck \u00e4rmer lief Jason zur\u00fcck ins Wohnzimmer. \"Spast.\" dachte er sich und setzte sich neben Jolina und h\u00f6rte ins Gespr\u00e4ch rein. Scott zur gleichen Zeit...\"Ein Date.. wer bin ich denn?\" lachte Scott innerlich und stieg \u00fcber eine Wurzel, die den Weg blockierte. Scott war auf dem weg zum Silent Lake und betrat den kleinen Trampelpfad gerade als die Uhr 23:00 schlug. Nat\u00fcrlich f\u00fchlte er sich unwohl und w\u00fcrde am liebsten bei Jason im G\u00e4stezimmer sitzen und Jasons K\u00fchlschrank leeren. Doch er hatte eine Idee, einen Plan mit dem alles Bergauf gehen w\u00fcrde. Vielleicht verkaufte er damit seine Seele an eine Art Teufel, aber das war ihm mittlerweile auch egal. Unsanft kam er auf dem Boden vor dem Silent Lake auf und sah sich um. Seit 7 Jahren hatte sich auch hier nichts ver\u00e4ndert. Jeder Baum stand immer noch an seinem urspr\u00fcnglichen Punkt und es schien fast so, als w\u00e4re hier die Zeit stehen geblieben. Jetzt wo er sich den See so ansah, erkannte er erst wie sch\u00f6n er dennoch war. Das Wasser schien schwarz im Mondlicht zu schimmern und erhellte den See so hell, dass Scott keine Lampe brauchte. \"Gut.. was jetzt?\" fl\u00fcsterte Scott zu sich selbst, als er merkte das er eigentlich keine Ahnung hatte, wie er zu seinem Ziel kam. \"Ehm.. hallo?\" rief er in die Nacht und augenblicklich \u00fcberfiel ihn Gef\u00fchl, dass ihm sagte das er das vielleicht h\u00e4tte tun sollen. Doch sein Wille war st\u00e4rker als seine Vernunft und er schrie nochmal lauter:,, HALLO?!\". Das zog er 10 Minuten mehr oder weniger aktiv durch, doch am Ende lies er sich auf einem Felsen nieder und zog eine Zigarette aus einer Schachtel. In den letzten Tagen rauchte er eine Schachtel nach der anderen auf. Sein Rekord war 4 ganze Packungen, doch am Ende kotzte er sie wieder aus. Wutentbrannt fiel er besoffen durch die T\u00fcr und stand in Jasons T\u00fcr. Unterwegs kaufte er sich von seinen letzten Dollars 2 Flaschen Rotwein und exxte sie noch vor der Tankstelle leer. \"2:38 und immer noch keiner da...\" dachte er und humpelte die Treppe hoch. Ohne sich die Schuhe auszuziehen flog er in sein durchw\u00fchltes Bett und deckte sich zu. \"Was ein schei\u00df Tag.\" dachte er als seine Augen langsam schwerer wurden. Nach einigen Sekunden gelangte er so in das Reich der Tr\u00e4ume und alles um ihn herum wurde schwarz. \"Du hast mich gerufen?\" ert\u00f6nte eine Stimme in Scotts Kopf. Erschrocken fuhr er im Traum herum. Diese Stimme w\u00fcrde er unter Millionen von Stimmen erkennen da sie dieses h\u00e4mische B\u00f6se in der Stimme hatte. Obwohl sie stellenweise tief war, kr\u00e4chzte sie und gab einen tiefen Einblick in verdorbene Seele dieses Wesens. Wenn dieses \u00fcberhaupt eine Seele hatte. \"Ich hab dich gefragt ob du mich gerufen hast?\" bohrte sie weiter nach. Unglaublich. Sie klang so real. Als st\u00e4nde sie gerade vor ihm. Panisch riss er seine Augen auf und starrte in das entstellte, grinsende Gesicht des Wesens das er gesucht hatte. Er erschrak und raste vom Adrenalin getrieben an das Kopfende seines Bettes, doch die Gestalt drehte seinen Kopf nur langsam in seine Richtung. \"Ich wiederhole mich nur ungern...\" begann sie leicht gereizt. \"Du hast mich gerufen?\" fragte sie, neigte ihren Kopf und starrte ihn mit aufgerissenen Knopfaugen an. \"J-Ja..\" stammelte Scott. Unglaublich. Was hatte er nur getan. Sein Zimmer stank nach Blut und verwesendem Fleisch und ihm wurde \u00fcbel. \"Ich.. Ich brauche deine Hilfe.\" redete er weiter und versuchte nicht auf den Gestank zu achten, was nicht so einfach war. \"Meine Hilfe?\" grinste sie h\u00e4misch und legte seinen Kopf in seine normale Position, was extrem laut knackste. \"Hehe. Du strebst nach der Liebe deines Lebens, Macht, Reichtum, Rache? Ich kann dir alles geben. Ich kann dich zum m\u00e4chtigsten Menschen aller Zeiten machen. Nat\u00fcrlich gegen eine kleine Entlohnung meinerseits.\" grinste sie und rieb seine Fingerkuppen, zumindest was davon noch \u00fcbrig war, aneinander. \"Was denn?\" fragte er unsicher und entspannte seinen K\u00f6rper langsam. \"Nun ja.. das kommt ganz darauf an was du willst.\" antwortete die Gestalt. Scott dachte nach. \u00dcber sein Leben. War es das wert? Die Gestalt verlangte mit Sicherheit einen hohen Preis. Er dachte nach und kam zu einem logischen Entschluss. L\u00e4chelnd sah er zu der Puppe.",
            "wordcount": "1.190",
            "chapter_release": "06.03.2020",
            "chapter_number": "6"
        },
        "7": {
            "text": "\"Wirklich alles was ich will?\" fragte Scott und grinste die Gestalt an. \"Alles.\" antwortete sie knapp und richtete sich voll und ganz auf. Ihr Zylinder striff die Decke als die riesige Puppe mit ihrer vollen Gr\u00f6\u00dfe vor ihm stand. So bedrohlich sie auch aussah, Scott f\u00fchlte sich pl\u00f6tzlich so sicher. Dann atmete er tief durch und sah ihr direkt in die Knopfaugen. \"Ich will so sein wie du.\". Die Puppe wurde still und bewegte sich kein St\u00fcck. Stattdessen starrte sie Scott nur an und Scotts Sicherheitsgef\u00fchl verschwand sofort. \"Ist das dein Wunsch?\" fragte sie bedrohlich, aber bewegte sich immer noch nicht. \"Mein Sohn.. ich bin eine hunderttausend Jahre alte Gestalt. Ich war vor dem Wald, ich sah sovieles. Ich sah die Indianer kommen. Ich sah die Europ\u00e4er kommen und wie den Indianern das Land wegnahmen. Ich sah Kriege, Freundschaften, Liebe und Hass. Ich sah Dinge, die ihr euch nicht mal in euren k\u00fchnsten Tr\u00e4umen vorstellen k\u00f6nnt. Ich wei\u00df von der Existenz von Gestalten, die ihr euch nicht ausmalen k\u00f6nnt.\" schilderte die Gestalt, dennoch bewegte sie sich keinen Millimeter. \"Der Preis daf\u00fcr ist hoch.\" schilderte sie weiter. Scott hielt inne und sah sie an. \"Bitte beweg dich..\" dachte er, da ihn die Bewegungslosigkeit wahnsinnig machte. \"Was willst du?\" fragte er und stand auf. Unglaublich wie diese d\u00fcnne und schm\u00e4chtige Gestalt doch so Bedrohlich und autorit\u00e4r erscheinen konnte. Sie reichte ihm die Hand und eine goldene Aura erstand um seine Hand. Z\u00f6gernd nahm Scott sie und Blitze schossen aus den H\u00e4nden. Dann sprach sie. \"Ich vermache dir hiermit die Gabe Tote zu beschw\u00f6ren, Seelische Unversehrtheit und Macht bis in die letzten Ecken dieses Universums! Im Gegenzug nehme ich mir 50 Jahre deiner Lebenszeit und weitere \u0001 \u0002 Jahre deine Seele! In diesen Jahren wirst du mein Diener sein und mir jeden Wunsch erf\u00fcllen. Au\u00dferdem eine Person die du liebst.\" rief sie und das Licht wurde greller. \"Bist du damit einverstanden?\" fragte sie und er sp\u00fcrte, dass sie ihn ansah. \"Ja. Ja ich bin damit einverstanden.\" antwortete er. \"So sei es.\" - Das Licht schlug aus und um Scott wurde es schwarz.\"Scott..\" ert\u00f6nte eine weibliche und vertraute Stimme. Langsam \u00f6ffnete er seine Augen, doch schloss sie direkt wieder, da ihn ein Licht blendete. \"Scott wach auf!\" wurde sie ernster und lauter. Ruckartig \u00f6ffnete er die Augen und sah direkt in zwei blaue Augen, die ihn verwirrt ansahen. \"HELEN!\" dachte er sich und sprang auf. Schnell sah er sich um. Er lag an den Weizenfeldern vor dem Wald auf dem Boden. Der Himmel war blau, es war keine Wolke zu sehen und die Sonne strahlte warm und frisch auf die kleine Stadt mitten in den Bergen. \"Ah...\" st\u00f6hnte er. So f\u00fchlte es sich also an, seine Ex zu treffen. Dann erinnerte sich an letzte Nacht. Hatte er nicht einen Pakt mit der Puppe geschlossen? Kurz sah er sich um und erblickte eine leere Rotweinflasche auf dem Boden. \"Also alles nur ein Traum...\" dachte er entt\u00e4uscht und kickte die Flasche in das Feld neben ihm. \"Wie lief das Date?\" fragte sie. Unglaublich wie gut sie aussah. Perfekt und offen angezogen, dezent aber sch\u00f6n geschminkt und ihre blonden Haare gelockt. Er dagegen stand mit Fahne, leicht verkatert und in Jogginghose vor ihr. \"Gut.. Gut.. Aber.. es hat nicht gefunkt. Deswegen treffen wir uns nicht mehr.\" log er und versuchte durch diese Aussage erwachsen zu erscheinen. \"Oh ok. Schade.\" l\u00e4chelte sie eher aus H\u00f6flichkeit. \"Naja.\" antwortete er und zuckte mit den Achseln. Am liebsten w\u00fcrde er jetzt duschen und sich dann auf die Suche nach Alkohol machen, doch er konnte jetzt nicht einfach \u0001 \u0002 ver\u00e4nderte sich Helens Gesichtsausdruck zu einem ernsten Blick. \"Hey Scott. Wie w\u00e4rs wenn wir einfach wieder Freunde werden? Kann doch nicht sein, dass wir wegen unserer Trennung uns Gegenseitig ausschlie\u00dfen. Heute Abend grillen wir bei mir. Komm doch auf.\" schlug sie ihm vor. Scott nickte. \"Ja klar. Gerne.\" l\u00e4chelte er zum ersten mal seit Tagen wieder ernsthaft. \"Sch\u00f6n.\" - Auch ihr l\u00e4cheln schien ehrlich. Zum Abschied umarmten sie sich und Scott musste damit k\u00e4mpfen, sie \u00fcberhaupt wieder loszulassen. Als Helen um die Ecke verschwand, sa\u00df ihm ein Klos im Hals. \"Du wieder.\" lachte die Kassierin an der Tankstelle als Scott diesen betrat. \"Ja..\" antwortete er genervt und lief direkt zum Alkohol Regal. \"Kein Alk mehr da?\" rief er durch den ganzen Laden. \"Du hast alles leer gemacht.\" rief sie zur\u00fcck. Scott schnaubte und sah die Regal genauer an. Sie waren alle leer. \"Im K\u00fchlregal ist noch was.\" rief die Kassiererin. Scott atmete erleichtert aus und lief zum K\u00fchlregal. Als er davor stand erschrak er. In der Spiegelung des Regals stand eine Gestalt. Still stand sie da und starrte ihn durch die Spiegelung an. Seine Knie zitterten und Angstschwei\u00df rollte ihm \u00fcber die Wange. Blitzschnell drehte er sich um doch hinter ihm stand niemand. Verwirrt sah er zur\u00fcck in die Glast\u00fcr und da stand sie. Kurz nickte sie ihm zu verschwand dann im Nichts. \"Was?\" dachte sich Scott und beruhigte sich langsam wieder. Sicher nur die Entzugserscheinungen. Er knallte die zwei Sixpacks Bier auf den Tresen und lachend scannte sie die Sixpacks. \"10$\" grinste sie und Scott legte einen Haufen Kleingeld auf den Tresen, schnappte sich die Sixpacks und Verlies den Laden. \"DA FEHLEN 6$\" schrie die Kassiererin, doch Scott war schon zu weit weg um sie noch zu h\u00f6ren. \"Sieh mal einer an.\" lachte Jason als der besoffene Scott in den Garten stolzierte. Er hatte sich seine besten und teuersten Sachen angezogen, war beim Fris\u00f6r und roch als w\u00fcrde ihm die ganze Welt geh\u00f6ren. Gott wei\u00df woher er das Geld daf\u00fcr hatte. \"Hey Scott.\" begr\u00fc\u00dfte Helen ihn deutete auf einen Stuhl. Die anderen sahen ihn einfach nur verwirrt an, da sie keine Ahnung hatten, was hier passierte. \"Ehm.. das ist Scott.\" stammelte Jolina \u00fcberfordert und deutete auf den l\u00e4chelnden Scott. \"Ja ich wei\u00df. Ich kenn ihn auch.\" l\u00e4chelte sie. \"Ja aber..\" schaltete sich Keith ein. \"Seit ihr wieder zusammen?\" fragte Little R und lies somit den Knoten platzen. \"Nein, nein aber es ist unn\u00f6tig sich zu streiten oder so. Deswegen hier ist er. Scott Mitch.\" beantwortete sie alle Fragen die noch offen waren. \"Aber ich hab da noch eine Frage.\" meldete sich Keith mit einem verwirrten Blick. \"Ja..?\" - Langsam wurde sie genervt. \"Wo sind Messer und Gabel?\" fragte er und deutete auf sein Steak. \"ENDLICH! Da bist du ja, Scott!\" rief Little R und baute sich vor ihm auf, als er gerade ein Schluck von einem Bier nehmen wollte. \"Ja?\" fragte Scott und trank die halbe Flasche in einem Zug aus. \"Wir m\u00fcssen \u00fcber die Puppe reden!\" starrte er ihn b\u00f6se an und deutete auf die Couch. \"JETZT!\" wurde er laut.",
            "wordcount": "1.203",
            "chapter_release": "08.03.2020",
            "chapter_number": "7"
        },
        "8": {
            "text": "\"Was denn?\" fragte Scott entnervt und z\u00fcndete sich eine Zigarette an. Der Rauch stieg sofort auf und der Gestank von verbranntem Tabak breitete sich im ganzen Raum aus. \"Darfst du dass?\" fragte Little R und verzog sein Gesicht zu einem Fragenden Blick. Seufzend nahm Scott seine Zigarette aus dem Mund, \u00f6ffnete das Fenster und warf diese auf den Asphalt. Es war immer noch ungewohnt von ihm, nicht mehr mit Helen zusammen zu sein. Langsam lies er seinen Blick durch das Zimmer und die angrenzende K\u00fcche streifen. Fast alles so wie immer. Bis auf das ihr Gemeinsames Bild nicht mehr an der Wand hing. Stattdessen war nur die wei\u00dfe Wand zu sehen und ein Loch, in dem einst der Nagel steckte, der das Bild hielt. Irgendwie begann das in Scotts Herz zu schmerzen und ein Gef\u00fchl in Scott machte sich breit, dass ihm sagte: Ihm war Helen nichts mehr wert. Mit einem Klos im Hals und dem pl\u00f6tzlichen verlangen Alkohol zu trinken, stand er auf und sah sich um. Dann sp\u00fcrte er zwei gro\u00dfe und starke H\u00e4nde an seinen Schultern die ihn sofort wieder auf den Stuhl dr\u00fcckten, auf dem er zuvor sa\u00df. \"Was?!\" pampte Scott. \"Du wei\u00dft was du getan hast!\" blaffte Little R tot ernst. Sein Blick verfinsterte sich, was bei ihm unglaublich bedrohlich aussah. Vor einigen Monaten waren sie in einer Bar und irgendein schmieriger Besoffener grabschte Jolina kurz an. 2 Sekunden sp\u00e4ter lag dieser Besoffene Hund mit einem gebrochenen Kiefer und Nase auf den Boden, da Little R ihm eine Faust gegeben hatte. Was man also seit diesem Tag wusste, war: Macht dein Leben Spa\u00df, leg dich nicht mit Little R an. \"Also?\" fragte er und fing an jeden Muskel in seinem K\u00f6rper an zu spannen. \"Der t\u00f6tet mich..\" dachte sich Scott und schluckte. \"Scott. Komm mal bitte.\" ert\u00f6nte Jasons Stimme von drau\u00dfen. Normalerweise w\u00fcrde er jetzt nicht antworten und warten bis dieser zu ihm kommt, aber diesmal sprang er auf und bevor Little R ihn daran hindern konnte. Hastig trat er aus der T\u00fcr und stand im Garten. Die warme Abendsonne schien ihm ins Gesicht und der Geruch von Fett auf einem Grill stieg ihm in die Nase. \"Was los?\" fragte er nach dem er einige Sekunden brauchte um sich zu fangen. \"Ich hab zuhause noch zwei richtig gute Dosen Shishatabak. Und beim besten Willen, ich hab kein Bock aufzustehen. fing Jason mit knallroten Augen an. \"Bist du high?\" fragte Scott, obwohl er die Antwort kannte. \"Ja.\" grinste er und kopfsch\u00fcttelnd sah er zu den anderen. Keith sah genauso aus. \"Und du willst das ich gehe?\" fragte Scott erneut und stemmte seine H\u00e4nde in die H\u00fcfte. Keith sch\u00fcttelte mit dem Kopf. \"Scott soll gehen.\" grinste er breit. \"Ich bin Scott.\" entgegnete Scott und neigte seinen Kopf. \"Ich wei\u00df.\" prustete Jason und konnte sich nicht mehr halten. Auch Keith lag fast vor lachen auf dem Boden. Etwas angesteckt von ihrem Lachen, l\u00e4chelte Scott auch und begab sich in Richtung T\u00fcr. Kurz bevor er diese \u00f6ffnen konnte, rief Helen:,, Scott! Warte! Ich komm mit..\". Hastig stieg sie \u00fcber die anderen G\u00e4ste, die mit Jason und Keith mitlachten und lief schnellen Schrittes zu Scott. \"Ich kann das nicht.\" grinste sie und \u00f6ffnete die Gartent\u00fcr.\"Also bin ich deine zweite Wahl?\" lachte Scott als sie den Gehweg betraten und in Richtung Jasons Haus liefen. \"Ja.\" lachte Helen und zwinkerte ihm zu. F\u00fcr eine Sekunde verga\u00df Scott das er und Helen getrennt waren, doch dann fiel es ihm schweren Herzens wieder ein. Etwas niedergeschlagen seufzte er und sah Helen an. Er war ein Dummkopf, so eine Frau gehen zu lassen. Der 5 Minuten weg zu Jasons Haus war blitzschnell vorbei und mit einem knarren \u00f6ffnete er die dunkle Holzt\u00fcr. \"Ich hol schnell den Tabak. Du kannst hier warten.\" sagte er und deutete auf einen Stuhl im Eingangsbereich des Hauses. \"Mach ich.\" l\u00e4chelte sie ihn an und strich sich eine ihrer blonden Str\u00e4hnen hinters Ohr. Mit schnellem Gang lief Scott in die K\u00fcche und erblickte sofort die 2 Tabakdosen, von denen Jason gesprochen hatte. Scott nahm eine der Dosen und la\u00df das Etikett. \"Blaubeere - Minze.\" murmelte er und grinste. Dann wanderte sein Blick auf die Arbeitsfl\u00e4che auf der eine verschlossene Flasche Wodka stand. Pl\u00f6tzlich schoss ein Verlangen nach der Flasche in sein K\u00f6rper und Schwei\u00df bildete sich auf seiner Stirn. Jeder Muskel seines K\u00f6rpers wollte nach der Flasche greifen und sie bis auf den letzten Tropfen austrinken. Mit zittrigen H\u00e4nden dachte Scott nach. Wer hinderte ihn eigentlich daran die Flasche zu trinken? Niemand. Mit einer schnellen Bewegung schnippte dieser gegen den Deckel der Flasche, der sich abdrehte und auf den Boden fiel. Der Geruch von destiliertem Gut stieg ihm in die Nase und sorgte zumindest ein bisschen daf\u00fcr, dass das Zittern aufh\u00f6rte. Die Flasche wanderte zu seinem Lippen und er trank, trank, trank, trank und trank. Innerhalb von wenigen Sekunden exxte er die ganze \u0001 \u0002 Liter Flasche und stellte sie auf die Arbeitsplatte zur\u00fcck. \"Wow..\" ert\u00f6nte Helens entt\u00e4uschte Stimme hinter ihm in der T\u00fcr. \"Fuck..\" dachte sich dieser und drehte sich langsam um und sah direkt in das entt\u00e4uschte Gesicht seiner Ex-Freundin. \"Wow.. einfach wow.\" sagte sie fassungslos und drehte sich um. Blitzschnell hechtete Scott zu ihr und hielt sie am Arm fest, noch bevor sie die Haust\u00fcr \u00f6ffnen konnte. Warum er das tat wusste er selbst nicht, aber es war eine Art Reflex. Verwundert \u00fcber diese Reaktion drehte Helen sich langsam zu Scott, der sie sofort wieder los lies. Doch anstatt etwas zu sagen sah sie ihn einfach nur fassungslos an. Beide sahen sich dabei tief in die Augen und Scott merkte gar nicht wie ihr Gesicht immer n\u00e4her \u0001 \u0002 f\u00fchlte er ihren warmen Atmen im Gesicht und dann ihre warmen Lippen auf seinen. \u00dcberrumpelt versuchte er zu realisieren was gerade passierte, doch Helen legte ihre H\u00e4nde um seinen Hals. Endlich erwiderte auch Scott den Kuss und schloss die Augen und legte seine H\u00e4nde auf ihre schmale Taille. Ihre Zungen tanzten ihn ihrem M\u00fcndern und ihre K\u00f6rper kamen sich immer n\u00e4her. \"Wir.. Ich sollte den Tabak holen und zu den anderen..\" stammelte Scott als er den Kuss unterbrach. Langsam setzte die Wirkung des Alkohols ein und sein Kopf explodierte quasi. \"Oder...\" fing Helen an und strich mit ihrem Finger \u00fcber sein Brustkorb - \"Wir gehen erst in 1 bis 2 Stunden.\" sagte sie und grinste ihn an. Dann nahm sie seine Hand und zog ihn die Treppe hoch.",
            "wordcount": "1.127",
            "chapter_release": "21.03.2020",
            "chapter_number": "8"
        },
        "9": {
            "text": "\"Scott..\" ert\u00f6nte eine hallige Stimme. Erschrocken fuhr Scott herum und warf einen Blick auf seine Umgebung. Er stand mitten in einer W\u00fcste aus schwarzem Sand und es war unglaublich hei\u00dft. Verwirrt und leicht \u00e4ngstlich sah er sich um. D\u00fcnen aus dem schwarzen Sand standen \u00fcberall wo er auch nur hinsah. \u00dcberall schwarzer Sand. \"Scott..\" ert\u00f6nte die Stimme wieder mit einem auffordernden Unterton. Viel zu \u00fcberrumpelt von der unbekannten Umgebung, achtete er nicht auf die Stimme und machte einige Schritte nach vorne. Der Sand teilte sich leicht, als Scott darauf trat. Wie kam er hier her? Wo war er? Tausend Fragen. \"SCOTT!\" rief sie Stimme unmittelbar vor ihm und aus dem nichts drehte sich ein kleiner Wirbelsturm vor ihm. Vielleicht so gro\u00df wie er, doch er wirbelte viel von dem schwarzen Sand auf. Aus seinem inneren schien ein goldenes Licht, dass ihn blendete, sodass er seine Hand vor seine Augen halten musste, um nicht zu erblinden. Das Licht verschwand und eine gro\u00dfe Gestalt in dunkler Robe stand vor ihm: Die Puppe. \"Was willst du?\" fragte Scott und nahm seine Hand runter. Mittlerweile hatte er seine Angst vor der Puppe voll und ganz verloren. \"Wir hatten eine Abmachung und du hast sie nicht eingehalten.\" blaffte Scott und wollte sich gerade umdrehen, da begann die Puppe leise zu lachen. Irgendwie war es schaurig, aber irgendwie l\u00f6ste es auch eine Art von Wut in Scott aus, sodass er sich wieder umdrehte. \"Was?!\" maulte er sie an. \"Du bist zu blind um das ganze zu erkennen.\" lachte sie immer noch leise und sp\u00f6ttisch. \"Wir haben einen Pakt geschlossen, den ich selbst nicht mehr r\u00fcckg\u00e4ngig machen kann.\" erkl\u00e4rte sie ihm. \"Los, laufen wir ein paar Meter.\" forderte sie von ihm. So kam es, dass Scott einen kleinen Spaziergang mit einer d\u00e4monischen Gestalt machte. Glauben konnte er es selbst nicht, doch es passierte. \"Du bist nun wie ich... nur in menschlicher Form.\" erkl\u00e4rte sie ihm ruhig und l\u00fcftete seinen Zylinder. Es hatte etwas elegantes, wie dieses unmenschliche Ding in einem zerschlissenen Anzug \u00fcber den schwarzen Sand glitt. \"Du merkst es nur nicht.\" sagte sie und sch\u00fcttelte mit dem Kopf. \"Die ganze Welt geh\u00f6rt dir. Du hast mir deine Seele gegeben.\" machte er weiter, ging in die Hocke und nahm eine Handvoll des schwarzen Sandes. \"Wei\u00dft du was das hier ist?\" fragte er ihn und grinste. Etwas nerv\u00f6s sch\u00fcttelte Scott mit dem Kopf und sah ihm zu, wie die Puppe den schwarzen Sand aus seiner Hand gleiten lies. \"Das ist die Asche der verbrannten Seelen, die ihre Seele einst an mich verkauften.\" - Scott schluckte als er sich umsah und schwieg. \"Werde ich das auch sein?\" fragte er mit weichen Knien. \"Hehehe..\" kicherte die Puppe und lief weiter, doch Scott war nicht in der Lage ihr zu folgen. Seine Beine gehorchten ihm nicht mehr. \"Wir sehen uns.. Mein Sohn.\" ert\u00f6nte die Stimme leise. Pl\u00f6tzlich teilte sich der Sand unter seinen F\u00fc\u00dfen und Scott wurde in ein tiefes, schwarzes Nichts \u0001 \u0002 wachte Scott auf und sa\u00df aufrecht im Bett. Panisch sah er sich um, doch seufzte erleichtert als er sein Bett sah. Auch der Blick aus dem Fenster, lies sein Herzschlag wieder normal werden. Die Sonne ging gerade auf. Wach durch das Adrenalin stand Scott auf und.. \"Hmm. Wohin willst du?\" ert\u00f6nte Helens Stimme hinter ihm. Schlimmer: Aus seinem Bett. Es lief ihm kalt den R\u00fccken herunter als er sich langsam umdrehte und seine Ex Freundin eingerollt in seiner Decke sah. Ihre langen, blonden Haare standen wild ab und ihre Augen sahen ihn m\u00fcde an. Ein ungutes Gef\u00fchl beschlich Scott, als er den gestrigen Abend Rewa passieren lies. \"Fuck...\" murmelte Scott leise, als Helen ihre Decke zur Seite schlug und aufstand. \"Oh Gott..\" st\u00f6hnte Scott in Gedanken, als er sah das sie nichts anhatte. Zwar in Tanga, aber ohne BH stand die vor ihm und entbl\u00f6\u00dfte ihm Absichtlich ihre ganze Oberweite. Langsam schloss er seine Augen und verschwand ohne etwas zu sagen in dem kleinen Badezimmer das an das G\u00e4stezimmer anschloss. Hastig schloss er ab und sah sich im Spiegel an und erkannte einen Scott, der mindestens genauso fertig war, wie Helen. \"FUCK!\" dachter sich und machte den Wasserhahn an. Gott sei dank, hatte er noch seine Boxershorts an. Mit einem Wasserschwall wusch er sich sein Gesicht, drehte das Wasser wieder ab und sah in den Spiegel. Seltsam... F\u00fcr eine Sekunde sah es so aus, als w\u00fcrde ihm ein Puppenkopf hinter dem Duschvorhang stehen und ihm zu nickten, doch als er nachsah, war da nichts. \"Ich komm raus. Also zieh dir was an.\" rief Scott durch die Wand und \u00f6ffnete vorsichtig die T\u00fcr. Ein leises seufzen entwich Scott, als er Helen auf seinem Bett sitzen sah. Zwar immer noch Obenrum komplett frei, aber wenigstens jetzt mit Jogginghose und Schuhen. \"Also.. wir?\" fing er an und sah ihr in die gl\u00e4nzenden Augen. \"F\u00fcnf mal!\" sagte sie voller Freude und deutete auf ihre Seite des Bettes, auf dem ein riesiger Nasser Fleck war. \"Ah ja..\" druckste er weiter herum und sah auf die T\u00fcr. \"Also... die Anderen?\" macht er weiter und fing langsam sich in Richtung der T\u00fcr zu bewegen. \"Sind alle unten beim Fr\u00fchst\u00fccken.\" lachte sie schon fast und stand auf und kam ihm unangenehm nahe. \"Schau mal. Wir k\u00f6nnen einfach nicht zusammen sein. Aber wie w\u00e4rs.. wenn wir eine Art Aff\u00e4re haben?\" fragte sie l\u00fcstern und rieb ihre Br\u00fcste leicht an seinem Oberk\u00f6rper. Ehe sein ganzes Blut in seinen Schritt flie\u00dfen konnte, riss er die T\u00fcr auf. \"Ich brauch erstmal mein Morgen-Wein um klar zu kommen.\" schnaubte dieser und lief z\u00fcgig und fassungslos die Treppe hinab. \"Morgen, Player.\" grinste Jolina um kam ihm mit einer dampfenden Tasse entgegen. Z\u00f6gernd nahm er sie und sch\u00fcttelte einfach nur den Kopf. Die ganze Truppe sa\u00df an dem runden Tisch, in Jasons Esszimmer und fr\u00fchst\u00fcckte. Jason zwinkerte ihn zu Keith grinste breit, als Scott an ihm vorbei lief. Ohne zu z\u00f6gern schnippte Scott ihm gegen das Ohr, was ihn zum zusammenzucken brachte. \"Haben wir kein Wein?\" rief Scott aus der K\u00fcche, als er nach einigen Sekunden suchen nichts fand. \"Geh zur Tanke und hol dir selber was.\" antwortete Jason. Mit genervtem Blick, kam Scott aus der K\u00fcche und lief ohne die Gruppe anzusehen aus der Haust\u00fcr. Da er kein Geld hatte, musste er sich die Flasche wohl oder \u00fcbel klauen.",
            "wordcount": "1.116",
            "chapter_release": "23.03.2020",
            "chapter_number": "9"
        }
    },
    "title": "Der Wald der Puppen, Band 2: Die Geister die du riefst...",
    "topic": "unspecified",
    "release": "\n19.02.2020\n\t\t\t\t\t\t",
    "author": "ARESTA"
}