{
    "tags": [],
    "chapcount": "1",
    "wordcount": "11.598",
    "chapters": {
        "1": {
            "text": "Nachdem ich hier bislang zwei Fanfictions ver\u00f6ffentlicht habe, stelle ich nun einmal eine meiner eigenst\u00e4ndigen Arbeiten vor (als Oneshot ein wenig lang, aber ich wollte meine alte Geschichte nicht nachtr\u00e4glich in Kapitel unterteilen). Markus Kaminsky sa\u00df unruhig an seinem Tisch in der von ihm bevorzugten Gastst\u00e4tte \u201eDer Wiesenchampignon\u201c, rutschte ein wenig auf seinem Platz hin und her und zog nerv\u00f6s an seiner Zigarette, w\u00e4hrend er sich bem\u00fchte, den Eingang des Lokals nicht eine Sekunde aus den Augen zu lassen. Er blies Rauchschwaden in die Luft und schaute auf seine Armbanduhr, die ihm mitteilte, da\u00df er gar keinen Grund hatte, beunruhigt zu sein - zumindest noch nicht. Trotzdem wollte sich kein Gef\u00fchl der Erleichterung bei ihm \u0001 \u0002 aber erblickte er seinen Freund Peter Pfender, auf den er seit einer knappen halben Stunde wartete, im Eingangsbereich, und nun erst atmete er auf. Als Peter, der nicht lange brauchte, um Markus zu entdecken, sich wenig sp\u00e4ter zu ihm setzte, begr\u00fc\u00dfte Markus ihn mit den Worten: \u201eBin ich froh, da\u00df du kommst.\u201c Peter blickte auf seine Uhr und fragte: \u201eIch bin doch hoffentlich nicht zu sp\u00e4t dran?\u201c - \u201eNein, nat\u00fcrlich nicht, du bist so p\u00fcnktlich wie immer.\u201c Peter warf einen Blick auf den Aschenbecher und vermutete: \u201eDu wartest wohl schon eine Weile.\u201c Etwas verlegen meinte Markus: \u201eStimmt, aber es ist meine eigene Schuld, da\u00df ich warten mu\u00dfte, weil ich mal wieder viel zu fr\u00fch war.\u201c \u201eTrotzdem\u201c, erwiderte Peter, \u201escheint es mir fast so, als ob du die Sorge gehabt h\u00e4ttest, da\u00df ich gar nicht kommen w\u00fcrde.\u201c Markus z\u00f6gerte einen Moment, bevor er antwortete: \u201eNat\u00fcrlich nicht wirklich, es war nur so ein komisches Gef\u00fchl. Ich erz\u00e4hle es dir nachher.\u201c Markus hatte bemerkt, da\u00df mittlerweile der Kellner erschienen war, um ihre Bestellungen entgegenzunehmen, und hielt es daher f\u00fcr sinnvoller, noch einen Moment zu warten, bevor er Peter von den Dingen, die ihn besch\u00e4ftigten, erz\u00e4hlte. Er fragte sich innerlich, ob er ihm \u00fcberhaupt davon erz\u00e4hlen sollte; andererseits w\u00e4re ihm auch niemand eingefallen, mit dem er lieber dar\u00fcber gesprochen h\u00e4tte als eben Peter, der sein bester Freund war. Markus kannte ihn schon seit seinen Grundschultagen, und schon damals hatten sie sich gut verstanden. Daran hatte sich auch sp\u00e4ter nichts ge\u00e4ndert, als beide gemeinsam das Gymnasium besuchten, und so standen sie auch gegenw\u00e4rtig in engem, freundschaftlichem Kontakt miteinander, obwohl sie jetzt sehr verschiedene Wege gingen: zwar studierten sie beide, doch w\u00e4hrend Markus sich f\u00fcr ein Jurastudium entschieden hatte, hatte es Peter zur Mathematik hingezogen. Infolgedessen sahen sie sich nicht mehr so oft wie fr\u00fcher, telefonierten aber oft miteinander oder tauschten gegenseitig E-Mails aus. Nachdem der Kellner verschwunden war, z\u00fcndete sich auch Peter eine Zigarette an, und selten war Markus gl\u00fccklicher als in diesem Moment gewesen, da\u00df Peter ebenfalls rauchte (tats\u00e4chlich hatten beide zusammen als Obersch\u00fcler ihre jeweils ersten Zigaretten geraucht, woran Markus sich noch immer so deutlich erinnerte, als ob es erst einen Tag her w\u00e4re), denn er war einerseits zu h\u00f6flich, um einen Nichtraucher, mit dem er zusammen am Tisch sa\u00df, mit blauem Dunst einzuh\u00fcllen, doch das Bed\u00fcrfnis zu rauchen, war in diesem Moment so stark wie selten.\u201eAlso, was ist los mit dir?\u201c, erkundigte sich nun Peter. \u201eMir kannst du doch erz\u00e4hlen, was dich betr\u00fcbt, denn irgend etwas besch\u00e4ftigt dich doch, das sehe ich dir deutlich an.\u201c - \u201eNun gut\u201c, begann Markus, mu\u00dfte seinen Satz wegen eines pl\u00f6tzlich auftretenden zwar kurzen, aber heftigen Hustenfalls unterbrechen, um anschlie\u00dfend fortzufahren: \u201eWahrscheinlich ist das ganze nur l\u00e4cherlich, ohne plausiblen Hintergrund und lediglich etwas, was ich mir einrede.\u201c - \u201eErz\u00e4hl es mir trotzdem, auch wenn es l\u00e4cherlich ist\u201c, erwiderte Peter in v\u00f6llig ernsthaftem Ton. \u201eNun gut\u201c, wiederholte Markus, atmete tief durch, und setzte dann seinen Satz fort: \u201eEs begann vor zehn Tagen, oder, wie ich vielleicht besser sagen sollte, vor zehn Tagen hatte ich das erste von insgesamt drei Erlebnissen.\u201c Er fingerte an seiner Zigarettenschachtel herum, legte sie dann aber beiseite, und fragte sich unterdessen erneut, ob es wirklich richtig war, Peter von den Sorgen, die in seinem Kopf herumspukten, zu erz\u00e4hlen - innerlich bereute er es bereits, beugte sich aber der Einsicht, da\u00df er jetzt weitermachen mu\u00dfte. Er nahm seine unterbrochene Erz\u00e4hlung wieder auf: \u201eAn diesem Tag, dem Samstag der vorvorigen Woche also, war ich mit einem Kommilitonen zu einem gemeinsamen Kinobesuch verabredet und wartete eine Dreiviertelstunde, ohne da\u00df jemand erschienen w\u00e4re. Als wir uns zwei Tage sp\u00e4ter in der Vorlesung wieder trafen, fragte ich ihn nat\u00fcrlich, warum er mich versetzt h\u00e4tte. Er meinte, er h\u00e4tte es einfach vergessen. Nein, genau genommen sagte er sogar, da\u00df er sich auch jetzt nicht daran erinnern k\u00f6nnte, da\u00df wir uns \u00fcberhaupt verabredet h\u00e4tten.\u201c - \u201eDas ist doch nichts ungew\u00f6hnliches\u201c, unterbrach Peter, um hinzuzuf\u00fcgen: \u201eIch bin auch schon von Freunden versetzt worden.\u201c Daraufhin erwiderte Markus, der sich in seinen Bedenken, mit Peter dar\u00fcber zu sprechen, zunehmend best\u00e4tigt f\u00fchlte: \u201eJa, sicher. Aber es war ja auch nur das erste Erlebnis. Nur wenige Tage sp\u00e4ter hatte ich n\u00e4mlich einen Gespr\u00e4chstermin bei meinem Professor f\u00fcr Strafrecht, doch als ich mich zu diesem Zeitpunkt bei ihm einfand, war sein Raum leer und abgeschlossen, und als ich bei der Sekret\u00e4rin nach ihm fragte, meinte sie, er w\u00e4re nicht da. Als ich ihn am n\u00e4chsten Tag nach der Vorlesung ansprach, antwortete er mir, das m\u00fcsse ein Mi\u00dfverst\u00e4ndnis sein, denn zu der von mir genannten Stunde h\u00e4tte er nie Zeit.\u201c Markus unterbrach seine Erz\u00e4hlung kurz, um eine neue Zigarette aus seiner Schachtel zu nehmen und diese anzuz\u00fcnden. W\u00e4hrend der ersten, kr\u00e4ftigen Z\u00fcge verw\u00fcnschte er sich innerlich daf\u00fcr, denn er wollte das Rauchen eigentlich allm\u00e4hlich einschr\u00e4nken, doch momentan rauchte er so viel wie schon seit langer Zeit nicht mehr. Dann erz\u00e4hlte er weiter: \u201eIch habe dann einen neuen Termin mit ihm vereinbart und hoffe nun, da\u00df das diesmal klappt.\u201c\u201eUnd was war das dritte Erlebnis?\u201c, fragte Peter. \u201eAn sich auch nichts, was es wert w\u00e4re, erz\u00e4hlt zu werden\u201c, fuhr Markus daraufhin fort. \u201eIch hatte bei einem Buchh\u00e4ndler ein Buch zum Thema Produkthaftung bestellt, da ich zur Zeit ernsthaft erw\u00e4ge, mich intensiver mit dem Thema zu befassen, und als ich es am n\u00e4chsten Tag abholen wollte, war es nicht da: der Buchh\u00e4ndler hatte vergessen, da\u00df ich das Buch bestellt, ja sogar, da\u00df ich \u00fcberhaupt mit ihm dar\u00fcber gesprochen hatte.\u201c Markus legte die Zigarettenkippe, die mittlerweile allein \u00fcbrig geblieben war, im Aschenbecher ab, und f\u00fcgte anschlie\u00dfend hinzu: \u201eWie du also siehst, eigentlich ganz allt\u00e4gliche Vorf\u00e4lle. Aber gleich drei innerhalb k\u00fcrzester Zeit. Da habe ich schon ein komisches Gef\u00fchl bei, und daher bin ich froh, da\u00df du unsere Verabredung nicht auch noch vergessen hast.\u201c\u201eWas dich also vor allem beunruhigt, ist diese eigenartige H\u00e4ufung solcher f\u00fcr sich betrachtet harmloser Vorf\u00e4lle\u201c, \u00fcberlegte nun Peter. \u201eDu hast es erfa\u00dft\u201c, meinte Markus. \u201eAber du als Mathematiker kannst mir das sicherlich wieder ganz vern\u00fcnftig erkl\u00e4ren\u201c. Peter gr\u00fcbelte: \u201eIch glaube, das kann ich wirklich. In solchen F\u00e4llen hilft die Wahrscheinlichkeitstheorie weiter.\u201c Er lehnte sich etwas zur\u00fcck und begann dann auszuf\u00fchren: \u201eIch will mal versuchen, es m\u00f6glichst anschaulich und einfach zu machen. Das l\u00e4\u00dft sich vielleicht ein wenig mit einem Roulettespiel vergleichen. Da\u00df jemand etwas vergi\u00dft, was mit dir zu tun hat, passiert sicherlich nicht andauernd, doch ist ja auch nichts so ungew\u00f6hnliches. Ich nehme an, dir ist schon fr\u00fcher so etwas passiert - jemand hat vergessen, ein geliehenes Buch zur\u00fcckzugeben oder so etwas. Liege ich da richtig?\u201c Markus beschr\u00e4nkte sich auf ein zustimmendes Nicken, und Peter fuhr fort: \u201eMan k\u00f6nnte also das Ereignis des pl\u00f6tzlichen Vergessens damit vergleichen, da\u00df eine ganz bestimmte Zahl beim Roulette gewinnt. Die Chance daf\u00fcr ist 1:37 (wegen der Null, bei der die Bank immer gewinnt), was nicht gerade sehr verlockend ist, aber die Chance ist deutlich besser als beim Lotto. Die Chance dagegen, da\u00df dreimal in Folge dieselbe Zahl gewinnt, ist nur...\u201c. Peter unterbrach kurz und rechnete etwas, um dann den begonnenen Satz zu vervollst\u00e4ndigen: \u201e1:50653. Das ist nun schon ziemlich ungew\u00f6hnlich. Und wahrscheinlich kommt es dir jetzt so vor, als ob dir so etwas passiert w\u00e4re - nur nicht mit so angenehmen Folgen wie beim Roulette. Der entscheidende Punkt ist aber der: wie lange kann man spielen? In der Praxis nat\u00fcrlich nicht besonders lang, denn wenn man immer auf dieselbe Zahl setzt und nicht ganz au\u00dfergew\u00f6hnliches Gl\u00fcck hat, wird man \u00fcber kurz oder lang arm. Und deshalb wird man auch so gut wie niemanden treffen, der beim Roulette schon mal solches Gl\u00fcck hatte (immer vorausgesetzt, es geht ehrlich am Spieltisch zu, was ja noch mal ein Thema f\u00fcr sich ist). Wenn man aber unbegrenzte Mittel zur Verf\u00fcgung h\u00e4tte und bis in alle Ewigkeit weiterspielen k\u00f6nnte, dann w\u00fcrde aber auch irgendwann mal eine solche Dreierserie auftreten. Wenn man unendlich lange spielen k\u00f6nnte, tr\u00e4te sogar eine beliebig lange Serie irgendwann auf, nach m\u00f6glicherweise unvorstellbar langer Zeit, aber wenn man beliebig lange Zeit h\u00e4tte, w\u00e4re das auch nicht weiter von Bedeutung. Aber in der Realit\u00e4t spielt man eben nicht so lange, sondern nur, bis man einen zufriedenstellenden Gewinn erzielt, oder, was viel h\u00e4ufiger der Fall ist, bis man kein Geld mehr hat. Wenn man auf bestimmte Zahlen setzt, d\u00fcrfte das recht schnell gehen, wenn man auf Farben - Rot oder Schwarz - setzt, wird es l\u00e4nger dauern. Nun aber zur\u00fcck zu dem, was dir passiert ist. Hier kommt jetzt die Tatsache ins Spiel, da\u00df wir von langen Zeitr\u00e4umen reden. Wenn man einen Tag deines Lebens mit einer Runde am Spieltisch vergleicht, dann kommen eben auch schon \u00fcber 7500 Spielrunden zusammen, wenn man dein ganzes Leben betrachtet. Nun gut, da\u00df dreimal dieselbe Zahl in Folge gezogen wird, d\u00fcrfte auch bei 7500 Spielrunden eher ungew\u00f6hnlich sein (ich habe jetzt nicht die rechte Lust, die Wahrscheinlichkeit daf\u00fcr abzusch\u00e4tzen), aber l\u00e4ngst nicht so verbl\u00fcffend, als wenn jemand nur drei Runden lang spielt und dann seinen Gewinn mitnimmt. Und das ist es, worauf ich letztlich hinauswill: was dir passiert ist, ist sicherlich eher selten, aber da\u00df einem irgendwann im Leben mal so etwas passiert, ist wiederum ganz normal. Ich glaube nicht, da\u00df du dir deshalb Sorgen machen m\u00fc\u00dftest. Ist das halbwegs plausibel?\u201c Markus meinte: \u201eJa, ich denke schon, da\u00df ich ungef\u00e4hr begriffen habe, was du meinst. Vielen Dank auch f\u00fcr deine Ausf\u00fchrungen.\u201c Peter wehrte ab: \u201eOh, da gibt es nichts zu danken, ich diene gern ein wenig mit Erkl\u00e4rungen. Ganz \u00e4hnlich sind F\u00e4lle, in denen Leute an Gedanken\u00fcbertragung glauben, weil sie an jemanden denken und eine Minute sp\u00e4ter von der betreffenden Person angerufen werden. Das ist auch ungew\u00f6hnlich, doch irgendwann im Verlauf des Lebens passiert das fast jedem einmal. Wirklich seltsam w\u00e4re es erst, wenn das dauernd passiert.\u201c Nachdem Peter auch seine Zigarette im Aschenbecher ausgedr\u00fcckt hatte, erg\u00e4nzte er noch: \u201eWenn ich heute nicht gekommen w\u00e4re - das w\u00e4re ein Grund f\u00fcr dich gewesen, ernsthaft beunruhigt zu sein. Denn die Wahrscheinlichkeit, da\u00df ich eine unserer Verabredungen vergesse, ist au\u00dferordentlich klein.\u201cDamit war das Gespr\u00e4chsthema erledigt, und die beiden Freunde unterhielten sich noch eine Weile \u00fcber andere Dinge. Markus f\u00fchlte sich beruhigt - f\u00fcr den Moment zumindest. Dennoch wollte eine seltsame, unheilvolle Ahnung, da\u00df doch nicht alles in Ordnung war, nicht von ihm \u0001 \u0002 Tage nach dieser Unterhaltung fuhr Markus tief in der Nacht aus einem seltsamen Alptraum auf: in diesem war er auf eine r\u00e4tselhafte Weise gefangen gewesen, so als ob eine undurchdringliche, jedoch unsichtbare H\u00fclle ihn umgeben h\u00e4tte, denn er konnte zwar alles um ihn herum sehen, doch er konnte weder h\u00f6ren, was die Menschen um ihn herum sprachen, noch seinerseits einen von ihnen ansprechen, und wenn er seinen Arm ausstreckte, um eine andere Person zu ber\u00fchren, so stie\u00df er auf einen zun\u00e4chst kaum sp\u00fcrbaren, mit wachsender Streckung aber immer st\u00e4rkeren Widerstand, bis er schlie\u00dflich \u00fcberhaupt nicht mehr vorankam. Merkw\u00fcrdigerweise aber konnte er die seltsame Blase, in deren Innerem er sich befand, aber offenbar in solcher Weise mit sich herumtragen, da\u00df er Gegenst\u00e4nde, die soeben noch unerreichbar f\u00fcr ihn gewesen waren, nun problemlos in die Hand nehmen konnte, was bei einer echten, materiellen Membran eigentlich nicht h\u00e4tte m\u00f6glich sein d\u00fcrfen; sich aber anderen Menschen in der gleichen Weise zu n\u00e4hern und sie schlie\u00dflich zu ber\u00fchren, war ihm dagegen \u0001 \u0002 den ersten Sekunden nach dem Erwachen steckte noch das Grauen des Alptraums in seinen Gliedern, bis es allm\u00e4hlich einem Gef\u00fchl der Erleichterung wich. Trotz der Gewi\u00dfheit, da\u00df er nur schlecht getr\u00e4umt hatte, wollte eine gewisse Verst\u00f6rung nicht von ihm weichen; er sp\u00fcrte, da\u00df er nicht sogleich wieder einschlafen konnte. Er sp\u00fcrte au\u00dferdem, da\u00df er jetzt dringend eine Zigarette \u0001 \u0002 er das Licht anschaltete, durchfuhr ihn sogleich ein neuer Schrecken, denn einige Sekunden lang war er desorientiert, und so schien es ihm einen Moment lang so, als ob er sich nicht in seiner Wohnung, sondern an einem ihm unbekannten Ort bef\u00e4nde. Dann zerflo\u00df der Spuk schlagartig, und er atmete erneut auf, jedoch nicht, ohne sich zu fragen, warum er in der letzten Zeit dazu neigte, Gespenster zu \u0001 \u0002 er sich seine Zigarette angez\u00fcndet hatte, begann er unruhig in seinem Schlafzimmer, das ihm zugleich auch als Arbeitszimmer diente, herumzulaufen; als seine Zigarette aufgebraucht war, ging er noch ins Badezimmer, um sich den Mund gr\u00fcndlich auszusp\u00fclen, denn er hatte ein unangenehmes Gef\u00fchl im Mund. Er schaltete auch im Bad das Licht an und betrachtete sein Antlitz im Spiegel. Das Resultat war erschreckend: seine Augen waren ger\u00f6tet, sein Blick wirkte auf seltsame Weise leer, seine Mundwinkel hatten sich leicht nach unten verzogen, und zudem wirkte er erschreckend bla\u00df - offenbar hatte sich die Sorge durch sein Schl\u00fcsselloch eingeschlichen und diese un\u00fcbersehbaren Spuren in seinem eigentlich noch sehr jungenhaft wirkenden Gesicht \u0001 \u0002 fragte sich, woher dieses Gef\u00fchl, diese dumpfe Unruhe, die schon seit Tagen niemals ganz von ihm gewichen war, eigentlich kam. Einen Anla\u00df, der sie berechtigt h\u00e4tte erscheinen lassen, gab es nicht. Waren dies wirklich die drei harmlosen Vorf\u00e4lle der vergangenen zwei Wochen? Sein Verstand sagte ihm, da\u00df dies absurd war: keines dieser Erlebnisse war wirklich au\u00dfergew\u00f6hnlich, der Umstand ihrer schnellen Aufeinanderfolge erschien auch als etwas normales, wie Peter k\u00fcrzlich erkl\u00e4rt hatte, und seither war nichts dergleichen mehr geschehen. Markus wu\u00dfte, da\u00df es grotesk, ja fast schon paranoid war, diesen Ereignissen irgendeine Bedeutung beizumessen. Sein Gef\u00fchl aber sagte ihm etwas anderes: da\u00df hier etwas Eigenartiges mit ihm geschah, das eben erst begonnen \u0001 \u0002 versuchte, solche Gedanken zu verdr\u00e4ngen, als angehender Jurist f\u00fchlte er sich geradezu verpflichtet, sie nicht weiter zu verfolgen. Ich w\u00e4re ja sp\u00e4ter ein sch\u00f6ner Anwalt oder Richter, wenn ich mich von solchem Mumpitz beeinflussen lie\u00dfe, dachte er. Markus f\u00fchlte sich nun sicherer als vorher. Er rieb sich das Gesicht noch mit einem nassen Waschlappen ab und beschlo\u00df, sich wieder ins Bett \u0001 \u0002 ganz verschwunden war seine Angst immer noch nicht, denn nachdem er das Licht wieder ausgeschaltet hatte, lag er noch lange wach und w\u00e4lzte sich unruhig in seinem Bett. Erst in den fr\u00fchen Morgenstunden schlief er ein und fiel in einen zwar ruhigen, aber auch nur kurzen Schlaf, da schon wenig sp\u00e4ter sein Wecker ihn mit scheu\u00dflichen Pfeift\u00f6nen in die Wirklichkeit \u0001 \u0002 zunehmender Resignation sa\u00df Markus vor dem Schachbrett, das im Moment den Mittelpunkt des Wohnzimmertischs darstellte, und betrachtete die Stellung, die sich im Verlauf der letzten zwanzig Minuten entwickelt \u0001 \u0002 hatte vor etwa anderthalb Jahren eine eigene Wohnung bezogen, besuchte aber immer noch regelm\u00e4\u00dfig seine Eltern - mindestens einmal, h\u00e4ufig auch zweimal pro Woche. Genauer gesagt, besuchte er zur Zeit nicht seine Eltern, sondern seine Mutter, denn sein Vater hatte vor kurzem einen recht schweren Schlaganfall erlitten und lag noch im Krankenhaus. Bei solchen Gelegenheiten unterhielt er sich auch gern mit seinem j\u00fcngeren Bruder Manuel, oder spielte Schach mit ihm - so auch \u0001 \u0002 er Manuel, der auf der anderen Seite des Tisches sa\u00df, betrachtete, kam es ihm fast so vor, als er in einen Spiegel s\u00e4he. Manuel war zwar einige Jahre j\u00fcnger und hatte mit seinen 18 Jahren die Abiturpr\u00fcfungen noch vor sich, doch wenn ein Au\u00dfenstehender die beiden Br\u00fcder gesehen h\u00e4tte, so h\u00e4tte er sie leicht f\u00fcr Zwillinge halten k\u00f6nnen: beide hatten das gleiche dunkle Haar, die gleichen gr\u00fcnen Augen, sogar ihre Blicke und Gesten \u00e4hnelten einander; beide neigten dazu, wenn ihnen das Haar in die Stirn hineinhing, es mit der Innenseite ihrer rechten Hand beiseite zu wischen, wozu im Moment aber kein Anla\u00df bestand, da beide vor noch nicht allzulanger Zeit dem Friseur einen Besuch abgestattet hatten. Als ob sie sich abgesprochen h\u00e4tten, ihre \u00c4hnlichkeit noch st\u00e4rker hervorzuheben, waren sie an diesem Tag auch noch ganz \u00e4hnlich angezogen: beide trugen, wie fast immer, blaue Jeans, und zuf\u00e4lligerweise hatten sich sowohl Markus als auch Manuel am Morgen f\u00fcr ein gr\u00fcnes Sweatshirt \u0001 \u0002 waren sie sich weit weniger \u00e4hnlich als \u00e4u\u00dferlich: schon ihre Interessen gingen weit auseinander, denn wenn auch Manuel noch unschl\u00fcssig war, ob er nach der Schule Biologie oder Medizin studieren wollte, stand f\u00fcr ihn jetzt schon fest, da\u00df er keinesfalls in die Fu\u00dfstapfen seines \u00e4lteren Bruders treten w\u00fcrde, denn die Rechtswissenschaften verband er vor allem mit qu\u00e4lender Langeweile. Auch ihre Hobbys und ihr Musikgeschmack unterschieden sich, allerdings gingen beide gern ins Kino - oft auch gemeinsam - und dar\u00fcber hinaus hatten sie auch eine andere Gemeinsamkeit: wie Markus war auch Manuel Raucher, wobei Markus sich deshalb etwas schuldig f\u00fchlte, weil er sich von dem Verdacht, durch sein eigenes schlechtes Vorbild Manuel erst zu diesem Laster verf\u00fchrt zu haben, nicht so ganz befreien konnte. Und dann spielten sie nat\u00fcrlich beide gern Schach, und da sie das Spiel fast gleicherma\u00dfen gut - oder richtiger gesagt, mittelm\u00e4\u00dfig - beherrschten, war der Ausgang einer Partie zwischen ihnen f\u00fcr gew\u00f6hnlich ziemlich \u0001 \u0002 aber stand Markus auf zunehmend verlorenem Posten, was ihm immer deutlicher vor die Augen trat. Nicht nur die Stellung war ung\u00fcnstig, sondern auch seine Bedenkzeit (die Br\u00fcder spielten stets mit Schachuhr) war bedrohlich zusammengeschmolzen, w\u00e4hrend Manuel noch \u00fcber einen beruhigenden Zeitvorrat verf\u00fcgte. Besonders \u00e4rgerte sich Markus dar\u00fcber, da\u00df sich eine Niederlage abzeichnete, obwohl er mit den wei\u00dfen Steinen spielte, mit denen er nur selten gegen seinen Bruder verlor. Doch diese Partie war von Beginn an nicht wunschgem\u00e4\u00df verlaufen: Markus hatte sie mit einem Doppelschritt des K\u00f6nigsbauern begonnen und die Spanische Er\u00f6ffnung, die beide zu ihren liebsten z\u00e4hlten, angestrebt, wobei er sich, da Manuel sowohl die Franz\u00f6sische als auch die Sizilianische Verteidigung nicht besonders liebte, recht sicher gewesen war, da\u00df sein Vorhaben gel\u00e4nge, doch sein Bruder hatte sich zu seiner gro\u00dfen \u00dcberraschung f\u00fcr die Aljechin-Verteidigung entschieden, und mittlerweile konnte kein Zweifel mehr daran bestehen, da\u00df Manuel sich mit diesem Spielsystem besser auskannte. Inzwischen war eine sehr komplizierte Stellung entstanden, und Markus begriff, da\u00df sein K\u00f6nig verloren auf dem Brett stand: zwar befanden sich fast alle wichtigen Figuren noch auf dem Brett und waren nicht weit entfernt, und doch waren sie so versprengt, so voneinander isoliert, da\u00df sie ihrem K\u00f6nig nicht mehr lange halfen konnten: einsam und gefangen, dem baldigen Untergang verfallen, wartete dieser auf das Heranr\u00fccken der schwarzen Angreifer.\u201eDas wird ja doch nichts mehr, ich gebe auf\u201c, sagte Markus schlie\u00dflich. \u201eMeinen Gl\u00fcckwunsch, heute warst du besser.\u201c Freundlich erwiderte Manuel: \u201eWillst Du eine Revanche?\u201c - \u201eNein, nicht heute.\u201cDie beiden Br\u00fcder verlie\u00dfen daraufhin das Wohnzimmer und begaben sich daraufhin in Manuels Zimmer, wo sich beide erst einmal eine Zigarette anz\u00fcndeten. \u201eHast du Papa im Krankenhaus diese Woche schon besucht?\u201c, fragte Manuel durch eine Rauchwolke hindurch. Markus antwortete: \u201eJa, vorgestern. Aber es ging ihm nicht besonders gut, manchmal kam es mir fast so vor, als ob er mich gar nicht erkennen w\u00fcrde - als ob ich f\u00fcr ihn ein Fremder w\u00e4re.\u201c Einen Augenblick lang schwiegen beide, bis Manuel die unangenehme Stille durchbrach: \u201eNun, Mama und ich waren heute bei ihm, und da ging es ihm bedeutend besser. Aber das Sprechen bereitet ihm immer noch M\u00fche.\u201c Abermals folgte eine Phase bedr\u00fcckenden Schweigens, und Markus z\u00fcndete sich eine weitere Zigarette an. Etwas boshaft meinte Manuel pl\u00f6tzlich: \u201eIst dir eigentlich klar, da\u00df Rauchen das Schlaganfallrisiko vervielfacht?\u201c Mit einem etwas bitteren L\u00e4cheln gab Markus zur\u00fcck: \u201eJa sicher. Ich wei\u00df auch, da\u00df der Zigarettenrauch 4000 Giftstoffe enth\u00e4lt. Wir sind schon ganz sch\u00f6n bl\u00f6d, oder? Wissen das alles und qualmen trotzdem vor uns hin.\u201c Gutm\u00fctig meinte sein j\u00fcngerer Bruder: \u201eDa hast du recht, Bruderherz. Wir sind bl\u00f6d - ich \u00fcbrigens nicht weniger als du, und daher werde ich jetzt auch noch eine rauchen.\u201c W\u00e4hrend er das Feuerzeug, das er schon in seiner Schublade versenkt hatte, wieder herausholte, f\u00fcgte er scherzhaft hinzu: \u201eAber f\u00fcr mich gelten ja mildernde Umst\u00e4nde, denn du hast mich ja angestiftet.\u201c Etwas gequ\u00e4lt fragte Markus: \u201eMeinst du das ernst?\u201c Daraufhin beeilte Manuel sich, klarzustellen: \u201eAch Quatsch, das waren dann schon eher die anderen Jungs in meiner Klasse, an dir allein lag es bestimmt nicht. Sollte doch nur ein Witz sein. Na gut, der war wohl nicht besonders gelungen, tut mir leid.\u201c Nachdem sie einige stumme Blicke ausgetauscht hatten, fuhr Manuel fort: \u201eNun wieder ernsthaft: Wie sieht es mit deinem Vorsatz aus, dir das Rauchen demn\u00e4chst abzugew\u00f6hnen?\u201c M\u00fcde und leicht resignativ erwiderte Markus: \u201eNicht so toll. Ich wollte ja zumindest den Konsum schon mal einschr\u00e4nken, doch zur Zeit rauche ich so viel wie nur selten; irgendwie bin ich momentan schrecklich nerv\u00f6s, vielleicht liegt es am Studienstre\u00df. Jedenfalls habe ich st\u00e4ndig das Gef\u00fchl, unbedingt eine Zigarette zu brauchen. Ich will dann Anfang n\u00e4chsten Jahres einen weiteren und dann wirklich ernsthaften Versuch unternehmen, aufzuh\u00f6ren.\u201c Lebhafter fragte er: \u201eUnd wann willst du aufh\u00f6ren? Denn aufh\u00f6ren willst du doch auch.\u201c Manuel l\u00e4chelte: \u201eIch will zusehen, da\u00df ich es noch schaffe, so lange ich zur Schule gehe; denn ein Biologie- oder Medizinstudent mit Zigarette im Mund sieht doch irgendwie ziemlich peinlich aus.\u201c Markus konnte sich ein leichtes Grinsen nicht verkneifen, w\u00e4hrend sein Bruder hinzuf\u00fcgte: \u201eAber mir geht es so \u00e4hnlich wie dir: vor dem schriftlichen Abitur wird das bei mir bestimmt auch nichts.\u201cNachdem sie sich so gegenseitig bescheinigt hatten, wie t\u00f6richt sie doch eigentlich waren, bem\u00fchten sie sich, zu anderen Gespr\u00e4chsthemen \u00fcberzugehen. Markus erkannte auch sogleich die entsprechende Gelegenheit, als ihm auffiel, da\u00df die DVD-Sammlung seines Bruders sich schon wieder vergr\u00f6\u00dfert hatte; daher sprach er ihn darauf an: \u201eSeit wann hast du denn Es war einmal in Amerika?\u201c Vergn\u00fcgt meinte Manuel: \u201eSchon seit ein paar Wochen, er ist dir nur die ganze Zeit nicht aufgefallen. Ich bin aber noch nicht dazu gekommen, ihn mir anzusehen.\u201c Markus \u00fcberlegte: \u201eVielleicht k\u00f6nnen wir das ja sogar mal zusammen machen, wenn wir mal beide Zeit haben.\u201c Sein Bruder griff diesen Gedanken auf: \u201eJa, w\u00e4re sch\u00f6n, wenn das klappen w\u00fcrde, vielleicht in den Weihnachtsferien.\u201cNachdem sie auf diese Weise ein neues und geeignetes Gespr\u00e4chsthema gefunden hatten, tauschten sie sich eine ganze Weile \u00fcber Filme aus. Je l\u00e4nger ihre Unterhaltung aber dauerte, desto mehr begann sich Markus \u00fcber das Erinnerungsverm\u00f6gen seines Bruders zu wundern: von den Filmen, die Manuel in den letzten 18 Monaten im Kino gesehen hatte, konnte er sich an manche mit erstaunlicher Genauigkeit erinnern, so als ob er sie erst einen Tag zuvor gesehen h\u00e4tte: andere dagegen schienen in seinem Ged\u00e4chtnis fast v\u00f6llig verbla\u00dft zu sein. Dies allein w\u00e4re noch nicht einmal bemerkenswert gewesen, denn wenn Manuel jene Filme, die ihm nicht gefallen hatten, mittlerweile verdr\u00e4ngt h\u00e4tte, w\u00e4re dies sicher nur nat\u00fcrlich gewesen; merkw\u00fcrdig war vielmehr, da\u00df er sich an manche Filme, die er uninteressant oder sogar wirklich schlecht gefunden hatte, sehr wohl noch detailliert erinnerte, w\u00e4hrend andere, die seinen Geschmack viel mehr getroffen hatten, nun nur noch schemenhaft in seinem Kopf vorhanden zu sein schien. Doch aus irgendeinem Grund scheute Markus sich davor, seinen Bruder darauf anzusprechen. Er unterhielt sich daher weiterhin in einer solchen Weise mit Manuel, als ob ihn nichts irritiert \u0001 \u0002 einer Weile schaute er auf seine Armbanduhr, da er den Eindruck hatte, sich schon viel zu lange in der elterlichen Wohnung aufzuhalten. Wie sich zeigte, hatte sein Gef\u00fchl ihn nicht get\u00e4uscht: seit Beendigung der Schachpartie waren fast zwei Stunden vergangen. \u201eDu, ich mu\u00df jetzt los, ich mu\u00df noch einiges zu Hause f\u00fcr die Uni machen\u201c, erkl\u00e4rte er hastig, als er sich von dem ersten Schrecken dar\u00fcber, wie viel Zeit schon verstrichen war, erholt hatte. Verst\u00e4ndnisvoll meinte Manuel: \u201eKlar, Schule und Studium gehen eben vor; ich mu\u00df auch noch eine Hausaufgabe in Deutsch machen. Wir sollen ein Gedicht analysieren - absolut \u00e4tzend.\u201c Markus l\u00e4chelte, er konnte den Abscheu seines Bruders nur allzugut nachempfinden, denn an solche Aufgaben dachte auch er mit Grausen \u0001 \u0002 darauf verabschiedete er sich von Manuel und von seiner Mutter, die ihm allerdings etwas geistesabwesend vorkam und von seinem ganzen Besuch kaum Notiz genommen hatte; er erkl\u00e4rte sich das damit, da\u00df sie offenbar immer noch von dem pl\u00f6tzlichen Schlaganfall, den sein Vater erlitten hatte, verst\u00f6rt \u0001 \u0002 er zur\u00fcck zu seiner Wohnung fuhr, gr\u00fcbelte er immer noch dar\u00fcber nach, warum Manuel sich an einige Filme, die er vor recht kurzer Zeit gesehen hatte, nur noch so schwach erinnern konnte, w\u00e4hrend er doch f\u00fcr gew\u00f6hnlich ein \u00fcberaus verl\u00e4\u00dfliches Ged\u00e4chtnis \u0001 \u0002 er an einer roten Ampel darauf wartete, da\u00df dies auf gr\u00fcn umsprang, durchfuhr in pl\u00f6tzlich ein Gedanke, der das R\u00e4tsel zwar nicht erkl\u00e4rte, es aber in sch\u00e4rferen und h\u00f6chst erschreckenden Konturen zeigte: wie ihm auf einmal klar wurde, hatte Manuel all jene Filme gr\u00f6\u00dftenteils vergessen, die er mit Markus zusammen im Kino gesehen hatte, w\u00e4hrend solche, die er allein oder mit Schulfreunden zusammen besucht hatte, von dieser seltsamen Form der Amnesie nicht betroffen zu sein \u0001 \u0002 Hupen erinnerte ihn pl\u00f6tzlich daran, da\u00df er offenbar den Zeitpunkt, zu dem die Ampel gr\u00fcn geworden war, l\u00e4ngst verpa\u00dft hatte. Er war im h\u00f6chsten Ma\u00dfe irritiert und atmete erleichtert auf, nachdem er den Rest der Fahrt ohne Zwischenf\u00e4lle hinter sich gebracht \u0001 \u0002 Sache war im h\u00f6chsten Ma\u00dfe beunruhigend. Wie wahrscheinlich waren solche h\u00f6chst selektiven Ged\u00e4chtnisl\u00fccken? Vor allem bei Manuel?Als er am sp\u00e4teren Abend \u00fcber einem Buch zum Gesellschaftsrecht br\u00fctete, versuchte er den Gedanken daran zu verdr\u00e4ngen, doch es wollte ihm nicht gelingen. In der Nacht hatte er wieder Alptr\u00e4ume, aus denen er mehrmals aufschreckte, an die er sich aber schon noch wenigen Augenblicken nicht mehr erinnern \u0001 \u0002 zwei Wochen sp\u00e4ter hatte Markus mit ganz anderen Problemen zu k\u00e4mpfen. Obwohl er in den vergangenen Tagen sehr flei\u00dfig gewesen war und insbesondere viel f\u00fcr die Universit\u00e4t getan hatte und nun einen entspannten Abend h\u00e4tte verbringen k\u00f6nnen, war er ausgesprochen \u00fcbel gelaunt. Markus wu\u00dfte nat\u00fcrlich, woran das lag: er hatte den ganzen Tag noch nicht geraucht, und am Tag davor ebenfalls \u0001 \u0002 Tage zuvor hatte er einmal das Heft, in dem er all seine Ausgaben gewissenhaft festhielt, genauer unter die Lupe genommen und dabei zu seinem Entsetzen festgestellt, da\u00df sein Zigarettenverbrauch sich in den letzten zwei Monaten fast verdoppelt hatte: dieses schockierende Ergebnis hatte ihn zu dem Entschlu\u00df gef\u00fchrt, sofort einen Versuch zu unternehmen, die innerlich von ihm verfluchte Sucht loszuwerden. Seinen jetzigen Tabakkonsum fand er untragbar - sowohl gesundheitlich als auch \u0001 \u0002 es das erste Mal war, da\u00df er mit seinem immer wieder halbherzig ausgesprochenen Vorsatz, sich das Rauchen abzugew\u00f6hnen, wirklich ernst machen wollte, war er zun\u00e4chst unentschieden gewesen, welche Methode sich am besten eignete, um dieses Ziel, das ihm gegenw\u00e4rtig noch fast unendlich fern zu sein schien, wirklich irgendwann zu erreichen. Es gab grunds\u00e4tzlich zwei M\u00f6glichkeiten: Zum einen h\u00e4tte er versuchen k\u00f6nnen, schlagartig und endg\u00fcltig aufzuh\u00f6ren. Ihm war aber sehr schnell fast schon schmerzlich deutlich geworden, da\u00df ihm die Konsequenz und Willenskraft fehlte, um so vorzugehen. Er hatte sich daher f\u00fcr die zweite Methode entschieden, die in Frage kam: nicht schlagartig, sondern schrittweise wollte er sich vom Glimmstengel befreien. Markus hatte daher beschlossen, innerhalb von bestimmten Zeitr\u00e4umen die Zigaretten nicht anzur\u00fchren, wobei er die Dauer dieser rauchfreien Phasen immer weiter ausdehnen wollte: am Anfang sollten es nur einzelne Tage sein, an denen er nicht rauchte, sp\u00e4ter wollte er es dann auch mehrere Tage hintereinander aushalten, irgendwann eine Woche, einen Monat, bis er es schlie\u00dflich so lange schaffte, da\u00df er gar nicht mehr wieder anfing. Von einem seiner Professoren hatte er mal erfahren, da\u00df dieser sich auf diese Weise das Rauchen abgew\u00f6hnt hatte, und so hoffte er, da\u00df es ihm ebenfalls gelingen \u0001 \u0002 der Praxis war die Methode dagegen bisher noch nicht so erfolgreich gewesen. Der erste rauchfreie Tag war zwar ein Erfolg gewesen, er hatte es auf Anhieb geschafft, wirklich den ganzen Tag hindurch die Zigarettenschachtel unber\u00fchrt zu lassen; doch daf\u00fcr hatte er am n\u00e4chsten Tag besonders viel geraucht. Er verw\u00fcnschte sich wieder einmal daf\u00fcr, da\u00df er \u00fcberhaupt damit angefangen hatte, denn wie er jetzt feststellte, war die Willensanstrengung, die n\u00f6tig war, um gar nicht erst mit dem Rauchen anzufangen, weitaus geringer als die, die es erforderte, um wieder damit aufzuh\u00f6ren. Seine Selbstachtung hatte in den letzten zehn Tagen betr\u00e4chtlich \u0001 \u0002 hatte er nicht aufgegeben, sondern am Vortag den ersten Anlauf begonnen, zwei rauchfreie Tage in Folge durchzustehen. Gestern hatte es ganz gut geklappt, es war ihm leichter gefallen als der erste Versuch, doch der heutige Tag war die H\u00f6lle gewesen. Es war inzwischen nach 18 Uhr, er mu\u00dfte also nicht einmal volle sechs Stunden mehr durchhalten - und doch war er sich keineswegs sicher, da\u00df ihm das gel\u00e4nge. Das Schlimmste war, da\u00df er wu\u00dfte, da\u00df er entweder so gereizt und schlecht gelaunt wie jetzt den Rest des Tages durchstehen mu\u00dfte, oder mit dem so sehr ersehnten Griff zur Zigarette seinem Selbstwertgef\u00fchl den n\u00e4chsten Schlag versetzen \u0001 \u0002 um 19 Uhr hielt er es nicht mehr l\u00e4nger aus. Er sp\u00fcrte nun \u00fcberdeutlich, da\u00df er jetzt rauchen mu\u00dfte, auch wenn er sich selbst daf\u00fcr verachtete. Gierig und mit zitternden H\u00e4nden griff er nach der Zigarettenschachtel, griff hektisch eine der Giftstangen heraus, f\u00fchrte sie in seinen Mund und z\u00fcndete sie an, wobei ihm fast das Feuerzeug aus der Hand gefallen w\u00e4re. Die ersten Z\u00fcge brachten ihm eine enorme Erleichterung, und er sp\u00fcrte, wie ein Teil seiner enormen Anspannung von ihm \u0001 \u0002 innere Ern\u00fcchterung trat aber fast im gleichen Augenblick ein. Markus war w\u00fctend auf sich selbst. Warum hatte er es nicht noch ein paar Stunden aushalten k\u00f6nnen? Um seine Willensst\u00e4rke war es offenbar nicht besonders gut \u0001 \u0002 er kurz darauf die Kippe wegwarf, war in ihm nur noch das Gef\u00fchl der Entt\u00e4uschung zur\u00fcckgeblieben; beinahe im letzten Moment hatte er die Anstrengung zweier Tage ruiniert. Und dabei hatte er noch nicht einmal die Nervosit\u00e4t, die dumpfe Furcht, die ihn seit Wochen nahezu ununterbrochen qu\u00e4lte, vertreiben k\u00f6nnen, denn schon jetzt sp\u00fcrte er, wie diese allgegenw\u00e4rtige Angst wieder begann, Besitz von seinem Geist zu ergreifen. Und wieder einmal fragte er sich, wovor er eigentlich solche Angst \u0001 \u0002 der Nacht lag er mehr als drei Stunden lang wach und w\u00e4lzte sich unruhig in seinem \u0001 \u0002 paar Tage sp\u00e4ter telefonierte er in der Universit\u00e4t zwischen zwei Vorlesungen mit \u0001 \u0002 dem Gespr\u00e4ch im \u201eWiesenchampignon\u201c hatte er Peter weder gesehen noch mit ihm gesprochen. Da\u00df er ihn nun anrief, hatte einen konkreten Grund: Peter hatte bei der Unterhaltung, die nun schon eine ganze Weile her war, angedeutet, da\u00df er Markus an seinem kurz bevorstehenden Geburtstag in seiner Wohnung besuchen w\u00fcrde - und Markus hatte nun seinen Freund vor mehreren Tagen in einer E-Mail gefragt, ob er immer noch mit Peters Erscheinen rechnen durfte oder ob etwas dazwischen gekommen war; auf diese Nachricht hatte Peter bisher aber nicht geantwortet, und das fand Markus zumindest merkw\u00fcrdig, da Peter nicht nur auf jede E-Mail zu antworten pflegte, sondern dies normalerweise auch sehr schnell tat, zumeist noch am selben Tag. Markus mu\u00dfte wieder an die seltsamen F\u00e4lle von Verge\u00dflichkeit in seinem Umfeld, von denen fast immer er betroffen war, denken, und sp\u00fcrte einen leisen Anflug von Grauen bei der Vorstellung, da\u00df nun auch Peter davon befallen sein k\u00f6nnte. Zumindest aber war die Tatsache, da\u00df er keine Antwort erhalten hatte, an sich schon ungew\u00f6hnlich genug, um eine Nachfrage, woran das lag, zu \u0001 \u0002 hatte den Zeitpunkt seines Anrufs bewu\u00dft gew\u00e4hlt, da er wu\u00dfte, da\u00df die Wahrscheinlichkeit, Peter in diesem Augenblick zu erreichen, vergleichsweise hoch war; rief man ihn n\u00e4mlich zu einem Zeitpunkt an, zu dem er sich nicht in seiner Wohnung befand, kam auch keine Verbindung zustande: Peter besa\u00df n\u00e4mlich (im Gegensatz zu Markus etwa) kein Handy, weil er Mobiltelefone f\u00fcr die \u00fcberfl\u00fcssigste und l\u00e4stigste Erfindung der vergangenen 25 Jahre hielt, abgesehen davon, da\u00df er ohnehin konsequent den seltenen Standpunkt vertrat, da\u00df es nur gut w\u00e4re, wenn er nicht jederzeit erreichbar w\u00e4re. Obendrein hatte er sich auch nie einen Anrufbeantworter zugelegt, wobei dies aber zumindest in Markus\u2019 Augen keine besondere Einschr\u00e4nkung bedeutete, da er nur ungern Nachrichten auf Band sprach und den direkten Kontakt mit seinen Gespr\u00e4chspartnern \u0001 \u0002 sich herausstellte, hatte er mit seiner Vermutung, Peter jetzt erreichen zu k\u00f6nnen, richtig gelegen: er mu\u00dfte nicht lange warten, bis Peter den H\u00f6rer abnahm.\u201ePeter Pfender\u201c, vernahm er die am Telefon immer etwas metallisch klingende Stimme seines Freundes.\u201eHallo Peter, hier ist Markus\u201c, er\u00f6ffnete er seinerseits das \u0001 \u0002 klang erfreut: \u201eHallo Markus: Was kann ich f\u00fcr dich tun?\u201c Markus erkl\u00e4rte: \u201eIch wollte noch mal nachfragen, ob du mich demn\u00e4chst an meinem Geburtstag besuchen kannst. Ich hatte dir deshalb vor vier Tagen eine E-Mail geschickt, aber keine Antwort erhalten und war deshalb etwas irritiert, um ehrlich zu sein: sogar leicht beunruhigt.\u201c - \u201eWegen der E-Mail h\u00e4ttest du dir keine Sorgen machen m\u00fcssen\u201c, erwiderte nun Peter, \u201edie ist n\u00e4mlich bei mir noch gar nicht angekommen, oder richtiger gesagt, ich habe sie noch nicht gelesen, ich kann n\u00e4mlich schon seit Tagen keine E-Mails abrufen, ich wei\u00df auch nicht genau, woran das liegt, aber es ist auf alle F\u00e4lle sehr \u00e4rgerlich. Wenn das alles normal funktioniert h\u00e4tte, w\u00e4re meine Antwort l\u00e4ngst da.\u201c Nach einer kurzen Atempause fuhr er fort: \u201eWas deine eigentliche Frage betrifft: da sieht es recht gut aus, wenn sich nicht noch kurzfristig irgend etwas ergibt, dann m\u00fc\u00dfte ich zumindest am Abend Zeit haben, und sonst habe ich auch nichts vor. Ich w\u00fcrde mich ja auch gar nicht an dem Tag anderweitig verabreden. Ich gehe also eigentlich davon aus, da\u00df ich kommen kann, wenn dann doch noch etwas dazwischen kommen sollte, rufe ich dich an oder schicke dir eine Mail, ich hoffe, da\u00df das bis dahin wieder funktioniert.\u201c Abschlie\u00dfend erkundigte er sich noch: \u201eUnd, wie geht es dir sonst so zur Zeit?\u201c\u201eNicht so toll\u201c, antwortete Markus. \u201eIch versuche gerade, mir das Rauchen abzugew\u00f6hnen.\u201c - \u201eSehr l\u00f6blich\u201c, meinte Peter, woraufhin Markus sagte: \u201eJa, aber es f\u00e4llt mir verdammt schwer, und an den Tagen, an denen ich nicht rauche, bin ich manchmal unausstehlich, ich lasse daher inzwischen vor allem an solchen Tagen, an denen ich allein in meiner Wohnung bin, die Finger vom Glimmstengel, damit niemand au\u00dfer mir selbst meine Launen ertragen mu\u00df. Aber ich hoffe, da\u00df sich das mit der Zeit legen wird.\u201c Pl\u00f6tzlich kam ihm spontan eine Idee, und so fragte er Peter: \u201eWillst du es nicht auch versuchen? Ich glaube, zu zweit ist es einfacher als allein; au\u00dferdem w\u00fcrde es doch gut zusammenpassen, wenn wir uns zusammen das Rauchen abgew\u00f6hnen, schlie\u00dflich haben wir ja auch zusammen unsere ersten Zigaretten geraucht.\u201c Peter schien verbl\u00fcfft zu sein: \u201eTats\u00e4chlich? Wu\u00dfte ich gar nicht mehr.\u201cMarkus Augen weiteten sich vor Schreck, als er diese Worte h\u00f6rte, doch er versuchte, sich nichts anmerken zu lassen: \u201eSo war es aber. Und, was h\u00e4ltst du von meiner Idee?\u201c Peter \u00fcberlegte: \u201eEigentlich kein schlechter Einfall, ich f\u00fcrchte nur, im Moment w\u00fcrde mir der Nerv dazu fehlen. Aber ich werde mal dar\u00fcber nachdenken.\u201cPl\u00f6tzlich schien ihm etwas einzufallen: \u201eNun noch etwas ganz anderes: Willst du eigentlich demn\u00e4chst in die Schule zum Ehemaligentreffen kommen?\u201c Sichtlich erstaunt erwiderte Markus daraufhin: \u201eAch, es findet eins statt? Davon wu\u00dfte ich bisher \u00fcberhaupt noch nichts.\u201c Nun war es Peter, der irritiert wirkte: \u201eHast du denn keine Einladung bekommen? Ich hatte schon vor fast zwei Wochen eine im Briefkasten.\u201c Markus sprach nun mit so tonloser Stimme, da\u00df er selbst seine Worte kaum h\u00f6ren konnte: \u201eNein, ich habe keine Einladung erhalten.\u201c - \u201eDas ist eigenartig\u201c, fand auch Peter, \u201eaber dann ist es ja ganz gut, da\u00df du es von mir erf\u00e4hrst. Soll ich dir den Tag nennen?\u201c Ohne Markus Antwort abzuwarten, erg\u00e4nzte er noch: \u201eMal sehen, hier mu\u00df ja irgendwo die Einladung herumliegen, dann kann ich dir auch gleich sagen, in welchem Raum und zu welcher Uhrzeit sich unser Jahrgang trifft. Bist du interessiert?\u201c - \u201eJa, sicher\u201c, meinte Markus. In den n\u00e4chsten Momenten drang nur ein eigenartiges Rascheln an sein Ohr, dann meldete sich Peter wieder und nannte ihm die Einzelheiten, die Markus sich gleich notierte, obwohl er sich alles andere als sicher war, ob er wirklich an dem Treffen teilnehmen wollte. Trotzdem bedankte er sich noch bei seinem Freund. Kurz darauf sah er auf seine Uhr und stellte fest, da\u00df es an der Zeit war, das Gespr\u00e4ch zu beenden, da er noch nichts gegessen hatte und die n\u00e4chste Vorlesung mittlerweile schon sehr nahe ger\u00fcckt wurde. \u201eDu, ich mu\u00df jetzt Schlu\u00df machen, ich habe keine Zeit mehr\u201c, erkl\u00e4rte er daher Peter. \u201eIn Ordnung\u201c, vernahm er noch, \u201evielen Dank auch f\u00fcr deinen Anruf. Bis bald.\u201c Markus verabschiedete sich: \u201eJa, bis bald. Tsch\u00fcs.\u201cAls er wenig sp\u00e4ter die Banane, die er als Proviant mitgenommen hatte, verzehrte, gr\u00fcbelte er immer noch h\u00f6chst beunruhigt dar\u00fcber nach, da\u00df Peter behauptet hatte, sich an die ersten gemeinschaftlich gerauchten Zigaretten nicht mehr zu erinnern. W\u00e4re dies bei einem anderen seiner Freunde passiert, h\u00e4tte er sich deshalb keine Gedanken gemacht, doch Peters Ged\u00e4chtnis war f\u00fcr gew\u00f6hnlich ausgesprochen verl\u00e4\u00dflich, besonders sein Langzeitged\u00e4chtnis. Warum verga\u00dfen st\u00e4ndig Personen, mit denen er zu tun hatte, irgendwelche Dinge, die er noch in bester Erinnerung hatte? War dies alles normal, und er neigte nur zur \u00dcberreaktion? Interpretierte er vielleicht Bedeutung in Ereignisse hinein, die bedeutungslos waren? Oder steckte mehr dahinter? Aber was? Hatten sich alle seine Bekannten abgesprochen, Ged\u00e4chtnisl\u00fccken vorzut\u00e4uschen, um sich mit ihm einen Scherz zu erlauben? Er hoffte fast, da\u00df sich alles als Schabernack herausstellen w\u00fcrde, auch wenn er ihn nicht besonders komisch fand - doch die Vorstellung, da\u00df etwas anderes dahinterstecken konnte, beunruhigte ihn noch viel mehr. War dies alles nur Zufall, oder geschah irgend etwas mit seinem Umfeld? Oder mit ihm selbst?F\u00fcr gew\u00f6hnlich a\u00df Markus Bananen sehr gern, doch heute wollte sie ihm nicht so recht \u0001 \u0002 darauffolgenden Wochenende sa\u00df Markus an seinem E\u00dftisch, nahm gerade sein Fr\u00fchst\u00fcck ein, trank dazu einen recht starken Kaffee und bl\u00e4tterte in der Zeitung, ohne wirklich aufzunehmen, was in den verschiedenen Artikeln stand. Ihn lie\u00df die Erinnerung an einen gr\u00e4\u00dflichen Alptraum nicht los, der in ihn den Morgenstunden gepeinigt hatte. Er hatte in den vergangenen Monaten au\u00dfergew\u00f6hnlich viele schlechte Tr\u00e4ume gehabt, an die er sich jedoch zumeist schon wenige Sekunden nach dem Erwachen nicht mehr erinnern \u0001 \u0002 Traum aber war intensiver als sonst gewesen, und er war ihm auch in Erinnerung geblieben. Markus hatte getr\u00e4umt, da\u00df er in einen Zustand des Scheintods gefallen und lebendig begraben worden w\u00e4re, wobei er die ganze Zeit bei vollem Bewu\u00dftsein gewesen war, ohne sich von der Stelle r\u00fchren zu k\u00f6nnen. Seltsamerweise hatte er in einem Glassarg gelegen und so die versammelte Trauergemeinde sehen k\u00f6nnen, die zu seinem Begr\u00e4bnis erschienen war - doch er hatte niemanden erkennen k\u00f6nnen, denn alle anwesenden G\u00e4ste waren bleiche Gestalten, die keine Gesichter \u0001 \u0002 er schon seit mehreren Stunden wach war, verfolgte ihn das fr\u00fchmorgendliche Schreckgespenst noch immer. Normalerweise konnte er auch unangenehme Tr\u00e4ume leicht und schnell verdr\u00e4ngen, doch diesmal gelang ihm das nicht. Das war ihm bisher nur einmal passiert, als vor etwa einem Jahr in einem besonders grausigen Traum einer seiner Kommilitonen vor seinen Augen lebendig verbrannt worden war; damals hatte er die entsetzlichen Bilder den ganzen sich daran anschlie\u00dfenden Tag nicht aus seinem Kopf schieben k\u00f6nnen, und diesmal erging es ihm \u0001 \u0002 er diverse Artikel im Wirtschaftsteil der Zeitung \u00fcberflog, fragte er sich, was mit ihm eigentlich los war. In den vergangenen Wochen hatte er definitiv nichts wirklich au\u00dfergew\u00f6hnliches oder zu ernsthafter Beunruhigung Anla\u00df gebendes erlebt - zu diesem Ergebnis gelangte er zumindest, wenn er ganz n\u00fcchtern rekapitulierte, was in dieser Zeit alles passiert war. Sicher, einmal war er bei einer Verabredung versetzt worden, Manuel konnte sich an ein paar Filme, die er gemeinsam mit Markus gesehen hatte, nur verschwommen erinnern, Peter schien der Tag, an dem beide erstmals geraucht hatten, nicht mehr so deutlich vor den Augen zu stehen wie ihm, doch was bedeutete das alles schon? Der vern\u00fcnftigste Gedanke war der, da\u00df dies alles belanglose Kleinigkeiten waren, die nur er in einem Zusammenhang sah, der au\u00dferhalb seines gereizten Hirns gar nicht vorhanden war. Vielleicht konnten sich Peter oder Manuel an manche Erlebnisse genau erinnern, die er seinerseits vergessen hatte. Wie kam es, da\u00df seine \u00dcberlegungen immer wieder um solche unwichtigen Vorkommnisse kreisten? Und woher kam die au\u00dfergew\u00f6hnliche H\u00e4ufung von Alptr\u00e4umen in der letzten Zeit?Fest stand zumindest, da\u00df dies nicht an seinen Versuchen, sich das Rauchen abzugew\u00f6hnen, liegen konnte - denn damit hatte er erst begonnen, als die ersten ihm merkw\u00fcrdig scheinenden Ereignisse bereits stattgefunden hatten. Doch was war nun mit ihm los? Ein Gedanke erschreckte ihn besonders. In einer wissenschaftlichen Zeitschrift, die er vor kurzem zuf\u00e4lligerweise gelesen hatte, war er auf einen Artikel \u00fcber Schizophrenie (bei der es sich ja keineswegs um eine Bewu\u00dftseinsspaltung, wie sie in zahlreichen Filmen gezeigt wurde, handelte) gesto\u00dfen und hatte daraus insbesondere erfahren, da\u00df Schizophrene dazu neigten, in belanglosen Dingen einen verborgenen und zumeist bedrohlichen Sinn zu sehen (was sich etwa dadurch \u00e4u\u00dferte, da\u00df sie Bilder oder Zeitungsartikel horteten). Und nun fragte er sich, ob auch er m\u00f6glicherweise an einer beginnenden Geisteskrankheit litt. Ob er im Begriff war, seinen Verstand zu verlieren. Ob er wahnsinnig \u0001 \u0002 sagte er sich, schon zu seiner eigenen Beruhigung, da\u00df er schon immer die Neigung gehabt hatte, beim Lesen der Beschreibung einer Krankheit und ihrer typischsten Symptome sogleich in den Glauben zu verfallen, selbst daran zu leiden. Nein, die bei weitem plausibelste Annahme war, da\u00df er geistig ganz gesund war, da\u00df aber auch die harmlosen Zuf\u00e4lle, deren H\u00e4ufung in den letzten Wochen ihn so nerv\u00f6s machte, weder etwas zu bedeuten hatten noch miteinander in irgendeinem Zusammenhang standen. Er mu\u00dfte an die Geschichte vom Nachbarn mit dem Hammer in der Anleitung zum Ungl\u00fccklichsein denken. In diesem Lichte betrachtet, erschienen seine unausgesprochenen Bef\u00fcrchtungen ziemlich \u0001 \u0002 Verstand teilte ihm also unmi\u00dfverst\u00e4ndlich mit, da\u00df er sich keine Sorgen zu machen brauchte. Warum aber hatte er dann trotzdem solche Angst?Er bl\u00e4tterte weiter in der Zeitung herum; den Sportteil strafte er weitestgehend mit Verachtung, weil dieser fast nur aus Fu\u00dfballberichten bestand, und f\u00fcr dieses Spiel hatte Markus sich noch nie interessiert, selbst ein Weltmeisterschaft konnte ihn unter keinen Umst\u00e4nden dazu bewegen, den Fernseher anzuschalten, um eine \u00dcbertragung zu verfolgen. Der Kulturteil erwies sich diesmal auch als recht uninteressant, so da\u00df er schon bald die letzte Seite vor sich \u0001 \u0002 stie\u00df er neben dem \u00fcblichen Potpourri aus b\u00f6sem Hintertreppenklatsch \u00fcber echte und vermeintliche Prominente, Mord und Totschlag und sonstigen Kuriosit\u00e4ten auf eine kurze Meldung, die ihn auf eigenartige Weise ber\u00fchrte. Er entnahm den wenigen Zeilen, da\u00df man in einem Hochhaus einen Mann gefunden hatte, der offenbar seit zwei Jahren tot in seiner Wohnung gelegen hatte. Wie es aussah, war er verstorben, ohne von irgend jemandem vermi\u00dft zu werden - ja ohne da\u00df sein Ableben \u00fcberhaupt bemerkt worden \u0001 \u0002 fand dies entsetzlich. Er versuchte sich auszumalen, in welcher Einsamkeit dieser Mann seine letzten Stunden zugebracht haben mu\u00dfte, doch die blo\u00dfe Vorstellung war schon beklemmend. Was bleibt von uns eigentlich, nachdem wir tot sind, fragte er sich und fand auch selbst die Antwort: Nur das, was wir an Erinnerungen in anderen Menschen zur\u00fccklassen. Und wenn niemand an einen denkt, so ist das wie ein zweiter, ein noch endg\u00fcltigerer \u0001 \u0002 tiefes Gef\u00fchl der Trauer \u00fcberkam ihn. Den ganzen Tag hindurch konnte er die kurze Zeitungsnotiz nicht vergessen, und er wollte es noch nicht einmal, denn er hatte das Gef\u00fchl, dem vergessenen, vor langer Zeit und in Einsamkeit verstorbenen Mann, dessen Namen er nicht einmal kannte, einen Tag des stillen Gedenkens zu \u0001 \u0002 Tage sp\u00e4ter fiel eine von Markus\u2019 Vorlesungen aus, und er beschlo\u00df, die unvorhergesehene Freizeit f\u00fcr einen kurzen Abstecher in ein nahegelegenes Kaufhaus zu nutzen - weniger, um dort wirklich etwas zu kaufen, sondern vielmehr, um nach Dingen zu suchen, die er noch auf den Wunschzettel f\u00fcr seinen immer n\u00e4her r\u00fcckenden Geburtstag setzen konnte, denn Manuel und seine Mutter beklagten sich immer, es w\u00e4re so schwierig, Geschenke f\u00fcr ihn zu finden, da er so wenig W\u00fcnsche \u00e4u\u00dfern \u0001 \u0002 Kaufhaus hatte auch schon bessere Zeiten erlebt: Markus konnte sich noch gut daran erinnern, da\u00df er fr\u00fcher im Eingangsbereich so einige Male in ein dichtes Gedr\u00e4nge hineingeraten war, doch davon konnte mittlerweile keine Rede mehr sein. Im Inneren des Gesch\u00e4fts sah es \u00e4hnlich aus: fast schien es ihm, als ob mehr Mitarbeiter als Kunden anwesend w\u00e4ren. Hier hat die Wirtschaftsflaute auch schon voll durchgeschlagen, dachte er. Es sollte mich nicht wundern, wenn der Laden hier in einem halben Jahr pleite \u0001 \u0002 wurde ein kurzer Aufenthalt. Weder im CD- noch im DVD-Sortiment fand er irgend etwas, was er wirklich gern in seiner Wohnung gesehen h\u00e4tte. So trat er schon bald und ein wenig entt\u00e4uscht den R\u00fcckweg \u0001 \u0002 er gerade das Gesch\u00e4ft verlassen hatte, sah er auf der anderen Stra\u00dfenseite eine junge Frau, die ihm bekannt vorkam. Er folgte ihr zun\u00e4chst m\u00f6glich unauff\u00e4llig, weil er einfach neugierig war, ob dieser Eindruck zutreffend war oder ab er sich geirrt hatte. Als sie kurz darauf an einer Ampel stand und Markus, der sie nun eingeholt hatte, sie in Ruhe betrachten konnte, war er sich ganz sicher, da\u00df seine fr\u00fchere Klassenkameradin Melanie Becker neben ihm stand. Die braunen Augen, die etwas spitze Nase, die hohen Wangenknochen: all dies kam ihm ganz vertraut vor. Sie trug sogar noch immer dieselbe Brille wie in der Schulzeit - Markus war sich mit jeder Sekunde \u0001 \u0002 Melanie verbanden ihn \u00e4hnliche Erfahrungen wie mit vielen anderen seiner fr\u00fcheren Mitsch\u00fcler: als sie noch gemeinsam eine Klasse besucht hatten, hatte sie ein entspanntes, fast freundschaftliches Verh\u00e4ltnis miteinander verbunden, und sie hatten zu dieser Zeit oft \u00fcber die unterschiedlichsten Dinge miteinander gesprochen. Nach dem Abitur hatte es aber kaum noch Kontakte gegeben, und irgendwann hatten sie sich aus den Augen verloren, bis sie nun der Zufall wieder zusammengef\u00fchrt \u0001 \u0002 Ampel war immer noch nicht umgesprungen, sondern zeigte nach wie vor rot, wor\u00fcber Markus sich etwas wunderte. Noch erstaunlicher fand er es aber, da\u00df Melanie offenbar bislang keinerlei Notiz von ihm genommen hatte. Starrte sie wirklich so stur geradeaus, da\u00df sie ihn noch gar nicht bemerkt hatte? Eigentlich pa\u00dfte das nicht zu ihr, denn normalerweise nahm sie alles, was um sie herum geschah, sofort auf. Schlie\u00dflich wurde ihm das beidseitige Schweigen unangenehm, und er beschlo\u00df, sie anzusprechen, obwohl er sich dabei aus irgend einem Grund nicht besonders wohl f\u00fchlte.\u201eHallo Melanie\u201c, begann er freundlich, aber auch etwas verklemmt. \u201eKennst du mich noch?\u201c Markus h\u00e4tte zwar mit Erstaunen oder \u00dcberraschung als Reaktion gerechnet, nicht aber mit dem durchdringenden, mi\u00dftrauischen Blick, der ihn nun zu durchbohren schien, und auch nicht mit dem skeptischen, distanzierten Ton, in dem sie ihm antwortete: \u201eWieso, sollten wir uns kennen?\u201c Sofort durchzuckte Markus der Gedanke, er k\u00f6nnte sich trotz aller frappierenden \u00c4hnlichkeit doch get\u00e4uscht haben, doch dann fuhr die junge Frau fort: \u201eUnd woher kennen Sie \u00fcberhaupt meinen Vornamen?\u201cMarkus verschlug es vor Schreck fast die Sprache. Es war also wirklich Melanie! Doch wieso behauptete sie, ihn nicht zu kennen? \u201eErkennst du mich wirklich nicht mehr?\u201c, brachte er schlie\u00dflich heraus. \u201eWir waren doch auf dem Gymnasium in derselben Klasse.\u201c - \u201eUnd wieso wei\u00df ich nichts davon?\u201c, erwiderte Melanie in h\u00f6hnischem Ton, um ebenso boshaft hinzuzuf\u00fcgen: \u201eUnd wer aus meiner Klasse wollen Sie angeblich gewesen sein?\u201cObwohl es ein kalter und windiger Tag war, sp\u00fcrte Markus, wie ihm der Angstschwei\u00df ausbrach. Mit einer Stimme, die so verzerrt war, da\u00df es ihm selbst so vorkam, als ob ein Fremder spr\u00e4che, stie\u00df er noch hervor: \u201eNa, Markus. Markus Kaminsky. Du... du mu\u00dft dich doch an mich erinnern.\u201c K\u00fchl meinte Melanie: \u201eUnd warum sollte ich? In meiner Klasse gab es keinen Markus. Und mit jemandem, der Kaminsky hei\u00dft, habe ich noch nie irgend etwas zu tun gehabt. Was wollen Sie eigentlich von mir?\u201c Markus war so irritiert und verst\u00f6rt, da\u00df er nicht wu\u00dfte, was er darauf antworten sollte. Aber dann kam ihm eine M\u00f6glichkeit in den Sinn, wie er vielleicht ihre offenbar versch\u00fctteten Erinnerungen an ihn freilegen konnte. \u201eDu hast immer in der zweiten Reihe in der Klasse gesessen, auf der Fensterseite, dritter Platz von links, neben dir sa\u00dfen Tobias und Claudia. Von Claudia hast du immer in Franz\u00f6sisch abgeschrieben, wie du mir mal anvertraut hast. Und in Tobias bist du eine Zeitlang sogar richtig verknallt gewesen...\u201cMelanies Reaktion fiel abermals nicht so aus, wie Markus es erwartet h\u00e4tte: \u201eSagen Sie mal, haben Sie mir irgendwie nachspioniert? Wie kommen Sie dazu, in meinem Leben herumzuschn\u00fcffeln?\u201c - \u201eAber ich habe doch nicht spioniert\u201c, stammelte Markus verzweifelt, \u201edas mit Tobias hast du selbst mir auf einer Klassenfahrt erz\u00e4hlt...\u201c Melanies Gesicht lief daraufhin rot an, und sie kreischte fast: \u201eBl\u00f6dsinn! Ich kenne Sie \u00fcberhaupt nicht! Sind Sie einer von diesen Spinnern, die irgendwelche Leute \u00fcberall hin verfolgen? Einer von diesen Stalkern?\u201c - \u201eAber ganz und gar nicht\u201c, versuchte sich Markus zu verteidigen. Er wollte noch mehr sagen, doch seine fr\u00fchere Mitsch\u00fclerin schnitt ihm das Wort ab: \u201eSehen Sie zu, da\u00df sie mir aus den Augen kommen, oder ich rufe die Polizei!\u201cDas war zuviel f\u00fcr Markus. Das war kein Scherz, das war auch keine simple Ged\u00e4chtnisl\u00fccke: es war unverkennbar Melanie Becker, die vor ihm stand, aber es bestand kein Zweifel mehr, da\u00df sie nicht nur behauptete, ihn nicht zu kennen, sondern da\u00df sie wirklich \u00fcberzeugt davon war. Markus war sich nun auch sicher, da\u00df ihre Drohung ernst gemeint war. Verst\u00f6rt wich er zur\u00fcck, drehte sich schlie\u00dflich um und begann wegzulaufen, wobei sein Schritt sich rasch \u0001 \u0002 H\u00e4userblocks weiter hielt er an. Er konnte nicht begreifen, was ihm eben geschehen war. Da\u00df eine Klassenkameradin ihn nicht auf Anhieb erkannte, w\u00e4re zwar merkw\u00fcrdig, aber doch noch nachvollziehbar gewesen. Aber da\u00df sie hartn\u00e4ckig daran festhielt und ihn sogar der Spionage bezichtigte: das war alles andere als normal. Was hatte das zu bedeuten? Was geschah mit ihm? Und wem konnte er davon erz\u00e4hlen?Markus griff in die Jackentasche, in der sich seine Zigarettenschachtel befand. Er brauchte jetzt dringend eine Zigarette - dringender als je zuvor, wie ihm schien. Markus hatte \u0001 \u0002 entsprach nicht seinem Naturell, sein Wiegenfest im gro\u00dfen Stil zu feiern, und so hatte er auch in diesem Jahr keine Party geplant; der einzige Gast, den er in den Abendstunden erwartete, war Peter. Dieser hatte in einer E-Mail, die Markus vor f\u00fcnf Tagen empfangen hatte, mitgeteilt, da\u00df er kommen werde, voraussichtlich gegen 19 \u0001 \u0002 der bizarren Begegnung mit Melanie hoffte Markus nun, da\u00df Peter wirklich kommen w\u00fcrde. Seit diesem Erlebnis hatte Markus es keinen Tag mehr ohne Zigaretten ausgehalten, und zudem litt er seither unter Schlaflosigkeit. Er hatte bisher mit niemandem \u00fcber seine seltsame, erschreckende Erfahrung gesprochen: bei seinen Besuchen in der elterlichen Wohnung hatte er sich nie dazu aufraffen k\u00f6nnen, das Thema anzuschneiden, und seine Versuche, Peter telefonisch zu erreichen, waren seither erfolglos gewesen. Nat\u00fcrlich h\u00e4tte er Peter eine E-Mail schicken k\u00f6nnen, doch ein so unheimliches Erlebnis wollte er lieber im direkten Gespr\u00e4ch schildern. Immerhin, der Abend bot die Gelegenheit dazu; heute wollte er Peter erz\u00e4hlen, was ihm mit Melanie passiert war. Er war \u00fcberaus gespannt, ob Peter mit seiner rationalen, mathematischen Logik daf\u00fcr auch eine einsichtige, plausible Erkl\u00e4rung aus dem \u00c4rmel sch\u00fctteln \u0001 \u0002 sa\u00df im Wohnzimmer; die Funkuhr, die \u00fcber der T\u00fcr angebracht war, informierte ihn, da\u00df es kurz nach 15 Uhr war. Es lagen also noch einige Stunden vor ihm, die er allein zubringen w\u00fcrde. W\u00e4hrend er im Sessel sa\u00df, eine Zigarette rauchte (bereits die zehnte am heutigen Tag) und ins Leere starrte, dachte er noch einmal an den Vormittag zur\u00fcck. Diesen hatte er bei seiner Mutter verbracht (sein Vater war immer noch im Krankenhaus, Manuel war zu diesem Zeitpunkt in der Schule), aber es war kein angenehmer Aufenthalt gewesen. Seine Mutter hatte ihm zwar zum Geburtstag gratuliert und auch mehrere Geschenke (zwei von ihr, eines von Manuel) \u00fcberreicht, doch in solcher Weise, als ob sie nur einer l\u00e4stigen Pflicht nachk\u00e4me. Das hatte ihn irritiert, erschreckt und vor allem auch verletzt, da er sich keinerlei Schuld bewu\u00dft war, die eine so k\u00fchle Behandlung irgendwie h\u00e4tte begr\u00fcnden k\u00f6nnen. Doch wie so oft, wenn er sich ungerecht behandelt f\u00fchlte, hatte er auch diesmal geschwiegen und seine Gef\u00fchle unterdr\u00fcckt. Er war dann aber kurz nach Mittag, gut anderthalb Stunden fr\u00fcher, als er urspr\u00fcnglich beabsichtigt hatte, wieder aufgebrochen, und hoffte nun ein wenig, da\u00df dies seiner Mutter zu denken \u0001 \u0002 entsprechend d\u00fcsterer Stimmung war er wieder in seine Wohnung zur\u00fcckgekehrt; immerhin hatte sich seine Stimmung wieder etwas aufgehellt, als er beim Abrufen seiner E-Mails eine Nachricht von seinem Bruder empfangen hatte. Manuel hatte geschrieben:\u201eMein lieber Bruder!Ich m\u00f6chte Dir ganz herzlich zum Geburtstag gratulieren und w\u00fcnsche Dir alles Gute. Leider werden wir uns heute wohl kaum sehen, wenn ich aus der Schule zur\u00fcckkomme, bist Du wahrscheinlich schon wieder in Deiner Wohnung, da der Unterricht gerade heute besonders lang ist, und ich kann auch sp\u00e4ter nicht zu Dir kommen, da ich momentan noch sehr viel f\u00fcr die Schule erledigen mu\u00df. Aber ich komme in den n\u00e4chsten Tagen vorbei, sobald ich ein wenig Zeit habe. Mein Geschenk wirst Du dann ja von Mama bekommen. Bis \u0001 \u0002 Gr\u00fc\u00dfeManuel\u201cDieser warmherzige Ton war noch dem fast schon frostigen Empfang, den seine Mutter ihm heute bereitet hatte, eine wahre Wohltat. Unter seinen Geschenken war auch das von Manuel das sch\u00f6nste, eine DVD: Die Truman Show. Er wollte den Film heute abend Peter vorf\u00fchren, der ihn noch nicht kannte, und war auf dessen Meinung \u0001 \u0002 Moment stand er vor der Frage, wie er die n\u00e4chsten Stunden zubringen wollte. Er h\u00e4tte nat\u00fcrlich etwas f\u00fcr sein Studium tun k\u00f6nnen, doch damit wollte er sich seinen Geburtstag nicht verderben. Kurzfristig entschlo\u00df er sich zu einen l\u00e4ngeren \u0001 \u0002 Sonne war bereits untergegangen, als er zur\u00fcckkehrte. Abgesehen von Manuel schien offenbar niemand an seinen Geburtstag zu denken, denn er war den ganzen Tag noch nicht angerufen worden, und aus irgend einem Grund war er sich auch sicher, da\u00df er in den letzten Stunden keine weiteren E-Mails bekommen hatte - zumindest keine, die etwas mit seinem Geburtstag zu tun gehabt h\u00e4tten. Er lie\u00df sich wieder in seinem Wohnzimmersessel nieder und gr\u00fcbelte dar\u00fcber nach, was aus seinen Bekanntschaften und Freundschaften fr\u00fcherer Tage geworden war; seit seiner Begegnung mit Melanie, deren Verlauf ihm immer noch unbegreiflich war, dachte er \u00f6fters daran. Abgesehen von Peter hatte er zu keinem seiner fr\u00fcheren Mitsch\u00fcler noch Kontakte, die man als solche bezeichnen konnte. Und mit seinen Kommilitonen verstand er sich zwar gut, erkannte in diesem Moment aber mit schneidender Deutlichkeit, da\u00df sie eigentlich immer noch Fremde f\u00fcr ihn waren. Trotzdem wunderte er sich, da\u00df \u00fcberhaupt noch keiner von ihnen auf die Idee gekommen war, ihn anzurufen; vor einem Jahr hatten immerhin vier von ihnen telefonisch gratuliert. Doch diesmal herrschte Schweigen. Dies ersch\u00fctterte ihn nicht wirklich - nach seiner Begegnung mit Melanie kam es ihm harmlos vor, wenn jemand lediglich nicht an seinen Geburtstag dachte - doch merkw\u00fcrdig war der Umstand, da\u00df offenbar alle seiner Bekannten seinen Geburtstag verschlafen hatten, allemal. Aber vielleicht gab es ja Gratulanten, die sich diesmal f\u00fcr den Weg der elektronischen Post entschieden \u0001 \u0002 klingelte es an seiner Wohnungst\u00fcr. Das \u00fcberraschte Markus, denn Peter erwartete er erst in anderthalb Stunden. Er stand aus seinem Sessel auf, \u00f6ffnete die Wohnungst\u00fcr und im Anschlu\u00df per Knopfdruck auch die Haust\u00fcr, als er feststellte, da\u00df niemand vor seiner T\u00fcr stand und derjenige, der Einla\u00df verlangte, offenbar vor der Haust\u00fcr sein mu\u00dfte. Doch kein Laut deutete darauf hin, da\u00df jemand das Treppenhaus \u0001 \u0002 ging die Treppe hinunter, obwohl ihm der Gedanke kam, da\u00df er vielleicht einfach nur auf einen Klingelstreich von Kindern hereinfiel. Er sah sich dann auch wenig sp\u00e4ter in seinem Verdacht best\u00e4tigt, denn vor der Haust\u00fcr stand ebenfalls niemand; wenn Kinder dahinter steckten, so mu\u00dften sie ohne jedes Ger\u00e4usch verschwunden sein: noch nicht einmal ein Kichern aus einem Geb\u00fcsch war zu vernehmen. Es war absolut \u0001 \u0002 wollte wieder in seine Wohnung zur\u00fcckkehren, als ihm pl\u00f6tzlich am Klingeltableau auffiel, da\u00df die Namen aller anderen Mieter verschwunden waren. Einzig und allein sein Name war noch vorhanden. Das kam ihm mehr als seltsam vor, und er begann, die Wohnungst\u00fcren im Treppenhaus zu \u0001 \u0002 war es dasselbe: an keiner einzigen Wohnungst\u00fcr gab es ein Namensschild - nur an \u0001 \u0002 h\u00e4tte selbst nicht erkl\u00e4ren k\u00f6nnen, wie er pl\u00f6tzlich auf den Gedanken kam, in das Notizbuch hineinzuschauen, in dem er die Telefonnummern aller seiner Freunde und Bekannten festhielt. Es war ein spontaner Impuls, dem er folgte. Und er fand sich in seinen schlimmsten Bef\u00fcrchtungen best\u00e4tigt: alle Nummern waren verschwunden, es gab keine einzige Seite im Notizbuch, die beschrieben war. Nun griff er zum Telefonbuch, wobei seine H\u00e4nde \u0001 \u0002 Telefonbuch enthielt nur leere Seiten. Er bl\u00e4tterte erst langsam, dann immer hektischer in dem Buch herum; alles, was er fand, waren leere Seiten. Als er beim Buchstaben K angelangt war, kam es ihm einmal so vor, als ob auf einer Seite etwas st\u00fcnde. Er sah noch einmal genauer hin, und stellte fest, da\u00df dort tats\u00e4chlich eine Nummer stand. Seine \u0001 \u0002 diesem Augenblick klingelte sein Handy. \u201eHallo?\u201c, meldete er sich mit zitternder Stimme.\u201eMarkus Kaminsky\u201c, h\u00f6rte er sich selbst sagen.- Schwei\u00dfgebadet fuhr Markus aus seinem Sessel hoch und erwachte aus dem Alptraum. In einem Anflug von Hysterie st\u00fcrzte er zum Telefonbuch, und schlug eine beliebige Seite auf. Er stie\u00df einen erleichterten Seufzer aus, als er dort Kolonnen von Namen und Nummern entdeckte, so wie es sich \u0001 \u0002 er auf die Uhr blickte, stellte er fest, da\u00df es \u0001 \u0002 Uhr war; in ungef\u00e4hr einer Viertelstunde mu\u00dfte also Peter bei ihm eintreffen. Markus beschlo\u00df, noch schnell zu duschen und sich neu einzukleiden, denn wie er feststellen mu\u00dfte, triefte er f\u00f6rmlich vor Schwei\u00df. In gro\u00dfer Eile entkleidete er sich, st\u00fcrzte ins Badezimmer, sprang unter die Dusche, trocknete sich anschlie\u00dfend ab, \u00f6ffnete seinen Kleiderschrank und entnahm diesem frische Unterw\u00e4sche und Socken, eine schwarze Jeans und ein gelbes Sweatshirt und schl\u00fcpfte mit der gr\u00f6\u00dftm\u00f6glichen Geschwindigkeit in die herausgegriffenen Kleidungsst\u00fccke hinein. H\u00f6chst zufrieden stellte er fest, da\u00df er alles noch rechtzeitig geschafft hatte - nun konnte Peter ruhig kommen. Markus f\u00fchlte sich nun entschieden besser, es kam ihm so vor, als ob er zusammen mit dem Schwei\u00df auch den Alptraum abgesp\u00fclt \u0001 \u0002 n\u00e4chsten Minuten vergingen, ohne da\u00df etwas geschah. Wo blieb nur Peter, auf dessen P\u00fcnktlichkeit man sich doch immer vollkommen verlassen konnte? Es war inzwischen \u0001 \u0002 Uhr. Markus \u00e4rgerte sich nun ein wenig. Mu\u00dfte Peter sich ausgerechnet seinen Geburtstag aussuchen, um das einzige Mal im Jahr unp\u00fcnktlich zu sein? Abgesehen davon, da\u00df er sich vorhin gar nicht so sehr h\u00e4tte abhetzen \u0001 \u0002 \u0001 \u0002 Uhr fragte er sich ernsthaft, wo Peter blieb. War irgend etwas dazwischengekommen? Er schaltete seinen Computer an, um noch einmal E-Mails abzurufen; vielleicht hatte Peter ihm eine Nachricht geschickt. Mit zitternden Fingern tippte er sein Pa\u00dfwort ein, wartete - und stellte fest, da\u00df er keine neuen Nachrichten in seinem Posteingang hatte. Peter hatte ihm keine E-Mail geschickt. Und auch keiner seiner \u0001 \u0002 wollte er genau wissen, was los war. Er nahm den H\u00f6rer seines Telefons in die Hand (diesmal benutzte er sein Festnetztelefon), tippte Peters Nummer ein und wartete. Er lie\u00df es klingeln, ein ums andere Mal, doch niemand nahm ab. Offenbar war Peter nicht zu Hause. Dies war zumindest nicht das schlechteste Zeichen. Vielleicht war Peter bereits unterwegs und war von einer Umleitung oder einem anderen Verkehrshindernis \u00fcberrascht worden. er beschlo\u00df also, noch etwas l\u00e4nger zu \u0001 \u0002 Zeit verging. Erst waren es nur Minuten, doch allm\u00e4hlich wurde daraus eine Viertelstunde, eine halbe Stunde, eine Stunde. Um \u0001 \u0002 Uhr f\u00fcgte sich Markus in die Einsicht, da\u00df Peter nicht kommen w\u00fcrde. Er erinnerte sich wieder an seine k\u00fcrzliche Begegnung mit Melanie, und nun stieg ein grauenhafter Verdacht in ihm auf. Bis heute konnte er sich nicht erkl\u00e4ren, warum Melanie ihn nicht erkannt hatte - doch wenn mit ihr etwas unerkl\u00e4rliches geschehen war, konnte dann nicht auch dasselbe mit Peter geschehen sein?Er mu\u00dfte unbedingt Gewi\u00dfheit haben. Die Unsicherheit war momentan das, was ihm am unertr\u00e4glichsten war. So rief er ungef\u00e4hr um 21 Uhr nochmals bei Peter an. Wieder nahm niemand ab, und Markus\u2019 Anspannung wuchs weiter. Im Verlauf der n\u00e4chsten Stunde z\u00fcndete er sich mehrere Zigaretten an, und schon jetzt war ihm klar, da\u00df er mit dem heutigen Tag einen unr\u00fchmlichen pers\u00f6nlichen Rekord \u0001 \u0002 versuchte schlie\u00dflich kurz nach 22 Uhr noch einmal, Peter zu erreichen. Diesmal hatte er Erfolg. Nach dem dritten Klingeln meldete sich Peters vertraute Stimme: \u201ePeter Pfender.\u201c Markus atmete tief durch, die Angst erstickte fast seine Stimme. trotzdem gelang es ihm, die Worte hervorzupressen: \u201eHallo, hier ist Markus.\u201c Peters Antwort entsprach seinen schlimmsten Bef\u00fcrchtungen: \u201eMarkus? Welcher Markus?\u201c Das Unfa\u00dfbare war offenkundig, doch Markus klammerte sich noch an einen letzten Halm der Hoffnung, wollte den Irrsinn nicht als gegeben hinnehmen. Fast tonlos hauchte er ins Telefon: \u201eMarkus Kaminsky.\u201c Er wollte noch mehr sagen, brachte aber nicht mehr heraus. \u201eKaminsky? Ich kenne niemanden, der so hei\u00dft, tut mir leid. Wahrscheinlich haben Sie die falsche Nummer erwischt\u201c, h\u00f6rte er Peters Stimme sagen. Irgendwie gelang es Markus sogar noch, zu sagen: \u201eJa, wahrscheinlich. Tut mir leid.\u201c Dann legte er \u0001 \u0002 sackte f\u00f6rmlich zusammen, sein Beine versagten ihm ihren Dienst. Das Entsetzen explodierte in seinem Kopf, drang in jede Pore seines K\u00f6rpers, l\u00e4hmte und elektrisierte ihn. Es war nicht daran zu r\u00fctteln: sein bester Freund, den er seit ungef\u00e4hr 15 Jahren kannte, hatte soeben - nicht im Scherz, sondern offenbar v\u00f6llig ernsthaft - behauptet, ihn nicht zu kennen. Und dies war kein \u0001 \u0002 war die entsetzliche \u0001 \u0002 verbrachte nach dem kurzen Telefonat mit Peter eine der schlimmsten N\u00e4chte seines Lebens: ohne weitere Alptr\u00e4ume, aber auch ohne Schlaf. Nach wie vor konnte er nicht begreifen, was mit ihm geschah. War er das Opfer einer gro\u00dfangelegten Verschw\u00f6rung? Doch wer sollte sich davon irgend einen Nutzen versprechen? Er verwarf den Gedanken wieder. Nicht nur, da\u00df jedes Motiv f\u00fcr etwaige Verschw\u00f6rer fehlte - er konnte sich nicht vorstellen, da\u00df ausgerechnet Peter sich an so etwas beteiligen w\u00fcrde. Doch was war es dann? Eine ansteckende Form von Amnesie? Doch wieso waren nur Erinnerungen betroffen, die ihn betrafen?Je l\u00e4nger und verzweifelter er nach einer Erkl\u00e4rung suchte, um so deutlicher wurde ihm, da\u00df es keine Erkl\u00e4rung gab. Auf irgendeine unbegreifliche Weise schien er aus dem Bewu\u00dftsein seiner Mitmenschen zu verschwinden. Gab es irgend jemanden, dem \u00e4hnliches passiert war? Jemanden, an den er sich wenden konnte?Verzweifelt versuchte er die aufkommende Panik zu unterdr\u00fccken. Er wu\u00dfte, da\u00df er kurz vor einem Nervenzusammenbruch stand, und da\u00df er jetzt unbedingt versuchen mu\u00dfte, einen k\u00fchlen Kopf zu bewahren. Wenn er jetzt zulie\u00df, da\u00df Angst und Verzweiflung die Kontrolle \u00fcber ihn gewannen, konnte es schnell passieren, da\u00df sie seinen Verstand t\u00f6dlich vergifteten. Als seine dringendste Aufgabe sah er es im Moment an, herauszufinden, wer au\u00dfer Peter (und Melanie) noch von dem r\u00e4tselhaften Ged\u00e4chtnisschwund betroffen war. Er beschlo\u00df, am Vormittag Kontakt zu m\u00f6glichst vielen Bekannten aufzunehmen, zu fr\u00fcheren Mitsch\u00fclern und Nachbarn ebenso wie zu seinen jetzigen \u0001 \u0002 den gesamten Vormittag verbrachte er am Telefon. Insgesamt rief er 23 Personen an, die in seinem Notizbuch vermerkt waren, von denen er 14 wirklich erreichte. Das Ergebnis \u00fcbertraf seine schlimmsten Bef\u00fcrchtungen: alle 14 behaupteten, noch nie von ihm geh\u00f6rt zu haben. Nach Lage der Dinge existierte er f\u00fcr seine Bekannten schlicht und ergreifend nicht mehr und hatte, was noch schlimmer war, auch nie \u0001 \u0002 noch behielt er einen kleinen Rest von Selbstbeherrschung; doch jedes Telefonat dieses Vormittags brachte ihn dem vollst\u00e4ndigen Kollaps n\u00e4her. Aber er hatte noch einen letzten Strohhalm, an den er sich klammerte: zumindest seine Familie mu\u00dfte ihn erkennen. Er sp\u00fcrte, wie ihm beim blo\u00dfen Gedanken an die Alternative dazu \u00fcbel \u0001 \u0002 doch: er brauchte Gewi\u00dfheit. Auch in diesem letzten Punkt. Am fr\u00fchen Nachmittag stieg er in sein Auto, und erstaunlicherweise gelang es ihm, sicher und ohne Zwischenf\u00e4lle die Adresse seiner Eltern zu erreichen, obwohl es um seine Konzentration auf den Stra\u00dfenverkehr alles andere als gut bestellt \u0001 \u0002 er das Treppenhaus betrat, dachte er daran, da\u00df er erst gestern hier gewesen war - ihm kam es so vor, als w\u00e4ren seitdem Monate, vielleicht sogar Jahre vergangen. Als er vor der Wohnungst\u00fcr stand, verharrte er einen Moment, bevor er zu seinem Schl\u00fcsselbund griff. Er hatte das Gef\u00fchl, seinen eigenen Herzschlag h\u00f6ren zu k\u00f6nnen. Schlie\u00dflich w\u00e4hlte er den Schl\u00fcssel f\u00fcr die Wohnung seiner Eltern, den er praktischerweise immer noch bei sich hatte, aus, steckte ihn ungemein langsam ins Schl\u00fcsselloch und schlo\u00df die T\u00fcr auf. Langsam und vorsichtig trat er ein, sobald er im Flur war, machte er die T\u00fcr wieder zu. Er sah sich um, brachte aber kein Wort heraus und traute sich auch nicht weiter in die Wohnung hinein. So blieb er einfach stehen. Er stand immer noch bewegungslos im Flur, als seine Mutter, die aus dem Wohnzimmer kam, den Raum \u0001 \u0002 als Markus in ihre Augen sah, wu\u00dfte er schon alles. Mit offener Feindseligkeit sah sie ihn an, und dann richtete sie an ihn die niederschmetternden Worte: \u201eWer sind Sie? Und wie kommen Sie an einen Schl\u00fcssel f\u00fcr diese Wohnung?\u201c Markus staunte selbst dar\u00fcber, da\u00df er \u00fcberhaupt noch die Kraft fand, zu antworten: \u201eAber Mama, du mu\u00dft mich doch erkennen. Ich bin\u2019s, Markus, dein Sohn!\u201c Der Gesichtsausdruck seiner Mutter verriet mit gro\u00dfer M\u00fche unterdr\u00fcckten Zorn: \u201eWas ist das f\u00fcr ein Unsinn? Mein Sohn hei\u00dft Manuel.\u201c Immer noch wehrte sich Markus: \u201eNat\u00fcrlich hei\u00dft er Manuel, er ist doch mein Bruder. Er will Medizin oder Biologie studieren, macht n\u00e4chstes Jahr Abitur, und sein Geburtstag ist der 27. Februar.\u201c Es war ein letztes Aufb\u00e4umen, nach seinen Erfahrungen der j\u00fcngsten Zeit erwartete Markus selbst nicht mehr, seine Mutter mit diesen Angaben \u00fcberzeugen zu k\u00f6nnen. Sie ging auch gar nicht darauf ein, was er gesagt hatte, sondern schrie ihn nur an: \u201eWoher haben Sie einen Schl\u00fcssel f\u00fcr diese Wohnung?\u201cIn diesem Augenblick wurde die Wohnungst\u00fcr erneut aufgeschlossen. Es war Manuel, der gerade von der Schule kam. Markus sah seinem Bruder mit einem hoffenden, geradezu flehenden Blick in die Augen, doch dieser schien ihn zu ignorieren und sprach statt dessen ihre Mutter an: \u201eWer ist das denn?\u201c - \u201eDiese Person behauptet, dein Bruder zu sein. Ist denn so etwas m\u00f6glich?\u201c Manuel sah Markus an, und meinte dann h\u00f6hnisch: \u201eMein Bruder? Ich bin doch ein Einzelkind.\u201c Markus versuchte, das Schluchzen zu unterdr\u00fccken, als er seinen j\u00fcngeren Bruder nun direkt ansprach: \u201eManuel, du auch? Gestern hast du mir noch in einer E-Mail zum Geburtstag gratuliert.\u201c Mit einem Gesichtsausdruck, in dem Spott und Mitleid gleicherma\u00dfen zu erkennen waren, erwiderte Manuel: \u201eIch soll gestern irgendwelche Mails geschrieben haben? Oh Mann, Sie sind offenbar total durchgeknallt.\u201cObwohl sein Verstand ihm mitteilte, da\u00df alles vergeblich war, redete Markus noch weiterhin auf seine Mutter ein, ohne da\u00df ihm bewu\u00dft gewesen w\u00e4re, wor\u00fcber er eigentlich sprach. Pl\u00f6tzlich fiel ihm auf, da\u00df sein j\u00fcngerer Bruder nicht mehr im Flur war. Er begann, sich nach ihm umzusehen und stellte fest, da\u00df er im Wohnzimmer gerade telefonierte. Offenbar rief Manuel gerade die Polizei!Das war mehr, als Markus ertragen konnte. In panischem Schrecken st\u00fcrzte er zur Wohnungst\u00fcr, rannte dann zur Haust\u00fcr und schlie\u00dflich zu seinem \u0001 \u0002 fuhr nicht sofort los, als er hinter seinem Steuer sa\u00df. Zun\u00e4chst sackte er in sich zusammen und weinte hemmungslos. Schon gestern abend war es ihm schwergefallen, die Tr\u00e4nen zu unterdr\u00fccken, doch nun gab es kein Halten mehr. Er schluchzte und konnte bald nichts mehr klar sehen, da die Welt um ihn herum in einem Tr\u00e4nenschleier \u0001 \u0002 der erste heftige Weinkrampf sich gelegt hatte, kehrte ein kleiner Hauch von Lebenswillen in ihn zur\u00fcck, genug, um ihm klarzumachen, da\u00df er besser daran tat, nun schleunigst nach Hause zu fahren, bevor die Polizei tats\u00e4chlich eintraf und zweifelsohne eine Reihe unangenehmer Fragen stellen w\u00fcrde. Wenn Manuel und seine Mutter sich wirklich nicht mehr an ihn erinnerten, war auch davon auszugehen, da\u00df sie auch seine Adresse nicht mehr kannten, daher nahm er an, da\u00df er in seiner Wohnung zumindest einigerma\u00dfen ungest\u00f6rt w\u00e4re. Dann war es jetzt aber wirklich an der Zeit, \u0001 \u0002 versuchte, seine rotgeweinten, verquollenen Augen halbwegs trockenzureiben, damit er w\u00e4hrend der Autofahrt zumindest die Stra\u00dfe vor sich erkennen konnte. Irgendwie fand er dann tats\u00e4chlich seinen Weg durch die Stra\u00dfen, mehr von Instinkten als \u00dcberlegungen \u0001 \u0002 er im Treppenhaus die Stufen, die zu seiner Wohnung f\u00fchrten, nahm, torkelte er mehr hinauf als da\u00df er gegangen w\u00e4re. Apathisch schlo\u00df er seine Wohnungst\u00fcr auf, und nachdem er sich erst einmal innerhalb der sch\u00fctzenden eigenen vier W\u00e4nde befand, suchte er erst einmal Zuflucht in seinem Wohnzimmersessel. D\u00fcster br\u00fctete er dar\u00fcber, wie sein Leben nun weitergehen sollte - oder richtiger gesagt, das, was von seinem Leben noch \u00fcbrig geblieben war. Was war das schon? Alle Menschen, die er kannte, verleugneten seine Existenz, er hatte keine Bekannten, keine Freunde, keine Familie mehr. Wie war \u00fcberhaupt noch ein Leben unter solchen Umst\u00e4nden m\u00f6glich? Und wie hatte es \u00fcberhaupt so weit kommen k\u00f6nnen? Er merkte, da\u00df er erneut von der Verzweiflung \u00fcberw\u00e4ltigt wurde, doch inzwischen fehlte ihm sogar zum Weinen die Kraft. Er sp\u00fcrte nun auch seine v\u00f6llige Ersch\u00f6pfung, und so hielt er es f\u00fcr das Beste, etwas zu schlafen - oder dies zumindest zu versuchen. Vielleicht w\u00fcrde er ja aufwachen, und alles w\u00e4re wieder wie \u0001 \u0002 erhob sich aus seinem Sessel und schlich schweren Schrittes ins Schlafzimmer; dort legte er seine Kleider ab und zog sich einen Schlafanzug an. Es war zwar erst Nachmittag, doch er wollte nur noch schlafen. Aber vorher w\u00fcrde er sich noch die Z\u00e4hne putzen - er ging nie mit ungeputzten Z\u00e4hnen ins Bett, egal, wie schlecht es ihm ging. Mit der letzten Willenskraft schleppte er sich ins \u0001 \u0002 er sich \u00fcber das Waschbecken beugte, schaute er in den dar\u00fcber h\u00e4ngenden Spiegel; zun\u00e4chst irritiert, dann ungl\u00e4ubig und mit wachsendem Entsetzen. Er konnte nicht glauben, was er dort \u0001 \u0002 dann begann Markus zu schreien. Er stie\u00df langgezogene, gellende, durchdringende Schreie aus, verzweifelte, wahnsinnige \u0001 \u0002 war nicht sein Gesicht, das er dort im Spiegel \u0001 \u0002 war das Gesicht eines Fremden.",
            "wordcount": "11.598",
            "chapter_release": "03.03.2017",
            "chapter_number": "1"
        }
    },
    "title": "Der Vergessene",
    "topic": "unspecified",
    "release": "\n03.03.2017\n\t\t\t\t\t\t",
    "author": "Thomas Heinrich"
}