{
    "tags": [],
    "chapcount": "8",
    "wordcount": "13.437",
    "chapters": {
        "1": {
            "text": "Die uralte Flasche stand in der Mitte des Tisches und um sie herum lagen die insgesamt einunddrei\u00dfig eng und beidseitig beschriebenen Zettel. Sie waren vergilbt und br\u00fcchig und versuchten immer wieder, sich zusammenzurollen, um in die Position zur\u00fcckzukehren, in der sie die letzten vier Jahrzehnte in der Flasche verbracht hatten. Kelly Farland, die vor viel zu langer Zeit einmal Kelly Spencer gehei\u00dfen hatte, st\u00fctzte sich mit beiden H\u00e4nden auf dem Tisch ab und starrte gedankenverloren ins Leere. Soeben hatte der junge Deutsche namens Lars Orten, der ihr gegen\u00fcber sa\u00df, die letzte der Seiten auf den Tisch zur\u00fcckgelegt. Er hatte die gesamte Botschaft, die auf ihnen festgehalten war, mit seinem leichten Akzent vorgelesen. Er war es auch gewesen, der diese Flaschenpost w\u00e4hrend einer Urlaubsreise vor gut einem Jahr zuf\u00e4llig an der K\u00fcste Islands aufgefunden hatte. Au\u00dfer Kelly und Mr. Orten waren noch Kellys Stiefbruder Finnigan und der Inselpfarrer George Harker um den Tisch herum versammelt, der mitten im ansonsten menschenleeren Gastraum der Pension Red Maple stand. Das Zwielicht der Abendd\u00e4mmerung fiel durch die bullaugenartigen Fenster in den holzget\u00e4felten Raum. Jetzt war Februar. Die Touristensaison w\u00fcrde fr\u00fchestens im April einsetzen. Derzeit war Lars Orten der einzige Gast auf der kleinen Insel Kempton Rock, die knapp drei\u00dfig Kilometer nordwestlich von Neufundland aus den Fluten des Atlantik ragte. Er war am fr\u00fchen Nachmittag mit dem monatlichen Versorgungsschiff aus St. John's gekommen und die Nervosit\u00e4t, die er w\u00e4hrend seines Vortrags der Flaschenpost an den Tag gelegt hatte, schien nicht daf\u00fcr zu sprechen, dass er vorhatte, die Nacht hier zu verbringen. Auch jetzt glitten seine Blicke wieder zu der gewaltigen Standuhr neben der Eingangst\u00fcr, wohl um sich zu vergewissern, dass er die Abfahrt des Schiffes auf keinen Fall verpasste. Das Ticken der Uhr schien regelrecht durch den stillen Raum zu \u0001 \u0002 starrte nun direkt die Flasche an und bemerkte, dass die anderen es auch taten. Labett's Blue, das beliebteste Bier unter den Fischern der Insel. Zumindest damals in den Siebzigern. Das wusste Kelly ganz genau, denn ihre Familie hatte seit Generationen den einzigen Laden auf der Insel betrieben. Spencer's General Store. Mittlerweile befand sich im Erdgeschoss ihres Elternhauses in der Carter Street stattdessen eine Filiale der Supermarktkette Foodland. Kellys Ehemann Ian \u2013 Gott hab ihn selig \u2013 war auf diese fantastische Idee gekommen, die Kelly seitdem bitter bereut \u0001 \u0002 die Flasche, vielmehr ihr Inhalt, war auch f\u00fcr die anderen anwesenden Insulaner wie eine Botschaft aus ihrer Vergangenheit. Denn sie alle wussten nur zu gut, wer Stanley Hanlon war.\u201eSie haben sicher Verst\u00e4ndnis daf\u00fcr, Mr. Orten\u201c, sagte Finnigan schlie\u00dflich,\u201cdass wir sie pers\u00f6nlich hierher gebeten haben. Dass wir was das angeht nicht irgendeinem daher gelaufenen Typen aus dem Internet vertrauen wollten. Heutzutage wei\u00df man schlie\u00dflich nie\u201c.\u201eKann ich verstehen\u201c, erwiderte Orten. \u201eIch hatte mir w\u00e4hrend des ganzen Fluges nach Kanada vorgenommen, zu fragen, aber wenn ich es jetzt recht bedenke...\u201cEr blickte unsicher in die Runde.\u201eIch will eigentlich gar nicht wissen, ob das hier ein Scherz sein soll oder... Sie wissen schon\u201c.\u201eJa\u201c, sagte Pfarrer Harker in seiner gewohnten, ruhigen Art. Es war Sonntag und er war wohl noch nicht dazu gekommen, den schwarzen Talar abzulegen, den er w\u00e4hrend des Gottesdienstes am Morgen getragen hatte. \u201eWir wissen schon. Denken Sie lieber nicht zu viel dar\u00fcber nach, Mr. Orten. Wir sind ihnen sehr dankbar, dass sie uns ihren Fund anvertraut haben, aber ich kann Ihnen nur raten, das alles jetzt so schnell wie m\u00f6glich zu vergessen\u201c.Orten wurde bleich wie der Vollmond. Kelly konnte es nicht glauben. Noch offensichtlicher w\u00e4re es nur gewesen, ihrem Gast direkt zu erkl\u00e4ren, dass der fantastische, verst\u00f6rende Inhalt der Flaschenpost eine wahre Geschichte erz\u00e4hlte. Zumindest soweit es ihnen \u0001 \u0002 Jugendfreund Stanley Hanlon war vor dreiundvierzig Jahren verschwunden, in der Nacht des achtzehnten Oktober 1975, in der sein geliebter Gro\u00dfvater von den Skiaren geholt worden war. Allem Anschein nach hatte er, w\u00e4hrend die ganze Insel schlief, das motorisierte Fischerboot seines Vaters bestiegen und war damit hinaus aufs Meer gefahren. Er war nie zur\u00fcckgekehrt. Seinem Vater zufolge hatte der Junge auch dessen Waffe, eine geladene FN Browning mitgenommen, was viele hinter vorgehaltener Hand verbreitete Ger\u00fcchte hervorbrachte, nach denen Stan versucht hatte, allein gegen die Skiaren zu k\u00e4mpfen. Jeder hatte dazu seine eigenen Vorstellungen entwickelt, aber keiner wagte, sie laut \u0001 \u0002 kanadische K\u00fcstenwache, teilweise von ihren amerikanischen Kollegen unterst\u00fctzt, hatte Stan Hanlon wochenlang in den umliegenden Gew\u00e4ssern und den H\u00e4fen der nordamerikanischen Ostk\u00fcste gesucht. Besonders weit h\u00e4tte das kleine Boot nicht kommen k\u00f6nnen. Aber am zw\u00f6lften Dezember wurde die Suche ohne Ergebnis offiziell eingestellt und Stanley Hanlon galt als verschollen, ohne die geringste Spur. Bis heute.\u201eAber... die Kreaturen... und ein Tor in eine andere Welt, das...\u201c, stammelte Orten und wies auf die vor ihm liegenden Bl\u00e4tter. Finnigan unterbrach ihn.\u201eMr. Harker sagte doch, sie sollten es vergessen\u201c, sagte Kellys Stiefbruder scharf. Er hatte das Red Maple nach dem Tod des alten Phil Decker \u00fcbernommen. Er war ganze vierzehn Jahre j\u00fcnger als Kelly und war einem Verh\u00e4ltnis entsprungen, dass ihre Mutter mit einem H\u00e4ndler aus Montreal gehabt hatte. Der neue Daddy hatte die Insel allerdings blitzartig verlassen, nachdem er von der Schwangerschaft erfahren. Er hat nie erfahren, was f\u00fcr eine weise Entscheidung er damit tats\u00e4chlich getroffen \u0001 \u0002 Orten wurde panisch.\u201eSie wollen mir doch nicht erz\u00e4hlen, dass diese hirnverbrannte...\u201c\u201eIch will Ihnen \u00fcberhaupt nichts erz\u00e4hlen\u201c, sagte Finnigan und wurde ebenfalls lauter.\u201eNehmen Sie es hin, wie es ist. Und gehen Sie lieber, bevor sie noch hysterisch werden oder \u2013 Gott bewahre \u2013 Ihre Passage zur\u00fcck verpassen!\u201cLars war in seinem Stuhl immer kleiner geworden. Anscheinend war er derart raue Tonf\u00e4lle nicht gew\u00f6hnt.\u201eEine sehr gute Idee\u201c, sagte Orten und erhob sich vorsichtig. Wieder sah er sorgf\u00e4ltig jeden in der Runde an. Es schien, als ob ihm noch irgendetwas auf der Zunge l\u00e4ge, aber dann spannte er doch nur seinen Reiserucksack um und war mit wenigen Schritten an der T\u00fcr. Ohne ein weiteres Wort stie\u00df er sie auf und verschwand in der tr\u00fcben D\u00e4mmerung. Nachdem die T\u00fcr ins Schloss gefallen war, war f\u00fcr einen Moment wieder nur das Ticken der alten Uhr zu h\u00f6ren, dessen Messingpendel best\u00e4ndig hin und her schwang, wie die Schl\u00e4ge eines Herzens. Kelly folgte endlich dem Impuls, sich aus ihrer unbequemen Position zu l\u00f6sen und setzte sich auf den Stuhl vor ihr. Sie hatte einmal mehr versucht, sich zu beweisen, dass die zur\u00fcckliegenden Jahrzehnte spurlos an ihr vorbeigegangen waren. Vergeblich. Ihre Gelenke schmerzten und das Hinsetzen war nur eine schwache Erleichterung. Allzu langsam floss der Schmerz aus ihren zu lange angespannten Gelenken. Aber immerhin, noch floss er \u00fcberhaupt. Auf einer Augenh\u00f6he mit den anderen sagte sie freudlos: \u201eDer gute, alte Stanley\u201c.\u201eWas sollte das eigentlich, George?\u201c, fragte Finnigan den Pfarrer. \u201eH\u00e4ttest du nicht einfach sagen k\u00f6nnen, es w\u00e4re ein Witz? Dass Stanley ein Junge mit bl\u00fchender Fantasie war, der eine seiner abstrusen Geschichten damals einfach ins Meer geworfen hat, weil... sie keiner mochte oder so?\u201c\u201eMr. Orten war gut informiert\u201c, erwiderte Harker. \u201eEr hat recherchiert. Er wei\u00df aus den Zeitungsarchiven von Stanleys Verschwinden und den Suchaktionen. Wie h\u00e4tten wir das erkl\u00e4ren sollen?\u201c\u201eMir w\u00e4re schon was eingefallen, wenn du nicht dazwischen gefahren w\u00e4rst\u201c.\u201eDas ist doch jetzt v\u00f6llig egal\u201c, unterbrach Kelly. Beide verstummten sofort. Die M\u00e4nner waren wesentlich j\u00fcnger als sie und kannten Kelly, seit sie auf der Welt waren. Sie hatte von Anfang an eine gewisse Autorit\u00e4t besessen. George hatte sie von Anfang an nur \u201eMs. Spencer\u201c genannt und auch als er \u00e4lter wurde, sogar bis jetzt ins Erwachsenenalter hatte er diese Angewohnheit nicht ablegen k\u00f6nnen. Aber nat\u00fcrlich war daraus 1987 \u201eMrs. Farland\u201c geworden.\u201eStanley hat uns hier etwas hinterlassen, dass uns mehr \u00fcber die Skiaren verr\u00e4t als irgendjemand je \u00fcber sie gewusst h\u00e4tte. Sie sind nicht mehr nur die vage, undefinierbare Macht, die uns am Ende des Lebens erwartet. Wir wissen jetzt, wer sie sind und was sie tun. Und das ist verst\u00f6rend\u201c.Die anderen am Tisch blickten sie gebannt an. Sie hatte einen Nerv getroffen. Eine Stelle, an der es wehtat. Dummerweise auch ihr selbst, aber die ablenkenden Streitereien w\u00fcrden niemanden weiterbringen. Ihr Herz raste vor Aufregung, war nun nicht mehr dem tr\u00e4gen Schwingen des Pendels zu vergleichen. Kelly schluckte und fuhr fort: \u201eDie Frage ist nun, ob wir diese Dinge f\u00fcr uns behalten oder den anderen Erwachsenen auf der Insel mitteilen sollten\u201c. Sie wusste, dass sie mit der zweiten M\u00f6glichkeit bei Finn offene T\u00fcren einrennen w\u00fcrde. Ungl\u00fccklicherweise. Er war schon immer ein Idealist gewesen, der sich nicht wie die anderen mit seinem Schicksal in den Klauen der Skiaren hatte abfinden wollen. Ein bisschen so wie Stan vielleicht, den er kaum richtig kennengelernt hatte. Und tats\u00e4chlich war auf dem Gesicht des Stiefbruders trotz des dichten, schwarzen Bartes eindeutig der Zug der Entschlossenheit zu erkennen.\u201eWir sitzen auf diesem Felsen alle im selben Boot. Jeder ein Recht darauf, alles \u00fcber die Skiaren zu erfahren, was es zu wissen gibt. Vielleicht ist es der Weckruf, den wir alle brauchen, um endlich hier abzuhauen\u201c.Kelly vergrub das Gesicht in den H\u00e4nden.\u201eDas war schon immer deine Universall\u00f6sung\u201c, stellte sie genervt fest. \u201eWenn du willst, dann geh doch. Aber ich denke nicht, dass dir jemand folgen wird\u201c.So war es schon immer gewesen. Obwohl die Skiaren schon seit Gr\u00fcndung der ersten Kolonie auf Kempton Rock pr\u00e4sent waren, so unbekannt diese Anf\u00e4nge auch im Dunkel der Geschichte liegen mochten, hatte man im Allgemeinen nie in Erw\u00e4gung gezogen, die Insel aufzugeben und geschlossen auszuwandern, um dem omin\u00f6sen Schicksal in Form der Fremden zu entgehen. Von Anfang an war man mehrheitlich der \u00dcberzeugung gewesen, dass Kempton Rock die Rolle eines Blitzableiters f\u00fcr die Region, f\u00fcr Nordamerika, vielleicht sogar f\u00fcr den ganze Welt erf\u00fcllte. W\u00fcrde Kempton Rock verlassen werden, w\u00fcrden die Skiaren an anderen Orten beginnen, Leichen zu pl\u00fcndern, wenn sie es nicht schon l\u00e4ngst taten. Es war eine B\u00fcrde, die die Bewohner der Insel zu tragen hatten und einige wenige taten das sogar mit stolz, zumal es sich auf Kempton Rock nicht schlecht leben lie\u00df, vor allem seit dem Tourismusboom. Die Enth\u00fcllung der wahren Natur der Skiaren k\u00f6nnte dieses seit Jahrhunderten einigerma\u00dfen stabile Gleichgewicht ins wanken bringen.\u201eZum Wohle unserer Freunde und dieser Gemeinde halte ich es f\u00fcr das Richtige, sie in Unkenntnis zu lassen\u201c, schloss Harker sich an.\u201eDas ist doch krank!\u201c, fuhr Finnigan beide an. \u201eDas ist doch das Problem, seit \u00fcber zwei Jahrhunderten auf dieser verdammten Insel. Keiner hat die Kraft, keiner findet den Mut, irgendetwas zu \u00e4ndern. Alle sagen, die Skiaren w\u00e4ren ein nat\u00fcrlicher Teil des Lebens, wir k\u00f6nnten ihnen sowieso nicht entgehen. Kein Wunder. Wir haben es ja auch nie versucht!\u201cEr war aufgesprungen und hatte sich wahllos zwei der vergilbten Zettel vom Tisch gegriffen.\u201eStanley hat wenigstens versucht, etwas an unserer Lage zu \u00e4ndern. Er wollte sich nicht mit dem Status quo abfinden. Er hat sein junges Leben geopfert, um uns zu warnen! Wenn wir jetzt nur weiter da sitzen und alles \u00fcber uns ergehen lassen, dann spucken wir damit auf ihn und alles, was er f\u00fcr uns getan hat! Das klingt f\u00fcr mich nicht besonders christlich, George!\u201c\u201eSetz dich\u201c, sagte George Harker betont ruhig, nachdem Finns Ausbruch verklungen \u0001 \u0002 musste innerlich zugeben, dass die Worte ihres Bruders schwer zu entkr\u00e4ften waren. Der Gedanke, dass auch sie nach ihrem Tod in einer H\u00f6hle irgendwo im Land unter der dunklen Sonne wieder zu sich kommen k\u00f6nnte, umringt von absto\u00dfenden halbmenschlichen Kreaturen, die sie zu einer von ihnen gemacht hatten... das war ein unertr\u00e4glicher Gedanke. Dass ihr geliebter Ian vor drei Jahren in dieser Situation gewesen sein musste, machte es nur noch schlimmer. Der tierische Fluchtimpuls, den sie wie alle anderen Bewohner der Insel solange unterdr\u00fcckt hatte \u2013 denn war es letzten Endes nicht die Unterdr\u00fcckung tierischer Impulse, die dem Menschen erlaubte, Mensch zu sein? - war wieder erwacht. Trotz der Kraftlosigkeit, die sie vor ihrem anstehenden sechzigsten Geburtstag immer st\u00e4rker zu f\u00fchlen begann, wollte sie Rennen, dem Dasein als verst\u00fcmmelte Leiche entkommen, dass sie erwartete. Aber sie war in dem festen Bewusstsein aufgewachsen, teil einer Schicksalsgemeinschaft zu sein, die sich in der Pflicht war, den Rest der Welt zu sch\u00fctzen. Ihr Bruder war in der Beziehung schon immer weniger idealistisch gewesen als die meisten \u0001 \u0002 folgte der Aufforderung des Pfarrers. Er lie\u00df die Papiere in seinen H\u00e4nden achtlos auf den Tisch fallen und sank sich auf seinen Stuhl zur\u00fcck.\u201eDer Tod ist unvermeidbar\u201c, sagte er und dann mit Nachdruck:\u201cAber den Skiaren k\u00f6nnen wir vielleicht entgehen. Ich bleibe dabei. Morgen werde ich die ganze Insel hier zusammenrufen und Stanleys Botschaft verlesen. Dann werden wir ja sehen, wie viele bereit sind, mit mir zu gehen\u201c.Kelly und der Pfarrer wechselten einen besorgten Blick. Kellys Bruder war ein Dickkopf und w\u00fcrde sich so leicht nicht von seinem Vorhaben abbringen lassen. Zumal der schreckliche Inhalt der Flaschenpost ein Argument war, dem man nur schwer etwas entgegen setzen konnte.\u201eFinn, das alles ist schrecklich. Sehr schrecklich. Es ist kaum zu ertragen, das wei\u00df ich so gut wieder jeder andere auch. Aber wir haben ein Verpfli...\u201c\u201eJaja\u201c, fiel Finn ihr ins Wort,\u201cdie heilige Verpflichtung. Die Verpflichtung, der niemand hier so wirklich zugestimmt hat und die uns zu einem Schicksal schlimmer als der Tod verdammt. Nein, Kelly, ich mache da nicht mehr mit. Tut mir Leid, aber nach all den Jahrhunderten kann auch mal irgendjemand anders den Posten des Schlachtviehs einnehmen. Es ist unser Problem. Aber es muss nicht unser Problem bleiben\u201c.\u201eDoch, das muss es\u201c, sagte George Harker nach einer kurzen Pause. Im Gastraum wurde es zusehends dunkler und leichter Regen begann gegen die runden Fenster zu trommeln.\u201eIch bef\u00fcrchte, Finn, es gibt f\u00fcr mich nur eine M\u00f6glichkeit, dich davon abzubringen, hier eine Massenpanik auszul\u00f6sen. Es ist nicht so einfach, wie du es dir vorstellst. Wir k\u00f6nnen die Insel nicht verlassen und in irgendwelchen Gro\u00dfst\u00e4dten auf dem Festland untertauchen. Zumindest nicht alle\u201c, sagte Harker so ruhig wie m\u00f6glich, aber er konnte das Zittern in seiner Stimme nicht verbergen. \u201eDie Nachkommen der ersten siebzehn Familien von Kempton Rock, so wie ihr und ich, k\u00f6nnen den Skiaren niemals entkommen\u201c.Finn war skeptisch.\u201eWoher willst du das wissen?\u201c, fragte \u0001 \u0002 trommelte nerv\u00f6s mit den Fingern auf die Tischplatte. Er war gerade erst neununddrei\u00dfig und damit ziemlich jung f\u00fcr eine derart hochstehende Position in der Gemeinde. Zumindest hatte es sich f\u00fcr Kelly so angef\u00fchlt. Georges Vorg\u00e4nger Mullany war uralt gewesen so lange sie sich zur\u00fcckerinnern konnte und hatte seine Position trotzdem gehalten, bis er vor acht Jahren im Alter von 95 Jahren dahin ging. Oder genauer gesagt, geholt \u0001 \u0002 Sie Stanley getroffen, Herr Pfarrer? Wie geht es ihm jetzt?, dachte Kelly \u0001 \u0002 sah George gar nicht \u00e4hnlich, derart z\u00f6gerlich zu sprechen. Schlie\u00dflich schien er seine Worte beisammen zu haben und fuhr fort.\u201eDie geistlichen Oberh\u00e4upter dieser Insel teilen ein Geheimnis, dass Generation f\u00fcr Generation von einem zum n\u00e4chsten weitergereicht wird. Das geht noch zur\u00fcck auf den alten Burgess Kempton selbst. Und eigentlich d\u00fcrften ihr und alle anderen niemals davon erfahren, aber...\u201cEr dehnte das letzte Wort ins Endlose. Die Skepsis war nicht aus Finns Gesicht verschwunden und Kelly stellte fest, dass sie sich ihrem Bruder angeschlossen hatte. Improvisierte George gerade eine Ausrede, um den Status quo zu halten?\u201eIch denke, es ist am Besten, wenn ich es euch zeige\u201c, sagte er. \u201eSofort\u201c.Er stand auf, schob so vorsichtig wie m\u00f6glich die vergilbten Zettel auf dem Tisch zusammen und rollte sie ein. Dann steckte er sie in die alte Bierflasche zur\u00fcck.\u201eIch kann dich nicht dazu zwingen, dein Wissen f\u00fcr dich zu behalten, Finn\u201c, sagte er. \u201eAber ich hoffe, dass ich dich davon \u00fcberzeugen kann, es doch zu tun\u201c.Finn, der ebenfalls aufgestanden war, nahm ihm die Flasche sanft, aber mit Bestimmtheit aus der Hand. Der Pfarrer war so \u00fcberrascht, dass er es geschehen lie\u00df.\u201eUnd bis das abschlie\u00dfend gekl\u00e4rt ist, behalte ich lieber das Beweisst\u00fcck. Nicht, dass es dir noch aus Versehen abhanden kommt\u201c.Die Stimmung zwischen den beiden M\u00e4nnern, die Kelly gekannt hatte, seit sie geboren worden waren, lud sich immer mehr auf. Einen Moment lang fixierte Finn den Pfarrer scharf, dann wandte er sich um und ging in den hinteren Teil des Raumes. Dort stand ein Tresen, der als Rezeption und Bar in Einem diente. Zw\u00f6lf nummerierte Zimmerschl\u00fcssel hingen in einem Kasten an der Wand dahinter. Unter dem Regal w\u00fcrden sich in der Saison verschiedene Spirituosen stapeln. Noch waren sie leer. Links der Theke f\u00fchrte eine Treppe ins Obergeschoss und zu den Zimmern, rechts befand sich der Zugang zu der kleinen K\u00fcche, der nur von einem grauen Vorhang verdeckt \u0001 \u0002 umrundete die Theke und ging in die Hocke, sodass er aus Georges und Kellys Blickfeld verschwand. Aber beide wussten genau, was er tat. Unter der Theke stand ein kleiner Panzerschrank mit Zahlenschloss.\u201eBist du sicher, dass das n\u00f6tig ist?\u201c, fragte \u0001 \u0002 Kopf erschien.\u201eWenn du mich schon so fragst, dann erst recht\u201cMisstrauen erf\u00fcllte den Raum, aber Kelly musste sich eingestehen, dass sie in diesem Fall tats\u00e4chlich auf der Seite ihres Bruders stand. Sie traute George zwar grunds\u00e4tzlich nicht zu, die Flaschenpost zu vernichten, um ihm vor der restlichen Bev\u00f6lkerung das wichtigste Argument zu nehmen... aber in diesem Fall doch irgendwie schon. Seit George die Weihe empfangen, Mullanys Posten \u00fcbernommen hatte und damit quasi die einflussreichste Pers\u00f6nlichkeit auf der Insel geworden war, hatte er sich ver\u00e4ndert. Er war ruhiger geworden und irgendwie weniger herzlich, wenn auch nicht gerade kalt. Und jetzt, ja, jetzt w\u00fcrde Kelly ihm schon zutrauen, seinen Einfluss durchzusetzen, wenn er fand, dass es dem richtigen Ziel diente. In diesem Fall, zu verhindern, dass Finn die Einwohner der Insel zu einer Massenauswanderung \u0001 \u0002 Bruder erhob sich, nachdem er den Panzerschrank h\u00f6rbar versiegelt hatte.\u201eAlles klar\u201c, sagte er mit gespielter Fr\u00f6hlichkeit. Er kam zu ihnen her\u00fcber und legte George Harker kumpelhaft eine Hand auf die Schulter, was ziemlich l\u00e4cherlich wirkte, da Georges w\u00fcrdevoller Tarlar nicht in dieses Bild passen wollte.\u201eWas wolltest du uns denn nun zeigen?\u201c\u201eWir m\u00fcssen zur Kirche. Kommt mit\u201c, sagte George und l\u00f6ste sich aus Finns Umklammerung. Er zog seinen Regenmantel vom Kleiderhaken und warf ihn \u00fcber.",
            "wordcount": "3.000",
            "chapter_release": "19.06.2018",
            "chapter_number": "1"
        },
        "2": {
            "text": "Die Insel, die wir am gestrigen Abend sichteten, entpuppte sich heute bei der ersten Erkundung als annehmbar. Die Expedition, die mit einem der Beiboote anlandete bestand aus Pfarrer Kempton, O'Leary, Shannon, Donnow, Hanlon und mir. Der Zweifler Donnow und ein paar andere hatten noch in der Nacht gespottet, die Insel, die wir in der Abendd\u00e4mmerung erblickt hatten, sei lediglich ein Phantom oder bestenfalls, ein steiler, unbewohnbarer \u0001 \u0002 bei Tageslicht die wahre Gestalt der Insel hervortrat, verstummten die Sp\u00f6tter \u0001 \u0002 Insel besteht aus einem flachen Unterland, dass sie immer mehr erhebt und in einer Steilk\u00fcste am anderen Ende m\u00fcndet. Die Flache Seite erscheint f\u00fcr eine kurzfristige Besiedlung geeignet. Wir entdeckten schwach ausgepr\u00e4gte Vegetation und keine gr\u00f6\u00dferen Tiere, bis auf die M\u00f6wen, die sich auf den Felsen des Oberlandes heimisch zu f\u00fchlen \u0001 \u0002 dieser oberfl\u00e4chlichen, aber sehr erfreulichen Erkundung kehrte die Expedition alsbald auf die Fortuna zur\u00fcck. Dort herrschte schnell Einigkeit: Diese Insel soll uns als Zuflucht dienen. Manche sahen sie gar als eindeutiges Geschenk des Himmels. Es ist noch immer unklar, weshalb die doch recht gro\u00dfe Insel in keiner Karte eingezeichnet ist, aber dies sollte nur zum Vorteil gereichen, uns vor unseren Verfolgern zu \u0001 \u0002 schlug den Namen \u201eNew Navan\u201c vor, um die alte Heimat zu Ehren, doch die anderen Besatzungsmitglieder bestanden darauf, die Insel nach unserem Pfarrer zu benennen, der uns in die Freiheit und zu dieser neuen Heimat gef\u00fchrt hat. Somit wurde die Insel \"Kempton Rock\" \u0001 \u0002 lange es dauern wird, bis die Engl\u00e4nder uns finden und was sie dann mit uns anstellen werden, wei\u00df keiner zu sagen, doch wir alle denken auch nicht \u0001 \u0002 ausgelassene Feierlichkeiten an Deck. Die neue Heimat und Freiheit sind nach dem langen, entbehrungsreichen Krieg und der schrecklichen Gefangenschaft ein wahrer \u0001 \u0002 den Herrn!",
            "wordcount": "302",
            "chapter_release": "19.06.2018",
            "chapter_number": "2"
        },
        "3": {
            "text": "Kurz darauf standen alle drei im Regen auf der Main Street. Die Neonr\u00f6hren der Stra\u00dfenlaternen, die so gar nicht in diesen Ort aus kolonialen Holz- und gelegentlichen Steingeb\u00e4uden passen wollten, leuchteten flackernd auf und begannen summend mit ihrer Arbeit f\u00fcr die Nacht. Unz\u00e4hlige kleine Pf\u00fctzen hatten sich auf dem uralten und minderwertigen Kopfsteinpflaster \u0001 \u0002 verschloss die Pension. Normalerweise tat er das au\u00dferhalb der Saison nie, schlie\u00dflich kannte hier jeder jeden. Aber heute Abend hatte er seiner Meinung nach Grund genug, misstrauisch zu \u0001 \u0002 machten sie sich auf. Der Pfarrer voraus, die ungleichen Halbgeschwister hinterher.\u201eGlaubst du wirklich, dass er die Flaschenpost zerst\u00f6rt h\u00e4tte?\u201c, fragte Kelly ihren Bruder, nachdem sie noch etwas mehr Abstand zu George Harker gewonnen hatten.\u201eSchon\u201c, erwiderte Finn knapp. \u201eIch kann mir zumindest nicht vorstellen, womit er mich jetzt \u00fcberzeugen will. Ich glaube, er zimmert sich da gerade mit M\u00fche irgendeine Geschichte zusammen. Wirst schon sehen. Am Ende wird er doch nur betteln, dass ich den anderen nichts erz\u00e4hle\u201c.\u201eUnd wenn nicht?\u201c\u201eDann nicht\u201c.Auf ihrem kurzen Weg durch die gewundenen Gassen begegnete ihnen niemand. Der Ort lag wie tot da. Zum ersten Mal seit langem musste Kelly wieder an das alte Hanlon-Haus denken, in dem Stanley mit seinen Eltern und seinem Gro\u00dfvater gelebt hatte. Stans Eltern hatten den Verlust nicht ertragen k\u00f6nnen. Sie hielten eine Zeit lang durch, in der Hoffnung, dass ihr Sohn eines Tages vielleicht doch zur\u00fcckkehren w\u00fcrde. Aber irgendwann waren der Schmerz und die Trauer um das wahrscheinlich grausame Ende ihres Sohnes zu viel f\u00fcr sie geworden. 1979 hatten sie gemeinsam Selbstmord begangen und waren Stan ins Land unter der dunklen Sonne \u0001 \u0002 kleinen Hafen der Insel, in dem seit dem Einbruch der Fischereiindustrie in den Achtzigern kaum noch gr\u00f6\u00dfere Fischerboote lagen, legte das Versorgungsschiff mit ihrem Kurzzeitgast Lars Orten an Bord ab. Der Hafen war in den vergangenen Jahrzehnten mehr und mehr zu einem Anleger f\u00fcr F\u00e4hren mit Touristen umfunktioniert worden. Die glei\u00dfend hellen Scheinwerfer an den Aufbauten des Schiffes erleuchteten das gesamte Hafengebiet taghell. Kelly konnte problemlos den Fahnenmast auf der Promenade erkennen, an dem die Flaggen Kanadas und der Provinz Neufundland und Labrador untereinander gehisst waren und im Wind wehten, der das Dr\u00f6hnen und den Gestank der altersschwachen Dieselmotoren zu ihnen \u0001 \u0002 Meer sch\u00e4umte leicht und die kleinen Wellen brachen sich an der K\u00fcste. Der Regen nahm immer mehr zu. Lars Orten w\u00fcrde nie zur\u00fcckkehren, wie auch Finns Vater nie zur\u00fcckgekehrt war. Und f\u00fcr beide war es das Beste. Im Foodland mussten Lindsay und Carl, die beiden Auszubildenden vom Festland, gerade dabei sein, die frisch eingetroffene Ware zu \u0001 \u0002 ihrem Weg zur Westseite der Insel passierten die drei das Hotel Atlantic, das 1998 errichtet worden war und in harter, aber freundlicher Konkurrenz zu Finnigans Red Maple Pension stand. Der sechsst\u00f6ckige Klotz am Rand des Dorfes war wenig ansehnlich und verunstaltete durch seine \u00fcberragende Gr\u00f6\u00dfe das Panorama. Finn hatte das Hotel einmal als zweitgr\u00f6\u00dftes Problem Kempton Rocks bezeichnet. Ihn und die Familie O'Hara, die das Atlantic betrieb, verband eine Hassliebe. Das Atlantic war wesentlich moderner und bot achtundvierzig Zimmer. Finn bestand aber darauf, dass sein Red Maple, Baujahr 1903, einen rustikalen, urspr\u00fcnglichen Charme besa\u00df, mit dem das Atlantic nicht mithalten konnte. Beide waren auch f\u00fcr die diesj\u00e4hrige Saison wieder gr\u00f6\u00dftenteils ausgebucht, vor allem f\u00fcr die Woche um den Landing Day am 10. Mai. Der Landing Day, der an die erste Landung Burgess Kemptons und seiner Vertrauten auf Kempton Rock erinnerte, war keineswegs eine alte Tradition, wie es nach au\u00dfen hin gern behauptet wurde. Es handelte sich viel mehr um eine erfundene Attraktion f\u00fcr Touristen, komplett mit allem, was spie\u00dfige Gro\u00dfstadtfamilien zu einem Urlaub auf eine ziemlich unspektakul\u00e4re kleine Insel lockte. Es gab alles m\u00f6gliche zu Essen, eine kauzige Inszenierung der historischen Ereignisse, soweit bekannt, aufgef\u00fchrt von Laiendarstellern und alle m\u00f6glichen hirnlosen Besch\u00e4ftigungsm\u00f6glichkeiten f\u00fcr \u0001 \u0002 Kirche mit dem neuen Pfarrhaus stand etwas au\u00dferhalb des eigentlichen Dorfes, dessen H\u00e4user sich eng an die sanft ansteigende Seite des Unterlandes dr\u00e4ngten. Es war ein schlichter, wei\u00df gestrichener Bau mit einem kleinen, offenen Turm, in dem man die gro\u00dfe Bronzeglocke h\u00e4ngen sehen konnte. Sie schaukelte kaum merklich im Wind, aber nicht genug, um einen Ton zu \u0001 \u0002 erreichten die Kirche und George bedeutete Kelly und Finn, im Geb\u00e4ude zu warten, w\u00e4hrend er selbst etwas aus dem Pfarrhaus beschaffte. Die Geschwister \u00f6ffneten die unverschlossene T\u00fcr und traten ein. So ungewohnt leer und dunkel wirkte sie irgendwie viel gr\u00f6\u00dfer. Kelly f\u00fchlte sich unwillk\u00fcrlich daran erinnert, wie das Gotteshaus in ihrer Kindheit auf sie gewirkt hatte, als sie selbst um einiges kleiner gewesen war. Sie konnte sich nicht daran erinnern, es in ihren fast sechzig Jahren jemals so gesehen zu haben. Auch der vertrauteste Ort, ein Ort, den man seit seiner Kindheit nur mit Frohsinn, Gemeinschaft und Geborgenheit verbindet, kann mit einem Mal fremd und unheimlich werden. Dazu brauchte es gar nicht viel, wie sie jetzt feststellte. Sie setzte sich auf eine Kirchenbank in der letzten Reihe. Ein geschnitzter Jesus aus dem 19. Jahrhundert blickte von seinem Kreuz herunter qualvoll auf sie herab. Es hatte Kelly schon immer beeindruckt, wie nachvollziehbar der unbekannte K\u00fcnstler den Schmerz und das Leid im Gesicht des Messias zum Ausdruck gebracht hatte. In ihrer ohnehin schon angespannten Verfassung half ihr dieser Anblick jetzt gar nicht. Mondlicht fiel durch die bunten Glasmosaikfenster, f\u00fcnf auf beiden L\u00e4ngsseiten des Geb\u00e4udes und jedes Mosaik stellten je einen der Aposteln dar. Zwei weitere Fenster waren an der Kopfseite rechts und links des gro\u00dfen Kruzifixes eingelassen. Das linke zeigte den Heiligen Petrus, das rechte Judas Iskariot. Somit befand sich der Messias in der direkten Gesellschaft seines engsten Vertrauten und seines Verr\u00e4ters. An der linken Seiten stand au\u00dferdem die kleine Orgel und zur Rechten war eine T\u00fcr eingelassen, die in einen kleinen Abstellraum f\u00fchrte. Kelly \u00fcberlegte, ob es f\u00fcr heute vielleicht genug war. Ob sie den beiden j\u00fcngeren M\u00e4nnern es nicht \u00fcberlassen sollte, die Sache unter sich zu kl\u00e4ren. Aber dann dachte sie an ihr Schlafzimmer. An das Doppelbett, dessen andere Seite viel zu fr\u00fch frei geworden war und ein Schmerz aus der Tiefe ihres Leibes ergriff sie, den sie immer versp\u00fcrte, wenn sie an Ian dachte. Nein, sie wollte noch nicht wieder allein sein. Finn schalte das Licht ein und setzte sich zu ihr. Dann dauerte es vielleicht drei Minuten, in denen Kelly und ihr Bruder wortlos ihren h\u00f6lzernen Erl\u00f6ser anstarrten, da \u00f6ffnete sich die T\u00fcr hinter ihnen und George trat herein. Er hatte drei Taschenlampen dabei und reichte den Geschwistern jeweils eine.\u201eWas wird das denn jetzt?\u201c, fragte Kelly. George sah sie nachdenklich an.\u201eVielleicht w\u00e4re es das beste f\u00fcr Sie, nach Hause zu gehen, Mrs Farland. Nichts f\u00fcr ungut, aber es k\u00f6nnte f\u00fcr Sie zu anstrengend oder sogar gef\u00e4hrlich sein\u201c.Kelly hasste es, auf ihr zunehmendes Alter angesprochen zu werden und George h\u00e4tte das eigentlich wissen sollen.\u201eAch was\u201c, sagte sie und f\u00fchlte sich in ihrem Ehrgeiz gepackt. \u201eWenn der alte Mullany dir im hohen Alter noch zeigen konnte, worum auch immer es geht, dann kann ich das schon lange\u201c. George sah sie ernst an.\u201eMullany hatte jahrzehntelange Erfahrung und wusste immer ganz genau, worauf er sich einlie\u00df. Aber meinetwegen. Auf Ihre Verantwortung\u201c.\u201eDann mal los\u201c, forderte Finn \u0001 \u0002 ging sinnigerweise wieder voraus. Er hatte seinen Mantel abgelegt und so sehr fehl am Platz seine Priesteraufmachung zuvor im Red Maple gewirkt hatte, so sehr f\u00fcgte er sich v\u00f6llig organisch in das Gesamtbild des Kirchenschiffes. Regen und Wind nahmen drau\u00dfen h\u00f6rbar zu. Der Wind fauchte bedrohlich \u00fcber die Insel. Aber bislang hatte die Kirche noch jedem Sturm \u0001 \u0002 ihren Schritten knarzten die uralten \u0001 \u0002 f\u00fchrte sie am Altar vorbei zur T\u00fcr des Abstellraums. Kelly und Finn hatten ihn selten betreten. In ihrer Jugend waren sie wie jeder andere auch hin und wieder verpflichtet gewesen, vor dem Gottesdienst die Kerzenst\u00e4nder neu zu best\u00fccken oder die Gesangb\u00fccher am Eingang auszuteilen. Au\u00dfer solchen Dingen gab es nach Kellys wissen in dieser engen Kammer nicht viel zu \u0001 \u0002 T\u00fcr war schwer und bestand aus dunklem Holz. George zog eine riesigen, uralten Bartschl\u00fcssel hervor und \u00f6ffnete die T\u00fcr. Drinnen baumelte eine einzelne, schmucklose Gl\u00fchbirne von der Decke, die der Pfarrer mit einem Druck auf den Lichtschalter aufleuchten \u0001 \u0002 war genauso, wie Kelly es in Erinnerung hatte. Der Raum mit den Regalen an allen W\u00e4nden war kaum gro\u00df genug um drei Menschen aufzunehmen. George trat ein und drehte sich zu ihnen um. Er wirkte wieder sichtlich nerv\u00f6s. Er schien das alles als ein \u00e4u\u00dferst unangenehmes \u00dcbel zu empfinden.\u201eBitte denkt daran, dass ich euch das hier nur in der Hoffnung zeige, dass ihr danach versteht, warum wir den anderen nichts von der Flaschenpost erz\u00e4hlen k\u00f6nnen\u201c, sagte er. \u201eAber sollte ich damit keinen Erfolg haben, denke ich, es versteht sich von selbst, dass ihr das hier trotzdem geheim haltet\u201c.Finn wurde ungeduldig.\u201eDas \u00fcberleg' ich mir, wenn ich wei\u00df, was es ist. Nun mach schon!\u201c.Wieder ein kurzes Blickduell. Der Pfarrer gab nach und ging in die Knie. Er tastete in der Mitte des Raumes auf den Bodenbrettern herum, bevor er fand, was er suchte. Kelly musste die Augen zusammenkneifen, um zu erkennen, was als n\u00e4chstes geschah. Es schien, als habe George ein kleines St\u00fcck des Bodens gel\u00f6st. Und tats\u00e4chlich hielt er nun ein rechteckiges Holzst\u00fcck in der Hand. Unter dem St\u00fcck war im Boden eine Vertiefung zum Vorschein gekommen. Darin lag etwas, das wie ein rostiger Metallgriff aussah. Bei n\u00e4herer Betrachtung wurde klar, dass die Griff nicht nur da lag, sondern an einem Teil des Bodens befestigt war.\u201eEine... Fallt\u00fcr?\u201c, fragte Kelly erstaunt. Statt einer Antwort packte George den Griff, ein gut einen Quadratmeter gro\u00dfes St\u00fcck des Bodens, dessen Konturen zuvor nicht zu erkennen gewesen waren, klappt auf und enth\u00fcllte Dunkelheit. Kelly sah zu Finn, der fassungslos auf das Loch starrte, dass sich vor ihnen aufgetan hatte. Sie hatte diesen Gesichtsausdruck bei ihm selten gesehen.\u201eWas zum Teufel ist das?\u201c, stellte Finn die offensichtliche Frage. George reichte ihm den Schl\u00fcssel \u00fcber das quadratische Loch hinweg.\u201eMach die T\u00fcr zu und schlie\u00df' ab. Wenn sich irgendjemand heute Nacht in die Kirche verirren sollte, k\u00f6nnen wir keine Gesellschaft gebrauchen\u201c. Dann schaltete er seine Taschenlampe ein und hielt den Lichtstrahl in das Loch. Kelly beugte sich vorsichtig vor und versuchte, etwas zu erkennen. Unter der Kammer, vielleicht unter der ganzen Kirche befand sich anscheinend ein Hohlraum, von dem au\u00dfer dem amtierenden Pfarrer niemand wusste. In etwa eineinhalb Metern Tiefe sah sie nackten, grauen Fels und darin ein weiteres, wesentlich unregelm\u00e4\u00dfigeres Loch, das m\u00f6glicherweise nat\u00fcrlichen Ursprungs war. Das obere Ende einer Holzleiter ragte daraus hervor.\u201eBehauptet hinterher ja nicht, ich h\u00e4tte euch nicht gewarnt\u201c, sagte George, klemmte sich den schmalen Griff der Taschenlampe zwischen die Z\u00e4hne und lie\u00df sich in das Loch hinabgleiten, Finn hinterher. Kelly folgte vorsichtig. Sie erinnerte sich unwillk\u00fcrlich daran, wie Stan sie in seiner Botschaft beschrieben hatte. Wie jung und sch\u00f6n sie mit sechzehn gewesen war. Das war nun lange vorbei. Sie war noch nicht gebrechlich. Sie war noch keine alte Frau, verdammt nochmal. Aber sooft sie diese Mantras auch in ihrem Kopf wiederholte... In Momenten wie diesem, in dem nur von ihr verlangt wurde, sich eineinhalb Meter nach unten gleiten zu lassen, wurde ihr wieder bewusst, dass selbst der st\u00e4rkste Wille einem die Jugend nicht zur\u00fcckbringen konnte. Die beiden j\u00fcngeren M\u00e4nner streckten ihr die Arme entgegen und halfen ihr nach \u0001 \u0002 Raum unter dem Raum, indem sie sich nun befanden, war sehr beengt, in seiner Grundfl\u00e4che jedoch etwas gr\u00f6\u00dfer als der dar\u00fcber. Allen dreien blieb nichts anderes \u00fcbrig als geb\u00fcckt zu stehen. Mauerwerk aus dunkelbraunen, unf\u00f6rmigen, schlecht verarbeiteten Ziegelsteinen, das jahrhundertealte Fundament der Kirche umgab sie. \u00dcber ihnen waren nur die dicken, wenn auch morschen Bodenbretter des Abstellraumes. Das gelbliche Licht der nackten Gl\u00fchbirne fiel durch die Bodenluke und vereinzelte, schmale Ritzen zwischen den Brettern zu ihnen herunter, erhellte den Raum aber nur undeutlich. Kelly konnte nur in Ans\u00e4tzen die Gesichtsz\u00fcge Georges und ihres Stiefbruder ausmachen. \u201eWer hat das hier angelegt?\u201c, fragte Kelly verbl\u00fcfft. Ihr Leben lang war sie in dieser Kirche ein- und ausgegangen und nie hatte sie damit gerechnet, dass sich ein derartiges Geheimnis direkt unter ihren F\u00fc\u00dfen befinden k\u00f6nnte. Wieder zeigte sich an diesem Abend f\u00fcr sie das Fremde im eigentlich vertrauten.\u201eDas waren der alte Kempton und seine Leute. Die erste Kirche auf der Insel von 1769 wurde nicht zuf\u00e4llig hier errichtet. Als sie 1828 abbrannte, tat der damalige Pfarrer alles, um das Loch zu verbergen, bis die neue Kirche aus Stein an genau derselben Stelle auf demselben Fundament errichtet war\u201c, erkl\u00e4rte George Harker.\u201eAber warum denn jetzt das Ganze?\u201c, fragte Finn ungeduldig.\u201eIhr werdet es selbst sehen m\u00fcssen. Es ist schwer zu erkl\u00e4ren. Und noch schwerer zu glauben\u201c, erwiderte George d\u00fcster und wies mit seiner Taschenlampe auf die Leiter.\u201eAber vorher h\u00e4tte ich gern den Schl\u00fcssel wieder, Finn\u201c. Er streckte Kellys Stiefbruder die flache Hand entgegen. Es war klar, dass er eine Weigerung nicht akzeptieren w\u00fcrde. Das Machtspiel zwischen den M\u00e4nnern steuerte langsam, aber unvermeidbar auf einen noch unbekannten H\u00f6hepunkt hin, in dem sich ihre Differenzen entladen w\u00fcrden. Wann und wie und ob sie es w\u00fcrde verhindern k\u00f6nnen, konnte Kelly nat\u00fcrlich nicht sagen, aber ihre Sorge darum wuchs mit jedem Augenblick. Finn schien erkannt zu haben, dass es nun an ihm war, nachzugeben und er legte den rostigen Bartschl\u00fcssel ohne ein weiteres Wort in die Hand des Pfarrers. Kelly atmete innerlich auf.\u201eIch werde voraus klettern. Es geht hier ungef\u00e4hr f\u00fcnfzehn Meter nach unten. Der Schacht verbreitert sich, je tiefer man kommt. Wenn ich unten angekommen bin, werde ich euch von leuchten. Glaubt mir, das ist verdammt hilfreich, wenn man das hier zum ersten Mal macht. Aber passt blo\u00df auf. Die Leiter ist bei dieser L\u00e4nge nat\u00fcrlich ziemlich wackelig und nicht besonders stabil. Sie ist auch schon ein paar Jahrzehnte \u00e4lter. Wir haben leider nicht sehr oft die Gelegenheit, sie zu reparieren oder zu erneuern. Also immer nur einer zur Zeit und keine unvorsichtigen Bewegungen\u201c.\u201eAch, ich mach mir keine Sorgen\u201c, meinte Finn lakonisch,\u201csind ja nur f\u00fcnfzehn Meter\u201c.Georges Lampe und der Schl\u00fcssel verschwanden unter seinem Talar und er bestieg die Leiter. Der Anblick gefiel Kelly gar nicht. Vor ihrem inneren Augen sah sie schon, wie sich ein Zipfel des wallenden Gewands irgendwo verfing, George \u00fcberrascht das Gleichgewicht verlor und in die ihr unbekannte Finsternis st\u00fcrzte. F\u00fcnfzehn Meter nach unten. Genickbruch. Ihr wurde nun auch klar, warum diese Vorstellung so intensiv in ihr hochschlug. Ihr eigener Vater war an einem Sturz von einer Leiter aus wesentlich geringerer H\u00f6he gestorben. \u0001 \u0002 sowie George zu klettern begann, l\u00f6sten sich diese Sorge und die schreckliche Kindheitserinnerung in Wohlgefallen auf. Der Pfarrer stieg die Sprossen mit eiligen und dennoch gekonnten und gut ausbalancierten Bewegungen hinab und verschwand im Dunkeln. Wahrscheinlich hatte er diesen Abstieg schon viele Dutzend Male \u0001 \u0002 und Finn, die oben zur\u00fcckgebliebenen schwiegen sich an. Sicher h\u00e4tte Finn seine Schwester gern gefragt, ob sie nun auf Georges oder auf seiner Seite stand. Kelly h\u00e4tte ihm die Frage in diesem Moment sowieso nicht beantworten k\u00f6nnen. Vorhin, im Red Maple, hatte sie eindeutig die Postion des Pfarrers vertreten, dass die Insel nun einmal zu diesem Schicksal verdammt war, zum Wohle der restlichen Menschheit. Sie hatte Debatten dar\u00fcber, ob man nicht einfach abhauen sollte, schon seit vielen Jahren mit ihrem Bruder gef\u00fchrt, aber sie war immer fest auf ihrem Standpunkt verblieben. Von der Insel zu fliehen war verlockend. Nicht wenige taten es. In den letzten Jahren hatten vor allem die mangelhaften Ausbildungsm\u00f6glichkeiten immer mehr junge Leute ans Festland gezogen. Sie hatte sich f\u00fcr diese Leute gefreut, aber f\u00fcr sie selbst war es einfach nicht in Frage gekommen. Doch am heutigen schwankte sie zum ersten Mal. Vielleicht war das, was tats\u00e4chlich mit den Inselbewohnern geschah doch nichts, was sie im Namen des sehr abstrakten Wohls der Menschheit auf sich nehmen wollte. Und das, was auch immer George ihnen nun zeigen wollte, konnte unter Umst\u00e4nden sogar das Gegenteil von dem Erreichen, was er eigentlich beabsichtigte. Seinen Andeutungen und Warnungen zufolge war es etwas unfassbares, ersch\u00fctterndes, dass Stanleys Bericht an Grausamkeit noch \u00fcberbieten k\u00f6nnte. Vielleicht war es am Ende so schlimm, das nicht Finn von Georges Auffassung \u00fcberzeugt wurde, die Flaschenpost geheim zu halten, sondern Kelly sich auf die Seite ihres Bruders schlagen und ebenfalls eine sofortige Evakuierung der Insel fordern k\u00f6nnte. Aber hatte George nicht auch gesagt, dass das nichts helfen w\u00fcrde? Zumindest nicht f\u00fcr die Nachkommen der First Seventeen, der urspr\u00fcnglichen siebzehn Familien, die auf Kempton Rock gesiedelt hatten?Kelly zuckte erschrocken zusammen, als Georges Stimme aus dem tiefen Schacht nach oben hallte:\u201cIch bin unten! Ihr k\u00f6nnt nachkommen!\u201c\u201eGeh' du zuerst\u201c, bat Finn. \u201eIch kann dir zus\u00e4tzlich von oben leuchten\u201c Er f\u00fcgte aber nicht hinzu, was Kelly klar und deutlich in seinem Gesicht ablesen konnte. Dort stand: Am liebsten w\u00e4re es mir nat\u00fcrlich, wenn du jetzt nach Hause gehen \u0001 \u0002 er wusste ganz genau, dass sie das sowieso nicht tun w\u00fcrde, trotz ihrer Zweifel. Und der Angst. Ja, sie hatte Angst. Wem wollte sie etwas anderes weismachen? Aber das war nicht wichtig. Das war wieder einer dieser tierischen Triebe, die man im Laufe des Menschwerdens immer mehr zu unterdr\u00fccken lernt. Unterdr\u00fccken. Nicht beherrschen und auch nicht nicht verschwinden lassen. Aber \u0001 \u0002 eigene Lampe in der Hosentasche verstaut ergriff sie mit jeder Hand eine Strebe der Leiter und trat mit dem rechten Fu\u00df auf die unterste Sprosse, die sie erreichen konnte. Aus dem Schacht stieg ein leichter Modergeruch empor. Finn schaltete seine Taschenlampe ein und Kelly begann ihren Abstieg. Es war tats\u00e4chlich eine gewisse Erleichterung den Schein von Georges Lampe zu sehen, der vom Fu\u00dfende der Leiter kam. Aber bei Gott, waren ihr f\u00fcnfzehn Meter je in ihrem Leben so lang vorgekommen? Es schienen eher drei\u00dfig zu sein. Oder f\u00fcnfzig. Die Leiter knarzte unter jedem ihrer Schritte, die Kelly mit chirurgischer Langsamkeit tat. Kein Vergleich zu Georges eiliger \u0001 \u0002 kannte den Unfall ihres Vaters nur aus den Beschreibungen anderer, hatte ihn aber als Kind oft und auch sp\u00e4ter immer wieder in Alptr\u00e4umen erlebt. Der \u00fcberraschte Ausdruck in seinem Gesicht, als er abrutschte und fiel und im Bruchteil einer Sekunde bemerkte, dass sein Leben in der n\u00e4chsten beendet sein w\u00fcrde. Kein anderer Traum war ihr je so schrecklich detailliert und real \u0001 \u0002 Licht von oben erwies sich als sehr hilfreich, denn das von unten h\u00e4tte ihr gerade zu Anfang wenig geholfen, die Sprossen \u0001 \u0002 Schacht \u00f6ffnete sich nach unten hin trichterf\u00f6rmig. Je mehr Selbstvertrauen Kelly beim Klettern gewann, desto mehr konnte sie von dieser Umgebung aufnehmen, die sich ein Leben lang unter ihrer Heimat befunden hatte, ohne, dass sie davon gewusst h\u00e4tte. Die W\u00e4nde waren unregelm\u00e4\u00dfig, aber glatt. Die hier und da leicht vortretenden Erhebungen von verschiedener Gr\u00f6\u00dfe und Form w\u00fcrden keinerlei Halt bieten, sollte man versuchen, an ihnen hinaufzuklettern. Ganz abgesehen von der Tatsache, dass man aufgrund der Form fast f\u00fcnfzehn Meter kopf\u00fcber klettern m\u00fcsste, um die \u00d6ffnung unter der Kirche zu \u0001 \u0002 fielen einem die schrecklichsten Szenarien immer dann ein, wenn das Risiko gerade am gr\u00f6\u00dften war, in sie geraten? Die Antwort war nat\u00fcrlich klar: Das Unterbewusstsein versuchte damit, sie zu warnen. Dieser Schacht war die reinste \u0001 \u0002 wie sie das noch dachte, brach unter ihrem n\u00e4chsten Schritt eine Sprosse.",
            "wordcount": "3.208",
            "chapter_release": "19.06.2018",
            "chapter_number": "3"
        },
        "4": {
            "text": "Heute wurde dem M\u00f6rder und Grabr\u00e4uber Peter Shannon der Prozess gemacht. Der Niedertr\u00e4chtige war angeklagt, das Grab des am 13. September verstorbenen Corey Skiar gesch\u00e4ndet und dessen Leiche entwendet zu haben. Dazu soll er au\u00dferdem Louth Patrick erschlagen haben, der in jener Nacht nach dem Begr\u00e4bnis die Totenwache hielt. Beide Leichen bleiben verschwunden und Shannon stritt bis zuletzt alles ab. Manche sagen, er habe die Toten in der unerforschten Erdspalte versteckt, die auf dem Unterland nahe der K\u00fcste in den Boden f\u00fchrt. Der Verdacht war auf Shannon gefallen, da er oft mit dem alten Corey Skiar aneinander geraten war. Das Fleddern von dessen Leiche soll Shannons Rache f\u00fcr all diese Streitigkeiten \u0001 \u0002 dies stritt der Angeklagte vehement ab, jedoch konnte er auch keinen Gegenbeweis liefern. Shannon lebt in seiner H\u00fctte allein und so gibt es niemanden der bezeugen k\u00f6nnte, dass er sich in jener Nacht in seinem Bett befunden habe, wie er \u0001 \u0002 Kempton, der die einzige Gerichtsbarkeit auf der Insel darstellt, verurteilte Shannon bei Sonnenuntergang zum Tode durch den Strang, f\u00fcr Grabessch\u00e4ndung und hinterh\u00e4ltigen \u0001 \u0002 Gemeinde bejubelte Pfarrer Kemptons strenges Urteil und den gerechten Tod Peter \u0001 \u0002 Mahnung f\u00fcr andere wird er zun\u00e4chst einige Tage am Galgen auf dem Dorfplatz \u0001 \u0002 M\u00f6wen beginnen bereits damit, sein verzerrtes Gesicht \u0001 \u0002. September 1766Im Dorf herrschten heute in der Fr\u00fch gro\u00dfe Furore. Der Leichnam des Geh\u00e4ngten Shannon war \u00fcber Nacht verschwunden. Erstaunlich war, dass der R\u00e4uber die Leiche anscheinend sorgf\u00e4ltig aus der Schlinge gezogen hat ohne das Seil zu besch\u00e4digen, aber niemand will etwas bemerkt \u0001 \u0002 sprechen viele \u00fcbereinstimmend von verst\u00f6renden Alptr\u00e4umen, die sie des Nachts heimsuchten, die sie aber nicht genau zu beschreiben \u0001 \u0002 Mittag bat mich Pfarrer Kempton zu sich und teilte mir mit, er werde eine Erkundung der geheimnisvollen Erdspalte unternehmen, die er als Versteck der geraubten Leichen vermutete, nachdem auf seine Anweisung jede H\u00fctte des Dorfes sorgf\u00e4ltig durchsucht worden \u0001 \u0002 Pfarrer sprach und sagte mir: \u201eWenn wir die vermissten Verblichenen nicht dort unten finden, kann der R\u00e4uber sie nur ins Meer geworfen haben. Aber solange es noch Hoffnung gibt, sind wir es Skiar, Lough Patrick wie auch dem zu Unrecht Geh\u00e4ngten Shannon schuldig\u201c.Die Erkundung ist f\u00fcr den morgigen Tag angesetzt. Der Pfarrer will schnell handeln, damit die Leichen nicht dahin faulen, bis sie ein angemessenes Begr\u00e4bnis erhalten haben.",
            "wordcount": "392",
            "chapter_release": "19.06.2018",
            "chapter_number": "4"
        },
        "5": {
            "text": "Zu ihrer \u00dcberraschung hatte schon fast die H\u00e4lfte ihres Weges nach unten zur\u00fcckgelegt. Aber ein Sturz aus acht Metern H\u00f6he auf harten Fels w\u00fcrde nicht wesentlich angenehmer sein als ein Sturz aus f\u00fcnfzehn Metern. Der linke Fu\u00df baumelte in der Leere, nachdem die Sprosse unter ihm nachgegeben hatte. \u201eWas ist passiert?\u201c, kam Finns Stimme von oben. Kellys H\u00e4nde hielten die Seiten der Leiter krampfhaft fest gepackt und begannen, einen ziehenden, st\u00e4ndig intensiver werdenden Schmerz auszustrahlen.\u201eDie... Sprosse...\u201c, st\u00f6hnte sie verzweifelt hervor und bef\u00fcrchtete, sie war kaum laut genug, als dass es Finn oder George h\u00e4tten h\u00f6ren k\u00f6nnen. Ihr Atem ging rasselnd und wie zum Spott erschien vor ihrem inneren Auge wieder das h\u00fcbsche, junge M\u00e4dchen, dass sie einst gewesen war und f\u00fcr das diese gebrochener Sprosse kein Hindernis dargestellt h\u00e4tte. Aber jetzt, mit 59 Jahren hing sie hier wie ein nasser Sack, der kaum in der Lage war, sein eigenes Gewicht zu halten.\u201eIch komme zu dir!\u201c, rief Finn.\u201eNein!\u201c, br\u00fcllte Georger Harker bestimmt. \u201eDie Leiter h\u00e4lt euch beide nicht!\u201c\u201eDann werd' ich Hilfe holen\u201c.\u201eDie T\u00fcr ist verschlossen. Und niemand darf hiervon erfahren!\u201c\u201eAuch wenn dabei ihr Leben aufs Spiel gesetzt wird?\u201c, explodierte Finn.\u201eWenn ihr auch nur das geringste passiert, George, bring' ich dich h\u00f6chstpers\u00f6nlich um, du verdammtes Arschloch!\u201c\u201eIch hab' euch von Anfang an gewarnt\u201c, erwiderte George mit der \u00fcblichen, priesterlichen Ruhe.\u201eUnd jetzt bleiben wir mal ganz ruhig. Mrs. Farland? Es ist nicht mehr weit. Nur keine hektischen Bewegungen\u201c.Kelly keuchte vor Anstrengung. Ihre H\u00e4nde waren nichts mehr als zwei Klumpen Schmerz an den Enden ihrer Arme, die sie am liebsten abstreifen und hier h\u00e4ngen lassen w\u00fcrde. Sie war sich nicht mal mehr sicher, ob sie die Finger noch w\u00fcrde l\u00f6sen k\u00f6nnen, wenn sie ihren Weg fortsetzte.\u201eEs ist nat\u00fcrlich Ihre Entscheidung\u201c, setzte George hinzu,\u201caber ich w\u00fcrde Ihnen empfehlen, die n\u00e4chsth\u00f6here Sprosse zu nehmen und wieder nach oben zu klettern\u201c.Einen Moment lang \u00fcberlegte sie. Sie hatte die Wahl zwischen jetzt sieben Meter zur\u00fcck nach oben klettern oder jetzt acht Meter nach unten und sp\u00e4ter wieder f\u00fcnfzehn Meter nach oben. Ganz zu schweigen vom Dilemma ihrer \u00dcberzeugung. Sie dachte wieder an Stanley und wie seine Neugier ihn ins Verderben getrieben hatte. \u201eNein\u201c, entschied sie, doch ihre kraftlose Stimme klang wenig \u00fcberzeugend. W\u00e4hrend Finn von oben seine Besorgnis bekundete und sie bat, doch wieder nach oben zu kommen, lie\u00df Kelly ihren K\u00f6rper vorsichtig immer weiter nach unten sinken. Sie stand mit dem rechten Fu\u00df noch immer auf einer Sprosse und je tiefer sie jetzt ging, desto mehr trat ein qu\u00e4lender Dehnungsschmerz im dazugeh\u00f6rigen Unterschenkel auf. Sie biss die Z\u00e4hne zusammen. Der linke Fu\u00df tastete panisch, fand nichts. Keine Sprosse. Ohne sie zu l\u00f6sen zog sie ihre verkrampften H\u00e4nde, die inzwischen weit \u00fcber ihr zu h\u00e4ngen schienen, nach. Dabei fuhren ihr mehrere Splitter in Finger und Handfl\u00e4chen, aber diese kleinen Schmerzblitze nahm sie nur am Rande.\u201eKelly! Komm' nach oben! Bitte!\u201c, br\u00fcllte Finn und seine Worte hallten durch den trichterf\u00f6rmigen Schacht. L\u00e4cherlich. Sie war so weit gekommen. Die n\u00e4chste intakte Sprosse musste direkt unter ihr sein. Und da war sie. Der linke Fu\u00df setzte auf. F\u00fcr einen Moment bildete sie sich ein, ein weiteres Brechen von morschem Holz zu h\u00f6ren, aber die Sprosse hielt. Ihre H\u00e4nde, Arme und der rechte Oberschenkel protestierten lautstark, aber alldem zum Trotz hielt die Sprosse.\u201eIch hab sie! Ich stehe!\u201c, rief sie begeistert und kam sich im n\u00e4chsten Moment erschreckend albern vor. Eine weitere Schmerzorgie \u00fcberkam sie, als sie das stark \u00fcberdehnte rechte Bein zwang von der vorletzten Sprosse nachzur\u00fccken. Aber sie lie\u00df es sich nicht h\u00f6rbar anmerken und es gelang \u0001 \u0002 restlichen Meter waren im Vergleich eine geradezu entspannte \u0001 \u0002 wahre Ausma\u00df von Ersch\u00f6pfung und Schmerz und der Rolle, die ihr Alter darin spielte, nahm sie erst so richtig war, als sie unten ankam. Ihr war schwindelig und sie konnte kaum die fremde Umgebung in sich aufnehmen, die vom Schein der Lampe des Pfarrers unzureichend erhellt \u0001 \u0002 brauchte nur gut halb so lang, um nach unten zu gelangen. Kelly hatte sich auf den Boden gesetzt und die Beine ausgestreckt. Finn beugte sich besorgt \u00fcber sie. Er st\u00fctzte sie mit beiden H\u00e4nden am R\u00fccken. Sie keuchte heftig. Die Konturen der Umgebung verblassten, wurden wieder klar, verblassten wieder, pulsierend wie ihr Herz. \u201eGanz ruhig, Mrs. Farland\u201c, fl\u00fcsterte er. Es dauerte eine ganze Weile bis Kelly sich wieder in der Lage sah, aufzustehen und zu gehen. Der krampfartige, zerrende Schmerz in ihren H\u00e4nden wollte jedoch nicht verschwinden. Ihr Stiefbruder und George halfen ihr gemeinsam hoch und jetzt stellte sie ihm Licht von zwei Taschenlampen \u00fcberrascht fest, dass sich an den Trichterschacht, auf dessen Grund sie sich jetzt befanden, ein Gang anschloss. Er war etwa vier Meter breit und eben so hoch. Die W\u00e4nde, der Boden und die gew\u00f6lbte Decke waren zu glatt und gleichm\u00e4\u00dfig, dass sie niemals nat\u00fcrlich h\u00e4tten entstehen k\u00f6nnen. \u201eWer...?\u201c, fragte Finn und nahm seiner Schwester damit die Worte aus dem Mund.\u201eNa, was glaubt ihr?\u201c, fragte George.\u201eDie Skiaren?\u201c, fragte Kelly. Es war eigentlich keine Frage. George nickte.\u201eSeit wann? Wann haben sie das getan?\u201c, fragte Finn.\u201eStanley Hanlon hat nur an der Oberfl\u00e4chliche gekratzt. Ich kann nicht behaupten, dass ich alles \u00fcber die Skiaren wei\u00df, aber doch einiges mehr. Die Sache ist wesentlich komplizierter, als ihr vielleicht gedacht h\u00e4ttet\u201c, erkl\u00e4rte George.\u201eDu wusstest es die ganze Zeit. Von Mullany?\u201c, fragte Finn und Kelly sp\u00fcrte, wie seine Stimmung wieder drohte, in Wut umzuschlagen.\u201eVon Mullany. Und Mullany wusste es von Abrahms. Und so geht die Linie zur\u00fcck bis zu Pfarrer O'Leary, der es von Burgess Kempton pers\u00f6nlich erfuhr, als er dessen Amt \u00fcbernahm. Seit \u00fcber 250 Jahren bewahrt unsereins das Geheimnis von Kempton Rock. Und abgesehen von der blo\u00dfen Tatsache, dass die Skiaren existieren, ist davon bislang nichts an die \u00d6ffentlichkeit geraten. Bis heute\u201c, sagte George. \u201eUnd auch du hast nie irgendwas gesagt. Wie alle vor dir. Und es h\u00e4tte noch Generationen so weitergehen k\u00f6nnen\u201c, stellte Finn vorwurfsvoll fest. Er hielt George den Lichtstrahl seiner Lampe direkt ins Gesicht.\u201eIch stehe zu meinen \u00dcberzeugungen\u201c, erwiderte der Pfarrer, nachdem er seine Wort offenbar mit Bedacht abgewogen hatte.\u201eIch schei\u00df' auf deine \u00dcberzeugungen\u201c, fauchte Finn und richtete seine Lampe wieder auf den vor ihnen liegenden Gang, der nach etwa zehn Meter eine sanfte Biegung vollf\u00fchrte.\u201eDie Skiaren legen hier unter unseren F\u00fc\u00dfen irgendwelche Tunnel an und wir erfahren nichts davon\u201c\u201eDie G\u00e4nge existieren weit l\u00e4nger, als es Menschen auf der Insel gibt\u201c, gab George zur\u00fcck, als ob dies eine Entschuldigung f\u00fcr die jahrhundertelange Verschwiegenheit der Inselpfarrer w\u00e4re.\u201eWie lange?\u201c, fragte Kelly ehrf\u00fcrchtig und Stanleys Beschreibungen von den unterirdischen H\u00f6hlen, die von den Skiaren im Land unter der dunklen Sonne abgelegt worden waren, kamen ihr wieder in den Sinn.\u201eIch wei\u00df es nicht genau\u201c, gab George zu und er starrte gebannt in den Gang, als ob er ihn noch nie gesehen h\u00e4tte. \u201eAber auf jeden Fall sehr, sehr lange. Kommt. Wir haben noch ein gutes St\u00fcck vor uns\u201c.Finn packte ihn am Arm, bevor er sich in Bewegung setzten konnte. \u201eErst will ich alles wissen, was du wei\u00dft\u201c, forderte er mit drohendem Unterton. \u201eDu h\u00e4ttest meine Schwester beinahe umgebracht. Ich will jetzt was h\u00f6ren, George\u201c.\u201eIch habe euch beide vorher gewarnt\u201c, stellte George noch einmal klar und diesmal gelang es ihm nicht seine Emp\u00f6rung mit Gelassenheit zu \u00fcberspielen. \u201eIch werde euch alles unterwegs erz\u00e4hlen\u201c.Und das tat er. Abermals ging George vor, Kelly und ihr Bruder folgten ihm und seine Worte hallten durch den engen \u0001 \u0002 Pfarrer erz\u00e4hlte von einem lange verschwundenen Land aus der fr\u00fchesten Erdgeschichte. Im Laufe hatte es viele Namen getragen. In j\u00fcngster Zeit war es von Alfred Wegener als \u201ePang\u00e4a\u201c bezeichnet worden. Doch in fr\u00fcheren Jahrtausenden, bevor das Wissen um diesen gewaltigen Urzeitkontinent mehr und mehr verloren ging, hatte er den Namen \u201eAmakadan\u201c \u0001 \u0002 horchte auf, denn dies war schon das zweite Mal auf heutigen Tag, dass sie diesen Namen h\u00f6rte. Und das erste Mal seit sehr langer Zeit. Stan hatte in seiner Flaschenpost berichtet, wie sein Gro\u00dfvater ihm Geschichten \u00fcber dieses Land erz\u00e4hlt hatte und Kelly erinnerte sich aus ihrer Kindheit lebhaft daran, wie Stan manche dieser Geschichten in den Schulpausen f\u00fcr seine Freunde wiederholt hatte. Eine, die Kelly ganz besonders im Ged\u00e4chtnis geblieben war, weil sie ihr damals solche Angst gemacht hatte, handelte von einer gewaltigen Spinneng\u00f6ttin, die \u201eNodor\u201c oder \u201eNodos\u201c gehei\u00dfen und angeblich den Untergang Amakadans \u00fcberlebte und sich noch immer irgendwo auf der Erde verbarg. Wollte George sie f\u00fcr dumm verkaufen, indem er ihnen alte Gruselgeschichten erz\u00e4hlte? Warum sollte er das tun? Kelly beschloss, ihre Zweifel zun\u00e4chst f\u00fcr sich zu \u0001 \u0002 fuhr fort, Amakadan als einen Kontinent voller m\u00e4chtiger Imperien, prachtvoller St\u00e4dte und aller nur denkbaren Tiere und Pflanzen in eine Vielfalt zu beschreiben, die in der heutigen Welt nicht mehr vorstellbar sei. Die Menschen oder menschen\u00e4hnlichen Bewohner dieses Landes \u2013 in diesem Punkt schien er sich sehr unsicher zu sein \u2013 verehrten und f\u00fcrchteten eine Gruppe von m\u00e4chtigen Wesen, deren damalige Bezeichnung sich am ehesten mit \u201eDie gro\u00dfen Patrone\u201c \u00fcbersetzen lie\u00dfe. Nodos, die Mutterspinne, die George neben ein paar anderen explizit erw\u00e4hnte, sei nur eine von vielen gewesen. Und auch das, was die Bewohner von Kempton Rock als Skiaren bezeichnete, gab es dort. Und schon zu jener Zeit waren sie, unter welchem Namen auch immer, gef\u00fcrchtet. Man k\u00f6nnte vielleicht sagen, dass es sich um eine eng verschworene Gilde m\u00e4chtiger Alchimisten handelte, die ihre Experimente an sich selbst zu weit f\u00fchrten. Sie erlangten die Unsterblichkeit und eine ganze andere Reihe unfassbarer F\u00e4higkeiten. Doch sie zahlten einen hohen Preis daf\u00fcr und ihre schrecklichen, unmenschlichen Entstellungen, die sie einander zuf\u00fcgten, waren davon nur ein kleiner Teil. Schlie\u00dflich aber kam der Tag des Untergangs. Im Streit um die Vorherrschaft gerieten die Patrone \u00fcber die Jahrtausende immer wieder in heftige Streitereien, die schlie\u00dflich in einem Krieg m\u00fcndeten, den die Welt zuvor oder danach nie wieder gesehen hatte. Zun\u00e4chst f\u00fchrten die Patrone, von denen einige weniger m\u00e4chtige noch untereinander verb\u00fcndet waren, ihre menschlichen Anh\u00e4nger ins Feld. Schlachten von apokalyptischen Ausma\u00dfen, in denen Millionenheere, unterst\u00fctzt von gez\u00e4hmten Bestien des Urkontinents aufeinander schlugen und sich gegenseitig in Feuer, Stahl und Schmerz ausl\u00f6schten. Danach traten die Patrone h\u00f6chstselbst gegeneinander an und diese letzte Schlacht setzte zerst\u00f6rerische Kr\u00e4fte frei, die alles menschliche Verst\u00e4ndnis \u00fcberstiegen. Xul-Atun, der Vernichter, soll es schlie\u00dflich gewesen sein, der Amakadan mit einem einzigen Hieb zerschmetterte. Die meisten Bruchst\u00fccke begannen, auseinanderzudriften und unsere heutigen Kontinente zu bilden. Doch ein St\u00fcck, vielleicht halb so gro\u00df wie Australien, wurde durch Xul-Atuns finalen Schlag in eine andere Dimension geschleudert, die anderen physikalischen Gesetzen gehorchte. Die gro\u00dfen Patrone l\u00f6schten sich gegenseitig aus. Nur ein paar der niederen, wie Nodos oder Tyc, der Traumweber, \u00fcberlebten. Auch \u00fcberlebten nur wenige Menschen und ihre Zivilisation war vollkommen zerst\u00f6rt. Es dauerte \u00c4onen, bis der Mensch, nun nackt, hilflos und ohne die Weisungen seiner einstiegen Patrone eine neue, hochstehende Kultur erschaffen \u0001 \u0002 der anderen Dimension, dem Land unter der dunklen Sonne jedoch, hatten die Skiaren in ihren unterirdischen Festungen \u0001 \u0002 und Finn lauschten Georges Erz\u00e4hlung gebannt. Dass selbst Finn seitdem sie in den Gang eingetreten waren, kein Wort mehr gesagt hatte, zeugte davon das George tats\u00e4chlich f\u00fcr sein Amt geboren worden sein musste. Er war der perfekte Prediger. Man konnte gar nicht anders, als an seinen Lippen zu h\u00e4ngen. Der Gang schraubte sich derweil spiralf\u00f6rmig scheinbar endlos weiter in die Tiefe.\u201eDie Skiaren fanden schlie\u00dflich einen Weg in unsere Welt zur\u00fcckzugelangen\u201c, erkl\u00e4rte George,\u201cIhre eigene Dimension ist ein seltsamer Ort, an dem vor allem die Zeit eine eigenartige Sache ist. Wie Stanley festgestellt hat, vergeht sie gef\u00fchlt nicht viel anderes als in unserer Welt. Aber viele Dinge, die bei uns selbstverst\u00e4ndlich sind, l\u00e4sst sie dort nicht zu. Es w\u00e4chst nichts. Keine Pflanzen. Und auch Tiere sind nicht in der Lage, dort Nachwuchs zu zeugen. Es ist ein vollkommen toter Ort. Die Skiaren trachten danach, hierher zur\u00fcckzukommen. Aber nicht sie allein. Sie wollen auch das verlorene Fragment des alten Kontinents auf unsere Erde zur\u00fcckbringen. Sie glauben, der Landmasse von Amakadan an sich wohne ein besondere Kraft inne. Eine Kraft, die sie zu beherrschen gelernt haben. Den Fragmenten auf der Erde sei diese Kraft mit der Zeit verloren gegangen. Doch das St\u00fcck Amakadan in ihrer zeitlosen Dimension besitzt sie noch \u0001 \u0002 um es in unsere Welt zu transferieren, ben\u00f6tigen sie viele Skiaren, die mit ihren vereinten mentalen Kr\u00e4ften Raum und Zeit \u00fcberwinden k\u00f6nnen. Vor ungef\u00e4hr 300 Jahren f\u00fchrten sie einen ersten Versuch durch, bei dem zumindest ein kleines St\u00fcck ihres Landes in unsere Welt geschickt werden sollte. Und es gelang. Die Erde gewann eine neue Insel\u201c.\u201eUnd kurz darauf kamen Burgess Kempton und seine Anh\u00e4nger auf der Flucht vor den Engl\u00e4ndern aus St. John's hierher und siedelten sich an...\u201c, murmelte \u0001 \u0002 war ersch\u00f6pft. Nach all den Anstrengungen w\u00fcrde es f\u00fcr sie einer l\u00e4ngeren Pause bed\u00fcrfen, bis sie sich auf den R\u00fcckweg machen konnten.\u201eUnd wo gehen wir jetzt hin?\u201c, fragte sie.\u201eIch will euch etwas zeigen, dass zumindest einen Teil eurer Zweifel beseitigen soll. Wir bewahren hier seit Jahrhunderten ein Dokument aus der Zeit der ersten Besiedlung auf. Ein Bericht aus erster Hand. Verfasst von einem Mann, mit dem ihr beide sozusagen gesetzlich verwandt seid\u201c.Kurz darauf m\u00fcndete der Gang in einen kleinen Raum. Als sie ihn betraten, schaltete auch Kelly zum ersten Mal ihre Lampe an. Der Raum besa\u00df eine sechseckige Grundfl\u00e4che und die W\u00e4nde waren ebenso glatt und pr\u00e4zise aus dem Fels gehauen wie der Gang. Ein Gro\u00dfteil des Bodens wurde von einer Art Relief eingenommen, dass wie ein zuf\u00e4lliges Muster wirkte. Ein eigenwilliges, surreales Kunstwerk, umgeben von einem Rahmen, dessen sechs Ecken sich exakt in die Ecken des Raumes f\u00fcgten. Die Umrisse ergaben f\u00fcr Kelly keinen Sinn, bis ihr auffiel, dass sie diese Form so \u00e4hnlich schon einmal gesehen hatte. Nicht exakt so. Einige Details waren anders, aber nach allem, was sie nun wusste, war das auch wenig verwunderlich. Wegener und die, die seine Theorie weiter ausarbeiteten, hatten schlie\u00dflich nicht wissen k\u00f6nnen, dass Amakadan mehr war als das Pang\u00e4a, dass sie aus den heutigen Kontinenten zusammengepuzzelt hatten. \u201eDer alte Kontinent\u201c, sagte George nicht ohne eine gewisse Ehrfurcht. \u201eWir nennen das hier den Kartenraum. Aber das klingt schrecklich banal. Wahrscheinlich ist das hier auch mehr ein Denkmal oder sogar ein Tempel. Von den Skiaren als Ausdruck ihres Willens erschaffen, die Macht Amakadans zu preisen und zur\u00fcckzugewinnen\u201c.George trat unger\u00fchrt ein, w\u00e4hrend die Geschwister den Anblick noch in sich aufnehmen mussten. Finn lie\u00df den Strahl seiner Taschenlampe hierhin und dorthin durch den Raum tanzen. Wie alt mochte dieser Raum sein? Und was konnte sich hier alles abgespielt haben?Die Tatsache, dass die Strukturen schon tausende, hunderttausende, vielleicht Millionen Jahre alt waren, ohne, dass sich auch nur der kleinste Riss im Relief oder in den W\u00e4nden gebildet hatte, ohne, dass sich geringste Spuren von Strukturerm\u00fcdung durch die Kr\u00e4fte der Natur zu erkennen w\u00e4ren, war erdr\u00fcckend. Diese Insel war einst Teil dieser Welt gewesen, aber dann hatte sie lange Zeit in der Fremde verbracht. Und bei ihrer R\u00fcckkehr auf diese Erde war etwas vom dem Fremden mitgekommen. Etwas von der r\u00e4tselhaften Zeitlosigkeit und Unver\u00e4nderbarkeit jener v\u00f6llig anderen Welt bestand fort, zumindest hier unten, in den nicht \u00e4lter werdenden Anlagen der \u0001 \u0002 Vorstellungskraft, unterst\u00fctzt von Stans lebhaften Beschreibungen und der Geschichte, die George ihnen erz\u00e4hlt hatte, fing hier unten Feuer. Sie sah die Skiaren vor sich in diesem Raum, erhellt von einem r\u00e4tselhaften, blauen Schein, wie sie unbeschreibliche Rituale auf dem Relief durchf\u00fchrten, dass Amakadan darstellte. Kehlige Ges\u00e4nge und Gebete, mit der sie die r\u00e4tselhaften Kr\u00e4fte des zerschlagenen Kontinents zu beschw\u00f6ren suchten, um ihre Herrschaft \u00fcber die Welt anzutreten. \u201eWenn die W\u00e4nde sprechen k\u00f6nnten...Mein Gott...\u201c, entfuhr es Kelly.\u201eDie W\u00e4nde m\u00fcssen nicht sprechen\u201c, erwiderte George. Er ging zur gegen\u00fcberliegenden Wand des Kartenraums und leuchtete in die rechte, hinterste Ecke. Dort kam ein kleiner, rechteckiger Gegenstand zum Vorschein, der Finns und Kellys Lichtstrahlen bisher entgangen \u0001 \u0002 nahm den Gegenstand auf und hielt ihn in die H\u00f6he.\u201eWas ist das?\u201c, fragte Finn.\u201eEs ist eine Art Tagebuch, verfasst von Hancourt Farland im Jahr 1766\u201c, sagte \u0001 \u0002 Augen weiteten sich. Der erste Farland auf Kempton Rock und ein direkter Vorfahre ihres verstorbenen Ehemannes. Ian hatte nicht viel \u00fcber ihn gewusst. Auf der Insel hatte man ihn von je her als Vertrauten, vielleicht auch eine Art Adjutant Burgess Kemptons betrachtet. Es war noch nicht einmal bekannt, warum er nur wenige Monate nach Beginn der Besiedlung verstorben war. Ian hatte es immer gest\u00f6rt, dass Hancourt Farland bei den Feierlichkeiten zum Landing Day die ewige zweite Geige nach dem gro\u00dfen Burgess Kempton spielte. Dieses Tagebuch enthielt sicherlich genauere Information \u00fcber Ians Vorfahren, die ihn zu einer interessanteren Pers\u00f6nlichkeit gemacht h\u00e4tten, so wie Ian es sich immer gew\u00fcnscht hatte.\u201eWarum ist es hier unten?\u201c, fragte Kelly mit einem gewissen Vorwurf in der Stimme.\u201eWir k\u00f6nnen es nicht \u00f6ffentlich zug\u00e4nglich machen. Der Inhalt ist zu brisant. Es ist auch nicht das Original. Das w\u00e4re vermutlich schon l\u00e4ngst verfallen. Es wurde 1803 hier unten von Pfarrer Shepard entdeckt und seitdem zweimal neu abgeschrieben\u201c.\u201eWei\u00dft du auch, wie es hier runtergekommen ist?\u201c, fragte Kelly weiter. \u201eDas Original, meine ich\u201c.Er kam wieder zum Eingang des Kartenraumes, wo die Geschwister noch immer standen und hielt Kelly das Buch hin.\u201eDas findet ihr am besten selbst raus. Ich hoffe inst\u00e4ndig, dass es euch \u00fcberzeugen wird, die Flaschenpost zu vernichten und die Angelegenheit verschwiegen zu behandeln\u201c.\u201eDas werden wir ja sehen\u201c, sagte Finn. Kelly nahm das kleine Buch entgegen und schlug es auf. Das Papier etwas br\u00fcchig. Diese Abschrift konnte auch schon an die hundert Jahre alt sein. Vielleicht stammte sie von Mullany, wahrscheinlicher aber noch von seinem Vorg\u00e4nger Abrahms. Finn hielt seine Lampe so, dass beide ungest\u00f6rt lesen \u0001 \u0002 Harker hatte die H\u00e4nde vor dem Bauch gefaltet und wartete geduldig.",
            "wordcount": "2.970",
            "chapter_release": "19.06.2018",
            "chapter_number": "5"
        },
        "6": {
            "text": "Kempton ist eine hinterh\u00e4ltige Schlange. Mit meinem letzten Atem werde ich festhalten, wie er seinem Gott abschwor und den Verlockungen der H\u00f6lle \u0001 \u0002 Morgen dieses Tages brachen Kempton, Kane Donnow und ich auf, das Geheimnis der Erdspalte zu ergr\u00fcnden, in der Hoffnung, die geraubten Leichen zu finden. Der Abschied von meiner geliebten Mary und den Kindern fiel mir nicht leicht und umso mehr bef\u00e4llt mich nun die Wehmut, wenn ich daran denke, dass ich sie nie wiedersehen werde. Im Sonnenaufgang kletterten wir an einem der dicksten Schiffstaue, das noch von der Fortuna \u00fcbrig blieb in das Loch im Unterland. Wir alle waren mit Vorr\u00e4ten und Fackeln f\u00fcr eine mehrt\u00e4gige Erkundung ausgestattet, doch hofften wir nat\u00fcrlich, dass die H\u00f6hlungen unter unserer Insel nicht besonders tief oder weitl\u00e4ufig sein w\u00fcrden und die toten K\u00f6rper in unmittelbarer Reichweite zu finden seien. Doch weit gefehlt. Am Boden des tiefen Schachtes, in den das Loch m\u00fcndete, stie\u00dfen wir auf einen k\u00fcnstlich in den Fels gehauenen Gang, der uns tiefer und tiefer in die Erde f\u00fchrte. Die Ausma\u00dfe waren spektakul\u00e4r und mit nichts zu vergleichen, was mir an unterirdischen Bauwerken bekannt gewesen w\u00e4re. Wir spekulierten auf unserem Weg in die Tiefe, dass es ein Schmugglerversteck oder ein geheimes Depot der Franzosen gewesen sein k\u00f6nnte, dass nach dem Kriege aufgegeben worden war. Kempton blieb w\u00e4hrend Donnows und meiner Diskussion still und lie\u00df sich nicht dazu hinrei\u00dfen, mit seinem akademischen Wissen auszuhelfen. Im R\u00fcckblick glaube ich, dachte er an jene alten Schriften, die er begierig studiert hatte und wegen derer man zum Hexenmeister, zum Prediger des Satans, gar zum Antichristen erkl\u00e4rte und die Engl\u00e4nder ihn aus ihrer Kolonie Neufundland vertrieben hatten. Warum die anderen und ich ihm solang und \u00fcber alle Strapazen die Treue hielten, ist f\u00fcr mich nunmehr kaum begreiflich. Es scheint so, dass die Anschuldigungen gerechtfertigt waren. Nun Gnade dieser Insel, die den Namen dieses Teufels tr\u00e4gt und von ihm beherrscht \u0001 \u0002 bef\u00fcrchteten bereits, der Gang w\u00fcrde nie ein Ende nehmen und sich nur ewiglich tiefer in die Erde graben, das fiel uns ein Schimmer bl\u00e4ulichen Lichtes entgegen, der die Helligkeit unserer Fackeln weit \u00fcbertraf. Donnow weigerte sich zun\u00e4chst, weiterzugehen, da er das Schlimmste annahm, doch Kempton zwang uns weiter und wir erreichten nach der n\u00e4chsten Windung des Ganges eine Kammer von gar sonderbarer Bauart. Darin erblickten wir drei Kreaturen der H\u00f6lle, deren Anblick einem das Augenlicht rauben k\u00f6nnte. Sie waren gro\u00df und hatten zu viele Beine... zu viele Beine, wie die eines Ungeziefers. Und ihre Gesichter. Bei Gott, die Gesichter, wenn man sie \u00fcberhaupt so nennen kann. Es war ein Blick in den dunkelsten Abgrund, in das Verderben, in die schwarze Seele des Kosmos, ins Herz des \u0001 \u0002 waren um ein eigenartiges Bodenrelief versammelt, dessen Sinn sich mir vollends entzieht. Der blaue Schein r\u00fchrte von einer leuchtenden Glaskugel her, die einer von ihnen an einem Stab bei sich trug. Als wir eintraten und sie sich zu uns umdrehten, uns ihre Gesichter enth\u00fcllten, wollten Donnow und ich sofort Hals \u00fcber Kopf die Flucht ergreifen, doch Kempton, der Niedertr\u00e4chtige, hielt uns zur\u00fcck.\u201eSie sind es\u201c, fl\u00fcsterte er nur und furchtlos, wie nur der schamlose S\u00fcnder und Teufelsanbeter sein kann, ging er zu den riesenhaften Monstren hin\u00fcber und begann... zu sprechen, so glaube ich. Es waren schreckliche Laute, die tief aus seiner Kehle drangen und die Kreaturen der H\u00f6lle antworteten in \u00e4hnlicher Weise. Ich und Donnow waren zu sehr vom Schock ergriffen, als das wir irgendetwas h\u00e4tten tun oder sagen k\u00f6nnen. Nach einem l\u00e4ngeren \u201eGespr\u00e4ch\u201c kam Kempton zu uns zur\u00fcck und sprach etwas vom Beginn einer gro\u00dfen Zeit und davon, dass jeder, der ihm folge, die wahre Unsterblichkeit und einen guten Platz in seinem kommenden Reich erlangen \u0001 \u0002, der Antichrist! W\u00e4hrend ich nach wie vor in den Klauen der Angst gel\u00e4hmt war, tat Kane Donnow, ein gr\u00f6\u00dferer Christ, als ich es je sein werde das, wonach auch mir der Sinn stand. Er st\u00fcrzte sich mit einem wilden Schrei auf Kempton und trachtete danach, dem Teufelsanbeter mit seiner Fackel das h\u00e4mische Gesicht zu verbrennen. Doch der Hinterh\u00e4ltige hatte diese Tat voraus gesehen und der gute Donnow ging mit einem Messer im Bauch zu Boden, ohne, dass er Kempton eine Verletzung h\u00e4tte beibringen k\u00f6nnen. Sein Platz im Himmelreich ist \u0001 \u0002 fragte Kempton mich, ob ich seinem teuflischen Bund beitreten wolle. Ich blickte auf den toten Kameraden herab und verneinte \u0001 \u0002 war sichtlich w\u00fctend und rief den Kreaturen mit einer Folge kehliger Laute etwas zu. Einer von ihnen kam her\u00fcber und dr\u00e4ngte mich durch seine blo\u00dfe Pr\u00e4senz in eine der sechs Ecken des \u0001 \u0002 sprach lange mit ihm und will mir nicht vorstellen, worum es gehen mochte. Der Mann, dem ich so lange gefolgt war, von Irland in die neue Welt und bis hierher, hat sich nun nach all der Zeit als ein falscher Prophet herausgestellt. Schreckliche Dinge werden zweifelsohne geschehen, wenn er nach oben zur\u00fcckkehrt, um wieder zu den Ahnungslosen zu predigen. Gebe Gott, dass sie nicht auf ihn hereinfallen. Schlie\u00dflich war Kempton gegangen und hatte mich mit den Ungeheuern und dem ermordeten Weggef\u00e4hrten zur\u00fcckgelassen. Ich schreibe dies mit Feder und Tinte, die ich vorsorglich mitnahm, im blauen Schein ihrer seltsamen Lampe. Es scheint sie nicht zu st\u00f6ren, vermutlich, weil sie wissen, dass diese Aufzeichnung nie das Licht des Tages erblicken wird. Ich w\u00fcrde keine Fluchtversuch wagen, denn ich wei\u00df genau, er w\u00fcrde mich das Leben kosten. Der von Kempton herbei gerufene W\u00e4chter beobachtet mich scharf, auch wenn in seinem Kopf keine Augen zu erkennen sind. Die anderen sind derweil mit einem absto\u00dfenden Ritual besch\u00e4ftigt, dessen Zweck nicht ersichtlich ist. Doch mit gro\u00dfer Sicherheit dient es nur dem Zweck des B\u00f6sen. Meine letzten Gedanken sind bei dir, Mary. Wenn du dies vielleicht doch eines Tages lesen solltest, so musst du wissen, dass ich dich liebe. In ewi",
            "wordcount": "964",
            "chapter_release": "19.06.2018",
            "chapter_number": "6"
        },
        "7": {
            "text": "Kelly sah erschrocken auf. Der Text brach mitten im Wort ab, als h\u00e4tte man den Rest brutal mit einem Messer abgeschlagen. In ihrer Vorstellung glaubte sie, das Original in Hancourt Farlands Handschrift vor sich zu sehen. Einen Tintenstrich, der vom Ende des letzten Buchstaben quer \u00fcber die Seite gezogen wurde. Weil Hancourt buchst\u00e4blich aus seiner T\u00e4tigkeit gerissen wurde. So entsetztlich h\u00e4tte sich Ian das Lebensende seines Vorfahren nie ausgemalt. Oder vielmehr, das Lebensende als Mensch. Alles hatte sich hier zugetragen, in diesem Raum, in dem sie gerade standen, fast 252 Jahre sp\u00e4ter. Doch Kelly war es, als sp\u00fcrte sie die damalige Pr\u00e4senz der Skiaren an diesem Ort \u00fcber die Zeit hinweg. Oder war es doch ihre heutige Pr\u00e4senz? Sie waren auf dieser Insel immer allgegenw\u00e4rtig und die Idee, dar\u00fcber hinwegzusehen, es hinzunehmen, an die Unabwendbarkeit des Schicksals und den h\u00f6heren Zweck des gemeinsamen Opfers zu glauben, erschien ihr nun absurd. Der heutige Tag hatte alles ge\u00e4ndert. Die Skiaren waren nun keine vage Pr\u00e4senz mehr, der man am Ende des Lebens begegnet, wie jeder normale Mensch dem Tod gegen\u00fcber treten muss. Mit dieser letzten Best\u00e4tigung durch den Kartenraum und das Augenzeugnis von Hancourt Farland waren sie eine Realit\u00e4t geworden. Sie waren von Phantomen, schattenhaften Gespenstern am Rande des kollektiven Bewusstseins dieser Insel, fl\u00fcchtig wie Alptr\u00e4ume, zu plastischen, bedrohlichen Wesen geworden. Selbst Finnigan, ihr geliebter Stiefbruder Finn, der sonst nie um Worte verlegen war, brauchte eine ganze Weile, um sich zu fassen. Und selbst dann brachte er nicht mehr heraus als ein gefl\u00fcstertes: \u201eDas ist...\u201c\u201eSchrecklich, ja\u201c, vervollst\u00e4ndigte George in bestem Trauergottesdienst-Tonfall den Satz.\u201eMich selbst hat es auch \u00fcberw\u00e4ltigt, als ich es zum ersten Mal gelesen hatte. Und die Best\u00e4tigung von allem durch Stans Flaschenpost hat auch f\u00fcr mich alles nur schlimmer gemacht, das k\u00f6nnt ihr mir glauben\u201c. Seine Worte hallten durch den Raum und Kelly machte zum ersten Mal den Fehler, bewusst dar\u00fcber nachzudenken, wie tief unter der Erde sie sich wohl befinden mochten.\u201eUmso mehr hoffe ich\u201c, fuhr George in einem vorsichtigeren Tonfall fort,\u201cdass du nun meinen Standpunkt verstehst, Finn. Dass es keinen Sinn ergibt, auf der Insel eine panische Flucht anzuzetteln, die uns ja doch nichts bringen w\u00fcrde\u201c.\u201eDas habe ich immer noch nicht ganz verstanden\u201c, sagte Kelly. \u201eVorhin im Red Maple meintest du, die Nachkommen der First Seventeen k\u00f6nnten den Skiaren nicht entkommen. Warum?\u201c\u201eGenau\u201c, pflichtete Finn bei. \u201eDu hast es uns immer noch nicht erkl\u00e4rt. Dabei war das der Hauptgrund, warum wir \u00fcberhaupt mit dir gekommen sind\u201cKelly erinnerte sich daran, wie George einmal mit etwa vier Jahren im Laden ihrer Eltern versucht hatte, ein S\u00fc\u00dfigkeitenglas zu stehlen. Er war allein im Verkaufsraum gewesen, weil seine Mutter mit Kellys Mutter in das kleine Lager im hinteren Teil des Geb\u00e4udes gegangen war, um nach irgendetwas zu suchen. In dem Moment, in dem der kleine George mit seinen patschigen H\u00e4nden und leuchtenden Augen nach dem Glas auf dem Verkaufstresen gegriffen hatte, war Kelly von oben gekommen und \u00fcberrascht auf halber Treppe stehen geblieben. George hatte sie mit einem besch\u00e4mten Ausdruck angesehen, den sie nie wieder vergessen w\u00fcrde. Und im n\u00e4chsten Moment hatte er das Glas fallen gelassen und angefangen zu weinen, als sich gut zwei dutzend Scherben und Unmengen an Bonbons und Lollis \u00fcber den Boden \u0001 \u0002 diesen besch\u00e4mten Ausdruck konnte Kelly nun knapp f\u00fcnfunddrei\u00dfig Jahre sp\u00e4ter auf dem Gesicht des amtierenden Pfarrers der Gemeinde Kempton Rock wiedererkennen. Er f\u00fchlte sich eindeutig ertappt.\u201eNun...\u201c, druckste er, dann griff er in einer blitzschnellen Bewegung, f\u00fcr die er sich wohl schon die ganze Zeit bereitgehalten hatte unter den Talar und zog etwas daraus hervor. Ein Revolver richtete sich auf die Geschwister. Kellys Finger krallten sich vor Schreck in das alte Buch und das Ziehen kehrte \u0001 \u0002, dachte sie, ich bekomme Arthritis. Und dann h\u00e4tte sie fast gelacht, weil der Gedanke so am\u00fcsant unpassend war.\u201eWas soll das, George, verdammt?\u201c, fragte Finn. \u201eDas kann doch nicht dein schei\u00df ernst sein\u201c.\u201eEs ist mein Ernst\u201c, antwortete George. \u201eIch habe nicht wirklich damit gerechnet, dass ich dich von deiner Position abbringen k\u00f6nnte. Aber wollte ich habe euch zumindest die Chance gegeben. Es tut mir Leid\u201c.\u201eDas glaube ich dir nicht\u201c, sagte Kelly. \u201eKempton hat also diejenigen verraten, die zu ihm gehalten haben. All ihre Nachkommen hat er verdammt und seine Nachfolger treten in seine Fu\u00dfstapfen. Warum das alles? Warum hat keiner den Kreislauf durchbrochen? Warum hast du ihn nicht durchbrochen, George?\u201c\u201eDie Ordnung, die seit einem Vierteljahrtausend auf dieser Insel herrscht, dient einem h\u00f6heren Zweck\u201c, erwiderte George und aus ihm sprach fast schon wieder die Stimme des sonnt\u00e4glichen Predigers.\u201eWelchem Zweck?\u201c, fragte Finn giftig. \u201eAmakadan zur\u00fcckzuholen? Was zum Teufel h\u00e4ttest du davon?\u201c\u201eKempton hat seine Anh\u00e4nger verraten, um die beiden Dinge zu erlangen, nach denen jeder Mensch letztlich strebt: Unbegrenzte Macht und unbegrenztes Leben\u201c.Diese Worte aus dem Mund eines Pfarrers in voller Montur zu h\u00f6ren, machte sie nur noch schrecklicher.\u201eDie Pfarrer von Kempton Rock werden nach der Wiederkehr von Amakadan und der folgenden Dominanz der Skiaren \u00fcber die Welt Statthalter mit unbegrenzter Macht \u00fcber ihre jeweilige Provinz werden. Alles, was man will wird einem geh\u00f6ren. Und das ewige Leben dazu\u201c.\u201eDas ewige Leben als absto\u00dfende Kreatur, die ein Verbrechen gegen die Natur darstellt\u201c, sagte Finn, der kurz davor stand, die Fassung zu verlieren.\u201eOb es euch gef\u00e4llt oder nicht. Ihr seit ein Teil dieser Ordnung, die bestehen wird, bis das Ziel erreicht ist. Bis wir genug sind, um Amakadan zur\u00fcckzuholen\u201c.Kelly musste wieder an den kleinen Jungen damals im Laden denken. Sie h\u00e4tte gern ins Georges Augen gesehen, um sich von ihrem Gef\u00fchl zu \u00fcberzeugen, aber das Licht der Taschenlampe, die er auf sie richtete, \u00fcberstrahlte sein Gesicht v\u00f6llig. Sie hatte Angst, sicher. Wer h\u00e4tte das angesichts einer auf sich gerichteten Waffe nicht? Dennoch war Kelly davon \u00fcberzeugt, dass George nicht schie\u00dfen w\u00fcrde. Nicht der kleine Junge aus dem Laden. Nicht \u0001 \u0002 schien zu dem selben Schluss gekommen zu sein, denn im n\u00e4chsten Moment, als George gerade dazu ansetzen wollte, weiterzusprechen, hechtete Kellys Bruder mit einem Ausdruck ungez\u00fcgelter Wut nach \u0001 \u0002 Sch\u00fcsse donnerten durch den Kartenraum. Zwei Kugeln trafen Finn. Eine durchbohrte seine rechte Schulter. Die andere schlug zwischen zwei Rippen hindurch in den rechten Lungenfl\u00fcgel. Als Kelly erkannte, was geschah, war ihr erster Gedanke, dass er doch schreien m\u00fcsste. Aber dem war nicht so. Er stie\u00df nur einen \u00fcberrascht klingendes Grunzen aus. Die \u00dcberraschung \u00fcberwog den Schmerz. Zumindest in der ersten Sekunde. Kellys Bruder fiel auf halbem Weg zwischen ihr und George auf den steinernen Boden. Er lag auf dem R\u00fccken, sodass Kelly den Unglauben in seinen Augen sehen konnte und die sich rasch ausbreitenden Blutflecken. Alles erleuchtet von Georges \u0001 \u0002 Reaktion auf das Ganze kam so sp\u00e4t, dass es fast besch\u00e4mend war. Erst jetzt, als ihr Bruder bereits am Boden lag, entfuhr ihr ein heiseres: \u201eFinn, mein Gott!\u201cDer n\u00e4chste Impuls befahl ihr, ihm zur Hilfe zu eilen. Oder wenigstens bei ihm zu sein. Aber gerade, als sie den ersten Schritt tun wollte, richtete der Pfarrer die Waffe auf sie. Sie blieb abrupt stehen. Der kleine S\u00fc\u00dfigkeitendieb von damals hatte geschossen und er w\u00fcrde es wieder tun.\u201eBleib da\u201c, befahl er. \u201eWir m\u00fcssen es nicht schlimmer machen, als es ist\u201c.Finn starrte ungl\u00e4ubig auf das Blut, dass sein Hemd durchdrang. Mit der linken Hand n\u00e4herte er sich dem Zentrum des Schmerzes auf seiner Brust, um es vorsichtig zu betasten, doch sofort zuckte seine Hand zur\u00fcck. Sein Gesichtsausdruck verkrampfte sich, sein Atem fuhr schnell und scharf durch die Z\u00e4hne.\u201eFass es nicht an\u201c, sagte Kelly, den Tr\u00e4nen nah. Ihr Bruder w\u00fcrde sterben, das wusste sie nun, zumindest auf rationaler Ebene. Ihre emotionale Seit jedoch hatte sich noch nicht damit abgefunden.\u201eDu bist eine absolut erb\u00e4rmliche Kreatur, George!\u201c, schrie sie voller ungez\u00fcgeltem Zorn. \u201eSie ihn dir an. Ist es dir die Unsterblichkeit wirklich das Leid und den Tod deiner engsten Freunde wert?\u201c\u201eEs geht nicht nur darum\u201c, erwiderte George kalt. \u201eDu hast keine Vorstellung davon, wie m\u00e4chtig sie sind, Kelly. Mullany hat mich nicht als seinen Nachfolger bestimmt, genauso wie er nicht von seinem Vorg\u00e4nger bestimmt worden war. Alles gehorcht dem Willen der Skiaren. Ich h\u00e4tte mich nicht wehren k\u00f6nnen\u201c.\u201eJa, ich wette genau das redest du dir immer ein, wenn du nachts wach liegst und dir Zweifel kommen\u201c, fl\u00fcsterte Kelly. Sie hatte nicht vorgehabt, so leise zu sprechen, aber ihre Stimme hatte nachgegeben. Der Anblick ihres leidenden Bruders war zu viel f\u00fcr sie. Tr\u00e4nen liefen an ihrem Gesicht herab. \u201eEs gibt immer einen Weg, George\u201c\u201eNein\u201c, sagte matt. \u201eIn diesem Fall nicht. Und jetzt komm' vom Eingang weg. Ich m\u00f6chte gehen\u201c.Trotz der auf ihren Kopf gerichteten Pistolenm\u00fcndung bewegte Kelly sich nicht. Ihr war etwas eingefallen.\u201eGlaubst du nicht, das man uns vermissen wird?\u201c, fragte sie. Im n\u00e4chsten Moment wurde ihr klar, dass George dies nat\u00fcrlich bedacht haben musste.\u201eBestimmt\u201c, sagte George. \u201eAber zum einen wird niemals ein Verdacht auf mich fallen, schlie\u00dflich bin ich der vertrauensw\u00fcrdige Pfarrer, zum anderen wird auf Kempton Rock niemand erwarten, Leichen zu finden. Alle werden annehmen, dass euer Verschwinden mit Dingen zu tun hast, die au\u00dferhalb ihres Verst\u00e4ndnisses oder ihrer Macht liegen. Daran sind die Leute hier gew\u00f6hnt. Jetzt lass mich durch\u201c.Kelly wich nicht. Sollte er sie doch erschie\u00dfen. Ein Bild mehr, dass ihn hoffentlich nachts wachhalten w\u00fcrde, vorausgesetzt er besa\u00df noch so etwas wie ein menschliches \u0001 \u0002 George merkte, dass er so nicht weiterkam, richtete er seine Waffe stattdessen auf Kellys Bruder. Und sie knickte ein. So selbsts\u00fcchtig war sie, dass sie lieber selbst gestorben w\u00e4re, als die Leiden ihres Bruders beenden zu lassen. Denn sie wollte ihn einfach nicht sterben sehen. Und so trat sie beiseite und lie\u00df George zum Gang hin\u00fcber laufen, wobei er jederzeit die Waffe auf Finn gerichtet hielt. Als er bereits im Durchgang stand, z\u00f6gerte er f\u00fcr einen Augenblick. Kelly h\u00e4tte nur zu gern sehen k\u00f6nnen, was sich in seinem Gesicht abspielte. Aber sie sah nur den blendenden, kalten Schein der LED-Lampe und dahinter vage eine menschliche Silhouette, alles \u00fcberlagert und verschwommen durch den Tr\u00e4nenfilm in ihren \u0001 \u0002 sagte: \u201eEs... tut mir...\u201c\u201eFick dich! Spar's dir!\u201c, rief sie w\u00fctend. Sie hatte dieses Wort in ihrem gesamten Leben kaum benutzt. Ihr Vater hatte ihr eingebl\u00e4ut, nie derartige Ausdr\u00fccke in den Mund zu nehmen. Aber in welcher Gelegenheit w\u00e4re es angebrachter gewesen als jetzt?George schien den Rest seiner geheuchelten Entschuldigung verschluckt zu haben und zog sich, die Waffe weiterhin auf sie gerichtet, r\u00fcckw\u00e4rts in den Gang zur\u00fcck, bis er hinter der Biegung verschwunden war. Sie konnte h\u00f6ren, dass er im n\u00e4chsten Moment begann zu rennen. Seine eiligen Schritte hallten von den perfekt glatten W\u00e4nden wider. Der Gedanke an Verfolgung kam ihr nicht in den Sinn. Sie war m\u00fcde, ersch\u00f6pft, verbraucht. Allein der Gedanke daran, die Leiter ohne jede Hilfe bew\u00e4ltigen zu m\u00fcssen, lie\u00df jedes ihrer alten Gelenke aufheulen. Es war \u0001 \u0002 eilte zu Finn hin\u00fcber, ging in die Knie und bettete seinen Kopf auf ihren Scho\u00df. Seine fallengelassene Taschenlampe, die die r\u00fcckseitige Wand beleuchtete, war nun die einzige Lichtquelle im Raum. Trotzdem konnte sie ganz klar erkennen, dass seine Augen immer glasiger wurden. Er sagte nichts mehr. Er war noch am Leben, obwohl so viel davon aus ihm herausgelaufen war. Kelly sprach zu ihm, Belanglosigkeiten und l\u00e4ngst irrelevant gewordene Erinnerungen. Sie stellte ihm fragen, aber nur solche, deren Antworten sie schon kannte, denn sie wusste, er w\u00fcrde nicht antworten. Und sie strich ihm unaufh\u00f6rlich \u00fcber den \u0001 \u0002 machte sie weiter, bis es vorbei war, bis er irgendwann ausatmete ohne wieder einzuatmen und noch eine ganze Weile dar\u00fcber hinaus. Sie lie\u00df ihren kleinen Bruder, den Idealisten, nicht allein, obwohl sie in jenem Buch, dass nun irgendwo in der Dunkelheit hinter ihr lag gelesen hatte, erahnen konnte, was mit Louth Patrick geschehen war. Er hatte die Totenwache f\u00fcr den ersten Verstorbenen auf Kempton Rock gehalten und die Skiaren hatten ihn gleich mitgenommen. Wenn sie kamen, um ihren Bruder zu holen, dann w\u00fcrden sie auch Kelly holen. Dass sie kommen w\u00fcrden, um ihn zu holen, war gewiss. Denn wenn sie wollten, dann bedeuteten W\u00e4nde und geschlossene T\u00fcren \u0001 \u0002 w\u00fcrde nicht mehr lange dauern.",
            "wordcount": "2.019",
            "chapter_release": "19.06.2018",
            "chapter_number": "7"
        },
        "8": {
            "text": "Von der W\u00e4rme der Kerzen aufgetrieben, die sie mit sich f\u00fchrten, stiegen einhundert kleine Hei\u00dfluftballons aus Papier in das malerische Rosarot des Abendhimmels. Der Wind trieb sie mit steigender H\u00f6he gen Westen, der letzten, schw\u00e4cher werdenden Spur der Sonne entgegen. Der Menschenmenge aus Insulanern und Touristen, \u2013 aber haupts\u00e4chlich Touristen \u2013 die auf der gro\u00dfen Wiese hinter der Kirche, nahe der K\u00fcste den Aufstieg der Papierballons in den Himmel verfolgt hatte, applaudierte der Magie des Augenblicks. Es war der kr\u00f6nende Abschluss des diesj\u00e4hrigen Landing Days auf Kempton \u0001 \u0002 Harker hatte sich dem Rummel, der den ganzen Tag im Dorf geherrscht hatte, erfolgreich entziehen k\u00f6nnen. Nun beobachtete er vom Kirchturm aus, wie die Menge sich langsam zerstreute. F\u00fcr die Tagesg\u00e4ste war es bald Zeit, mit der F\u00e4hre nach St. John's zur\u00fcckzukehren. Die \u00dcbernachtungsg\u00e4ste mit jungen Kinder kehrten in ihre Unterk\u00fcnfte zur\u00fcck, um die Kleinen ins Bett zu bringen. Die meisten Eltern w\u00fcrden dann jedoch wieder ins Dorf zur\u00fcckkehren, wo noch bis in die Nacht getrunken und gefeiert wurde. An diesem Tag und im geringeren Ma\u00df in der Woche, die ihn umgab, verwandelte sich die Insel in ein Chaos aus l\u00e4rmenden Kindern und Besuchern, die ein historisches Ereignis zum Anlass nutzten, sich an einem Ort zu besaufen und daneben zu benehmen, an dem keiner sie kannte. Aber gleichzeitig war es nun mal die profitabelste Woche im ganzen Jahr und der Startschuss f\u00fcr die Hauptsaison. Es blieb einem also nichts anderes \u00fcbrig, als das Ganze hinzunehmen. Auch f\u00fcr George Harker. Er lehnte sich, auf die Unterarme gest\u00fctzt, auf die Br\u00fcstung des Turmes und sah zu, wie im Atlantic, das danach zu trachten schien, die Insel in architektonischer Hinsicht zu dominieren, und in seinem kleinen Bruder, dem Red Maple die ersten Lichter angingen. Kleiner Bruder war eine passende Bezeichnung, denn nachdem der eigentliche Besitzer der Pension vor knapp drei Monaten spurlos verschwunden war, hatte der Konkurrenzkampf zwischen Finnigan Spencer und der Familie O'Hara ein Ende gefunden und die O'Haras hatten das Red Maple \u0001 \u0002 alte Dr. Garcia, kurz vor dem Ruhestand, hatte auf Georges Anraten zwei Totenscheine f\u00fcr die Beh\u00f6rden auf dem Festland ausgestellt. Als Todesursache war in beiden F\u00e4llen \u201eSelbstmord\u201c angegeben worden. Es war die \u00fcbliche Vorgehensweise, wenn solcherlei Dinge geschahen. George kannte sich mittlerweile gut damit \u0001 \u0002 dem Panzerschrank, den Finnigan Spencer unter der Theke des Red Maple aufbewahrt hatte, wusste kaum jemand und so hatte es auch niemanden gewundert, dass er spurlos verschwunden war, nachdem die T\u00fcr der Pension am 20. Februar in Anwesenheit des Inselpfarrers gewaltsam aufgestemmt worden war. George hatte es nicht geschafft, das verdammte Ding zu \u00f6ffnen oder es auch nur anzukratzen, wie sehr er es auch versucht hatte. Somit blieb die Flaschenpost des Stanley Hanlon am Ende doch unzerst\u00f6rt, wenn auch niemand sie je wieder w\u00fcrde lesen \u0001 \u0002 Harker war trotzdem zufrieden. Ein weiteres Mal in der langen Geschichte dieser Insel, deren Beginn sich heute wieder einmal gej\u00e4hrt hatte, war eine Gefahr f\u00fcr den gro\u00dfen Plan der Skiaren abgewendet worden. Der Pfarrer wusste nicht, wie viele Menschen noch hin\u00fcbergehen mussten und wie viele Jahre es noch dauern w\u00fcrde, bis die Endphase dieses uralten Plans eingeleitet werden konnte. Es war nun mal ein langsamer Prozess, aber wenn man, wie er, die Unsterblichkeit vor Augen hatte, was bedeuteten da noch Jahre und Jahrhunderte? Und was bedeutete ein Menschenleben oder hundert? Nichts. Im Vergleich zur Ewigkeit verlor alles seinen \u0001 \u0002 Harker verlie\u00df den Turm, zusammen mit dem letzten Sonnenstrahl des Tages.",
            "wordcount": "582",
            "chapter_release": "19.06.2018",
            "chapter_number": "8"
        }
    },
    "title": "Die Verschw\u00f6rung von Kempton Rock",
    "topic": "unspecified",
    "release": "\n19.06.2018\n\t\t\t\t\t\t",
    "author": "Char0n"
}