{
    "tags": [],
    "chapcount": "9",
    "wordcount": "10.878",
    "chapters": {
        "1": {
            "text": "Die Kreatur \u2013 Teil 2Posted on 7. Oktober 2007 by JoerschiDie Zauberwelt Prolog Er stand am Fenster und sah in die Ferne. Die Sonne ging langsam unter und verschwand hinter den B\u00e4umen. Es begann zu d\u00e4mmern und er merkte wie sich sein K\u00f6rper zu ver\u00e4ndern begann. Noch konnte er klar denken. Aber er wusste, die Kontrolle w\u00fcrde er nicht mehr lange \u00fcber seinen K\u00f6rper haben. Dann w\u00fcrde das andere, das in seinem K\u00f6rper hauste, die Kontrolle \u00fcbernehmen. Er sah angestrengt in die Ferne und dachte an sein bisheriges Leben, als er noch nicht infiziert war. Er hatte Freunde die zu ihm standen, aber er konnte sie nicht um Hilfe bitten. Denn dann brachte er diese in gro\u00dfe Gefahr. Vor vier Wochen hatte er alles hinter sich gelassen, als die Ver\u00e4nderungen an seinem K\u00f6rper immer mehr zunahmen. Sie kamen in langsamen und kleinen Sch\u00fcben. Zuletzt war es so schlimm, dass er nachts nicht mehr in sein Zimmer ging, da er Angst hatte, sein Mitbewohner w\u00fcrde diese sehen. Um sich und seine Freunde davor zu sch\u00fctzen, hatte er sich aufgemacht, um in den weiten, einsamen W\u00e4ldern von Kanada zu leben. Hier wo er jetzt war, lebte kein einziger Mensch. Es war die Wildnis pur. Hier konnte das Wesen in ihm, sich Nacht f\u00fcr Nacht austoben. Ein Schmerz durchzuckte ihn und er wusste, er hatte nicht mehr viel Zeit. Die Verwandlung begann. Ohne weiter nachzudenken, zog er sich aus und legte seine Sachen auf das Bett. Hier an diesem Ort, konnte er wenigstens keinem Menschen schaden. Dann ging er zur T\u00fcr und \u00f6ffnete diese. Als er drau\u00dfen vor der H\u00fctte stand, sah er an seinem K\u00f6rper herab. Dieser begann sich auf wundersame Weise zu ver\u00e4ndern. Ein dichter Flaum von neuen Haaren bedeckte jetzt schon seinen K\u00f6rper und es wurden immer mehr. Die Ver\u00e4nderung begann und das Wesen in ihm \u00fcbernahm die Kontrolle seines K\u00f6rpers. Einige Zeit sp\u00e4ter sprang ein Wesen halb Mensch halb Wolf in den Wald und suchte ein Opfer um seinen Hunger zu stillen. Die Jagd begann.",
            "wordcount": "338",
            "chapter_release": "31.03.2012",
            "chapter_number": "1"
        },
        "2": {
            "text": "Teil 1 Vermisst Es war mitten in der Nacht, als unser Telefon anfing gr\u00e4ssliche Ger\u00e4usche zu machen. Grummelnd machte sich Jack neben mir bemerkbar. \u201eMan Marc geh doch mal ran! Ich will schlafen!\u201c \u201eNa super jetzt spiel ich hier schon die Telefonistin! Damit Du schlafen kannst!\u201c Total benommen stand ich dann doch auf und tapste zum Telefon. Dort angekommen, griff ich zum H\u00f6rer und fragte: \u201e Hallo, wer st\u00f6rt um so eine Uhrzeit unseren so geliebten Schlaf?\u201c \u201eHi Marc hier ist Katrin!\u201c schallte es mir sofort entgegen. \u201eHallo Katrin, wei\u00dft Du eigentlich wie sp\u00e4t es ist?\u201c \u201eJa schon, aber ich brauche eure Hilfe! Es ist wirklich wichtig, sonst h\u00e4tte ich nicht angerufen!\u201c \u201eNa dann schie\u00df mal los! Was gibt es denn so wichtiges?\u201c \u201eMichael ist seit vier Wochen nicht mehr erreichbar! Ihr wisst doch, er ist nach Montreal gegangen um zu studieren! Er hat sich sonst jeden Tag bei mir gemeldet und vor vier Wochen habe ich das letzte Mal von ihm geh\u00f6rt! Ich mach mir einfach Sorgen!\u201c \u201eNa nun mal langsam, vielleicht ist er zurzeit nur etwas besch\u00e4ftigt und hat deswegen nicht angerufen! Aber auf der anderen Seite, hast Du Recht! Wenn ich so \u00fcberlege, haben wir auch von ihm das letzte Mal vor vier Wochen geh\u00f6rt!\u201c sagte ich nachdenklich zu Katrin. \u201eSiehst Du, ich sag doch da stimmt was nicht!\u201c \u201eUnd was wollen wir jetzt unternehmen?\u201c fragte ich daraufhin. \u201eHast Du nicht einen Namen, von einem seiner Studienkollegen?\u201c fragte daraufhin Katrin zur\u00fcck. \u201eMMMHH\u2026 warte mal ich glaub Jack hatte mit seinem Zimmergenossen gesprochen. Ich frag ihn morgen fr\u00fch gleich und nun beruhige Dich erstmal! Wird sich schon alles aufkl\u00e4ren! Wirst sehen er wird keine Zeit gehabt haben, aus welchen Gr\u00fcnden auch immer.\u201c \u201eNa gut ich warte dann morgen auf Euren R\u00fcckruf!\u201c sagte Katrin am anderen Ende der Leitung. \u201eJa mach ich! Also schlaf sch\u00f6n!\u201c \u201eJa, Du auch und gr\u00fcsse mir Jack!\u201c sagte Katrin noch, bevor sie auflegte. Ich ging wieder in unser Schlafzimmer zur\u00fcck und legte mich neben Jack. Aber ich konnte nicht mehr einschlafen. Mir ging die Frage nicht aus den Kopf, warum Michael sich seit vier Wochen nicht mehr gemeldet hatte. Seit dem Tag, als damals Katrin, Jack, Michael und ich den oder sollte ich sagen die Werw\u00f6lfe get\u00f6tet hatten, sind nun mittlerweile drei Jahre vergangen. Jack und ich sind immer noch zusammen und das sehr gl\u00fccklich. Und das hoffentlich f\u00fcr immer. Wir haben mittlerweile unsere Schule beendet und sind nach Dublin gezogen, da ich hier an der hiesigen Universit\u00e4t studiere und zwar Informatik. Jack selbst hat hier eine Ausbildungsstelle gefunden und lernt nun Kfz-Schlosser. Meine oder besser gesagt unsere Eltern unterst\u00fctzen uns, wo sie nur k\u00f6nnen. Katrin blieb in Livington und macht dort im hiesigen Krankenhaus eine Ausbildung zur Krankenschwester. Michael selber war Abgangsbester in der Schule, so dass er ein Stipendium an einer Universit\u00e4t in Montreal bekam und somit auf der anderen Seite des gro\u00dfen Teiches lebt. Wir vier haben uns nie aus den Augen verloren, denn uns verband mehr als nur Freundschaft. Unser gemeinsames Abenteuer von damals, hatte uns eng aneinander geschwei\u00dft. Irgendwann musste ich doch eingeschlafen sein, denn meine Nase erreichte ein angenehmer Kaffeeduft. Im gleichen Augenblick h\u00f6rte ich von der T\u00fcr aus schon Jack. \u201eLos Du Schlafm\u00fctze, raus aus dem Bett! Fr\u00fchst\u00fcck ist fertig!\u201c Vorsichtig machte ich meine Augen auf und sah einen grinsenden Jack in der T\u00fcr stehen. \u201eKomme gleich, muss nur noch mal f\u00fcr kleine Jungs und eine kalte Dusche nehmen!\u201c damit stand ich auf und ging in Richtung Badezimmer. Als ich an Jack vorbeikam, gab er mir erst mal einen Kuss auf die Wange und sagte dann noch:\u201c Beim Fr\u00fchst\u00fcck kannst Du mir ja dann verraten, wer uns heute Nacht so dringend sprechen wollte!\u201c Nachdem ich im Bad fertig war ging ich in unsere K\u00fcche um mit Jack gemeinsam zu fr\u00fchst\u00fccken. \u201eHe Schatz, Du hast ja sogar frische Br\u00f6tchen geholt!\u201c sagte ich grinsend zu Jack. \u201eTja mein Liebling f\u00fcr Dich tu ich fast alles!\u201c sagte Jack. \u201eSo nun setz Dich und erz\u00e4hl mir, wer uns heute Nacht angerufen hat!\u201c? Daraufhin erz\u00e4hlte ich ihm von dem Telefonat mit Katrin. Als ich geendet hatte, sah Jack mich an. \u201eAlso ich habe mir auch schon ein wenig Sorgen gemacht. Michael hat sich sonst bei uns wenigstens drei bis viermal in der Woche gemeldet. Ich glaube vor zwei Wochen da habe ich versucht ihn zu erreichen. Aber da ist nur Brian rangegangen! Der konnte mir aber auch nicht sagen, wo Michael steckt! Er meinte nur das er ihn das letzte Mal vor knapp zwei Wochen gesehen hatte.\u201c \u201eUnd wer ist nun Brian?\u201c \u201eDas ist der, der sich mit Michael das Zimmer teilt!\u201c \u201eAch so! K\u00f6nntest Du diesen Brian anrufen und fragen ob Michael eventuell wieder aufgetaucht ist?\u201c \u201eWei\u00dft Du was, ich werde gleich mal anrufen! Jetzt ist es 8:00 Uhr und dort d\u00fcrfte es nicht sp\u00e4ter als 22:00 Uhr sein!\u201c Mit diesen Worten stand Jack auf und lief zum Telefon. In der Zwischenzeit, in der Jack telefonierte, f\u00fcllte ich erstmal meinen leeren Magen und trank einen Kaffee. Etwas sp\u00e4ter kam Jack in die K\u00fcche zur\u00fcck. Er sah mich recht besorgt an. \u201eWas hat Brian gesagt?\u201c fragte ich. \u201eMichael ist seit dem Telefonat mit Brian nicht mehr aufgetaucht! Seine Sachen sind auch verschwunden! Er konnte mir auch nichts weiter sagen!\u201c bek\u00fcmmert sah mich Jack dabei an. \u201ePass auf, ich muss erst mal zur UNI meine letzte Arbeit in diesem Semester schreiben! Dann habe ich ja erst mal Sommerferien und Du hast ja auch ab \u00dcbermorgen Urlaub. Wir werden uns Flugtickets besorgen und nach Montreal fliegen, vielleicht bekommen wir dort etwas raus. \u201eMan Marc, was meinst Du was so ein Ticket kostet, dass k\u00f6nnen wir uns doch gar nicht leisten!\u201c sagte Jack zu mir. \u201eJack wir haben immer noch unser Sparkonto und da ist genug drauf!! Und wenn Michael in Schwierigkeiten ist dann m\u00fcssen wir ihm helfen! Er ist unser Freund!\u201c \u201eMarc an das Sparbuch hab ich gar nicht gedacht! Stimmt da m\u00fcsste ja eine Menge Kies drauf sein!\u201c \u201eSo als n\u00e4chstes m\u00fcssen wir Katrin anrufen und ihr Bescheid geben! K\u00f6nnte sein das sie mitkommen will. Dann ben\u00f6tigen wir drei Tickets!\u201c und sah zu Jack. Jack nickte und ging wieder zum Telefon um Katrin anzurufen. Kurze Zeit sp\u00e4ter kam er wieder in die K\u00fcche. \u201eKatrin l\u00e4sst sch\u00f6n gr\u00fcssen und sie hat schon Urlaub beantragt. Wenn alles glatt geht, ist sie in acht Stunden bei uns!\u201c Nun gut wir mussten dann auch los. Ich zur UNI und Jack zu seiner Arbeit.",
            "wordcount": "1.080",
            "chapter_release": "31.03.2012",
            "chapter_number": "2"
        },
        "3": {
            "text": "Teil 2 Wer jagt wen Zur Anmerkung f\u00fcr den Leser: Der Fluss Saskatchewan liegt in der gleichnamigen Provinz in Kanada und eine der gr\u00f6\u00dferen St\u00e4dte am Saskatchewan hei\u00dft Saskatoon. Jim Hawkins und Robert Reed sa\u00dfen im Kanu und ruderten den Saskatchewan hinunter. Sie hatten f\u00fcr dieses Wochenende einen kleinen Jagdausflug geplant und wollten in der Wildnis \u00fcbernachten. Seit etwa zwei Stunden waren sie schon unterwegs. Von Saskatoon aus waren die beiden zu ihrem Jagdausflug gestartet. \u201eJim was h\u00e4ltst Du von der Stelle dort? Die sieht doch ganz passabel aus! Oder?\u201c fragte Robert seinen besten Freund. Jim sah in die Richtung, in die Robert gezeigt hatte und nickte. \u201eJa sieht gut aus und wir k\u00f6nnen das Boot weit genug an Land ziehen, damit es nicht abtreibt.\u201c antwortete Jim darauf. \u201eNa dann los!\u201c und Robert lenkte das Boot in die Richtung. Kurz darauf legten sie an und zogen das Boot an Land. Es war eine ideale Stelle, eine breite Lichtung die umstanden war von hohen Tannen. Sie machten sich dann daran ihr Boot auszupacken. Als sie damit fertig waren, bauten sie ihr Zelt auf. Dann packte sie ihre Gewehre aus und machten sich fertig zur ersten Erkundungstour. \u201eSag mal Jim, ist Dir auch schon aufgefallen, dass es hier ziemlich ruhig ist? Ich meine das ich bis jetzt keinen Vogel geh\u00f6rt habe!\u201c dabei sah Robert zu Jim. Der nickte:\u201c Ist mir auch schon aufgefallen. Aber vielleicht hat unsere Anwesenheit sie verscheucht! Los dann, vielleicht k\u00f6nnen wir einen Fasan oder vielleicht einen Hasen erlegen. Dann h\u00e4tten wir heute Abend wenigstens was Richtiges zum bei\u00dfen!\u201c Damit machten sich beide auf und folgten einem Wildpfad in den Wald. Der Wald war sehr dicht und \u00fcberall auf dem Boden wuchsen Farne. Sie mussten sich durch das Dickicht regelrecht durchschlagen Einige Zeit sp\u00e4ter, blieb Jim pl\u00f6tzlich stehen. \u201eWarum bleibst Du stehen?\u201c fragte Robert. \u201eSei still, ich hab da eben was geh\u00f6rt!\u201c \u201eWas hast Du geh\u00f6rt?\u201c \u201eVon da dr\u00fcben kam es!\u201c Jim zeigte in die Richtung und ging in diese weiter. Robert folgte ihm vorsichtig. Vor ihnen lichtete sich pl\u00f6tzlich der Wald und sie standen kurz darauf an einem Bach. Jim blieb wieder stehen. \u201eHe Jim was ist nun schon wieder?\u201c Robert war das jetzt doch etwas zu seltsam, wie sich sein Freund verhielt. Statt zu antworten, zeigte Jim in die Richtung in die er sah. Als Robert in diese Richtung sah, bekam er eine G\u00e4nsehaut. Auf der anderen Seite des Baches lag ein Grizzlyb\u00e4r. Jetzt h\u00f6rte auch Robert, die seltsamen Laute die der B\u00e4r von sich gab. \u201eLos Robert, komm das m\u00fcssen wir uns n\u00e4her ansehen. Mit dem B\u00e4ren stimmt was nicht.\u201c Jim ging langsam durch den Bach auf das Tier zu. Robert folgte ihm, dabei musste er aufpassen, nicht auf den glitschigen Steinen im Bach auszurutschen. Als sie auf der anderen Seite angekommen waren, gingen sie vorsichtig n\u00e4her an das Tier heran. Noch sahen sie nichts weiter als den riesigen R\u00fccken des Grizzlys. Etwas stimmte hier \u00fcberhaupt nicht. Das Tier schien zu leben, denn der R\u00fccken hob sich immer wieder sto\u00dfartig als ob das Tier nach Atem rang. \u201eRobert Du bleibst hier. Ich gehe um das Tier herum. Sollte es aufstehen musst Du sofort schie\u00dfen. Der erste Schuss muss sitzen. Hast Du verstanden?\u201c fl\u00fcsterte Jim. Robert nickte nur und hob das Gewehr an und zielte auf das Tier. Jim machte sich ganz vorsichtig daran in sicherer Entfernung, dass Tier zu umrunden. Als er auf der anderen Seite angekommen war, sah er warum das Tier sich kaum bewegte. Der Bauch war aufgerissen und die Ged\u00e4rme lagen frei auf dem Boden herum. Eine der Vordertatzen war komplett zerfetzt. Jim winkte Robert zu sich. Als Robert bei ihm stand sagte er zu Jim:\u201c So etwas habe ich noch nie gesehen! Welches Tier greift einen ausgewachsenen Grizzly an?\u201c \u201eWenn ich das w\u00fcsste!\u201c Jim sch\u00fcttelte nur den Kopf. Dann hob er sein Gewehr an und zielte dem B\u00e4ren zwischen die Augen und dr\u00fcckte ab. Der B\u00e4r kr\u00fcmmte sich kurz zusammen und h\u00f6rte auf zu atmen. Jim ging jetzt n\u00e4her und jetzt sah er auch die anderen Verletzungen. Irgendetwas hatte dem B\u00e4ren bei lebendigem Leib das Fleisch herausgerissen. Jim ging wieder zur\u00fcck, denn der Gestank den der B\u00e4r verbreitete war grauenhaft. \u201eKomm Robert wir gehen! Ich glaub mir reicht heute ein Bohneneintopf!\u201c Robert nickte nur und beide gingen schweigsam zur\u00fcck zu ihrem Rastplatz. Als sie dort ankamen, d\u00e4mmerte es bereits. Sie sprachen beim Essen kein Wort. Robert f\u00fchlte sich unwohl. Der Gedanke an das Tier das den Grizzly so schwer verletzt hatte, verschaffte ihm eine G\u00e4nsehaut. Schnell legte er noch einige \u00c4ste in das Feuer, in der Hoffnung das Tier von hier fernzuhalten. Als sie mit dem Essen fertig waren, war bereits die Nacht hereingebrochen und der Vollmond stand am Himmel. In der Ferne heulte ein Wolf und ein anderer antwortete. \u201eJim?\u201c \u201eWas ist Rob?\u201c \u201eMir ist es hier nicht geheuer, wollen wir nicht lieber unser Zeug packen?\u201c \u201eHe Rob nun mach mal langsam! Wie willst Du dich in dieser Dunkelheit im Boot denn orientieren? Komm ich habe eine Flasche Wiskhey dabei!\u201c und damit reichte Jim Robert die Flasche. Robert nahm diese und nahm erstmal einen gro\u00dfen Schluck. Was beide beim leeren der Flasche nicht mitbekamen war, dass Sie seit geraumer Zeit aus dem Unterholz beobachtet wurden. Die Augen die sie beobachteten, leuchteten b\u00f6sartig. Robert lachte gerade \u00fcber einen Witz den Jim erz\u00e4hlt hatte. Als beide ein knurren aus dem Unterholz h\u00f6rten. Beide waren sofort still und lauschten. Nichts war zu h\u00f6ren, au\u00dfer das Knarren der B\u00e4ume und die Ger\u00e4usche des Flusses. Pl\u00f6tzlich vernahmen sie wieder das knurren. Es war ein tiefes und b\u00f6sartiges knurren. \u201eNimm Dein Gewehr, Jim!\u201c fl\u00fcsterte Robert. Jim tastete sofort nach dem Gewehr. Nachdem er es endlich hatte, entsicherte er dieses und zielte in die Richtung aus der sie zuletzt das Knurren geh\u00f6rt hatten. Sie vernahmen pl\u00f6tzlich ein Rascheln im Unterholz, als ob das Tier hin und her laufen w\u00fcrde. Pl\u00f6tzlich ohne Vorank\u00fcndigung, sprang etwas aus dem Unterholz. Bevor Robert noch etwas sagen konnte, riss ihm eine riesige Klaue die Kehle auf. Jim der vor Angst wie erstarrt war, sah wie Robert zur Seite fiel. In dem Augenblick drehte sich das Tier zu Jim. Bevor dieser den Abzug vom Gewehr abdr\u00fccken konnte, wurde ihm dieses aus der Hand geschlagen. Die andere Klaue zerfetzte ihm dabei den Oberk\u00f6rper, sein Blut spritzte in alle Richtungen. Das letzte was Jim noch sah, waren zwei m\u00e4chtige Reihen von Rei\u00dfz\u00e4hnen. Sechs Tage sp\u00e4ter stand Jim Hawkins Frau im Polizeirevier von Saskatoon und gab eine Vermisstenanzeige auf. Der diensthabende Polizist nahm die Vermisstenanzeige entgegen. Es war mittlerweile die vierte Vermisstenanzeige in dieser Woche.",
            "wordcount": "1.101",
            "chapter_release": "31.03.2012",
            "chapter_number": "3"
        },
        "4": {
            "text": "Teil 3 Hilfe naht Als ich von der UNI kam, sa\u00dfen Jack und Katrin schon im Wohnzimmer. Als Katrin mich sah, sprang sie auf und st\u00fcrzte sich in meine Arme. Ich sah ihre ger\u00f6teten Augen und nahm sie fest in meine Arme. \u201eOh Marc was machen wir nur? Ich habe solche Angst um Michael!\u201c kam es unter schluchzen von ihr. \u201eHe darum wollen wir ja hinfliegen! Wir werden schon herausbekommen wo Michael steckt!\u201c sagte ich zu ihr und strich ihr dabei \u00fcbers Haar. Nachdem sich Katrin etwas beruhigt hatte, stand Jack auf und ging in die K\u00fcche um Essen zu machen. Katrin und ich sa\u00dfen auf der Couch und unterhielten uns. \u201eSag mal Katrin Du hast doch noch Kontakt zu den Leuten, die diese Internetseite haben!\u201c \u201eDu meinst, wo ich damals die Idee mit diesem Parasit gefunden hatte?\u201c fragte Katrin. Ich nickte. \u201eRichtig! Hast Du noch Kontakt mit denen?\u201c fragte ich dann weiter. \u201eJa, aber nicht mehr so intensiv! Wieso?\u201c dabei sah mich Katrin an. \u201eNa ich dachte vielleicht wissen die mittlerweile mehr \u00fcber den Parasiten! Oder ist es immer noch eine Theorie?\u201c \u201e\u00dcber das Thema haben wir uns nie richtig ausgetauscht, eher allgemeines Zeug. Ich hatte ihnen damals von dem was bei uns vorgefallen war, geschrieben. Aber wir k\u00f6nnen ja mal auf die Seite gehen!\u201c sagte Katrin. \u201eNa klar komm unser PC steht im Schlafzimmer!\u201c mit diesen Worten sprangen wir auf und marschierten ins Schlafzimmer. \u201eHe Leute macht nicht so lange! Essen ist in einer viertel Stunde fertig!\u201c rief Jack aus der K\u00fcche. Ich schaltete den PC an und wir warteten bis er hochgefahren war. \u201eSo lass mich mal ran!\u201c meinte Katrin und nahm die Maus in die Hand. Mit ein paar Klicks und der Eingabe der Seite im Explorer, hatten wir die Seite auch schon auf dem Bildschirm. Katrin ging dann auf den Button Kontakt und gab eine Nachricht, an die Betreiber ein. Als sie fertig war, sah ich mir die Seite etwas genauer an. Katrin zeigte mir dann wo die Informationen zu dem vermuteten Parasiten standen. Ich las es gerade durch, als Jack zum Essen rief. Daraufhin marschierten wir in die K\u00fcche. Als wir mit dem Essen fertig waren, ging Katrin wieder zur\u00fcck zum PC um Ihre Mails zu checken. Kurz darauf kam sie zur\u00fcck. \u201eAlso sie haben schon geantwortet! Einer von denen wohnt hier in Dublin. Sie schlagen uns ein Treffen vor!\u201c sagte Katrin. \u201eWarum nicht! Schreib Ihnen unsere Adresse und das er zu uns kommen kann!\u201c antwortete ich darauf. Katrin verschwand wieder um die Antwort zu schreiben und abzusenden. \u201eWas habt ihr denn vor?\u201c fragte Jack mich. Ich erz\u00e4hlte ihm daraufhin was ich und Katrin in der Zwischenzeit gemacht hatten. \u201eNa da bin ich aber gespannt, was dabei herauskommt!\u201c sagte Jack und zog mich zu sich, um mir einen Kuss zu geben. \u201eIch liebe Dich!\u201c fl\u00fcsterte Jack. \u201eIch Dich noch viel mehr!\u201c fl\u00fcsterte ich zur\u00fcck. \u201eSorry, dass ich euch unterbrechen muss. Der Typ ist in einer Stunde bei uns!\u201c unterbrach uns Katrin, die gerade wieder in die K\u00fcche kam. Wir machten dann gemeinsam die K\u00fcche sauber. Als wir damit fertig waren, ging ich erst einmal duschen. Gerade als ich fertig war, h\u00f6rte ich unsere T\u00fcrklingel l\u00e4uten. Das musste dann unser Besuch sein. Jack rief schon nach mir und ich beeilte mich beim anziehen. Frisch eingekleidet ging ich zu den anderen. Im Wohnzimmer angekommen, sah ich in einem der Sessel einen jungen Mann sitzen. \u201eDas ist Marc!\u201c stellte mich Katrin dem Mann vor. \u201eHi Marc und mein Name ist Mario Miller!\u201c dabei stand er auf und reichte mir die Hand. \u201eKatrin hat uns von euch vier schon einiges berichtet und auch was ihr erlebt habt, vor drei Jahren.\u201c Wir nickten alle drei und Katrin erz\u00e4hlte erstmal warum wir Kontakt aufgenommen hatten. Mario h\u00f6rte nur zu und unterbrach Katrin nicht einmal. Als sie dann vom verschwinden Michaels erz\u00e4hlte wurde er nerv\u00f6s. \u201eHat Michael irgendwelche Verletzungen damals davongetragen, als ihr mit dem Werwolf gek\u00e4mpft habt?\u201c fragte er uns. \u201eWarte mal er hatte geblutet, aber es war eine kleine Wunde!\u201c sagte Katrin nachdenklich. Stimmt jetzt fiel es mir auch wieder ein. \u201eAlso passt auf Leute! Wir die diese Seite in das Internet gestellt haben, hatten auch solch eine Begegnung. Einer unserer Freunde wurde von dem Vieh gebissen und etwa zwei Jahre sp\u00e4ter mussten wir ihn t\u00f6ten. Aus euch bekannten Gr\u00fcnden. Danach untersuchte Chris unseren Freund Thimo. Dabei fand er einen Parasiten im K\u00f6rper, den wir keiner der bekannten Arten zuordnen konnten. Er hatte dann noch das Blut untersucht und dort Eier von dem Parasiten \u0001 \u0002 haben dann in einem Labor mit Tieren Versuche angestellt. Dabei haben wir festgestellt, dass alle Tiere die mit diesem unbekannten Parasiten infiziert wurden, sich nach einer gewissen Zeit ver\u00e4nderten. Chris und Tommy haben dann angefangen an ein Gegenmittel zu arbeiten. Leider bis jetzt mit m\u00e4\u00dfigen Erfolg.\u201c Tr\u00e4nen rannen dabei seine Wangen herunter. Das mit seinem Freund musste ihm noch heute sehr nahe gehen, dachte ich, als ich ihm in die Augen sah. Immer noch konnte ich den Schmerz in seinen Augen sehen. Wir alle waren sprachlos, was uns Mario da erz\u00e4hlte. \u201e\u00c4hm sorry Leute habt ihr was zu trinken!\u201c fragte Mario bedr\u00fcckt in die Stille. \u201eNa klar!\u201c und Jack rannte in die K\u00fcche um was zu Trinken zu holen. \u201eMario sag mal, was hei\u00dft mit m\u00e4\u00dfigen Erfolg an ein Gegenmittel gearbeitet?\u201c fragte ich. \u201eAlso das Gegenmittel, was wir zurzeit haben, t\u00f6tet den Parasit nicht ab. Das Serum versetzt den Parasit nur in eine Art Tiefschlaf. Das hei\u00dft, dass der Parasit einige Zeit au\u00dfer Gefecht gesetzt wird. Also es ist kein Heilmittel im eigentlichem Sinn!\u201c antwortete Michael darauf. \u201eDas hei\u00dft ihr habt ein Mittel, dass zumindest vor\u00fcbergehend den Parasit in eine Art Winterschlaf versetzen kann!\u201c stellte Katrin fest. Mario nickte. \u201eAlso angenommen, Michael w\u00e4re infiziert! Was ich nicht hoffe! Dann k\u00f6nnten wir zumindest den Parasit, mit eurem Serum still legen! Sag mal ist das denn schon, au\u00dfer an Tieren, auch an Menschen getestet worden?\u201c dabei sah ich Mario fragend an. \u201eNein! Bis jetzt hatten wir nicht die M\u00f6glichkeit es an einem infizierten Menschen zu testen! Leider oder Gott sei Dank! Daher wissen wir nicht wie es bei einem Menschen wirkt. Wir gehen aber davon aus, dass es die gleiche Wirkung, wie bei den Versuchstieren hat!\u201c antwortete Mario und nahm dabei seine Tasche hoch und \u00f6ffnete diese. Kurz darauf lag ein P\u00e4ckchen auf dem Tisch. \u201eHier ist das Serum. Einzige Bedingung von unserer Seite ist, dass ich Euch begleite. Es muss wenigstens einer von uns dabei sein, um zu kontrollieren das auch wirklich das Serum bei ihm anspricht!\u201c sagte Mario. Wir nickten. Es war uns klar, dass wir ohne Hilfe, hierbei \u00fcberfordert waren. Nachdem wir dies auch gekl\u00e4rt hatten, stand Mario auf und fragte wo das Telefon steht. Ich zeigte Mario das Telefon im Flur und ging wieder zu Katrin. Jack kam gerade aus der K\u00fcche mit frisch gebr\u00fchtem Kaffee und setzte sich zu uns. \u201eNa los was hat er gesagt?\u201c fragte Jack mich. Ich und Katrin erz\u00e4hlten ihm daraufhin, was besprochen wurde. Jack nickte. \u201eBesser ist es, dass uns einer von denen begleitet.\u201c sagte Jack daraufhin. Kurze Zeit sp\u00e4ter, kam Mario wieder und setzte sich. Jack stellte ihm dann eine Tasse Kaffee hin. Mario nahm die Tasse in die Hand und trank erst mal. \u201eSo ich habe mit Chris und Tommy gesprochen. Nun m\u00fcssen wir erst mal Flugtickets besorgen. Wann k\u00f6nnt ihr los?\u201c fragend sah Mario uns an. \u201eAlso wir k\u00f6nnten \u00fcbermorgen los!\u201c sagte ich darauf. \u201eOk, ich werde mich um die Flugtickets k\u00fcmmern! So Leute muss dann los, mich um alles k\u00fcmmern. Wir sehen uns morgen Abend!\u201c sagte Mario und stand auf. Ich begleitete ihn dann noch bis zur Wohnungst\u00fcr. Als ich in unser Wohnzimmer zur\u00fcckkam, sahen mich zwei paar m\u00fcde Augenpaare an. \u201eNa dann, ab ins Bett!\u201c sagte ich und fing an Katrin das Sofa herzurichten. Als ich damit fertig war verschwand ich nochmals unter der Dusche. Kurz darauf kuschelte ich mich an Jack der schon im Bett lag. \u201eDu Marc, hoffentlich wird alles gut und wir finden Michael\u201c sagte Jack und kuschelte sich noch enger an mich. \u201eWir bekommen das schon hin.\u201c Mit diesen Worten schlief ich dann auch in den Armen von Jack ein. Am n\u00e4chsten Morgen weckte ich Jack. Er musste ja heute noch arbeiten. Murrend ging Jack dann auch in Richtung Bad und ich in die K\u00fcche, um Jack sein Fr\u00fchst\u00fcck vorzubereiten. Katrin schlief noch, so das wir versuchten leise zu sein, um sie nicht zu wecken. Nachdem dann Jack weg war, weckte ich Katrin. Wir fr\u00fchst\u00fcckten dann erst einmal. Danach begannen wir die Sachen von mir und Jack in zwei Rucks\u00e4cke zu verstauen. Als wir fertig waren, ging Katrin an den PC um im Internet noch Informationen zu sammeln. Ich setzte mich derweil auf die Couch und machte den Fernseher an. Ich musste danach wohl eingeschlafen sein, denn irgendetwas r\u00fcttelte mich an der Schulter. \u201eMarc aufwachen, ich glaube ich habe etwas gefunden!\u201c Sofort war ich hell wach und sah in Katrins Gesicht. \u201eWas hast Du gefunden?\u201c fragend sah ich sie an. \u201eKomm mit ich zeig es Dir! Aber wenn ich mich nicht irre, habe ich den ungef\u00e4hren Aufenthaltsort von Michael gefunden!\u201c Als ich das h\u00f6rte, sprang ich von der Couch und lief hinter Katrin her, die schon wieder im Schlafzimmer verschwunden war. Als ich dann bei ihr angekommen war, zeigte sie mit dem Finger auf dem Bildschirm. Ich war noch nie ein Genie in Englisch, aber soviel ich verstand wurden in der Provinz Saskatchewan f\u00fcnf Personen vermisst. \u201eWie auf der Seite zu lesen ist, sind alle vermissten Personen bei Ausfl\u00fcgen in den W\u00e4ldern verschwunden!\u201c sagte Katrin und sah mich an. \u201eMMHH\u2026 k\u00f6nnte ein Anhaltspunkt sein! Aber was macht Michael in der Wildnis da?\u201c fragte ich. \u201eNun \u00fcberleg mal! Michael hat damals doch gesehen was diese Bestien gemacht haben. Na und vielleicht hat er sich in die Wildnis verdr\u00fcckt um keine Bedrohung f\u00fcr andere zu sein! Ist jetzt eher eine Vermutung von mir\u201c \u201eDu k\u00f6nntest Recht haben! Komm druck die Seite mal aus. Mal sehen was Mario dazu sagt, wenn er heute Abend kommt!\u201c sagte ich daraufhin. Katrin druckte die Seite aus.",
            "wordcount": "1.688",
            "chapter_release": "31.03.2012",
            "chapter_number": "4"
        },
        "5": {
            "text": "Teil 4 Renne, wenn Du kannst \u201eMan Margaret, nun komm schon! Ich will heute noch das Zelt aufgebaut haben, es ist schon ziemlich dunkel!\u201c sagte Edgar Wilson zu seiner Frau, die am Feuer sa\u00df. \u201eJa ja typisch M\u00e4nner, nicht mal das k\u00f6nnt ihr alleine!\u201c dabei stand sie vom Feuer auf und ging zu Ihrem Mann, um ihm beim Aufbau zu helfen. Als sie damit fertig waren, setzten sie sich wieder an das Feuer und tranken den Rest des Kaffees. Als sie fertig waren, gingen sie zum Zelt, um sich hinzulegen. \u201eMan bin ich fertig!\u201c sagte Edgar zu seiner Frau und zog den Rei\u00dfverschluss seines Schlafsacks zu. \u201eWas meinst Du wie es mir erst geht!\u201c sagte seine Frau darauf und besch\u00e4ftigte sich weiter mit ihrem Schlafsack. Als sie dann endlich in Ihren Schlafs\u00e4cken lagen, planten sie noch f\u00fcr den n\u00e4chsten Tag die weitere Route. Danach schliefen sie ein. Irgendwann in der Nacht wurde Edgar durch ein merkw\u00fcrdiges Ger\u00e4usch geweckt. Sie kamen deutlich vom Lagerfeuer her\u00fcber und h\u00f6rten sich an als ob ein Hund, die Reste vom Essen verspeiste. Leise um seine Frau nicht zu wecken, drehte Edgar sich zum Zelteingang. Er wollte nachschauen, um was f\u00fcr ein Tier es sich handelte. Als er am Zelteingang die Plane etwas anhob und hinausschaute, sah er die Umrisse des Tieres im Mondschein. Seine Augen weiteten sich und er begann zu zittern. Leise schob er sich zu seiner Frau und versuchte sie zu wecken. \u201eMan lass mich schlafen!\u201c murmelte sie halb im Schlaf, als Edgar sie an der Schulter ber\u00fchrte. Dies musste das Tier am Lagerfeuer geh\u00f6rt haben. Denn von drau\u00dfen kam ein drohendes knurren. Pl\u00f6tzlich wurde am Zelteingang die Plane aufgerissen und eine Klaue griff nach dem Schlafsack, in dem Edgars Frau lag. Mit einem Ruck wurde dieser mitsamt seiner Frau hinaus gerissen. Edgar lag wie erstarrt im Zelt und h\u00f6rte seine Frau schreien. So abrupt wie sie anfing zu schreien, so schnell waren die Schreie auch verstummt. Edgar h\u00f6rte daraufhin seltsame Ger\u00e4usche, die er nicht zuordnen konnte. Vor lauter Angst, lag er wie gel\u00e4hmt im Zelt. Irgendetwas prallte pl\u00f6tzlich in das Zelt dumpf neben Edgar auf den Boden. Durch das Mondlicht drang etwas Licht in das Zelt. Edgar sah wie hypnotisiert auf den Gegenstand. Als er erkannte was vor ihm lag, begann er zu schreien. Neben ihm lag der Kopf seiner Frau und blickte ihn mit leeren Augen an. Das Wesen drau\u00dfen jaulte mit den Schreien von Edgar um die Wette. Dann wurde das Zelt von der Seite aufgerissen und das Tier kam auf Edgar zu. Dieser versuchte verzweifelt aus seinem Schlafsack zu kommen. Aber das Tier war schneller. Es riss Edgar mit einer der Klauen die linke Wange auf. Edgar versuchte verzweifelt zu entkommen, aber es war zu sp\u00e4t. Als die Kreatur seine Z\u00e4hne in die Kehle von Edgar grub, wusste Edgar, dass es vorbei war. Nachdem das Tier seinen Hunger gestillt hatte, verschwand es wieder in den tiefen des Waldes.",
            "wordcount": "490",
            "chapter_release": "31.03.2012",
            "chapter_number": "5"
        },
        "6": {
            "text": "Teil 5 Die Suche beginnt Jack kam von der Arbeit und war erst mal im Bad verschwunden. Kurz darauf klingelte es an unserer T\u00fcr. Katrin machte diese dann auf und lie\u00df Mario rein. Er schwenkte schon beim reinkommen die Flugtickets in der Hand und sagte nur kurz und b\u00fcndig, dass wir morgen fr\u00fch um vier Uhr am Flughafen sein mussten. Als wir dann endlich alle im Wohnzimmer sa\u00dfen, gab Katrin Mario die ausgedruckten Internetseiten zum lesen. Nachdem er diese durchgelesen hatte meinte er zu uns, dass wir eventuell die erste Spur von Michael gefunden h\u00e4tten. Somit gingen wir dann auch fr\u00fchzeitig schlafen, da Mario seine Tasche schon bei hatte, bauten wir f\u00fcr ihn noch ein G\u00e4stebett auf. Um zwei weckte uns dann der Wecker und wir standen auf. Dann ging es auch schon los zum Flughafen. Das einchecken war dann auch erledigt und wir warteten nun auf unseren Flug. In der Zwischenzeit berieten wir dann noch was wir in Kanada noch an Dingen besorgen mussten, um uns auf die Suche nach Michael zu machen. Ein Auto hatten wir schon hier am Flughafen gemietet, so dass wir in Montreal gleich weiterfahren konnten. Dann kam auch schon der Aufruf und wir liefen zu unserem Abflugsteig, wo wir schon erwartet wurden. Nach knapp 9 Stunden Flug kamen wir in Montreal an und holten bei der Autovermietung den Schl\u00fcssel f\u00fcr unser Auto ab. Nachdem wir es dann gefunden hatten, fuhren wir auch schon aus Montreal heraus. Unser Ziel war erst mal ein Motel, das etwas au\u00dferhalb von Montreal lag. Dort angekommen holten wir an der Rezeption unsere Zimmerschl\u00fcssel und ich beglich gleich die Rechnung f\u00fcr die Zimmer. Jack und ich waren so fertig, dass wir gleich schlafen gingen. Am n\u00e4chsten Morgen weckte uns Katrin und sagte uns, dass Mario auf uns unten zum Fr\u00fchst\u00fcck wartete. Als wir beim fr\u00fchst\u00fccken waren, sah Mario uns etwas komisch an. \u201eWas hast Du denn Mario?\u201c fragte ich daher. \u201eSorry aber sagt mal, seid ihr beide zusammen? Ich meine Du und Jack?\u201c fragte er daraufhin. Ich nickte: \u201eJa sind wir. Seit drei Jahren! St\u00f6rt Dich das?\u201c \u201eNein nat\u00fcrlich nicht. Ich wollte es nur wissen! So Leute, macht hin wir haben jetzt eine Riesenroute vor uns!\u201c sagte Mario. Kurz darauf standen wir auch abfahrbereit am Motel. Mario holte das Auto und wir stiegen ein. Dann ging es \u00fcber den Highway erst in Richtung Thunder Bay. Dann kam noch Winnipeg, Regina und dann Saskatoon. Insgesamt waren wir etwa 4 Tage unterwegs, bis wir Saskatoon erreichten. In Sakatoon kauften wir dann Zelte und alles was wir zum campen brauchten. Katrin k\u00fcmmerte sich um das Essen und die Getr\u00e4nke. Danach verstauten wir alles in unserem Auto. Bevor wir weiterfuhren, informierte sich Katrin nochmals ob noch mehr Leute in letzter Zeit verschwunden waren. Dabei erfuhr sie von einem netten Polizisten, dass zurzeit etwa neun Leute vermisst wurden. Dann ging es los in die Wildnis. Zum Gl\u00fcck hatten wir einen Landrover mit Allradantrieb gemietet. So kamen wir am Anfang erst mal gut voran. Nach etwa drei Stunden Fahrt, machten wir den ersten Halt und a\u00dfen etwas. \u201eSo Leute, wollen mal sehen wo wir weiter m\u00fcssen!\u201c sagte Mario und legte eine Karte auf den Boden. Die Karte war nur von der Provinz Saskatoon, so dass auch Waldwege mit eingezeichnet waren. Wir beschlossen dann eine Route zu fahren die uns in die nicht bewohnten Gebiete der Provinz f\u00fchrte. Da wir aufgrund der Informationen wussten wo ungef\u00e4hr die Vermissten verschwunden waren. Konnten wir auch in etwa einkreisen, in welche Richtung wir fahren mussten. Dann fuhren wir auch weiter, denn wir wollten noch ein gutes St\u00fcck an diesem Tag schaffen. Abends gegen neunzehn Uhr hielten wir dann an einer Lichtung und bauten unsere Zelte auf. Danach machten wir ein Feuer. Katrin und ich waren f\u00fcr das Essen zust\u00e4ndig. Als die Bohnen hei\u00df waren und auch der Kaffee gebr\u00fcht war, riefen wir die beiden anderen zum Essen. Nachdem wir alle satt waren, planten wir f\u00fcr den n\u00e4chsten Tag das weitere Vorgehen. Dann gingen wir in unsere Zelte. Ich und Jack teilten uns das eine und Katrin mit Mario das andere. Da es anfing kalt zu werden, kroch ich zu Jack mit in den Schlafsack und so schliefen wir dann ein. Am n\u00e4chsten Morgen weckte uns Mario. \u201eWo ist den Katrin?\u201c fragte ich noch ziemlich verschlafen. \u201eAch die ist schon mit dem Kaffee besch\u00e4ftigt! Na los Ihr Pennratten. Raus aus den Federn, wir haben noch einen langen Weg vor uns!\u201c mit diesen Worten verschwand Mario. Ich h\u00f6rte wie drau\u00dfen Katrin lachte und beeilte mich aufzustehen. Jack brummelte irgendetwas vor sich hin, stand dann aber auch auf. Ich gab ihm noch einen Kuss und dann machten wir uns auf dem Weg zu den anderen beiden. Katrin und Mario sa\u00dfen schon mit einer Tasse Kaffee in der Hand am Feuer und waren ziemlich vertieft in ein Gespr\u00e4ch. \u201eGuck Dir mal die beiden an! Na wenn sich da nicht zwei gefunden haben!\u201c kicherte ich und sah zu Jack. \u201eIch glaube Du hast Recht. Katrin sieht auch wieder etwas fr\u00f6hlicher aus und Mario sehe ich das erste Mal l\u00e4cheln!\u201c Als wir am Lagerfeuer angekommen waren, nahmen wir uns erst einmal einen Kaffee und setzten uns. Kurze Zeit sp\u00e4ter bauten wir die Zelte ab und l\u00f6schten das Feuer. Mario und ich begannen die Sachen im Auto zu verstauen. \u201eSag mal Mario bahnt sich da was zwischen Dir und Katrin an?\u201c fragte ich in einer ruhigen Minute. Er sah mich etwas verlegen an: \u201eNa ja wenn es nach mir ginge schon! Aber sie h\u00e4ngt ja an den Michael!\u201c \u201eMario zwischen Michael und Katrin war niemals mehr als eine tiefe Freundschaft. Also wenn Du mehr f\u00fcr sie empfindest, dann warte nicht zu lange! Sag es ihr, wenn die Gelegenheit sich ergibt!\u201c ich sah Mario an und er nickte. Wir waren dann auch soweit und konnten losfahren.",
            "wordcount": "970",
            "chapter_release": "31.03.2012",
            "chapter_number": "6"
        },
        "7": {
            "text": "6. Erste Spuren Die Strasse wurde immer schlechter und wir wurden ganz sch\u00f6n \u0001 \u0002 etwa F\u00fcnf Stunden Fahrt, hielten wir an, um Rast zu \u0001 \u0002 wir aus dem Wagen ausgestiegen waren, verschwanden Jack und Katrin hinter zwei \u0001 \u0002 h\u00f6rten wir aus Katrins Richtung einen Schrei. Mario rannte sofort in Ihre \u0001 \u0002 kam aus dem anderen Geb\u00fcsch gerannt und kam auf mich zu.\u201eWas ist mit Katrin?\u201c Ich zuckte mit den Schultern und wir liefen in die Richtung, wo Katrin und Mario verschwunden \u0001 \u0002 wir uns durch das Gestr\u00fcpp gearbeitet hatten, standen wir vor Mario und \u0001 \u0002 beiden standen mit dem R\u00fccken zu uns und sahen nach unten auf den \u0001 \u0002 ging etwas zur Seite, um zu sehen was die beiden da so interessiert \u0001 \u0002 ich endlich etwas freie Sicht hatte, konnte ich sehen, was die beiden da am Boden \u0001 \u0002 sah ich nur einen Schuh dort liegen, aber als ich genauer hinsah blieb mir der Atem \u0001 \u0002 dem Schuh ragte noch der Teil eines Beines heraus. Das Bein war kurz unterhalb des Knies abgetrennt und wie es aussah angefressen. Mir wurde richtig schlecht und ich \u00fcbergab mich. Jack kam zu mir und hielt mich \u0001 \u0002 ich mich beruhigt hatte, lief Mario zur\u00fcck zum Wagen und kam kurz danach mit einem Spaten zur\u00fcck.\u201eIch glaube, wir haben die \u00dcberreste eines der Vermissten gefunden.\u201c sagte Mario und fing an ein Loch im Boden \u0001 \u0002 er damit fertig war, schob er mit dem Spaten den Fu\u00df in das Loch. Danach schaufelte er das Loch wieder \u0001 \u0002 Mario damit fertig war, gingen wir zur\u00fcck zum Auto. Wir sprachen erst einmal kein Wort. Jeder von uns musste das Erlebte erst einmal f\u00fcr sich \u0001 \u0002 einiger Zeit fing Jack an zu sprechen: \u201eLeute, so wie es aussieht sind wir in \u201eseinem\u201c Revier!\u201cWir stimmten Jack zu und dieser sprach weiter: \u201eJetzt m\u00fcssen wir planen wie es weitergehen soll! Ich meine, wir m\u00fcssen unser weiteres Vorgehen planen. Sonst bringen wir uns nur in Gefahr!\u201c\u201eDa hast Du Recht Jack. Ich habe mir schon Gedanken dazu gemacht. Erstens m\u00fcssen wir zusammen bleiben. Dann m\u00fcssen wir die Spritzen mit den Serum bereithalten!\u201c antwortet Mario.\u201eSpritzen? Entschuldige mal, da muss ich ja an das Vieh ziemlich dicht ran! Ist das nicht ein ziemliches Risiko?\u201c fragte ich.\u201eMan die Spritzen benutzen wir, wenn wir das Tier haben. Um dem Tier aber erstmal das Serum zu setzen habe ich zwei Bet\u00e4ubungsgewehre dabei mit dazu geh\u00f6riger Munition die mit dem Serum gef\u00fcllt sind!\u201c antwortete mir \u0001 \u0002 sah ich Mario an: \u201eIch dachte schon wir m\u00fcssen dem Vieh die Spritzen reinrammen!\u201c\u201eAlso h\u00f6r mal, wenn Michael derjenige ist, wie kannst Du Ihn dann als Vieh bezeichnen?\u201c entr\u00fcstete sich Katrin.\u201eKatrin ich habe es ja nicht so gemeint. Aber wenn Michael durch diesen Parasiten gelenkt wird dann ist er es ja nicht wirklich, der vor uns steht! Oder sehe ich das falsch?\u201c fragte ich darauf die anderen.\u201eMarc da hast Du wiederum Recht! Also ich w\u00fcrde dann sagen, bereiten wir uns vor!\u201c sagte Katrin und Mario nickte kurz und ging zum \u0001 \u0002 Wagen angekommen \u00f6ffnete er den \u0001 \u0002 dem Kofferraum holte er dann ein gro\u00dfes Paket heraus und begann es \u0001 \u0002 machte in der Zwischenzeit mit Jack zusammen ein \u0001 \u0002 selber ging zu Mario und half ihm die Gewehre auszupacken und zu \u0001 \u0002 sp\u00e4ter rief uns Katrin zum \u0001 \u0002 wir fertig waren, sa\u00dfen wir noch am Feuer und tranken Kaffee.\u201eLeute wollen wir heute noch weiter, oder bauen wir hier unser Lager auf?\u201c fragte Katrin.\u201eAlso von mir aus k\u00f6nnen wir auch hier unser Lager aufbauen! Wir k\u00f6nnten dann von hier aus die Umgebung auskundschaften um nach Michael zu suchen!\u201c sagte Mario \u0001 \u0002 wir alle mit dem Vorschlag einverstanden waren, begannen wir unsere Zelte \u0001 \u0002 wir dann fertig waren, machten wir es uns am Lagerfeuer bequem und unterhielten uns noch ein wenig. Es war dann auch ziemlich sp\u00e4t geworden. Mario teilte noch die Nachtwachen ein, denn wir mussten jetzt ziemlich wachsam sein. Als erster \u00fcbernahm Mario die Wache und in drei Stunden war ich dann mit der Wachabl\u00f6sung dran. Dann war es auch schon dunkel und wir begaben uns in unsere zwei \u0001 \u0002 und ich legten uns wieder zusammen in einen Schlafsack und schliefen auch kurz danach \u0001 \u0002 weckte mich gegen ein Uhr und ich setzte mich an das Lagerfeuer mit einem Gewehr in der Hand und lauschte in die Nacht. So setzte sich die Wachabl\u00f6sung dann fort. Dann kam Jack und zuletzt Katrin \u0001 \u0002 Gl\u00fcck blieb die Nacht ruhig, so dass nichts aufregendes \u0001 \u0002 dem wir aufgestanden und gefr\u00fchst\u00fcckt hatten, machten wir uns auf den Weg um den Wald zu \u0001 \u0002 waren etwa eine Stunde unterwegs, als Katrin uns rief.\u201eSeht euch das mal an! Hier sind \u00fcberall Blutspuren.\u201c rief \u0001 \u0002 gingen zu ihr und sahen auf den \u0001 \u0002 wir sahen jetzt die Blutspuren.\u201eKommt wir folgen der Spur!\u201c sagte Mario und ging \u0001 \u0002 folgten daraufhin Mario. Die Spur f\u00fchrte uns weiter, bis zu einer Lichtung. Dort sahen wir uns um. Pl\u00f6tzlich h\u00f6rten wir ein markersch\u00fctterndes Br\u00fcllen. Erschrocken blieben wir \u0001 \u0002 Mario sah ver\u00e4ngstigt aus.\u201eJack gib mir bitte das Gewehr mit der scharfen Munition.\u201c sagte Mario und sah in die Richtung aus der das Br\u00fcllen \u0001 \u0002 ging auf Mario zu und gab ihm das Gewehr.\u201eLos weiter!\u201c sagte Mario und ging langsam weiter. Wir folgten ihm \u0001 \u0002 blieb Mario stehen und hob die Hand.\u201eBleibt stehen!\u201c fl\u00fcsterte \u0001 \u0002 sahen jetzt in die Richtung in die Mario \u0001 \u0002 zweihundert Meter entfernt sahen wir einen B\u00e4ren. Der B\u00e4r erhob in diesem Augenblick seinen Kopf in die H\u00f6he und fing wieder an zu br\u00fcllen. Dabei schwankte er, als ob er jeden Moment das Gleichgewicht verlieren \u0001 \u0002 ging langsam auf den B\u00e4ren zu und entsicherte dabei das Gewehr.\u201eWas ist? Warum br\u00fcllt der B\u00e4r so?\u201c fl\u00fcsterte Katrin \u0001 \u0002 sah in dem Augenblick zum Boden runter und sah die frischen Blutspuren.\u201eSieh mal nach unten! Ich glaube der B\u00e4r ist verletzt!\u201c fl\u00fcsterte ich zu \u0001 \u0002 wir auf etwa hundert Meter an den B\u00e4ren ran waren, sahen wir warum der B\u00e4r \u0001 \u0002 gesamte rechte hintere Flanke war komplett aufgerissen. Als der B\u00e4r sich umdrehte sahen wir, dass die H\u00e4lfte seines Kopfes bis auf den Knochen freigelegt war. Sein Fell und Teile der Muskeln hingen ihm am Kopf herunter. Er musste f\u00fcrchterliche Schmerzen haben, so wie das Tier aussah.\u201eDer B\u00e4r qu\u00e4lt sich doch! Mario kannst Du nicht was tun?\u201c wandte sich Katrin an \u0001 \u0002 legte daraufhin das Gewehr an und zielte auf den B\u00e4ren. Kurz darauf dr\u00fcckte er ab. Ein Schuss l\u00f6ste sich und Sekundenbruchteile sp\u00e4ter fiel der B\u00e4r ohne noch einen Ton von sich zu geben, auf den \u0001 \u0002 ging vorsichtig auf den B\u00e4ren zu. Dieser regte sich nicht \u0001 \u0002 wir uns den B\u00e4ren etwas n\u00e4her ansahen, konnten wir nicht fassen, dass er bei diesen Verletzungen noch soweit gekommen war.\u201eIch glaube unser Freund hat einen ziemlichen Hunger entwickelt!\u201c sagte Mario und sah ernst zu uns.\u201eWir werden es nicht einfach haben! stellte Mario fest und sah dabei zu dem toten \u0001 \u0002 dem Moment als Mario das zu uns sagte, rannte eine schreiende Person aus dem Wald, auf uns zu.\u201eHilfe Hilfe\u201c schrie \u0001 \u0002 rannte pl\u00f6tzlich los, auf die Person zu. Jetzt erkannte ich, dass es sich um eine Frau \u0001 \u0002 fiel in Jacks Arme und fing an zu weinen.\u201eOh schei\u00dfe\u2026\u201c zischte \u0001 \u0002 gingen auf die beiden zu und redeten auf die Frau beruhigend ein. Aber sie h\u00f6rte nicht auf zu weinen. Ich sah sie mir genauer an, ihre Sachen waren zerrissen. Sie sah aus als ob sie schon einige Tage im Wald herumgeirrt \u0001 \u0002 machten wir uns auf den R\u00fcckweg zu unserem Lager. Die Frau lie\u00df Jack nicht los. So kamen wir in unserem Lager \u0001 \u0002 wir das Lager erreicht hatten, holte Katrin Eine Decke. Diese gab sie der Frau die sich am Lagerfeuer hingesetzt hatte. Jack k\u00fcmmerte sich derweil darum das Feuer wieder in Gang zu \u0001 \u0002 kam auf mich zu und gab mir ein Zeichen ihm zu \u0001 \u0002 darauf standen wir etwas abseits, so dass uns niemand h\u00f6ren konnte.\u201eWir m\u00fcssen die Frau von hier wegbringen. Am besten in den n\u00e4chsten Ort, wo eine Polizeistation ist.\u201cIch konnte nur nicken. Er hatte ja Recht. Die Frau w\u00fcrde uns bei der Suche nur behindern.\u201eAn wen dachtest Du, wer soll die Frau zur\u00fcckfahren?\u201c fragte ich.\u201eDu wirst fahren! Ich habe auf der Karte gesehen, dass etwa 80 Kilometer entfernt eine gr\u00f6\u00dfere Stadt liegt. Sie hei\u00dft Midtown.\u201c Dabei sah Michael nicht mich an sondern schaute zu der Frau.\u201eOK wann soll ich los?\u201c fragte ich darauf\u201eMorgen fr\u00fch. Wenn alles gut geht, wirst Du gegen Abend wieder hier sein. Wir werden hier auf Dich warten.\u201c Mit diesen Worten drehte Mario sich um und ging zum Lagerfeuer zur\u00fcck. Ich folgte \u0001 \u0002 hatte die Frau sich etwas beruhigt und hielt eine Tasse hei\u00dfen Kaffee in der Hand. Katrin sa\u00df neben \u0001 \u0002 wir alle am Lagerfeuer sa\u00dfen, sahen wir neugierig zu der Frau.\u201eWie hei\u00dft Du eigentlich?\u201c fragte \u0001 \u0002 angesprochene antwortete erst nicht. Erst nachdem Jack nochmals seine Frage wiederholte, antwortete Sie ihm.\u201eMein Name ist Jaqueline!\u201c\u201eKannst Du uns erz\u00e4hlen was passiert ist?\u201c fragte Jack weiter.\u201eEs ist wie ein Alptraum. Ich kann es immer noch nicht glauben, was uns da im Wald angegriffen hat\u2026.\u201c Dabei sah sie in das Feuer und begann stockend zu erz\u00e4hlen.",
            "wordcount": "1.603",
            "chapter_release": "15.10.2015",
            "chapter_number": "7"
        },
        "8": {
            "text": "Teil 7 Jaquelines Erinnerungen \u201eWir waren zu f\u00fcnft und wollten eigentlich nur einen Wochenendausflug \u0001 \u0002 hatte die Fahrt organisiert und unsere Wanderroute \u0001 \u0002 Freitag fr\u00fch fuhren wir los und waren nach etwa 8 Stunden Fahrt am Ziel. Dort haben wir unser Lager \u0001 \u0002, Phillip, Steven, Charles und ich kannten uns von der \u0001 \u0002 wir mit dem Aufbau der Zelte fertig waren, machten wir es uns am Lagerfeuer bequem. Steven kl\u00e4rte uns dann auf, was f\u00fcr den n\u00e4chsten Tag geplant war. Da wir alle ziemlich m\u00fcde waren, gingen wir ziemlich zeitig in unsere Zelte. Denn wir wollten f\u00fcr den n\u00e4chsten Tag ausgeruht \u0001 \u0002 n\u00e4chsten Morgen machten wir uns nach dem Fr\u00fchst\u00fcck auf zur \u0001 \u0002 waren alle gut drauf. Es wurde viel gelacht und rumgealbert. Als es Mittag war, machten wir an einem Fluss \u0001 \u0002 musste dann mal f\u00fcr kleine Jungs und verschwand kurz. Ich kann mich noch erinnern, wie er kurzer Zeit sp\u00e4ter wieder auftauchte und total aufgel\u00f6st \u0001 \u0002 wollte uns was zeigen und redete von einem toten Reh das da liegen sollte. Er sagte noch, dass wir uns das unbedingt ansehen sollten. Also sind wir alle Phillip gefolgt, um uns das Reh \u0001 \u0002 war widerlich, das Reh war nur noch anhand des Kopfes zu erkennen, alles andere war wie durch einen Fleischwolf gedreht. Wir M\u00e4dels sind sofort zur\u00fcck, nur die Jungs blieben, um sich das Reh n\u00e4her \u0001 \u0002 die Jungs nach einiger Zeit wieder zur\u00fcckkamen, meinte Steven, dass das Reh wohl von einem B\u00e4ren gerissen wurde. Ich glaubte ihm kein Wort. Ihr m\u00fcsst wissen, ich bin auf dem Land aufgewachsen. Dort habe ich Schafe gesehen die von einem B\u00e4r gerissen wurden und die sahen definitiv nicht so aus wie das \u0001 \u0002 machten uns dann wieder auf den Weg und marschierten weiter. Irgendwann wurde es Zeit und wir mussten umdrehen um unser Lager noch vor Einbruch der Nacht zu erreichen.\u201cAn dieser Stelle stockte Jaqueline. Katrin nahm sie in den Arm, kurz darauf erz\u00e4hlte Jaqueline leise weiter.\u201eWir liefen eine ganze Weile, bis auf einmal Phillip meinte, wir w\u00fcrden im Kreis \u0001 \u0002 fragte ihn, woher er diese Erkenntnis h\u00e4tte. Phillip zeigte uns dann einen umgest\u00fcrzten Baum. Nach seiner Meinung, waren wir an dem Baum schon einmal vorbeigegangen und zum Beweis zeigte er auf Spuren die deutlich im Schlamm zu sehen waren. Es waren unsere \u0001 \u0002 ich erkannte den Baum und best\u00e4tigte Phillips Aussage. Danach \u00fcberlegten wir, wie wir weitergehen sollten. Wir einigten uns dann auf eine andere Richtung und gingen wieder los. Mittlerweile fing es an zu d\u00e4mmern. Da wir immer noch nicht an unserem Lagerplatz waren, beschlossen wir an einer gesch\u00fctzten Stelle zu \u00fcbernachten. Decken hatten wir ja dabei und auch etwas zu essen. Also suchten wir eine g\u00fcnstige Stelle und machten uns ein Feuer. Mittlerweile war es Nacht geworden. Wir begannen unsere Decken auszubreiten und machten es uns in der N\u00e4he des Feuers \u0001 \u0002 erz\u00e4hlten uns noch ein paar Geschichten, als pl\u00f6tzlich aus dem Wald ein knacken kam. Es h\u00f6rte sich an als ob jemand auf einen Ast getreten \u0001 \u0002 kann mich nicht mehr genau erinnern, es ging alles so \u0001 \u0002 sprang pl\u00f6tzlich eine Gestalt aus dem Wald und knurrte wie ein Wolf. Das war nicht mal das schlimmste, dieses Tier stand auf zwei Beinen vor uns und das machte uns m\u00e4chtig \u0001 \u0002 nachdem es aus dem Wald gesprungen war, begann es uns sofort anzugreifen. Der erste den es erwischte, war Phillip. Das Tier st\u00fcrzte sich auf ihn und zerriss ihm sein Hemd und biss ihm in die Kehle. Als Phillip sich nicht mehr bewegte, lie\u00df das Tier ihn fallen und ging auf Steven los. Steven versuchte sich mit einem Messer zu wehren, aber er hatte keine Chance. In der Zwischenzeit kroch ich auf allen vieren in die Dunkelheit. Hinter mir h\u00f6rte ich die Schreie meiner Freunde. Ich hatte solche Angst, ich dachte nur noch an eines, weg von diesem Ort und diesem \u0001 \u0002 wei\u00df wie lange ich so auf dem gekrochen bin. Jedenfalls fand ich einen umgefallen Baum, der innen hohl war. In diesen bin ich dann reingekrochen und blieb dort \u0001 \u0002 Schreie h\u00f6rten irgendwann dann \u0001 \u0002 zitterte am ganzen Leib und mir war kalt. Zum anderen hatte ich solche Angst, dass dieses Tier mich finden w\u00fcrde. Daher blieb ich in dem Baum liegen und versuchte mich nicht zu bewegen. So lag ich dann in dem hohlen Baum, bis der morgen \u0001 \u0002 es hell genug war wagte ich mich raus. Ich ging in die Richtung unseres Rastplatzes. Nachdem ich dort ankam, sah ich die \u00dcberreste meiner Freunde und ich bin schreiend in den Wald gelaufen. Ich wei\u00df nicht wie lange ich gerannt bin, auf jeden Fall h\u00f6rte ich dann einen \u0001 \u0002 bin dann in die Richtung aus der der Schuss kam gerannt und dann habe ich euch gesehen.\u201c",
            "wordcount": "813",
            "chapter_release": "15.10.2015",
            "chapter_number": "8"
        },
        "9": {
            "text": "Teil 8 Die Suche geht weiter Als Jaqueline geendet hatte, war es still. Keiner wagte etwas zu sagen. Schon allein die Vorstellung, was sie durchgemacht hatte, lie\u00df mich \u0001 \u0002 begann wieder zu weinen und Katrin dr\u00fcckte sie an \u0001 \u0002, Jack und ich teilten unter uns dann die Nachtwache \u0001 \u0002 nahm Jaqueline und ging mit ihr zum \u0001 \u0002 diese Nacht verging ohne \u0001 \u0002 n\u00e4chsten Morgen, nachdem Fr\u00fchst\u00fcck machte ich mich mit Jaqueline auf den Weg nach \u0001 \u0002 schwieg die ganze Fahrt \u00fcber und sah nur aus dem \u0001 \u0002 vier Stunden brauchte ich, bis wir die Stadt erreichten. Dort angekommen, erkundigte ich mich nach der Polizeistation. Ein netter alter Herr zeigte uns den Weg und wir fanden dann auch die \u0001 \u0002 parkte das Auto und ging mit Jaqueline zum EingangKaum hatten wir die Polizeistation betreten, kam uns auch schon eine Frau entgegen.\u201eWie kann ich Euch helfen?\u201c fragte sie \u0001 \u0002 Jaqueline kein Wort sagte, erkl\u00e4rte ich der netten Dame warum wir hier \u0001 \u0002 h\u00f6rte sich erstmal an, was ich ihr erz\u00e4hlte. Dabei runzelte sie die \u0001 \u0002 ich geendet hatte sagte sie, dass wir kurz warten \u0001 \u0002 paar Minuten sp\u00e4ter, kam dann ein \u00e4lterer Herr auf uns zu, der uns bat ihm zu \u0001 \u0002 f\u00fchrte uns dann in einen Raum, in dem ein Schreibtisch stand. Vor dem Schreibtisch standen zwei St\u00fchle auf denen wir dann Platz nahmen. Der Mann selber setzte sich hinter den Schreibtisch.\u201eAlso mein Name ist Albert Hendson und wie hei\u00dft ihr?\u201c fragte er \u0001 \u0002 sagte ihm dann meinen Namen und Jaqueline sagte ihren.\u201eAlso was kann ich f\u00fcr euch tun?\u201c fragtet er \u0001 \u0002 begann nochmals die Geschichte runterzurattern, wie wir Jaqueline gefunden \u0001 \u0002 Hendson unterbrach mich nicht einmal. Jedenfalls als ich geendet hatte, wandte er sich an Jaqueline und bat sie, ihm zu erz\u00e4hlen, was genau vorgefallen \u0001 \u0002 begann dann nochmals, stockend zu erz\u00e4hlen. Als sie fertig war begann sie wieder zu \u0001 \u0002 Hendson rief dann die Dame, mit der wir schon vorhin geredet \u0001 \u0002 bat sie einen Arzt zu \u0001 \u0002 stand dann auf und kam auf mich zu: \u201eDas hast Du gut gemacht! Wir k\u00fcmmern uns weiter um das junge Fr\u00e4ulein! So und jetzt zu was anderem! Du wirst jetzt schnellstm\u00f6glich zu Deinen Freunden fahren und Eure Sachen dort packen. Ich m\u00f6chte das ihr den Wald verl\u00e4sst! Hast Du das verstanden?\u201c fragend sah er mich an. Ich nickte bejahend.\u201eOK! Wir haben mittlerweile 14 Vermisstenanzeigen in dieser Gegend und so wie es aussieht kommen drei weitere jetzt dazu!\u201c dabei sah er mich streng an.\u201eDanke Sir! Ich werde dann mal los fahren, sonst schaff ich es nicht vor Einbruch der Dunkelheit!\u201c sagte ich zu ihm darauf.\u201ePass auf Dich auf Junge!\u201cMit diesen Worten lie\u00df mich Albert Hendson dann \u0001 \u0002 ging dann zu unserem Wagen und fuhr wieder den Weg \u0001 \u0002 R\u00fcckweg verlief auch ohne Zwischenf\u00e4lle, so dass ich f\u00fcr die Strecke ungef\u00e4hr 4 Stunden \u0001 \u0002 ich im Lager ankam war es schon \u0001 \u0002 anderen sa\u00dfen am Feuer und sahen mir \u0001 \u0002 stand auf und lief dann zum Auto. Nachdem ich ausgestiegen war, fielen wir uns erstmal in die Arme.\u201eMuss Liebe sch\u00f6n sein!\u201c kam es von Michael.\u201eBist ja nur neidisch!\u201c antworteten Jack und ich gleichzeitig.\u201eMarc nun komm wir haben mit dem Essen auf Dich gewartet!\u201c sagte Katrin und fing an, den Bohneneintopf auf die Teller zu \u0001 \u0002 jetzt merkte ich, dass ich einen ganz sch\u00f6nen Kohldampf \u0001 \u0002 wir mit unserem Essen fertig waren, erz\u00e4hlte ich den anderen was ich erfahren hatte.\u201eNa dann ich werde mich jetzt hinlegen! Mario kommst Du mit?\u201c fragend sah Katrin in Marios Richtung. Mario erhob sich daraufhin und w\u00fcnschte uns eine gute \u0001 \u0002 Jack den ersten Teil der Nachtwache \u00fcbernommen hatte, blieb ich noch bei ihm sitzen.\u201eMarc was denkst Du, werden wir Michael rechtzeitig finden?\u201c\u201eIch hoffe doch!\u201c dann nahm ich Jack in meine Arme und wir k\u00fcssten \u0001 \u0002 Zeit sp\u00e4ter machte ich mich auch auf, zu unserem Zelt und legte mich \u0001 \u0002 vier Uhr morgens wurde ich von Mario geweckt. Damit war ich dann wohl mit der Wache \u0001 \u0002 diese Nacht blieb ohne besondere \u0001 \u0002 musste ich wohl am Feuer eingenickt sein, denn Katrin weckte mich.\u201eHe Schlafm\u00fctze. Ein Kaffee gef\u00e4llig?\u201c\u201eOh ja, super Idee!\u201c ich nahm ihr dankbar die Tasse ab.\u201eSag mal Katrin, was h\u00e4ltst Du denn von Mario!\u201c\u201eSo fragt man Leute aus!\u201c Katrin sah mich grinsend an.\u201eNa ich wollte doch nur wissen ob es zwischen euch gefunkt!\u201c\u201eVielleicht\u2026\u201c\u201eNa super kannst Du mir nicht mal eine richtige Antwort geben?\u201c fragend sah ich sie an.\u201eAch hier bist Du!\u201c wir drehten uns um und sahen Mario, der hinter uns \u0001 \u0002 stand auf und ging auf Mario zu. Der zog Katrin dann an sich ran und gab ihr einen \u0001 \u0002 einer halben Ewigkeit l\u00f6sten sie sich wieder. Dann sah mich Mario an und meinte: \u201eUnd alle Fragen beseitigt?\u201cIch verdrehte die Augen und \u0001 \u0002 stand dann auf und ging zu Jack, der immer noch im Zelt lag und \u0001 \u0002 angekommen, schl\u00fcpfte ich in das Zelt zu \u0001 \u0002 nahm ich dann erst einmal in meine Arme und dr\u00fcckte ihn. Ein L\u00e4cheln erschien in seinem Gesicht und wir k\u00fcssten uns.\u201eHe Marc, Jack Fr\u00fchst\u00fcck ist fertig!\u201cOh man immer wenn es am sch\u00f6nsten ist, musste Katrin uns \u0001 \u0002 Stunde sp\u00e4ter waren wir wieder unterwegs, diesmal in eine andere Richtung.\u201eHoffentlich haben wir heute mehr Gl\u00fcck!\u201c sagte Jack zu mir.\u201eIch hoffe auch. Was ich Dir noch sagen wollte, Katrin und Mario sind ein Paar.\u201c\u201eAch haste das auch schon festgestellt?\u201c fragte mich Jack.\u201eWieso wusstest Du das denn?\u201c\u201eNee aber geahnt. Los komm sonst verlieren wir die beiden noch aus den Augen!\u201cSomit gingen wir etwas \u0001 \u0002 vier Stunden Fu\u00dfmarsch, blieb Mario pl\u00f6tzlich stehen. Als wir alle bei ihm standen, zeigte Mario nach vorne.\u201eDa vorne ist eine H\u00fctte! Wir werden uns ganz vorsichtig ranpirschen. Vielleicht ist er dort!\u201c fl\u00fcsterte Michael uns \u0001 \u0002 nickten und gingen danach ganz vorsichtig auf das Haus zu. Mario blieb wieder stehen.\u201eMarc und Jack ihr geht jetzt den Rest alleine. Wenn er da ist, dann sieht er nur euch! Euch kennt er ja!\u201c sprach Mario \u0001 \u0002 machten Jack und ich uns auf zum \u0001 \u0002 regte sich, so dass ich bis zur T\u00fcr weiterging. Jack folgte \u0001 \u0002 der T\u00fcr angekommen, klopfte ich an. Es kamen keine Ger\u00e4usche aus dem Haus, so dass ich mich entschloss die T\u00fcr zu \u0001 \u0002 ich die T\u00fcr ge\u00f6ffnet hatte ging ich rein und rief nach Michael. Niemand antwortete mir. Jack stand an der T\u00fcr und sah sich um.\u201eDa auf dem Bett, liegen Sachen! Sieh mal nach ob Du da was findest!\u201c sagte \u0001 \u0002 trat auf das Bett zu und sah mir die Sachen an. Als ich die Hose hochhob, viel etwas aus der Hosentasche. Ich b\u00fcckte mich danach und hielt kurz darauf den Studentenausweis von Michael in der Hand.\u201eEr war hier! Es ist sein Ausweis!\u201c ich hielt triumphierend den Ausweis hoch.\u201eAber wo ist Michael?\u201c fragte \u0001 \u0002 drehte er sich um und rief Mario und Katrin zu \u0001 \u0002 die beiden mit uns in der H\u00fctte waren, sahen wir uns noch etwas genauer um.\u201eWir werden hier auf ihn warten!\u201c sagte Mario und machte es sich auf einen der St\u00fchle \u0001 \u0002 k\u00fcmmerte sich derweil darum, Feuer im Kamin zu \u0001 \u0002 und Jack setzten uns drau\u00dfen auf die Treppe und warteten darauf, dass Michael endlich auf der Bildfl\u00e4che \u0001 \u0002 betrachtete die Umgebung und musste feststellen, dass es ein sch\u00f6ner Ort \u0001 \u0002 dem Haus breitete sich eine Wiese aus die mit zahlreichen Blumen bewachsen war. Etwa hundert Meter entfernt begann der Wald. Die Sonne die langsam die Wipfel des Waldes erreichte, strahlte warm in mein Gesicht. Aus der ferne h\u00f6rte ich das Rufen eines Eichelh\u00e4hers.\u201eWas betrachtest Du?\u201c fragte Jack.\u201eIch betrachte dieses Fleckchen Erde hier und dabei fiel mir wieder ein, dass Michael die Natur so liebt.\u201cJack nickte neben mir zustimmend: \u201eDu hast recht, er liebt die Natur \u00fcber alles! Hoffentlich ist es nicht zu sp\u00e4t und wir k\u00f6nnen ihm helfen!\u201cKatrin kam raus und setzte sich zu uns.\u201eWo ist Mario?\u201c fragte ich sie.\u201eEr liegt auf dem Bett und schl\u00e4ft! Ich wollte ihn nicht aufwecken. Es ist sch\u00f6n hier!\u201cLangsam verschwand die Sonne und die Schatten der B\u00e4ume wanderten auf der Wiese zum Haus.\u201eKommt machen wir uns etwas zum Essen! Ich habe Hunger!\u201c sagte \u0001 \u0002 stand auf und ging mit Jack in die H\u00fctte. Ich blieb noch etwas sitzen und sah der Sonne zu die jetzt kaum noch zu sehen \u0001 \u0002 stand ich auf und folgte den beiden in die \u0001 \u0002 halbe Stunde sp\u00e4ter, stand das Essen auf dem Tisch und Katrin weckte \u0001 \u0002 wir alle am Tisch versammelt waren, begannen wir zu essen.\u201eLeute wenn wir fertig sind mit dem Essen m\u00fcssen wir uns noch vorbereiten! Ich meine die Bet\u00e4ubungsgewehre laden.\u201cWir nickten.\u201eMeint ihr er wird heute hierher kommen?\u201c fragend sah Jack uns an.\u201eEs kann m\u00f6glich sein, deswegen m\u00f6chte ich auch vorbereitet sein!\u201c sagte \u0001 \u0002 wir fertig waren, r\u00e4umten Jack und Katrin das Geschirr \u0001 \u0002 und Mario befassten uns mit den Gewehren und luden sie mit den Kan\u00fclen worin das Serum sich befand.\u201eIch hoffe wenn wir ihn haben, dass das Serum wirkt! Ich habe Angst Michael t\u00f6ten zu m\u00fcssen!\u201c sagte ich zu Mario gewandt.\u201ees ist nie leicht einen Freund sterben zu sehen. Aber manchmal ist es besser so als ihn leiden sehen zu m\u00fcssen!\u201c sagte sehr leise \u0001 \u0002 sah ich das erste Mal bei Mario eine Gef\u00fchlsregung, die ich nicht erwartet h\u00e4tte. Er weinte.\u201eWenn Du m\u00f6chtest, kannst Du mir von Deinem Freund erz\u00e4hlen den ihr t\u00f6ten musstet!\u201c\u201e MMHH.. es ist nicht einfach dar\u00fcber zu sprechen. Ich hatte euch ja erz\u00e4hlt, dass wir auch auf solch einen Werwolf getroffen sind. Kevin wurde dabei verletzt. Erst war ihm nichts anzumerken, aber er wurde immer stiller und dann begann er sich zu ver\u00e4ndern. Ich meine vom Charakter her. Er fing an zu streiten und wenn ihm was nicht passte dann rastete er total aus. Er war nicht mehr wieder zu erkennen. Dann eines Nachts, das war zwei Jahre nachdem er verletzt wurde, verschwand er nachts und tauchte erst morgens wieder auf. Auf Fragen von uns, wo er denn gewesen sei, gab er keine Antwort! Dann sah ich in der Zeitung einen kleinen Beitrag, in dem ging es um gerissene Rinder. Ich zeigte es den anderen und wir z\u00e4hlten eins und eins zusammen und kamen zu dem Schluss, dass Kevin eventuell angesteckt wurde und ein Werwolf \u0001 \u0002 kam die Nacht in der er es nicht rechtzeitig geschafft hatte aus dem Haus zu verschwinden. Er verwandelte sich in seinem Zimmer noch in das Monster. Wir hatten f\u00fcr alle F\u00e4lle schon alles vorbereitet und die zwei Gewehre die wir hatten mit Silbernen Patronen geladen. Jedenfalls als wir vor seinem Zimmer waren, h\u00f6rten wir schon das Br\u00fcllen eines w\u00fctenden Tieres. Ich machte die T\u00fcr auf und dann stand er vor uns. Wir konnten nicht anders und meine Freunde schossen auf ihm. Den Rest kannst Du Dir ja denken!\u201cIch nickte und sah Michael an.\u201eEs tut mit leid f\u00fcr Deinen Freund!\u201c\u201eIch m\u00f6chte nicht, dass ihr euren Freund auch so verliert! Ihr habt jetzt eine Chance und wir wollen euch helfen!\u201cIch verstand was Mario mir sagen wollte. Ich konnte mir nur schlecht vorstellen, meinen eigenen Freund zu \u0001 \u0002 sah zu Jack, der mit Katrin am Kamin auf dem Boden \u0001 \u0002 sah wieder zu Mario und sagte: \u201eDanke das Du es mir erz\u00e4hlt hast!\u201c\u201eIch wollte nur zeigen, dass ich nicht nur der eiskalt planende Typ bin!\u201cIch sah ein, dass ich ihn falsch eingesch\u00e4tzt hatte. Auch Mario, erkannte ich war im innersten sehr leicht \u0001 \u0002 war es bereits dunkel. Mario hatte sich erhoben und sich zu Katrin \u0001 \u0002 ging an das Fenster um raus zu \u0001 \u0002 sah in die Dunkelheit, als pl\u00f6tzlich zwei rote Augen auf der gegen\u00fcberliegenden Seite des Fensters mich anstarrten. In dem Augenblick, als ich meinen Mund auftun wollte um die anderen zu warnen, barste das Fenster auseinander und zwei Klauen kamen auf mich zu.\u201eMarc runter auf den Boden!\u201c schrie irgendwer, aber ich konnte mich nicht r\u00fchren. Ich sah immer noch in diese rot gl\u00fchenden Augen, als mich pl\u00f6tzlich etwas von der Seite traf und ich \u0001 \u0002 dr\u00fcckte mich zu Boden und dann erkannte ich wer es \u0001 \u0002 war Jack, als ich auf die Rufe nicht reagierte, hatte er sich auf mich geworfen und dabei sind wir beide etwas unsanft auf dem Fu\u00dfboden \u0001 \u0002 Tier br\u00fcllte auf vor Wut und versuchte durch das Fenster zu \u0001 \u0002 Mario war schneller. Er zielte mit dem Bet\u00e4ubungsgewehr auf den Werwolf und dr\u00fcckte ab. Das Projektil traf den ihn mitten in die Brust. Der Werwolf br\u00fcllte auf vor Schmerzen und versuchte die Fenster\u00f6ffnung zu erweitern, indem er St\u00fcck f\u00fcr St\u00fcck Holz aus den Seiten \u0001 \u0002 schoss noch einmal und wieder traf er ihn.\u201eKatrin schnell, das andere Gewehr!\u201c schrie Mario in den \u0001 \u0002 sah wie der Werwolf anfing pl\u00f6tzlich sein Aussehen zu ver\u00e4ndern. Er verlor \u00fcberall Haare und ich hatte das Gef\u00fchl das die Schnauze etwas platter \u0001 \u0002 hatte bereits von Katrin das andere Gewehr erhalten und er schoss nochmals und wieder traf er den \u0001 \u0002 die dritte Spritze getroffen hatte, sah man eindeutig dass das Serum anfing zu \u0001 \u0002 Werwolf ver\u00e4nderte immer mehr sein Aussehen. Im Gesicht waren fast keine Haare mehr vorhanden und dann begann das Gesicht immer menschlicher zu wirken. Die Rei\u00dfz\u00e4hne waren schon verschwunden. Pl\u00f6tzlich h\u00f6rte diese Kreatur auf zu br\u00fcllen. Sein Kopf fiel schlaff runter und der Oberk\u00f6rper verlor den Halt und blieb halb \u00fcber den Fensterrahmen \u0001 \u0002 Ekel sah ich wie der K\u00f6rper sich immer mehr ver\u00e4nderte und menschlicher wurde. Jack hatte sich an mich gepresst und zitterte vor \u0001 \u0002 Hintergrund h\u00f6rte ich Katrin \u0001 \u0002 stand langsam auf und zog dann Jack vom Boden hoch. Dieser klammerte sich an mich. Ich dr\u00fcckte ihn fest an meinen \u0001 \u0002 lie\u00df Jack mich langsam los und ich ging vorsichtig auf den leblosen K\u00f6rper zu. Dieser hing immer noch schlaff \u00fcber dem \u0001 \u0002 ich bei ihm war hob ich langsam den Kopf. Dann sah ich in das Gesicht von Michael. Tr\u00e4nen traten mir in die Augen und ich fing an um Hilfe zu schreien. Jack, Mario und Katrin kamen halb z\u00f6gerlich auf mich zu. Als Katrin und Jack Michael auch erkannten, halfen sie mir ihn durch das kaputte Fenster zu \u0001 \u0002 wir ihn endlich in der H\u00fctte hatten, nahm ich ihn auf meine Arme und trug ihn zum \u0001 \u0002 legte ihn darauf und deckte seinen nackten K\u00f6rper \u0001 \u0002 atmete ruhig, wie es aussah hatte das Serum tats\u00e4chlich \u0001 \u0002 konnten wir nur noch hoffen, dass Mario und seine Freunde ein Gegenmittel fanden, das den Parasit \u0001 \u0002 setzten uns erstmal an den Kamin und Mario holte eine Whiskyflasche aus seinem Rucksack. Diese ging dann \u0001 \u0002 sagte Katrin leise: \u201eWir haben es geschafft. Das Serum wirk!\u201cVom Bett her kam pl\u00f6tzlich ein St\u00f6hnen. Mario stand auf und nahm eine der Spritzen die wir f\u00fcr alle F\u00e4lle bereitgelegt \u0001 \u0002 ging auf Michael zu der sich unruhig im Bett bewegte. Als Mario bei Michael war, nahm er dessen Arm und spritzte ihm das Serum. Kurz darauf wurde Michael etwas ruhiger und Mario kam wieder zu uns.\u201eWas machen wir, wenn Michael aufwacht?\u201c fragte ich in die Runde.\u201eDann werden wir ihm alles erkl\u00e4ren und werden mit ihm nach Dublin zur\u00fcck fliegen!\u201c sagte Mario.\u201eUnd wie geht\u2019s dann weiter?\u201c fragend sah Jack Mario an.\u201eWir werden ihn bei uns im Labor erstmal untersuchen und hoffen, dass wir ihn mit dem Serum so stabilisieren, dass er f\u00fcr sich und andere keine Gefahr darstellt! Vorerst!\u201c erwiderte Mario und nahm dabei Katrin in den Arm.\u201eSo Leute es ist ziemlich sp\u00e4t und morgen fr\u00fch haben wir noch einiges zu kl\u00e4ren! Wer beginnt als erster mit der Wache?\u201c fragte Mario.\u201eIch werde als erster beginnen!\u201c sagte ich und stand auf.\u201eOk dann machen wir uns es etwas bequemer!\u201c sagte Jack und stand auf um die Decken zu holen, die wir mitgenommen \u0001 \u0002 nahm mir einen Stuhl und setzte mich neben das Bett, in dem Michael lag. Mittlerweile schlief Michael ruhig und \u0001 \u0002 anderen legten sich auf dem Boden am Kamin und bald war nur noch ich wach. Da ich nicht m\u00fcde war, beschloss ich die anderen schlafen zu lassen und bis zum n\u00e4chsten morgen zu wachen.",
            "wordcount": "2.795",
            "chapter_release": "15.10.2015",
            "chapter_number": "9"
        }
    },
    "title": "Die Kreatur Teil 2",
    "topic": "unspecified",
    "release": "\n31.03.2012\n\t\t\t\t\t\t",
    "author": "Joerschi"
}