{
    "tags": [],
    "chapcount": "4",
    "wordcount": "12.596",
    "chapters": {
        "1": {
            "text": "\u00bbUnd sperrt man mich ein im finsteren \u0001 \u0002 alles sind rein vergebliche Werke;denn meine Gedanken zerrei\u00dfen die Schrankenund Mauern entzwei:die Gedanken sind frei\u00ab- Deutsches Volkslied -",
            "wordcount": "31",
            "chapter_release": "02.02.2020",
            "chapter_number": "1"
        },
        "2": {
            "text": "Um kurz vor drei an diesem Morgen, knapp einen Monat, nachdem der frischgebackene Familienvater Kurt Cobain sich das Hirn aus dem Sch\u00e4del gepustet hatte, \u00f6ffnete George Harker das Fenster seines Zimmers und kletterte mit flie\u00dfenden, routinierten Bewegungen hinaus, beinahe v\u00f6llig ger\u00e4uschlos. Drau\u00dfen waren es keine zehn Grad. \u00dcber Songs, die von romantisch-warmen Sommern\u00e4chten handelten, konnte man an der kanadischen Atlantikk\u00fcste nur lachen. Aber George war hier geboren. Er war so gut an das Klima gew\u00f6hnt wie die Seem\u00f6wen, die best\u00e4ndig \u00fcber die Insel segelten und kreischten. Au\u00dferdem war die Aufregung, die er empfand gro\u00df genug, um alles andere in den Hintergrund zu dr\u00e4ngen. Er stand am Scheideweg. Heute war der wichtigste Tag seines Lebens. Er konnte es k\u00f6rperlich f\u00fchlen. Nur ein kurzer Weg trennte ihn von einer Verabredung, die alles \u00e4ndern w\u00fcrde. Und niemand sonst wusste von all dem, schon gar nicht seine \u0001 \u0002 war bei weitem nicht das erste Mal, dass er sich zu sp\u00e4ter Stunde aus dem Haus schlich. Seine Eltern hatten ihn nur ein einziges Mal ertappt und das war schon \u00fcber ein Jahr her. Er war unvorsichtig gewesen und hatte seine Strafe daf\u00fcr kassiert, wenn man es denn so nennen wollte. Seine Eltern schienen es l\u00e4ngst aufgegeben zu haben, wirklich konsequent mit ihm umzugehen. Sein Vater hatte seinen Job verloren und sa\u00df manchmal die ganze Nacht apathisch vor dem Fernseher, wankte um f\u00fcnf Uhr ins Bett und verschlief den Tag. Beinahe jeder hier hatte seinen Job verloren. Schuld war der Kabeljau. Und Schuld waren die gro\u00dfen Fischerei-Konzerne mit ihren gewaltigen Trawlern, die das Meer um die Insel herum so leer gefegt hatten, dass es sich kaum mehr lohnte hinauszufahren. Die Fischbest\u00e4nde waren in der Achtzigern bereits merkbar zur\u00fcckgegangen. Fangquoten waren erlassen worden. Vor zwei Jahren hatte die Regierung ein allgemeines Fangverbot erlassen, um die Best\u00e4nde sich erholen zu lassen. Wenn man sich heute allein auf dieser Insel umsah, hatte man wenig vertrauen, dass sich irgendetwas je wieder erholen w\u00fcrde. Im alten Hafen d\u00fcmpelten dutzende von Fischerbooten seit Monaten oder Jahren ungenutzt vor sich hin. Die Kooperative von Kempton Rock, in der die einzelnen Familien seit Jahrzehnten organisiert waren, um die Interessen der einheimischen Fischerei durchzusetzen, hatte effektiv aufgeh\u00f6rt zu existieren. Die Arbeitslosenquote pendelte seit zwei oder drei Jahren best\u00e4ndig zwischen f\u00fcnfzig und sechzig Prozent. Die Gemeinde schien ihren Lebenswillen verloren und sich damit abgefunden zu haben, langsam zu verrotten, so wie die Boote im \u0001 \u0002 schw\u00e4nzte den Unterricht an der Richard B. Bennett High School zurzeit etwa dreimal die Woche, was kaum auffiel, da es ohnehin an Lehrern mangelte und viele Stunden einfach ausfielen. Nach seinen Noten fragten die Eltern schon lange nicht \u0001 \u0002 es doch einmal Hausarrest gab, fand sich f\u00fcr George immer ein Weg, die Zeit totzuschlagen. Meistens der gleiche. In seinem Kleiderschrank, verborgen hinter einem hoffnungslosen Chaos aus wild durcheinander geworfenen Kleidungsst\u00fccken, lagerten st\u00e4ndig mindestens zwei Sixpacks Labett's Blue und hin und wieder auch eine Flasche Whiskey. George war erst f\u00fcnfzehn, aber es war ein offenes Geheimnis dass jeder Jugendliche auf dieser gottverlassenen Insel fr\u00fch anfing zu saufen. Man sprach nicht dar\u00fcber und es wurde nat\u00fcrlich auch niemandem unter einundzwanzig Alkohol \u00fcber dem Ladentisch verkauft, aber jeder hatte seine Quellen. Bis kurzem hatte er sich immer auf Finn Spencer. Er war vermutlich Georges einziger richtiger Freund, obwohl George beinahe sieben Jahre j\u00fcnger war als er. F\u00fcr Finn war es immer leicht gewesen, Alkohol unter der Nase seiner \u00e4lteren Schwester Kelly, die den General Store leitete, wegzuschaffen. Aber Finn war nicht mehr da. Er hatte sich f\u00fcr mehrere Jahre bei der Armee verpflichtet und verbrachte den Gro\u00dfteil seiner Zeit nun damit auf irgendeinem Truppen\u00fcbungsplatz in Manitoba durch den Matsch zu kriechen. Er hatte ein paar Briefe in die Heimat geschrieben. Der Dienst sei zwar anstrengend und einige seiner Vorgesetzten k\u00f6nne er auf den Tod nicht ausstehen, aber zumindest war er endlich aus der Enge und Trostlosigkeit befreit, die das Leben auf Kempton Rock \u0001 \u0002 kam George meistens \u00fcber seinen Kumpel Marty Donnow an seine Getr\u00e4nke. Weniger ein Kumpel. Mehr ein Bekannter. Und eigentlich auch weniger ein Bekannter als ein Fu\u00dfabtreter. Marty arbeitete halbtags in Spencer's General Store an der Carter Street und besa\u00df ein R\u00fcckgrat, das aus Butter zu bestehen schien. George war um einige Jahre j\u00fcnger als er und ein ganzes St\u00fcck kleiner, aber Marty lie\u00df sich immer wieder ersch\u00fctternd leicht \u00fcberreden, die Vorschriften zu brechen. Es reichte schon, etwas unter anderen Umst\u00e4nden v\u00f6llig belangloses zu sagen, das bei ihm tief ins Fleisch schnitt.\u00bbNa, Marty, wie war dein Wochenende?\u00ab oder \u00bbUnd, wie l\u00e4uft's so mit den Weibern, Marty?\u00ab waren nur zwei Beispiele, die \u00f6fter zogen. Mit den Weibern lief nat\u00fcrlich nichts, das wusste jeder. Martys von Aknenarben entstelltes Gesicht und seine generelle Sch\u00fcchternheit stellten anscheinend un\u00fcberwindbare Hindernisse da. Wenn man also den richtigen Nerv und den richtigen Ton getroffen hatte, lie\u00df sich Marty im weiteren Verlauf des Gespr\u00e4chs zu so ziemlich allem \u00fcberreden. Meistens dazu, kurz vor Ladenschluss ein paar Flaschen Bier unauff\u00e4llig am Hinterausgang des Ladens zu deponieren, wo George sie abholen \u0001 \u0002 er sich so leicht \u00fcberreden lie\u00df? Vielleicht weil George zu den wenigen Leuten geh\u00f6rte, die tats\u00e4chlich mit ihm redeten. Bei sehr einsamen Menschen stellte ein bisschen Aufmerksamkeit ein m\u00e4chtiges Druckmittel dar. Vielleicht wollte er sich auch selbst verzweifelt beweisen, dass doch ein kleines F\u00fcnkchen Rebellion in seinem langweiligen Leben vorhanden war. Er brauchte nur jemanden wie George, der ihn dazu anregte, indem er Marty daran erinnerte, wie j\u00e4mmerlich sein Leben war. Das war nat\u00fcrlich in hinterh\u00e4ltigster Weise manipulativ, aber George empfand keinerlei Reue dabei. Im Gegenteil. Wer sich manipulieren lie\u00df, f\u00fcr andere Leute die Drecksarbeit zu machen, war in seinen Augen selbst schuld. Sicher, Marty war ein Au\u00dfenseiter, aber das war George auch in vielerlei Hinsicht. Man musste lernen, aus seinen Umst\u00e4nden das beste \u0001 \u0002 geh\u00f6rte, dass man die wenigen M\u00f6glichkeiten nutzte, die sich einem hin und wieder \u0001 \u0002 damit meinte George sicher nicht, sich f\u00fcr eine Ausbildung in der Werkstatt von Mr. Maysfield zu bewerben, wozu seine Mutter ihn eine Zeit lang gedr\u00e4ngt \u0001 \u0002 dem Mann, mit dem er nun verabredet war, hatte er bis vor kurzem noch weniger gehalten als von Marty. Pfarrer Aldous Pierre Mullany, der runzlige, in sich zusammengesunkene Geistliche, war f\u00fcr George immer der Inbegriff von widerlich gen\u00fcgsamem Spie\u00dfertum und Traditionalismus gewesen. Seine sonnt\u00e4glichen Predigten waren langweilig im Inhalt und unertr\u00e4glich monoton in der Vortragsweise. Er m\u00fcmmelte seine Worte, wie es alte Leute oft tun. Er war beinahe achtzig und bekleidete sein Amt bereits, wie man so sch\u00f6n sagte, seit Menschengedenken. Die \u00c4lteren nannten ihn ehrfurchtsvoll die S\u00e4ule der Inselgemeinde, den Fels in der Brandung und eine ganze Menge anderen arschkriecherischen Schei\u00df. Auch in ihrer wirtschaftlich schweren Lage lie\u00dfen sich die Leute von Kempton Rock es sich nicht nehmen, w\u00f6chentlich die Kirche zu besuchen. Selbst Georges Vater stand daf\u00fcr morgens auf und duschte sogar. Doch in Georges Augen war der Pfarrer nur ein scheinheiliger und mittlerweile sicher auch ein seniler alter \u0001 \u0002 ein paar Wochen hatte sich das alles ge\u00e4ndert. An einem Sonntagmorgen, als er wieder einmal auf der Kirchenbank sitzend gegen den Schlaf ank\u00e4mpfte, fiel ihm auf, dass der Pfarrer ihn direkt anzustarren schien, w\u00e4hrend er vorn am Altar stand und dr\u00f6ge Worte z\u00e4h aus seinem Mund \u0001 \u0002 und wieder lie\u00df der Pfarrer seinen Blick schweifen, aber immer wieder kehrte er zu George zur\u00fcck. Es wurde dem Jungen schnell unangenehm, aber es vertrieb zumindest jede Spur von \u0001 \u0002 Ende des Gottesdienstes, als die Gemeinde den Saal verlie\u00df und jeder dieser Schleimschei\u00dfer Mullany am Ausgang mit H\u00e4ndedruck f\u00fcr seine Predigt dankte, hatte der Pfarrer unvermittelt gesagt: \u00bbAch, George, magst du noch eine Weile bleiben? Ich w\u00fcrde mich gerne mit dir unterhalten.\u00ab George hatte fragend seine Eltern angesehen, aber die schienen auch nicht zu wissen, worum es ging. Oder vielleicht taten sie auch nur so. Oh Gott, dachte er. Bitte keine Intervention. Zu Mullany sagte er: \u00bb\u00c4h, nat\u00fcrlich. Gerne.\u00ab Das zweite Wort war so schamlos gelogen, dass ihm fast selbst davon schlecht wurde. Einige Minuten sp\u00e4ter war endlich auch der letzte Kirchg\u00e4nger verabschiedet und sie alle zogen zur\u00fcck ins Dorf, um den Sonntag angemessen totzuschlagen. Das Red Maple w\u00fcrde zweifellos wieder gut besucht sein. Neben der Religion war auch auf den Alkohol in jeder Lebenslage \u0001 \u0002 f\u00fchrte George zur\u00fcck in die Kirche und bat ihn, Platz zu nehmen. Er selbst blieb stehen. Die B\u00e4nke waren alt und hart und der Junge hatte sich unter dem schmerzverzerrten Blick des geschnitzten Jesus \u00fcber dem Altar noch nie wohlgef\u00fchlt. Er stellte sich auf eine lange Rede \u00fcber die Schlechtigkeit des Alkohols ein oder \u00fcber die teuflischen Auswirkungen von Rockmusik oder dar\u00fcber, wie wichtig es war, sich \u00fcber die Zukunft Gedanken zu machen. Vielleicht wollte er George \u00fcber den Sommer in ein katholisches Jugendlager in Labrador oder im l\u00e4ndlichen New Brunswick schicken, wo er zusammen mit anderen verlorenen Seelen auf den rechten Pfad zur\u00fcckgef\u00fchrt werden sollte, denn es machten sich ja alle solche Sorgen um ihn. Besonders seine arme \u0001 \u0002 konnte die Worte fast schon h\u00f6ren, bevor der Pfarrer zu sprechen begonnen hatte, aber dann wurde der Junge doch \u00fcberrascht. Mullany sprach nicht \u00fcber unterw\u00fcrfige christliche Moral oder Abstinenz. Er sprach von Macht. Er sprach von dunklen Geheimnissen aus fernster Vergangenheit und von Kr\u00e4ften jenseits der menschlichen Vorstellungskraft. Er sprach von dem, was mit den \u00dcberresten der Verstorbenen auf dieser Insel geschah. Ein Geheimnis, in das man normalerweise erst mit Beginn des Erwachsenenalters eingeweiht wurde und auch dann nur in Ans\u00e4tzen. Er m\u00fcmmelte die Worte auch nicht lustlos vor sich hin, wie er es sonst tat, sondern sprach mit ernstem und vor allem, ernstzunehmenden Ausdruck. Es war, als w\u00e4re er ein v\u00f6llig anderer Mensch. Tats\u00e4chlich war ein guter Redner in diesem zerknitterten Mann verborgen. Sogar mehr als das. Ein Geheimnistr\u00e4ger. Der H\u00fcter einer verborgenen Welt, deren Zugang sich hier, auf der langweiligsten Insel Nordamerikas befinden \u0001 \u0002 Wort \u00bbSkiaren\u00ab fiel w\u00e4hrend dieser Unterhaltung nur ein oder zweimal und auch viele andere Themen blieben nur vage angedeutet, aber George war so gefesselt, dass ihn das kaum st\u00f6rte. Sein jugendlicher Zynismus, der normalerweise jede ehrliche Begeisterung unterdr\u00fcckte, war wie weggefegt, obwohl viel von dem, was der Mann erz\u00e4hlte enorm weit hergeholt klang. Aber er besa\u00df ein gewaltiges \u0001 \u0002 sagte, George solle sein Nachfolger f\u00fcr Pfarramt werden. Dies w\u00fcrde f\u00fcr George Macht bedeuten. Macht, in \u00e4hnlicher Weise, wie er sie bereits \u00fcber Marty Donnow besa\u00df, aber auf dem Ma\u00dfstab des ganzen Dorfes. Macht \u00fcber all diese kleingeistigen Menschen mit ihren verklemmten Idealen. Und sp\u00e4ter noch mehr. Noch viel mehr. George war wie elektrisiert. Was Mullany ihm bot, war in erster Linie ein Zweck in seinem Leben. Das allein w\u00e4re schon mehr als genug gewesen, aber zusammen mit all den anderen Vorteilen, die es mit sich brachte, konnte er \u00fcber nicht anders als \u0001 \u0002 dieser Nacht sollte es endg\u00fcltig beschlossene Sache werden. Die H\u00e4nde in den Jackentaschen erreichte George etwa um zehn nach drei die Kirche. Mullany hatte wie verabredet auf ihn gewartet.\u00bbIch bin froh, dass du es geschafft hast\u00ab, begr\u00fc\u00dfte der Pfarrer ihn.\u00bbIch h\u00e4tte mich durch nichts aufhalten lassen\u00ab, erwiderte George und grinste. Der Ausdruck war von einer unersch\u00fctterlichen Arroganz und Selbst\u00fcberzeugung, wie nur Jugendliche sie in ihren h\u00f6chsten Moment empfinden k\u00f6nnen. Das Gef\u00fchl von Weitsicht. Das Gef\u00fchl, die Welt v\u00f6llig durchschaut zu haben und sie beherrschen zu k\u00f6nnen. Nat\u00fcrlich waren derartige Illusionen von Mullanys Enth\u00fcllungen nur befeuert worden. Den Alten schien es nicht zu \u0001 \u0002 f\u00fchrte er den Jungen nicht in die Kirche, sondern in das reichlich heruntergekommene Pfarrhaus, dass direkt nebenan stand. Es war sehr alt. Tats\u00e4chlich \u00e4lter als Mullany selbst, so schwer das auch zu glauben war. Fr\u00fcher hatten George und seine Schulkameraden sich oft mit unr\u00fchmlichen Vergleichen zwischen dem vermoderten Mann und seinem vermoderten Haus am\u00fcsiert, aber sein Respekt f\u00fcr Mullany war so weit gewachsen, dass er so etwas heute nicht einmal mehr in Gedanken wagte. Das Haus blieb dennoch h\u00e4sslich. Von au\u00dfen und \u2013 wie er nun zum ersten Mal feststellen durfte \u2013 auch von innen. Die schrecklich altmodische Einrichtung des Wohnzimmers war aber Nebensache.\u00bbIch habe schon alles vorbereitet\u00ab, sagte Mullany und f\u00fchrte George schlurfend an seinen Schreibtisch. Die kleine Lampe auf dem Tisch war die einzige Lichtquelle in dem ansonsten v\u00f6llig dunklen Raum. Ihr Schein lenkte den Blick unweigerlich auf das St\u00fcck Papier, dass dort \u0001 \u0002 N\u00e4herkommen sah George, dass es \u00fcbers\u00e4t war mit eigenartigen Symbolen, die in ihrer Fremdartigkeit an nichts bekanntes erinnerten und die nur sehr vage \u00fcberhaupt als eine Form von Schrift zu erkennen waren. \u00bbBevor du endg\u00fcltig zustimmst und dich verpflichtest, muss ich dir noch einmal sicher gehen, dass du dir allen Gefahren und Pflichten bewusst bist\u00ab, sagte Mullany und legte George eine knochige Hand auf die Schulter. Seine runzligen Augen fixierten die des Jungen gnadenlos.\u00bbUm mit dem einfachsten Anzufangen: Du musst deine Schulleistung verbessern. Du musst ein offizieller katholischer Priester werden und dazu ben\u00f6tigst du die entsprechenden Studienabschl\u00fcsse. Es wird nicht leicht f\u00fcr dich, wie ich mir vorstellen kann. Ehrlich gesagt, meine Wahl w\u00e4rst du nicht gewesen. Aber es lag auch nicht in meiner Macht.\u00abGeorge war \u00fcberrascht. \u00bbDie... Skiaren haben mich ausgew\u00e4hlt?\u00abMullany nickte. \u00bbDie \u00fcberlassen nichts dem Zufall. Du musst irgendeine Qualit\u00e4t besitzen, die sie \u00fcberzeugt hat.\u00abDie M\u00f6glichkeit, dass die unbekannten Kreaturen von irgendwo hinter dieser Welt ihn offenbar beobachtet und gezielt ausgew\u00e4hlt hatte, bereitete George eine G\u00e4nsehaut. Sahen sie auch jetzt gerade zu? Vielleicht waren sie ganz in der N\u00e4he.\u00bbWir sind leider an den Katholizismus mit seinen Vorschriften gebunden\u00ab, fuhr Mullany fort, nicht ohne eine gewisse Reue in der Stimme. \u00bbDas Z\u00f6libat ist genauso frustrierend, wie man es sich vorstellt, aber es gibt immer M\u00f6glichkeiten, heimlich Abhilfe zu schaffen. Was niemand sieht...\u00abEr winkte ab. \u00bbDu wirst lernen damit umzugehen. Das hoffe ich zumindest.\u00abGeorge nickte zustimmend. Heimlich trinken und masturbieren, das beherrschte er bereits. Der Gedanke, es in diesem Leben nie wieder mit einem M\u00e4dchen machen zu k\u00f6nnen, war nicht sch\u00f6n, aber wenn all das stimmte, was Mullany von der Zeit nach der \u00dcbernahme der Skiaren erz\u00e4hlt hatte, w\u00fcrde dieser Verzicht mehr als aufgewogen werden.\u00bbAm allerwichtigsten ist, du darfst sie nie untersch\u00e4tzen. Niemals. Sie sind unsere Herren. Sie erwarten absoluten Gehorsam und f\u00fcr seine Dienste belohnt werden will, sollte lieber keinen Fu\u00df breit \u00fcber die Linie treten. Die Kirche auf dieser Insel ist nicht mehr als eine Fassade, die ausschlie\u00dflich den Zwecken der Skiaren dient. Also werde auf keinen Fall zu ambitioniert, mein Junge, sonst kann es gut passieren, dass sie dich vor deiner Zeit holen und du genauso leer ausgehst wie das andere Schlachtvieh, mit dem wir hier zusammenleben.\u00abDass Mullany den Rest der Gemeinde als Schlachtvieh bezeichnete, kam George vor wie ein sehr spartanischer \u00dcbergangsritus. Er, George Harker, war nun nicht mehr einer der Normalb\u00fcrger, deren Leichen nach ihrem Tod f\u00fcr finstere Zwecke geerntet wurden. Er w\u00fcrde ein Priester werden. Er hatte eine Zukunft vor sich, die \u00fcber das einfache Menschsein hinausging. Er war, mit einem Wort, besser. Die anderen wussten es zwar nicht. Noch nicht. Aber er stand dennoch \u00fcber ihnen, denn er wusste um ihr Schicksal und noch soviel mehr. Dieses Gef\u00fchl von \u00dcberlegenheit war berauschender als alles, was er je gekannt hatte. Vielleicht w\u00fcrde es unter diesen Umst\u00e4nden sogar leicht werden, mit dem Trinken \u0001 \u0002 Mullanys letzte Worte eigentlich eine Warnung und keine Ermutigung gewesen waren, st\u00f6rte sein Hochgef\u00fchl kein bisschen. \u00bbIch verstehe\u00ab, versicherte \u0001 \u0002 lie\u00df seine Augen noch einige Sekunden auf ihm ruhen, nahm dann endlich die absto\u00dfende knochige Hand von seiner Schulter. Er wandte sich dem Schreibtisch zu und griff zittrig nach einem Gegenstand, der unerkannt im Dunkeln lag. Es war ein handels\u00fcblicher Brief\u00f6ffner. Die Klinge blitzte hell auf, so wie der Schein der Lampe auf sie fiel.\u00bbKeine Sorge. Ist desinfiziert.\u00ab, erkl\u00e4rte er. \u00bbDer Pakt wird mit Blut geschlossen. Aufs Lebenszeit. Gib mir deine Hand.\u00ab Z\u00f6gernd streckte George seinen linken Arm aus. Der alte Pfarrer packte ihn fester als n\u00f6tig am Gelenk und zog ihn heran, sodass seine Hand nun \u00fcber dem Dokument auf dem Tisch hing.\u00bbDu musst nichts schreiben. Es kommt nur auf das Blut an. Bereit?\u00abEin Kopfnicken oder Kopfsch\u00fctteln w\u00fcrde nun also \u00fcber den Pfad entscheiden, den er im Leben und dar\u00fcber hinaus gehen w\u00fcrde. Vermutlich k\u00f6nnte nur der unger\u00fchrte Verstand eines jungen Menschen eine Entscheidung von solcher Tragweite leichtfertig \u0001 \u0002 nickte und n\u00e4chsten Augenblick sp\u00fcrte er einen stechenden Schmerz in der Handfl\u00e4che. Er verkrampfte sich reflexartig, aber Mullanys Griff stellte sicher, dass seine Hand in Position blieb. Aus einem l\u00e4nglichen Schnitt fielen mehrere dicke Tropfen auf das Blatt. Mein Gott, wie viel ist denn n\u00f6tig?, dachte George. Aber derartige Gedanken wurden sofort von dem verdr\u00e4ngt, was er als n\u00e4chstes beobachtete. So wie die roten Tropfen auf das Dokument fielen, verf\u00e4rbten sie sich schwarz und wurden \u2013 in Ermangelung eines besseren Wortes \u2013 \u0001 \u0002 waren von derselben Farbe wie die Tinte und schon im n\u00e4chsten Moment h\u00e4tte man glauben k\u00f6nnen, die Flecken w\u00e4ren schon immer Teil der Schrift gewesen. Der Pakt war unverr\u00fcckbar f\u00fcr die Ewigkeit geschlossen.\u00bbIch habe Verbandszeug da\u00ab, sagte Mullany unger\u00fchrt. George sah auf. \u00dcber seine Verwunderung hatte er den Schmerz f\u00fcr wenige Sekunden v\u00f6llig vergessen, doch nun kehrte dieser w\u00fctend zur\u00fcck. Er hinterfragte das seltsame Ph\u00e4nomen nicht, dessen Zeuge er geworden war. Er sp\u00fcrte, dass auch Mullany bei weitem nicht alles wusste, was zu dieser Sache \u0001 \u0002 Pfarrer verband seine Hand und brachte ihn dann zur T\u00fcr.\u00bbAm besten sagst du einfach, du w\u00e4rst gest\u00fcrzt oder so was. Und nimm ernst, was ich dir gesagt habe\u00ab, ermahnte er ihn noch einmal streng.\u00bbDas werde ich\u00ab, erwiderte George mit aller Entschlossenheit. Er w\u00fcrde diesen Weg gehen, der ihm bestimmt worden war. Er w\u00fcrde die Entbehrungen und Herausforderungen \u0001 \u0002 Aufregung schlug der Junge den Weg zur\u00fcck ins Dorf ein. Diese verdammte Insel, die er noch nie hatte leiden k\u00f6nnen, schien ihm auf einmal noch wesentlich kleiner und wesentlich verachtenswerter als je zuvor. Aber nur durch den Kontrast zu seiner eigenen Gr\u00f6\u00dfe, da war er sich sicher.",
            "wordcount": "3.002",
            "chapter_release": "02.02.2020",
            "chapter_number": "2"
        },
        "3": {
            "text": "Das rechteckige Loch im Boden stach aus der schneebedeckten Wiese schon aus gro\u00dfer Entfernung hervor. Es war gut zwei Meter lang, einen Meter breit und zwei Meter tief und befand sich unmittelbar hinter der Kirche, die seit Jahrhunderten am Rand dieser sanft abfallenden K\u00fcste stand. An dem schmaleren Ende des Loches, das dem Meer zugewandt war, lag ein beinahe naturbelassener Stein, in den die Worte WINSTON WILLIAM SHEEHAN 15. JULI 1965 \u2013 8. DEZEMBER 2019 eingemei\u00dfelt waren, offenbar von sehr unerfahrenen H\u00e4nden. Die Fl\u00fcgelt\u00fcren am Haupteingang der Kirche wurden ge\u00f6ffnet. Aus ihr heraus drangen die m\u00e4chtigen Kl\u00e4nge der Orgel und verwehten augenblicklich im kalten Wind. Der Organist qu\u00e4lte eine etwas zu schrille Version von The Rare Ould Times aus seinem Instrument. Eine Prozession von vielleicht sechzig oder siebzig Gestalten zog durch das Portal aus und hin\u00fcber zum vorbereiteten Grab, angef\u00fchrt von einer kleinen Gruppe, die den in ein wei\u00dfes Betttuch eingewickelten Winston W. Sheehan zwischen sich trug. George Harker, seit fast zehn Jahren Pfarrer der Gemeinde Kempton Rock, l\u00f6ste sich aus der Prozession und trat zu dem improvisierten Grabstein. Er sah sich einer Masse tr\u00fcber Gesichter gegen\u00fcber, aus denen Trauer und Unsicherheit sprachen. Es war die erste Beerdigung, die diese Insel seit ihrer Besiedlung vor \u00fcber 250 Jahren erlebte und niemand wusste so recht damit umzugehen. Am allerwenigsten der Pfarrer selbst. Aber wie es seine Art war, gelang es Harker seine eigentlichen Emotionen unter der Maske priesterlicher Gelassenheit zu verbergen. Er sprach ein kurzes Gebet, segnete den Verstorbenen ein letztes Mal, dann wurde Winston Sheehan mithilfe von drei gespannten Seilen sanft in das kalte Loch hinabgelassen und der Erde \u00fcbergeben. Die versammelte Trauergemeinde sah ihm nach, in stiller Sorge um die \u0001 \u0002 die anderen sich kurz darauf bereits daran machten, das Grab zuzusch\u00fctten, kam Sylvia Sheehan, die Tochter des Verstorbenen, zu George hin\u00fcber, der sich etwas Abseits \u0001 \u0002 war eine rothaarige, gut gebaute Frau von zweiundzwanzig Jahren. Sowohl die Haare als auch die ansprechende Bauweise waren jetzt unter dem dunklen Stoff ihres dicken Wintermantels verborgen und ihr h\u00fcbsches Gesicht war von einem Ausdruck tiefer Verzweiflung entstellt. Auf einer rein \u00e4sthetischen Ebene tat das George sogar leid. Frauen wie Sylvia waren der Grund, dass ihm das verdammte Z\u00f6libat manchmal wie der gr\u00f6\u00dfte Fluch seiner Existenz erschien.\u00bbHerr Pfarrer? Haben Sie einen Moment?\u00ab, fragte die Frau mit belegter Stimme.\u00bbJa, \u0001 \u0002 gibt es?\u00ab, erwiderte George in salbungsvollem, einladenden Ton, obwohl ihm der Sinn \u00fcberhaupt nicht danach stand hier drau\u00dfen in der K\u00e4lte zu diskutieren.\u00bbWir hatten gehofft, dass Sie in Ihrer Predigt darauf eingehen w\u00fcrden, aber... Haben Sie vielleicht eine Antwort darauf gefunden, was das bedeuten mag? Warum die Skiaren meinen Vater nicht zu sich geholt haben?\u00ab Auch das noch..., dachte George bitter. Laut sagte er nach einer kurzen Denkpause: \u00bbNun, sicher werden sie ihre Gr\u00fcnde daf\u00fcr haben. So wie der Herr seinen Grund hatte, die Seele deines Vater so fr\u00fch zu sich zu holen, so werden sicher auch die Skiaren einen Grund haben, seinen K\u00f6rper bei uns zu belassen. Und beide Gr\u00fcnde k\u00f6nnen wir nicht wissen\u00ab\u00bbAber so etwas ist doch bei uns noch nie passiert\u00ab, harkte Sylvia nach. Sie klang beinahe emp\u00f6rt.\u00bbVielleicht sollten wir das nicht als etwas negatives interpretieren. Vielleicht ist dies der Beginn einer neuen Zeit f\u00fcr uns, in der die Skiaren von uns ablassen. Ich wei\u00df nicht mehr als du. Aber ich versuche immer hoffnungsvoll zu bleiben und mich im Glauben nicht ersch\u00fcttern zu lassen.\u00abDer letzte Satz war fast schon ein Ausdruck seiner pers\u00f6nlichen Frustration gewesen. Seit Jahren wandten sich gerade die j\u00fcngeren Leute von der Autorit\u00e4t der Kirche ab, wollten die Insel entweder ganz verlassen oder forderten zumindest eine genauere Aufkl\u00e4rung \u00fcber die ganze Skiaren-Angelegenheit. George konnte sich in solchen F\u00e4llen nur d\u00fcmmer stellen als er war und behaupten, er w\u00fcsste nicht mehr als alle anderen, was seiner Autorit\u00e4t nat\u00fcrlich nicht gerade zutr\u00e4glich war. Die Pfade der Skiaren liegen im Verborgenen konnte aufgekl\u00e4rte Menschen des 21. Jahrhunderts leider genauso wenig zufriedenstellen wie Die Wege des Herrn sind unergr\u00fcndlich. Es war ein echter Drahtseilakt, die alten Gegebenheiten aufrecht zu erhalten.\u00bbMs. Sheehan, Ver\u00e4nderungen k\u00f6nnen uns immer verunsichern. Selbst, wenn sie Gutes verhei\u00dfen k\u00f6nnten. Wir m\u00fcssen Vertrauen haben, das die Dinge sich so entwickeln, wie sie es sollten.\u00ab Sylvia machte einen wenig \u00fcberzeugten Eindruck. Bevor sie zu einer Erwiderung ansetzen konnte, kam der Pfarrer ihr zuvor: \u00bbHaben Sie jemals von einem Mann namens Gottfried Leibniz geh\u00f6rt?\u00abMs. Sheehan sch\u00fcttelte irritiert den Kopf.\u00bbDas war ein deutscher Mathematiker. Und dar\u00fcber hinaus ein Philosoph. Ich habe w\u00e4hrend meines Studiums eine Arbeit \u00fcber ihn geschrieben. Leibniz entwickelte die Vorstellung, Gott habe das Universum wie eine Art Uhrwerk erschaffen. Die Sterne und Planeten rasen umeinander wie sich die Zahnr\u00e4der in einer Mechanik drehen und alles bewegt sich immerfort in den strengen Bahnen der Naturgesetze, ohne Abweichungen. Gott konstruierte also diese unglaublich komplexe Kosmos-Maschine und setzte sie in Gang. Seitdem l\u00e4uft das Ganze vor sich hin, ohne dass der Allm\u00e4chtige in das Geschehen eingreifen m\u00fcsste, wenn er nicht gerade will. F\u00fcr Leibniz war das die Erkl\u00e4rung f\u00fcr die unab\u00e4nderliche, zusammenh\u00e4ngende Logik der verschiedenen Naturgesetze. Ich mag diese Erkl\u00e4rung aber vor allem deswegen, weil sie jedem Zahnrad, jeder Schraube, jedem noch so kleinen Element in dieser Kosmos-Maschine, das hei\u00dft, jedem einzelnen von uns einen festen Platz im g\u00f6ttlichen Plan und einen sicheren Daseinszweck zuschreibt. Nichts ist Zufall und nichts ist ohne Sinn.\u00abObskure Philosophen aus dem 17. Jahrhundert zu zitieren bedeutete nat\u00fcrlich, sich auf sehr d\u00fcnnes Eis zu begeben. In den vergangenen Jahren hatte George fast schon eine Kunst daraus gemacht, kritische Fragen entweder abzuwimmeln oder in einer Flut von theologischem Bla-bla zu ertr\u00e4nken. Und wie mit allen anderen Kunstformen waren die Ergebnisse auch in dieser mal mehr und mal weniger erfolgreich. Sylvia Sheehan schien diese Antwort jedenfalls nicht zufriedenzustellen. \u00bbIch soll also einfach darauf hoffen, das schon alles seine Richtigkeit hat?\u00ab, fragte sie. Mit einem milden L\u00e4cheln hielt George das silberne Kruzifix hoch, dass er an einer Kette um den Hals trug.\u00bbGlauben\u00ab, verbesserte er. Sylvia \u00fcberlegte einen Moment lang, bevor sie sehr ehrlich sagte: \u00bbIch wei\u00df nicht, ob ich das kann.\u00ab Dann verabschiedete sie sich knapp und begab sich zur\u00fcck zu ihrer Familie. Gut m\u00f6glich, das er gerade ein weiteres Sch\u00e4fchen verloren hatte. George entschied, das dies der richtige Zeitpunkt war, um sich zur\u00fcckzuziehen. Er ging zu dem kleinen, L-f\u00f6rmigen Bungalow hin\u00fcber, der als neues Pfarrhaus diente. Das alte war noch in Mullanys letzten Amtsjahren abgerissen und ersetzt wurden. Dieses neue Geb\u00e4ude war ebenso schmucklos, von geradezu asketischer Form, aber zumindest moderner und dem alten Schutthaufen in so ziemlich jeder Hinsicht \u00fcberlegen. Die Trauergemeinde sch\u00fcttete noch immer unerm\u00fcdlich Erde in das Grab. Winston Sheehan w\u00fcrde f\u00fcr das Ungeziefer im Boden ein nie zuvor gekanntes Festmahl darstellen. Ein Herzinfarkt hatte seinem Leben vor f\u00fcnf Tagen v\u00f6llig unerwartet mit gerade mal 54 Jahren ein Ende gesetzt. Wie das Leben so spielte. Im Gegensatz zu Leibniz glaubte George selbst tats\u00e4chlich nicht daran, dass in derartigen Ereignissen ein h\u00f6herer Sinn lag. Genauso wie mit Kindern, die Krebs bekamen oder vielversprechenden Leistungssportlern, die sich am Beginn ihrer Karriere die Wirbels\u00e4ule brachen, war es einfach nur die ganz normale perverse Ungerechtigkeit, die dieser verfluchten Welt innewohnte. Auch George sah sich \u00e4u\u00dferst ungerecht behandelt. Nachdem die Skiaren \u00fcber so viele Generationen hinweg das gleiche Verhalten an den Tag gelegt hatten, h\u00f6rten sie pl\u00f6tzlich ohne jede Vorwarnung damit auf und \u00fcberlie\u00dfen es George, der Gemeinde eine Erkl\u00e4rung daf\u00fcr liefern, die er nat\u00fcrlich nicht besa\u00df. Ausgerechnet in einer so empfindlichen Zeit. Als die Skiaren nach zwei weiteren N\u00e4chten noch immer nicht auf die Insel gekommen waren, hatte er entschieden, dass ein Schlussstrich gezogen werden musste. Das Thema musste vom Tisch geschafft werden und das hie\u00df, die Leiche musste unter die Erde. Die erste Beerdigung auf Kempton Rock seit der Zeit Burgess Kemptons. George hoffte, dass sich die Gem\u00fcter nun bald wieder beruhigen und kritischen Stimmen verklingen w\u00fcrden. Aber wahrscheinlich erschien ihm das auf lange Sicht nicht. Die Z\u00fcgel drohten ihm zu entgleiten. Es war zutiefst frustrierend. Nicht zuletzt, weil er seit geraumer Zeit mit seiner ganz pers\u00f6nlichen Glaubenskrise zu k\u00e4mpfen hatte. Er hatte Finn Spencer erschossen und ihn zusammen mit seiner Schwester Kelly den Skiaren \u00fcberlassen. Finn war einer der hartn\u00e4ckigsten Kritiker des Systems auf Kempton Rock gewesen, der drauf und dran gewesen war, zur allgemeinen Evakuierung der Insel aufzurufen. George hatte getan, was er tun musste und eine Entscheidung gef\u00e4llt. F\u00fcr Macht und Unsterblichkeit und gegen zwei seiner engsten Freunde. Er bereute es nicht, zumindest f\u00fcr einige Monate. Dann hatten die Alptr\u00e4ume eingesetzt, in denen die Ereignisse der Februarnacht geradezu absurd verzerrte Ausma\u00dfe annahmen. Er schoss nicht nur auf Finn, er wurde Zeuge, wie die Geschwister von den Skiaren bei vollem Bewusstsein zerlegt und wieder zusammengesetzt wurden, in neuer, erschreckender Gestalt. Manchmal gelangte er dabei in jene seltsame Zone zwischen Schlafen und Wachen, in der er wusste, dass er nur tr\u00e4umte und bereits vage die bekannten Umrisse seines Schlafzimmers wahrnahm, aber die Schreie der Verratenen noch immer in seinen Ohren klangen, als w\u00e4ren sie ihm zur\u00fcck in die Wirklichkeit gefolgt. Die Schuld begann schwer auf ihm zu lasten. Sie machte ihn beizeiten instabil und reizbar. Das Bed\u00fcrfnis, sich von den anderen Menschen, die er gr\u00f6\u00dftenteils verachtete, zu isolieren, wuchs. Im Wohnzimmer nahm er im Vorbeigehen die Fernbedienung und schaltete den Fernseher ein. CBNT \u00fcbertrug eine Star-Trek-Episode. \u00dcberraschenderweise war das Raumschiff Enterprise auch diesmal wieder auf einen Planeten gesto\u00dfen, deren Einwohner aussahen wie ganz normale Menschen in Kost\u00fcmen aus Glitzerfolie und Aluminium. Der Fernseher war ein uraltes R\u00f6hrenmodell, dass er zusammen mit dem Rest des Pfarrhauses von Mullany geerbt hatte. Er sah keinen Grund sich einen neueren zu besorgen. Meistens, zum Beispiel jetzt, diente das Ger\u00e4t ihm sowieso nur zur Hintergrundbeschallung. Er setzte seinen Weg in Richtung K\u00fcche fort, blieb jedoch sofort wieder stehen. Etwas stimmte nicht. Etwas am Rande seiner Wahrnehmung, wie ein Schatten im Augenwinkel oder ein Ger\u00e4usch, dass man gerade noch so h\u00f6ren, aber nicht einordnen konnte. Hastig drehte er den Kopf in alle Richtungen. Seine Augen blieben am Fenster h\u00e4ngen. Es stand weit offen. Vor Schreck machte George unwillk\u00fcrlich einen Schritt nach Hinten. Wie hatte er das beim Reinkommen \u00fcbersehen k\u00f6nnen? Das Fenster stand weit offen. Es hatte sich jemand Zutritt verschafft. Aber wer? Wie hatte er das Fenster von au\u00dfen aufgestemmt, ohne es zu besch\u00e4digen? Und war derjenige noch hier im Haus? Auf Kempton Rock kannte man sich und vor allem brachte man dem Pfarrer Respekt entgegen. Zumindest oberfl\u00e4chlich. Wenn es tats\u00e4chlich jemand wagte, in sein Haus einzusteigen, war derjenige wahrscheinlich noch zu ganz anderen Dingen f\u00e4hig. Ihm fiel sein Revolver in der Schreibtischschublade ein. Der Schreibtisch stand an der R\u00fcckwand des Wohnzimmers, nur wenige Schritte entfernt. Sich st\u00e4ndig umschauend ging George hin\u00fcber und lauschte dabei auf jedes m\u00f6gliche Ger\u00e4usch, dass im Haus zu h\u00f6ren sein k\u00f6nnte. Nat\u00fcrlich wurden die leisesten Ger\u00e4usche vom Ton des Fernsehens \u00fcbert\u00f6nt. Mit klopfendem Herzen zog der Pfarrer die Schublade auf und hob den sortierten Aktenstapel darin an. Seine Smith&Wesson war genau f\u00fcr solche F\u00e4lle jederzeit geladen. Er nahm die Waffe an sich und f\u00fchlte sich direkt etwas sicherer.\u00bbDer Wolf im Schafspelz\u00ab, erklang eine Stimme hinter ihm. Vor Schreck h\u00e4tte George beinahe einen Schuss in die Wand abgegeben. Sein Herz zog sich f\u00fcr einen Moment v\u00f6llig in sich zusammen. Bevor er dar\u00fcber nachdenken konnte, ob dies vielleicht ein schlechte Idee war, fuhr er herum. Vor dem Fernseher war eine Gestalt in die Hocke gegangen und betrachtete den Bildschirm versonnen. \u00bbAus der zweiten Staffel\u00ab, fuhr die Gestalt fort und deutete mit dem Finger auf die Mattscheibe. \u00bbDie siebte oder achte Folge. Mein Vater hat mir mal so einen Serienf\u00fchrer zu Weihnachten geschenkt. Ich war ganz verr\u00fcckt danach\u00ab Im Halbdunkel waren nur wenige Details des Eindringlings auszumachen. Es handelte sich bei ihm trotz der hohen Stimme eindeutig um einen Mann. Oder doch einen Jungen? Es war schwer zu sagen. Das Gesicht wirkte jungenhaft, nur mit leichtem Bartansatz. Das Haar war voll, dunkel und fiel ihm bis auf die Schultern. Aber sein Ausdruck, seine m\u00fcden, entr\u00fcckt wirkenden Augen und die K\u00f6rperhaltung lie\u00dfen ihn alt und seltsam ausgezehrt wirken. Er erinnerte George an einen Kriegsveteranen. Der Fremde trug eine abgenutzte Winterjacke, dazu eine verdreckte Hose, die oft notd\u00fcrftig mit verschiedenen Stofffetzen geflickt worden war, an den F\u00fc\u00dfen schwere Fischerstiefel. Insgesamt wirkte er wie ein Obdachloser. Das seltsamste Detail war allerdings eine Art Halsband, ein breiter, eng anliegender Ring, der im Schein des Fernsehers metallisch gl\u00e4nzte. Als George sich nun zu ihm umgedreht und die Smith&Wesson auf ihn gerichtet hatte, fuhr der Junge fort: \u00bbDen \u00dcberbringer der Nachricht zu t\u00f6ten hat selten was gebracht\u00ab\u00bbWer bist du?\u00ab, fragte George tonlos, den Zeigefinger nur ein Haar breit \u00fcber dem Abzug. Der Junge richtete sich auf und kam auf ihn zu. Die Waffe schien er nicht einmal wahrzunehmen.\u00bbWir kennen uns nicht\u00ab, sagte er. \u00bbAber ich komme von hier, genau wie du. Mein Name ist Stanley Hanlon. Ich bin hier im Auftrag der Skiaren.\u00abGeorges Hand verkrampfte sich um den Griff des Revolvers. Er suchte nach Worten, aber fand keine. Der Verschollene, der verlorene Sohn, den jeder, wirklich jeder auf dieser Insel f\u00fcr tot gehalten hatte, stand vor ihm. Und als w\u00e4re das noch nicht genug des Unfassbaren schien er au\u00dferdem um keinen Tag gealtert zu \u0001 \u0002 Hanlon bedeutete George, mit ihm in die K\u00fcche zu kommen und der Pfarrer folgte anstandslos. Offenbar hatte Stanley den K\u00fchlschrank gepl\u00fcndert. Auf dem runden K\u00fcchentisch standen aufgerissene Packungen, Dosen und T\u00fcten wahllos durcheinander.\u00bbEntschuldigen Sie\u00ab, sagte Stanley. \u00bbIch habe seit sehr langer Zeit nichts mehr gegessen.\u00ab Er sah sich im Raum um, als w\u00fcrde er etwas suchen. \u00bbSagen Sie, welches Jahr haben wir eigentlich?\u00ab\u00bb2019\u00ab, antwortete George ohne zu z\u00f6gern. Er konnte sich einfach nicht mit dem abfinden, was hier geschah. Die Junge, der vor ihm in seiner K\u00fcche stand, aus Fleisch und Blut, obwohl es ihn gar nicht mehr geben d\u00fcrfte, obwohl er h\u00e4tte tot sein sollen und obendrein verloren in einer anderen Dimension, Jahre, bevor George selbst \u00fcberhaupt das Licht der Welt erblickt hatte. Es war, als h\u00e4tte es mit einem Mal einen Defekt in Gottes' kosmischer Maschine gegeben. Ein niemals vorgesehenes Ereignis war eingetreten. All seine Verwirrung entlud sich schlie\u00dflich in einer einzigen Frage, die er heiser aus seiner Kehle hervorw\u00fcrgte: \u00bbWie?\u00ab\u00bbIch werde es Ihnen erz\u00e4hlen, soweit ich selbst den \u00dcberblick dar\u00fcber habe\u00ab, sagte Stanley und sah ihn ernst an, w\u00e4hrend er sich an den K\u00fcchentisch setzte. Auf einmal zuckte sein Kopf spastisch nach links und seine Augen starrten ins Leere, dann wieder zu George und wieder zur\u00fcck auf die vorherige Stelle. Er wirkte wie ein Schlafwandler, der gerade erwacht war und sich in einer unbekannten Umgebung wiederfand. \u00bbIch bin selbst noch nicht ganz klar im Kopf\u00ab, sagte er fahrig und betrachtete das Chaos auf dem Tisch, als s\u00e4he er es zum ersten Mal. Das Verhalten erinnerte George an seinen eigenen Vater, der mittlerweile dement war. \u00bb2019... Das hei\u00dft... mein Gott...\u00ab Wiederrum sah Stanley hinauf zu George, der noch immer reglos im T\u00fcrrahmen stand. \u00bbVierundvierzig Jahre. Vierundvierzig Jahre...\u00abUnd dann begann er zu erz\u00e4hlen. Es war die l\u00fcckenhafte Geschichte einer langen Gefangenschaft an einem weit entfernten Ort. Im Land unter der dunklen \u0001 \u0002 Stanley Hanlon in der schicksalshaften Nacht des 18. Oktober 1975 unabsichtlich die Grenze zwischen den Dimensionen \u00fcberschritten hatte, w\u00e4hrend er ein Boot der Skiaren \u00fcber den Atlantik verfolgte, hatte er mit dem Leben weitestgehend abgeschlossen. Er war Zeuge der absto\u00dfenden Prozedur geworden, mit der die Skiaren die Toten von Kempton Rock in einer neuen Form wiederbelebten. Als ihresgleichen. Ohne Hoffnung dieser fremden, toten Dimension mit ihrem grellwei\u00dfen Himmel und ihrer tiefschwarzen Sonne zu entkommen, hatte er eine Flaschenpost mit seinen dokumentierten Erlebnissen ins Meer geworfen, in der Hoffnung, dass sie seine Welt erreichen w\u00fcrde. Danach war er ziellos zwischen den steilen Felsen der K\u00fcste herumgeklettert und war dabei langsam, aber stetig aufw\u00e4rts gekommen. Er verfolgte kein besonderes Ziel. Er wusste einfach nur nichts besseres mit sich anzufangen. Das Hinterland bot auch nicht viel mehr als die K\u00fcste. Eine endlose, graue Fl\u00e4che aus massivem Stein, mit nur wenigen Unregelm\u00e4\u00dfigkeiten. Er durchwanderte diese deprimierende \u00d6dnis eine ganze Weile und rechnete zu jeder Zeit damit, dass die Skiaren hinter ihm auftauchen w\u00fcrden. Stanley lernte auf dieser Wanderschaft viel \u00fcber die Verh\u00e4ltnisse dieser fremden Dimension. Einiges davon geh\u00f6rte zu dem \u00fcberlieferten Wissen der Pfarrer von Kempton Rock und war George somit bereits bekannt. Es waren gerade Stanleys trivialere Erfahrungen, die ihm neu waren. So war George zum Beispiel l\u00e4ngst bekannt, dass das Land unter der dunklen Sonne ein Ort war, an dem die Zeit stillzustehen schien, an dem nichts wachsen konnte, weder Pflanzen, noch Tiere. Vielleicht mit Ausnahme der Riesen-Assel, der er in den H\u00f6hlen begegnet war, doch die mochte zu den wenigen Kreaturen geh\u00f6ren, die urspr\u00fcnglich in Amakadan geboren worden waren und den \u00dcbergang in die andere Dimension \u00fcberlebten. Altes Leben qu\u00e4lte sich endlos dahin. Neues Leben konnte nicht \u0001 \u0002 der Junge hatte bald festgestellt, dass er nichts lebendes und damit essbares finden konnte, doch er machte auch die Erfahrung, dass dies kein gr\u00f6\u00dferes Problem zu sein schien. Es stellte sich zwar ein immer dr\u00e4ngenderes Hungergef\u00fchl ein, aber es schien seine k\u00f6rperliche Gesundheit nicht zu beeintr\u00e4chtigen. Seine Verdauung schien stillzustehen. Ebenso war es mit dem Durst. Seine Kehle wurde unangenehm trocken, aber trotzdem \u00fcberlebte er seinen Marsch \u00fcber das trockene Land, der nach seinen Sch\u00e4tzungen etwa eine Woche gedauert haben mochte. Es war nat\u00fcrlich nicht einfach zu sagen, ob sich tats\u00e4chlich um eine Woche gehandelt hatte, aber Stanley war sich sicher, in dieser Zeit mindestens sechs Mal geschlafen zu haben. Die dunkle Sonne stand permanent unbeweglich am Himmel wie ein riesiges Auge, dass auf ihn herabsah. Und dann hatten sie ihn tats\u00e4chlich erwischt. Er wusste nicht, wie sie ihn gefunden hatten oder wie lange sie ihn vielleicht schon verfolgten. Er konnte nur sagen, dass er nach einem langen Marsch durch die gleichf\u00f6rmige Landschaft wieder einmal eingeschlafen und dann in einem Raum in tiefer Dunkelheit erwacht war.\u00bbZuerst dachte ich, es sei alles nur ein Traum gewesen und ich w\u00e4re in endlich in meinem Bett hier auf Kempton Rock erwacht. Ich tastete nach dem Lichtschalter, aber fand ihn nicht. Dann fiel mir auf, wie kalt und hart der Untergrund war, auf dem ich lag. Ich habe geschrien, denn mir war sofort klar, dass ich in der Gewalt der Skiaren war, wie ich es schon die ganze Zeit bef\u00fcrchtet hatte. Glauben Sie mir, in dem Moment habe ich es bereut, meinen K\u00f6rper nicht verbrannt zu haben, als ich noch gekonnt h\u00e4tte. Und ich tue es noch immer.\u00abEs waren Jahre, die Stanley Hanlon in einer winzigen Zelle in absoluter Dunkelheit zubrachte. So als w\u00e4re er direkt in der H\u00f6lle gelandet. Wie er sagte, hielt er dies eine Zeit \u00fcber f\u00fcr die wahrscheinlichste Erkl\u00e4rung dessen, was mit ihm geschehen war. Doch diese Theorie konnte nur noch tiefer in die Verzweiflung f\u00fchren, denn wenn er davon ausging, dass er wirklich tot war, wenn er davon ausging, dass dies die H\u00f6lle war... dann konnte das nur bedeuten, dass er die Ewigkeit so zubringen w\u00fcrde und das es keine Hoffnung gab, diesem dunklen Loch jemals wieder zu entkommen, ganz gleich, wie viele Jahrmilliarden dahin ziehen w\u00fcrden. Nur eine einzige Sache gab es, die Stanley Hanlon davon abhielt, v\u00f6llig den Verstand zu verlieren. Er besa\u00df eine Fluchtm\u00f6glichkeit, eine Br\u00fccke, die ihn \u00fcber Dimensionsgrenzen und vielleicht auch astrale Ebenen hinweg mit seinem fr\u00fcheren Leben verband. Seine Tr\u00e4ume waren sein \u0001 \u0002 nicht immer. Oft waren seine Tr\u00e4ume auch schlecht. Furchtbar sogar. Auf jeden guten Traum kamen etwa sechs schlechte. Diese Statistik hatte er mit gro\u00dfer Akribie erstellt, denn au\u00dfer \u00fcber seine Tr\u00e4ume nachzudenken, hatten seine Wachphasen ihm nichts zu \u0001 \u0002 \u00fcbte das luzide Tr\u00e4umen und beherrschte es inzwischen wahrscheinlich so gut, wie nie ein anderer Mensch vor ihm. Eine Weile benutzte er diese F\u00e4higkeit fast ausschlie\u00dflich dazu, das zu tun, was jeder Teenager mit ihr anfangen w\u00fcrde. Doch irgendwann waren selbst die \u00fcbertriebensten Sex- und Machtfantasien ausgereizt und er verlegte sich darauf, sein Talent produktiver einzusetzen. Er wurde zum Traumarchitekten. \u00bbIch begann mit etwas ganz simplen. Der simpelsten Sache, die ich mir vorstellen konnte. Einem einzigen Sandkorn, dass der Leere schwebte. Dann kamen mehr Sandk\u00f6rner dazu. Es wurde ein Strand. Der Strand lag an einem Meer. Das Meer wimmelte vor Leben. Und so ging es immer weiter. St\u00fcck f\u00fcr St\u00fcck erschuf ich mit jedem weiteren Traum eine Welt in meinem Kopf. Es wurde ein ganzes Universum.\u00abSobald er erwachte, war sein einziges Ziel, wieder einschlafen zu k\u00f6nnen. Er rannte in seiner Zelle im Kreis, so wenig Platz sie ihm auch bot. Er schrie und tobte und tat alles, um eine M\u00fcdigkeit herbeizuf\u00fchren.\u00bbIch bin nat\u00fcrlich l\u00e4ngst nicht auf dem neuesten Stand, was die Forschung angeht, aber zumindest habe ich als Kind mal gelesen, dass Wissenschaftler sich noch nicht klar dar\u00fcber waren, warum Menschen und andere Tiere eigentlich schlafen und erst Recht nicht, warum sie tr\u00e4umen. Ist es ein k\u00f6rperliches Bed\u00fcrfnis oder ein geistiges oder beides? Welchem Zweck dient es? Nach den ganzen Jahren in Gefangenschaft bin mir sicher, dass das Tr\u00e4umen nicht einfach eine Nebenerscheinung des Schlafes ist. Ich glaube eher, wir schlafen prim\u00e4r, um zu tr\u00e4umen. Und wir m\u00fcssen tr\u00e4umen, um unseren Verstand beisammen zu halten.\u00abWann immer es m\u00f6glich war, floh Stanley in das Universum im Inneren seines Sch\u00e4dels, dessen Gott er selbst war und das er mit jedem Besuch weiter ausdehnte. Paradoxerweise erwachte in dieser hoffnungslosen Umgebung, in der es keinerlei Sinneseindr\u00fccke oder intellektuellen Reize gab, eine ungeahnte Kreativit\u00e4t und Sch\u00f6pfungsenergie in ihm. So tauschten die innere Welt und die \u00e4u\u00dfere irgendwann zwangsl\u00e4ufig ihre Pl\u00e4tze. Die innere Welt war die Realit\u00e4t, wo sich das Leben abspielte, wo es Dinge zu tun und Menschen zu treffen gab. Die \u00e4u\u00dfere Welt existierte nur f\u00fcr gelegentliche Pausen von dem, was wirklich relevant war. Sie war winzig. Ein Universum, dass ein Volumen von einem Meter mal einem Meter mal zwei Metern hatte und an allen Seiten in Fels endete. Das Universum in seinem Kopf hingegen erstreckte sich \u00fcber unz\u00e4hlige Millionen Lichtjahre und wuchs immer weiter. Er durchstreifte die ungez\u00e4hlten Welten wie ein unsterblicher Wanderer und genoss es, seine Sch\u00f6pfung sich herum wachsen und sprie\u00dfen zu sehen. Wie Fraktale breiteten sich Ideen, die er einmal angelegt hatte, in immer komplexeren Mustern alleine um ihn herum aus. St\u00e4dte, Gebirge, Ozeane, Planeten, Galaxien, Menschen und Nichtmenschen, phantastische Tiere und Pflanzen und sp\u00e4ter auch Dinge, Existenzformen, die mit menschlichen Begriffen kaum mehr zu fassen waren. All das zu Stanleys \u0001 \u0002 das Universum \u0001 \u0002 schien es, als w\u00e4re er im vollen Lauf gegen eine Wand geprallt. Auf einem der Planeten, die sich in seinem inneren Kosmos harmonisch umeinander drehten, wurde ihm zum ersten Mal das Weiterkommen verwehrt. Es war unangenehm und beunruhigend und es wurde nur noch schlimmer, als sich zeigte, dass sein Universum nicht nur an eine Grenze gesto\u00dfen war, sondern zur\u00fcckzuweichen begann. Wie eine bei\u00dfende S\u00e4ure fra\u00df sich irgendetwas in seinen inneren Kosmos, verschlang Welt um Welt, ganze Galaxien erloschen im Augenblick und vergingen im Nichts. Stanley hielt dies zun\u00e4chst f\u00fcr sein eigenes Werk, irgendeinen Fehler, den er gemacht hatte und den er mit seinen in der langen Gefangenschaft geschulten F\u00e4higkeiten wieder beheben konnte. Doch bald wurde ihm klar, dass die Bedrohung von Au\u00dfen kam und das er ihr nichts entgegen zu setzen hatte. Titanische mentale Kr\u00e4ften waren in die Tiefen seines Verstandes vorgedrungen und zermalmten seine Sch\u00f6pfung erbarmungslos, trieben ihn dabei vor sich her, immer tiefer ins Zentrum von allem. Am Ende war er wieder da wo alles begonnen hatte. Ein wei\u00dfer Sandstrand an einem ruhigen, blauen Ozean. Dorthin zog er sich zur\u00fcck, bewunderte die Komplexit\u00e4t und endlose Variation der Muster des Sandes, die Wind und Seegang an einem einzigen Strand formen konnten und wartete auf das Ende. Ein schreckliches Gef\u00fchl der Hilflosigkeit, wie er es schon lange nicht mehr empfunden hatte, bem\u00e4chtigte sich seiner und \u00fcber ihm brach der Himmel zusammen wie eine zerberstende Glasscheibe. Der gro\u00dfe Traum, vielleicht der gr\u00f6\u00dfte Traum, den je ein Mensch getr\u00e4umt hatte, war am Ende. Die Dunkelheit war wieder allgegenw\u00e4rtig. Die Skiaren waren in seinen Verstand eingedrungen und hatten seinen einzigen Zufluchtsort zerst\u00f6rt. Doch das war erst der Anfang. Von nun an begannen sie damit, Stanleys eigene F\u00e4higkeit des luziden Tr\u00e4umens gegen ihn zu verwenden. Er war von einem Gott zu einem blo\u00dfen Sklaven degradiert worden. Die Zeit der inneren H\u00f6lle begann.\u00bbSie lernten sehr schnell, meine Tr\u00e4ume zu steuern. Mein Gro\u00dfvater hat mir einmal erz\u00e4hlt, jedes Mal, wenn die Skiaren auf die Insel k\u00e4men, w\u00fcrde er von einer schrecklichen Klaue tr\u00e4umen, die ihm die Kehle zuschn\u00fcrte. Sie schienen also schon zuvor durch ihre schiere Pr\u00e4senz einen latenten Einfluss auf die Tr\u00e4ume der Menschen gehabt zu haben. Doch nun hatten sie wohl das Potential erkannt, dass darin lag. Ich war ihr Versuchskaninchen.\u00abStanleys Blick war schon seit L\u00e4ngerem auf die digitale Zeitanzeige der Mikrowelle geheftet. Die gr\u00fcnen Leuchtziffern faszinierten ihn. Nun schien er sich v\u00f6llig darin verloren zu haben. George Harker \u00fcberlegte noch, ob er etwas sagen sollte, doch da begann der Bote der Skiaren von selbst wieder zu sprechen.\u00bbSie haben mich also gefoltert. Wahrscheinlich jahrzehntelang, aber Sie wissen ja sicher aus eigener Erfahrung, das Tr\u00e4ume sich oft sehr viel l\u00e4nger anf\u00fchlen als sie sind. F\u00fcr mich waren es Jahrhunderte und Jahrtausende. Ich f\u00fchle mich so alt und abgenagt. Wie oft haben sie mich verbrennen, ertrinken, verbluten, ersticken lassen? Mal langsam und mal schnell. Mal wurde ich zerquetscht, mal zerrissen, von endlosen Horden alptraumhafter Kreaturen gefressen und wieder gefressen, bei vollem Bewusstsein verdaut und ausgeschieden. Und wie vielen meiner Mitmenschen musste ich beim Leiden und Sterben zusehen? MeinerFamilie, meinen Freunden... und immer wieder Kelly...\u00ab Die Nennung des letzten Namens l\u00f6ste bei George ein furchtbares Schuldgef\u00fchl aus. Erinnerungen an seine eigenen Alptr\u00e4ume, die ihn immer wieder folterten, dr\u00e4ngten sich auf.\u00bbAlso nicht nur, dass ich mein Leben in ihrer Gefangenschaft verschwendet habe. Am Ende habe ich den Skiaren auch noch dabei geholfen, die Menschheit noch effektiver zu unterwerfen, wenn sie ihre Herrschaft antreten.\u00ab Stanleys Stimme war v\u00f6llig tonlos geworden. Er schien jeden Augenblick in sich zusammenfallen oder in einen Weinkrampf ausbrechen zu k\u00f6nnen. Das k\u00fcndigten zumindest seine Gesichtsz\u00fcge an. Aber nichts geschah. Die dumpfe Verzweiflung war der Normalzustand geworden und dar\u00fcber hinaus schienen keine weiteren Emotionen mehr m\u00f6glich zu sein. Sie hatten alles aus ihm herausgequetscht. \u00bbEs hat absurde Ausma\u00dfe angenommen. Sie sind nicht mehr nur in der Lage, Tr\u00e4ume zu manipulieren. Sie... sie k\u00f6nnen Sperren einbauen. Du w\u00fcrdest es nicht glauben, wie hart sie mein Gehirn gefickt haben, George. Ich kann nicht gegen ihren Willen handeln. Die Blockaden, die sie mir eingepflanzt haben, machen es unm\u00f6glich. Ich kann vielleicht noch daran denken, ihnen den Gehorsam zu verweigern, aber wenn ich es praktisch versuchen sollte, werde ich von einem inneren Gegenimpuls sofort daran gehindert. Seit sie mich hier abgesetzt haben, habe ich immer wieder versucht, mich umzubringen.\u00ab Der Junge zog eine Pistole unter dem Tisch hervor. George zuckte zusammen. Es musste sich um jene Waffe handeln, die der Junge damals vor vierundvierzig Jahren von seinem Vater gestohlen und mit in das Land unter der dunklen Sonne genommen hatte. Stan presste sich den Lauf an die Schl\u00e4fe.\u00bbIch kann nicht abdr\u00fccken. Ich kann es nicht. Kann meinen Finger nicht dazu bringen. Ich kann mich auch nicht von der Klippe st\u00fcrzen, mich selbst ertr\u00e4nken oder erh\u00e4ngen, egal, wie sehr ich wollte! Und ich sage dir: Wenn sie jetzt schon in der Lage sind, uns Blockaden einzupflanzen, wie lange wird es wohl noch dauern, bis sie dazu f\u00e4hig sind, uns direkte Befehle ins Gehirn zu senden, denen wir nicht widerstehen k\u00f6nnen?\u00ab Endlich nahm er die Waffe wieder \u0001 \u0002 hielt seine Smith&Wesson noch immer in der linken Hand und ausgerechnet jetzt, da Stanley ihm gebrochener denn je erschien, wurde der Drang zu schie\u00dfen am gr\u00f6\u00dften. Die Gef\u00fchle, die seine Erz\u00e4hlung in George ausl\u00f6sten, konnte er nicht l\u00e4nger ertragen. Es mochte ja den Menschen gegen\u00fcber moralisch verwerflich sein, was der Pfarrer wie all seine Vorg\u00e4nger f\u00fcr ihre Herren getan hatten. Aber am Ende wartete doch auch schlie\u00dflich eine Belohnung auf sie, die all das wert war. George nahm sich zusammen.\u00bbUnd jetzt haben sie dich zu mir geschickt\u00ab, sagte er mit belegter Stimme. \u00bbWarum?\u00abStanley sah den Pfarrer wieder direkt an. Eine Art L\u00e4cheln entstand auf seinem Gesicht. Es wirkte so schrecklich k\u00fcnstlich und konnte die darunterliegenden Qualen kein bisschen verbergen.\u00bbIch bin hier, um das Ende zu verk\u00fcnden\u00ab, sagte er in einem bitteren, beinahe sarkastischen Ton. \u00bbDas Wiedergeburt Amakadans steht bevor. Die \u00c4ra der Skiaren beginnt morgen Nacht\u00ab\u00bbMorgen?!\u00ab, rief George. Sein Blick fuhr hin\u00fcber zur Mikrowelle. Die gr\u00fcnen Leuchtziffern zeigten an, dass es bereits auf f\u00fcnf Uhr zuging. \u00bbSie h\u00e4tten mich nicht auch nur ein paar Tage fr\u00fcher informieren k\u00f6nnen?\u00ab\u00bbDu bist in keiner Position dich zu beschweren.\u00abGeorge f\u00fchlte sich wie ins Gesicht geschlagen. Er hatte immer damit gerechnet, dass sich die Skiaren ihm offenbaren w\u00fcrden, lange bevor sie die Erf\u00fcllung der gro\u00dfen Planes anstand. Wie konnten sie von ihrem Diener und Vertreter auf dieser Welt erwarten, ihrem Willen angemessen nachzukommen, wenn er in die wichtigsten Details nicht eingeweiht wurde? Nun hatte er gerade erfahren, dass die Welt, wie er und alle anderen Menschen sie kannten in nicht einmal achtundvierzig Stunden ihr Ende finden w\u00fcrde. Eine Welt voller Kriege, Hunger, Krankheit, Not, Ausbeutung, Hass und Gier, mitsamt ihrer Ozeane voller Plastik und ihrer Luft voll toxischer Gase. Die Welt, die am Rande eines Kollaps stand, wie es ihn seit der Zeit vor dem Beginn der Hochkulturen auf dem alten Kontinent Amakadan nicht mehr gegeben haben mochte, w\u00fcrde den Besitzer wechseln und einer neuen Ordnung unterworfen werden. George f\u00fchlte sich eigenartig. Anders, als er je erwartet h\u00e4tte. Er hatte ohnehin kaum damit gerechnet, dass dieses Ereignis in seine Amtszeit fallen w\u00fcrde.\u00bbKomisch. Ich war immer davon \u00fcberzeugt, dass das, was ich tue, moralisch richtig ist. Dass die Menschen es nicht verdient haben, die Erde zu besitzen und dass die Herrschaft der Skiaren eine Erl\u00f6sung darstellen w\u00fcrde. Ich habe mich auf diesen Tag gefreut.\u00ab, gestand George. Stan hielt das falsche L\u00e4cheln noch immer aufrecht. \u00bbUnd jetzt wird es dir auf einmal unangenehm?\u00ab\u00bbNaja, ich... bin vielleicht einfach nur zu \u00fcberrumpelt, um es wirklich zu begreifen. St\u00f6rt dich das alles denn nicht?\u00ab Stan winkte ab.\u00bbAch was, mich st\u00f6rt \u00fcberhaupt nichts mehr. Ich werdemorgen um Mitternacht die einzige Belohnung erhalten, die man mir noch bieten kann. Sie werden mir endlich wieder meine eigenen, selbstbestimmten Tr\u00e4ume \u00fcberlassen. Sollen sie mit der Welt hier drau\u00dfen doch machen was sie wollen. Es interessiert mich nicht mehr. Es gibt da nur eine Sache, die vorher noch erledigt werden muss. Die Skiaren haben eine letzte Aufgabe f\u00fcr dich, George\u00ab\u00bbWas?\u00ab, fragte der Pfarrer \u00fcberrascht. Sein Unwohlsein wuchs. Ein innerer Widerstand formierte sich in ihm. \u00bbWas f\u00fcr eine Aufgabe?\u00abStanley griff in eine der Taschen seiner Jacke und zog einen l\u00e4nglichen Gegenstand heraus, der in einen Fetzen dicken, groben Stoffes eingewickelt war und legte ihn in die Mitte des Tisches.\u00bbWas ist das?\u00ab, fragte George.\u00bbSieh ihn dir an.\u00abDer Pfarrer nahm den Gegenstand an sich und wickelte ihn langsam aus, als k\u00f6nnte er das unvermeidbare hinausz\u00f6gern. Ein Dolch kam zum Vorschein, kaum l\u00e4nger als seine eigene Hand, mit einer spitzen, schmalen Klinge. Er bestand aus einem silbern schimmernden Metall, das eine seltsame Musterung aufwies, \u00e4hnlich wie bei Damaszenerstahl, jedoch wesentlich komplexer. Am Ende des Griffes sa\u00df ein kleiner, tiefroter Kristall. George musste an Stanleys Bericht aus der Flaschenpost zur\u00fcckdenken. Darin hatte der Junge einen \u00e4hnlichen Dolch beschrieben, der w\u00e4hrend jenes Rituals zum Einsatz kam, mit dem die Skiaren die Toten von Kempton Rock zu neuem Leben erweckten. Das hier war also nicht nur eine gew\u00f6hnliche Stichwaffe. Er sah hier ein Artefakt aus der alten Zeit vor sich, in dem Kr\u00e4fte geb\u00fcndelt sein konnten, die sich jenseits des Erfassungsbereiches moderner Wissenschaft befanden. Das \u00fcberraschend leichte Metall schien ihm auf einmal entsetzlich schwer in der Hand zu liegen, niedergedr\u00fcckt von der Last der unz\u00e4hligen Jahrmillionen, neben denen Georges eigene Existenz k\u00fcmmerlich und irrelevant erschien. Er hatte sein Leben damit verbracht diesen Tag zu erm\u00f6glichen, an dem sich die Machtverh\u00e4ltnisse auf der Welt \u00e4ndern w\u00fcrden wie nie zuvor und er selbst ein Angeh\u00f6riger der neuen Elite werden w\u00fcrde. Es war l\u00e4cherlich, jetzt zu z\u00f6gern. Wenn es nur noch an ihm lag, diese Zukunft herbeizuf\u00fchren, umso besser. Denn niemandem wollte er lieber trauen als sich selbst. Mit der Zeit w\u00fcrden die kleinlichen, menschlichen Emotionen und die Zweifel und Unsicherheiten, die von ihnen ausgel\u00f6st wurden, verschwinden.\u00bbDies ist einer von sieben Dolchen, die vor Millionen von Jahren von dem Waffenschmied und Alchemisten Kaibal in der Indigostadt Unur im Auftrag der Skiaren angefertigt wurden. W\u00e4hrend des letzten Krieges der gro\u00dfen Patrone wurden sie von verschiedenen Fraktionen geraubt und f\u00fcr milit\u00e4rische Zwecke eingesetzt. Nach dem Untergang des Kontinents...\u00ab, Stanley unterbrach sich selbst und das falsche, bittere L\u00e4cheln kehrte in sein Gesicht zur\u00fcck. \u00bbOh, bist du ungeduldig? Du siehst ziemlich nerv\u00f6s aus.\u00ab\u00bbSag mir... einfach nur, was ich tun muss.\u00ab George sog scharf Luft durch die Nase sein. Ausgerechnet jetzt versagte die sonst so sicherere Kontrolle \u00fcber seine Emotionen.\u00bbGeorge, bitte erz\u00e4hl mir nicht, dass das alles zu viel f\u00fcr dich ist. Die Skiaren haben dich aus gutem Grund ausgew\u00e4hlt, oder etwa nicht?\u00ab\u00bbNein, es ist schon gut\u00ab, versicherte George nachdr\u00fccklich. \u00bbIch werde tun was n\u00f6tig ist.\u00abStanley erkl\u00e4rte ihm, dass dieses Ritual etwas mit psychoaktiver Energie zu tun habe. Diese Energie, die in jedem bewussten Lebewesen in unterschiedlichem Ma\u00df vorhanden sei und die sich im Augenblick des Todes verfl\u00fcchtigte. Bei dem Dolch handele es sich ein alchemistisches Werkzeug, das die Energie eines sterbenden Lebewesens in sich aufnehmen konnte, um sie f\u00fcr andere Zwecke zu verwenden. In diesem Fall sei die Energie n\u00f6tig, um die Wand zwischen den Dimensionen von dieser Seite aufzurei\u00dfen. Die Skiaren w\u00fcrden zeitgleich ihre vereinten mentalen Kr\u00e4fte darauf verwenden, das Land unter der dunklen Sonne hin\u00fcber zu teleportieren.\u00bbIch werde also t\u00f6ten m\u00fcssen\u00ab, stellte George fest.\u00bbDas ist ja nichts neues f\u00fcr dich\u00ab\u00bbDu wei\u00dft von Kelly?\u00abStanleys Stimme wurde mit einem Mal so kalt, dass es George schaudern lie\u00df. Bisher hatte der Junge keine gro\u00dfen Emotionen gezeigt. Er war dem Pfarrer vorgekommen wie die leere, ausgetrocknete H\u00fclle eines Menschen, der nach Jahrzehnten der Folter keinen Funken echtes Gef\u00fchlsleben mehr besa\u00df und es h\u00f6chstens vort\u00e4uschen konnte. Doch nun stieg aus den bodenlosen Tiefen seines Inneren ein unfassbares Leid an die Oberfl\u00e4che, voller und menschlicher als alles, was George je gef\u00fchlt haben mochte.\u00bbIch wei\u00df von Kelly\u00ab, sagte der Junge. Absurderweise lag George ein geknicktes \u00bbEntschuldigung\u00ab auf der Zunge. Nicht, weil er sich tats\u00e4chlich schuldig gef\u00fchlt hatte. Einfach weil der Ton in Stanleys Stimme es zu verlangen schien. \u00bbIch tr\u00e4ume manchmal von ihr. Und von ihrem Bruder\u00ab, gestand er stattdessen. Stan Hanlon ging nicht darauf ein.\u00bbDu hast genau neunundzwanzig Stunden Zeit\u00ab, sagte er mit unver\u00e4nderter H\u00e4rte. Es klang wie ein Todesurteil.",
            "wordcount": "5.816",
            "chapter_release": "02.02.2020",
            "chapter_number": "3"
        },
        "4": {
            "text": "Gegen zwanzig Uhr am n\u00e4chsten Tag hatte leichter Schneefall eingesetzt. George Harker und Stanley Hanlon strichen im Schutz der Dunkelheit um die Winkel und durch die schmalen Gassen des Dorfes. Die Stra\u00dfen lagen bereits verlassen da. Dennoch bem\u00fchten sie sich, den Lichtflecken auszuweichen, die von den sporadisch verteilten Stra\u00dfenlaternen geworfen wurden. Ihr Ziel lag an der Fortuna Street. Das Haus der Familie Sheehan geh\u00f6rte zu einer Reihe einheitlicher Bauten, die in den fr\u00fchen Neunzigern am Fortuna Way errichtet worden waren. Anders als die meisten H\u00e4user der Insel verf\u00fcgten diese je \u00fcber einen von einem h\u00fcfthohen Zaun umgebenen Hintergarten, der \u00fcber eine kleine Veranda an der R\u00fcckseite des Geb\u00e4udes zug\u00e4nglich war. George und Stanley n\u00e4herten geduckt der R\u00fcckseite des Gartens der Sheehans. Durch die schmalen L\u00fccken im Zaun gelang es dem Pfarrer, einen Blick durch die erleuchteten Fenster zu werfen.\u00bbSie ist zuhause\u00ab, fl\u00fcsterte er, als Sylvia Sheehan f\u00fcr einige Sekunden sichtbar wurde. Ein paar Augenblicke sp\u00e4ter konnte er vermelden: \u00bbIhre Mutter auch.\u00ab Das war unpraktisch, aber zu erwarten gewesen. \u00bbIch sch\u00e4tze, wir k\u00f6nnen uns gl\u00fccklich sch\u00e4tzen, das zumindest der Alte nicht mehr da ist. Der hat jedes Jahr im Sommer einen Jagdausflug ans Festland gemacht. Konnte gut mit der Schrotflinte umgehen, denke ich.\u00ab\u00bbHey\u00ab, fl\u00fcsterte Stanley zur\u00fcck.\u00bbWas?\u00ab\u00bbBlo\u00df nicht die Nerven verlieren jetzt.\u00abSelten zuvor hatte George sich so unangenehm durchschaut gef\u00fchlt. Die widerstreitenden Emotionen in seinem Inneren waren schwer beherrschbar geworden. Er w\u00fcrde wieder t\u00f6ten m\u00fcssen, um dem Plan der Skiaren zu dienen. Vielleicht nicht nur einmal. Aber jetzt, da die Dinge offenbar aufs Ende zuliefen, schien es ihm ungleich schwerer zu fallen als je zuvor.\u00bbWenn die Nachbarn nicht v\u00f6llig taub oder lahm sind, werden wir kaum mehr als eine Minute Zeit haben\u00ab, fuhr Stanley fort und betrachtete die ebenfalls hellen Fenster der umliegenden H\u00e4user angespannt. Sie hatten ihren Plan \u00fcber die letzten Stunden in groben Z\u00fcgen formuliert. Es gab keinerlei Garantie f\u00fcr Erfolg. Immerhin war die Auswahl von idealen Zielen \u00e4u\u00dferst klein ausgefallen. Laut Stanleys Informationen eignete sich f\u00fcr das Ritual am besten ein Opfer das weiblich war, gesund und im fr\u00fchen bis mittleren geb\u00e4rf\u00e4higen Alter. Diese verf\u00fcgten nach den Erkenntnissen der skiarischen Alchemie \u00fcber den h\u00f6chsten Aussto\u00df psychoaktiver Energie unter allen Menschen. Sylvia war George sofort in den Sinn gekommen. Die meisten jungen Leute dieser Generationen verlie\u00dfen Kempton Rock sobald wie m\u00f6glich, studierten auf dem Festland oder verfolgten anderweitige Karrieren. Eine immer gr\u00f6\u00dfere werdende Zahl kehrte nie zur\u00fcck. Sylvia Sheehan geh\u00f6rte zu den wenigen, die entschlossen waren zu bleiben, meist, weil es einen Familienbetrieb zu \u00fcbernehmen gab. Wesentlich seltener auch Heimatverbundenheit und \u0001 \u0002. Sheehan verlie\u00df das Wohnzimmer kurz darauf. Sylvia nahm auf dem Sofa Platz und begann, irgendetwas zu lesen.\u00bbDie Mutter ist raus. Ich gehe jetzt. Uns l\u00e4uft die Zeit davon\u00ab, entschied Stanley. George suchte nach m\u00f6glichen Einw\u00e4nden, fand aber keine. Im n\u00e4chsten Moment hatte der Junge sich bereits \u00fcber den Zaun geschwungen und sprintete geduckt am Rand des Grundst\u00fccks entlang zur Veranda. Dort angekommen zog er seine FN Browning hervor. Nat\u00fcrlich durfte Sylvia unter keinen Umst\u00e4nden verletzt werden, aber alles andere und jeder andere musste im Fall des Falles als Kollateralschaden hingenommen werden. George selbst griff nach der Smith&Wesson und erhob sich. In aufrechter Haltung kam er sich schrecklich angreifbar vor. Jeder zuf\u00e4llige Beobachter w\u00fcrde ihn jetzt sehen k\u00f6nnen, wie er die Pistole auf die Verandat\u00fcr richtete. Er stie\u00df s\u00e4mtliche Luft aus den Lungen und sein warmer Atem bildete eine hauchzarte \u0001 \u0002 erste Schuss krachte. Fast im gleichen Augenblick zerbarst die Glasscheibe der Verandat\u00fcr. George h\u00f6rte Sylvia schreien und sah, wie sie sich reflexhaft zu Boden warf. Er sprang \u00fcber den Zaun und eilte zum Haus, wo Stanley bereits die beiden Stufen der Verandatreppe erklommen hatte. Der Junge zw\u00e4ngte sich m\u00fchevoller als erwartet durch die nun freie \u00d6ffnung in der T\u00fcr und verlor dabei eine oder zwei kostbare Sekunden. Dennoch war er schnell genug, Sylvias Postion am Boden auszunutzen und als George selbst die T\u00fcr erreichte, hockte Hanlon auf dem R\u00fccken der jungen Frau, hatte ihr den Lauf der Waffe an den Hinterkopf gepresst und seine andere Hand auf ihren Mund, bevor sie auch nur hatte aufstehen k\u00f6nnen. Der Schrei riss abrupt ab. Die stickige W\u00e4rme des beheizten Raumes schlug George entgegen. Der faserig gelaufene Wohnzimmerteppich war von tausenden kleinen Scherben \u00fcbers\u00e4t, die im ged\u00e4mpften Licht einer Stehlampe schimmerten.\u00bbSei ruhig! Sei einfach ruhig!\u00ab, befahl Stanley Sylvia, die noch immer um sich schlug und drohte, den schm\u00e4chtigen Jungen von sich zu werfen, obwohl sie damit rechnen musste, erschossen zu werden. George wollte Stanley gerade zur Unterst\u00fctzung kommen, als er einem neuerlichen Schrei hochgerissen wurde. In der T\u00fcr zum Flur stand Mrs. Caroline Sheehan, mit geweiteten Augen in der Bewegung erstarrt. Ihr Schrei klang beinahe tierisch, als h\u00e4tte der Schreck s\u00e4mtliche Anzeichen menschlicher Vernunft aus ihr vertrieben. Die Gedankenlosigkeit, die sie in diesem Moment zur Schau stellte, erweckte in George eine altbekannte Abscheu. In einen Raum zu st\u00fcrmen, der nach allen h\u00f6rbaren Anzeichen Gefahr bedeutete, ohne auch nur einen Moment zu \u00fcberlegen, ohne irgendeine R\u00fcckversicherung oder Verteidigungsm\u00f6glichkeit. Derart triebgesteuerte, impulsive, irrationale Verhaltensweisen waren es, die ihn die Menschen mehr als alles andere verachten lie\u00dfen. Weil ihre angebliche Vernunft, wenn es darauf ankam, nicht mehr als eine Maske darstellte, unter der sich das wilde, \u00e4ngstliche Tier verbarg, gen\u00fcgsam und selbstgerecht und Unwillens, sich jemals wirklich dar\u00fcber hinaus zu entwickeln. Als George Caroline Sheehan erschoss, tat er es nicht nur, um sie zum Schweigen zu bringen. Er tat es, weil er sie hasste. Drei Kugeln trafen Mrs. Sheehan in die Brust. Ihr Schrei verwandelte sich in ein widerliches Gurgeln, als Blut in ihre Lunge str\u00f6mte und das eine Sekunde sp\u00e4ter erstarb, als ihr Leib zu Boden sackte. Georges Blick verfing sich an dem sterbenden K\u00f6rper. Ihn \u00fcberkam ein beunruhigendes Gef\u00fchl von Entr\u00fcckung. Die Realit\u00e4t schien durchsichtig und unglaubhaft zu werden. Etwas \u00e4hnliches glaubte er im vergangenen Jahr gesp\u00fcrt zu haben, als er Finnigan Spencer erschossen hatte.\u00bbHilf mir, verdammt nochmal!\u00ab, presste Stanley zwischen den Z\u00e4hnen hervor. Sylvias Widerstand lie\u00df nach. Ihre Augen waren fest auf den K\u00f6rper ihrer Mutter gerichtet. \u00bbNa endlich... \u00ab, murmelte Stanley und nutzte die Gelegenheit, eine g\u00fcnstigere Position einzunehmen, in dem er aufstand und seinen Stiefel in den Sylvias Nacken presste. Sie zu fesseln und zu knebeln schien George qu\u00e4lend lang zu dauern, obwohl Sylvia nun kaum noch Widerstand leistete. Die veranschlagte Minute, bis die ersten alarmierten Nachbarn auftauchen mochten, war bereits l\u00e4ngst vergangen. Sie waren kaum bereit zur Flucht, als es an der Haust\u00fcr klopfte. George f\u00fchlte sein rasendes Herz aussetzen. Er stie\u00df die Verandat\u00fcr auf und packte Sylvias Beine, Stanley nahm den Oberk\u00f6rper. Drau\u00dfen im Garten h\u00f6rten sie bereits zwei Stimmen von der Stra\u00dfe. George erkannte beil\u00e4ufig Albert Maysfields besorgte Stimme, aber verstand nicht, was er oder die andere Person sagten. Sylvia begann wieder zu zappeln und machte es beinahe unm\u00f6glich, sie zu tragen. So taumelten die M\u00e4nner mehr zum Ende des Gartens als das sie liefen. George f\u00fchlte sich, als w\u00fcrde er von innen heraus verbrennen. Wenn man sie jetzt erwischte, w\u00fcrde er nicht nur unter seinen Mitmenschen erledigt sein, er w\u00fcrde auch bei den Skiaren in Ungnade fallen und ihren Zorn auf sich ziehen. Er musste an die endlose geistige Folter denken, der Stanley unterworfen worden war.\u00bbCarol? Sylvia? Ist alles in Ordnung?\u00ab, rief Albert Maysfield nun deutlich h\u00f6rbar von der Stra\u00dfe und h\u00e4mmerte gegen die Haust\u00fcr. Endlich hatten sie den Zaun erreicht und \u00fcberwunden. George begann die Anstrengung zu f\u00fchlen. In jedem seiner Muskeln breitete sich langsam aber sicher ein ziehender Schmerz aus. Stan schien keinerlei Probleme dieser Art zu haben. In stummer Entschlossenheit rannte der Junge weiter voraus und George gab sich alle M\u00fche, Schritt zu halten. Sylvias Winden und Zerren erschwerte die Sache weiter. Als sie die letzten H\u00e4user des Fortuna Way und damit faktisch den Rand des Dorfes hinter sich gelassen hatten und sch\u00fctzende Dunkelheit sie umgab, erlaubten sie sich, ihr Tempo ein wenig zu verlangsamen. Der zunehmende Wind, der \u00fcber die Insel fegte, trieb nicht nur Schneeflocken vor sich her. George glaubte auch immer wieder Rufe und Schreie aus dem Dorf zu h\u00f6ren. Sicherlich wurden bereits erste Anrufe get\u00e4tigt. Die zust\u00e4ndige Polizeistelle auf Neufundland w\u00fcrde alarmiert werden. Und sehr bald w\u00fcrde man auch versuchen, den Pfarrer \u00fcber den grausamen Mord und die Entf\u00fchrung zu informieren. Der einzige Ort auf der Insel, an dem es m\u00f6glich sein w\u00fcrde, das Ritual ungest\u00f6rt durchzuf\u00fchren war also der, von dem kein Lebender au\u00dfer George selbst wusste. Das geheime H\u00f6hlensystem der Skiaren, dessen Zugang unter der Kirche verborgen \u0001 \u0002 sie diese endlich erreichten, f\u00fchlte George sich um Jahre gealtert. Angst und Ersch\u00f6pfung hatten ihn ausgezehrt. Trotz des eisigen Windes schwitzte er am ganzen K\u00f6rper. W\u00e4hrend seine Gemeinde in Panik und Verzweiflung versank, begaben der Pfarrer und der Bote der Skiaren sich mit ihrem Opfer in die \u0001 \u0002 Boden des sich nach unten hin \u00f6ffnenden Trichterschachtes hatten sie bereits zuvor s\u00e4mtliche Mittel deponiert, die f\u00fcr die Vorbereitung des Rituals ben\u00f6tigt wurden. Drei B\u00e4nde okkulter Schriften aus dem Nachlass Burgess Kemptons, Fl\u00e4schchen mit verschiedenen alchimistischen Fl\u00fcssigkeiten und Pulvern in einem h\u00f6lzernen St\u00e4nder, sowie der Millionen Jahre alte Dolch lagen auf einem der gro\u00dfen Klapptische, die sie sonst bei den gro\u00dfen Kirchenveranstaltungen genutzt wurden. Im kalten, elektrischen Licht der beiden aufgestellten Grubenlampen warf alles in dieser H\u00f6hle klar umrissene, gleichm\u00e4\u00dfige Schatten und die altert\u00fcmlichen Gegenst\u00e4nde wirkten so betrachtet erstaunlich plump und \u0001 \u0002 legten Sylvia Sheehan auf dem Tisch ab. Die Frau nahm kaum Notiz von ihrer Umgebung. Sie hatte aufgeh\u00f6rt, sich zu wehren und starrte apathisch ins Nichts. Sie hatte ihren Vater verloren, nun war ihre Mutter vor ihren Augen erschossen worden und auch sie selbst w\u00fcrde bald sterben. Alles im Sinne eines Plans, von dem sie nichts wusste und dessen Ergebnis sie nicht wollen konnte. George musste sich von ihr abwenden. Die M\u00e4nner vergruben sich in die Arbeit. Zur Vorbereitung des Rituals musste der Dolch bestimmten Prozeduren unterzogen werden, um seine psychoaktive Leitf\u00e4higkeit zu verst\u00e4rken. Die Klinge musste mit verschiedenen Substanzen behandelt werden, die ihrerseits teilweise erst angemischt werden musst. Zumeist wurde geschwiegen. Wenn doch hin und wieder ein paar Worte gewechselt wurden, geschah es widerwillig, beinahe scheu. Selbst die leisesten gefl\u00fcsterten Worte schienen vielfach von den steinernen W\u00e4nden zur\u00fcckgeworfen und verst\u00e4rkt zu werden. W\u00e4hrend die Zeiger von Georges Armbanduhr Stunde um Stunde rotierten, wuchs seine Anspannung. Er w\u00fcrde das Ende der Herrschaft der Menschen \u00fcber diese Welt einleiten. Er w\u00fcrde das Tor aufsto\u00dfen, durch das die neuen Herrscher mitsamt ihr unbezwingbaren Kr\u00e4fte Zugang erhalten w\u00fcrden. Bisher hatten ihn die Morde gequ\u00e4lt, die er hatte begehen m\u00fcssen. Nun w\u00fcrde er indirekt f\u00fcr unendlich viel mehr Leid verantwortlich sein. Sicher, auch jetzt herrschte Leid auf der Welt und jene widerw\u00e4rtige, tierische Kleingeistigkeit, die ihn so abstie\u00df. Aber war er in der Position, ein \u00dcbel gegen ein anderes abw\u00e4gen zu k\u00f6nnen? Wer war er denn schon?Wie er den Dolch in seiner Hand betrachtete, musste George an Robert Oppenheimer denken und dessen lebenslange Reue f\u00fcr das, was er auf die Welt losgelassen hatte. F\u00fcr den nuklearen Drachen, den Weltvernichter, den er der Menschheit an die Hand gegeben hatte und den weder er, noch sonst jemand je wieder w\u00fcrde bannen k\u00f6nnen. Ein einziger Moment der Entscheidung, ein Stich mit diesem Dolch in die Brust einer Unschuldigen und die Welt w\u00fcrde sich f\u00fcr immer \u00e4ndern. Der Pfarrer begann eine ungeheure Last auf seinen Schultern zu sp\u00fcren. Das bisher so reizende Versprechen der Unsterblichkeit, dass ihn sein Leben lang angetrieben hatte, erschien ihm auf einmal fade und grausam. Er w\u00fcrde aus vorderster Reihe mit ansehen k\u00f6nnen, wie die Menschen in ihren neuen Rang als Sklavenrasse der Skiaren gezwungen \u0001 \u0002 irgendwann nichts mehr weiter zu tun blieb au\u00dfer auf Mitternacht zu warten, kreisten derartige Gedanken umso penetranter durch seinen Kopf. Stanley Hanlon musste Georges abwesenden Blick irgendwann bemerken.\u00bbWoran denkst du?\u00ab, fragte der Junge.\u00bbAch, an... gar nichts\u00ab, behauptete George.\u00bbBl\u00f6dsinn. Du kannst mich nicht anl\u00fcgen. Du verlierst dein Pokerface.\u00abGeorge stutzte f\u00fcr einen Moment. Woher wusste Stanley davon? Die Tatsache, dass der Pfarrer \u2013 zumindest normalerweise \u2013 ein Meister darin war, seine wahren Gef\u00fchle nach au\u00dfen hin zu verbergen, war aus gutem Grund nur ihm selbst bekannt.\u00bbIch denke nur an das was danach sein wird\u00ab, wich er aus. \u00bbIch bin einfach aufgeregt. Aber wer w\u00e4re das nicht, wenn er w\u00fcsste, dass die Welt heute Nacht endet?\u00ab Stanley r\u00fcckte n\u00e4her an ihn heran.\u00bbJa, vor allem endet heute nacht all die Schlechtigkeit dieser Welt. Banker, Gesch\u00e4ftsm\u00e4nner, korrupte Politiker, Diktatoren, Religionsf\u00fchrer...\u00ab\u00bbNein\u00ab, unterbrach George, \u00bbdie wird es immer noch geben.\u00ab Stanley l\u00e4chelte wieder sein gequ\u00e4ltes L\u00e4cheln.\u00bbIch wusste es\u00ab, sagte der Junge.\u00bbDu zweifelst an der Sache.\u00ab\u00bbNat\u00fcrlich zweifele ich daran. Jeder, der nicht zumindest ein wenig an einer Entscheidung zweifelt, die das Leben von sieben Milliarden Menschen \u00fcber Nacht ver\u00e4ndern wird, w\u00e4re verr\u00fcckt.\u00ab\u00bbDu hast doch von Anfang an gewusst, was passieren w\u00fcrde, wenn du dich in ihren Dienst stellst. Was du opfern musst und was deine Belohnung ist.\u00ab\u00bbIch habe nie gedacht, dass der entscheidende Moment in meine Amtszeit fallen w\u00fcrde. Ich hatte mich nur darauf eingestellt, diese Insel zu verwalten und die Leute in Schach zu halten, bis ich die Verantwortung an den N\u00e4chsten abgeben konnte.\u00ab Er wies in Richtung Sylvia, mit einer Geste, aus der kaum mehr verhohlene \u00dcberforderung sprach. \u00bbIch habe das hier nicht gewollt.\u00ab\u00bbGlaubst du, ich wollte da enden, wo ich heute bin? Ich habe ebenfalls mit 15 Jahren die falsche Abzweigung genommen. So ist da nun mal. Aber es gibt keinen Weg mehr zur\u00fcck. Nicht f\u00fcr mich und auch nicht f\u00fcr dich.\u00ab\u00bbWas, wenn ich es einfach nicht tue?\u00abStanley warf ihm einen Blick zu, der so vernichtend war, dass George unwillk\u00fcrlich zur\u00fcckwich.\u00bbDas ist keine Option\u00ab, sagte der Junge und jeder Anflug von Verst\u00e4ndnis war aus seiner Stimme verschwunden. Er packte Georges linke Hand und hielt ihm die Uhr vors Gesicht. Nur noch wenige Minuten bis Mitternacht. \u00bbRei\u00df dich lieber zusammen. Es ist bald soweit. Ich werde nicht zur\u00fcck in die H\u00f6lle gehen, nur weil du nicht in der Lage bist deine Pflicht zu tun.\u00abGeorge entwand seinen Arm aus Stans Griff. Sekundenlang starrten sie einander feindselig an.\u00bbIch kann es nicht tun\u00ab, gab George endlich zu und er fragte sich, wie lange diese Worte in ihm schon gewachsen waren. \u00bbNoch mehr Blut an meinen H\u00e4nden kann ich nicht ertragen. Sollen sie mich daf\u00fcr ruhig vierzig Jahre und mehr foltern. Meinen Platz in der H\u00f6lle habe ich mir ohnehin l\u00e4ngst verdient.\u00ab\u00bbDu hast keine Ahnung wovon du redest!\u00ab, rief Stanley. Eine \u00fcberw\u00e4ltigende Leere tat sich in seinen weit aufgerissenen Augen auf, wie Abgrund, in den man hineinzust\u00fcrzen drohte. \u00bbDu hast nicht die geringste Vorstellung von dem, was sie mit dir machen! Du hast doch die Chance, verdammt. Du geh\u00f6rst zu ihrer neuen Elite. Du bist einer der wenigen Menschen, die von ihrer \u00dcbernahme profitieren werden.\u00ab\u00bbAber ich bin auch der, der die niemals endende Schuld tragen wird.\u00ab\u00bbIch dachte, du verachtest die Menschen?\u00ab\u00bbIch verachte viele Menschen. Aber habe ich das Recht, das Urteil \u00fcber eine ganze Welt zu f\u00e4llen und ihr weiteres Schicksal in meine Hand zu nehmen? Mach du es, wenn du nicht anders kannst.\u00ab\u00bbEs ging hier nie um mich, George. Nur um dich. Um deine Loyalit\u00e4t.\u00ab Stanleys Stimme war mit einem Mal wieder auf ein Fl\u00fcstern herabgesunken. Sein Tonfall bereitete George eine G\u00e4nsehaut. Er trat mehrere Schritte vor Stanley zur\u00fcck, bevor er es \u00fcberhaupt selbst bemerkte. Schlie\u00dflich stand er mit dem R\u00fccken zur Wand. Der Junge kam noch immer n\u00e4her heran. Es kam George vor, als w\u00fcrde er... wachsen. Eine bedrohliche Pr\u00e4senz ging von ihm aus, die kein Mensch je verbreiten k\u00f6nnte. Als w\u00e4re Stanley gar kein Mensch, sondern ein urt\u00fcmliches Grauen aus dunkler Vorzeit, als sich der Mensch nackt in H\u00f6hlen verkroch vor den schrecklichen Dingen, die drau\u00dfen auf ihn lauerten und die er nicht abwehren und schon gar nicht begreifen \u0001 \u0002 weitere Episode von desorientierendem Realit\u00e4tsverlust setzte ein, wie in dem Moment, in dem er Mrs. Sheehan erschossen hatte. Der Junge war nur noch drei Schritte entfernt. Seine Augen waren nun mehr als leere Abgr\u00fcnde. Es waren hungrige M\u00e4uler, die danach trachteten, Georges Seele zu verschlingen. Ein Arm schoss heran und packte den Priester an der Kehle, schn\u00fcrte ihm die Luft ab. Doch es f\u00fchlte sich nicht an wie eine menschliche Hand, sondern wie die kalte, vielgliedrige Klaue eines Skiaren.\u00bbDu hast versagt\u00ab, sagte Stanley \u0001 \u0002 Welt um George herum zerbrach und er musste an die Metapher denken, die der Junge w\u00e4hrend der Erz\u00e4hlung von seiner Gefangenschaft gebraucht hatte, in dem Moment, da die Skiaren seine Traumwelt endg\u00fcltig zerst\u00f6rt hatten: Wie eine zerberstende \u0001 \u0002 Umrisse der von schwachem Licht erhellten H\u00f6hle verschwanden. George schreckte hoch und riss die Augen auf. Er sa\u00df in seiner K\u00fcche im Pfarrhaus und hatte offenbar bis eben mit dem Kopf auf der Tischplatte gelegen. Stanley Hanlon sa\u00df ihm noch immer gegen\u00fcber.\u00bbWas?\u00ab, fragte George verwirrt. Stanley sch\u00fcttelte einfach den Kopf.\u00bbTut mir Leid, George. Das war falsch.\u00ab\u00bbFalsch? Aber... es war nur ein Traum?\u00ab George klammerte sich an den Tisch, als k\u00f6nnte die Realit\u00e4t jederzeit wieder zusammenbrechen, wenn er sie nicht gut festhielt. Eine schreckliche Desorientierung befiel ihn. Sein Magen begann zu rumoren. Ein Blick zur Digitalanzeige der Mikrowelle best\u00e4tigte, dass es erst kurz nach f\u00fcnf war. Wie viel von ihrem Gespr\u00e4ch war real gewesen und wie viel Traum? M\u00f6glicherweise war der \u00dcbergang flie\u00dfend \u0001 \u0002 hatte er Caroline Sheehan doch nicht erschossen. Es war nicht real gewesen, doch das stellte f\u00fcr ihn kaum eine Erleichterung dar.\u00bbJa. Schon. Ein bisschen mehr als das. Es war ein Test deiner Loyalit\u00e4t und du hast dich leider nicht richtig verhalten\u00ab, erkl\u00e4rte Stanley gewohnt unger\u00fchrt. \u00bbUnd du bist... in meinem Verstand gewesen?\u00ab\u00bbJa. Das war ebenfalls ein Test. Sehr erfolgreich, w\u00fcrde ich sagen. Du hast bis zuletzt nichts bemerkt, oder?\u00ab Das schien Stanley, oder die leere H\u00fclle, die einmal Stanley gewesen war, bevor die Skiaren ihn gebrochen und zu ihrem Werkzeug umfunktioniert hatten, sogar mit einem gewissen Stolz zu erf\u00fcllen. George sprang auf, warf dabei den Stuhl um, auf dem er gesessen hatte und eilte zur Sp\u00fcle. Er \u00fcbergab sich in drei kurzen Sch\u00fcben. Die Magens\u00e4ure setzte seinen Mundraum in Brand. Er schnappte nach Luft und wandte sich wieder zu dem Jungen um, wobei er sich auf die Arbeitsplatte st\u00fctzen musste.\u00bbDann... ist die Zeit f\u00fcr Amakadan noch nicht gekommen?\u00ab, keuchte er.\u00bbNoch nicht\u00ab, best\u00e4tigte der Junge. \u00bbAber es wird nicht mehr lange dauern. Und dann wirst du wissen, was du zu tun hast.\u00abDar\u00fcber konnte George nur ver\u00e4chtlich lachen. Er versp\u00fcrte immer noch ein gewisses Misstrauen in die Realit\u00e4t seiner Umgebung, dass ihn m\u00f6glicherweise noch eine lange Zeit verfolgen w\u00fcrde. Der Traum, dem Stanley ihn ins Hirn gezwungen hatte, war beinahe so wirklich gewesen wie die Wirklichkeit selbst. Und nun f\u00fchlte George sich, als habe er den festen Halt verloren.\u00bbWarum glaubst, ich w\u00fcrde es n\u00e4chstes mal besser machen?\u00ab, fragte er trotzig. \u00bbMeine Entscheidung steht. Ich werde nicht mehr f\u00fcr euch t\u00f6ten.\u00ab Das Wort euch betonte er \u0001 \u0002 erhob sich, nahm den vorzeitlichen mit dem roten Kristall am Griff, wickelte ihn wieder in den Stofffetzen und hielt ihn George hin.\u00bbDoch, das wirst du\u00ab, behauptete er \u00fcberzeugt. George nahm den Dolch widerwillig entgegen. Stanley tippte sich mit dem Zeigefinger gegen die Schl\u00e4fe und pr\u00e4sentierte abermals sein bitteres L\u00e4cheln.\u00bbDie mentalen Blockaden, George. Du kannst versuchen, den Gehorsam zu verweigern, aber ich kann dir versprechen, es wird dir nicht gelingen. Ich habe es oft genug versucht.\u00abGeorges nat\u00fcrliche Reaktion auf die Behauptung, er bes\u00e4\u00dfe keinen freien Willen, war eine nat\u00fcrlich eine radikal ablehnende, aber Stanley beharrte darauf.\u00bbDas nimmt dir doch zumindest deine moralischen Konflikte ab, oder nicht?\u00ab, sagte er. \u00bbEs h\u00e4ngt nicht mehr von deiner Entscheidung ab, sondern von ihrer. Fremdbestimmung hat auch ihre Vorteile.\u00ab Nun klang er beinahe traurig, auch wenn er noch immer das L\u00e4cheln zur Schau trug. Ein trauriger, verlorener Junge. Aus der Zeit gefallen und von der Welt isoliert. Ein Mischwesen zwischen Mensch und Skiar. \u00bbDer Tag wird bald kommen. Lebewohl, George. So gut es eben geht.\u00ab Dies war nach ihrem Gespr\u00e4ch \u00fcber Kelly \u2013 hatte das wirklich stattgefunden \u2013 das zweite Mal, dass der Junge einen Anflug echter, menschlicher Emotion zeigte. Das bisschen Menschlichkeit, dass noch geblieben war. Aber es war machtlos gegen den Willen der Skiaren und damit hinf\u00e4llig. Der Junge verlie\u00df die K\u00fcche und schien kurz darauf verschwunden zu sein wie Nachtfrost in der Mittagssonne. Als h\u00e4tte es ihn nie gegeben. Das \u00fcbernat\u00fcrliche Verschwinden st\u00fctzte Georges Theorie, dass dies nur ein weiterer Traum sein \u0001 \u0002 was war mit den mentalen Blockaden? George hatte das Gef\u00fchl, er musste es wissen. Es gab einen sicheren Weg, festzustellen, ob er tats\u00e4chlich frei war oder nicht, denn es gab eine Sache, die sie ihm sicher unter keinen Umst\u00e4nden erlauben w\u00fcrden. Er war den eingewickelten Dolch zur\u00fcck auf den Tisch, der noch immer von Essensverpackungen \u00fcbers\u00e4t war und griff nach der Smith&Wesson. Die Ber\u00fchrung l\u00f6ste ein unheimliches D\u00e9j\u00e0 vu aus. Mit dieser Waffe hatte er dreimal auf Caroline Sheehan gefeuert. Es war nicht wichtig, ob es real gewesen war oder nicht. Sie sa\u00df in diesem Moment sicher immer noch mit ihrer Tochter bei der Trauerfeier f\u00fcr ihren Mann im Red Maple. Sie lebte. Aber das war nicht, worauf es ankam. George hatte es getan. Er hatte gezielt und abgedr\u00fcckt, weil er es wollte. Genauso wie damals, als er auf Finnigan Spencer geschossen hatte. Die Skiaren hatten sich in ihm nicht get\u00e4uscht. Er dachte wie sie und war meistens bereit, in ihrem Sinne zu handeln. Alle sein lamentieren \u00fcber Moral und Verantwortung, seine Schuldgef\u00fchle, waren mehr ein Ausdruck des kleinen Restes Menschlichkeit, der ihm geblieben war, wie er Stanley geblieben war. Aber das machte ihn nicht zu einem Menschen. Er hatte sich verkauft. Der Lohn der Skiaren war nicht die Unsterblichkeit. Es war nur eine blo\u00dfe Illusion. Ein \u00dcberlegenheitsgef\u00fchl, mit dem sich Leute wie George k\u00f6dern lie\u00dfen, ihre Mitmenschen zu verraten. Es konnte so nicht weitergehen. Er konnte so nicht weiterleben. Wer sich manipulieren lie\u00df, war selbst Schuld. Und wenn es nur einen Ausweg gab...Vielleicht nur, um sich zu beweisen, dass er in Wirklichkeit doch einen freien Willen besa\u00df, vielleicht, um seiner Verpflichtung zu entgehen, die ihn in naher Zukunft erwartete, vielleicht aus Reue, wahrscheinlich aus einer Mischung von all dem, spannte George den Harn seiner Waffe und presste sich die M\u00fcndung an den \u0001 \u0002 mache es. Ich mache es einfach, dachte er. Ein schneller, n\u00fcchterner Entschluss. Er war bereit. Er dr\u00fcckte ab. Wollte abdr\u00fccken. Doch sein Finger gehorchte nicht.",
            "wordcount": "3.747",
            "chapter_release": "02.02.2020",
            "chapter_number": "4"
        }
    },
    "title": "Die letzte Nacht von Kempton Rock",
    "topic": "unspecified",
    "release": "\n02.02.2020\n\t\t\t\t\t\t",
    "author": "Char0n"
}