{
    "tags": [],
    "chapcount": "5",
    "wordcount": "13.925",
    "chapters": {
        "1": {
            "text": "Ein Land, eine Stadt und danach ist alles vorbeiRostock trifft einer der gr\u00f6\u00dften Katastrophen \u00fcberhaupt. Ein Erdbeben in der St\u00e4rke von \u0001 \u0002 ersch\u00fcttert das deutsche Land. Mitten in der Nacht bricht es aus und kein Mensch kann was dagegen tun. Das Land steht Kopf und die Menschen k\u00e4mpfen nun um das \u00dcberleben. Wahrzeichen und Geb\u00e4ude sind eingest\u00fcrzt. Gewaltige Flutwellen sind ins Land gezogen und zerst\u00f6rten das, was die Menschen hier m\u00fchevoll aufgebaut haben. B\u00e4ume sind entwurzelt, Hafenst\u00e4dte teilweise \u00fcberflutet und Geb\u00e4ude niedergerissen. Nur ein Mensch hatte dies kommen sehen und sein \u00dcberlebenskampf beginnt. Mathias einsames Leben, nach dem Tod seiner Frau h\u00e4lt nix mehr in der Hafenstadt Rostock und er versucht sich ein Gesamtbild zu machen und wieso und warum es so stark seine Heimatstadt erwischt hat. In der Hoffnung, das wenigsten seine Freunde, die er in einer Chatgruppe kennen gelernt hat, es gut geht, begibt er sich, nach der Begutachtung der Sch\u00e4den, zu ihnen und versucht sich mit ihnen in Sicherheit zu bringen, da sie alles sind was er noch hat. Der Weg, den er bestreitet ist aber nicht ohne Gefahren. Nachbeben, wilde umherlaufende Tiere, zerst\u00f6rte Landschaftsstriche und durchdrehende Menschen erschweren seinen Weg. Ein Geheimnis, wird ihn jedoch gegeben, womit er nicht viel anfangen kann, bis er den wahren Grund herausfindet und das ihn der Verfolger, doch nicht so einfach machen l\u00e4sst. Kann Mathias seine Freunde finden und retten? Wird er das Geheimnis l\u00fcften? Welcher Verfolger l\u00e4sst ihn nicht in Ruhe und jagt ihn?",
            "wordcount": "248",
            "chapter_release": "28.08.2015",
            "chapter_number": "1"
        },
        "2": {
            "text": "Hallo und ich freue mich euch einen Teil aus dieser Geschichte vorzustellen, wo ich aber ehrlich gestehen muss, das ich den spannenden Teil aus einen Traum hatte und mir gedacht habe, ich probiere dies mal als eine Geschichte hier zu schreiben. Ob es euch gef\u00e4llt oder nicht, bleibt nur von euch und euren Kommentaren abzuh\u00e4ngen. Und damit keine gro\u00dfen Missverst\u00e4ndnisse auftauchen, die Charaktere, die real und existieren sind Mathias, Sandra, Mavis und Julia. Nun aber viel Spa\u00df und ich hoffe euch gef\u00e4llt diese Kapitel ebenfalls. ________________________________________________Ein Land, eine Stadt und danach ist alles vorbeiKapitel 001. Der Tag an dem ich zu Bett ging________________________________________________EVERSHAGEN; DANZIGER STRA\u00dfE (\u0001 \u0002.15 - 19.:45)Die grauen Wolken formten sich immer dichter zu einer gewaltigen grauen Masse und im Wetterbericht lief es schon den ganzen Tag lang, das zum Abend hin, ein st\u00fcrmischer Regen kommen sollte und mit starken Winden zu rechnen ist. Vor ein paar Stunden kam der junge 26 j\u00e4hrige Mann, Mathias, nach Hause und legte sich erstmals auf die Couch. Zu viel war er heute gerannt, das ihm die F\u00fc\u00dfe schmerzten und teilweise dampften. Kein Wunder, seine Arbeit lie\u00df ihn keine ruhige Minute und er spurtete von einem Arbeitsplatz zum n\u00e4chsten. Doch zu seinem Leidwesen, fiel ihn vor ein paar Monaten eine schwere Kiste auf die F\u00fc\u00dfe und beide Beine hatten schwere Br\u00fcche, die erst Monate sp\u00e4ter wieder geheilt werden sollten, wenn ihm jetzt nicht noch so ein D\u00f6ddel etwas Schweres auf die F\u00fc\u00dfe ballerte. Mit seinen beiden Kr\u00fccken, in jeder Hand, musste er sich immer wieder damit abm\u00fchen, das ihm selbst der Einkauf eine stressige Tortour werden lie\u00df. Doch er w\u00e4re nicht der Mann, dem seine ehemalige Frau geheiratet h\u00e4tte. Mit einem erleichterten Seufzer und zufriedenen \u0001 \u0002 er sich in die weiche, schwarze Couchgarnitur fallen und war heilfroh, das er nun keinen Finger mehr r\u00fchren musste. Einfach nur entspannen und abschalten wollte er. \u201eAhh! Das tut gut!\u201c seufzte er zufrieden und lie\u00df seine Augenlider, seine gr\u00fcn-bl\u00e4ulichen Augen verdecken. Mit einen kurzen innerlichen Gedanken, kamen ihn die t\u00e4glichen Gedanken, die ihn daran erinnerten, wie es damals noch war. Damals, als er noch gl\u00fccklich und zufrieden mit seiner Frau Mavis, gl\u00fcckliche Stunden verbracht hatte. Doch seine Liebe lie\u00df das Schicksal nicht zu und beendete sein Gl\u00fcck. Mit nur einen dummen fatalen Fehler, von dem anderen Fahrer, kollidierte er mit diesem und die Seitent\u00fcr seines Autos wurde so stark eingedr\u00fcckt, das seine Frau, sowie seine geborene Tochter Julia, durch innerliche und \u00e4u\u00dferliche Verletzungen starben. Noch am Unfallort konnten die Rettungsdienste und der Notdienst nur deren Tode feststellen und den anderen Fahrer verarzten, der mit nur ein paar leichten Prellungen und Beulen davon kam. Warum? Warum hatte dieser soviel Gl\u00fcck und seine Frau und sein Kind nicht? H\u00e4tte er dieser die Vorfahrt beachtet, w\u00e4re es doch gar nicht zu so was gekommen oder? Seine Gedanken kehrten wieder zur\u00fcck in die Gegenwart und dennoch liefen ihn wieder ein paar Tr\u00e4nen. Er wollte sich nicht mal vorstellen, was f\u00fcr Schmerzen Mavis gehabt haben muss, w\u00e4hrend sie noch mit ihren Leben rangte. Nur noch diesen Zusammensto\u00df und einen lauten Knall vernahm er und wie seine Frau bis auf\u00b4s \u00c4u\u00dferte schrie und ihn ansah. Selbst seine ein Jahre alte Tochter Julia, schrie kurz, bis sie verstummte. Dann nach nur ein paar weiteren Minuten, war es vorbei. Nur noch ihre Hand konnte sie halten, bis diese unter gro\u00dfen Druck, an seiner, erschlaffte und von seiner glitt. W\u00e4re damals nicht die Polizei gekommen, h\u00e4tte er wahrscheinlich unter gro\u00dfer Trauer und Wut, den anderen Fahrer erw\u00fcrgt oder schlimmeres. Noch einmal kam ihn dieses schreckliche Bild in den Kopf und er musste sich eingestehen, das sein Chatfreundin Sandra, damit keine Freundlichkeit ernten konnte. Sie wollte das der blondhaarige Junge los lie\u00df und sich endlich wieder ein Leben mit einer anderen Partnerin aufbaute. Doch konnte er das? Konnte er eine andere Frau lieben, obwohl er sich seinen eigenen Schwur setzte, das er Mavis weiterhin lieben wird, brechen? W\u00fcrde diese Sandra verstehen, das er unter seiner sehns\u00fcchtigen Liebe, keine andere wollte? Nochmal, stellte er sich seine Frau vor sich vor und ein L\u00e4cheln verlie\u00df seine Lippen. Wie sie ihn, mit ihren fast wei\u00dfen Gesicht und Haut, ihn mit ihren dunklen, schon fast schwarzen Augen ansah und ihn zu l\u00e4chelte. Mit einer weiteren Vorstellungskraft sah er sie lachen. Mit ihren wei\u00dfen Z\u00e4hnen und ihren schwarzen langen Haaren und ihren roten Lippen, konnte er sich selbst dar\u00fcber freuen, das er diese Frau, f\u00fcr\u00b4s Leben, gefunden hatte. Obwohl sie noch nicht mal eine deutsche B\u00fcrgerin war, hatte er mit Ausl\u00e4ndern \u00fcberhaupt kein Problem. Au\u00dfer das sie sich hier faul niederlie\u00dfen und einfach nur die Gelder vom Arbeitsamt oder sonstigen sozialen Einrichtungen in die Tasche einstreichen. Wenigstens arbeiten sollten sie, damit sie auch ihre Geld nicht umsonst verdienen w\u00fcrden. Mavis war f\u00fcr ihn eine Ausnahme. Obwohl sie eine reinrassige Rum\u00e4nin, aus einer sehr feinen Familien gekommen ist, lebte sie sehr bescheiden und zur\u00fcckhaltend. R\u00fcm\u00e4nien war noch nie ein reiches Land gewesen, doch f\u00fcr F\u00fcrstenm\u00e4nner und Burgheeren, waren die damaligen Zeiten, ein erfolgreiches Leben. Nur von ihren Stammbaum her, wusste Mathias das seine Frau vom blauen Blut abstammte, aber das war schon mehr als 350 Jahre her und nur ihr Vater hatte seine Blutlinie fortgesetzt. Doch nun wurde Mavis zu seiner Frau. Die Frau, die er selbst im Ausland, auf einer Reise geheiratet hatte und das in einem Land, wo die unm\u00f6glichsten Dinge m\u00f6glich gemacht wurden. Amerika. In Los Angeles, wo er mit ihr eine sch\u00f6ne Reise verbracht hatte und sich dort mit ihr getraut hatte. Nur noch diese gl\u00fccken Momente waren ihn geblieben und die Videoaufnahmen und Fotos erinnerten ihn tagt\u00e4glich daran, wie er damals mit ihr eine sch\u00f6ne Zeit verbracht hatte. Er wischte sich die Tr\u00e4nen vom Gesicht und \u00f6ffnete wieder die Augen. Zu sp\u00e4t ist es geworden und er staunte, das er eine ganze Stunde, in Gedanken versunken ist und diese kurzen Abschnitte, vor seinen inneren Augen ablaufen lie\u00df. \u201eSchei\u00dfe, schon so sp\u00e4t?\u201c rief er sich fragend in seine Gedanken und rappelte sich wieder von seiner schwarzen Couch hoch. Mit einen einfachen Griff, packte er sich seine beiden Gehhilfen und wendete sich gleich in die K\u00fcche. Er musste sich noch Arbeitsbrote f\u00fcr morgen schmieren und selbst auch mal was essen. \u201eMan ey, ich muss mir noch Brote machen!\u201c schnaufte er unzufrieden und st\u00f6hnte ein wenig gestresst seinen schweren Atem aus. Nicht nur das er sich tagt\u00e4glich an seiner Vergangenheit klammerte, hatte er auch keine gro\u00dfen Bed\u00fcrfnisse mehr sich richtig die Zeit zu nehmen und was ordentliches zu essen. Mit schnellen Handgriffen zog er sich aus der Tiefk\u00fchltruhe eine Pizza und schob sie sich somit auch gleich in den Backofen. \u201eHmm, ich denke mal eine Pizza wird wohl reichen, f\u00fcr heut\u00b4 Abend!\u201c merkte er an und schob den Regler auf Umluft und Hitze, wo er die Gradzahl auf 200 drehte. W\u00e4hrenddessen er nur die Pizza zu sah, wie sie goldbraun werden sollte, drehte er sich noch mal zum K\u00fchlschrank zu und holte sich die n\u00f6tigen Sachen f\u00fcr die Arbeitsbrote morgen. \u201eHm, wir nehmen heute mal wieder K\u00e4se, Wurst, ein bisschen von meine Seelachssalat und vielleicht mal wieder ein bisschen Schoki!\u201c rief er sich in seine Gedanken und reckte sich zum K\u00fchlschrank hoch. Auch tippte er den Einschalter f\u00fcr das Radio ein und ein Sender lief gerade mit Musik. Nun versuchte er sich selbst die Stimmung zu heben und pfiff zu der Melodie und dem Gesang zu. Mit schnellen und einfachen Handbewegungen sind die Arbeitsbrote geschmiert und der Mann holte sich die hei\u00dfe Pizza aus dem Backofen raus. Kurz h\u00e4tte er geschrien, da er den Topflappen vergessen hatte, um das Blech anzufassen, doch schnell holte er ihn hervor und zog sich das Fertiggericht auf sein Teller. Mit hastigen und schnellen Bissen schlang er den belegten Teigfladen herunter und ging nun ins Badezimmer. Mit der Zahnb\u00fcrste h\u00f6rte er im Hintergrund der Musik zu und summte mit. Das Lied h\u00f6rte auf und die Nachrichten kamen. Die tagt\u00e4glichen Neuigkeiten interessierten ihn schon, doch sich sein Urteil dar\u00fcber zu f\u00e4llen machte ihn wenig Sinn, da er ja niemanden mehr hatte, mit dem er dar\u00fcber sprechen konnte. \u201e... und nun zum Wetter: Heute Nacht bleibt es dicht bew\u00f6lkt und k\u00fchl und es kann zu weiteren Regenf\u00e4llen kommen, die mit kr\u00e4ftigen Windb\u00f6en folgen. Es bleibt bei angenehmen 12 Grad und der morgige Tag beginnt etwas freundlich. In der Nacht wird jedoch geraten, das sie alle Fenster schlie\u00dfen und alles gut verstauen, was sie drau\u00dfen haben..!\u201c kam es von der Wetterdame und die Nachrichten wurden von einen anderen Moderator \u00fcbernommen, der nun den n\u00e4chsten Titel eines Liedes ank\u00fcndigten. \u201eHm, wenigsten bekommt die Landwirtschaft eine gute Ernte!\u201c argumentierte der blondhaarige Mann zu sich selbst und spuckte die Zahnpasta aus, die er noch im Mund hatte. Mit seinen Kr\u00fccken ging er zur\u00fcck und schaltete das Ger\u00e4t aus und ging nun zum Schlafzimmer. Mit der Sitzm\u00f6glichkeit eines Stuhl\u00b4s zog er sich aus und legte sich seinen Schlafanzug an. Schnell \u00f6ffnete er sein Fenster und dachte nicht im Traum daran, es geschlossen zuhalten. Er ist der Typ Mensch, der w\u00e4hrend des Schlaf\u00b4s frische Luft brauchte und sich somit noch dichter an seine kuschelige Decke ran dr\u00fccken konnte. \u201ePah, die \u00dcbertreiben immer so ma\u00dflos! Als ob so ein kleiner Sturm hier nach oben in den 17 Stock weht und alles durcheinander bringt!\u201c schnaufte Mathias etwas aufgebracht und klackte mit seinen Kr\u00fccken nun zum Bett. Schnell zog er sich die Decke bis zu Nasenspitze und lie\u00df noch eine Weile das Licht an. Mit offenen Augen, die eher ohne eine Regung, desinteressiert zur Decke starrten, blieb er noch so einige Zeit. 21:00 UHREr blickte auf seinen Wecker und staunte, das die Zeit nicht wirklich voran ging. Sonst verlief sie wie im Fluge, doch heute schien er Interessenlos einfach nur zur Decke zu starren und wartete darauf, das sein K\u00f6rper sich in den Schlafmodus stellte. Mit einen kurzen st\u00f6hnen und unzufriedenen Gesichtsausdruck wurmte es ihn, das er nicht schlafen konnte. \u201eMist! Ich kann nicht schlafen und ich habe nicht so wirklich Bock, mit dem Handy noch zu zocken!... Hm Vielleicht sollte ich mich mal wieder bei Telegram melden?! Da war ich schon vor ein paar Stunden nicht mehr. Sonst machen sich die anderen bestimmt Sorgen!\u201c kam es gedanklich zu seinen Gehirn und er griff sich sein kleines handliches Ger\u00e4t und l\u00f6ste die Tastenspeere. Mit schnellen Getippe und Wischen, von einer App zur n\u00e4chsten, kontrollierte er noch mal die Zust\u00e4nde und ging zum Schluss auf die App, wo er seine Chatpartner hatte. Mit einen kurzen Blick, wer alles on war, tippte er los und meldete sich in der Gruppe. \u201eHallo Freunde, wie geht\u2019s euch heut Abend so?\u201c tippte e rein und verschickte dies sofort. Sofort kam die R\u00fcckantworten und die jungen, sowie alten Leute, meldeten sich von der anderen Seite, die an vielen verschiedenen Orten, von Deutschland wohnten. \u201eGut! Ich heute mit meiner Schmusekatze geschmust und gespielt!\u201c kam es getippt von Anna und ein freundliches Smiley wurde noch dazu angeh\u00e4ngt. \u201eIch habe heute bei meinen Kriegsspiel, viele Ressourcen von einen anderen Spieler bekommen und kann endlich meinen Minenwerfer aufr\u00fcsten!\u201c kam es nun auch von Pascal und die Freunde richteten sich nun auf den 26 j\u00e4hrigen jungen Mann. \u201eSch\u00f6n!\u201c ging es nur zur\u00fcck von ihm und er freute sich ein wenig, das es ihnen allen gut ging. Er wusste, wenn sie alle gut drauf sind, freute er sich mit ihnen und seine depressive Laune konnte er somit entgehen. \u201eUnd was hast du heute so gemacht?!\u201c kam es ein wenig auffordernd von Jana, und sie setzte einen fragenden Gesichtsausdruck als Smiley. Der mittellang haarige Blondschopf \u00fcberlegte kurz, ob er sie dar\u00fcber informieren sollte, das er sich wieder Gedanken gemacht hatte, das er an seine verstorbene Frau dachte oder nicht. Er dachte sich etwas aus, um sich nicht anmerken zu lassen, das ihm was fehlte. \u201eIch? Ich habe heute nach der Arbeit nicht viel getan. Habe nur eine Pizza gegessen und ein wenig Fern gesehen, wo ich anschlie\u00dfend, nach meiner abendlichen K\u00f6rperpflege zu euch gesto\u00dfen bin!\u201c schrieb er und blickte auf den beleuchteten Display, wo man sehen konnte wer gerade alles mit ihm schrieb. \u201eSch\u00f6n?\u201c kam es selber kurz von der j\u00fcngeren Anna, und sie grinste dazu. Pascal schien aber ein wenig mehr erfahren zu wollen und fragte ihn nach den Hintergr\u00fcnden, was er sich angesehen hatte. \u201ePizza? Ist zwar nicht das ges\u00fcndeste Zeug, aber hey, wenigstens etwas! Sag, was hast du den geschaut?\u201c fragte er nach. Da war er nun. In der Zwickm\u00fchle und es gab keinen Ausweg, sich eine plausible Anrede einfallen zu lassen. Er stockte kurz w\u00e4hrend er auf sein Handy eintippte und blickte in seinen leicht abgedunkelten Raum. \u201eIch habe nichts aufregendes gesehen, nur die Nachrichten auf N24 und eine kurze Dokumentation \u00fcber Erdbeben auf N-TV!\u201c kam es nur kurz ohne Smiley und Pascal hackte weiter nach. \u201e\u00dcber Erdbeben? Wahnsinn! Solchen gewaltigen Kr\u00e4fte sind bestimmt monstr\u00f6s oder?\u201c fragte er wieder nach und wartete auf seine R\u00fcckantwort. Mathias sa\u00df nun richtig in der Patsche und wusste nun \u00fcberhaupt nicht, was er dazu noch sagen sollte. Gut er k\u00f6nnte nun was aus seiner Schulzeit erz\u00e4hlen, was er dort alles \u00fcber Erdbeben wei\u00df, doch viel war es nicht. \u201eJa, mit solchen Kr\u00e4ften die bei der Erdplattenbewegung entstehen, ist nicht zu spa\u00dfen. Allein schon, wenn sie aufeinander treffen, k\u00f6nnen in nur wenigen Sekunden gewaltig viel Energie freisetzen, wie mehrere Atombomben gleichzeitig und Risse einstehen im Erdreich!\u201c f\u00fcgte er hinzu und schnaufte erleichtert auf. \u201eGlaub ich dir, doch wie sieht es eigentlich mit einen k\u00fcnstlichen Erdbeben aus? Ich meine, haben sie dort auch \u00fcber so was gesprochen?!\u201c interessierte sich nun der 17 j\u00e4hrige Pascal und legte den passenden Smiley dazu. Nun konnte Mathias keine Ausrede mehr finden und musste entweder das Thema \u00e4ndern oder aber einfach was anderes sagen oder tun. In diesen Augenblick ging Denis online und rief Mathias zu sich. \u201eHey Matze! Alles klar bei dir?! Wie geht\u2019s dir?\u201c Da freute sich Mathias auf diese Ablenkung und wendete sich sofort zu den 18 j\u00e4hrigen jungen Mann. Obwohl er sie alle kaum gesehen hatte, schien er bei Denis mehr sich Wohl zu f\u00fchlen. Nicht nur das sie sich alle manchmal gegenseitig Fotos schickte, um auch ihr Aussehen zu zeigen, wie sich die es anderen vorstellen konnten, sondern unterhielten sich auch offen \u00fcber ihre ganz eigenen Macken und Merkmale. Bei Denis konnte sich Mathias sofort ein Bild machen und er brauchte nur an das Bild von ihm zur\u00fcck erinnern, wie dieser zwei Meter gro\u00dfe Junge vor ihm stand und mit seinen kurzen leicht dunkelblonden Haaren ansah. Sofort grinste der 26 J\u00e4hrige und zeigte dies auch mit einen l\u00e4chelnden Smiley und seinen Kommentar. \u201eHey Denis ;-) Mir geht\u2019s gut. Ich habe heute nach der Arbeit aber nicht viel gemacht au\u00dfer eine Pizza gegessen und ein wenig Fehrnseh geschaut!\u201c gab er wieder und der gro\u00dfe j\u00fcngere Mann kam ihn gleich mit seinen gesundheitlichen Aspekt entgegen. \u201eHm, kannst du dir auch was anderes machen? Ich meine Pizza ist nun nicht gerade eines der ges\u00fcndesten Mahlzeiten und das was die dort rauf knallen, ist sowieso nur gepanscht oder gestreckt!\u201c ging es mahnend zur\u00fcck und da musste Mathias grinsen. Nat\u00fcrlich wusste der ehemalige Familienvater, das dies nicht eines der ges\u00fcndesten Gerichte \u00fcberhaupt ist, doch warum sollte er sich als einzelne Person schon was aufwendiges machen? Er lebte ja nun schlie\u00dflich alleine und das er sich was Gesundes kochte, schien wirklich ein wenig weniger zu werden. Die Zeit f\u00fcr ein ordentliches Essen nahm er sich schon und stellte sich dementsprechend auch an den Herd, doch heute schaffte er es einfach nicht mehr und selbst die Zeit f\u00fcr sein Zigaretten stopfen, brauchte Zeit. Das gab er nun auch an und bekam von dem Gesundheitsfanatiker gleich wieder. \u201eIch wei\u00df Gro\u00dfer, aber ich habe ja sowieso kaum Zeit. Au\u00dferdem muss ich ja auch noch meine Zigaretten stopfen, f\u00fcr den morgigen Arbeitstag!\u201c erkl\u00e4rte er. Und da w\u00e4ren wir schon beim n\u00e4chsten Thema. Rauch nicht soviel! Du wei\u00dft genau, das du schon Probleme mit deinem Herzen hast und das Sandra um dich gebangt hat, als du im Krankenhaus in Neustrelitz lagst. Sie sa\u00df ja nicht ohne Grund tagelang an deinem Bett. Ich habe wenigstens versucht sie hier\u00fcber aufzubauen, wo du \u201cgepennt\u201c hast, Kollege!\u201c sagte e rund hielt ihn somit die Standpauke des heutigen Tages. Da war es wieder. Nicht nur das Mathias sich st\u00e4ndig die ankotzenden Probleme seiner Mitarbeiter anh\u00f6ren musste, nein, jetzt bekam er noch, einer seiner besten Freunde, eine Standpauke gehalten. Und damit hatte er auch Recht. Mathias wusste ja selbst das er zu viel rauchte, aber diese Art von Genussmittel wollte e nicht so einfach aufgeben, obwohl Denis ja noch nicht mal hier war und an einen ganz andern \u00d6rtchen wohnte. \u201eIch wei\u00df und das tut mir Leid, aber ich kann mich ja wohl kaum davon l\u00f6sen. Ich find es ja auch mies und traurig von mir, das ich Sandra so viele Sorgen bereitet habe, doch sie muss auch begreifen, das ich alleine bleiben will!\u201c tippte aufgebracht der junge Blondschopf ein und fand dies als einen der Gr\u00fcnde, das die 22 j\u00e4hrige Frau sich da ihm aufdr\u00e4ngte und sie sich zu ihm hingezogen f\u00fchlte, obwohl er kaum Gef\u00fchle f\u00fcr sie empfing. Zuzugeben, sie als Frau war keine H\u00e4ssliche. Im Gegenteil. Sie schien wie eine Model-Frau zu wirken und hatte die besonderen Punkte, die jede Frau wohl gerne h\u00e4tte. Sch\u00f6ne, vollige dunkelbraune Haare, ein h\u00fcbsches Gesicht mit gro\u00dfen dunklen braunen Augen, schlanke Arme und Beine, gute Proportionen an Taille, H\u00fcfte Brust und Hintern und eine sonstige attraktive Figur. Jetzt wollte Mathias aber nicht weiter dar\u00fcber streiten und ging nun mit voller Absicht auf die Begr\u00fcndung das er schlafen m\u00fcsste, obwohl er kein St\u00fcckchen M\u00fcde war. \u201eEs ist schon sp\u00e4t! Ich melde mich morgen wieder! By\u201c ging es zu guter Letzt und verlie\u00df die App. Mit einen leicht genervten Augenrollen, schnaufte Mathias nerv\u00f6se und musste diesmal an Sandra denken. Diese Frau schien ihn ordentlich den Kopf gewaschen zu haben. Nicht nur das sie wirkliche eine junge h\u00fcbsche Frau ist. Sie ist auch in einigen Punkten seiner verstorbenen Liebe \u00e4hnlich. Und das war einer der tiefgehenden Gr\u00fcnde, das er sich auf Abstand hielt. Obwohl er selbst auch dementsprechende Gef\u00fchle f\u00fcr sie empfing, wollte er nicht noch einmal das durchleben, wenn sie ebenfalls vor seinen Augen sterben w\u00fcrde. Unter diesen Vorwurf, blieb er noch ein wenig wach und die Zeit verrinnte nur sehr langsam. Z\u00e4hfl\u00fcssig zog eine Sekunde nach der n\u00e4chsten und nur sehr langsam f\u00fcllte sich eine Minute. Dann noch eine und noch eine. F\u00fcnf Minuten lag er nun so im Bett und starrte die Decke wieder an, bis ihm auf einmal der Gedanke zu der ausgedachten Reportage der Erdbeben gekommen ist. W\u00fcrde so ein starkes Erdbeben Deutschland heimsuchen, w\u00fcrde in h\u00f6chster Wahrscheinlichkeit alles ins Chaos st\u00fcrzen. Kein Geb\u00e4ude mehr w\u00fcrde stehen und die Menschen w\u00e4ren geschockt, das ein solch starkes Erdbeben \u00fcberhaupt in Deutschland entstehen \u0001 \u0002; AU\u00dfERHALB VOM KREIS ROSTOCK (\u0001 \u0002.15 \u2013 22.:00) \u201eBald ist es soweit! In zwei Stunden, wird das Land erfahren, was es hei\u00dft Angst zu haben!\u201c rief fies h\u00e4misch eine Person, auf offener See, auf einen einzelnen mittelgro\u00dfen Boot zu sich und blickte sich in die finstere Nacht um, wo die dichte Wolkendecke, bereits ihre schweren Regentropfen entlud und mit so starken kr\u00e4ftigen Windb\u00f6ene blies, das das Boot zum schaukeln brachte, das meterhohe Wellen sich ihm entgegenstellten und den perfekten Sturm formten. Wie w\u00fcrde Mathias darauf reagieren, wenn er mit seiner Vermutung recht hatte?Wer ist diese unbekannte Person, die sich auf offener See, einen fiesen Plan ausheckt?Was w\u00fcrde passieren, wenn die Menschen wirklich einen Erdbeben zum Opfer fallen?Nun habt ihr das erste Kapitel gelesen und ich hoffe es hat euch teilweise gefallen. Ich weiss, der Anfang ist sehr langweilig und ist nicht besonders spannend, doch daf\u00fcr geht es nun in Kapitel 2 richtig zur Sache, wo ihr nun euch fragt, wer diese fremde Person ist und was sie ausheckt. Lasst euch \u00fcberraschen und seit gespannt was n\u00e4chste Woche \u0001 \u0002 euer Autor Mathias",
            "wordcount": "3.325",
            "chapter_release": "28.08.2015",
            "chapter_number": "2"
        },
        "3": {
            "text": "Guten Abend! Heute wird sich dieses Kapitel mehr um das drehen, was so der ein oder andere f\u00fcrchtet und wie sich in dieser Nacht Deutschland ver\u00e4ndern wird. Die Welt der Deutschen ger\u00e4t aus den Fugen und die Menschen m\u00fcssen sich mit etwas konfrontieren, womit keiner gerechnet h\u00e4tte. Das Ungl\u00fcck nimmt seinen Lauf und der \u00dcberlebenskampf.... \u0001 \u0002 Land, eine Stadt und danach ist alles vorbeiKapitel 002. Die Nacht wo der Alptraum beginnt________________________________________________Die vielen grauen Wolken, die sich immer dichter formten und gegenseitig zusammenpressten, schauerten einen unheimlichen schwarz-grauen Farbton \u00fcber die schlafende Hafenstadt und die Laternen, in der finsteren Dunkelheit, lie\u00dfen nur ab und zu mal ein Flackern der energiereichen Stromzufuhr unterbrechen. Der dr\u00f6hnende und schnelle peitschende Wind sauste mit grausamer Schnelligkeit \u00fcber die leeren Stra\u00dfen, die von einer schwarzen Asphaltstra\u00dfe, in eine einsame Betr\u00fcbnis fallen gelassen wurde. Kein Auto fuhr heute bei diesen Sturm raus und dennoch verirrten sich immer wieder ein paar Menschen in diesen aufbrausenden Sturm und versuchten so schnellstens wie m\u00f6glichst nach Hause zu kommen um sich in ihre w\u00e4rmenden, kuscheligen Betten ein zu murmeln, wo sie sich sorglos den himmlischen Schlafsand, von der M\u00e4rchenfigur, dem Sandmann, holen konnten, um in ein paar Stunden einen neuen, fr\u00f6hlicheren Tag zu beginnen, den man ihnen ank\u00fcndigte. Mit lauten pfeifenden dr\u00fcckenden Geheul, presste sich die st\u00fcrmischen Windb\u00f6en, in die kleinen Gassen und zogen den Staub und Dreck vor sich her, um die unheimliche Aura zu entgehen, die sich hier niederlegte. Keine Finsternis und kein Sturm, der sich so grausam \u00fcber diese kleine Hafenstadt legte, konnte es sich mit dieser unheimlichen wachsenden Macht aufnehmen und sie fl\u00fcchteten vor dieser unaufh\u00f6rlichen Existenz, die ihre Ausstrahlung unweigerlich, direkt im Zentrum von Rostock legte. Die raschelnden gr\u00fcnen B\u00e4ume wurden von dem st\u00fcrmischen Winden gezerrt und sie schwenkten immer kr\u00e4ftiger hin und her, wo sich die Windrichtung, die \u00c4ste sich zu einer Seite wehen lie\u00dfen. Der herunter prasselnde Regen knallte mit solch einer enormen Wucht gegen die Fensterl\u00e4den und auf die gepflasterten Stra\u00dfen, das in k\u00fcrzester Zeit kleinere Rinns\u00e4le, bis hin zu kleineren schnelleren Stromschnellen verwandelten. Die herunterkommenden Wassermassen, rauschten, wie ein rei\u00dfender Fluss, an den H\u00e4userw\u00e4nden entlang und die Regenrinnen konnten nicht so viele Wassermassen gleichzeitig ablaufen lassen, sodass sich die feuchtfr\u00f6hlichen Massen aus unz\u00e4hligen Regentropfen, aus der Rinnen pressten und mit der Gravitationskraft der Erde, auf den kalten feuchten Pflasterboden fielen und sich den rei\u00dfenden kleineren Stromschnellen hinzuf\u00fcgten. Blitze und Donnerger\u00e4usche zogen \u00fcber das Land und die ersten Blitze forderten, trotz der gewaltigen Regeng\u00fcsse, Brandsch\u00e4den und Unf\u00e4lle auf den Stra\u00dfen, wo B\u00e4ume durch den Sturm nieder fielen und komplett entwurzelt wurden. Mit lauten Get\u00f6se und knallenden Ger\u00e4uschen, hauchte der Sturm seine enorme Kraft an Naturelementen, \u00fcber die ganze Stadt ein. Im Sorglosen Schein, das die Menschen im Schlaf, einen ruhigeren und trockeneren Morgen erleben w\u00fcrden, wussten sie nicht was sie im n\u00e4chsten Moment erwarten w\u00fcrde. Die knallenden Blitze erhellten kurzlebig den pechschwarzen Nachthimmel und die lauten Donnerschl\u00e4ge, lie\u00dfen einige Menschen senkrecht im Bett auferstehen, wo sich der eine oder andere f\u00fcrchtete, das im n\u00e4chsten Augenblick der Blitz bei ihnen einschlagen w\u00fcrde. Mit den brausenden Sturmb\u00f6en, der \u00fcber ihren D\u00e4chern pfiffen und br\u00fcllten, hoben sich einige Dachziegel ab und zerschellten auf den harten Gestein einer Stra\u00dfe oder Gehweg, wo der Regen anschlie\u00dfend in das Dachgeschoss einfiel. So einen kr\u00e4ftigen Sturm hatte Rostock schon lange nicht mehr erlebt und die Elemente von Mutter Natur schienen verr\u00fcckt zu spielen. Viele m\u00e4chtige erschreckende Ger\u00e4usche h\u00f6rte man und die bibbernden und be\u00e4ngstigen Menschen hofften wirklich, das sie den morgigen Tag heil und ohne gr\u00f6\u00dfere Sch\u00e4den \u00fcberleben w\u00fcrden. Nun jedoch grollte es laut und unbarmherzig und die lauten tobenden knallenden Donnerger\u00e4usche wurden von einen noch viel gr\u00f6\u00dferen Laut verschluckt. Wie ein zittern der Erde, bibberte es erst leicht unter den ahnungslosen F\u00fc\u00dfen, der Menschen und sie f\u00fchlten, das was nicht stimmte. Dann ein Knall. Ein so lauter und intensiver Knall, der jeden Bewohner von ganz Deutschland geweckt hatte, das die Menschen aufschrien und sich ein sicheres Versteck suchten, das sie nicht von irgendwas getroffen wurde. Selbst die aufbrausenden Elemente der Natur schwelgten sich kurz in Stille, wo sie sich in Nachhinein wieder ihrer Kr\u00e4fte entluden und ihre ganz eigene Kraft \u00fcber das Land ausbreiteten. Dann zitterte es. Ein leichtes Vibrieren zog durch die ver\u00e4ngstigten K\u00f6rper der Menschen und die angestaute Angst zeigte sich auf ihre verzerrten und geschockten Gesichter. Vieles w\u00e4re mit einer einfachen simplen Antwort gel\u00f6st worden, doch nicht dieses. Wie eine apokalyptische Katastrophe, zog sich das Vibrieren des Boden \u00fcber die ganze Landmasse und das schwenken des Erdbodens wurden so kr\u00e4ftig und immens, das nun die B\u00e4ume, H\u00e4user und Autos erzitterten. Mit einer Welle aus Schock und Angst, zog das Beben \u00fcber das Land und die Alarmsirenen von Autoanlagen erheulten in die schlafende st\u00fcrmische Nacht. Selbst die niederliegenden Tiere, sp\u00fcrten diese Gefahr und die V\u00f6gel kreischten fliehend \u00fcber den Nachthimmel, wo man sich an der eigenen Angst \u0001 \u0002 nun passieren w\u00fcrde. Die schwenkenden Geb\u00e4ude zitterten so stark, das Geschirr und andere M\u00f6belst\u00fccke zu Boden fielen und aus ihren sicheren Stand zu Boden fielen und zerschellten oder mit einen sonstigen L\u00e4rm die Bewohner aufweckten. Ein lauter jedoch knallendes Ger\u00e4usch h\u00f6rte man durch den Luftraum zu sich schlagen und die Druckwelle, das sich diese Katastrophe noch lange nicht beruhigt hatte, fing erst so richtig an. Mit weiteren tobenden lauten knallenden Ger\u00e4uschen, zogen sich die ersten Risse durch das feste Erdreich und die asphaltierten nassen fahrbaren Autostra\u00dfen wurden auseinander gerissen wie Papier. Mit so einer gewaltigen Kraft und Schnelligkeit zog sich das erdbebengleiche Desaster im Nu \u00fcber das ganze Land. Wie auf einen Vulkan, senkte oder hoben sich die geteilte oder zerst\u00f6rte Landschaft und die Erdtr\u00fcmmer oder Haufen, zogen wie ein Tsunami ins Landesinnere. Angefangen von der Ostsee, str\u00f6mten die Wassermassen auf den Strand ein und die Wellen zogen sich durch die Wohngebiete, wo der st\u00fcrmische Wind dies verst\u00e4rkte und die Wellen weiterhin auft\u00fcrmte. Wie eine drohende Wand, knallten die Monsterwellen gegen die H\u00e4user und die ersten Sch\u00e4den bekr\u00e4ftigten die Ausma\u00dfen dieser Katastrophe. Das Neptun-Hotel, was direkt am Strand stand, vibrierte vom Erdboden aus und die zerst\u00f6rerischen Wassermassen dr\u00fcckten das Geb\u00e4ude ins Wohnviertel. Mit ausfallenden Laternen und beleuchteten Fluren, der einzelnen Etage dieses Etablissement, setzen die Wassermassen in k\u00fcrze alles aus, was die Elektrizit\u00e4t aufbot. Wie am 26 Dezember in S\u00fcd-Ost-Asien schlugen die monstr\u00f6sen Wellen in die Geb\u00e4ude ein und zogen eine Schneise der Verw\u00fcstung hinter sich her. Jedoch schien der Unterschied darin zu liegen, das dieses Erdbeben im Vergleich zu damals viel st\u00e4rker erschien. Kilometerweit h\u00f6rte man das Dr\u00f6hnen und Donnern der Katastrophe und selbst in weit abgelegenen St\u00e4dten, wie Berlin, h\u00f6rte man dies. Die st\u00fcrmischen Winde und das zerst\u00f6rerische Element der Erde, lie\u00dfen im n\u00e4chsten Augenblick das voll besetzte Hotel in sich einst\u00fcrzen. Wie ein Kartenhaus zerfiel es unter seiner eigenen Last und der schwenkende Boden dr\u00f6hnte weiterhin seinen unheimlichen Ruf ins Land. Die Menschen die schockiert dar\u00fcber geweckt wurden, erblickten nur noch zuletzt, wie es um sie herum alles verschwamm. Riesige Massen an Wasser dr\u00fcckten sich auf ihre K\u00f6rper ein. Zerst\u00f6rte Geb\u00e4udeteile zerquetschten sie und der freie Fall von solch einer H\u00f6he, lie\u00dfen sie nur einen kurzen Schrei der Angst und Panik verfallen, bis sie verstummten. Und das f\u00fcr immer. Die zerst\u00f6rten Tr\u00fcmmerreste, des Hotels schlugen auf die bewohnten Geb\u00e4ude ein und das w\u00e4ssrige Element zerst\u00f6rte mit zus\u00e4tzlicher Kraft, die standhaltenden H\u00e4user. Die Stra\u00dfen wurden in k\u00fcrze von dem unaufhaltsamen Wasserdruck verschluckt und die Autos wie Legosteine oder Playmobil-Autos weggedr\u00fcckt. Mit der Kraft, von einen gigantischen Monster, fegte das Erdbeben mit der Kraft des Wassers \u00fcber Warnem\u00fcnde hinweg und im Nu wurde der kleine Stadtteil verschluckt. Doch nicht nur diese kleine Hafenstadt wurde betroffen. Selbst die an K\u00fcsten liegenden St\u00e4dte wurden stark getroffen. R\u00fcgen wurden komplett \u00fcberflutet und weggesp\u00fclt. Bremen und Hamburg wurden von ihren H\u00e4fen aus \u00fcberschwemmt und \u00fcberzogen und Kiel erlebte eine gigantische Welle, die bis nach D\u00e4nemark nicht abriss. Genau in der Mitte der Ostsee schien das Epizentrum des Erdbebens zu liegen und die zerst\u00f6rerischen Flutwellen erschlugen selbst die K\u00fcsten von Norwegen und Finnland, sowie anderen L\u00e4ndern, die in diesen Bereich lagen. Eine Kraft, entfesselt von der Natur, zog sich in binnesten von Sekunden, \u00fcber das Land und die Menschen konnten in dieser aussichtslosen Laage nix tun. Nur wie sie und ihr Hab und Gut zerst\u00f6rt und vernichtet wurden. Mit einen donnernden Rumpeln zog sich die Flutwelle bis ins Landesinnere und versiegte erst Mitte von Deutschland, wo die Hafenst\u00e4dte am schlimmsten betroffen sind. Wie ein Anschlag wirkte dies und die Menschen rannten schreiend aus ihren H\u00e4usern, um sich im Freien was Sicheres zu suchen, da sie sich nicht mal in ihren Heim sicher f\u00fchlten. Die Nachbeben folgten schnell und die gewaltigen Risse aus dem Erdreich erstreckten sich mit einen schallenden Geschwindigkeit ins Landesweite. Das tobende Element der Natur schien noch lange nicht genug zu haben und die Geb\u00e4ude st\u00fcrzten reihenweise nacheinander ein. Mit erhobenen Senkungen und zerst\u00f6rten Landstrichen, setzte sich die Tiefspalten fort und zogen sich wie ein lebender Organismus weiter ins Innere des deutschen Reichs. Warnem\u00fcnde schien komplett zerst\u00f6rt zu sein. In der Innenstadt von Rostock schien kein Stein mehr auf den anderen zu stehen und die wunderh\u00fcbschen Landgegenden, von erfolgreichen bewirtschafteten Erntefeldern, lagen mit Rissen flach unterhalb des Erdbodens. Wie ein Lauffeuer, zogen sich die zerst\u00f6rerischen Elemente von einer Stadt zur n\u00e4chsten und selbst die Wahrzeichen blieben nicht verschont. Das Brandenburger Tor lag in zwei Teilen auf dem zerst\u00f6rten Platz. Das Reichstagsgeb\u00e4ude schien nur noch ein Haufen Schutt und Asche zu sein, die Gedenkst\u00e4tte der Berliner Mauer lie\u00dfen sich nur noch aus einzelnen zusammengefallenen Steinen erkennen zu lassen und der Holocaust Mahnmal wurde komplett von einer Erdsenkung verschluckt worden zu sein. Selbst die weiter inneren liegenden St\u00e4dte, schienen stark betroffen zu sein und das Erdbeben zerst\u00f6rte auch die anderen Merkmale dieser St\u00e4dte. Die Frauenkirche und der Zwinger von Dresden bekamen starke Geb\u00e4uderisse, die sp\u00e4ter auseinander drifteten und sich ein paar Meter, zweigeteilt voneinander aufhielten und der K\u00f6lner Dom wurde von seinen D\u00e4chern befreit, wo die W\u00e4nde zusammenfielen wie Kartenh\u00e4user oder wie Dominosteine. Selbst die altert\u00fcmlichen gesch\u00fctzten Denkm\u00e4ler von Deutschland wurden hart getroffen und die Schl\u00f6sser von Neuschwanstein und Heidelberg, wurden in ihren Grundfesten ersch\u00fcttert. Die sonst so gut restaurierten Einrichtungen, fielen in sich zusammen und ein reines Chaos verwandelte sich im Inneren, wo die \u00e4u\u00dferen Erscheinungen mit nur ein paar zerst\u00f6rten Steinen hinzunehmen hatten. Doch schlimmer traf es die St\u00e4dte und Siedlungen die in K\u00fcstenn\u00e4he sich festhielten. Wie in einen Horrorszenario, zog sich das Erdbeben in jede Spalte von Deutschland und die massigen Erdreiche verhielten sich, wie auf einen tobenden Meer. Mit st\u00e4ndigen Senkungen und Hebungen, rissen die Geb\u00e4ude und fielen anschlie\u00dfend in sich zusammen, wie Baukl\u00f6tzer. Nur die tiefen schluchtartigen Spalten, die sich \u00fcberall in Deutschland zogen, schienen zu wissen, was noch kommen wird. Selbst die anderen tobenden Elemente, schienen sich dieser Katastrophe beizumischen und die eigentlichen Probleme begangen erst richtig. Wasser von oben und aus dem Meer, \u00fcberschwemmten und zerst\u00f6rten im Nu, die vielen Geb\u00e4ude und Landstriche. Mit st\u00fcrmischen tobenden Windst\u00e4rken bliesen die Winde das entfachte Feuer immer weiter auf und die B\u00e4ume wurden gr\u00f6\u00dftenteils von ihnen entwurzelt und auf zerst\u00f6rten Stra\u00dfen geschleudert. Selbst das zerst\u00f6rerische Feuer schien komplette Geb\u00e4ude niederzubrennen und der n\u00e4chtlichen Abendhimmel f\u00e4rbte sich lichterloh in ein unheilvolles und schmerzhaftes Rot, wo die Wirkungen des Nachbebens kamen. Diese Kraft dieses Elements, schien sich nun an die Menschen zu r\u00e4chen. Unkontrolliert und v\u00f6llig au\u00dfer sich vor Wut, zog das Element Erde, \u00fcber das Land und Erdrutsche an Bergen und gr\u00f6\u00dferen Landstrichen, hinterlie\u00dfen zerst\u00f6rte Landschaften, wo alles untergraben wurde oder komplett nieder gem\u00e4ht wurde. Nichts und niemand schien sich von diesen gewaltigen Elementen verstecken zu k\u00f6nnen. EVERSHAGEN (00:05 UHR)Ich wei\u00df nur noch, wie es auf einmal einen f\u00fcrchterlichen lauten Knall gab und ich aufwachte vor Schrecken. Mit hochkommenden und auf zuckenden K\u00f6rper, blickte ich mich erschrocken um und sah in den verfinsterten dunklen Raum, wo ich mir nicht sicher wahr, ob ich ihn jemals wieder so sehen w\u00fcrde wie jetzt. Auf einmal h\u00f6rte ich es laut knallen und ein immer schneller werdendes Vibrieren und Sch\u00fctteln, durchzog mich und dem Geb\u00e4ude. Tobende laute und dr\u00f6hnende Ger\u00e4usche, vernahm ich an mein Ohr und mir wurde sofort klar, das was nicht mit rechten Dingen stimmte. Das was nicht mit Deutschland stimmte. Wie in einer Springburg, merkte ich \u00fcberall um mich herum, das die W\u00e4nde wackelten und alles aus den Schr\u00e4nken fiel. Nur klirrende Ger\u00e4usche, von Geschirr und anderen zerbrechlichen Sachen, merkte ich, das sich die Erdmasse auflehnte und ich hier bestimmt nicht mehr lebend, aus dem Raum, komme. Mit einen weiteren Knall, der sich weit aus der Ferne anh\u00f6rte, donnerte es an mein wahrnehmenden Ohr und ich f\u00fchlte zum ersten Mal einen richtigen L\u00e4rm um mich. Keinen L\u00e4rm wie bei einen Heavymetal Konzert oder einen lang anhaltenden Feuerwerk, wie bei den Pyrogames, sondern so ein lauter intensiver L\u00e4rm, der mir alle Sinne wegnahm und ich nicht mehr wusste wo oben oder wo unten ist. Ich h\u00fcpfte aus meinen Bett, fiel aber sofort hin. Einerseits, weil ich merkte, dass meine F\u00fc\u00dfe noch immer nicht geheilt sind und zweitens weil der Boden unter meinen F\u00fc\u00dfen so stark schwenkte, das ich dennoch unm\u00f6glich zum stehen gekommen w\u00e4re. Ich h\u00f6rte schlie\u00dflich nun ein immer nahendes dr\u00f6hnendes Ger\u00e4usch und robbte schnell zum Fenster und was ich denn durch meine Augen aus dem Fensterglas erblickte, nahm mir jeden Atem. Eine gigantische Welle, so gro\u00df wie mein Wohnhaus, wenn nicht sogar h\u00f6her, dr\u00fcckte und preschte sich nach vorne und kam bedrohlich immer n\u00e4her. In diesen Moment bekam ich richtig Schiss und Angst und versuchte mich mit all meiner Kraft zum n\u00e4chstbesten Platz, wo ich mich sch\u00fctzen konnte, zu bewegen. Einzig und allein h\u00f6rte ich den L\u00e4rm, wie sich die tobenden Wassermassen auf andere Geb\u00e4ude einwirkten und sie ertr\u00e4nkte. Wie, als ob ich in der Badewanne w\u00e4re, und eine Spielzeugstadt ertr\u00e4nken wollte, kam es mir vor. Klirrende und zersplitterte Glasscheiben folgten bei dem Aufprall, der st\u00fcrmischen Elemente des Wassers und um mich herum dr\u00e4ngte sich das Meereswasser in die Wohnung. Um mich herum schwamm sehr viel und alles was ich besa\u00df, wurde im n\u00e4chsten Augenblick durch die T\u00fcr, die aus der Angel fiel und die dazugeh\u00f6rigen Wassermassen die sich weiterhin ins Haus dr\u00fcckte, gesp\u00fclt. Wie in einer Waschtrommel f\u00fchlte ich mich und alle drehte sich um mich herum, bis ich anschlie\u00dfend aus meinen eigenen Wohnung gerissen wurde und wie ein Spielball, den Flur entlang gezogen wurde. Dann ging es abw\u00e4rts. Erst ein Stockwerk, dann Zwei und anschlie\u00dfend Drei Stockwerke, wo die salzigen Meeresfluten immer weniger wurden und ich schlussendlich auf den harten gefliesten Boden fiel und mit dem Gesicht darauf liegen blieb. \u00dcberall tropfte und br\u00f6ckelte es um mich herum und ich dachte im n\u00e4chsten Augenblick, das dies mein Aus w\u00e4re. Mit einen weitaus kr\u00e4ftigeren Ruckeln, des Bodens, merkte ich die Schwenkungen. Die Auf- und Abhebungen des Bebens und die Schaukeleien, die das Geb\u00e4ude im n\u00e4chsten Augenblick zum einst\u00fcrzen brachten. Nur dieses lauten intensive Ger\u00e4usche des zusammenfallenden Geb\u00e4udes, vernahm ich noch und versuchte mir sch\u00fctzend die H\u00e4nde \u00fcber Kopf und Nacken zu halten. Jedoch half mir dies nicht viel, als ein erdgro\u00dfer Klumpen, auf mein Hinterkopf fiel und mich bewusstlos schlug. Nur noch kurz vernahm ich schmerzend den Blick um mich herum, wie alle in sich zusammenfiel und panische und laut schreiende Menschen h\u00f6rte, die anschlie\u00dfend, von ihrer Etage aus tot oder immer noch schreiend zu Boden fielen, bis sie, durch gr\u00f6\u00dfere herabfallende Geb\u00e4udeteile zerquetscht wurden. Dann wurde es schwarz um mich. Ich merkte von der Katastrophe nicht mehr viel und hoffte inbr\u00fcnstig entweder das ich unbeschadet \u00fcberleben w\u00fcrde oder aber einfach schnell und schmerzlos sterben w\u00fcrde. Doch was w\u00fcrde ich tun, wenn ich \u00fcberleben w\u00fcrde? Was w\u00fcrde ich machen, wenn ich die zerst\u00f6rte Landschaft sehen? Wie und warum ausgerechnet sucht ein Erdbeben Deutschland so stark heim?Nun ist es passiert und das Erdbeben zog sich mit grausamer und katastrophaler Macht, durchs Land und zerst\u00f6rte alles was wir so m\u00fchselig aufgebaut haben oder versucht haben zu sch\u00fctzen. Ein schreckliches Bild, setzt sich f\u00fcr immer in die Ged\u00e4chtnisse der Menschen hier fest und der wahre \u00dcberlebenskampf besteht uns noch vor, wo Nachbeben, umherlaufende Verr\u00fcckte und gef\u00e4hrliche Tiere entgegenstellen. Mal sehen wie der Kampf fortgef\u00fchrt wird. LG euer Matze",
            "wordcount": "2.698",
            "chapter_release": "07.09.2015",
            "chapter_number": "3"
        },
        "4": {
            "text": "So, hier geht es nun mit Kapitel 3 weiter und ich hoffe, es sagt euch zu, wenn ich diesaml auf etwas stehen bleibe, was einen Menschen ganz besonders trifft, wenn man davon erf\u00e4hrt. Nun aber viel Spass beim \u0001 \u0002 Land, eine Stadt und danach ist alles vorbeiKapitel 03. Der Morgen, mit einer schrecklichen Erkenntnis________________________________________________Die morgendliche R\u00f6te, der aufgehenden Sonne, erhellte das dunkle Gebiet und die Sterne am Firmament verblassten langsam, wo die ersten mehlwei\u00dfen Wolken sich erstreckten. Die aufglimmenden Punkte, die wie in einer anderen Welt sich verbreiterten, legten sich selbst in den ruhigen Schlaf und lie\u00dfen das Land ihren eigenen Schicksal zukommen. Doch der Tag begann alles andere als freundlich. Die sonnigen hellen Strahlen benetzten die aufgerichteten gr\u00fcnen Bl\u00e4tter der Gr\u00e4ser und die Bl\u00fctenk\u00f6pfe \u00f6ffneten langsam ihr Haupt, wo eine sonst harmonische und idyllische Farbenpracht sich er\u00f6ffnete. Doch anders als bei der aufweckenden Natur, schienen andere Gegenst\u00e4nde und Steine anders aufgeweckt zu werden. V\u00f6llig in sich selbst zusammen gefallen und in einzelnen Bruchst\u00fccken, belegte sie der glei\u00dfende helle Stern in eine tr\u00fcbe Stimmung, die ein ungutes und unwohles Gef\u00fchl zur\u00fcck lie\u00df. Die Menschen, die aufwachten und noch nicht gestorben sind, legten ihre tragischen Augen aufs Land und konnten bei den ganzen Ausma\u00df es nicht fassen. Zerst\u00f6rung pur. Ganze Arbeit, hatte das Erbeben in der letzten Nacht geleistet und die sonst so fr\u00f6hlich angek\u00fcndigte Stimmung des Tages, kippte schnell in eine f\u00fcrchterliche Verzweiflung um. Wie viele Opfer gab es inzwischen? Wie hoch lag der Schaden, der bestimmt in die Billionen geht? Gab es noch Hoffnung, das Deutschland sich davon erholen wird? Wahrscheinlich nicht. Zuviel wurde in den letzten Stunden verloren und zu viel Schaden, mit geraubte Leben, zogen ihre Schneise an Trauer \u00fcbers Land. Das Glitzern der Tropfen, auf gr\u00fcnen Pflanzen und Gr\u00e4sern, perlte langsam ab und die Regenbogenfarben spiegelten sich mit einer ruhigen Harmonie darin, was man in der jetzigen Stunde nicht erkennen wollte. Die Menschen schienen daf\u00fcr nun keine Interesse zu haben und richteten ihre Aufmerksamkeit dem hinzu, was f\u00fcr sie am wichtigsten erschien und genommen wurde. EVERSHAGEN; DANZIGER STRA\u00dfE (\u0001 \u0002.15 \u2013 07:36)Ich \u00f6ffnete meine Augen und wusste nicht wo ich war. Ich suchte nach einer L\u00f6sung, doch fiel mir keine ein. Das einzigste was ich nur ganz verschwommen und vernebelt wahrnehmen konnte war, dass ich nicht mehr in meiner Wohnung bin, auch nicht auf den kalten zerst\u00f6rten Flur, wo ich das Bewusstsein verloren hatte. Alles um mich herum schien noch immer v\u00f6llig verzerrt zu sein und ich konnte nur sehr schwer meine Augen lange wach halten. Immer wieder schlugen mir die schweren Augenlider zu und merkte, bei jeder einzelnen Bewegung, das es in mir h\u00f6llisch brannte und schmerzte. Keine Ahnung was zuletzt passiert ist, doch dr\u00f6hnte mein Kopf so laut, als ob noch immer eine ganze Herde an saudummen Viecher von Elefanten Samba in meinen Gehirn tanzten. Jeder Nerv und jede Zelle in mir, schien sich zu weigern mir dar\u00fcber Auskunft zu geben, wo ich wirklich bin und um zu erfahren, ob ich noch wirklich lebte oder nicht. Doch Moment mal! Wenn ich Schmerzen habe, lebe ich doch noch. Ein Gl\u00fcck! Zumindest wirkte es auf mich nicht so, als ob ich mich dar\u00fcber freuen konnte. Immerhin \u00fcberlebte ich geradewegs eine monstr\u00f6se Flutwelle, die mich aus meiner gro\u00dfen Wohnung riss und von, was wei\u00df ich wie vielen Etagen, runter warf. Ich merkte ja noch nicht mal, die Anwesenheit von zwei Menschen, die sich zu mir wandten, als ich aufwachte und mich selbst im Kopf fragte, was los ist. Immer wieder sah ich die beiden Gesichter vor mir und wunderte mich, das sie zwar was sagten, ich aber nix h\u00f6rte oder verstand. Lippen lesen konnte ich nicht und ich glaube das w\u00e4re auch zu schwer f\u00fcr mich gewesen, dies von den beiden abzuleiten. Aber ich konnte immerhin ihre Gesichter sehen und daraus schlie\u00dfen, das sie einerseits gl\u00fccklich, andererseits mich traurig ansahen. Warum wohl? Immerhin habe ich diese verr\u00fcckte Katastrophe \u00fcberlebt. Nochmal schlossen sich meine schweren Augenlider und ich kam nur sehr langsam wieder zu Kr\u00e4ften, was aber den n\u00e4chsten Aufschlag noch, f\u00fcr mich, ewig dauern w\u00fcrde, bis ich sie vollkommen wieder aufgeschlagen habe. Immer wieder sah ich diese beiden Gesichter. Eine, war sehr jung und h\u00fcbsch, eine blutjunges M\u00e4dchen und das andere Gesicht schien so alt zu sein, als ob dies ihr Vater gewesen w\u00e4re. Zumindest Mitte F\u00fcnfzig, h\u00e4tte ich ihn gesch\u00e4tzt und das M\u00e4del wahrscheinlich auf dreiundzwanzig oder zwanzig. Immer wieder brabbelten sie auf mich ein, was ich nicht h\u00f6rte, da in mir alles rebellierte und dr\u00f6hnte. Auch ein komisch langanhaltendes fiepen und ziehen klang nicht ab, wo ich mir dachte, als ob ich an so einen Pulsmessger\u00e4t lag und dies eine Fehlfunktion hatte, was anzeigte, das ich l\u00e4ngst tot bin. Naja, zumindest f\u00fchlte ich mich beinahe so. Immer wieder ging es langsam bergauf und so langsam vernahm ich auch die ersten Ger\u00e4usche von den beiden Personen, die mich irgendwie nicht in Ruhe lassen wollten. Ich konnte sogar meine m\u00fcden Augen l\u00e4nger aufbehalten als sonst und so langsam kehrte in mir auch die Kraft zur\u00fcck, das ich mich ein wenig bewegen konnte. Dummer Fehler, riesiger saudummer Fehler! Als ich versuchte, mich auch nur ein kleines bisschen zu bewegen, schoss und stach in mir alles, was ich an Nerven hatte, ein. Wie ein ewiges Ziehen und Zerren an meinen Sehnen, jagten die Nerven, die Schmerzempfindlichkeit meines K\u00f6rpers in mein Gehirn, was mir sagte: Wenn du dich wieder bewegst, kriegst du die volle Ladung an Schmerzen zu sp\u00fcren. Ich gehorchte meinen Verstand und legte den K\u00f6rper ruhig. Doch nach wenigen Minuten der Neugier, ob sich dies gelegt hatte, versuchte ich nur ein kleines bisschen meinen kleinen Finger an meiner rechten Hand zu bewegen. Es ging! Zumindest merkte ich, das ich ihn etwas bewegen konnte, wo die Schmerzen nicht so Riesen gro\u00df waren und mich zerrei\u00dfen w\u00fcrden. Auch die Stimmen der beiden Personen wurden etwas lauter und klarer und ich vernahm die ersten richtigen Worte von ihr. \u201eHallo? Hallo, h\u00f6ren sie mich? Was ist? Geht es ihnen gut?\u201c h\u00f6rte ich sie, das junge Fr\u00e4ulein, fragen und dachte: man was f\u00fcr eine s\u00fc\u00dfe Zuckerpuppe. Obwohl ich mir mein eigenes Versprechen ewig treu bleiben w\u00fcrde, hatte ich nie die Abneigung des weiblichen Geschlechts ganz aufgegeben. Gucken konnte man immer, aber Anfassen war was anderes. Naja, zumindest h\u00e4tte diese junge Braut wohl dies eher nicht zugelassen, das ich sie, wo auch immer ich bin, begrabbelt h\u00e4tte. Ich merkte auch, das sie wirklich sehr jung war und mich mit meiner eigenen Vermutung best\u00e4tigt f\u00fchlte, das sie um die Zwanzig sein sollte. Ihre gro\u00dfen weiten klaren Augen strahlten ein klares helles Quellwasserblau aus und ihre langen blonden samten weichen Haare, lagen zur Seite am Gesicht runter, wo sie wirklich einen wundersch\u00f6nen hellen gl\u00e4nzenden Ton abgaben, als ich sie anblickte und die Sonne mich leicht blendete. Ihr junges Gesicht schien sehr straff, dennoch weich und wohlgeformt zu sein. Ebenso ihre liebliche weiche Haut schien ohne Makel zu sein und ich konnte nur sehr schwer feststellen, wie gro\u00df sie in Wirklichkeit ist. Ich lag irgendwo drauf und konnte so mindestens nicht sagen ob sie eins f\u00fcnfundsiebzig ist oder eins dreiundsechzig. Selbst der danebenstehende alte Mann, der sich zu mir runter beugte und mit seinen strengen, dennoch sanften gr\u00fcnen dunklen Augen ansah, schien aus meiner Sicht ebenso klein zu sein. Die buschigen braunen Augenbrauen, mit sein leicht verwuschelten lockigen braunen Haaren lie\u00dfen sich ableiten, dass dieser Mann, wegen seinen tiefen Augenringen, bestimmt schon unz\u00e4hlige Stunden wach gewesen ist und sich nur dar\u00fcber freute, dass es mir gut ging und er sich eine gesunde M\u00fctze voll Schlaf holen konnte. Nochmal riefen sie mir zu, bis ich schlie\u00dflich vollkommen darauf reagierte. \u201eHallo\u201c Sagen sie was! Wie f\u00fchlen sie sich? Haben sie irgendwelche Schmerzen?\u201c fragte er mich und ich bewegte meine Augen immer abwechselnd von ihm, zu seiner jungen Begleiterin, die mich ebenfalls besorgt ansah. \u201eJa, alles bestens! Ich f\u00fchle mich nur noch etwas benommen! Wo bin ich! Was ist bis eben passiert?!\u201c fragte ich mit einen selbst erleichterten Ton nach und schnaufte leicht aus, wo mich schon allein das Sprechen ein wenig zu schaffen machte. \u201eKeine Sorge, ihnen wird es bald besser gehen! Nach der Operation, werden sie sich noch ein wenig schwindelig f\u00fchlen, doch das gehst schnell vorbei! Sie mussten wir vor Ort operieren und die n\u00f6tigen Ressourcen waren ganz schon knapp geworden, als wir sie so gefunden haben! Sie sollten sich noch ein Weilchen ausruhen junger Herr!\u201c befahl er mir mit einen leichten energischen Unterton, wo ich sofort darauf reagierte und gehorchte. Doch was hatte er eben gesagt? Operation? Ich wusste nicht was er damit genau meinte und mein schmerzlicher K\u00f6rper lie\u00df mir ja keine Bewegung zu, um selbst zu beurteilen was mit meinen K\u00f6rper los ist. \u201eWas reden sie da? Operation? Was ist passiert und was haben sie mit mir gemacht?!\u201c fragte ich nun ebenfalls etwas barsch und blickte ihn aus einer Mischung aus Verwirrung und leichter Wut an, als ich das zu meinen gegebenen Ton wiedergab. Beide Personen sahen mich leicht betr\u00fcbt wieder an und ich merkte, das irgendwas bei mir schief gelaufen ist. Verdammt schief gelaufen! \u201eNun sagen sie schon, was ist passiert?!\u201c wiederholte ich meine strenge Frage nochmal und legte noch mehr strengere Tonlagen drauf, das er mir darauf hin antworten sollte. Doch als er mich so betr\u00fcbt und leicht abweisend ansah, merkte ich, das es doch irgendwas passiert sein muss, als ich bewusstlos geworden bin. \u201e\u00c4hm.. wie soll ich es ihnen sagen,... sie sind ganz schon dumm gefallen und die nachfolgenden Sch\u00e4den sind sehr irreparabel, das wir da keine andere M\u00f6glichkeit sahen, ihnen diese wieder herzustellen. Erschrecken sie sich nicht und sehen bitte mal nach links!\u201c befahl er mir und ich gehorchte. Doch als ich auf die Tr\u00fcmmerteile sah, was einst mal mein Wohnhaus gewesen ist, wo ich fr\u00fcher gelebt habe, blieb mir die Luft aus. Kein Stein lag mehr auf seinen richtigen Platz und auch kein Gegenstand, an M\u00f6belst\u00fccken oder anderen Menschen geschaffenen Wunderwerk, blieb heil. Alles und wirklich ALLES war zerst\u00f6rt. Doch als ich meinen Blick auf eine etwas freiere Stelle lenkte und dabei die unz\u00e4hligen zerst\u00fcckelten, zerst\u00f6rten und kaputten K\u00f6rper der Menschen, die einst meine Nachbar gewesen sind, legte, blieb ich bei einen K\u00f6rper stehen, der mich etwas verwirrte. Eine riesige fl\u00fcssige Pf\u00fctze aus w\u00e4ssrigen Blut legte sich um einen K\u00f6rper, wo ein gigantischer Felsbrocken drauf lag und sich zerquetscht oder zermatscht anf\u00fchlte. Man konnte nur noch die riesige Menge Blut sehen, die sich mit Wasser und Dreck vermischte und mein Gef\u00fchl hinterlie\u00df, als ob ich im n\u00e4chsten Moment los gekotzt h\u00e4tte. Schlichtweg einfach abscheulich und grausam, hatte sich das Erdbeben an diesen Menschen, oder was davon noch \u00fcbrig geblieben ist, ger\u00e4cht. Einzig und allein sah ich nur die zertr\u00fcmmerten Beine, die verkehrt lagen und von dem gewaltigen Felsst\u00fccken zerdr\u00fcckt worden sind. \u201eSch\u00f6n und gut, doch was hat dieser zermatschte K\u00f6rper, auf dieser freien Fl\u00e4che, mit mir zu tun?\u201c fragte ich ihn wieder auffordernd und er antworte ebenso schnell wieder zur\u00fcck. \u201eSehen sie mal genauer hin! Erkennen sie die Beine etwa nicht?!\u201c horchte ich auf und blickte noch intensiver darauf. Dann fiel es mir wie die Schuppen von den Augen. Der zerst\u00f6rte, zerrissene K\u00f6rper der da lag, war meiner. MEINER. Was in alles Gottes Namen ist passiert? Sofort weiteten sich meine Augen und mein Puls und Herz schossen mir bis zum Hals, das mit seinen schnellen Pochen die Luft nahm und ich nicht wusste, ob ich dies eben glauben sollte. Immer noch v\u00f6llig geschockt und entsetzt, blickte ich mit meinen, weiten ge\u00f6ffneten Augen und Mund, auf den K\u00f6rper und konnte nun einzelne Merkmale erkennen, die sonst keiner kennt. Dies war wirklich mein K\u00f6rper gewesen. Dieser verfickte verfluchte K\u00f6rper geh\u00f6rte mir, der da unter einen Felsen lag. Doch was war hier nun los? Warum sah ich meinen eigenen K\u00f6rper, obwohl ich eigentlich schon l\u00e4ngst h\u00e4tte tot sein m\u00fcssen? Ich wusste nicht mehr was ich glauben sollte und drehte ver\u00e4ngstigt und panisch meinen Kopf zu dem angeblichen Arzt, der mich ebenfalls betrauert ansah. \u201eWas...? Wieso liegt da mein K\u00f6rper, obwohl ich grade hier bin?\u201c fragte ich hektisch und wollte schleunigst eine plausible Erkl\u00e4rung haben, bevor ich vollkommen durchdrehte. Zuerst wollte der Mann etwas sagen, stockte aber kurz und lie\u00df seine sehr junge h\u00fcbsche Begleiterin das Wort geben. Diesmal sah ich sie gespannt an, als sie ihre hohe weiche Stimme erhob und mich direkt mit ihren hellblauen Augen tief ansah. \u201eWissen sie, wir haben sie, als wir hier unsere n\u00f6tigen Untersuchungen gemacht haben, gefunden und mussten sie schleunigst da raus holen. Sie waren zwar bewusstlos und kaum noch am leben, dennoch haben wir sie mit den n\u00f6tigen Hilfsmitteln, der Bundessoldaten befreit und verarztet!\u201c ging sie vorsichtig ein und versuchte mich soweit zu beruhigen wie sie konnte. Dachte sie. Ich habe sie jedoch sofort angefahren und gefordert das mich nur das wesentliche interessiert. \u201eH\u00f6r auf um den hei\u00dfen Brei zu reden und sagt mir was ihr mit mir gemacht habe!\u201c h\u00f6rte ich laut ausfallend mich rufen und blieb selbst erschrocken stocken, da ich sonst nie Beamte oder andere Menschen so anfahre. Doch die junge Frau schien darauf trainiert worden zu sein, mit solchen Situationen umgehen zu k\u00f6nnen und blieb ruhig, als sie weiter fuhr. \u201e\u00c4hm, wir mussten sie von ihren untere Teil des K\u00f6rpers trennen und mit den n\u00f6tigen Maschinen am Leben erhalten. Da wir sie nur so herausgekriegt haben, konnten wir nicht lange warten, bis sie vollkommen verblutet w\u00e4ren und mussten schnellstens eine K\u00f6rpertransplantation machen und die \u00dcberreste von einen anderen toten Menschen ihnen \u00fcbertragen, die ihnen sofort geholfen haben.\u201c erkl\u00e4rte sie ausf\u00fchrlich und h\u00f6rte noch immer nicht auf, als ich sie mit noch gr\u00f6\u00dfere verwunderten Augen ansah. \u201eIhre untere K\u00f6rperregion wurden vollkommen zerdr\u00fcckt und zerst\u00f6rt, das wir unm\u00f6glich mit den n\u00f6tigen Hilfsmitteln sie wieder fertig gestellt h\u00e4tten, also mussten wir sie vom unteren Bauchbereich ihres K\u00f6rpers trennen und einen anderen Menschen zuf\u00fchren. Die Resultaten waren schlichtwegs befriedigend, wo sich schnell ihr K\u00f6rper an diese Operation gew\u00f6hnt hat und zu mindestens das angereicherte Samili-Stoffe und die Produktion an HjG-Stoffen akzeptiert hat. Die Werte sind soweit normal das ihr \u201cneuer\u201c K\u00f6rper nach dieser Aktions vollst\u00e4ndig wieder einsatzf\u00e4hig ist!\u201c erkl\u00e4rte sie zu Ende, wo ich zumindest bei dieser ganzen Verwunderung und Fachchinesisch nicht viel mitbekam. \u201eSagen sie im klaren kurzen Texten was ge\u00e4ndert wurde!\u201c h\u00f6rte ich mich ausriefen und blickte sie diesmal ernster, an diesen sonnigen ruhigen Tag, an. Sie blickte etwas abweisend zur Seite, l\u00e4chelte mich kurz an und setzte ihr wahrscheinlich hinterlistigste und get\u00e4uschteste Gesichtsausdruck ein, das ich kannte. Wie in einen schlechten Film, konnte ich sofort erkennen, das dies alles andere als etwas positives \u0001 \u0002 sie mir eben erz\u00e4hlte. \u201eSie haben sozusagen von einen toten Menschen, deren Unterleib erhalten und k\u00f6nnen zumindest weiterleben!\u201c bel\u00e4chelte sie mich und strahlte ihren Optimismus mir entgegen, wo ich glaube, das diese Kuh mich verarschen wollte. Mit ihren feuchtfr\u00f6hlichen geschlossenen Augen und breiten Grinsen legte sie es wohl darauf an, das ich explodieren sollte. Endlich begann ich, wenn auch noch immer mit Schmerzen, meinen K\u00f6rper zu bewegen und blickte nun etwas hoch gebeugt auf meinen K\u00f6rper. Sie hatte Recht! Diese junge naive dumme Kuh, hatte verdammt noch mal Recht! Ich wusste im n\u00e4chsten Augenblick nicht ob ich mich vor Wut aufregen sollte oder aber weinen sollte vor Freude. Irgendwie schien alles um mich herum vollkommen vertauscht worden zu sein. Wie, als ob ich keinen richtigen K\u00f6rper mehr besitzen w\u00fcrde, blickte ich geschockt den unteren, kr\u00e4ftigeren, Bereich an und wusste sofort, dass dies mich f\u00fcr immer ver\u00e4ndern w\u00fcrde. Es gab mir das Gef\u00fchl, als ob ich nie ein richtiger gesamter Mensch gewesen w\u00e4re und wie ein Puppe mit anderen K\u00f6rperteilen geflickt und repariert worden w\u00e4re. Kein einzigstes Teil w\u00e4re mein enizigster gewesen und alles an mir w\u00e4re get\u00fcrkt. Schlichtweg, k\u00f6nnte man es so bezeichnen: ich bin Frankensteins Monster der Neuzeit. Au\u00dfer das ich nicht so b\u00f6se und verr\u00fcckt gewesen bin, wie dieses Gruselmonster aus dem Film. Mit nur entsetzten Blick auf meinen K\u00f6rper, blieben die beiden erwachsenen Mensch vor mir stehen und blickten mich soweit an, bis sie sich, in der Eile, die sich \u00fcberall legte, weiterarbeiten mussten um andere Menschenleben zu retten. Auch wenn es hie\u00dfe, man m\u00fcsse ihnen teilen und neu zusammensetzen, wo ich glaube, das ich wohl der einzigste Freak sei, dem dies widerfahren ist und soweit heil aus der ganzen Sache raus gekommen bin. \u201eWir entschuldigen uns, aber wir m\u00fcssen auch schon weiter. Ich w\u00fcnsche ihnen noch sch\u00f6nen Tag und passen sie auf sich auf!\u201c bel\u00e4chelte mich wieder diese dumme Trine und verschwand mit ihren Arzt, der mit nun einer ungew\u00f6hnlichen Begleitung, eines Bundesmarine-Soldat auf solch ein Milit\u00e4rfahrzeug gesprungen ist und mich hier ganz allein zur\u00fcck gelassen hat. Ich wusste \u00fcberhaupt nix was ich sagen oder tun sollte, doch allein schon diese schreckliche Erkenntnis, das ich kein richtiger Mann mehr bin, schloss mein Herz ab und legte mir zu Brust, das ich mich dennoch dar\u00fcber freuen sollte, das ich \u00fcberlebt habe. \u201eVerdammt...!\u201c rief ich w\u00fctend aus und blickte nun mit meinen hoch gebeugten K\u00f6rper zu meinen falschen Beinen. \u201eVerdammt! Verdammt! VERDAMMMT!\u201c schrie ich weiter und h\u00e4mmert nun unentwegt mit geballten F\u00e4usten auf die beiden tauben Beine ein, die durch die Narkose sich nicht r\u00fchrten oder bewegten. \u201eWas soll das? Soll das ein Scherz sein? Wie k\u00f6nnen mich diese Quacksalber so verarschen?! Das ist doch alles nur noch ein schlechter Traum!\u201c br\u00fcllte laut meine etwas tiefe Stimme in die zerst\u00f6rte Umgebung und achtete nicht darauf, was um mich herum passierte. Milit\u00e4rfahrzeuge und Hubschrauber flogen an mir vorbei und Miliz-Soldaten marschierten, ohne mich zu beachten, weiter ins Landesinnere oder zur K\u00fcste, wo bestimmt der Schaden noch schlimmer war, als hier. Ich musste mir nun wohl Wohl oder \u00dcbel eingestehen, das ich keine andere Wahl hatte und dies hinnehmen musste, das ich so nun wieder lebendig gemacht wurde. Doch die Gedanken, das ein anderer Mensch von seinen K\u00f6rper getrennt wurde, nur damit ich weiterleben konnte, lie\u00dfen mich nicht in Ruhe. Immer wieder sehe ich eine X-beliebige Person, wie man diese von seinen unteren Bereich abtrennte und mir zuf\u00fchrte. Wie man seine beiden Beine mit Unterleib an mir ann\u00e4hte und zusammenflickte als sei ich irgendeine Puppe oder Maschine, die man nur so reparieren k\u00f6nne. Schlichtweg kochte es in mir auf und die Tatsache, das man ein anderes Menschenleeren opferte nur um ein anderes zu retten, lie\u00dfen mich wahnsinnig werden. Wie konnte man nur solche grausamen Mitten durchf\u00fchren? War dies \u00fcberhaupt m\u00f6glich und legal? Werde ich selbst damit \u00fcberhaupt klarkommen, das ich nun keinen richtigen ganzen K\u00f6rper mehr habe? Ich wusste nun nicht mehr wo ich meine Gedanken lenken sollte und konnte nur noch abwarten bis die Narkose aufh\u00f6rte zu wirken. Immer wieder bewegte ich meinen K\u00f6rper und merkte immer mehr, das ich keine auch so gro\u00dfen Schmerzen mehr versp\u00fcrte wie am Anfang. Doch das ich nun einen anderen K\u00f6rper benutzen sollte, lie\u00dfen mich wieder kurz abschweifen. Dennoch wagte ich den Versuch nun mein \u201cneues\u201c Bein anzuwinkeln und es tat sich was. Wie in meinen Gedanken, folgte die Bewgunge ihren Befehl und das kr\u00e4ftigere und muskul\u00f6sere Knie beugte sich nach oben und stellte sich vor mir. Nun bewegte ich das andere Bein und die Zehen wackelten in Reh und Glied. Zumindest hatte ich nun die Chance erhalten, meinen neuen K\u00f6rper darauf vorzubereiten was noch kommen w\u00fcrde und versuchte einen Schritt nach dem n\u00e4chsten zu t\u00e4tigen. Langsam und Vorsichtig ging ich barfu\u00df \u00fcber die zerst\u00f6rten dreckigen Steinplatten und schaffte es soweit zu kommen, um zu sehen, woher die neuen Beine kommen. Ein etwa genauso alter Mann wie ich, lag der Oberk\u00f6rper zerfetzt auf dem Boden. Aufgerissene Augen und ausgedr\u00fcckte Ged\u00e4rme und Organe schlichen sich in meine feinf\u00fchlige Nase, wo ich den verwesenden stinkenden Geruch vernahm, der mich gleich zum Erbrechen erlag. Auch die gequollenen Augen preisten, das es diesen Mann nicht mehr lebend gab und wie Felstr\u00fcmmer ihn verstellten. Nur sein unterer Bereich schien unbeschadet gewesen zu sein, wo sie ihn von der n\u00f6tigen Stelle aufgeschnitten hatten und mir diese K\u00f6rpertransplantation durchf\u00fchrten. Nat\u00fcrlich war ich auch einerseits stolz darauf wieder gehen zu k\u00f6nnen. Doch der Gedanke mit anderen Beinen zu gehen, lie\u00df mir einfach keine Ruhe. Ich stand da nun vor den halb abgetrennten K\u00f6rper, dem seine Organe herausquollen, wie eine Presswurst und legte mein Zeige- und Mittelfinger auf seine Augen. Mit gedanklichen preisenden Gebetsworten und der Annahme, das dieser Mann in Frieden ruhen w\u00fcrden, schob ich seine beiden Augenlider runter und f\u00fchrte noch ein Gebet durch. Meine letzten Worte vertiefte ich f\u00fcr mich ewig und wollte sie nie wieder vergessen, was dieser junge Mann f\u00fcr mich getan und gegeben hat. \u201e... .Ich danke dir, das du mich f\u00fcr deine Unschuld am leben erh\u00e4ltst. Und ich danke dir, das du mit der zugef\u00fchrten Segnung an dem Ort verweilst, wo du dich heim f\u00fchlst und ewig weiterleben wirst! Amen!\u201c fl\u00fcsterte ich und schritt ein paar Schritte zur\u00fcck. Legte ein paar gesammelte, abgeknickte, zerst\u00f6rte Bl\u00fctenk\u00f6pfe auf seinen toten K\u00f6rper und verschwand. Was w\u00fcrde nun passieren, das Mathias wei\u00df, das er eine H\u00e4lfte des K\u00f6rpers, einen anderen Mann zu verdanken hat? Wie w\u00fcrde sich dies auswirken in seinen zuk\u00fcnftigen Leben? Wird er nun weitermachen oder will er hierbleiben und auf seinen eigene Tot warten? Nuuun?! Ich wei\u00df das klingt alles zu sehr an Since Fiction, aber wenn man sich so den heutigen Stand der Medizin ansieht, kann man dies kaum ausschlie\u00dfen und ein paar kleine Antworten auf meine Recherchen habe ich gefunden, die mir hierzu ein wenig geholfen haben, das dies m\u00f6glich ist, wenn gewisse Anforderungen erf\u00fcllt worden sind. Doch lassen wir diese Kleinigkeiten au\u00dfen hervor und widmen uns dem jetzigen Geschehnis zu, das die noch ein teilweise gl\u00fcckliches Ende f\u00fcr den jungen Mathias genommen hat. Doch wie geht es nun weiter? Was wird er als n\u00e4chstes tun? Zumindest ist eines klar. Der Schaden wird in eine astronomische H\u00f6he gestiegen sein und die Toten, Opfer und Schwerverwundeten sind ebenfalls in schwindelerregende Zahlen gestiegen. Doch das erfahrt ihr erst im n\u00e4chsten Kapitel, wo die alleinige Odyssee von Mathias beginnt und er sich auf den Weg macht. Mit freundlichen Gr\u00fc\u00dfen Mathias",
            "wordcount": "3.669",
            "chapter_release": "12.10.2015",
            "chapter_number": "4"
        },
        "5": {
            "text": "Juhu, diesmal geht es auch hier weiter, da ich letzte Woche es nicht mehr rechtzeitig geschafft habe, dieses Kapitel fertig zuschreiben. Zumindest, ist es nun fertig und ich hoffe ich kann euch ein wenig schaudern, auch wenn es bestimmt nicht ganz so gut ankommt. Mal sehen was bei euch raus \u0001 \u0002 Land, eine Stadt und danach ist alles vorbeiKapitel 04. Am Vormittag, da sieht man erst mehr________________________________________________Der strahlende Morgen beschien das ruhende Flachland von Deutschland und die ersten tr\u00e4llernden V\u00f6glein zwitscherten ihre Ges\u00e4nge \u00fcber das aufwachende Gebiet. Wie jeder andere Tag, legte sich die hell glei\u00dfende Sonne in ihrer wachsenden Position und wanderte ganz ruhig, gem\u00e4\u00dfigt und langsam \u00fcber den Globus. Anders, als wie auf den kraterbedeckten Mond, bestrahlte der helle Himmelsk\u00f6rper den blauen lebensfreundlichen Planeten der nur so vor Lebensformen \u00fcberquoll. Wie in einer Sammelbox, tummelten sich hier die unterschiedlichsten Arten von Insekten, Fischen, V\u00f6geln, S\u00e4ugetieren und anderen teilweise intelligenten Lebensformen. Doch dieser Tag \u00e4nderte sich grunds\u00e4tzlich von den anderen Tagen, die sich um diesen Globus bedeckten. An diesen Tag ver\u00e4nderte sich f\u00fcr ein Land alles. Ein Land was fr\u00fcher oder sp\u00e4ter, diesem Schicksal nicht entgehen h\u00e4tten treten k\u00f6nnen. Anders, wie auf anderen Orten des Planeten, wo Katastrophen sich ereigneten, bedeckten sich \u00fcber diesen sonst so ruhigen Land, dunkle Wolken und ein anscheinender drohender Gewitterkrieg zog mit einer unaussprechlichen Macht auf und umh\u00fcllte das Naturreiche Deutschland. Vom Flachland angefangen, bis hin zu tiefen T\u00e4lern und Bergen, zog sich eine gewaltige Schneise der Verw\u00fcstung und Zerst\u00f6rung, wo \u00fcber all der Tod gleichzeitig lauerte, hinweg. Der Tod, wie er mit nur einer Hand, ein ganzes Land Kopf stellte. Ein Land, was bisher von allen Naturkatastrophen verschont blieb. Bis jetzt. Am Tage, wo sich ein bisher denkw\u00fcrdiges Ereignis abspielte und Deutschland bis auf seine Grundmauern tief ersch\u00fctterte. Wie mit einem einfachen Finger schnipsen wurde von einer Sekunde auf der n\u00e4chsten alles verw\u00fcstet und umgestaltet. Mit einer enormen Kraft und ungeb\u00e4ndigten Wut, zerst\u00f6rte ein gewaltiges Erdbeben, die ebenen Landstriche und die zerkl\u00fcfteten Berge mit T\u00e4ler, wo kein Stein mehr auf den anderen stehen bleiben sollte. Selbst die sonst so dicht bewachsenen Erntefelder, W\u00e4lder und Gebirgsketten, rissen riesige klaffende, schluchtartige Risse auf und die Krater, die sich weit \u00fcber ins Landesinnere zogen, sollten noch ewig f\u00fcr die Menschen, die hier lebten, in deren Gedanken und K\u00f6pfen bleiben. Besonders f\u00fcr einen schien dieser Alptraum nie enden zu wollen. Mit einen einfachen leicht kr\u00e4ftigen K\u00f6rperbau und simplen Haarschnitt, f\u00fcr die ihn einige bestimmt als verr\u00fcckt angekreidet h\u00e4tten, lie\u00df er seinen Scheitelhaarschnitt, sanft liegen und brachte es nicht fertig, dar\u00fcber nachzudenken, wie es wohl ausgegangen w\u00e4re, wenn dieses Erdbeben ihn als Opfer auserkoren h\u00e4tte. Er war heilfroh das er \u00fcberlebt hatte. Doch anders, als wie bei anderen Menschen, war er nun kein richtiger Mensch mehr. Und diesen Tag w\u00fcrde er bestimmt auch nicht so leicht wieder vergessen. Mit einen bestimmt ruhigen Schlaf, wo am Vorabend, bevor das Erdbeben das Land \u0001 \u0002 er normal schlafen und die Worte von Pascal, die in ihm lange kreisten, machte er sich Gedanken, wie es wohl w\u00e4re, wenn dies wirklich passieren sollte. Nun schien seine Vorstellung wahr zu werden und mitten in der tobenden Sturmnacht, erzitterte ein tiefsitzendes Grollen, was sein Leben ver\u00e4ndert hat. Die H\u00e4user erzitterten und wackelten wie Wackelpudding, bis sie in sich zusammenfielen und von einer gigantischen monstr\u00f6sen Flutwelle weggewischt wurden. Nur noch ein zerst\u00f6rtes Gebiet, wo Senkungen und Erhebungen, das Land neu umformten. B\u00e4ume fielen um, als w\u00e4ren sie Streichh\u00f6lzer. Autos fielen und verschwanden f\u00fcr immer, in die aufrei\u00dfenden Erdb\u00f6den, die sie in sich verschluckten. Feuerwalzen zerst\u00f6rte das Stehengebliebene und nichts als Schutt und Asche blieben zur\u00fcck. EVERSHAGEN; DANZIGER STRA\u00dfE (\u0001 \u0002.15 \u2013 07:36) \u201eWenn ich mir das hier so ansehe, kann ich wirklich froh sein, das ich noch am Leben bin. Es steht ja noch nicht mal mehr ein Stein auf den anderen und die stickigen Rauchschwaden, des Feuers, liegen mir bereits jetzt schon schwer im Magen, obwohl ich noch nicht einmal an der Quelle stehe.\u201c bedachte Mathias zu sich selbst und blickte in die einstige Wohngegend, wo er sich ein wenig Zuhause f\u00fchlte. Und er hatte Recht. Alles was er fr\u00fcher gesehen hatte, schien wie weggewischt worden zu sein. Nicht einmal mehr die sonst so sch\u00f6nen Blumenbeete, die an den Stra\u00dfenr\u00e4nder wuchsen, schienen vollkommen zerst\u00f6rt worden zu sein. Alles was er nun sehen konnte, war das reinste Chaos und die Zerst\u00f6rungswut, die dieses Erdbeben angerichtet hatte, schien noch l\u00e4ngst nicht das Einzigste zu sein, was ihm schwerer atmen lie\u00df. Er vernahm auch den Geruch wahr, der ihn im n\u00e4chsten Augenblick, spei\u00fcbel werden lie\u00df. Mit einen nie endenden Geruchswolke, flogen die feinen kleinen Partikel, mit Ru\u00df und Asche, durch die Luft und mit einen stechenden Nasenr\u00fcmpfen kniff er seine beiden Augen noch enger zusammen. \u201eIgitt! Dieser Geruch ist wirklich abscheulich und widerw\u00e4rtig. Schlimm genug das hier alles zerst\u00f6rt ist, aber das es \u00fcberall noch nach toten verbrannten Menschen riecht, ist ja wirklich grauenhaft. Na hoffentlich sind es nicht zu viele Opfer geworden!\u201c murmelte er zu sich selbst und blickte sich weiterhin um. Doch diese Vermutung, das es nur wenige Opfer geben w\u00fcrde, schien bei ihn reines Wunschdenken zu sein. Alle Menschen, die er erblickte schienen aufs grausamste entstellt worden zu sein oder wurden so stark verletzt und get\u00f6tet, das man nicht mal mehr einmal wusste, ob es sich dabei um eine Frau oder einen Mann handelte. Alles was einen Menschen ausmachte, schienen kreuzquer \u00fcber den zerst\u00f6rten Steinboden zu liegen. Selbst die inneren wichtigen Organe lagen verwischt, zerquetscht oder vollkommen zerst\u00f6rt auf den zerkl\u00fcfteten grauen Boden, der mit seiner rauen Unebenheit zeigte, das es kein richtiger Weg oder Platz mehr ist, wo man gehen konnte. \u201eMmh! Das sehe ich wirklich zum ersten Mal!\u201c wisperte er entsetzt weiter und seine tiefe Gedankenstimme, graute ihm selbst, das ihm Angst und Bange wurde. Nicht das er vor sich selbst Angst h\u00e4tte, aber manchmal fragte er sich, ob die Worte, die er aus seinen Mund aussprach auch wirklich dieser Tonlage angeh\u00f6rten. \u201eTote Menschen \u00fcberall!\u201c entklomm es betr\u00fcbt und schluckend von ihm und er suchte einen Fleck, wo er seinen verekelten und teilweise ver\u00e4ngstigten Blick abwenden konnte, von all diesen toten zerst\u00fcckelten Menschen. Nur fand er keinen. \u00dcberall wo er sich umblickte und kurz versteifte, sah er entweder zerst\u00f6rte Geb\u00e4ude, die noch brannten und qualmten oder tote Menschen, die auf\u00b4s entsetzlichste zerdr\u00fcckt wurden, von diesen herabfallenden Geb\u00e4udeteilen, die einfach diesen Sturz aus solcher H\u00f6he nicht \u00fcberleben konnten. Doch mehr zerdr\u00fcckt und zerquetscht lagen sie alle unter den festen Gesteinsmaterialien, als das sie frei herunterfielen und sich nicht mehr r\u00fchrten. War dies sein Gl\u00fcck? Hatte er wirklich so was wie einen Schutzengel gehabt, das er frei von seinen Stockwerk herunterfiel und nur sein Unterk\u00f6rper zerdr\u00fcckt wurde? Oder hatte dies alles noch was anderes zu bedeuten? Er wusste nicht, wo er seine Fragen richten konnte, doch eines wusste er mit Sicherheit. Diese Fragen w\u00fcrden weiterhin unbeantwortet bleiben, wenn er sich weiterhin hier aufhalten w\u00fcrde und den Mann betrauern w\u00fcrde, den man f\u00fcr ihn, von seinen unteren Beinbereich trennt und ihm anbrachte. Doch nun wischte er sich die letzten Kummertr\u00e4nen aus seinen Gesicht und zog einmal mit seiner Nase hoch. Schnodder und Rotze lief an ihm entlang, weil er sich selbst schuldig f\u00fchlte, das man ihm diese Beine genommen hatte und ihm angebracht hatten. Doch daf\u00fcr hatte Mathias nun keine Zeit mehr. Immerhin wollte er nun erfahren, wie es wirklich um seine geliebte Heimatstadt stand. Mit den aufhellenden Sonnenstrahlen, setze er einen Fu\u00df nach dem anderen und konnte nun gut erkennen wohin er trat. Doch allein das er von einer H\u00e4lfte eines anderen Menschen bestand, lie\u00dfen ihn straucheln. Er konnte sich noch nicht ganz daran gew\u00f6hnen, das er einen halbe anderen K\u00f6rper bekommen hatte, den man ihn unfreiwillig anbrachte. \u201eRei\u00df dich zusammen Matze! Du musst weiter! Ich kann doch nicht ewig hier rumstehen! Immerhin will ich erfahren, wie schwer es meine Heimat getroffen hat!\u201c motivierte er sich selbst und blickte streng energisch nach vorne und trat nun fester auf. Die kleinen zerbrochene Kieselsteinchen und Erdk\u00fcmmel, knirschten unter seinen Gewicht und er wurde immer sicherer beim gehen. Selbst das Atmen fiel ihm nun nicht mehr so schwer, da er sich langsam allm\u00e4hlich daran gew\u00f6hnte. \u201eLos geht\u2019s! Erst einmal werde ich nach Warnem\u00fcnde gehen, da dort die Flutwelle zuerst aufgetreten ist. Vielleicht finde ich dort auch \u00dcberlebende!\u201c befahl er sich selbst und freute sich darauf schon, das er wieder richtige Menschen sehen konnte. Naja immerhin sah er Menschen. Doch die wahren alles andere als Lebendig. Und die, die ihm seine Beine anbrachten und an ihm vorbeimarschierten, in ihren einheitlichen getarnten Soldatenaufzug, schienen f\u00fcr ihn keine richtigen Menschen zu sein. Er f\u00fchlte sich von ihnen im Stich gelassen. Im Stich, wie ein junges neugeborenes Kind, das man nur das n\u00f6tigste gegeben hatten um zu \u00fcberleben, damit sie weitergehen konnten, um mehr von ihnen zu suchen. Doch diese Ansicht teilte er nur mit sich selbst und ging erstmals still weiter. Doch diesmal hatte er Gl\u00fcck. Anders als bei den anderen Nahverkehrsmittel, schien noch ein Auto halbwegs intakt zu sein. Zwar war es keine Luxuslimousine ohne Beulen, doch dieser einfache BMW reichte ihm, der ihm aus vergangen DDR-Zeiten bekannt vorkam. Er gl\u00e4nzte in einen strahlenden hellen Alpinwei\u00df und die Dellen und Beulen am Lack konnte man schon selbst ausbessern, wenn man darauf Wert legte. Es war ihm jedoch Jacke wie Hose, ob er nun heil oder kaputt war, haupts\u00e4chliche fahren musste er. Seine Strecke schien noch ungef\u00e4hr zehn Kilometer zu gehen und mit Auto w\u00e4re er dort in ein paar Minuten dort gewesen. Er \u00f6ffnete die verbeulte und verdellte Autofahrert\u00fcr und klappte vorsichtig die tote Leiche zur Seite, die am Lenkrad noch klebte und den Airbag damit bet\u00e4tigte, wo schon l\u00e4ngst die Luft raus gegangen ist. \u201e\u00c4h.. entschuldige mich mein Freund, aber ich m\u00fcsste ganz dringend nach Warnem\u00fcnde!\u201c grummelte es ihm auf und ein unwohles Magengef\u00fchl fuhr in ihm hoch, wo er schon einen leichten Brechreiz bekam, wie blutverschmiert die Leiche am Lenkrad aussah. Anscheinend schien der Airbag nicht besonders sicher f\u00fcr Erdbeben zu sein und der Autofahrer segnete Mathias Anblick mit einer sehr gro\u00dfen und offenen Platzwunde am Kopf, wo die Stirn und der Kopf aufgeschlagen wurde, wie ein rohes Ei. V\u00f6llig hervorgeholt versuchte hier das Gehirn seinen freien Weg nach drau\u00dfen zu suchen, wo es bereits es erst die H\u00e4lfte geschafft hatte. Die Augen wurden von Glassplittern der Autoscheibe blutig rot gef\u00e4rbt und der offene Mund stank schon sehr stark nach Verwesung und Tod, wo bei ihm einige Fliegen umherschwirrten und surrten. Selbst sein Bauchbereich schien nicht unbeschadet davon getroffen worden zu sein. Eine lange Metallstange, eines Metallzaunes, dr\u00e4ngte sich quer von einer Autot\u00fcr zur n\u00e4chsten und spie\u00dfte seine Ged\u00e4rme auf, die aussahen wie ein langgezogenen Seil. So sah es zu mindestens f\u00fcr Mathias aus. Mehr und mehr \u00dcbelkeit stieg in dem jungen Mann auf und er musste sich zusammenrei\u00dfen, das er nicht die tote Leiche bespuckt h\u00e4tte, wo er sie zur Seite dr\u00fcckte und sein schmerzliches Gesicht sah, das nach Angst und Qual schrie. \u201eEs tut mir so leid!\u201c st\u00f6hnte entsetzt der junge 26 J\u00e4hrige auf und schaffte es nun die Leiche aus dem Auto zu schaffen. Er drehte den Z\u00fcndschl\u00fcssel um und der Motor tuckerte erst, gefolgt mit ein paar Schluckaufen, bis er nun abs\u00e4ufte. Nochmal und nochmal wiederholte Mathias das Spiel, bis er beim vierten Versuch den Motor zum Laufen brachte. \u201eNa endlich! Ich dachte, diese M\u00f6hre springt \u00fcberhaupt nicht mehr an. Na denn, auf nach Warnem\u00fcnde!\u201c rief er sich selbst mutig zu und dr\u00fcckte leicht das Gaspedal. Die Kupplung und das Anfahren verliefen schon mal gut f\u00fcr ihn, doch anders sah es bei dem Weg aus, der ihm bevorstand. Wie in einer Achterbahn, holperte und schleuderte er von einer Seite zur anderen, die ihm auf und ab wippen lie\u00df. St\u00e4ndig rollten die Reifen \u00fcber die unebene Stra\u00dfe, wo die geteerten Asphaltplatten aufgerissen wurde und nur einzelne kleine St\u00fccke hinterlie\u00df, die fr\u00fcher mal eine glatte geteerte Stra\u00dfe pr\u00e4sentierten. Nun jedoch schien selbst das Autofahren ein Hindernis zu werden und Mathias holperte von einer Stelle eines Schlagloches zum n\u00e4chsten. \u201eNa toll, so werd ich ja eher durchgesch\u00fcttelt, als wenn noch ein Nachbeben kommen w\u00fcrde!\u201c st\u00f6hnte dieser junge Mann genervt auf und rollte mit seinen gr\u00fcnen Augen. Die Zuversicht, das er heil und unbeschadet dort ank\u00e4me, lie\u00dfen seine Hoffnung schwinden, als er vor sich gr\u00f6\u00dfere und tiefer Schlagl\u00f6cher sah und wich diesen noch rechtzeitig aus. Nun reichte es ihm und er wendete in eine ganz andere Richtung. \u201eAch schei\u00df drauf! So werd ich eher sterben, wenn ich mir keinen anderen Weg suche. Die Polizei hat sicherlich was wichtigeres zu tun, als mich bei meinen Fahrk\u00fcnsten zu unterst\u00fctzten!\u201c murmelte er weiter genervt und sein cholerischer Blick, wandelte sich in eine grimmige Mimik. Im n\u00e4chsten Augenblick, drehte er das Lenkrad stark nach Rechts und verlie\u00df die Stra\u00dfe. Nun holperte er \u00fcber eine unebene Feldwiese, wo auch noch einige Moorgebiete sich heimisch f\u00fchlten. Er fuhr ja schlie\u00dflich die Stadtautobahn. Doch die schien mehr kaputt und zerst\u00f6rt zu sein, als die Wiese, die ihm die Sicht zuwucherte und nun ebenfalls mit Stock und Stein, durchsch\u00fcttelte. \u201eSchei\u00dfe! Das ist genauso beschissen, wie die Stra\u00dfe!\u201c fluchte er nun lauter und hielt mit einer scharfen Bremsattacke an. Es half nichts, er riss die T\u00fcr auf und knallte sie voller Frustration zu, wo er nun von seinen selbst ausgesuchten Feldweg, wieder den Weg zur Zivilisation suchte. Naja, zumindest das was man dazu noch nennen konnte. Er lief die Stra\u00dfe entlang und hatte Gl\u00fcck, das nicht so viele Autos ihm dem Weg versperrten. Immerhin wurde am Vorabend eine Sturmwarnung raus geschickt, wo man sich lieber ein sicheres Pl\u00e4tzchen suchte, als auf einer freien Fl\u00e4che fuhr, wo der st\u00fcrmische Wind einen zur Seite dr\u00fcckte. Doch auch hier schien sich sein Blick, in die zerst\u00f6rten Gebiete zu festigen und selbst die Autos, die dennoch es wagten, raus zu fahren, lagen kreuz und Quer auf der Stra\u00dfe, wo einige umgefallen sind, auf der Seite lagen oder noch immer vollst\u00e4ndig brannten und ihren hei\u00dfen Qualm an Rauch in seine Augen dr\u00fcckten, die ihm leicht schmerzten. \u201eDas sieht ja wirklich aus, wie der Weltuntergang. Selbst die Autos sehen schrecklich aus!\u201c musterte er zu den zerst\u00f6rten Wrackteilen und sah ab und zu mal in die Scheiben, wo ihm steht\u00b4s ein neues unbekanntes Gesicht, entstellt entgegenblickte. \u00dcberall sah er von ihnen das schreckliche rote Blut und die Organe von Innen und Au\u00dfen, lagen entweder verteilt im Auto oder auf der ehemaligen asphaltierten grauen Stra\u00dfe. 20 MINUTEN SP\u00c4TER(\u0001 \u0002.15 \u2013 10:56) Die Minuten die er ging, dauerten f\u00fcr ihn wie Stunden und er hatte so gut wie nichts gemerkt, das sich weitaus mehr ge\u00e4ndert hatte, als bisher. St\u00e4ndig horchte er auf und versuchte was zu vernehmen, doch das einzigste was er h\u00f6ren konnte, war... nix. Er h\u00f6rte absolut nix. Egal wie sehr er sich auch anstrengte, er h\u00f6rte absolut keinen Laut. Nur das Br\u00f6ckeln einzelner Steine oder das abfackeln der Autos oder Ruinen, wo noch nicht ganz das Feuer erloschen ist. \u201eDas gibt\u2019s doch nicht! Ich h\u00f6r zwar st\u00e4ndig das brennende Ger\u00e4usch der Flammen oder einen br\u00f6ckelnden Stein, doch au\u00dfer das, h\u00f6r ich gar nix. Das kann doch gar nicht sein. Wieso h\u00f6r ich keine Sirenen von der Feuerwehr, Polizei oder Krankenwagen. Irgendwas ist hier doch merkw\u00fcrdig faul!\u201c runzelte er verwunderlich die Stirn und blickte sich dennoch, mit einen kleinen bisschen Angst, um. \u201eAls ob alles, was lebte, nicht mehr existiert!\u201c runzelte er erstaunlich weiter und blickte auf die frei Feldwiese und ihm \u00fcberkam auf einmal ein schrecklicher Schauer. Er sp\u00fcrte es. Er sp\u00fcrte, wie sich ein fieser abnormaler Blick sich ihm anheftete und gierig anstarrte. \u201eWas ist das? Wieso hab ich auf einmal das Gef\u00fchl, dass mich jemand beobachtet?!\u201c fragte er sich weiterhin in seine Kopf und wurde nun so hektisch, das er nicht mehr wusste, ob er jetzt vollkommen den Verstand verlieren w\u00fcrde oder aber das ihn wirklich was beobachtete. Doch nur was? Er blickte sich nochmal um 360\u00b0 Grad und sah nur die brennenden Tr\u00fcmmer und die frei wachsenden gr\u00fcnen Feldwiesen, die noch auf halben Wege vor ihm lagen. Irgendwo hier musste sich sein Beobachter aufhalten und fixieren. Hier irgendwo versteckte sich jemand und lie\u00df den jungen Mann nicht mehr aus den Augen. Wie ein Beutetier, gaffte etwas Mathias an und ein bizarres Ger\u00e4usch entklomm aus seinen Mund. \u201eKsch!\u201c\u201eIch muss... hier.. weg! Ich muss hier weg! ICH MUSS HIER WEG!\u201c br\u00fcllte nun aufgebracht und voller Panik Mathias in seinen Kopf und fand darin keine L\u00f6sung so lange zu warten, bis dieser geheimnisvolle Beobachter ihn angriff. Im n\u00e4chsten Moment rannte der blondhaarige Mann los und rannte einfach die zerst\u00f6rte Tr\u00fcmmerstra\u00dfe entlang, die ihm den Weg in den Stadtteil Warnem\u00fcnde bringen sollte. PENGEin lauter Schuss durchbrach die unheimliche einbrechende Stille und die Unruhe in Mathias K\u00f6rper blieb pl\u00f6tzlich mit einen kurzen Herzklopfen stehen. \u201eWas war das!\u201c sagte der junge 26 J\u00e4hrige nun laut aus seinen Mund und blickte entsetzt auf die letzten Tr\u00fcmmerteile von der kleinen Hafengegend entgegen. Er sah zwar immer noch den aufkommenden schwarzen Qualm, der von mehrenden riesigen Feuersbr\u00fcnsten ausging, doch diesmal blieb er stehen, das er nun doch tats\u00e4chlich was anderes h\u00f6rte als die Stille. Wie ein heller glei\u00dfender Blitz, durchbrach mit einen enormem Klang der Schuss und seine ganzer K\u00f6rper blieb wie angewurzelt stehen. Doch jetzt sp\u00fcrte er wieder diesen aufgenackten gr\u00e4sslichen Blick, der ihm einen Angstschauer \u00fcber den R\u00fccken lief. \u201eWas ist hier nur los? Ich f\u00fchle mich beobachtet und ein einzelner Schuss war zu h\u00f6ren! Was passiert hier nur?\u201c fragte er sich entsetzt und voller \u00e4ngstlicher Panik, in seinen Kopf und blickte sich wieder in seinen R\u00fccken, wo er diesen aufsitzenden Blick sp\u00fcrte. \u201eVerdammt! Egal was mich dort erwartet, doch da bin ich zumindest sicherer als hier auf der freien Fl\u00e4che!\u201c st\u00f6hnte hechelnd Mathias auf, als er einen kurzen Spurt hinlegte. Dann zuckte sein strammstehender K\u00f6rper erneut zusammen und er sackte kurz zusammen, als er nun ein wahren H\u00f6llengewitter an Sch\u00fcssen h\u00f6rte. BAMM!BAMM!BAMM!BAMM!BAMM!BAMM!Wie ein unendliches Maschinengewehr, donnerten die lauten Knallger\u00e4usche an sein Ohr und er f\u00fchlte sich nun doch nicht ganz allein. \u201eMenschen! Dort sind Menschen!\u201c japste er erleichtert auf und blickte in die Richtung, wo er die Sch\u00fcsse h\u00f6rte und nur eine halb stehende Hafenstadt sah, die nur noch aus einzelnden W\u00e4nden oder halb zerst\u00f6rten Geb\u00e4ude bestand, die qualmten oder noch immer lichterloh brannten. \u201eEgal was mich jetzt dort erwarte, das ist mir tausendmal lieber als dieser unheimliche Blick, den ich an mir sp\u00fcre!\u201c st\u00f6hnte er erneut hervor und rannte nun diesen Feuergewitter hinterher. Tief in seinen Gedanken k\u00fcndigte sich jedoch Gefahr an. Gefahr in der Form was er dort vorfinden w\u00fcrde. Und was dort geschehen ist. Warum h\u00f6rte er Sch\u00fcsse? Wieso k\u00e4mpften dort \u00fcberlebende Menschen? Oder werden sie dort von jemanden angegriffen und verteidigen sich hoffnungslos dagegen? Er wusste nun nicht ob er ins Gl\u00fcck oder Ungl\u00fcck rennen w\u00fcrde, doch erst mal wollte er jemanden dort menschliches sehen, was ihm kurz seine Angst nahm. 5 MINUTEN SP\u00c4TER(\u0001 \u0002.15 \u2013 11:05) Mathias rannte einfach weiter und befand sich nun am Ortseingangsschild und blickte entsetzt kurz drauf, als er daran vorbei lief. An den gelben Schild, wo in Gro\u00dfbuchstaben WARNEM\u00dcNDE stand, klebte rotes frisches Blut und tropfte nur langsam herab. Hier fand ein Kampf statt, keine Frage. Doch gegen wen? Egal was er nun sehen w\u00fcrde, er w\u00fcrde wahrscheinlich so oder so durchdrehen, da er noch immer diesen folgenden, tiefsitzenden Blick sp\u00fcrte, der nicht von ihm ablie\u00df. \u201eHah hah hah hah! Was ist hier nur los? Ich h\u00f6r und seh zwar \u00b4ne Menge Blut und so, aber nirgendwo sieht man auch nur eine Leiche. Nur diese leeren riesige Blutpf\u00fctzen oder schwarze Stellen. Das ist sehr alles merkw\u00fcrdig. Vielleicht sollte ich doch lieber fliehen. Nein, ich darf nicht mich deswegen einsch\u00fcchtern lassen! Immerhin, bin ich ja extra hergekommen um zu erfahren, wie schwer es Warnem\u00fcnde getroffen hat!\u201c rief er sich in seinen Gedankeng\u00e4ngen auf und lief einfach weiter. Doch je weiter er in dieses zerst\u00f6rte Stadtteile rannte, wo ihm ein unangenehmer Geruch an verwesenden Blut, Tr\u00fcmmern und einzelnen \u00fcberschwemmten Gebieten entgegenkam, h\u00f6rte er noch immer die anhaltenden Sch\u00fcsse von Maschinengewehren. \u201eDas sind eindeutig Sturmgewehre! Doch wer schie\u00dft hier? Und auf wen?\u201c fragte sich der junge blondhaarige 26 J\u00e4hrige weiter und lief. Sein Atem wurde immer schwerer und er bekam nun auch Seitenstiche. Dennoch biss er sich seine Z\u00e4hne zusammen und rannte einfach weiter. Doch auf einmal verstummten die st\u00fcrmischen Feuerschusswaffen und es kam wieder diese unheimliche Stille auf. Eine Stille, die in ihm nur noch mehr Nervosit\u00e4t aufstie\u00df, da er glaubte, das er nun niemanden vorfinden w\u00fcrde. \u201eSind die jetzt tot oder zeihen die sich zur\u00fcck? Soll es wirklich kaum noch \u00dcberlebende geben? Wieso ballern die sich gegenseitig ab?\u201c rief er sich fragend hechelnd weiter in seine Kopf und rannte grade auf den Strand zu, wo er sonst in der Richtung immer das Neptunhotel sah. Doch es stand nicht mehr. Alles was er hier fr\u00fcher, wenn er mal hier an der Ostsee schwimmen ging, existierte nicht mehr. Selbst die Wohngegenden wurden vollkommen zerst\u00f6rt und weggerissen. \u00dcberall sah er nur ein Bild. Ein Bild der Zerst\u00f6rung und des Grauens. Nur ein Schema: Chaos und Tod. Er merkte auch erst jetzt, das er nur einen Weg aus Wasser entlanglief und seine plantschenden Laufger\u00e4usche, verstummten kurz, als er auf was festes, emporragendes lief. \u201eHier ist ja alles \u00fcberschwemmt? Selbst die Wohnh\u00e4user und Stra\u00dfen! Vielleicht sollte ich vom Platz aus mehr sehen k\u00f6nnen!\u201c befiel er sich selbst zu und rannte drauf zu. Doch je mehr er an die Strandpromenade langlief, desto mehr wurde der Weg steiniger und unebener. V\u00f6llig zerfetzt und zerst\u00f6rt, bis hin zu tiefen L\u00f6cher, kam er nicht mehr weiter. Doch nun brauchte er sich nur noch umdrehen und schon sah er ein Bild, das aus seinen Alptr\u00e4umen entsprungen ist. Er stand nun kurz vor dem zerst\u00f6rten Leuchtturm und blickte zu dem Sandstrand, wo dort von hinten die Wohngegenden und Gesch\u00e4fte einst standen. Alles wurde zerst\u00f6rt. Kaputte Fensterscheiben lagen auf dem Boden. Rollende M\u00fclltonnen brannten teilweise noch und umher liegende Waren, einzelner L\u00e4den, verstreuten sich Zunehmens auf den steinigen Erdboden. Feuer brannte \u00fcberall und Qualm umdeckte die einstige klare Luft, wo nur noch schwarze Schwaden aus giftigen Gasen seine Lungen f\u00fcllten. Nur sehr wenig frische Luft gelang in seine Organe und die hellen Sonnenstrahlen kamen ihn vor, als w\u00e4ren sie von einer anderen Welt. Eine Welt, die er mit dieser zerst\u00f6rten Welt gerne vertauscht h\u00e4tte, wenn es ginge. Er trat vorsichtig einen Schritt nach vorne und sackte mit halben Bein ins Wasser, als er beim Platz des Teepotts stand. Der Boden v\u00f6llig aufgerissen, belegte dir Risse mit kalten Wasser. Selbst die Tier krauchten zwischen seinen Beinen und er zuckte zusammen. \u201eWuah! Ratten!\u201c schrie er kurz auf, als ihn ein paar Dutzend zwischen seinen Beinen entlangliefen und fl\u00fcchteten. Es sah so aus, als ob diese kleine Allesfresser von etwas Angst h\u00e4tten. Und er sp\u00fcrte es ebenfalls. Diese Angst. Diese zerdr\u00fcckende und schwere Angst, die alles zermalmte mit ihrer Kraft, das er kaum sich traute eine Atemhauch auszusto\u00dfen. \u201eDas ist doch alles verr\u00fcckt! Ich bin hier doch in Warnem\u00fcnde oder? Wieso sehe ich dann keine \u00dcberlebenden? Wieso haben die Sch\u00fcsse bis eben aufgeh\u00f6rt?\u201c kamen ihn Fragen auf und er blickte sich verwirrt um. Doch diesmal h\u00f6rte er ein leises rauschendes Stimmchen und er h\u00f6rte auf. \u201eFolge mir!...Folge mir!...Folge mir!\u201c kam es konzentriert zu seinen Ohren und Mathias Blick ging den Strand entlang, der nach Dietrichshagen f\u00fchrte. Was w\u00fcrde ihn dort erwarten? Warum sp\u00fcrte er erst einen Blick und anschlie\u00dfend h\u00f6rte er Sch\u00fcsse? Wer rief nach ihm und wollte, das er ihm folgte? Nun habe ich wieder R\u00e4tsel aufgegeben und ihr d\u00fcrft gespannt sein, was euch im n\u00e4chsten Kapitel erwartet. Zumindest habe ich mir gedacht, ich verwende ein wenig Mysterium und lasse was entstehen, womit ich ein wenig versuche die Spannung anzukurbeln. Hoffe es hat geklappt XD LG MATZE",
            "wordcount": "3.985",
            "chapter_release": "26.10.2015",
            "chapter_number": "5"
        }
    },
    "title": "Eine Stadt, ein Land und danach ist alles vorbei",
    "topic": "unspecified",
    "release": "\n28.08.2015\n\t\t\t\t\t\t",
    "author": "Mathias"
}