{
    "tags": [],
    "chapcount": "6",
    "wordcount": "10.860",
    "chapters": {
        "1": {
            "text": "Mein Name? Aber was tut der zur Sache? - Doch seid euch gewahr, dass ihr hier das Vergn\u00fcgen mit Laudar Rennois aus dem Dorfe Nou\u00e1n nah des Amantkammes habt. Und ich... - ja, ich diente den S\u00f6hnen und T\u00f6chtern T\u00f3ls und Om\u00e9s bereits so lange ich vern\u00fcnftig zu denken vermag \u2013 zumindest ehedem tat ich dies, doch nun kann ich es nicht mehr. Jedenfalls erinnere ich mich noch gut an unsere Kriegerin M\u00edjousa und nat\u00fcrlich auch an unsere liebe Herrin und Retterin Umean. Am besten jedoch erinnere ich mich \u2013 und dies ganz und v\u00f6llig zu meinem allergr\u00f6\u00dften Leidwesen! - an den Sohn Nir\u00e1ce Jardgeault, den letzten der Herrscher L\u00edans. Auch wenn ich diese Erinnerungen schon oft und lange versucht habe zu verdr\u00e4ngen und zu vergessen, bisher war es mir nicht verg\u00f6nnt. Zu meinem tiefsten Bedauern gelang es mir noch nicht \u2013 denn in diesem meinem hohen Alter habe ich noch immer so ein entsetzlich gutes Ged\u00e4chtnis wie in meiner fr\u00fchesten Jugend \u2013 ein gar grausamer Fluch, so will es mir nun erscheinen - und deshalb \u2013 ja, deshalb breche ich hiermit schlie\u00dflich mein mir selber gegebenes Gel\u00f6bnis des ewigen Stillschweigens, entsinne mich noch einmal all dieser schrecklichen Geschehnisse und schildere es euch, da ihr ja der Warnung nicht h\u00f6rig wart, auf dass ihr es an die \u00d6ffentlichkeit bringt und ich endlich meine Ruhe und meinen inneren Frieden finde, und es allen noch folgenden S\u00f6hnen und T\u00f6chtern T\u00f3ls und Om\u00e9s eine Lehre und auch Warnung sein m\u00f6ge!Lasst mich mit dem Abend des 22. Tages des Jahres 2977 beginnen, einem wundersch\u00f6nen T\u00f3ltag des jungen Fr\u00fchlings, an welchem Nir\u00e1ce aber den Grundstein zu seinem sp\u00e4teren Fehler und Verderben legen sollte, der unser aller Untergang h\u00e4tte bedeuten k\u00f6nnen. Damals, als ich noch einfacher Kammerdiener am Hofe L\u00edans war, doch bekam ich alles Interessante des Palastlebens stets von irgendwo her immer noch als einer der Ersten mit. Die Ereignisse des besagten Abends nun zum Beispiel, bekam ich sp\u00e4ter durch das aufgeregte Geplapper der stets neugierigen Dienstm\u00e4dchen zu h\u00f6ren, deren Aussagen geordnet mich nun zu den folgenden Schl\u00fcssen f\u00fchren. In dieser st\u00fcrmischen Nacht nach einem zuvor sch\u00f6nen Tag beschloss der Sohn mit seinen engsten Vertrauten, Beratern und Kriegsf\u00fchrern die R\u00fcckeroberung des Hafens Beg\u00f3t, dessen Verlust er schuldig war; welchen er doch Jahre zuvor dank seiner st\u00fcmperhaften Herrschaft verloren hatte \u2013 oder besser gesagt, aufgrund seines Fehlens an Herrschaft und seiner st\u00e4ndigen Suche nach irgendwelchen dunklen Gestalten, die ihm angeblich irgendwo auflauern und umbringen mochten und anderem, das alles zu sehen nur er im Stande war \u2013 ach, dieser arme Wahnsinnige! Um Beg\u00f3t nun wieder, wie er es nannte, unter die Ordnung und das Recht von L\u00edan zu bringen und es zu befrieden, dazu wollte er ausziehen.",
            "wordcount": "442",
            "chapter_release": "09.10.2008",
            "chapter_number": "1"
        },
        "2": {
            "text": "Aber dies alles nur mehr am Rande, geschah doch alles letztlich im Palaste selber. An diesem Abend also nun, so hatte ich sp\u00e4ter vernommen, sa\u00df der Sohn Nir\u00e1ce Jardgeault mit seinen engsten Vertrauten in seiner kleinen Arbeitskammer unweit seiner eigenen Gem\u00e4cher, in welcher er meinte die anderen \u2013 die ja nur er zu sehen in der Lage war \u2013 aussperren zu k\u00f6nnen. Mit ihm waren unter anderem wie immer unsere liebe und t\u00fcchtige Umean, die Herren Rouq und Aur\u00eds und andere, weniger Wichtige. Der Beginn dieser Unterhaltung scheint uninteressant und ich m\u00f6chte euch dies nun ersparen. Und selbst wenn ihr den T\u00e4tigkeiten eines Herrschers interessiert gegen\u00fcber stehen solltet, so w\u00e4re Nir\u00e1ce sicher das falscheste Beispiel, das man sich nun aussuchen k\u00f6nnte. Spannender jedenfalls wurde es erst sp\u00e4ter. Gaunie, eines der Dienstm\u00e4dchen vom Hofe, war gerade mit Wein eingetroffen. Nir\u00e1ce hatte sie seit ihrem Eintreten beobachtet, so dachte sie, doch galt sein Blick wohl eher etwas anderem. Pl\u00f6tzlich n\u00e4mlich sprang er auf und deutete aufgeregt auf Gaunie und die T\u00fcr hinter ihr. Und immer und immer wieder schrie er nur noch wie der Wahnsinnige, der er doch war.\u201eNein! Sie hat sie hereingelassen! Sie arbeitet mit ihnen zusammen! Sie wollen mich t\u00f6ten! So seht ihr denn nicht!\u201c rief \u0001 \u0002 so ging es weiter, eine ganze Weile, derweil Umean und die anderen ihn beruhigen wollten, doch nicht konnten, bis er schlie\u00dflich irgendwann endlich zusammenbrach und noch vor sich hin stammelnd in der Ecke sa\u00df. Gaunie wurde an dieser Stelle von Umean fort geschickt; sie selbst brachte Nir\u00e1ce noch in seine Gem\u00e4cher. Doch damit sollte alles erst \u0001 \u0002 n\u00e4chsten Morgen sa\u00dfen Umean und Nir\u00e1ce gemeinsam zum Fr\u00fchst\u00fcck. Zwar hielt sich Gaunie von diesem fern, doch erfuhr sie von einer anderen Magd, was dabei besprochen wurde, und \u00fcber Gaunie erfuhr schlie\u00dflich auch ich es. Nir\u00e1ce erz\u00e4hlte Nir\u00e1ce von den Geschehnissen in der Nacht zuvor. Anfangs taten wir es alle ja noch als Traum ab, doch heutzutage... - kann ich mir dieses Glaubens nach dem letzten Abend noch so sicher sein?Nir\u00e1ce erwachte mitten in der Nacht aufgrund eines Ger\u00e4usches. Nerv\u00f6s und alles M\u00f6gliche vermutend, so wie man ihn kennt, blickte er sich aufgeregt in seinem Gemach um und suchte nach Eindringlingen und M\u00f6rdern; doch alles war dunkel. Nir\u00e1ce griff nach dem Dolch unter seinem Kissen und machte sich f\u00fcr alles M\u00f6gliche und vieles Unm\u00f6gliche bereit. Pl\u00f6tzlich schimmerte Licht unter der T\u00fcr von seinem Wohn- zu seinem Schlafgemach hervor. Hastig zog er den Dolch aus seiner Scheide und umklammerte ihn mit zittrigem Griff. Nebel waberte d\u00fcnn in sein Gemach. Ein Kratzen ert\u00f6nte an der T\u00fcr, schwach doch stetig. Der Griff der T\u00fcr ruckte zun\u00e4chst leicht, sogleich aber vollst\u00e4ndig herab. Knarrend \u00f6ffnete sich die T\u00fcr und schwang schlie\u00dflich ganz auf. Das Licht, welches er gesehen hatte, war erloschen. Nichts konnte Nir\u00e1ce im anderen Zimmer erkennen. - Doch, eine dunkle Gestalt stand im T\u00fcrrahmen.\u201eWer seid ihr?\u201c verlangte Nir\u00e1ce mit \u00e4ngstlich zitternder Stimme zu \u0001 \u0002 man antwortete ihm nicht. Schweigend trat die Gestalt ins Zimmer ein, schien mehr zu schweben denn zu gehen. Nir\u00e1ce erhob seinen Dolch und richtete ihn auf die Gestalt.\u201eWachen!\u201c kreischte Nir\u00e1ce mit sich \u00fcberschlagender \u0001 \u0002 Gestalt erhob wie zum Einwand seine Hand.\u201eSchweig! Niemand h\u00f6rt euch hier!\u201c sprach die Stimme und Nir\u00e1ce tat wie \u0001 \u0002 entfachten sich die Kerzen im Raum wie von allein. Und endlich erkannte Nir\u00e1ce etwas von der Gestalt vor sich: In eine schwere schwarze Kutte geh\u00fcllt starrte ihn das Gesicht eines \u00e4lteren Mannes herrisch an. Irgendwie kam er ihm bekannt vor. Doch warum wirkte das Gesicht so \u2013 tot?\u201eWer seid ihr? Was wollt ihr? Kommt ihr mich...\u201c, fing Nir\u00e1ce stolpernd an, doch wieder erhob der Mann nur seine Hand.\u201eSchweigt still. - Nir\u00e1ce Jardgeault, ihr kennt mich! Seht in euch hinein. Miloux Laqualle nannte man mich einst. Erkennt ihr mich denn nicht?\u201c sprach die d\u00fcstere, hallende \u0001 \u0002 wahrhaftig, Nir\u00e1ce erinnerte sich an alte Gem\u00e4lde im Palast. Es passte: Gesichtsz\u00fcge, Bart, Haare \u2013 das musste wahrhaftig Miloux Laqualle \u0001 \u0002 Erkl\u00e4rung f\u00fcr euch, der ihr ja nicht von hier und deshalb vielleicht nicht mit der Geschichte unseres Landes vertraut seid, sollte ich an dieser Stelle vielleicht einwenden, wer genau Miloux Laqualle war: Nach dem Verschwinden von T\u00f3l und Om\u00e9 herrschten ihre weiblichen Nachfahren aufgrund des Verrates von Ra\u00ed bis zu einem Zwischenfall mit den Seer\u00e4ubern. Genau die, an die sp\u00e4ter Nir\u00e1ce Beg\u00f3t wieder verlor. Jedenfalls wurde Laqualle der erste Sohn des Landes und f\u00fchrte einen lebenslangen Krieg gegen die Seer\u00e4uber und hielt so \u00fcberhaupt erst T\u00f3lome zusammen.\u201eLaqualle?\u201c kam es ungl\u00e4ubig aus Nir\u00e1ce' Mund.\u201eGenau der und niemand weniger\u201c, best\u00e4tigte dieser.\u201eAber ihr seid tot!\u201c\u201eUnd schon wieder habt ihr Recht\u201c, sprach Laqualle mit aller Gelassenheit des Todes.\u201eIhr d\u00fcrftet nicht hier sein!\u201c erwiderte Nir\u00e1ce und dr\u00fcckte sich voller Entsetzen an das Kopfende seines Bettes.\u201eNir\u00e1ce Jardgeault, ihr habt hier nichts zu entscheiden. Ihr seid unf\u00e4hig und d\u00fcrftet eigentlich \u00fcberhaupt nicht an der Macht in diesem Land sein. Im Namen von T\u00f3l und Om\u00e9 sind wir gekommen, euch zu strafen!\u201cUnd anklagend zeigte er mit seinem Finger auf den ver\u00e4ngstigten Nir\u00e1ce.\u201eAber warum! Ich erobere Beg\u00f3t zur\u00fcck!\u201cDoch in dem Moment leuchtete es wieder im Nebenraum. Geblendet hob Nir\u00e1ce eine Hand vor sein Gesicht. Zwar erlosch das Licht schnell wieder, doch erkannte er erst, was denn geschehen war, als eine zweite Gestalt neben Miloux Laqualle erschienen war.\u201eNir\u00e1ce Jardgeault. - Wisst ihr auch, wer ich bin?\u201c fragte der \u0001 \u0002 dieser Mann war schwarz gekuttet, auch hier blickte ihn ein altes und herrisches Gesicht fast angewidert an. Diesmal ging Nir\u00e1ce von selber die Reihe seiner Vorg\u00e4nger durch und blieb gedanklich bei einem davon h\u00e4ngen.\u201eM\u00e1gin Journas!\u201c hauchte Nir\u00e1ce, vor Angst wie vor Ehrfurcht, vor Grauen innerlich schon selber wie \u0001 \u0002 Journas, der gro\u00dfe Journas, einer der wichtigsten Begr\u00fcnder unseres Reiches! 500 Jahre vor Nir\u00e1ce machte er dasselbe, wie wenige Jahrhunderte vor ihm sein Vorg\u00e4nger Miloux Laqualle, n\u00e4mlich die Bek\u00e4mpfung der Seer\u00e4uber und Erweiterung des Reiches. Und nun waren diese beiden K\u00e4mpfer des Reiches wieder auferstanden und gekommen ihn zu... - ja, was wollten sie eigentlich bei Nir\u00e1ce?\u201eNir\u00e1ce Jardgeault. Ihr seid unf\u00e4hig und des Herrschertitels nicht w\u00fcrdig! Wir sind gekommen, euch mit uns zu nehmen!\u201c erkl\u00e4rte Journas mit ferner unwirklicher Stimme.\u201eAber das d\u00fcrft ihr nicht!\u201c schrie Nir\u00e1ce panisch.\u201eWir d\u00fcrfen und wir m\u00fcssen es! Im Namen von T\u00f3l und Om\u00e9!\u201c sprachen beide fast wie aus einem Munde und kamen langsam und drohend auf ihn zu.\u201eNein!\u201c gellte da Nir\u00e1ce und hob abwehrend die \u0001 \u0002 in diesem Augenblick leuchtete nebenan zum dritten Male ein Licht.\u201eH\u00f6rt auf!\u201c ert\u00f6nte eine weibliche, doch starke und betonte Stimme hinter den \u0001 \u0002 diese sich mit gef\u00fchllosen Minen umdrehten, zu sehen, wer da sprach, konnte auch Nir\u00e1ce mehr erkennen: Eine wei\u00df gewandete Gestalt stand da, eine Frau in ihren besten Jahren, sch\u00f6n und doch stark, mit langem wei\u00dfem Haar, erleuchtet von einem leichten Schimmern.\u201eEr hat es verdient!\u201c sprach Laqualle zu der Frau.\u201eHalte uns nicht auf, M\u00e1laines!\u201c erg\u00e4nzte \u0001 \u0002 die Friedliche, Verteidigerin des Reiches und F\u00f6rderin des Friedens, hob beide H\u00e4nde auf Kopfh\u00f6he und trat langsam auf die Beiden zu.\u201eDie Macht und der Hass haben euch verdorben. Diesen Mann wird sein gerechtes Schicksal ereilen, doch nicht aus euren H\u00e4nden!\u201cUnd damit bewegten sich ihre H\u00e4nde auf die beiden zu, als wolle sie ihnen die Handfl\u00e4chen auf die Stirne legen. Doch tats\u00e4chlich schienen sich die beiden langsam aufzul\u00f6sen, noch bevor ihre H\u00e4nde sie h\u00e4tten ber\u00fchren k\u00f6nnen. Mit schmerzerf\u00fcllten Gesichtern l\u00f6sten sich die Beiden vor den Augen von Nir\u00e1ce langsam auf. Als sie verschwunden waren, sah M\u00e1laines Nir\u00e1ce kurz an.\u201eBegegne deinem Schicksal. Es wird in wenigen N\u00e4chten schon zu dir kommen. Doch begegne ihm alleine. Dies war deine Warnung\u201c, sprach sie und war auch \u0001 \u0002 sa\u00df immer noch wie eingefroren aufrecht im Bett. Dann pl\u00f6tzlich schlief er \u0001 \u0002 darauf musste er geweckt werden. - Dies sollte meine undankbare Aufgabe sein. Ich betrat sein Zimmer, ihn fest und ruhig schlafend vorfindend, ging an seinem Bett vorbei und \u00f6ffnete die Vorh\u00e4nge, um Licht ins Zimmer zu lassen.\u201eHerr, steht auf, es ist so ein sch\u00f6ner Tag!\u201c begr\u00fc\u00dfte ich ihn damals noch frohen Mutes \u2013 ach, ich \u0001 \u0002 wachte nur langsam auf und blickte mich verwirrt an. Doch schnell schlich sich in seinen Blick der tiefste Schrecken. Im Nachthemd aufspringend, wild gestikulierend, schrie er mich bald an.\u201eSie wollen mich t\u00f6ten!\u201c begann er und damit auch seine grausige, vollkommen abgehackt vorgetragene Geschichte, die ich erst nach seinem Gespr\u00e4ch mit Umean wirklich verstehen \u0001 \u0002 bot sich mir ein Bild des Schreckens, doch wurde auch immer klarer, dass sein Verstand gelitten hatte. Ich kam nicht einmal mehr zu Wort, ihn zu unterbrechen, vermochte ihn nur noch zweifelnd anzusehen.\u201eHerr, ihr habt schlecht getr\u00e4umt\u201c, wagte ich die Wahrheit festzustellen, sobald er geendet hatte.\u201eRaus!\u201c schrie er da und verwies mich des \u0001 \u0002 hatte Angst. Sowohl sein grausiger Blick als auch der Ton sagten mir, dass ich schnellstens gehen sollte, w\u00e4re mir mein Leben lieb. Und das tat ich dann, so schnell ich nur vermochte. Verwirrt und zutiefst ver\u00e4ngstigt ging ich meinen normalen Gesch\u00e4ften alsbald wieder nach. Sp\u00e4ter h\u00f6rte ich nun also von Umean und Gaunie und dem \u00fcblichen Klatsch im Palast den Rest der Geschichte. Den ganzen Tag \u00fcber war Nir\u00e1ce zu kaum etwas zu gebrauchen; Umean musste bereits einen Gro\u00dfteil seiner Aufgaben \u00fcbernehmen. Erst sp\u00e4ter am Tag war er dazu zu bewegen, seine Gem\u00e4cher zu verlassen. Die Herren Rouq und Aur\u00eds begleiteten ihn eine Weile, immer auf ihn einredend, dass er nur schlecht getr\u00e4umt h\u00e4tte und niemand ihm irgendetwas antun wolle. Irgendwann schickte er sie einfach nur gereizt weg und lie\u00df sich fortan von Umean begleiten. Abgesehen davon, dass Nir\u00e1ce immer wieder von Laqualle und Journas sprach, bis Umean ihn irgendwann \u00fcberreden konnte, dass es besser sei zu schweigen, geschah an diesem Tag sonst nichts \u0001 \u0002 die folgende Nacht blieb ruhig und ebenso der Tag darauf und die Nacht danach. Einen weiteren Tag sp\u00e4ter sollten alle es bereits wieder fast vergessen haben. Selbst Nir\u00e1ce verhielt sich fast normal und nahm wieder an den Pl\u00e4nen teil, Beg\u00f3t zur\u00fcck zu erobern. Auch mit mir sprach er wieder normal und als sei nichts geschehen. An diesem Tag begleitete ich ihn abends zu seinen Gem\u00e4chern. Vor seiner T\u00fcr blieb ich stehen.\u201eHerr, ich w\u00fcnsche euch eine geruhsame Nacht\u201c, sprach ich und verabschiedete \u0001 \u0002 Nir\u00e1ce betrat seine Gem\u00e4cher, taumelte zu seinem Bett und lie\u00df sich fallen. Eine seltsame Schwere hatte sich seiner bem\u00e4chtigt. Fast augenblicklich und g\u00e4nzlich bekleidet schlief er ein.\u201eNir\u00e1ce Jardgeault, erhebt euch!\u201c weckte ihn sp\u00e4ter in der Nacht eine grausig blubbernde Stimme, als gurgele sie seinen \u0001 \u0002 Nir\u00e1ce \u00f6ffnete die Augen und sah in die eines Mannes, bartlos und in seinen besten Jahren. Schreiend vor Grauen sprang er auf, als ihm gewahr wurde, dass diese Augen zu einem Kopf geh\u00f6rten, doch der Kopf ohne K\u00f6rper war. Der Kopf lag auf seinem Bett, Blut sickerte noch aus dem Halsstumpf auf sein Laken; ebenso kam das blubbernde Ger\u00e4usch von dem Blut, welches aus dem Munde triff, sobald er ihn \u00f6ffnete um zu sprechen. Und das tat er auch.\u201eNir\u00e1ce. Seht mich an! Wisst ihr, wer ich bin?\u201c blubberte der \u0001 \u0002 war bleich und panisch vor Schreck, doch beruhigten ihn die Worte auch auf eine seltsame Art und es gelang ihm, zitternd zu antworten.\u201eSeid ihr... - General Merch\u00e1nis?\u201c fragte er \u0001 \u0002 blutige Sch\u00e4del grinste ihn vergilbt an.\u201eJa, genau der bin ich. Und wisst ihr auch, warum man mir dies angetan hat?\u201c blubberte der Kopf.\u201eIhr ward hauptverantwortlich f\u00fcr den ersten B\u00fcrgerkrieg!\u201c Ihr wolltet den Thron an euch rei\u00dfen! Ihr habt erhalten, was ihr verdient!\u201c schaffte es Nir\u00e1ce trotz seiner Angst, Verachtung in seine Stimme zu legen.\u201eNein! - Ich wollte den Thron verteidigen! - Vor all diesen falschen S\u00f6hnen und T\u00f6chtern! - Doch wisst ihr auch, warum ich hier bin?\u201c blubberte der \u0001 \u0002 sch\u00fcttelte nur den Kopf. \u201eEr hat kl\u00e4glich versagt! - Und so leider auch ich\u201c, sprach da eine d\u00fcstere Stimme \u0001 \u0002 blickte erschrocken nach links, wo er neben dem Bett eine Gestalt ausmachte. Ein gro\u00dfer Mann, aschgrau gewandet, das Gesicht f\u00fcrchterlich wie von Flammen entstellt.\u201eWer seid ihr?\u201c fragte Nir\u00e1ce, nun auch voll von Ekel ob dieses Anblicks, nur noch fl\u00fcchten wollend.\u201eBar\u00e1noux nannte man mich einst. Ich nutzte die Gelegenheit, als dieser r\u00fcckgratlose Schuft hier den Krieg anzettelte, um meine Heimat gegen die Banditen zu verteidigen \u2013 und auch, um selber Macht zu erlangen. Doch es sollte nicht sein\u201c, sprach er mit einer knisternden Stimme wie ein Lagerfeuer und trat n\u00e4her ans Bett, nahm den Kopf und hob ihn hoch, dr\u00fcckte ihn an sich, w\u00e4hrend Blut auf den Boden tropfte.\u201eWas wollt ihr von mir? Ich habe euch nichts getan!\u201c sprach Nir\u00e1ce mit aufgeregter Stimme, erhob sich und trat bis zur Wand zur\u00fcck, doch der Mann mit dem tropfenden Kopf folgte ihm.\u201eWir haben versagt bei dem, was wir taten und so tatest auch du. - Nun ist es Zeit f\u00fcr dich, uns zu begleiten. F\u00fcr das Versagen ist in dieser Welt kein Platz. - Du geh\u00f6rst zu uns!\u201c sprachen die beiden wie aus einem Munde und kamen auf ihn zu.\u201eNein!\u201c schrie da Nir\u00e1ce und hob abwehrend die \u0001 \u0002 da trat wie aus dem Nichts eine \u00e4ltere, gro\u00dfe und kr\u00e4ftige Frau dazwischen.\u201eIch strafte euch beide doch schon einmal, und so werde ich auch heute! Ihr habt hier nichts verloren\u201c, sprach \u0001 \u0002 Bar\u00e1noux wich vor ihr zur\u00fcck wie vor dem Feuer.\u201eJ\u00e1neur \u2013 dieser Mann geh\u00f6rt zu uns! Wir werden ihn uns holen, und auch du wirst das nicht verhindern k\u00f6nnen\u201c, blubberte da der Kopf von General Merch\u00e1nis.\u201eWir kommen wieder!\u201c sprach auch \u0001 \u0002 damit verschwanden \u0001 \u0002 - Anf\u00fchrerin der Geschwister, Siegerin des ersten B\u00fcrgerkrieges, Bewahrerin des Reiches und R\u00e4cherin ihres ermordeten Vorg\u00e4ngers Sin\u00e1que \u2013 sah Nir\u00e1ce nur entt\u00e4uscht an und sagte nichts. Dieser hatte das Gef\u00fchl, dass ihr Blick bis in das Innere seines Seins schaute und schauderte mehr als die Tage zuvor. Er f\u00fchlte sich schuldig. Bewusstlos fiel er \u0001 \u0002 sollte ich ihn dann auch am n\u00e4chsten Morgen finden: auf dem Boden unfern seines Bettes liegend, dieses noch v\u00f6llig unber\u00fchrt und sauber, er v\u00f6llig bekleidet. Vorsichtig weckte ich ihn.\u201eHerr \u2013 was ist passiert? Geht es euch gut?\u201c fragte ich \u0001 \u0002 wachte er auf. Und wie schon drei Tage zuvor wich sein verschlafener Blick sofort dem Schrecken. Erregt sprang er auf, mich kaum beachtend, und eilte hin\u00fcber zum Bett. Dort wurde er noch aufgebrachter, als er nicht fand, was er suchte, denn das Bett war unber\u00fchrt und jungfr\u00e4ulich rein. Er drehte sich im Kreis und suchte den Raum ab \u2013 ach, dieser arme kranke Mann!\u201eHerr, was sucht ihr?\u201c fragte ich, leichte Furcht aufgrund seines ungew\u00f6hnlichen Verhaltens versp\u00fcrend.\u201eSie waren hier!\u201c rief er nur, \u201eSie waren hier, doch wo \u2013 wo sind sie jetzt?\u201cVerzweifelt deutete er auf sein Bett.\u201eEs war voller Blut! Voller Blut!\u201c rief er \u0001 \u0002 konnte ihn nur noch bedauernd ansehen.\u201eHerr, ihr scheint wieder schlecht getr\u00e4umt zu haben\u201c, sprach \u0001 \u0002 wandte er seinen Blick mir zu. Wilder Wahn leuchtete aus seinen \u0001 \u0002 Angst schlich sich in mein Herz \u2013 habt ihr so etwas schon einmal erlebt? - es ist nicht beschreibbar! Ich versuche es deshalb erst gar nicht.\u201eNein! Nein! NEIN! Es ist geschehen! Sie waren hier!\u201c schrie er mich an.\u201eIch hole Umean!\u201c sprach ich da und machte mich so schnell ich nur konnte aus dem Raum \u2013 drau\u00dfen rannte ich \u0001 \u0002 diesem Vorfall ging ich Nir\u00e1ce m\u00f6glichst aus dem Weg. Er war es also nicht, der mir seine Sicht der Geschichte schilderte. Auch Umean wollte mir dieses Mal nichts erz\u00e4hlen, schien sie doch selber wie erstarrt. Ich erfuhr alles erst Tage sp\u00e4ter, nach all diesen Ereignissen. Doch da sollte es mich kaum noch beeindrucken. Nir\u00e1ce hatte mir Angst gemacht, wie nie jemand zuvor, und es sollte nicht das letzte Mal bleiben. Sein Wahn steigerte sich in den n\u00e4chsten Tagen nur noch \u0001 \u0002 gesamten Tag aber kam er nicht mehr aus seinen Gem\u00e4chern. Umean musste bei ihm bleiben und ihn \u00fcberzeugen, dass alles nur ein Traum und v\u00f6llig in Ordnung sei \u2013 es schien eine schwere Aufgabe. Doch tats\u00e4chlich zeigte er sich sp\u00e4ter noch einmal kurz au\u00dferhalb seiner \u0001 \u0002 n\u00e4chsten Tag war er mit dem Herrn Aur\u00eds und anderen im Palast eigenen Park spielen. Als Aur\u00eds ihn versehentlich mit dem Ball am Kopf traf, rastete Nir\u00e1ce v\u00f6llig aus. Kreischend bis schreiend beschuldigte er Aur\u00eds, ihn umbringen zu wollen. Irgendwann nahm er seinen Stab und ging damit auf Aur\u00eds los, schlug auf ihn ein, als wolle er ihn umbringen. Dieser konnte sich gerade noch wehren, bis die anderen Mitspieler dazwischen gingen. Blutend verlie\u00df Aur\u00eds das Spielfeld. Er ward nie wieder in der N\u00e4he von Nir\u00e1ce anzutreffen und verlie\u00df drei Tage sp\u00e4ter v\u00f6llig \u00fcberhastet den Hof. Die restliche Zeit bis zum neunten Tag nach der ersten Nacht blieb alles ruhig. Nir\u00e1ce entsandte erste Truppen gen Ah\u00e9m, von wo aus sie per Schiff weiter nach Sadun sollten, um dann gegen Beg\u00f3t vorzugehen. Einige der Herren und Damen waren nach wie vor gegen kriegerische Handlungen, doch Nir\u00e1ce lie\u00df sich nicht dazwischen reden. Immer wieder sprach er nur davon, er w\u00fcrde nicht versagen und niemanden entt\u00e4uschen, sprach von Miloux Laqualle und M\u00e1gin Journas, von General Merch\u00e1nis und dem Herrn Bar\u00e1noux, von M\u00e1laines und J\u00e1neur. Kaum jemand verstand, was er damit meinte, doch viele befiel eine dunkle Vorahnung und so einige der etwas Feinf\u00fchligeren beschlich bereits die Angst vor dem \u0001 \u0002 diesem Abend \u00fcbertrieb es Nir\u00e1ce sehr mit dem Wein. Bald bel\u00e4stigte er die Dienstm\u00e4dchen, um sie kurz darauf wieder zu verd\u00e4chtigen ihm etwas antun zu wollen. Schnell war er an dem Punkt, an dem er wirklich jeden beschuldigte, wankte, lallte und Leute mit Weinkelchen bewarf. Die Herren Rouq und Fonouille packten ihn auf Umeans Anweisung und sperrten ihn mit Hilfe zweier W\u00e4chter in seine eigenen Gem\u00e4cher. Man h\u00f6rte ihn drinnen noch eine Weile toben und randalieren, bevor es endlich ruhiger wurde und man annahm, er sei eingeschlafen. Doch sp\u00e4ter sollte er anderes \u0001 \u0002 er seine Gem\u00e4cher betreten hatte, wurde er sofort angesprochen.\u201eNir\u00e1ce, ich habe euch erwartet\u201c, sprach eine ruhige M\u00e4nnerstimme aus dem dunklen Schlafgemach.\u201eWer ist da?\u201c rief Nir\u00e1ce in die \u0001 \u0002 ein Mann trat vor, bis an den Rand des Vorgemachs. \u201eIch glaube, ihr solltet mich kennen\u201c, sagte das junge, gefasst wirkende Gesicht, hinter dessen Augen aber eine abgrundtiefe Bosheit funkelte.\u201eIhr seid S\u00e1meidan, der Sohn von J\u00e1neur\u201c, sprach Nir\u00e1ce, kaum noch \u00fcberrascht, hier einen seit 300 Jahren Toten vor sich zu sehen, und dank des vielen Weines auch weniger schreckhaft.\u201eJa, das stimmt. Der bin ich\u201c, best\u00e4tigte der junge Mann, der einst sein eigenes Land mit Terror und Krieg \u00fcberzogen hatte, blo\u00df um sich an Sil\u00fbne zu r\u00e4chen.\u201eSeid ihr auch gekommen, mich zu holen \u2013 so wie die anderen?\u201c wagte Nir\u00e1ce zu fragen.\u201eNun. - Ich bin hier, euch meine Bewunderung auszusprechen. Ihr habt unserem Geschlecht wahrhaftig alle Ehre gemacht. Wir werden froh sein, euch bei uns willkommen zu hei\u00dfen\u201c, sprach S\u00e1meidan.\u201eIch werde niemals mit euch gehen!\u201c sprach Nir\u00e1ce, auf eine sonderbare Art jetzt Mut findend.\u201eAls h\u00e4ttet ihr da eine Wahl!\u201c kicherte eine wilde Frauenstimme vergn\u00fcgt und Nir\u00e1ce wurde zu Boden \u0001 \u0002 ihm sa\u00df eine Frau, deren vom Wahn verzerrte Z\u00fcge kaum noch erkennen lie\u00dfen, wie sie einst wohl ausgesehen hatte. Sie kicherte wie wild und hielt ihn mit unmenschlicher Kraft am Boden.\u201eKennt ihr auch schon meine Tochter?\u201c fragte S\u00e1meidan mit einem b\u00f6sen Unterton in der Stimme.\u201eSie ist mein ganzer Stolz\u201c, fuhr er ohne zu warten fort, \u201esie hat mich bei allem noch weit \u00fcbertroffen. Ihr beide wisst wirklich, wie ihr mit eurem Volk umzugehen habt. Du wirst bei uns gut aufgehoben sein, mein lieber Nir\u00e1ce.\u201c\u201eNein, ihr Wahnsinnigen lasst die Finger von ihm!\u201c mischte sich eine weitere Frauenstimme ein.\u201eFort mit euch Gestalten des B\u00f6sen!\u201c sprach sie und verstummt und verschwunden waren S\u00e1meidan und seine wahnsinnige Tochter \u0001 \u0002 blieb nur jemand, den Nir\u00e1ce doch noch von fr\u00fcher kannte.\u201eSteh auf\u201c, sprach M\u00edjousa \u0001 \u0002 tat wie ihm gehei\u00dfen. Er war sprachlos. Das letzte Mal hatte er M\u00edjousa auf ihrem Sterbebett gesehen, wenige Tage, bevor er ihre Nachfolge antreten sollte.\u201eSeit dem Tag, an dem ich dich bei mir am Hofe aufgenommen hatte\u201c, fuhr sie fort, \u201ewusste ich, dass es eines Tages so weit kommen musste.\u201c\u201eM\u00edjousa, du bist tot...\u201c, sprach Nir\u00e1ce erstaunt und langsam.\u201eJa, das stimmt wohl. Und du bist es auch bald, wenn du nicht aufpasst. Die Geschehnisse der letzten N\u00e4chte waren nur die Vorboten. Es k\u00f6nnte noch Schlimmeres kommen. Wir werden versuchen, sie aufzuhalten, doch letztlich werden sie wieder kommen. L\u00edan ist nicht mehr sicher f\u00fcr dich, zu viele b\u00f6se M\u00e4chte wie S\u00e1meidan und Amoujain gibt es hier. Verlasse den Palast und die Stadt und rette dich!\u201c sprach sie mit allem Nachdruck, den sie aufbieten konnte.\u201eAber wo soll ich hin...?\u201c fragte Nir\u00e1ce noch, doch M\u00edjousa war bereits fort.\u201eVerlasse L\u00edan!\u201c h\u00f6rte er nur noch aus der \u0001 \u0002 dem ich ja nun nicht mehr bereit war, Nir\u00e1ce morgens zu wecken, \u00fcbernahm Sarroux diese Aufgabe, einer der hart gesottenen W\u00e4chter des Palastes. Sarroux erz\u00e4hlte mir sp\u00e4ter getreu, was er vorgefunden hatte. Er musste nicht weit gehen, kauerte Nir\u00e1ce doch direkt neben der Eingangst\u00fcr zu seinen Gem\u00e4chern. Er hatte nicht fliehen k\u00f6nnen, da die T\u00fcr ja versperrt gewesen war. Sarroux musste ihn auch nicht wecken, da er die ganze Nacht wohl nicht geschlafen hatte. Nir\u00e1ce schien die ganze Zeit dort gehockt zu haben, seine Fingern\u00e4gel abkauend und sonst nur vor sich hin zitternd, in Richtung seines Schlafgemachs starrend.\u201eHerr?\u201c machte Sarroux langsam auf sich \u0001 \u0002 drehte Nir\u00e1ce ihm den Blick zu. Seine Augen waren verheult, Tr\u00e4nen liefen ihm noch \u00fcber die Wangen.\u201eWir m\u00fcssen von hier fliehen! Sie wollen mich holen!\u201c sprach er, Schrecken und Verzweiflung aus seiner Stimme triefen lassend, dass es Sarroux das Mark gefror.",
            "wordcount": "3.627",
            "chapter_release": "09.10.2008",
            "chapter_number": "2"
        },
        "3": {
            "text": "Sarroux holte Umean, doch bevor diese bei Nir\u00e1ce eintraf, hatte jener sich bereits von selbst erhoben. Sarroux und meine Wenigkeit begleiteten Umean, weshalb ich nun auch aus erster Hand \u00fcber die weiteren Geschehnisse sowie die Nacht davor berichten kann. Wie wild eilte Nir\u00e1ce in seinen Gem\u00e4chern umher und stopfte Taschen und Truhen mit seinen wichtigsten Besitzt\u00fcmern voll. \u201eNir\u00e1ce, was tut ihr da?\u201c fragte Umean bei unserem \u0001 \u0002 hielt ein und sah uns mit seinen rastlosen, angsterf\u00fcllten Augen an. Doch eine gewisse Dringlichkeit und Ernsthaftigkeit ging ebenso von ihnen aus.\u201eIch werde auf das Landgut meiner Eltern fahren\u201c, erkl\u00e4rte er ernst und nachdr\u00fccklich, \u201eich bin hier nicht mehr sicher. Umean, ihr bleibt hier und bereitet alles vor. - Der Palast zieht nach Maggir um!\u201c\u201eWas? Aber warum?\u201c fragte Umean, sichtlich \u00fcberrascht.\u201eEs wird Schreckliches geschehen, bleiben wir hier! An diesem Ort gibt es zahlreiche b\u00f6se M\u00e4chte, zu viel Schlechtigkeit ging von hier aus! Der Palast kann nicht mehr genutzt werden!\u201c erwiderte Nir\u00e1ce, sichtlich ungeduldig und ein wenig erbost dar\u00fcber, dass man ihm nicht sofort gehorchte.\u201eAber das k\u00f6nnt ihr nicht tun! Ihr m\u00fcsst euch mit den Herren und Damen absprechen. Und sie werden euch sicher widersprechen!\u201c stellte Umean reichlich ungehalten \u0001 \u0002 funkelte sie daf\u00fcr b\u00f6se an. Dann blickte er hinter sich, als h\u00e4tte er dort etwas geh\u00f6rt. Als er Umean wieder ansah, konnten wir auf den Grunde seines Wahns blicken. Und ich musste an mich halten, nicht angesteckt zu werden \u2013 sollte ich denn damals damit \u00fcberhaupt Erfolg gehabt haben.\u201eDas ist mir egal. Lasst das eure Sorge sein! Und bereitet mir eine Kutsche vor, ich will heute noch abreisen\u201c, sprach er, und es sollte \u0001 \u0002 reiste lediglich mit zwei selbst ausgesuchten W\u00e4chtern und wenig Gep\u00e4ck ab. Umean handelte die n\u00e4chsten Tage, wie von ihm angeordnet. Nat\u00fcrlich sprachen sich die Edlen gegen seine Anweisung aus. Viele wollten Nir\u00e1ce schon lange abgesetzt sehen, allen voran der Herr Fonouille und die Herrin Goul\u00eds. Doch Umean konnte sich durchsetzen. Bald schon begannen die Vorbereitungen, den Palast nach Maggir umzusiedeln. Maggir war auf so etwas wie diesen unerwarteten Ansturm der Edlen sogar vorbereitet. S\u00e1meidan und vor allem seine Tochter Amoujain hatten damals den alten Familienpalast von J\u00e1neur weiter ausgebaut und sich dort oftmals aufgehalten. Dieser nun sollte unser neuer Palast werden. Aus dem Palast des Wahnsinns von L\u00edan also in den Palast des Wahnsinns in Maggir. Die Zeichen waren viel \u0001 \u0002 selbst kam derweil unbehelligt auf dem Landgut seiner Familie an, ein paar Stunden nur au\u00dferhalb von L\u00edan. Seine Eltern waren beide vor langem gestorben, zuletzt der Vater vor Beg\u00f3t, Geschwister hatte er keine mehr, so stand das Gut nun gr\u00f6\u00dftenteils leer und ihm allein zur Verf\u00fcgung und niemand au\u00dfer ein paar Dienern sowie der Haush\u00e4lterin Mauce konnten ihn hier st\u00f6ren. Und so schien es, als w\u00fcrde er sich tats\u00e4chlich erholen, wirkte auf Mauce fast wieder so froh und normal wie damals als Kind. Seine fr\u00fchere Hebamme war auch au\u00dferordentlich erfreut, ihn wieder zu sehen. Diese Meinung sollte sich noch \u0001 \u0002 verbrachte die Tage wandernd in den G\u00e4rten seines Anwesens, die meiste Zeit nun allein, seltener auch zusammen mit Mauce. Doch weiterhin lie\u00df er seine Wachen auf sich aufpassen, sogar der Koch selber musste seine eigenen Speisen vor den Augen von Nir\u00e1ce stets vorkosten. Aber es war trotzdem ruhiger und entspannter f\u00fcr Nir\u00e1ce als zuvor in L\u00edan. Von Umean erhielt er Botschaften, die ihn \u00fcber den Stand der Dinge auf dem Laufenden hielten; er selber sandte uns Nachrichten, dass es ihm besser gehen w\u00fcrde. Doch leider sollte dies nicht sehr lange \u0001 \u0002 Abend des dritten Tages nach seiner Ankunft auf dem Gut der Familie Jardgeault schien alles anfangs wie gewohnt. Nir\u00e1ce nahm mit Mauce sein Abendmahl ein, sprach mit ihr danach noch eine Weile \u00fcber die letzten Ereignisse, bevor er sich schlie\u00dflich verabschiedete und sich in seine Gem\u00e4cher zur\u00fcckzog. Diese bestanden hier aus einem Vorraum, einem Badezimmer, Haupt- und Schlafraum sowie dem \u0001 \u0002 in der Nacht erwachte Nir\u00e1ce von einem Ger\u00e4usch. Es war ein Kratzen, und es kam von drau\u00dfen, von dem Fenster zum Balkon. Nir\u00e1ce z\u00f6gerte. Als das Kratzen sich jedoch fortsetzte, fasste er den Entschluss nun nach zu sehen, was ihn da st\u00f6rte. Er erhob sich aus seinem Bett \u2013 und in dem Moment \u00f6ffnete sich die Balkont\u00fcr. Nir\u00e1ce erstarrte, als er sah, wie ein Fu\u00df die Schwelle zu seinem Zimmer \u00fcbertrat. Es folgten das Bein und bald eine dunkle Gestalt.\u201eWer seid ihr? Was wollt ihr?\u201c fragte Nir\u00e1ce in \u0001 \u0002 Gestalt war m\u00e4nnlich. Sie trug eine leichte R\u00fcstung, ein Schwert auf den R\u00fccken geschnallt \u2013 und sie trat weiter vor. Das Gesicht war b\u00e4rtig, die R\u00fcstung rostig, schmutzig. Seetang hing dem Mann von Schultern und Kopf. Mit jedem Schritt hinterlie\u00df er feuchte Fu\u00dfspuren auf dem Boden und das lange Haar hing ihm nass in das Gesicht. Trotzdem erkannte Nir\u00e1ce nat\u00fcrlich, wer da kam \u2013 das war unm\u00f6glich!\u201eWarum hast du uns so unvorbereitet in den Krieg geschickt? Warum hast du uns dort allein gelassen? Die Seer\u00e4uber versenkten unsere Schiffe, eins nach dem anderen. Wie konntest du das gerade mir antun?\u201cDie Stimme seines Vaters war rau und br\u00fcchig, doch voll von Hass, Zorn und Anklage. Nir\u00e1ce' Herz raste und er bef\u00fcrchtete, es w\u00fcrde ihm im Leibe bersten. Seine Angst war unermesslich.\u201eNein! Nein! Ich wusste es nicht! Es war niemals meine Absicht! Vater \u2013 bitte!\u201c flehte Nir\u00e1ce und Tr\u00e4nen der Verzweiflung kamen \u0001 \u0002 sein Vater erh\u00f6rte ihn nicht. Bald war er vor ihm, legte ihm die H\u00e4nde um den Hals, dr\u00fcckte langsam und hasserf\u00fcllt zu \u2013 Nir\u00e1ce wehrte sich nicht und verlor bald das \u0001 \u0002 sollte ihn am n\u00e4chsten Tag auf dem Boden vor seinem Bett liegend vorfinden.\u201eHerr!\u201c entfuhr es ihr und besorgt lief sie zu \u0001 \u0002 Nir\u00e1ce lebte noch. Er musste wohl des N\u00e4chtens aus dem Bett gefallen sein. So dachte jedenfalls Mauce, denn das, was Nir\u00e1ce ihr sp\u00e4ter erz\u00e4hlte und was sie uns wenige Wochen sp\u00e4ter schildern sollte, konnte ja niemand mit Vernunft und Verstand wirklich glauben.\u201eWo ist er? Wo ist mein Vater?\u201c fragte er als erstes, als er aufwachte.\u201eHerr? ...euer Vater ist tot und wurde nie gefunden... - das wisst ihr doch\u201c, sprach Mauce z\u00f6gernd.\u201eAber \u2013 aber, er war hier! Er hat Spuren hinterlassen, das wird es beweisen!\u201c sprach Nir\u00e1ce und suchte eifrigst den Boden ab \u2013 doch dieser war sauber und unber\u00fchrt. Nun musste Mauce die undankbare Aufgabe \u00fcbernehmen, die zuvor Umean inne hatte: Nir\u00e1ce beruhigen und einem gew\u00f6hnlichen Leben wieder zug\u00e4nglich machen. Doch hatte sie es nicht ganz so schwer, da er bei ihr alles tat, was ihm gesagt wurde. Dumpf und leer starrten seine Blicke ins Nichts, doch a\u00df er und lie\u00df sich waschen, alles bar jeglicher Leidenschaft. Mauce sollte sich immer mehr Sorgen um ihn machen m\u00fcssen \u2013 und war bald selbst der Verzweiflung \u0001 \u0002, einer seiner beiden W\u00e4chter, \u00fcbernahm f\u00fcr Mauce alsbald die Aufgabe, ihn zu besch\u00e4ftigen. Ticqaille ging dazu \u00fcber, mit Nir\u00e1ce in den Garten zu gehen, um sich mit ihm dort im Kampfe zu \u00fcben. Nach anf\u00e4nglicher Lustlosigkeit taute Nir\u00e1ce dann auch bald auf und machte anschlie\u00dfend sogar mit \u2013 gar mit Leidenschaft, als die n\u00e4chsten N\u00e4chte wieder ruhiger blieben. Doch dann, am dritten Tage, da geschah es \u0001 \u0002 hatte gar nicht erst geschlafen. Gr\u00fcbelnd und fr\u00f6stelnd sa\u00df er drau\u00dfen auf dem Balkon. Zumindest solange, bis er im Zimmer hinter sich etwas h\u00f6ren sollte. \u201eNir\u00e1ce, mein Lieber. Komm herein zu mir, du erk\u00e4ltest dich noch!\u201cDieser erkannte die Stimme der Frau, die da zu ihm sprach nicht, doch wusste er, dass ihn da drinnen sicher nichts Gutes erwarten w\u00fcrde. Schnell sprang er auf und schloss die T\u00fcr, sich selber damit aussperrend. Entsetzt \u00fcber die Geschehnisse, trat er einen Schritt zur\u00fcck. Er wollte von hier fliehen, soweit es nur ging, doch er hielt sich damit zur\u00fcck, einfach vom Balkon zu springen, um dies alles endlich zu beenden. - Da stie\u00df er hinter sich pl\u00f6tzlich gegen etwas.\u201eAber mein Junge, wer wird denn so ungezogen sein\u201c, tadelte ihn die Frauenstimme leicht \u0001 \u0002 wirbelte Nir\u00e1ce herum und dr\u00fcckte sich nun an die Balkont\u00fcr. Dicht vor ihm stand sie, eine sch\u00f6ne junge Frau, gekleidet nur im Nachthemd. Sie l\u00e4chelte ihm zu, doch mit einem vorwurfsvollen Blick. Er kannte sie nicht. Oder doch? - Ihm kam ein Gem\u00e4lde im Haus in den Sinn.\u201eWer \u2013 Mutter?\u201c fragte er und das Herz blieb im fast \u0001 \u0002 sch\u00fcrzte kurz gespielt entt\u00e4uscht die Lippen, doch l\u00e4chelte anschlie\u00dfend weiter.\u201eErkennst du etwa wirklich deine eigene Mutter nicht mehr, mein Kleiner?\u201c fragte sie \u2013 und es klang irgendwie sp\u00f6ttisch.\u201eWie k\u00f6nnte ich \u2013 du bist bei meiner Geburt doch gestorben!\u201c stellte Nir\u00e1ce zitternd mit br\u00fcchiger Stimme fest, die Schw\u00e4rze am Rande seines Gesichtsfeldes schon nahen sehend.\u201eGanz recht mein Sohn, wegen dir bin gestorben. Daf\u00fcr solltest du wirklich bestraft werden\u201c, sprach sie \u2013 nein, fauchte \u0001 \u0002 sie auf ihn zu kam, hielt Nir\u00e1ce es nicht mehr aus. Wenn er schon sterben m\u00fcsste, wollte er es sich selber aussuchen. Und wenn nicht \u2013 so wollte er nicht mehr leben. Wer von uns kann ihm dies schon verdenken? Ja, was tat er wohl? \u2013 Was h\u00e4tten wir beide an seiner Stelle getan? - Nun, er wich ihr aus, rannte zum Gel\u00e4nder des Balkons und sprang \u2013 hinab in den \u0001 \u0002 am n\u00e4chsten Morgen fand man ihn. Man holte sofort Mauce sowie Ticqaille. Diese lie\u00dfen Nir\u00e1ce ins Haus und in sein Gemach bringen, gleichzeitig sandten sie nach einem Arzt. Dieser kam nach gut zwei Stunden dann auch. Bis dahin war Nir\u00e1ce Quell der Besorgnis des ganzen Hauses. Der Arzt besah ihn sich genau.\u201eWo haben sie ihn gefunden?\u201c fragte er, an Mauce gewandt.\u201eEr lag unter dem Balkon, vermutlich ist er runter gefallen\u201c, sprach diese unsicher.\u201eHat er sich gestern sehr betrunken?\u201c fragte der Arzt sie.\u201eDieser Mann ist zuf\u00e4llig auch euer Herr! Also zeigt etwas mehr Anstand!\u201c fuhr ihm Ticqaille ins Wort, \u201eEr hatte gestern nur einen Kelch Wein zu sich genommen.\u201cDer Arzt nickte nur schweigend und sich seinen Teil denkend.\u201eWie geht es ihm nun?\u201c erkundigte sich Mauce besorgt.\u201eEr wird es \u00fcberstehen. Scheinbar hat er sich sogar nicht wirklich viel getan. Aber genau kann ich es erst sagen, wenn er wieder bei Bewusstsein ist. Bis dahin sollten sie ihn schlafen lassen \u2013 und ruft mich sofort, sobald er wieder wach ist\u201c, stellte er trocken und abgekl\u00e4rt fest und verabschiedete sich bald \u0001 \u0002 Nir\u00e1ce sollte noch lange schlafen. Erst am n\u00e4chsten Tag erwachte er schlie\u00dflich wieder. Mauce ging sofort los, den Arzt holen.\u201eHerr, was ist passiert?\u201c fragte Ticqaille, w\u00e4hrend sie auf den Arzt warteten.\u201eWo bin ich?\u201c erkundigte sich Nir\u00e1ce, sichtlich verwirrt und mitgenommen.\u201eIn eurem Bett \u2013 in eurem Zimmer. Ihr seid gestern vom Balkon gefallen\u201c, erkl\u00e4rte ihm \u0001 \u0002 langsam begann Nir\u00e1ce sich zu erinnern. Es hatte also nicht geklappt. Ein verzweifeltes Lachen entrann seiner Kehle.\u201eGefallen? Nein! - Ich bin gesprungen! Und ich bin ihr entkommen\u201c, stellte er mit leichter Genugtuung fest.\u201eEntkommen? Wem?\u201c fragte Ticqaille.\u201eWem wohl \u2013 meiner Mutter! Das Biest ist von den Toten auferstanden ihren eigenen Sohn umzubringen. Doch ich habe sie \u00fcberlistet und bin ihr entkommen\u201c, sprach Nir\u00e1ce und Ticqaille konnte nur schaudern bei dem Ton in seiner Stimme.\u201eHerr, der Arzt kommt bald, nach euch zu sehen. Ruht euch solange aus.\u201cBei diesen Worten schien Nir\u00e1ce sich etwas zu entspannen.\u201eJa, das werde ich wohl\u201c, sprach er und war bald wieder \u0001 \u0002 war mehr als dankbar dar\u00fcber. Mauce sollte erst sp\u00e4t wieder mit dem Arzt zur\u00fcck sein.\u201eWie geht es ihm?\u201c erkundigte sich Mauce bei ihrer Ankunft.\u201eEr war nur kurz wach, doch schl\u00e4ft jetzt wieder\u201c, antwortete Ticqaille.\u201eDann weckt ihn jetzt, damit ich ihn untersuchen kann\u201c, sprach da der Arzt ohne jegliches Mitgef\u00fchl.\u201eNir\u00e1ce, wacht auf\u201c, weckte Mauce \u0001 \u0002 sp\u00e4ter war er wach. Misstrauisch begr\u00fc\u00dfte er den Arzt und lie\u00df ihn erst nach viel Zureden durch Mauce und Ticqaille Hand an sich legen. Der Arzt bescheinigte ihm, sich nichts gebrochen oder sonst etwas Schwerwiegendes getan zu haben. Auch w\u00fcrde er schnell wieder auf den Beinen sein, sollte sich jedoch bis dahin noch ausruhen.\u201eAber was ist \u00fcberhaupt geschehen?\u201c wagte er irgendwann zu \u0001 \u0002 und Ticqaille tauschten Blicke, ob diese Frage gut sei.\u201eMeine Mutter wollte mich holen \u2013 doch ich konnte ihr entfliehen\u201c, sprach Nir\u00e1ce im stolzen \u0001 \u0002 Arzt hatte keine weiteren Fragen.\u201eVielleicht sollten sie noch einen etwas \u2013 anders begabten Arzt kommen lassen\u201c, schlug er Mauce mit nachdr\u00fccklichem Blicke vor, doch diese verd\u00fcsterte nur ihr Gesicht, woraufhin er sich verabschiedete und davon \u0001 \u0002 blieb den restlichen sowie den folgenden Tag im Bett, wo er auch weiter Nachrichten von Umean \u0001 \u0002 der Nacht des dritten Tages nach diesem Geschehen ereignete sich der schlimmste Vorfall. Nir\u00e1ce erwachte von Wasser, das auf sein Gesicht tropfte. Er \u00f6ffnete verschlafen und verwirrt die Augen, doch konnte nichts erkennen. - Es fiel ein weiterer Tropfen von der Decke auf ihn herab. \u00dcberrascht stand er auf, nach zu sehen, was das sein k\u00f6nnte. Doch kaum hatte er sein Bett verlassen, da begann es im gesamten Zimmer zu regnen, Tropfen um Tropfen fiel herab. Nir\u00e1ce hatte gerade noch Zeit sich zu wundern, da brach pl\u00f6tzlich ein gewaltiger Schwall Wasser von oben auf sein Bett herab. Das Wasser spritzte zu allen Seiten und tr\u00e4nkte auch \u0001 \u0002 er wieder sehen konnte, sa\u00df ein junges M\u00e4dchen auf dem Bett; im Sommerkleid, die blonden Haare lockig, eine Schleife darinnen. Nass klebten sie an ihren Wangen, ebenso das Kleid an ihrem K\u00f6rper. Ihr Gesicht war blass, schwach gr\u00fcnlich und aufgedunsen, wie es die Haut auch sonst all\u00fcberall war, ebenso wirkte sie wie aus Wachs. Ihre Arme sahen aus wie von Tieren angefressen, doch ihr Gesicht war unber\u00fchrt.\u201eNein\u201c, sprach Nir\u00e1ce nur, als er sie erkannte, \u201edas kann nicht wahr sein, nicht du auch noch!\u201cUnd ihm schwindelte, das Blut verlie\u00df seinen Kopf, das Entsetzen l\u00e4hmte ihn \u2013 und der Ekel vor dem Geruch des verrotteten Fleisches lie\u00df ihm schlecht werden. - Doch das M\u00e4dchen grinste ihn nur an.\u201eHallo Bruder. Wie geht es dir?\u201c fragte die junge M\u00e4dchenstimme.\u201eDu darfst nicht hier sein!\u201c fuhrt Nir\u00e1ce fort ohne zu h\u00f6ren.\u201eIch bin es aber. Ich habe dich vermisst. Hast du mich auch vermisst?\u201c fragte sie bitters\u00fc\u00df mit kindlicher \u0001 \u0002 brach etwas in Nir\u00e1ce. Weinend sank er vor ihr auf die Knie.\u201eEs tut mir so Leid \u2013 ich wollte es nicht \u2013 es war ein Versehen \u2013 ich habe noch versucht dich aus dem Wasser zu ziehen\u201c, schluchzte er.\u201eAber du hast es nicht geschafft\u201c, tadelte sie ihn, stand auf und kam auf ihn zu, \u201eund du warst es, der mich dazu \u00fcberredet hatte, auf diesen Felsen zu klettern. Du allein!\u201c\u201eEs war doch nur ein Spiel \u2013 es sollte niemals soweit kommen \u2013 ich wollte das nicht\u201c, jammerte Nir\u00e1ce voller Pein und Schuldgef\u00fchlen und vergrub sein weinendes Gesicht in seinen zitternden \u0001 \u0002 n\u00e4herte sie sich, bis sie genau vor ihm stand. Nir\u00e1ce war von Weinkr\u00e4mpfen ergriffen.\u201eDas wei\u00df ich doch alles. Und komm, wir werden weiter spielen. Wir werden viel Spa\u00df haben. Komm mit mir\u201c, sprach sie lockend doch mit aller unterschwelligen Boshaftigkeit, die in einer fr\u00f6hlich-unschuldigen Kinderstimme liegen \u0001 \u0002 wieder r\u00fchrte sich etwas in Nir\u00e1ce' Innerem.\u201eNein!\u201c schrie er zornig und sprang auf, \u201eIch wei\u00df was ihr wollt. Ihr nehmt mich nicht mit euch!\u201cUnd er rannte zur T\u00fcr und hinaus auf den Gang und in die Eingangshalle des Hauses. Dort traf er auf Ticqaille.\u201eHerr, was ist los?\u201c fragte dieser verwundert, doch besorgt bei dessen gehetztem Anblick.\u201eBring mich zur\u00fcck nach L\u00edan! Sofort! Zu Umean! Ich bin hier nicht mehr sicher!\u201c antwortete jener und Ticqaille erschauderte \u0001 \u0002 so reiste Nir\u00e1ce noch in dieser Nacht wieder ab. Mauce hinterlie\u00df er nicht mehr als die Nachricht, dass sie nicht sein Gemach betreten solle. Doch sie tat es und fand es vor wie immer, lediglich das Bett etwas unordentlich aufgrund Nir\u00e1ce' schneller Flucht und sandte ihm diese Erkenntnis nach. Doch Nir\u00e1ce wusste, dass es alles nur Teil ihres Plans war, so sagte er uns. Mich konnte das nun kaum noch \u00fcberraschen und so begr\u00fc\u00dfte ich ihn bei seiner Ankunft nur ruhig doch ein wenig angewidert. Ich wollte nicht wahr haben, was er da sprach. In L\u00edan waren wir auch bald so weit, und in Maggir dann w\u00fcrde er sicher sein, so behauptete und erhoffte es sich zumindest Nir\u00e1ce.",
            "wordcount": "2.699",
            "chapter_release": "09.10.2008",
            "chapter_number": "3"
        },
        "4": {
            "text": "Nir\u00e1ce traf am Morgen bei uns ein. Geschlafen hatte er unterwegs in der Kutsche. Umean begr\u00fc\u00dfte ihn bei seiner Ankunft, Sarroux und ich begleiteten sie.\u201eNir\u00e1ce, mein Lieber! Ich hoffe, ihr habt euch erholt?\u201d hie\u00df sie ihn \u0001 \u0002 sah sie zweifelnd an, dann stieg er aus der Kutsche.\u201eErholt? Pah! Wo ich auch hingehe, \u00fcberall stellt man mir nach und versucht mich zu entf\u00fchren \u2013 wie steht es mit der Umsiedlung?\u201d kam er sofort zum Punkt.\u201eLasst uns das unterwegs besprechen. Ich bringe euch zu euren Gem\u00e4chern\u201d, sprach Umean, deren Laune dank seiner Antwort wieder ged\u00e4mpft war.\u201eAlso, wie weit seid ihr?\u201d kn\u00fcpfte er an seine Frage an, sobald wir unterwegs waren.\u201eWir haben den Palast in Maggir soweit vorbereiten lassen. In ein paar Tagen werden die ersten Herren und Damen bereit sein, abreisen zu k\u00f6nnen. Ich habe dem Herrn Rouq in diesem Punkt die Leitung \u00fcbertragen. Er regelt die Abreisen der Edlen. Sp\u00e4ter dann wird die Dienerschaft, soweit n\u00f6tig, verlegt. Dies \u00fcbernimmt Rennois. - Wann wollt ihr gehen?\u201d fragte \u0001 \u0002 blickte kurz d\u00fcster um sich, als suche er jemanden.\u201eAm liebsten w\u00fcrde ich sofort wieder weg hier\u201d, sprach er.\u201eIch sch\u00e4tze, das wird nicht m\u00f6glich sein\u201d, entgegnete Umean vorsichtig und sah ihn musternd an, \u201eich konnte die Edlen nur \u00fcberzeugen euch zu gehorchen, wenn ihr als Letzter geht.\u201d\u201eDann habe ich wohl keine Wahl\u201d, sprach Nir\u00e1ce wenig \u00fcberzeugend, \u201ewann w\u00e4re es so weit, dass ich gehen kann?\u201c\u201eIn sp\u00e4testens zwei Wochen wohl\u201c, sprach Umean nachdenklich.\u201eFein. Beeilt euch bitte. - Doch ich m\u00f6chte den Palast nicht verlassen, ohne mich geb\u00fchrlich von ihm zu verabschieden \u2013 bereitet ein Fest vor\u201c, sprach er und sah sich wieder kurz \u0001 \u0002 nickte ihm nur \u0001 \u0002 Tage brauchten wir, um ein Abschiedsfest f\u00fcr den Palast vorzubereiten, das drei Tage dauern sollte. Auftakt sollte ein Ball sein. Am dritten Abend nach Nir\u00e1ce' Ankunft in L\u00edan wurde so zum fr\u00f6hlichen Beisammensein in den Palast geladen. Edle aus Palast, Stadt und vom Land waren anwesend, auch h\u00f6here B\u00fcrger der Stadt. Ich hatte allerlei zu tun diesen Abend, so auch Gaunie und die anderen Bediensteten. Viele bekannte Herren und Damen waren gekommen, so auch die Herren Rouq und Fonouille, die Dame Goul\u00eds und sogar die wundersch\u00f6ne Dame Annous aus Maggir. Nur einer fehlte diesen Abend noch: Nir\u00e1ce Jardgeault. Dieser hatte den Gro\u00dfteil der Tage vor diesem Ball in seinen Gem\u00e4chern verbracht und wollte dort etwas vorbereiten, so hatte er uns gesagt. Wir alle wunderten uns sehr, doch lie\u00dfen ihn in Ruhe schaffen. Es ist nicht ganz klar, was er wirklich tat oder wollte, und bis heute gibt mir dies viele R\u00e4tsel auf. Zum besseren Verst\u00e4ndnis schildere ich es so, wie er es uns erz\u00e4hlte. Andere Quellen kann ich leider nicht aufweisen, und seine Geschichte klingt doch schon reichlich abstrus und seltsam. Aber lasst es einfach auf euch wirken und bildet euch eure \u0001 \u0002 war die ganze Zeit eifrigst darauf bedacht sich zu r\u00e4chen, so sagte er sp\u00e4ter. Sich zu r\u00e4chen f\u00fcr die Schmach, die man ihm bescherte. Zu r\u00e4chen an den Edlen, die ihn verspottet hatten, und an allen, die ihm nicht glaubten, die ihm nicht gehorchten. Sein \u2013 zugegebenerma\u00dfen etwas kindischer \u2013 Plan war es, die anderen zu erschrecken, sie die Furcht sp\u00fcren zu lassen, die er immer wieder ertragen musste, immer wieder sp\u00fcren musste, und \u00fcber die jeder nur lachte und ihn mitleidig ansehen lie\u00dfen. Erreichen wollte er dies durch \u2013 nun ja, durch eine kopflose Puppe. So sonderbar es auch klingt; Nir\u00e1ce hatte seit seiner Ankunft in L\u00edan nicht mehr geschlafen und verhielt sich mehr als nur sonderlich. Wir h\u00e4tten mehr ahnen \u0001 \u0002 dem Abend des Balls, als die meisten G\u00e4ste bereits feierten und tanzten, da ohne Nir\u00e1ce begonnen wurde, sa\u00df dieser noch in seinen Gem\u00e4chern im Kalten und Dunklen und bastelte an dieser \u2013 Puppe, um sie noch 'grauenerregender zu machen', wie er sich ausdr\u00fcckte. Bald immerhin meinte er, dass sie nun endlich gen\u00fcgen w\u00fcrde. Er stand von seinem kalten einsamen Arbeitstisch auf und......wurde freudig von der Dame Annous begr\u00fc\u00dft.\u201eNir\u00e1ce, mein Lieber! So setzt euch doch\u201c, sprach sie zu ihm und brachte ihn dazu, es sich mit ihr auf dem Sofa bequem zu \u0001 \u0002 Saal war hell erleuchtet. Die Damen und Herren tanzten an ihnen vorbei, die Musiker spielten, die Bediensteten verteilten Wein und Essen. Seltsam nur, dass er niemanden von ihnen kannte. Doch hier in dieser Ecke waren sie zu zweit allein.\u201eTeuerste Annous, es ist mir ein Vergn\u00fcgen\u201c, sprach Nir\u00e1ce und nahm ihre Hand zwischen die \u0001 \u0002 zierliche Puppenhand war nicht genug, entschied er. Ein kalter Wind blies durch das offene Fenster. So langsam konnte er in der Dunkelheit kaum noch etwas erkennen. Ein Messer musste her f\u00fcr diese Hand. Doch woher solch ein kleines Messer nehmen? - Das diese Hand ergreifen k\u00f6nnte? - Ach und der Kopf! Der Kopf st\u00f6rte immer noch. Zornig riss er ihn der Puppe vom K\u00f6rper. Nun war sie endlich kopflos, nun sein Plan fast vollkommen. H\u00e4tte sie doch nur ein Messer! Er stand auf und......sie zog ihn zum Bett.\u201eNir\u00e1ce!\u201c hauchte Annous mit br\u00fcnstiger Stimme, derweil sie Nir\u00e1ce in sein Bett zerrte. Das Licht des Feuers flackerte unruhig an der Wand.\u201eEs ist viel zu warm \u2013 so zieht euch aus!\u201c verlangte Annous nachdr\u00fccklich, und so tat \u0001 \u0002 seinen Kn\u00f6pfen zerrend, drehte er sich um sich selber, immer schneller und \u0001 \u0002 blieb er stehen, als er in der dunklen Ecke eine Bewegung sah. Ein kalter Luftsog zerrte an den Gardinen \u2013 und da huschte es los. Die Puppe sprang im kopflosen Wahn auf ihn zu und rannte, das Messer erhoben und damit wild auf die Luft einstechend. Das schwache Sternlicht zeichnete ihr einen abstrusen Schatten. Erschrocken ging Nir\u00e1ce einen Schritt zur\u00fcck......und Annous folgte ihm. Gewandt tanzten die beiden um die anderen G\u00e4ste herum. Heute waren sie hier der Mittelpunkt. Die Musik spielte nur f\u00fcr sie beide. Ob sp\u00e4ter zwischen ihnen beiden noch mehr entstehen k\u00f6nnte? Aufgeregt......versteckte er sich in der Ecke. W\u00fcrde sie ihn hier finden? Er musste sich zusammenrei\u00dfen, sich nicht schon durch seinen Atem zu verraten. Da! - ihr kopfloser Schatten erschien an der Wand ihm gegen\u00fcber. Nir\u00e1ce erstarrte vor Schreck. Das Messer schob sich langsam um die Ecke. \u201eWie w\u00e4re es mit noch etwas Wein?\u201c fragte Nir\u00e1ce h\u00f6flich.\u201eAber, ich hatte schon genug \u2013 oder wollt ihr mich betrunken machen?\u201c fragte Annous erheitert und wohlgemut.\u201eAber niemals!\u201c emp\u00f6rte sich Nir\u00e1ce, doch \u0001 \u0002 trat ihr auf den Arm. Dann rannte er los, blo\u00df fort von ihr, doch stie\u00df dabei hart an seinen Tisch, den er nicht gesehen hatte. Aufschreiend vor Schmerz fiel er hinten \u00fcber, hinein in den harten, kalten Stuhl. Seinen Kopf sich schwer am Pfeiler sto\u00dfend, wurde er bewusstlos.\u201eHerr? Wo bleibt ihr?\u201c Alle warten auf euch\u201c, sprach ich, als ich vorsichtig seine Gem\u00e4cher betrat, um ihn zu \u0001 \u0002 ich fand ihn schlafend an seinem Schreibtisch vor, \u00fcber alte B\u00fccher drapiert. Zwar in seinem Festgewand, doch endlich wieder schlafend. \u201eHerr?\u201c sprach ich erneut und sch\u00fcttelte ihn an seiner Schulter, um ihn \u0001 \u0002 er antwortete nicht, schnarchte nur weiter. Ich kam mit Umean \u00fcberein, ihn dabei zu belassen, und hievte ihn zusammen mit Sarroux hin\u00fcber in sein Bett, ihn so schlafend lassend, seines eigenen Friedens \u0001 \u0002 dann war er nicht einmal erbost dar\u00fcber, den Ball verpasst zu haben. Er schien vergessen zu haben, dass er stattgefunden hatte. Er murmelte nur etwas von Puppen und der Herrin Annous und schien st\u00e4ndig zwischen Grauen und Frohsinn zu schwanken. Als wir uns schlie\u00dflich erkundigten, was geschehen sei, erz\u00e4hlte er seinen Traum mit aller \u00dcberzeugung, dass er wahr gewesen sei. Ich erinnere mich gut, wie erschreckend er von der Nacht sprach, doch keiner von uns wagte eine weitere Erkundigung oder gar ihn davon zu \u00fcberzeugen, dass dies nicht stattgefunden h\u00e4tte.\u201eDie ersten sind bereits fort\u201c, antwortete Umean ihm, als er bald fragte, wie der Stand der Dinge nun sei.\u201eSchon? Ich hatte gehofft, sie w\u00fcrden nach diesem Abend noch mit Kopfschmerzen in ihren Betten liegen, so wie es mir ging\u201c, spottete er und Umean lachte nur schwach.\u201eJa, manche tun das sicher auch\u201c, best\u00e4tigte \u0001 \u0002 waren gerade zu dritt in seinen Gem\u00e4chern, welche er sich immer noch weigerte zu verlassen. Es klingelte die T\u00fcrglocke und zwei Diener betraten unaufgefordert den Raum.\u201eHerr, wir bringen euer Essen\u201c, sprach Lauf\u00e9, der Vorkoster - und auch Koch.\u201eStellt es dort ab\u201c, sprach Umean f\u00fcr Nir\u00e1ce und deutete auf den Arbeitstisch. Lauf\u00e9 und der andere Mann kamen dieser Anweisung geschwind nach. Es war nicht viel, was sie dort brachten, und die beiden hatten keine M\u00fche gehabt, es selber aus der K\u00fcche in die Gem\u00e4cher zu tragen. Als sie fertig waren, schickte sich Lauf\u00e9 an, einen L\u00f6ffel zu nehmen, um wie gewohnt vor den Augen von Nir\u00e1ce vom Essen zu kosten.\u201eH\u00f6rt auf\u201c, unterbrach ihn Nir\u00e1ce dabei, \u201eich wei\u00df bereits, wer mein Leben will. Das k\u00f6nnt ihr auch nicht mehr verhindern. - Aber es wird alles gut sein, sobald wir in Maggir sind.\u201cDoch alle sahen ihn nun nur verwundert an. Besserte sich sein Zustand etwa noch? Nein, dagegen sprach die Bemerkung vom drohenden \u0001 \u0002 n\u00e4chsten Tag sah man Nir\u00e1ce oft alleine durch den Palast wandern. Er hielt bei Edlen, die gerade ihr Gep\u00e4ck verladen lie\u00dfen und ging ohne ein Wort weiter. Er wanderte durch den Palastgarten und besah sich die Blumen, besuchte gar die palasteigene K\u00fcche und sah Lauf\u00e9 beim Schaffen zu. Tags darauf kn\u00fcpfte er an diese T\u00e4tigkeiten an und verabschiedete sich f\u00f6rmlich bei der Herrin Goul\u00eds, welche gerade abreiste \u2013 und ihn nur hochn\u00e4sig ansah. So langsam wurde es aber ruhiger im Palast. Sogar einige der nun nicht mehr genutzten M\u00f6bel wurde versandt. Nir\u00e1ce schien zufrieden, doch dr\u00e4ngte auch weiter, sprach davon, man m\u00fcsse diesen Platz endlich verlassen. Seine Angst war \u0001 \u0002 Abend verbrachte er in seinen Gem\u00e4chern. Er wollte m\u00f6glichst viel \u00fcber seine Vorfahren herausfinden, so sprach er, und lie\u00df sich dazu so manch altes Buch bringen. Jedoch kam er nicht weit, war gerade an einer Stelle von Schilderungen \u00fcber Ra\u00eds Verrat und Tod angelangt und stand in seinem Lesewahn kurz vor der letzten Schlacht zwischen T\u00f3l und Om\u00e9 und Sil\u00f6n und ihrem sonderbaren Verschwinden von dieser Welt. Da klopfte es an der T\u00fcr. Nir\u00e1ce blickte auf.\u201eWer da?\u201c rief \u0001 \u0002 statt zu antworten klopfte es erneut. Nir\u00e1ce wurde unruhig.\u201eWenn ihr euch nicht zu erkennen gebt, bleibt lieber drau\u00dfen!\u201c rief er, etwas \u0001 \u0002 klopfte ein drittes Mal \u2013 und Nir\u00e1ce schwieg \u0001 \u0002 dann eine Weile nichts geschah, nahm Nir\u00e1ce seine Lekt\u00fcre wieder auf. Doch gut eine Stunde sp\u00e4ter \u00f6ffnete sich pl\u00f6tzlich die T\u00fcr zu seinem Schlafgemach. Erschrocken sprang Nir\u00e1ce auf. Vor sich erblickte er einen blonden, gro\u00dfgewachsenen, gutaussehenden und kr\u00e4ftigen Mann in R\u00fcstung, das Schwert auf den R\u00fccken geschnallt.\u201eWer seid ihr? - Wachen!\u201c rief Nir\u00e1ce, doch niemand erh\u00f6rte ihn.\u201eAch, seid blo\u00df still\u201c, sprach der J\u00fcngling, \u201eihr solltet doch mittlerweile wissen, dass euch keiner h\u00f6ren wird.\u201cOhne Hast noch Z\u00f6gern n\u00e4herte er sich und lehnte sich aufreizend an die Wand.\u201eNir\u00e1ce Jardgeault, ich mache es kurz. Ihr erkennt mich vermutlich nicht. Von mir wurde in diesen L\u00e4ndern nie ein Bild gemalt. - Wie dem auch sei, mein Name ist Ra\u00ed. T\u00f3l und Om\u00e9 waren meine Eltern, L\u00edan meine Schwester\u201c, sprach er locker, doch Nir\u00e1ce \u0001 \u0002 nahm ein Buch aus dem Regal und betrachtete es oberfl\u00e4chlich.\u201eWisst ihr, ich dachte Zeit meines Lebens, meine Eltern h\u00e4tten mich verlassen und verraten und nur Sil\u00f6n spr\u00e4che die Wahrheit. Heute wei\u00df ich, alle haben mich angelogen. Doch sie verlie\u00dfen mich, sie gingen einfach und lie\u00dfen mich hier vollkommen allein zur\u00fcck. Auf ewig werde ich verdammt sein! Ruhend oberhalb der Stadt L\u00edan und deshalb niemals wirklich Ruhe findend. - Ja, niemals auch nur ein Sohn wird Ruhe finden!\u201c sprach er und sein Gesicht wurde eine Maske des Schmerzes, ..Wisst ihr, wie es ist, ohne Unterlass das Geheul der wahnsinnigen Amoujain zu h\u00f6ren? Wie grauenvoll die Anklagen der anderen sind? Wie vorwurfsvoll? Auch ihr werdet das bald wissen, dann liegt auch ihr dort! Und nichts k\u00f6nnt ihr tun, das zu verhindern! Egal wie sehr ihr es auch versucht, alles wird ohne Sinn und Hoffnung sein. Ihr seid ein Sohn der Verr\u00e4ter T\u00f3l und Om\u00e9, denen unser Leben gleichg\u00fcltig ist. Und niemals wird ein Sohn ein Schicksal des Gl\u00fccks haben! Aber gut, zumindest ich werde in euch dann ein neues Spielzeug haben. Ach, die Ewigkeit ist so langweilig.\u201cGrimmig zog er sein Schwert und kam bedrohlich auf Nir\u00e1ce zu.\u201eNein\u201c, sprach dieser schon fast ohne Leben und hob doch seine H\u00e4nde, dieses \u0001 \u0002 Ra\u00ed lachte nur und war damit verschwunden.\u201eWir sehen uns bereits sehr bald!\u201c hallte es \u0001 \u0002 fand Nir\u00e1ce am n\u00e4chsten Abend. Ein guter B\u00fcrger der Stadt hatte den Palast benachrichtigt. Zusammen mit Umean, Sarroux und Ticqaille st\u00fcrmte ich die Stufen hinter der Stadt den Berghang hinauf, zu den Gr\u00fcften der verstorbenen S\u00f6hne und T\u00f6chter T\u00f3l und Om\u00e9s. Dort fanden wir Nir\u00e1ce, wie er vergeblich versuchte, einen Weg in Ra\u00eds Grabmal zu kratzen und zu schaufeln. Wir mussten ihn mit Gewalt von dort weg zerren. Er war sodann zu etwas Zusammengekauertem geworden, der Blick glasig, die H\u00e4nde und F\u00fc\u00dfe bar und schmutzig, das Gewand zerrissen. Er tobte wie wild und wir konnten nicht anders, als ihn bewusstlos zu schlagen und in seine Gem\u00e4cher zu \u0001 \u0002 am n\u00e4chsten Tag war er ansprechbar. Wild erz\u00e4hlte er die Geschichte von Ra\u00ed, bei welcher ich die Bezeichnung Verr\u00e4ter f\u00fcr unsere lieben T\u00f3l und Om\u00e9 entschieden ablehnen muss, und betonte immer wieder, man m\u00fcsse die Grabmale zerst\u00f6ren und s\u00e4mtliche \u00dcberreste vernichten und befreien. Umean schien halb verzweifelt ob dieses Wahns und ich konnte nur eine seltsame Mischung aus Mitleid und Verachtung sp\u00fcren f\u00fcr dieses arme Wesen, das einst Nir\u00e1ce Jardgeault gewesen war.\u201eWir m\u00fcssen hier weg! Flieht!\u201c betonte er immer und immer wieder aufs Neue.\u201eBald. In gut zwei Tagen werden wie fahren\u201c, versuchte Umean ihn zu beruhigen, w\u00e4hrend Lauf\u00e9 zusammen mit Gaunie das Essen brachte, \u201esolange werdet ihr euch noch gedulden m\u00fcssen. - In zwei Tagen wird alles vorbei sein. Beruhigt euch doch.\u201cDoch Nir\u00e1ce sah sie nur an. Er sa\u00df aufrecht auf dem Bett, Arme um die Beine geschlungen, und wippte langsam vor und zur\u00fcck.\u201eNur noch zwei Tage. Ja!\u201c sprach er schrill und fing an zu kichern, doch vergrub er ebenso schnell sein Gesicht in seinen Armen und fing bald an zu \u0001 \u0002 eilte sofort aus dem Raum. Langsam folgte ich ihrem Beispiel, einen Blick zur\u00fcck auf Nir\u00e1ce werfend. - Pl\u00f6tzlich und unerwartet sprang dieser auf und rannte auf mich und die T\u00fcr zu. Angsterf\u00fcllt ob seines Verhaltens und mordl\u00fcsternden Blickes schlug ich ebendiese vor ihm zu und verschloss sie so schnell es mir m\u00f6glich war. Ich h\u00f6rte ihn noch br\u00fcllen, toben und auf die T\u00fcr einschlagen.\u201ePasst auf ihn auf\u201c, sagte ich zu Sarroux und Ticqaille und eilte Umean \u0001 \u0002 war das erste Mal, dass ich sie weinen \u0001 \u0002 zum n\u00e4chsten Tag dauerte es noch, bevor wir Nir\u00e1ce wieder Essen in die Gem\u00e4cher bringen konnten, denn endlich war er eingeschlafen. Jedes Mal zuvor hatte er schrecklich getobt, sobald jemand die T\u00fcr auch nur ber\u00fchrte. Dieses Mal konnte ich die Speisen aber vorsichtig hineinbringen. Lauf\u00e9 wagte es nicht. Auch mich ergriff Unwohlsein, als ich in Richtung seines Schlafgemachs sah. Langsam ging ich in dessen Richtung. Dort sah ich Nir\u00e1ce in seinem Bett liegen und friedlich schlummern. H\u00e4tte es nicht immer so friedlich sein k\u00f6nnen? Aber ich bin froh, dass er letztlich doch noch etwas Frieden gefunden hatte.\u201eHerr \u2013 wie geht es euch? Ich habe euch Essen gebracht\u201c, wagte ich ihm leise zu zu hauchen. Doch er antwortete nicht, schnarchte nur leise. Vermutlich war es besser so. Ich warf einen letzten Blick auf ihn und ging.\u201eSchlie\u00dft die T\u00fcr ab, sollte er wieder toben\u201c, sprach ich zu Sarroux und gab ihm die Schl\u00fcssel.\u201eWie geht es ihm?\u201c fragte Umean, als ich sie drau\u00dfen im Garten antraf.\u201eEr schl\u00e4ft nun endlich\u201c, sprach ich und setzte mich zu ihr auf eine Steinbank.\u201eMorgen bringen wir ihn nach Maggir. Ich hoffe es geht ihm dort besser\u201c, sprach \u0001 \u0002 ich wagte an dieser Hoffnung zu zweifeln, behielt es jedoch f\u00fcr mich. Und oh! wie recht ich doch haben sollte. Es tut mir so Leid. Aber damals mit Umean im Garten, sprach ich noch eine Weile \u00fcber unseren uns\u00e4glichen Nir\u00e1ce Jardgeault sowie die Vorbereitungen zum endg\u00fcltigen Umzug. Schnell wurde es Abend und bald trennten wir uns. Auch wir packten nun unsere Sachen, waren wir doch fast die Letzten. Der Palast war schon leblos, kalt und leer.\u201eRennois, wacht auf!\u201c weckte mich des Nachts eine \u0001 \u0002 blickte ich auf. Ich brauchte einen Moment um zu erkennen, dass Sarroux neben meinem Bett in meiner Kammer stand und auf mich herab sah. Sein Blick war gehetzt und besorgt, doch er sprach B\u00e4nde.\u201eWas ist denn?\u201c sprach ich verschlafen, aber ahnte ich schon.\u201eDer Herr Nir\u00e1ce w\u00fctet wieder! Doch diesmal schlimmer denn je zuvor! Kommt schnell!\u201c sprach er schnell, gepresst und nachdr\u00fccklich und eilte wieder \u0001 \u0002 hielt mich nicht lange damit auf, mein Nachtgewand noch gegen normale Kleidung zu tauschen, sondern eilte ihm sogleich hinterher. Ich war kaum aus meiner T\u00fcr, da h\u00f6rte ich bereits die ersten Schreie. Es war Nir\u00e1ce, und es klang nach Angst und Schmerz. Vor seiner T\u00fcr traf ich Sarroux, Ticqaille und die Herrin Annous sowie den Herrn Rouq. Kurz nach mir traf auch Umean ein. Wir alle waren benachrichtigt worden oder h\u00f6rten es bereits von selber. Aber es war ja auch nicht zu \u00fcberh\u00f6ren. Die Schreie gingen einem durch Mark und Bein. Deutlich sp\u00fcrte man Nir\u00e1ce' abgrundtiefe Angst. Was mochte dort drinnen vor sich gehen? Zwischen den Schreien h\u00f6rte man immer wieder, wie etwas zerbrochen oder zerschlagen wurde, teilweise klang es nach dem Krachen schwerer M\u00f6bel. Mehr als einmal traf etwas lautstark die T\u00fcr. Und dann wieder vernahmen wir die Hilfeschreie von Nir\u00e1ce, wie er um sein Leben f\u00fcrchtete. \u201eSo \u00f6ffnet doch die T\u00fcr!\u201c befahl Umean endlich mit zitternd dr\u00e4ngender Stimme, tiefe Besorgnis in den Z\u00fcgen, nachdem wir alle nur wie getroffen da standen, die Herzen zu schnell \u0001 \u0002 nach einigen Augenblicken schaffte Sarroux es, dem Befehl nachzukommen. Es dauerte aber noch viele Herzschl\u00e4ge, bevor seine bebenden H\u00e4nde den Schl\u00fcssel ins Schloss bekommen hatten. Immer wieder erschraken er und wir ob der Schreie und des L\u00e4rms. Doch kaum hatte er den Schl\u00fcssel schlie\u00dflich gedreht, kaum vernahm man das Klicken des Schlosses, da verstummten auch schon s\u00e4mtliche Ger\u00e4usche im Innern der Gem\u00e4cher. Sarroux aber z\u00f6gerte noch die T\u00fcr zu \u00f6ffnen, so war es Umean, die ihm diese Entscheidung abnahm.\u201eT\u00f3l und Om\u00e9 m\u00f6gen uns beistehen!\u201c sprach sie mit einem f\u00fcrchterlichen Unterton in der Stimme, als sie einen Blick ins Zimmer geworfen \u0001 \u0002 konnte konnte sie gerade noch auffangen, als sie ohnm\u00e4chtig nach hinten fiel. Vorsichtig betrat ich danach die Gem\u00e4cher. Es war grauenvoll. S\u00e4mtliche Einrichtung war zertr\u00fcmmert, die Vorh\u00e4nge von den Fenstern gerissen, die Tische umgeworfen, St\u00fchle zerst\u00f6rt, Gem\u00e4lde von den W\u00e4nden gefallen oder zerrissen; ebenso lag in Fetzen der Teppich. Dolche und Messer steckten unerkl\u00e4rlicherweise in den W\u00e4nden, das Bett hatte durch umgefallene Kerzen Feuer gefangen \u2013 und vor allem aber klebte \u00fcberall und an allem Blut, Unmengen von Blut.\u201eWir m\u00fcssen das Feuer l\u00f6schen!\u201c rief ich Ticqaille zu, schien es doch das einzig Vern\u00fcnftige, das mir nun in den Sinn kam und mich davor bewahrte, diesen zu verlieren \u2013 und so taten wir dann auch, zusammen mit den restlichen, mittlerweile auch eingetroffenen Bewohnern des Palastes, wie Gaunie und \u0001 \u0002 mir aber erst sp\u00e4ter auffallen sollte, waren ein paar Merkw\u00fcrdigkeiten in dieser Angelegenheit. Das Blut, welches \u00fcberall verspritzt war, war trocken, als w\u00e4re es dort schon seit Tagen, es fand sich nicht ein frischer Tropfen, nicht einmal auch nur ann\u00e4hernd frisch. Vor allem aber fanden wir keine Spur von Nir\u00e1ce Jardgeault, einem Angreifer oder irgendwelchen anderen Anzeichen oder \u00dcberbleibsel irgendeines m\u00f6glicherweise Beteiligten. Es schien f\u00fcr uns, als w\u00e4re er einfach \u0001 \u0002 hielt es nach dieser Nacht nicht mehr im Palast aus. Planm\u00e4\u00dfig siedelten die letzten nach Maggir \u00fcber, einige bereits in derselben Nacht. Mir kam dies alles wie eine Flucht vor. Wenige Zur\u00fcckgebliebene suchten in den folgenden Tagen und Wochen fieberhaft nach Nir\u00e1ce oder Hinweisen auf seinen Verbleib, doch es fehlte jegliche Spur: Weder im Palast, noch in der Stadt, noch an den Gr\u00e4bern, in den Bergen oder der Provinz. Nat\u00fcrlich konnte nicht verhindert werden, dass das Volk langsam anfing \u00fcber diesen Vorfall zu sprechen. W\u00e4hrend Umean blo\u00df sein Stellvertreter blieb, entstanden allerlei Ger\u00fcchte. Die Beliebtesten sagten aus, die Geister der Verstorbenen h\u00e4tten ihn geholt und in ihre Welt verschleppt. Diese Geschichten entstanden, als die Bediensteten und andere anfingen, das, was sie im Palast von seinen Wahnvorstellungen mitbekommen hatten, anderswo verzerrt wiederzugeben. Einige andere meinten, Nir\u00e1ce w\u00e4re nun auch mit den \u00dcberresten der Toten in die Grabmale eingemauert. Weniger Abergl\u00e4ubische vermuteten ihn in irgendwelchen fernen L\u00e4ndern oder gar versteckt und verdeckt unter ihnen, im Volk. Aber wie dem auch sei, was auch wahr sein m\u00f6ge, nach zehn Jahren wurde er f\u00fcr tot erkl\u00e4rt und die edlen Damen und Herren w\u00e4hlten Umean zu seiner Nachfolgerin. Das war vor gut zwanzig Jahren \u2013 nun herrscht Masj\u00edque. Von Nir\u00e1ce Jardgeault jedoch sollten wir nie wieder etwas h\u00f6ren. Doch immer noch plagen mich des N\u00e4chtens b\u00f6se Tr\u00e4ume, in welchen er mir erscheint und mich um Hilfe anfleht, mir erz\u00e4hlt, wie sehr er dort, wo auch immer er jetzt sein mag, leidet. Ich halte das alles nicht mehr aus! Hoffentlich wird der Tod mir Erl\u00f6sung bringen, ich sp\u00fcre ihn schon nahen, denn ich bin alt. - Ihr aber, junger Freund, ihr aber m\u00f6get diese Geschichte so, wie ich sie euch schilderte, unter das Volk bringen. Nir\u00e1ce lie\u00df immer die n\u00f6tige Ehrerweisung seinen Vorfahren gegen\u00fcber missen, vielleicht war das ja sein Fehler. Aber vielleicht war er wirklich nur wahnsinnig. Und jemand Wahnsinniges soll nie wieder hier herrschen!Das war alles, was ich zu sagen hatte. Auf dass ihr mehr Gl\u00fcck mit dieser Geschichte habt, mein junger Freund. Die Geschichte des armen und bedauerlichen Nir\u00e1ce Jardgeault und seiner missgl\u00fcckten Flucht nach Maggir.",
            "wordcount": "3.656",
            "chapter_release": "09.10.2008",
            "chapter_number": "4"
        }
    },
    "title": "Flucht nach Maggir",
    "topic": "unspecified",
    "release": "\n09.10.2008\n\t\t\t\t\t\t",
    "author": "kaltric"
}