{
    "tags": [],
    "chapcount": "7",
    "wordcount": "25.028",
    "chapters": {
        "1": {
            "text": "KlassentreffenKapitel 1Von Stephi und Lory, den beiden s\u00fc\u00dfesten Betas der Welt in einen lesbaren Zustand gebrachtMarc warf einen Blick auf die Anzeige seines Navigationsger\u00e4tes. Mit Erleichterung stellte er fest, dass er nur noch 68 Kilometer zu fahren hatte. 600 Kilometer hatte er heute zur\u00fcck gelegt und sich dabei nur eine kurze Pause geg\u00f6nnt. W\u00e4hrend dieser Pause hatte er seinen Audi RS6 getankt und sich wieder einmal dar\u00fcber gewundert, wie durstig dieses Auto doch war, denn er hatte einige Jahre lang einen Diesel gefahren und der war bedeutend sparsamer gewesen. Auch mit Zigaretten hatte er sich eingedeckt, als er seinen Sprit bezahlt hatte. Das Gasthaus, in dem er die n\u00e4chste Woche wohnen w\u00fcrde, sollte laut Ralf, dem Initiator ihres Klassentreffens, sehr einsam liegen. Wer wei\u00df, ob es dort einen Zigarettenautomaten gab. Das Gasthaus w\u00fcrde eigentlich erst in zwei Wochen er\u00f6ffnet werden, aber der Wirt war ein Freund von Ralf und hatte diesem das komplette Gasthaus zu einem Spottpreis f\u00fcr eine Woche vermietet. Zwar gab es au\u00dfer dem Wirt und seiner Frau noch kein Personal, aber niemanden w\u00fcrde es umbringen, sein Bett selbst zu machen. Die Navi-Stimme machte Marc darauf aufmerksam, dass er die Autobahn an der n\u00e4chsten Abfahrt verlassen musste. Er wechselte auf die rechte Fahrspur und ging vom Gas, denn die Ausfahrt kam schon in Sicht und er fuhr noch sehr schnell. \u201cWird Zeit, dass ich ankomme\u201d, dachte er am\u00fcsiert, als er den Kreisel nach der Abfahrt einmal umrunden musste, weil er die richtige Ausfahrt verpasst hatte. Es war kein Wunder, dass er so m\u00fcde war. Bis in die fr\u00fchen Morgenstunden hatte er am Computer gesessen und ein Projekt soweit vorbereitet, dass sich seine Angestellten nun selbstst\u00e4ndig darum k\u00fcmmern konnten. Danach hatte er sich f\u00fcr zwei Stunden hingelegt und geschlafen, dann war er aufgestanden, hatte er sich mit einigen Espressi andeutungsweise wach bekommen und war losgefahren. Als er nun auf die Uhr schaute, stellte er fest, dass er noch zwei oder drei Stunden l\u00e4nger h\u00e4tte schlafen k\u00f6nnen. Er hatte den ein oder anderen Stau eingeplant, war jedoch \u00fcberraschend gut durchgekommen. Aber egal, er konnte sich ja ein kleines Nickerchen im Gasthaus g\u00f6nnen, wenn er dort angekommen war. Nach einigen Minuten musste er auf eine kleine Landstra\u00dfe abbiegen. Das war eine Strecke nach seinem Geschmack, hier konnte sein RS seine hervorragende Kurvenlage demonstrieren. Es galt zwar eine Geschwindigkeitsbegrenzung von 60 km/h, aber Marc ignorierte die entsprechenden Schilder gekonnt und jagte mit der doppelten Geschwindigkeit \u00fcber die sich langsam in die H\u00f6he schl\u00e4ngelnde Landstra\u00dfe \u201eVerdammt!\u201c, knurrte Marc, als das Autotelefon klingelte. Er nahm das Gespr\u00e4ch an, es war Michaela, eine seiner ehemaligen Klassenkameradinnen. \u201eHallo, Marc, wo steckst du denn gerade?\u201c, fragte sie. Marc antwortete grinsend: \u201eWas w\u00fcrde es dir n\u00fctzen, wenn ich dir das sagen w\u00fcrde? Du kennst die Dame doch gar nicht\u201c. Michaela kicherte, dann sagte sie: \u201eIch hoffe doch, dass du nicht selbst f\u00e4hrst, w\u00e4hrend du in der Dame steckst. Au\u00dferdem, findest du das nicht unfair? Rein rechnerisch m\u00fcssen sich sowieso schon jeweils zwei Frauen einen von euch Kerlen teilen, da kannst du die Quote doch nicht noch mehr versauen. Also sieh zu, dass du die Dame los wirst\u201c. \u201eOkay, weil du es bist. Rufst du nur an, um mein Liebesleben zu regulieren oder hattest du noch einen anderen Grund?\u201c. \u201e Ich wollte nur wissen, ob du auf dem Weg bist. Du hast ja gesagt, dass es einen Tag sp\u00e4ter werden k\u00f6nnte\u201c. \u201eUnbezwingbare Sehnsucht? Ich bin geschmeichelt\u201c. \u201eJa, die Sehnsucht danach, deine Falten zu z\u00e4hlen. Ich fahre jetzt los und d\u00fcrfte so in zwei Stunden ankommen. Sch\u00f6n, dass du es heute schon schaffst. Ich habe \u00fcbrigens eben zwei Stunden mit Engelszungen auf Natalie eingeredet, die wollte erst nicht kommen\u201c. \u201eWieso das denn?\u201c, fragte Marc. \u201e\u00c4rger mit dem Ex. Er hat das Sorgerecht f\u00fcr ihre Tochter beantragt, dabei ist die Kleine ihm doch v\u00f6llig egal. Er wollte Geld und das hat er etwas zu deutlich bei der Verhandlung durchblicken lassen. Naja, selig sind die Doofen. Natalies Anwalt hat sich gefreut, er hat ihn in die Mangel genommen. Natalie hat den Prozess gewonnen, aber sie ist nat\u00fcrlich ziemlich gestresst und hatte erst gar keine Lust auf unser Klassentreffen. Aber die habe ich umgestimmt\u201c. \u201eWie hast du das Wunder denn fertig gebracht?\u201c.\u201eNa, ganz einfach, ich habe ihr gesagt, dass es vielleicht besser ist, wenn sie nicht kommt, da kann sie mir bei dir nicht in die Quere kommen. Zwei Minuten sp\u00e4ter hat sie angefangen zu packen. Ich hole sie gleich ab, sie wohnt ja nur ein paar Kilometer von uns entfernt\u201c, erz\u00e4hlte Michaela belustigt. Da h\u00f6rte Marc leise die Stimme von Peter, Michaelas Mann. \u201eSag ihm, er soll gef\u00e4lligst seine Finger von dir lassen!\u201c, rief er. \u201ePeter l\u00e4sst dich bitten, f\u00fcr ihn einzuspringen, falls ich mich einsam f\u00fchlen sollte\u201c, sagte Michaela todernst und Marc gr\u00f6lte los. Danach verabschiedete Michaela sich und beendete das Gespr\u00e4ch. Marc fuhr grinsend weiter und dachte \u00fcber Michaela nach. Sie hatten w\u00e4hrend ihrer Schulzeit nicht viel miteinander zu tun gehabt. Auch wenn sie in einer Klasse waren, hatten sie irgendwie in verschiedenen Welten gelebt. Seit zwei Jahren aber hatten sie regen Kontakt, wenn auch nur \u00fcber das Internet. Michaela hatte ihm damals eine Mail geschickt und ihn gefragt, ob er an einem Klassentreffen interessiert w\u00e4re. Sie erz\u00e4hlte ihm, dass sie schon eine Weile nach den Leuten aus ihrer alten Klasse suchte und ihn nun als ersten gefunden hatte. Seit dieser Mail chatteten sie regelm\u00e4\u00dfig und es hatte sich eine echte Freundschaft zwischen ihnen entwickelt, auch mit Peter verstand Marc sich sehr gut. Zu einem pers\u00f6nlichen Treffen war es bis jetzt noch nicht gekommen, irgendetwas war immer dazwischen gekommen. Die Stra\u00dfe wurde allm\u00e4hlich richtig steil, laut dem Navi hatte Marc noch ungef\u00e4hr 10 Kilometer zu fahren. Er fuhr nun langsamer, um sich etwas die Landschaft betrachten zu k\u00f6nnen. Die Stra\u00dfe f\u00fchrte durch einen dichten Mischwald, Marc beschloss, die Gegend w\u00e4hrend der n\u00e4chsten Tage ein wenig zu Fu\u00df zu erkunden. \u201eHaha\u201c, kommentierte Marc einige Minuten sp\u00e4ter die Behauptung seines Navis: \u201eSie haben ihr Ziel erreicht\u201c. Er fuhr noch einige hundert Meter weiter, bis er ein Schild auf der linken Stra\u00dfenseite sah, welches folgende Aufschrift trug: \u201eBurgschenke 300 Meter\u201c. Er bog in den ziemlich schmalen Waldweg ein und erreichte nach zwei Minuten das Gasthaus. Es schien einmal ein Gutshof gewesen zu sein, das Hauptgeb\u00e4ude war zweist\u00f6ckig und von mehreren niedrigeren Nebengeb\u00e4uden umgeben. Die Geb\u00e4ude waren alle frisch gestrichen, ihr Wei\u00df blendete fast, da sie im grellen Sonnenlicht lagen. Allerdings konnte Marc keine Menschenseele sehen, offenbar war er der Erste. Er fuhr auf den Parkplatz, stellte den Motor ab und stieg aus. Es war, als w\u00fcrde ihn ein Keulenschlag zur\u00fcck werfen. Marcs Meinung nach waren Klimaanlagen die gr\u00f6\u00dfte Erfindung der Menschheit, aber er lie\u00df es gelegentlich einen vern\u00fcnftigen Umgang mit diesen Ger\u00e4ten vermissen. Er hatte die Anlage auf 18 Grad eingestellt und nun hatte ihn die 34 Grad, die au\u00dferhalb des Wagens herrschten, fast umgehauen. Marc blieb einige Minuten im Auto sitzen, um sich zu akklimatisieren. Als er danach ausstieg, bereitete ihm die Hitze keine Probleme mehr. Er schaute sich um und schritt dann auf die Eingangst\u00fcr zu. An der T\u00fcr hing ein Zettel. \u201eHi Ralf, falls du hier ankommst und wir noch nicht da sein sollten, hol dir den Schl\u00fcssel, du wei\u00dft ja wo er versteckt ist. Elena und ich mussten in die Stadt fahren, um einen neuen K\u00fchlschrank zu kaufen. Au\u00dferdem brauchen wir neues Fleisch, denn das, was in dem alten K\u00fchlschrank gelegen hat, ist wohl nicht mehr genie\u00dfbar. Bis baldSergej\u201c\u201eSch\u00f6n f\u00fcr Ralf, dass er wei\u00df, wo der Schl\u00fcssel ist\u201c, murmelte Marc. Dann schaute er sich nach einem gem\u00fctlichen Pl\u00e4tzchen um und fand eins. An der linken Wand des Hauptgeb\u00e4udes stand eine Bank, auf die er sich setzte, nachdem er sich seinen iPod aus dem Wagen geholt hatte. Er steckte sich die St\u00f6psel in die Ohren und suchte sich Musik aus. Seine Wahl fiel auf Mike Oldfield, er drehte recht laut auf und steckte sich eine Zigarette an. Er rauchte gen\u00fcsslich und als er mit der Zigarette fertig war, schloss er entspannt die Augen. Einige Minuten sp\u00e4ter hatten die durchgemachte Nacht und die lange Fahrt ihren Tribut gefordert. Marc schlief tief und fest und er w\u00e4re auch mit Sicherheit nicht bei Carolas Ankunft wach geworden, wenn er nicht so laut Musik geh\u00f6rt h\u00e4tte. Marc hatte das Gef\u00fchl, als ob sich jemand an seiner Hemdtasche zu schaffen machen w\u00fcrde, aber er wurde nicht wach genug, um sich daf\u00fcr wirklich zu interessieren. Erst als die Musik pl\u00f6tzlich weg war, wurde er schlagartig wach. Bevor er seine Augen scharf stellen konnte, rief eine weibliche Stimme: \u201eNa, du Murmeltier!\u201c. Im n\u00e4chsten Moment wurde er heftig umarmt und er sah nur noch blonde, lange Haare. Dann bewegte sich das Gesicht der Frau etwas zur\u00fcck und er sah eine helle Haut mit einer Unmasse Sommersprossen und intensiv gr\u00fcne Augen. Nun erwiderte er die Umarmung, denn auch wenn er sie etliche Jahre nicht gesehen hatte, erkannte er Carola auf der Stelle. Einige Minuten sp\u00e4ter sa\u00dfen die Beiden nebeneinander auf der Bank und brachten sich auf den neuesten Stand. Carola war frisch verliebt, nach dem Klassentreffen w\u00fcrde sie mit ihrem neuen Freund zusammen ziehen. \u201eUnd wie steht es bei dir, bist du in festen H\u00e4nden?\u201c, fragte sie, nachdem sie einige Minuten lang von Markus geschw\u00e4rmt hatte.\u201eNein, seit ein paar Wochen bin ich wieder frei. Meiner Freundin hat es nicht gepasst, dass ich oft 15 Stunden am Tag gearbeitet habe. Gegen das viele Geld, was ich verdient habe, hatte sie auch etwas, sie war n\u00e4mlich eifrig bem\u00fcht, es so schnell wie m\u00f6glich wieder auszugeben. Da gab es \u00f6fter mal Streit und am Ende haben wir uns nur noch angeschrieen. Das wurde mir irgendwann zu viel und ich habe sie raus geschmissen\u201c. \u201eBl\u00f6de Kuh, wie kann man sich denn so was schnuckeliges wie dich durch die Lappen gehen lassen?\u201c, kommentierte Carola Marcs Erz\u00e4hlung.\u201eSehe ich auch so\u201c, gab Marc grinsend von sich. Dann g\u00e4hnte er wie ein Flusspferd und steckte Carola damit an. \u201eIch glaube, eine Runde chillen w\u00e4re jetzt nicht verkehrt\u201c, sagte sie, streckte sich auf der Bank aus und legte ihren Kopf auf Marcs Scho\u00df. Dann schaltete sie den iPod wieder ein und steckte ihn zur\u00fcck in die Hemdtasche, schnappte sich einen der St\u00f6psel und \u00fcberlie\u00df ihm den anderen. Gleich darauf schliefen sie und wurden eine knappe Stunde sp\u00e4ter durch eine r\u00fcde Stimme geweckt. \u201eCarola, wenn du deinen Kopf um 180 Grad drehst, w\u00fcrde Marc das, was auch immer ihr da tut, bestimmt etwas mehr Vergn\u00fcgen bereiten!\u201c, rief jemand laut. Ohne aufzublicken st\u00f6hnten Carola und Marc wie aus einem Mund: \u201eReinhard!\u201c. \u201eDer Wahre und Einzige!\u201c, t\u00f6nte Reinhard, seines Zeichens Nervens\u00e4ge vom Dienst. Er war fr\u00fcher ein kleiner , frecher Kerl gewesen und klein war er immer noch. Mit nicht geringer Freude stellte Marc fest, dass Reinhard eine Glatze hatte. Reinhard wurde nicht umarmt, weder Carola noch Marc hatten ihn w\u00e4hrend ihrer Schulzeit gemocht und jetzt wirkte er auch nicht viel sympathischer als fr\u00fcher. Reinhard reichte Marc die Hand und dr\u00fcckte fest zu, was Marc mit einem schwachen Grinsen kommentierte. Dann dr\u00fcckte er seinerseits zu und Reinhard st\u00f6hnte leicht auf, denn Marcs Griff hatte es in sich. Er trainierte seit 20 Jahren mindestens drei mal pro Woche in einem Fitness-Studio und Reinhard bekam das Ergebnis dieses Trainings nun deutlich zu sp\u00fcren. Als auch Reinhard und Carola sich begr\u00fc\u00dft hatten, fragte Reinhard: \u201eWieso hei\u00dft dieser Laden denn Burgschenke?\u201c. \u201eWeil es hier in der N\u00e4he eine Burgruine gibt, zu der dieser Hof fr\u00fcher geh\u00f6rt hat\u201c, antwortete Carola. Marcs fragenden Blick bemerkend, sagte sie: \u201eIch habe Ralf etwas ausgequetscht und er hat mir das erz\u00e4hlt\u201c. Da h\u00f6rten sie den Kies auf dem Parkplatz knirschen, sie traten zur Vorderseite des Hauses und sahen, wie Ralf sich gerade aus seinem Jeep sch\u00e4lte. Ralf erblickte die drei und r\u00f6hrte: \u201eHe, da sind ja schon welche!\u201c. Er eilte auf die drei zu und umarmte alle nacheinander, selbst vor Reinhard schreckte er nicht zur\u00fcck. Kaum war diese Begr\u00fc\u00dfung geschafft, rollte das n\u00e4chste Auto auf den Parkplatz. Es war Kirsten, Reinhards Schulschwarm, es war aber zu Reinhards Missvergn\u00fcgen eine sehr einseitige Angelegenheit gewesen. Kirsten hatte sich nicht viel ver\u00e4ndert, nur hatte sie keine langen Haare mehr, sondern einen frech wirkenden Kurzhaarschnitt. Nun ging es Schlag auf Schlag, innerhalb einer Viertelstunde war fast die ganze Klasse versammelt. Es fehlten Michaela und Natalie, die ja zusammen kommen w\u00fcrden und Pedro. Pedro hatte eigentlich dieses Klassentreffen organisieren wollen, aber Ralf hatte ihm die Sache aus der Hand genommen. Pedro hatte als Sch\u00fcler das Talent gehabt, jede Situation in das absolute Chaos zu verwandeln und dieses Talent hatte er offenbar gehegt und gepflegt. Ralf war eingeschritten, nachdem er herausgefunden hatte, dass Pedro Einladungen verschickt hatte, bei denen weder Zeit noch Ort gestimmt hatten. Ralf war sicher, dass Pedro das Klassentreffen vergessen hatte und fand seine \u00dcberzeugung best\u00e4tigt, als er Pedro anrief und der sich etwas zurecht stotterte, was nach: \u201eIch fahre gleich los, bin aufgehalten worden\u201c, klang. Ralf stellte sich grinsend vor, wie Pedro nun hektisch packte, dann in sein Auto st\u00fcrzte und auf dem Weg hierher mindestens 3 Strafmandate kassierte. Marcs Handy signalisierte das Eintreffen einer SMS. Es war eine Nachricht von Michaela, die sich dar\u00fcber auslie\u00df, dass Natalie Stunden f\u00fcr das Packen gebraucht h\u00e4tte und sie deshalb erst jetzt losfahren w\u00fcrden. Marc schmunzelte, denn Peter hatte ihm gestern erz\u00e4hlt, dass Michaela schon seit drei Tagen am Packen war. Die hatte es n\u00f6tig, \u00fcber Natalie zu l\u00e4stern. Dann dachte er \u00fcber Natalie nach. Er war in der Schule ziemlich verknallt in sie gewesen, aber sie hatte sich nicht f\u00fcr ihn interessiert. Sie war ein Jahr \u00e4lter als er, weil sie die sechste Klasse wiederholt hatte und hatte kein Interesse an den Jungs in ihrer neuen Klasse gezeigt. Umgekehrt galt das nicht, vor allem, nachdem sie st\u00e4ndig in einer hautengen Lederhose herum gelaufen war. Marc hatte sich immer gefragt, wie sie es \u00fcberhaupt schaffte, diese Hose anzuziehen. Als er w\u00e4hrend seines Studiums ein Praktikum machte und bei dieser Gelegenheit einen Schrumpfschlauch sah, musste er unwillk\u00fcrlich an Natalies Lederhose denken. \u201eSo also hat die das gemacht\u201c, hatte er grinsend gedacht. Da fuhr ein weiterer Wagen auf den Parkplatz, es war Pedro und er hatte jemanden mitgebracht, dessen Anwesenheit mit allgemeiner Freude und \u00dcberraschung zur Kenntnis genommen wurde. Es war Herr Schwarz, ihr Klassenlehrer w\u00e4hrend der letzten vier Schuljahre und ihr erkl\u00e4rter Lieblingslehrer. Ralf hatte ihn nat\u00fcrlich eingeladen, aber keine Antwort bekommen und telefonisch war Herr Schwarz auch nicht zu erreichen gewesen. Er wurde mit lautem Hallo begr\u00fc\u00dft und es stellte sich heraus, dass er vor zwei Tagen von einer langen Reise zur\u00fcck gekehrt war. Als er dann einkaufen ging, war Pedro ihm \u00fcber den Weg gelaufen und hatte ihn sofort eingeladen. Frau Schwarz w\u00e4re auch gerne mitgekommen, aber der Direktor der Schule, in der sie bis zu ihrer Pensionierung vor einem Jahr unterrichtet hatte, hatte sie gebeten, f\u00fcr einige Wochen auszuhelfen, da er unter akutem Lehrermangel litt. Sie hatte fest zugesagt und da das neue Schuljahr am n\u00e4chsten Montag beginnen w\u00fcrde, konnte sie ihren Mann nicht begleiten. Einige Minuten sp\u00e4ter trafen der Wirt und seine Frau ein. \u201eTut mir Leid, dass wir nicht da waren, aber der gro\u00dfe K\u00fchlschrank hat den Geist aufgegeben und die Gefriertruhe schien kurz davor zu sein!\u201c, rief der Wirt noch w\u00e4hrend er aus seinem Lieferwagen kletterte. Er war ein mittelgro\u00dfer Mann Mitte 30, hatte schwarze Haare und eine Menge Lachf\u00e4ltchen im Gesicht. Das Letztere galt auch f\u00fcr seine Frau, die \u00fcber einen Kopf kleiner als er war, aber daf\u00fcr etwas breiter. Ralf, Marc und Alexander halfen Sergej, der ihnen allen sofort das Du angeboten hatte, die K\u00fchlger\u00e4te auszuladen und in den Vorratsraum zu schaffen. Carola, Ellen, Kirsten und Andrea hingegen halfen Elena, die neuen Vorr\u00e4te ins Haus zu tragen. Die f\u00fcnf Frauen unterhielten sich bereits angeregt und Elena w\u00fcrde wohl nicht alleine Kochen m\u00fcssen, denn Ellen erkundigte sich gerade, ob Elena ein paar Sch\u00fcrzen f\u00fcr sie h\u00e4tte. Nachdem die K\u00fchlger\u00e4te nach Elenas Anweisung platziert worden waren, wurden die M\u00e4nner der K\u00fcche \u0001 \u0002 M\u00e4nner holten einige Tische und stellten sie auf der Terrasse zusammen, denn bei dem herrlichen Wetter versp\u00fcrte niemand das Bed\u00fcrfnis, sich in die Gaststube zu setzen. Pedro und Reinhard beteiligten sich nicht an der Arbeit, sie hatten sich Herrn Schwarz und den restlichen Frauen zu einem kleinen Spaziergang im Wald angeschlossen. In Pedros Fall war das wohl ein Segen, denn der Chaot zeichnete sich schon immer durch eine gewisse Schusseligkeit aus und seine Beteiligung h\u00e4tte wohl die ein oder andere Verletzung nach sich ziehen k\u00f6nnen.",
            "wordcount": "2.749",
            "chapter_release": "13.09.2008",
            "chapter_number": "1"
        },
        "2": {
            "text": "Kapitel 2Danke f\u00fcrs betan, ihr S\u00fc\u00dfen\u201eWie oft will die sich denn noch von der Kleinen verabschieden?\u201c, fragte sich Michaela in Gedanken, als Natalie ihre Tochter zum gef\u00fchlten tausendsten Mal umarmte. Nat\u00fcrlich verstand sie ihre Freundin, beinahe h\u00e4tte ihr Ex ihr die Kleine abgenommen und nun hatte sie wohl das Gef\u00fchl, Tessa in ihrer N\u00e4he behalten und sie besch\u00fctzen zu m\u00fcssen. Selbst Tessa schienen es allm\u00e4hlich zu viele Umarmungen zu werden, sie trat demonstrativ einen Schritt zur\u00fcck und griff nach der Hand ihrer Oma. Natalie verstand dieses Zeichen, sie hatte bei ihrer Tochter gekniet und erhob sich nun. Sie trug eine wei\u00dfe, enge Jeans und als Michaela nun die Flecken auf den Knien sah, musste sie an Bill Clinton und dessen bevorzugte T\u00e4tigkeit im Oval Office \u0001 \u0002 wir dann losfahren, Miss Lewinski?\u201c, fragte Michaela grinsend und schaute auf Natalies Knie. Natalie kannte den Humor ihrer Freundin und wusste sofort, was diese meinte. Auch Birgit, ihre Mutter, verstand es offenbar, denn sie gab ein belustigtes Schnauben von sich. \u201eWieso nennst du Mama Miss Lewinski, Tante Michi?\u201c, fragte Tessa. Natalie warf ihrer sich heimlich am\u00fcsierenden Mutter einen fiesen Blick zu und sagte: \u201eDas soll dir Oma erkl\u00e4ren, mein Schatz\u201c. Birgit zuckte leicht zusammen und drohte ihrer Tochter mit der Faust, musste aber dabei grinsen. Sie fand es gut von Michaela, dass sie Natalie dazu \u00fcberredet hatte, mit auf das Klassentreffen zu fahren, etwas Ablenkung konnte ihr nach den Aufregungen der letzten Zeit nur gut tun. Nach einer letzten Umarmung stiegen Michaela und Natalie in Michaelas nagelneuen Mini und als sie losfuhren h\u00f6rten sie durch das ge\u00f6ffnete Fenster, wie Tessa ihre Oma nach Miss Lewinski fragte. \u201eSchade, dass ich nicht h\u00f6ren kann, was sich meine Mutter aus den Fingern saugt\u201c, kicherte Natalie. \u201eIrgendetwas muss sie ihr erz\u00e4hlen, sonst wird sie Tessa nicht los\u201c, gluckste Michaela, die den Wissensdurst ihres Patenkindes nur zu gut kannte. \u201eMeine G\u00fcte, warum rast du denn so?\u201c, fragte Natalie einige Minuten sp\u00e4ter, als sie aus der Stadt heraus waren und Michaela alles aus dem Mini heraus zu holen begann. \u201eDank deiner endlosen Packerei sind wir schon ziemlich sp\u00e4t dran und ich will nicht im Dunkeln ankommen\u201c. \u201eKannst es wohl kaum erwarten, Marc in der reellen Welt zu sehen, was?\u201c.\u201eKlar, das, was ich \u00fcber die Web-Cam gesehen habe, war ziemlich vielversprechend. Aber keine Angst, ich \u00fcberlasse ihn dir\u201c. \u201eK\u00f6nntest du bitte mit deinen Kuppelversuchen aufh\u00f6ren? In der Schule hast du doch genug Leute zusammen gebracht, das d\u00fcrfte doch reichen, oder?\u201c, fragte Natalie, aber das meinte sie nicht ernst, denn sie kannte diese Leidenschaft ihrer besten Freundin. Jetzt wurde Michaela ernst, was bei ihr selten vor kam. \u201eIch habe irgendwie das Gef\u00fchl, dass ihr gut zusammen passen w\u00fcrdet. Au\u00dferdem, was soll\u2019s? Du bist frei, er ist frei, er ist wirklich nett und sieht hei\u00df aus. Glaub mir, ich kann das beurteilen\u201c. Natalie h\u00f6rte in Michaelas letzten Worten ein gewisses Am\u00fcsement mit klingen und warf ihrer Freundin einen fragenden Blick zu. \u201eNa, du wei\u00dft doch, dass wir fast t\u00e4glich chatten. Vor einiger Zeit hat er sich ein neues Notebook gekauft und da ist eine Web-Cam eingebaut. Offenbar hat er die vergessen, denn eigentlich benutzt er eine andere, die er nur zum chatten anschlie\u00dft. Was er wohl nicht wusste war, dass in dem Moment, in dem er seine Cam abst\u00f6pselt, die eingebaute aktiv wird. Nun ja, wir waren am chatten, dann ging er duschen und zog die Cam ab, denn er wollte danach ins Bett und anscheinend schl\u00e4ft er nackt. Genau in diesem Zustand tauchte er n\u00e4mlich pl\u00f6tzlich vor der Cam auf, w\u00fcnschte mir eine gute Nacht und schaltete das Notebook aus\u201c. \u201eWie, du hast ihn nackt gesehen? Hast du ihm das nicht gesagt?\u201c, fragte Natalie leicht entgeistert. \u201eNein, konnte ich nicht, dazu war keine Zeit, ich musste ja schnell ein paar Screenshots machen, bevor die Vorstellung zu Ende war. Au\u00dferdem habe ich gehofft, dass das nicht die letzte Vorstellung war\u201c, gab Michaela kichernd von sich. Auch Natalie musste kichern, so kannte sie ihre Freundin und die w\u00fcrde sich auch nie \u00e4ndern. \u201eWer wei\u00df, ob ich \u00fcberhaupt sein Typ bin\u201c, sagte sie nach einem Moment. \u201eFr\u00fcher warst du es jedenfalls\u201c, gluckste Michaela. Natalie schaute sie verwundert an. \u201eSchau nicht so, er ist ein m\u00e4nnlicher Homo Sapiens und die waren damals alle scharf auf dich. Wenn du damals nicht so auf deinen Harald fixiert gewesen w\u00e4rst, h\u00e4ttest du auch vielleicht die Blicke der Jungs bemerkt. Sogar Alexander hat dir auf den Arsch gestarrt, wenn du deine Lederhose getragen hast und das will was hei\u00dfen\u201c.Natalie schaute Michaela fragend an und die grinste. \u201eHatte ich dir nicht erz\u00e4hlt, dass er schwul ist? Er ist Tanzlehrer und hat mit seinem Freund zusammen vor einigen Jahren eine Tanzschule er\u00f6ffnet. L\u00e4uft ganz gut, der Laden\u201c. \u201eNein, das wusste ich nicht, aber jetzt wird mir klar, warum er Ellen so abblitzen lie\u00df. \u00dcbrigens, diese Lederhose... Ich habe sie noch und sie liegt in meinem Koffer. Und bevor du fragst, sie passt noch\u201c.\u201eNa dann zw\u00e4ng dich rein und lass der Natur freien Lauf!\u201c, gluckste \u0001 \u0002 hatte es tats\u00e4chlich fertig gebracht, dass Natalie \u00fcber Marc nachdachte. Sie hatte ihn fr\u00fcher eigentlich gemocht, aber ihn nicht weiter beachtet. Au\u00dfer Harald hatten damals f\u00fcr sie keine anderen M\u00e4nner existiert, aber sie musste zugeben, dass sie Marc eigentlich s\u00fc\u00df gefunden hatte. Er war damals schon ziemlich gro\u00df gewesen, wirkte aber schlaksig, und er hatte diese intensiv blauen Augen. Man konnte sich sogar vern\u00fcnftig mit ihm unterhalten, denn im Gegensatz zu den anderen Jungs aus ihrer Klasse hatte er nicht nur Fu\u00dfball im Kopf. Wenn man Michaela zuh\u00f6rte, wenn sie \u00fcber ihn sprach, konnte man zum Schluss kommen, dass sich seine Wesensart nicht viel ver\u00e4ndert hatte. K\u00f6rperlich schien er sich auch gut entwickelt zu haben, laut Michaela war er durchtrainiert und nicht mehr \u0001 \u0002 war so in Gedanken vertieft, dass sie pl\u00f6tzlich verwundert feststellte, dass sie die Autobahn verlassen hatten. Michaela hatte die Geistesabwesenheit ihrer Freundin bemerkt und hatte auch einen Verdacht, an wen Natalie dachte. Mit erheblichem Bedauern verkniff sie sich einen dummen Spruch, nahm sich aber vor, ihn nachzuholen. \u201eSo, noch zehn Kilometer\u201c, sagte Michaela nach einer Weile. Sie fuhren mittlerweile auf einer Landstra\u00dfe, die sich durch einen dichten Wald schl\u00e4ngelte. Es war eine wundersch\u00f6ne Landschaft, aber in Natalie machte sich pl\u00f6tzlich ein beklemmendes Gef\u00fchl breit, Ihr war, als w\u00fcrden sie auf eine Bedrohung zu fahren und sie sp\u00fcrte eine gewisse K\u00e4lte, die aus ihr heraus zu kommen schien. Sie sch\u00fcttelte das Gef\u00fchl ab und schob es auf ihre zur Zeit ziemlich stressige Situation. Bei dem, was sie hinter sich hatte, war es nicht verwunderlich, dass ihre Gef\u00fchlswelt etwas durcheinander war. Michaela wurde bei jedem Meter aufgeregter, was Natalie nicht verwunderte. Seit Wochen kannte Michaela nur noch ein Thema, das Klassentreffen. Auch sie selbst war gespannt auf ihre alten Klassenkameraden, viele von ihnen hatte sie seit dem Abitur nicht mehr gesehen. Es war schade, dass nicht alle kommen konnten, aber das musste ja nicht das letzte Klassentreffen sein und vielleicht schafften die anderen es beim n\u00e4chsten Mal. Einige Minuten sp\u00e4ter erreichten sie den Waldweg, der zum Gasthaus f\u00fchrte. Michaela hielt nicht viel von angepasster Fahrweise und das demonstrierte sie auch zu Gen\u00fcge. Natalie hatte sich schon lange abgew\u00f6hnt, sich \u00fcber Michaelas Fahrstil aufzuregen, denn \u2013 und das kam ihrer Meinung nach einem biblischen Wunder gleich \u2013 Michaela hatte noch nie einen Unfall gebaut. Michaela hielt nichts von einem dezenten Auftritt, kaum kam der Parkplatz in Sicht, hupte sie wie wild und machte sich nicht die M\u00fche, ihren Mini in eine Parkl\u00fccke zu kutschieren, sondern blieb mitten auf dem Weg stehen. Sofort sprang sie aus dem Wagen, rief laut: \u201eOh mein Gott, seht ihr alle alt aus!\u201c, und begann, alle nacheinander zu umarmen. Nur Reinhard umarmte sie nicht, sie reicht ihm nur kurz die Hand, was diesen aber nicht zu st\u00f6ren schien. Auch Sergej kam in den Genuss einer Umarmung, dann betrachtete sie ihn genauer und konnte ihn nicht zuordnen. Sergej stellte sich lachend vor und auch Elena gab sich als Wirtin zu erkennen. Michaela umarmte sie trotzdem und da fiel ihr auf, dass Marc fehlte. \u201eEr bringt das Internet zum Laufen\u201c, erkl\u00e4rte Ralf auf Michaelas Frage hin. \u201eJa, ich habe meinem Router noch nicht das Funken beibringen k\u00f6nnen\u201c, f\u00fcgte Sergej hinzu. \u201eWo finde ich ihn?\u201c, fragte Michaela, aber da trat eine Person aus dem Gasthaus, bei deren Anblick sie und Natalie ein freudiger Schreck durchzuckte. \u201eHerr Schwarz!\u201c, rief Michaela begeistert und lief, gefolgt von Natalie, auf ihren Lehrer zu. Die Drei begr\u00fc\u00dften sich herzlich und redeten dann einige Minuten miteinander, bis eine Michaela gut bekannte Stimme aus dem Haus rief: \u201eSergej, das Ding l\u00e4uft! Komm rein, du musst ein Passwort vergeben!\u201c. Michaela unterbrach sich mitten im Satz, schnappte sich Natalies Hand und zog sie zur T\u00fcr. Die erste T\u00fcr auf der rechten Seite f\u00fchrte in ein kleines B\u00fcro und mitten im Raum stand Marc. Michaela flog auf ihn zu und warf sich in seine Arme. \u201eNa endlich kann ich dich mal anfassen!\u201c, rief sie und k\u00fcsste ihn auf den Mund. \u201eIst es schon soweit? F\u00fchlst du dich schon einsam?\u201c, fragte Marc grinsend. Da fiel sein Blick auf Natalie, die ihn \u00e4u\u00dferst interessiert musterte. \u201eWow!\u201c, dachte er. Sie sah wirklich fantastisch aus und wirkte nicht wie 40, sondern sah 10 Jahre j\u00fcnger aus. Noch immer hatte sie lange blonde Haare und eine Traumfigur, scheinbar hatte sie kein Gramm zugelegt. Er musterte sie bewundernd, was sie bemerkte und es freute sie, denn er gefiel ihr ausnehmend gut und jetzt hatte sie auch nichts mehr gegen die Kuppelversuche Michaelas einzuwenden. Michaela bemerkte die Blicke der Beiden und sagte: \u201eIch muss euch ja wohl nicht vorstellen. Wenn ihr mich mal kurz entschuldigen w\u00fcrdet, meine Blase dr\u00fcckt\u201c. Sie fuhr herum und verlie\u00df schnell das B\u00fcro, schnappte sich den Arm des ihr entgegenkommenden Sergej und zog ihn mit nach drau\u00dfen. \u201eLass ihnen ein paar Minuten, Sergej. Ich versuche schon seit Ewigkeiten, die Beiden zu verkuppeln\u201c, erkl\u00e4rte sie und Sergej l\u00e4chelte nachsichtig. Marc und Natalie waren normalerweise sehr selbstbewusst, aber als sie nun alleine waren, f\u00fchlten sie sich etwas \u00fcberrumpelt. Dementsprechend kl\u00f6sterlich fiel auch dann ihre Umarmung aus, bis Natalie sich schlie\u00dflich einen Ruck gab und ihm einen kurzen Kuss auf den Mund dr\u00fcckte. \u201eSch\u00f6n, dich zu sehen, Marc\u201c, hauchte sie und verw\u00fcnschte den Umstand, dass ihre Stimme etwas belegt klang. Wenn er das bemerkt hatte, lie\u00df er sich nichts anmerken, wof\u00fcr sie ihm dankbar war. \u201eDu siehst fantastisch aus\u201c, sagte er leise und Natalie freute sich zu ihrer eigenen Verwunderung dar\u00fcber, denn solche Spr\u00fcche gingen ihr sonst geh\u00f6rig auf den Keks. Vielleicht sp\u00fcrte sie, dass er es ehrlich meinte und sie nicht damit anbaggern wollte. Sie beschloss, dass er sich daf\u00fcr noch einen Kuss verdient hatte, aber bevor sie ihren Beschluss ausf\u00fchren konnte, platzte Reinhard in das B\u00fcro und fragte s\u00fcffisant: \u201eSt\u00f6re ich?\u201c. \u201eJa!\u201c, knurrte Marc, der ihr noch immer in die Augen blickte, was Reinhard mit einem: \u201eHe, das war nur eine rhetorische Frage!\u201c, beantwortete. \u201eSagt mal, wisst ihr, wo die Toilette ist?\u201c, fragte er dann. \u201eJa, rechts um das Haus herum\u201c, gab Marc Auskunft und beobachtete grinsend, wie Reinhard etwas von finsteres Mittelalter murmelte und tats\u00e4chlich zur Haust\u00fcr stapfte. Marc griff nach Natalies Hand und zog sie mit nach drau\u00dfen. \u201eKomm, setzen wir uns zu den anderen, bevor sich niemand mehr ins Haus traut\u201c, sagte er. An der Haust\u00fcr kam ihnen Reinhard entgegen, warf Marc einen finsteren Blick und ein geknurrtes \u201eArschloch\u201c zu und ging den Gang weiter nach hinten, wo die Toiletten lagen. Lachend traten Marc und Natalie zu den Anderen, die sich an die zusammen geschobenen Tische gesetzt hatten. Herrn Schwarz hatte man gen\u00f6tigt, am Kopf der Tafel Platz zu nehmen. Er schien diesen Umstand zu begr\u00fc\u00dfen, denn in seiner Reichweite stand ein gro\u00dfer Krug, in dem sich von Sergej erzeugter Apfelwein befand. Michaela, die sich das Kuppeln nicht verkneifen konnte, hatte die Sitzordnung festgelegt. Neben ihr waren die einzigen beiden St\u00fchle frei, so dass sich Marc und Natalie zusammen setzen mussten, ob sie wollten oder nicht. Allerdings wollten sie und nahmen Michaela die Sache nicht \u00fcbel. Marc sa\u00df nun zwischen den beiden Freundinnen und unterhielt sich angeregt mit \u0001 \u0002 hatte allerdings nicht viel Sitzfleisch, bald stand sie auf, um mit Carola, Ellen und Maren zu tratschen, zu ihnen gesellten sich bald auch Andrea, Dorothea, Kirsten und Elena. Nun sprachen Marc und Natalie eine Weile mit Herrn Schwarz, auch Ralf setzte sich zu ihnen und zu aller \u00dcberraschung auch Reinhard. Wie sich zeigte, konnte man mit ihm \u00fcberraschenderweise einigerma\u00dfen zivilisiert reden, was wohl an der Pr\u00e4senz ihres Lehrers lag, denn vor dem hatte Reinhard immer einen gewaltigen Respekt gehabt. Er lie\u00df sich nicht einmal dar\u00fcber aus, dass Marc und Natalie unn\u00f6tig nahe beieinander sa\u00dfen. Normalerweise h\u00e4tte er die Gelegenheit, seinem Schandmaul freien Lauf zu lassen, mit gro\u00dfem Vergn\u00fcgen genutzt. Michaela kehrte bald zu ihnen zur\u00fcck, als die anderen Frauen Anstalten machten, in die K\u00fcche zu gehen um das Abendessen vorzubereiten. K\u00fcchen betrat Michaela nur, wenn es sich nicht umgehen lie\u00df, zum Gl\u00fcck war ihr Mann ein guter Koch, sonst w\u00e4ren die beiden wohl schon verhungert. \u201eUnser lieber Marc ist doch bestimmt so freundlich, unsere Koffer auf die Zimmer zu tragen, oder?\u201c, fragte Michaela s\u00fc\u00dflich, was von Marc mit einem \u201eAber gerne, meine Beste\u201c, beantwortet wurde. Michaela und Natalie hakten sich bei Marc ein und f\u00fchrten ihn zu ihrem Auto. Marc musterte grinsend den Mini und fragte: \u201eStammt das Ding aus einem \u00dcberraschungsei?\u201c. Michaela schnaubte und Natalie lachte schallend. Als sie wieder sprechen konnte, japste sie: \u201eGenau das hat meine Mutter auch vorhin gesagt!\u201c. \u201eEine kluge Frau\u201c, sagte Marc und umarmte kurz die kochende Michaela. Sie war schnell auf 180, beruhigte sich aber im Allgemeinen wieder genau so schnell und so war es auch heute. \u201eIch vermute mal, dass das deiner ist\u201c, sagte sie und deutete auf Marcs Audi. \u201eGut erkannt, S\u00fc\u00dfe\u201c, antwortete er. \u201eWar ja nicht schwer zu erraten, du hast in den letzten Wochen t\u00e4glich von dem Ding geschw\u00e4rmt\u201c. Natalie musterte den Audi, er gefiel ihr und sie h\u00e4tte gegen eine kleine Spritztour mit Marc nichts einzuwenden. Marc holte die Koffer aus dem Mini (er weigerte sich, das Ding Auto zu nennen) und er schien sich an dem recht beachtlichen Gewicht der beiden Koffer nicht im geringsten zu st\u00f6ren. Natalie beobachtete ihn dabei verstohlen, sie sah das deutliche Spiel seiner Muskeln unter seinem Hemd und nun war sie richtig froh, dass Michaela sie dazu gebracht hatte, an dem Klassentreffen teilzunehmen. Marc stellte fest, das Natalies Zimmer links und Michaelas Zimmer rechts von dem seinen lag. Das war kein Zufall, denn Michaela hatte mit Ralf konspiriert und der hatte mit Sergej die Zimmer wie von ihr gew\u00fcnscht verteilt. Marc ging, nachdem er seine Pflicht als Gep\u00e4cktr\u00e4ger erf\u00fcllt hatte, wieder nach unten und da begann sein Magen zu knurren. Es roch deutlich nach Essen und nun erst fiel ihm ein, dass seit seiner letzten Mahlzeit fast 24 Stunden vergangen war. Schnell ging er nach drau\u00dfen, denn diese D\u00fcfte einzuatmen war grausam bei seinem \u0001 \u0002 hatte Marc Michaelas Zimmer verlassen, als Natalie, die Michaela ihre Klamotten aus dem Koffer reichte, sich pl\u00f6tzlich sch\u00fcttelte. Michaela sah das, weil sie ihr gerade in diesem Moment eine Bluse aus der Hand nehmen und auf einen B\u00fcgel h\u00e4ngen wollte. \u201eHe, was ist los mit dir?\u201c, fragte sie besorgt und nahm die Hand ihrer Freundin. \u201eIch wei\u00df nicht genau, so ein komisches Gef\u00fchl. Es war, als w\u00e4re etwas Kaltes durch mich hindurch gegangen\u201c. \u201eVielleicht Entzugserscheinungen\u201c, sagte Michaela. \u201eIch finde ihn s\u00fc\u00df, aber so sehr hat es mich noch nicht erwischt. Nein, es war echt komisch, vorhin auf dem Weg \u00fcber die Landstra\u00dfe hatte ich schon einmal so ein \u00e4hnliches Gef\u00fchl. Ich nehme an, es ist der Stress, davon hatte ich in letzter Zeit mehr als genug\u201c. Sie packten zu Ende aus und gingen wieder nach unten, wo sie feststellten, dass Marc ihre Pl\u00e4tze frei gehalten hatte. Er l\u00e4chelte ihnen entgegen und Michaela raunte: \u201eSieht so aus, als h\u00e4tte er dich vermisst\u201c. Marc sah, wie die beiden aus dem Haus kamen. Natalie war wirklich eine Sch\u00f6nheit und was noch wichtiger f\u00fcr ihn war, sie war sehr sympathisch. Michaela sah auch nicht schlecht aus, mit ihrer knackigen Figur, ihrem jugendlichen Gesicht und ihrer langen, schwarzen Haaren gefiel sie ihm gut. Aber sie war ein Kumpel f\u00fcr ihn, ein sehr attraktiver Kumpel ohne Frage, aber nur ein Kumpel. Bei Natalie sah das ganz anders aus, diese Frau \u00fcbte eine ungeheure Anziehungskraft auf ihn aus und offenbar war das keine Einbahnstra\u00dfe, aber er wusste, dass sie eine schmutzige Scheidung hinter sich hatte und w\u00fcrde sie nicht dr\u00e4ngen. Pedro, Ralf und Reinhard machten sich \u00fcber Sergejs Apfelwein her, der ihnen, wie deutlich zu sehen und auch zu h\u00f6ren war, hervorragend schmeckte. Auch andere Getr\u00e4nke standen auf dem Tisch, unter anderem ein hervorragender Rotwein, von dem Marc aber mit einer Spur des Bedauerns die Finger weg lie\u00df. Wenn er Wein auf n\u00fcchternen Magen trinken w\u00fcrde, w\u00e4re er nach einem Glas vermutlich so angeheitert wie die drei Apfelwein-Vernichter am anderen Ende des Tisches. Also begn\u00fcgte er sich vorerst mit Wasser, wobei seine Nachbarinnen sich ihm anschlossen. \u201eSadistinnen!\u201c, murmelte er einige Minuten sp\u00e4ter, als das K\u00fcchenfenster ge\u00f6ffnet wurde und ein unerh\u00f6rt guter Duft an seine Nase drang. \u201eHast du Hunger?\u201c, fragte Natalie ohne Spott in der Stimme, was Michaela mit Sicherheit nicht fertig gebracht h\u00e4tte. \u201eKlar, ich habe gestern um diese Zeit das letzte Mal etwas gegessen\u201c, antwortete er. Da kamen Carola und Ellen aus dem Haus und begannen, den Tisch zu decken. Carola zog den Apfelwein-Krug ein, ohne sich um die Proteste der drei Liebhaber dieses Ges\u00f6ffs zu k\u00fcmmern und sagte: \u201eBesaufen k\u00f6nnt ihr euch sp\u00e4ter, Jungs\u201c. \u201eJa ja, unsere Klassensprecherin\u201c, sagte Herr Schwarz, der sich nach einem Ausflug in die K\u00fcche wieder auf seinen Platz setzte. Dann verk\u00fcndete er gen\u00fcsslich: \u201eUns erwarten wahre Gaumenfreuden. Ich h\u00e4tte mich gerne an den Pfannen vergriffen, aber Carola hat mich des Platzes verwiesen. Es gibt mehrere Sorten gegrilltes Fleisch, Reis, Pommes und ein halbes Dutzend verschiedene Salate. Und als Nachspeise...\u201c. Hier unterbrach er sich, denn Marcs Magen knurrte so laut, dass man es am anderen Ende des Tisches deutlich h\u00f6ren konnte. Herr Schwarz grinste und sagte: \u201eOkay, den Rest behalte ich f\u00fcr mich, nicht dass du deine liebreizende Nachbarin noch anknabberst\u201c. \u201eDer will sie nur vernaschen, aber nicht fressen!\u201c, t\u00f6nte Reinhard und l\u00f6ste eine Lachsalve aus. Bevor ihm jemand darauf antworten konnte, rief Kirsten aus dem K\u00fcchenfenster: \u201eWenn ich einige der Herren bitten d\u00fcrfte, dass Essen nach drau\u00dfen zu tragen!\u201c. Marc sprang regelrecht auf und eilte in die K\u00fcche, Reinhard und Alexander folgten ihm. Ralf und vor allem Pedro verbot man angesichts ihres Zustandes, sich an dieser Arbeit zu beteiligen, was den beiden ganz recht war. Michaela kicherte und deutete auf die T\u00fcr. Marc trat heraus, eine gro\u00dfe Platte mit gegrilltem Fleisch tragend und er schien einen kulinarischen Orgasmus zu haben, so verz\u00fcckt, wie er gerade aussah. F\u00fcnf Minuten sp\u00e4ter war das Essen aufgetragen und man begann zu speisen. Marc war offenbar nicht der Einzige, dessen Magen in den Kniekehlen hing, denn auch einige andere langten t\u00fcchtig zu. Sogar Natalie, die zuerst nicht sehr hungrig gewesen war, stellte fest, dass das Sprichwort, welches besagte, dass der Hunger beim Essen k\u00e4me, gar nicht so weit her geholt war. Michaela beugte sich nach einer Weile um Marc herum und raunte ihrer Freundin ins Ohr: \u201e\u00dcbertreibe es nicht, sonst passt du nicht mehr in deine Lederhose und das w\u00e4re doch schade, ich w\u00fcrde Marc gerne sabbern sehen\u201c. Lachen und Kauen zeitgleich war schwer, wie Natalie nun am eigenen Leib erfahren musste. Als sie den Bissen herunter gew\u00fcrgt hatte und nicht mehr lachen musste, warf sie der grinsenden Michaela einen strafenden Blick zu, den ihre Freundin mit einem noch breiteren Grinsen \u0001 \u0002 stopfte ungeheure Mengen in sich hinein und bemerkte gar nicht, dass er der Letzte war, der noch a\u00df. Die grinsenden Gesichter der Anderen sah er auch nicht und sie h\u00e4tten ihn auch nicht gest\u00f6rt. Als er schlie\u00dflich den Teller von sich schob, glaubte er, nie wieder essen zu k\u00f6nnen. Der Glaube wankte und kippte gleich darauf, als der Nachtisch aufgetragen wurde. Wei\u00dfweincreme! Mit Pfirsichen! Da gab es kein Halten mehr. Er verspeiste seine Portion und wurde danach zur allgemeinen Belustigung von Natalie gef\u00fcttert, die ihr Dessert nur zur H\u00e4lfte geschafft hatte. Danach war selbst der ausgehungerte Marc satt und man r\u00e4umte den Tisch ab. Da sich alle am Sp\u00fclen beteiligten, war das Geschirr eine Viertelstunde sp\u00e4ter sauber und in den Schr\u00e4nken verstaut. Nun konnte der gem\u00fctliche Teil des Abends beginnen.",
            "wordcount": "3.420",
            "chapter_release": "13.09.2008",
            "chapter_number": "2"
        },
        "3": {
            "text": "Kapitel 3Gebetat von Lory und Stephi, danke ihr S\u00fc\u00dfen!Als man eine Unmasse an Getr\u00e4nken nach drau\u00dfen geschafft und sich an den Tisch gesetzt hatte, erhob sich Herr Schwarz und sagte: \u201eIch denke, wir sollten die Phase Herr Schwarz hinter uns lassen. Ihr seid alle erwachsene Menschen, mit einigen Ausnahmen vielleicht und ich duze euch einfach die ganze Zeit. Also, nennt mich Wolfgang, das gilt auch f\u00fcr die Ausnahmen da hinten\u201c, Er blickte zu Reinhard, Pedro und Ralf, die schon wieder soffen wie die L\u00f6cher. Die drei bekamen zwar die allgemeine Heiterkeit mit, kapierten aber nicht, dass sie der Grund daf\u00fcr waren und es war ihnen auch egal, Hauptsache, es war genug Apfelwein \u0001 \u0002 wurde schnell dunkel und auch deutlich k\u00fchler. Marc sah, dass Natalie zu fr\u00f6steln begann. Er stand auf, ging zu seinem Auto und holte eine Jacke aus dem Kofferraum. Natalie l\u00e4chelte ihn dankbar an, als er ihr die Jacke \u00fcber die Schulter legte. Das war schon besser, aber sie fror auch an den Armen. Sie stand auf, zog die Jacke an und Marc fand, dass sie sehr s\u00fc\u00df in der viel zu gro\u00dfen Jacke aussah. Natalie f\u00fchlte sich in der Jacke sauwohl, nicht nur, dass sie nicht mehr fror, da war auch der Geruch. After Shave und etwas Undefinierbares, es war einfach Marcs Geruch. Michaela entging nicht, dass ihre Freundin immer wieder an der Jacke roch, sie l\u00e4chelte heimlich in sich hinein. Einige Minuten sp\u00e4ter begann Natalies Blase, sich bemerkbar zu machen. Sie erhob sich und ging zur T\u00fcr, kaum war sie einige Meter von dem Tisch weg, da kam dieses merkw\u00fcrdige Gef\u00fchl zur\u00fcck. Diesmal war es noch st\u00e4rker als vorhin, es war, als w\u00fcrde sich ihr etwas abgrundtief B\u00f6ses n\u00e4hern. Sie w\u00e4re am liebsten zur\u00fcck gerannt und h\u00e4tte sich an Marc geklammert, aber diese Bl\u00f6\u00dfe wollte sie sich nicht geben. Was sollten die denn von ihr denken, eine erwachsene Frau, die Angst vor einem Nichts hatte. Sie betrat das Haus und wollte das Licht im Flur anschalten, aber es funktionierte nicht. Zum Gl\u00fcck fiel ausreichend Licht durch die offene Haust\u00fcr, also ging sie weiter. Kurz bevor sie die T\u00fcr, die zu den Toiletten f\u00fchrte, erreicht hatte, wurde es eiskalt. Eine unbeschreibliche Angst l\u00e4hmte sie, sie wollte schreien und konnte nicht. Jemand schien in ihr Ohr zu fl\u00fcstern, aber sie verstand die Worte nicht, sie war sich nicht einmal sicher, dass es Worte waren. Dann schien die Zeit pl\u00f6tzlich langsamer zu werden, sie h\u00f6rte die Stimmen ihrer Klassenkameraden, die auf einmal ganz langsam sprachen. Sie zwang sich zu einer Bewegung, wie in Zeitlupe fuhr sie herum und sah etwas, was sie in eine solche Panik versetzte, dass sie ihre L\u00e4hmung absch\u00fcttelte und gellend zu schreien begann. Marc fuhr erschrocken hoch, als er Natalie schreien h\u00f6rte. Er st\u00fcrzte in den Hausflur, knipste das Licht an und da stand sie. Sie war kreidebleich und ihre Augen schienen einen Punkt neben ihm zu fixieren. Aber da war nichts, also ging er zu ihr und griff nach ihren H\u00e4nden. Sie schrak zusammen, erst dann schien sie seine Anwesenheit wahrzunehmen. Marc erschrak, als er ihre H\u00e4nde ber\u00fchrte, sie waren kalt wie die H\u00e4nde einer Leiche. Sie schluchzte auf und fiel ihm um den Hals, sie entwickelte eine erstaunliche Kraft f\u00fcr eine so zierliche Frau. Marc hielt sie fest und streichelte ihren R\u00fccken, er wartete einen Moment und fragte dann leise: \u201eWas ist passiert, Natalie?\u201c. Sie sch\u00fcttelte sich, dann sagte sie tonlos: \u201eIch wollte das Licht einschalten, aber es ging nicht an. Und da war pl\u00f6tzlich etwas bei mir, es war etwas B\u00f6ses und es hat mich angefasst\u201c. Michaela trat zu ihnen und streichelte Natalie \u00fcber die Wange, die sich genau wie ihre H\u00e4nde eiskalt anf\u00fchlten. Auch die anderen dr\u00e4ngten sich im Flur und es war Reinhard, der sein Maul nicht halten konnte: \u201eSag mal, spinnst du oder bist du nur hysterisch?\u201c, fragte er und sein r\u00fcder Ton lies Natalie zusammenzucken. Marc schob Natalie in Michaelas Arme und ging auf Reinhard zu. Bevor der begriff, dass er in Schwierigkeiten steckte, wurde er am Kragen gepackt und fand sich im n\u00e4chsten Moment unter der Decke wieder. \u201eHalt dein verdammtes Maul, du Arsch, sonst stopfe ich es dir\u201c, sagte Marc leise und lie\u00df Reinhard los. Er landete etwas unsanft auf dem Boden und wagte nicht, Marc etwas zu entgegnen. Den schien es ganz sch\u00f6n erwischt zu haben, wenn er wegen Natalie so ausrastete. Er beschloss, sich f\u00fcr heute zur\u00fcckzuhalten, er wollte Marc nicht richtig w\u00fctend machen, der Kerl hatte ja eine abartige Kraft und die wollte Reinhard nicht unbedingt f\u00fchlen. Natalie beruhigte sich allm\u00e4hlich und war auch bereit, von ihrem Erlebnis zu erz\u00e4hlen, aber sie wollte nur mit Marc und Michaela reden. Die anderen zeigten Verst\u00e4ndnis und verlie\u00dfen das Haus. Sergej schaltete das Licht in der Gaststube ein und ging ebenfalls nach drau\u00dfen. Die Drei setzten sich an einen Tisch und Natalie erz\u00e4hlte nun ausf\u00fchrlich von den komischen Gef\u00fchlen w\u00e4hrend der Fahrt hierher und dann sp\u00e4ter in Michaelas Zimmer. Dann erz\u00e4hlte sie, was eben passiert war und als sie beschrieb, was sie vor ihrem Schrei gesehen hatte, starrte Michaela sie mit gro\u00dfen Augen an. \u201eIch wei\u00df, dass es sich verr\u00fcckt anh\u00f6rt, aber ich habe es gesehen...dieses Ding\u201c, sagte Natalie energisch, als sie Michaelas Blick bemerkte. Zu ihrer \u00dcberraschung zeigte sich auf Marcs Gesicht keine Spur von Unglaube. \u201eWenigstens du scheinst mir zu glauben\u201c, sagte sie mit viel W\u00e4rme in der Stimme und dr\u00fcckte seine Hand. \u201eJa, das tue ich\u201c, antwortete er und Natalie war sicher, dass er das nicht nur sagte, um sie zu beruhigen. \u201eBist du sicher, dass du dir das nicht nur eingebildet hast? Eine Nebelgestalt, die von innen her leuchtet und wie ein verwester Mensch aussieht, also bitte. Und dann ist sie auch noch durch dich hindurch geflogen\u201c, sagte Michaela mit mehr Sarkasmus in der Stimme, als sie beabsichtigt hatte. Sie bereute ihre Worte sofort, als sie Natalies verletzten Blick bemerkte. Sofort nahm sie ihre Freundin in die Arme und sagte: \u201eOkay, gehen wir mal davon aus, dass du das Ding wirklich gesehen hast. Dann m\u00fcssen wir uns fragen, was das war. Und ob es gef\u00e4hrlich ist\u201c. \u201eAuf jeden Fall sollten wir mit den Anderen dar\u00fcber reden, wenn hier wirklich etwas komisches vorgeht, sollten sie Bescheid wissen\u201c, sagte Marc und Natalie war einverstanden, bat aber ihre Freunde, es den Anderen zu erz\u00e4hlen und die beiden versprachen es ihr. Sie gingen nach drau\u00dfen und setzten sich auf ihre fr\u00fcheren Pl\u00e4tze, nur nahmen sie diesmal Natalie in die Mitte, was diese dankbar zur Kenntnis nahm. Michaela verschaffte sich Ruhe und gab Natalies Erz\u00e4hlung wieder, w\u00e4hrend Marc drohende Blicke in die Runde schickte, aber das schien unn\u00f6tig zu sein. Nicht einmal Reinhard machte eine Bemerkung, sondern h\u00f6rte aufmerksam zu und kam am Ende der Erz\u00e4hlung sogar zu ihnen. Er wandte sich fragend an Natalie: \u201eHast du so etwas schon einmal erlebt?\u201c. Er hatte in einem ganz anderen Ton als sonst gesprochen und er schaute auch nicht sp\u00f6ttisch wie sonst, sondern eher mitf\u00fchlend. \u201eNein, au\u00dfer vielleicht... als Kind hatte ich schon einmal so ein komisches Gef\u00fchl, aber nicht mehr. Es war nur diese Angst und das K\u00e4ltegef\u00fchl, aber ich habe nichts gesehen\u201c, antwortete Natalie. \u201eWo war das?\u201c, stellte Reinhard die n\u00e4chste Frage. \u201eAuf einer Burg, irgendwo am Rhein. Wir haben sie besichtigt und im Kerker hatte ich dieses Gef\u00fchl. Ich dachte damals, dass es da so unheimlich war und ich deshalb einfach Angst hatte\u201c. \u201eNein, das glaube ich nicht. Ich denke, du bist ein Medium. Und das bedeutet, dass hier wirklich etwas vor sich geht, was es eigentlich gar nicht geben sollte\u201c. Als Natalie ihn verbl\u00fcfft ansah, erkl\u00e4rte er: \u201eMeine Schwester ist ein Medium. Sie hat schon etliche Sichtungen gehabt, meistens in irgendwelchen alten Gem\u00e4uern. Anscheinend sind ausgerechnet Friedh\u00f6fe die einzigen Orte, an denen man keine Geister antrifft, denn sie hat noch nie einen Geist auf einem Friedhof gesehen\u201c. \u201eGeister, jetzt h\u00f6r aber auf!\u201c, schnaubte Kirsten. Auch einige der Anderen \u00e4u\u00dferten ihren Unglauben und Marc h\u00e4tte ihnen fr\u00fcher aus vollem Herzen zugestimmt, aber seit f\u00fcnf Jahren wusste er es besser. Aber das wollte er noch f\u00fcr sich behalten. Er blickte auf und bemerkte, das Reinhard ihn auffordernd anblickte und mit den Augen zur T\u00fcr deutete. Marc verstand ihn und entschuldigte sich, er gab vor, zur Toilette zu m\u00fcssen. Reinhard schloss sich ihm unauff\u00e4llig an und als sie im Haus waren, sagte er : \u201eIch glaube, es w\u00e4re besser, wenn du Natalie von hier weg bringen w\u00fcrdest\u201c. Marc sah ihn fragend an und Reinhard fuhr fort: \u201eIch selbst bin kein Medium, aber ich wei\u00df von meiner Schwester, dass das, was Natalie erlebt hat, nichts Gutes bedeutet. Normale Geister sind friedlich, sie wollen nur auf sich aufmerksam machen und ihre Geschichte los werden. Nur wenn ein abgrundtief b\u00f6ser Mensch seinen Geist auf der Erde zur\u00fcck gelassen hat, genie\u00dft er sein Dasein und er klammert sich mit aller Macht daran. Die Anderen wollen nur ein an ihnen begangenes Unrecht ges\u00fchnt wissen und verschwinden dann meistens ins Jenseits. Ein b\u00f6ser Geist jedoch hat selbst ein Unrecht auf dem Gewissen und will verhindern, dass es ans Licht kommt. F\u00fcr einen solchen Geist ist ein Medium nat\u00fcrlich eine Bedrohung und er wird alles tun, um sich diese Bedrohung vom Hals zu schaffen. Bis jetzt versucht er nur, sie zu \u00e4ngstigen, aber er wird es nicht dabei belassen\u201c.Marc musste Reinhard recht geben, b\u00f6se Geister waren gef\u00e4hrlich, aber man konnte ja etwas gegen sie tun. Er fragte: \u201eHat deine Schwester schon einmal mit b\u00f6sen Geistern zu tun gehabt?\u201c. \u201eJa, schon mehrmals, sie scheint diese Sorte Geister regelrecht anzuziehen. Sie kennt aber zum Gl\u00fcck Leute, die sich um solche Geister k\u00fcmmern, aber sie schweigt sich \u00fcber sie aus und ich habe auch noch keinen von ihnen gesehen. Aber ich werde sie morgen anrufen und sie um Hilfe bitten, vielleicht kann sie uns einen dieser Geisterj\u00e4ger schicken\u201c. Dann bemerkte er, dass Marc nicht im geringsten \u00fcber seine Er\u00f6ffnung verwundert zu sein schien. \u201eSag mal, wieso habe ich den Eindruck, dass du das alles schon wei\u00dft? Ein normaler Mensch h\u00e4tte mich jetzt bl\u00f6de angeglotzt oder einfach gelacht\u201c, fragte er. Marc dachte kurz nach, ob er Reinhard einweihen sollte, er wusste ja offenbar schon einiges und einige zus\u00e4tzliche Informationen konnten nicht schaden. \u201eDu hast Recht, ich wusste das schon, denn ich bin einer der Leute, die sich um b\u00f6se Geister k\u00fcmmern. Ich bin vor f\u00fcnf Jahren mit der Geisterwelt in Kontakt gekommen und bin bis vor zwei Jahren ausgebildet worden. Viel \u00fcber uns kann ich dir nicht erz\u00e4hlen, denn wir agieren im Geheimen. Stell dir vor, du erz\u00e4hlst jemandem, dass du ein Geisterj\u00e4ger bist. Da kriegst du eine Gummizelle ganz f\u00fcr dich allein, in der du den Rest deines Lebens verbringen darfst\u201c. Reinhard grinste, auch wenn Marcs Darstellung etwas drastisch war, die Kernaussage stimmte. Marc fuhr fort: \u201eMeinst du, deine Schwester w\u00fcrde hierher kommen, wenn du sie darum bittest? Sie k\u00f6nnte Natalie unterrichten, denn ich kann ihr da nicht helfen, ich bin kein Medium\u201c. \u201eKlar, ich rufe sie morgen fr\u00fch an und sie wird bestimmt kommen. Aber was ist mit Natalie, kannst du sie sch\u00fctzen?\u201c. \u201eJa, ich werde einen Bann auf ihr Zimmer legen, der Geist wird nicht an sie ran kommen. Und ich werde sie ansonsten in meiner N\u00e4he behalten, ich habe da etwas, was Geister nicht besonders m\u00f6gen\u201c. Sie wurden unterbrochen, als Natalie und Michaela in den Flur traten. Natalie wollte nun endlich ihren Toilettenbesuch absolvieren, zu dem sie vorhin nicht gekommen war und hatte Michaela gebeten, mitzukommen. \u201eHe, was treibt ihr denn hier? Muss Natalie etwa eifers\u00fcchtig werden?\u201c, t\u00f6nte Michaela und brachte ihre Freundin dazu, leicht zu err\u00f6ten. Reinhard nahm sofort wieder sein gew\u00f6hnliches Selbst an und verk\u00fcndete: \u201eNein, alles cool, es ist nichts passiert, Marc ist nicht mein Typ\u201c. Es klatschte laut, als Marc ihm mit der flachen Hand auf den Hinterkopf schlug und Reinhard schaute ihn gespielt b\u00f6se an, aber Marc hatte ihn durchschaut. Reinhard spielte Theater, aus irgendeinem Grund schien er sich in der Rolle des Arschloches wohl zu f\u00fchlen und Marc nahm sich vor, ihn irgendwann einmal nach diesem Grund zu fragen. Die beiden M\u00e4nner warteten, bis die Frauen von der Toilette kamen, dann gingen sie wieder hinaus. Reinhard setzte sich wieder zu Pedro und Ralf, wo er sich damit vergn\u00fcgte, die beiden in einen Saufwettbewerb zu verwickeln, an dem er sich aber nicht beteiligte. Der Erfolg seiner Aktion zeigte sich eine knappe Stunde sp\u00e4ter, die beiden waren so besoffen, dass man beschloss, sie auf ihre Zimmer zu schaffen. Alexander und Reinhard hatten sich Pedros Arme \u00fcber die Schultern gelegt und schleppten den sich str\u00e4ubenden ins Haus. Marc legte sich Ralf einfach \u00fcber die Schulter und trug ihn auf sein Zimmer, wo er ihn auf dem Bett ablegte. Ralf war schon eingeschlafen, bevor er richtig auf dem Bett lag, Marc zog ihm die Schuhe aus und deckte ihn zu. Dann verlie\u00df er das Zimmer und traf im Flur auf Reinhard. Alexander hatte sich auch auf sein Zimmer begeben, er war m\u00fcde und hatte Reinhard gebeten, allen in seinem Namen eine gute Nacht zu w\u00fcnschen. \u201eWolltest du nicht den Bann auf Natalies Zimmer legen?\u201c, fragte Reinhard leise. \u201eDas geht noch nicht, sie muss darin sein und der Bann h\u00e4lt nur, solange sie den Raum nicht verl\u00e4sst\u201c, erkl\u00e4rte Marc. \u201eSchade, ich h\u00e4tte gerne gesehen, wie du das machst\u201c, meinte Reinhard. \u201eKannst du ja nachher, wenn du willst\u201c. \u201eOkay, ich nehme dich beim Wort\u201c, sagte Reinhard und sie gingen zur\u00fcck nach drau\u00dfen. Michaela fiel auf, dass Natalie st\u00e4ndig Richtung T\u00fcr schaute. \u201eNa, Sehnsucht? Dich hat es wohl ganz sch\u00f6n erwischt\u201c, raunte sie in Natalies Ohr. \u201eWarum sollte ich das Offensichtliche abstreiten?\u201c, raunte Natalie zur\u00fcck. Dann f\u00fcgte sie hinzu: \u201eIch f\u00fchle mich sicher, wenn er da ist und kaum ist er mal kurz weg, f\u00fchle ich wieder diese Bedrohung\u201c. \u201eNa, dann solltest du in seiner N\u00e4he bleiben. Falls es nicht ausreicht, dass er das Zimmer neben dir hat, dann musst du halt die Entfernung zu ihm vermindern\u201c, sagte Michaela am\u00fcsiert. \u201eIch kann doch nicht einfach zu ihm ins Bett steigen!\u201c. Wenn er etwas dagegen hat, wird er es dir schon sagen\u201c. Weiter konnten sie sich nicht \u00fcber dieses Thema unterhalten, denn Kirsten, mit der sie bis jetzt kaum gesprochen hatten, setzte sich zu ihnen und verwickelte sie in ein angeregtes Gespr\u00e4ch. Bald gesellten sich auch Marc und Reinhard zu ihnen und sie unterhielten sich, bis Michaela zu g\u00e4hnen begann. \u201eEs wird Zeit f\u00fcr mich ins Bettchen zu gehen\u201c, sagte sie und erhob sich tr\u00e4ge. Natalie und Marc schlossen sich ihr an und stellten fest, dass nur noch Reinhard und Kirsten da waren. Die Beiden unterhielten sich angeregt und bekamen kaum mit, dass sich die anderen verabschiedeten. Michaela verabschiedete sich vor ihrem Zimmer mit je einem schnellen K\u00fcsschen von Marc und Natalie und verdr\u00fcckte sich schnell in ihr Zimmer, um den Beiden die Gelegenheit zu einem etwas intensiveren Abschied zu geben. Oder, was ihr noch lieber gewesen w\u00e4re, zu gar keinem Abschied, sondern zu einer Einladung. Aber so weit waren die beiden noch nicht. Natalie stellte sich auf die Zehenspitzen und hauchte einen sanften Kuss auf Marcs Lippen, dann ging sie in ihr Zimmer, vor dessen T\u00fcr Marc noch eine halbe Minute leicht geistesabwesend stehen blieb. Dann fiel ihm ein, dass er noch etwas zu erledigen hatte. Er ging in sein Zimmer und holte aus der Seitentasche seines Koffers einige Gegenst\u00e4nde heraus. Es war ein circa 15 Zentimeter hohes keltisches Kreuz aus Bronze, welches an einer schwarzen Lederschnur hing, ein kleines Fl\u00e4schchen mit fein gemahlenem Silber und eine kleine Dose mit einem Schraubdeckel. Das Kreuz war f\u00fcr das Ritual nicht n\u00f6tig, aber er w\u00fcrde es von nun an tragen, denn es war seine Waffe gegen das B\u00f6se. Dann ging er zu Natalies Zimmer, murmelte einige Worte in einer Sprache, die laut seinem Mentor von den alten G\u00f6ttern benutzt wurde. Dann \u00f6ffnet er die Dose, darin befand sich ein wei\u00dfes Pulver, welches aus den gemahlenen Knochen eines Schafes und Kreidestaub bestand. Er kippte sich eine kleine Menge des Pulvers auf die Hand und blies es gegen die T\u00fcr. Zum Schluss verteilte er eine Priese des Silbers auf der T\u00fcrschwelle und sprach einige weitere Worte in der alten Sprache. Er f\u00fchlte, wie sich die H\u00e4rchen auf der Oberseite seiner Hand aufrichteten, was bedeutete, dass der Bann funktionierte, denn eine Art elektrische Spannung schien von der T\u00fcr auszugehen. Zufrieden ging er in sein Zimmer zur\u00fcck und legte sich nach einer kurzen Dusche nur mit einer Boxer bekleidet ins Bett. Kaum war die T\u00fcr hinter Natalie ins Schloss gefallen, begann sie schon, Marc zu vermissen. Sie wunderte sich dar\u00fcber, dass sie mehr an ihn als an diese Geister-Sache dachte, aber sie war nat\u00fcrlich froh deswegen. Das Gef\u00fchl der Bedrohung, welches in den letzten beiden Stunden verschwunden war, kehrte zwar nun wieder langsam zur\u00fcck, aber wenn sie daran dachte, dass nur sie eine Wand von Marc trennte, wurde sie sofort wieder ruhiger. Sie zog sich aus und ging duschen, dann zog sie ein langes T-Shirt an und schl\u00fcpfte unter die Decke. Im Flur konnte sie Reinhards Stimme h\u00f6ren, offenbar erz\u00e4hlte er Kirsten einen schmutzigen Witz, denn die kicherte ungehemmt. Gleich darauf kehrte Ruhe ein und da fiel ihr pl\u00f6tzlich auf, dass dieses bedrohliche Gef\u00fchl verschwunden war. Irgendwie hatte sie das Gef\u00fchl, dass Marc daf\u00fcr verantwortlich war, sie f\u00fchlte sich von ihm besch\u00fctzt, ohne zu wissen, wie er das anstellen konnte. Ihre Gedanken drifteten ab und mit dem Bild von Marcs blauen Augen in ihren Gedanken schlief sie ein. Allerdings war ihr nicht einmal eine Stunde Schlaf geg\u00f6nnt. Sie fuhr pl\u00f6tzlich hoch, weil sich etwas in ihrem Zimmer bewegte. Sofort suchte sie nach dem Schalter der Nachttischlampe und knipste das Licht an, aber sie sah nicht das Geringste, was hier nicht hingeh\u00f6rte. Gerade, als sie das Licht wieder ausschalten wollte, \u00f6ffnete sich ihre Schrankt\u00fcr knarrend. Sie rutschte auf die andere Bettseite, weg vom Schrank und da h\u00f6rte sie eine verzerrte Stimme sagen: \u201eGeh, er wird dich sonst t\u00f6ten, bitte geh!\u201c. \u201eWer?\u201c, fragte sie und merkte, dass sie ihre Stimme nicht mehr richtig unter Kontrolle hatte. \u201eEr, der unser aller Schicksal war. Er kann nicht hier herein, dein Mann hat das verhindert. Aber er wird einen Weg finden, er ist m\u00e4chtig\u201c. \u201eMein Mann?\u201c, fragte sie verbl\u00fcfft. Sie hatte keine Angst mehr vor dieser Stimme, im Gegenteil, sie wollte wissen, was sie ihr mitteilen wollte. Die Stimme klang nun fast belustigt. \u201eJa, dein Mann. Oh, ihr Lebenden, wie blind ihr doch seid. Geh zu ihm, er kann dich sch\u00fctzen, hier bist du nicht mehr lange sicher. Vielleicht h\u00e4lt sein Zauber diese Nacht, aber wir wissen es nicht. Geh!\u201c. Die Stimme verstummte und Natalie beschloss, dem Rat der Stimme zu folgen. Sie stand auf, schaltete das Deckenlicht an und die Nachttischlampe aus. Kurz \u00fcberlegte sie, ob sie einen Slip anziehen sollte, entschied sich aber dagegen, denn sie hasste es, mit einem H\u00f6schen zu schlafen. Michaela h\u00e4tte ihre Entscheidung mit einem gekicherten: \u201eAllzeit bereit\u201c, kommentiert, da war sie sich sicher. Sie \u00f6ffnete die Zimmert\u00fcr, schaltete das Deckenlicht aus und schl\u00fcpfte aus dem Zimmer. Sie wollte erst an Marcs T\u00fcr klopfen, aber einem Impuls folgend dr\u00fcckte sie die Klinke hinunter. Die T\u00fcr war nicht abgeschlossen, sie tapste auf Zehenspitzen in das Zimmer und warf einen Blick auf das im Mondschein liegende Bett. Marc hatte sich im Schlaf aufgedeckt, sein Oberk\u00f6rper war frei und sie genoss diesen Anblick einen Moment. Dann schl\u00fcpfte sie unter die Decke, drehte Marc den R\u00fccken zu und schmiegte sich an ihn. Er bemerkte nichts davon, aber aus einem Reflex heraus legte er einen Arm um ihren Bauch. Sie griff nach seiner Hand und hielt sie fest. Und da war auch noch sein Geruch, den sie tief in sich ein sog, sie f\u00fchlte sich geborgen wie noch nie. Nach wenigen Minuten war sie mit einem gl\u00fccklichen L\u00e4cheln auf dem Gesicht eingeschlafen.",
            "wordcount": "3.295",
            "chapter_release": "13.09.2008",
            "chapter_number": "3"
        },
        "4": {
            "text": "Kapitel 4Marc brauchte am n\u00e4chsten Morgen lange, um aufzuwachen. Die letzten, sehr stressigen Tage steckten ihm in den Knochen und er hatte auch ziemlich unruhig geschlafen. Kein Wunder, denn er hatte die ganze Nacht von Natalie getr\u00e4umt und diese Tr\u00e4ume waren unglaublich intensiv gewesen. Sogar jetzt glaubte er noch, sie in seinen Armen zu sp\u00fcren und ihren Geruch wahrzunehmen. Er versuchte, nicht wach zu werden, denn er wollte gerne noch eine Weile in seiner Traumwelt bleiben, aber er schaffte es nicht. Er kehrte immer mehr in die Realit\u00e4t zur\u00fcck und wunderte sich dar\u00fcber, dass er noch immer einen warmen, anschmiegsamen Frauenk\u00f6rper in den Armen hielt. Er \u00f6ffnete langsam die Augen und erstarrte. Er sah blonde Haare. Schlagartig war er hellwach. Er brauchte einen Moment, um zu realisieren, dass Natalie wirklich in seinem Bett lag. Nun wurde ihm klar, warum er so intensiv von ihr getr\u00e4umt hatte. Sein Unterbewusstsein hatte ihre Anwesenheit registriert und entsprechend gehandelt, was sich in diesen Tr\u00e4umen ge\u00e4u\u00dfert \u0001 \u0002 blieb noch einige Minuten liegen und genoss das Gef\u00fchl, diese aufregende Frau in den Armen zu halten, dann zog er vorsichtig seinen Arm unter ihr heraus und stand auf. Seine Blase dr\u00fcckte und er ging ins Bad, um sich Erleichterung zu verschaffen. Als er ins Schlafzimmer zur\u00fcckkehrte, blieb er kurz an der T\u00fcrschwelle stehen, denn Natalie bot einen atemberaubenden Anblick. Sie lag von ihm abgewandt und hatte sich aufgedeckt, ihr langes T-Shirt war nach oben gerutscht und hatte zwei Pobacken enth\u00fcllt, bei deren Anblick Marcs Mund trocken wurde. Als er merkte, dass sein Blut sein Gehirn verlie\u00df und sich auf den Weg nach S\u00fcden machte, ging er schnell zum Bett hin\u00fcber und bedeckte den so verf\u00fchrerisch pr\u00e4sentierten Po. Dann zog er seine Joggingklamotten an, schnappte sich seinen I-Pod und verlie\u00df leise das Zimmer, um eine Runde zu drehen, Natalie schlief ja noch ruhig und am Tag d\u00fcrfte hier keine Gefahr f\u00fcr sie \u0001 \u0002 Natalie anging, hatte er sich etwas get\u00e4uscht, denn sie schlief keineswegs. Sie war aufgewacht, als er ins Bad gegangen war und da war der Einfluss Michaelas in ihr wach geworden. Ihr Shirt war hoch gerutscht und das brachte sie auf eine Idee. Sie deckte sich auf und streckte ihren Po etwas raus, sie war gespannt, wie er reagieren w\u00fcrde. Es fiel ihr schwer, nicht laut herauszuplatzen, als sie h\u00f6rte, wie er an der Badezimmert\u00fcr stehen blieb. Sie konnte sich gut vorstellen, was jetzt in ihm vorging. Als er sie dann bedeckte, sich etwas anzog und das Zimmer verlie\u00df, sp\u00fcrte sie leichtes Bedauern, er schien joggen gehen zu wollen und sie h\u00e4tten ja zusammen eine andere Art Training absolvieren k\u00f6nnen. Aber das w\u00fcrde mit Sicherheit noch \u0001 \u0002 war Michaela wach, beschloss sie, nach Natalie zu schauen. Sie zog sich einen Morgenmantel an, denn das was sie zum Schlafen trug war nicht f\u00fcr die Augen ihrer Klassenkameraden bestimmt. Sie tapste \u00fcber den Flur zu Natalies Zimmer und \u00f6ffnete leise die T\u00fcr. Sie grinste breit, als sie feststellte, dass das Bett leer war. Au\u00dferdem war es kalt, was wohl bedeutete, dass ihre Freundin, die man keinesfalls als Fr\u00fchaufsteherin bezeichnen konnte, die Nacht wohl in einem andern Bett geschlafen hatte. Sie schlich zu Marcs Zimmer und \u00f6ffnete die T\u00fcr einen Spalt, sie sah Natalie auf dem Bett sitzen und vertr\u00e4umt aus dem Fenster schauen.\u201eNa, was machen wir denn in einem fremden Bett, meine Liebe?\u201c, fragte sie grinsend. Natalie schrak zusammen, dann erkannte sie Michaela und winkte sie zu sich. \u201eWo steckt er denn?\u201c fragte Michaela. \u201e\u201cIch glaube, er ist joggen gegangen\u201c, antwortete Natalie. Dann erz\u00e4hlte sie, was sich in der Nacht und am Morgen zugetragen hatte und Michaela kriegte sich kaum wieder ein, nachdem sie von Natalies Aufdeck-Aktion geh\u00f6rt hatte. \u201eUnd er ist trotzdem joggen gegangen? Ein echter Gentleman, das muss man ihm lassen\u201c, gluckste sie. Zu ihrer weiteren Belustigung gab Natalie fast drohend von sich: \u201eDen kriege ich noch, das n\u00e4chste Mal lasse ich ihn mir nicht entgehen!\u201c. Michaela stieg zu Natalie ins Bett und die beiden begannen sich angeregt zu unterhalten. Die Unterhaltung wurde einige Minuten sp\u00e4ter von Carola unterbrochen, die an die T\u00fcr klopfte und ohne eine Antwort abzuwarten das Zimmer betrat. Sie schaute verwundert auf die beiden Frauen in Marcs Bett und sagte: \u201eEntschuldigung, wenn ich st\u00f6re. Ich wollte Marc bitten, mir seinen I-Pod auszuleihen, ich will eine Runde drehen\u201c. \u201eEr joggt selbst gerade, keine Ahnung, ob er das Ding mitgenommen hat\u201c, sagte Natalie. \u201eSchade, dann halt ohne Musik. Sagt mal, will ich wissen, was ihr beide in Marcs Bett treibt?\u201c. \u201eNa was schon, wir haben den Hengst gemolken\u201c, gab Michaela von sich, bevor Natalie sie daran hindern konnte. \u201eAha\u201c, meinte Carola und verlie\u00df grinsend das \u0001 \u0002 verlie\u00df das Gasthaus und wandte sich nach links, wo die Burg liegen musste. Er lief den ziemlich steil ansteigenden Weg hinauf und genoss die frische Morgenluft. Nach einigen Minuten zweigte ein kleinerer Weg nach links ab. Marc hatte das Gef\u00fchl, diesem Weg folgen zu m\u00fcssen, auch wenn er bestimmt nicht zur Burg f\u00fchren w\u00fcrde. Der Weg war nicht lang, nach zwei Minuten war er zu Ende. Marc stand vor einem aus Natursteinen gemauerten Rundbogen, der von einem rostigen Gitter verschlossen wurde. Es schien der Beginn eines Tunnels zu sein, der in den Berg hinein f\u00fchrte. Marc versuchte, etwas zu erkennen, aber es war stockdunkel darin, ohne eine Taschenlampe war hier nichts zu machen. Auch das Gitter war ohne Werkzeug nicht zu entfernen, wie Marc feststellte, indem er mit aller Kraft daran zog. Er wusste nicht, was ihn an diesem Tunnel so interessierte, aber er hatte das Gef\u00fchl, dass er wichtig war. Marc wandte sich ab und lief den Weg zur\u00fcck, h\u00e4tte er sich noch einmal umgeblickt, h\u00e4tte er ein Paar rote Augen hinter dem Gitter gesehen, die ihm hasserf\u00fcllt \u0001 \u0002 gute halbe Stunde sp\u00e4ter war Marc zur\u00fcck im Gasthaus. Er war bis zur Burg gelaufen, sie war noch relativ gut erhalten, aber betreten hatte er sie nicht, denn der Eingang war durch ein Fallgitter verschlossen. Er war einmal um die Burg gelaufen und hatte keinen weiteren Eingang finden k\u00f6nnen, aber er hatte sich vorgenommen, \u00fcber die Burgmauer zu klettern und sich diesen Kasten genauer anzusehen. Dann war er zur\u00fcck gelaufen, nein, gerannt, das war die passendere Bezeichnung f\u00fcr seine Fortbewegungsart. Total verschwitzt begegnete er Carola vor der T\u00fcr, die wohl auch eine Runde gedreht hatte, aber offensichtlich hatte sie es ruhiger angehen lassen, denn sie schwitzte nicht einmal andeutungsweise. Er wunderte sich etwas \u00fcber ihren verschmitzten Blick und ihre Bemerkung, dass sie sich wunderte, dass er sich nach einer solchen Nacht \u00fcberhaupt noch auf den Beinen halten konnte. Als er sein Zimmer betrat, l\u00f6ste sich dieses R\u00e4tsel auf, als er Michaela und Natalie in seinem Bett vorfand. \u201eSagt mal, war Carola hier?\u201c, fragte er, nachdem er ihnen einen guten Morgen gew\u00fcnscht hatte. \u201eJa, sie wollte dir deinen I-Pod aus den Rippen leiern\u201c, antwortete Michaela, die im Gegensatz zu Natalie sprechen konnte. Ihre Freundin musterte n\u00e4mlich vertr\u00e4umt Marcs Erscheinung, sein schwei\u00dfgl\u00e4nzender K\u00f6rper hatte es ihr offensichtlich sehr angetan, was Michaela auch verstehen konnte. Wenn sie Peter nicht h\u00e4tte, wer wei\u00df, ob sie nicht Natalies Interesse geteilt h\u00e4tte. \u201eDann wird mir klar, warum die mich so komisch angeschaut hat\u201c, gluckste Marc. \u201eDu wei\u00dft noch nicht alles, Marc. Die liebe Michaela konnte es sich nicht verkneifen, Carola mitzuteilen, dass wir den Hengst gemolken h\u00e4tten\u201c, sagte Natalie am\u00fcsiert. Marc lachte schallend und gab glucksend von sich: \u201eWenn sie das den anderen erz\u00e4hlt, werden wir einen lustigen Tag haben. Und wenn die Damen mich nun entschuldigen w\u00fcrden, ich gehe duschen\u201c. \u201eSollen wir dich einseifen?\u201c, fragte Michaela s\u00fcffisant. \u201eJa, das w\u00e4re nett\u201c, antwortete Marc trocken und bekam Michaelas Mittelfinger zu sehen. Er schnappte sich Klamotten und verschwand im Bad. Als er eine Viertelstunde sp\u00e4ter wieder aus dem Bad kam, waren die beiden weg. Marc ging nach unten zum Fr\u00fchst\u00fcck und einige Minuten sp\u00e4ter kamen auch die beiden frisch geduschten Frauen. Carola schien dicht gehalten zu haben, denn weder mussten die Drei verwunderte Blicke noch dumme Spr\u00fcche \u00fcber sich ergehen lassen. Nach dem ausgedehnten Fr\u00fchst\u00fcck wollte Reinhard wie versprochen seine Schwester anrufen. \u201eMeine Fresse, ist ja voll am Arsch der Welt hier!\u201c, rief er als er feststellte, dass sein Handy keinen Empfang hatte. \u201eHier, nimm meins, das funktioniert\u201c, sagte Marc und warf Reinhard sein Handy zu. Reinhard tippte die Nummer seiner Schwester ein und rief pl\u00f6tzlich verbl\u00fcfft: \u201eWoher wei\u00df dein verdammtes Handy, dass meine Schwester Astrid hei\u00dft?\u201c. Marc stand auf und nahm Reinhard das Handy aus der Hand. Er schaute auf das Display und begann schallend zu lachen. \u201eAstrid ist deine Schwester? Bitte, sag dass das nicht wahr ist!\u201c, stie\u00df er japsend hervor. \u201eHe, woher kennst du sie?\u201c, fragte Reinhard verwirrt. \u201eNa, sie arbeitet doch f\u00fcr uns, Mann. Sie ist eins der f\u00e4higsten Medien \u00fcberhaupt. Wir haben erst vor zwei Monaten ein Schloss in Bayern befreit und auch fr\u00fcher haben wir schon oft zusammen gearbeitet\u201c. \u201eDann bist du dieser Marc, von dem sie immer so schw\u00e4rmt? Ich fasse es nicht\u201c. \u201eUnd du bist dieser anstrengende Bruder, dem sie gerne einmal Rattengift ins Essen mischen w\u00fcrde? Der Bruder, der sie bei jeder sich bietenden Gelegenheit mit seinem exquisiten Benehmen blamiert? Das glaube ich nicht, sie kann nicht deine Schwester sein, sie ist n\u00e4mlich nett und sieht auch noch gut aus. Ist einer von euch beiden adoptiert?\u201c. \u201eHmpf\u201c, machte Reinhard und riss dem lachenden Marc das Handy aus der Hand. Er w\u00e4hlte Astrids Nummer erneut und nach dem zweiten Klingeln nahm sie das Gespr\u00e4ch an: \u201eHe S\u00fc\u00dfer, was gibt\u2019s? Ist die Kacke wieder mal am dampfen?\u201c, fragte sie. \u201eAlso S\u00fc\u00dfer hast du mich noch nie genannt, geliebtes Schwesterlein\u201c, antwortete Reinhard und es herrschte kurz \u00fcberraschtes Schweigen. Dann fragte Astrid: \u201eWie kommst du denn an Marcs Handy?\u201c. \u201eWeil dein s\u00fc\u00dfer Marc dich bitten l\u00e4sst, hierher zu kommen. Er ist ein alter Klassenkamerad von mir und ich habe gerade erst erfahren, dass ihr euch kennt\u201c. \u201eDas ist ja ein Ding. Okay, wo genau seid ihr und was ist los?\u201c. \u201eDas soll dir der s\u00fc\u00dfe Marc erkl\u00e4ren, ich gebe ihn dir\u201c, sagte Reinhard und dr\u00fcckte Marc mit den Worten: \u201eBitte sch\u00f6n, S\u00fc\u00dfer\u201c, das Handy in die Hand. Marc berichtete Astrid, was bis jetzt vorgefallen war und sie versprach ihm, auf dem schnellsten Weg zu kommen. Sie machten aus, dass Astrid die Bahn nehmen w\u00fcrde, Marc w\u00fcrde sie dann am Bahnhof in der n\u00e4chsten Stadt abholen. Natalie sp\u00fcrte etwas Eifersucht in sich, als sie das h\u00f6rte, das verging aber schnell, als Marc sagte: \u201eIch bringe noch jemanden mit, den ich dir vorstellen m\u00f6chte. Sie ist der Hauptgrund daf\u00fcr, dass ich dich gerne hier haben m\u00f6chte\u201c. Sie verabschiedeten sich, nachdem sie verabredet hatten, dass Astrid eine SMS mit ihrer Ankunftszeit schicken w\u00fcrde. Dann wurden Marc und Reinhard ausgequetscht, nat\u00fcrlich wollten alle wissen, was es mit diesem Schloss in Bayern auf sich hatte und was Marc mit Astrid zu tun hatte. Marc dachte kurz nach, er war nicht zur Geheimhaltung verpflichtet, es war eher eine Gewohnheit seiner Bruderschaft, Stillschweigen \u00fcber ihre T\u00e4tigkeit zu wahren. Er fasste einen Entschluss und sprach: \u201eWenn ihr mir versprecht, das nichts von dem, was ich sage, diese Runde verl\u00e4sst, erz\u00e4hle ich euch alles\u201c. Man versprach ihm tiefste Verschwiegenheit und er begann zu erz\u00e4hlen: \u201eWenn man in der heutigen Zeit an Geister glaubt, wird man im Allgemeinen f\u00fcr einen Spinner gehalten. Aber es gibt einige, die mehr als andere sehen und Natalie geh\u00f6rt dazu. Es gibt Geister, manche gut und manche b\u00f6se. Gute Geister sind kein Problem, meistens wird man sie los, wenn man ein an ihnen begangenes Unrecht aufdeckt, das ist die Aufgabe der Medien, zu diesen Menschen geh\u00f6rt auch Natalie. Bei den b\u00f6sen Geistern sieht das anders aus, Um sie loszuwerden, muss man etwas drastischere Mittel einsetzen. Um diese Geister k\u00fcmmert sich eine Jahrtausende alte Bruderschaft, zu der ich seit f\u00fcnf Jahren geh\u00f6re. Ich bin damals zuf\u00e4llig in eine unheimliche Geschichte gestolpert und habe dabei Amadeus, meinen jetzigen Mentor kennen gelernt. Ich half ihm damals bei seiner Aufgabe, weil er verletzt war und es ihm aufgrund der Umst\u00e4nde nicht m\u00f6glich war, einen seiner Br\u00fcder zu rufen. Was damals genau passiert ist, erz\u00e4hle ich euch sp\u00e4ter, auf jeden Fall hat Amadeus mir die Mitgliedschaft in der Bruderschaft angetragen, nachdem wir unsere Probleme gel\u00f6st hatten. Erst w\u00e4hrend er mich ausgebildet hat, erfuhr ich warum er so scharf auf mich war. Offenbar stecken keltische Gene in mir, sonst h\u00e4tte ich die von der Bruderschaft benutzte Waffe gegen das B\u00f6se \u00fcberhaupt nicht benutzen k\u00f6nnen. Dann hat es ihm wohl gefallen, dass ich nicht lange gefackelt, sondern mich ohne gr\u00f6\u00dfere Bedenken mit dem Geist angelegt habe, nachdem Amadeus mir erkl\u00e4rt hat, wie ich das anstellen muss. Er hat mich drei Jahre ausgebildet, in dieser Zeit habe ich mit ihm zusammen gearbeitet und seit zwei Jahren bearbeite ich leichte F\u00e4lle selbstst\u00e4ndig. Allerdings werde ich Amadeus wohl hierher bitten, denn das hier k\u00f6nnte eine Nummer zu gro\u00df f\u00fcr mich sein. Ich habe noch lange nicht alles gelernt, was ich wissen muss, man k\u00f6nnte sagen, ich habe die Gesellenpr\u00fcfung bestanden, bis zum Meister ist es aber noch ein weiter Weg\u201c. Er hatte so \u00fcberzeugend gesprochen, dass niemand an seinen Worten zweifelte, auch wenn das alles schwer zu verdauen war. Den Rest des Vormittags wurde in angeregten Gespr\u00e4chen verbracht. Astrid hatte mitgeteilt, dass sie um drei Uhr Nachmittags eintreffen w\u00fcrde, also w\u00fcrden Marc und Natalie hier um ein Uhr losfahren. Aber leider w\u00fcrden sie nicht alleine sein, denn Reinhard und Kirsten hatten gebeten, mitkommen zu d\u00fcrfen. Kirsten hatte etwas wichtiges vergessen, was sie nun kaufen wollte und Reinhard wollte seine Schwester gerne pers\u00f6nlich abholen. \u201eNaja, was tags\u00fcber nicht geht, geht halt in der Nacht\u201c, dachte Natalie. Nach dem Mittagessen stiegen die Vier in Marcs Audi und fuhren los. Marc h\u00e4tte gerne Natalie neben sich gehabt, aber diesen Platz hatte Reinhard breit grinsend eingenommen. Marc musste unwillk\u00fcrlich an den nervigen kleinen Bruder seiner fr\u00fcheren Freundin denken, der hatte auch immer genau gewusst, wie er am effektivsten st\u00f6ren konnte. Einige Minuten sp\u00e4ter schwor Natalie, sich nie wieder \u00fcber Michaelas Fahrstil zu beschweren. Marc raste mit einer abartigen Geschwindigkeit die enge, gewundene Landstra\u00dfe entlang und wie sie an seinem begeisterten Gesicht im R\u00fcckspiegel sehen konnte, genoss er es zutiefst. Kirsten schien der Fahrstil ebenfalls zu gefallen, aber Reinhards Gesicht wurde etwas gr\u00fcnlich. Nur sein Stolz verhinderte, dass er Marc bat, etwas langsamer zu fahren. Als sie in der Stadt ankamen, fand Marc einen Parkplatz direkt vor dem Bahnhof. Da sie noch eine Stunde Zeit bis zu Astrids Ankunft hatten, beschlossen sie, einen kurzen Stadtbummel zu machen. Die Fu\u00dfg\u00e4ngerzone befand sich in unmittelbarer N\u00e4he des Bahnhofes und gleich das erste Gesch\u00e4ft war eine Drogerie, in der Kirsten verschwand. Nun konnten die anderen sich denken, was sie vergessen hatte und Reinhard lie\u00df es sich nicht nehmen, sie darauf anzusprechen: \u201eDu h\u00e4ttest doch sagen k\u00f6nnen, dass du Tampons brauchst, die h\u00e4tten wir doch mitbringen k\u00f6nnen. Welche Marke benutzt du denn?\u201c. \u201eDas geht dich einen Dreck an, Reinhard!\u201c, knurrte Kirsten, die es nicht besonders sch\u00e4tzte, dieses Thema mit Reinhard zu diskutieren. Er hob abwehrend die H\u00e4nde und sagte: \u201eSchon gut, ich wollte ja nur hilfsbereit sein. Und jetzt bist du sauer auf mich und l\u00e4sst dich auch bestimmt nicht mehr von mir auf ein Eis einladen\u201c. \u201eEis?\u201c, fragte Kirsten mit einer Spur Gier in den Augen. Kurz darauf schlenderten die Vier mit gut gef\u00fcllten Eiswaffeln durch die Fu\u00dfg\u00e4ngerzone. Marc und Natalie gingen Hand in Hand, was selbst Reinhard ohne eine dreckige Bemerkung hinnahm. Vielleicht war er auch einfach zu sehr von Kirsten in Anspruch genommen, denn sie schien ihm gegen\u00fcber nicht mehr so abgeneigt wie fr\u00fcher zu sein und unterhielt sich angeregt mit ihm. Bei Marc und Natalie ging es etwas schweigsamer zu, sie genossen ihre gegenseitige N\u00e4he und hatte keine Lust zu reden, sie sprachen nur, wenn Kirsten oder Reinhard sie etwas fragten. Aber umso mehr sprachen ihre Augen. Oft, wenn Kirsten und Reinhard in ein Schaufenster blickten, schauten sich Marc und Natalie einfach an. Eine ungeheure Spannung wuchs zwischen den beiden, was sie deutlich sp\u00fcrten und es auch genossen. Als sie kurze Zeit sp\u00e4ter den R\u00fcckweg antraten, gingen sie nicht mehr Hand in Hand. Marc hatte seinen Arm um ihre Schulter gelegt, w\u00e4hrend sie ihren Arm um seine H\u00fcfte gelegt und ihren Daumen in einer G\u00fcrtelschlaufe seiner Jeans eingehakt \u0001 \u0002 standen sie nun auch auf dem Bahnsteig, auf dem vor f\u00fcnf Minuten Astrids Zug h\u00e4tte einfahren sollen. Aber nun kam er und hielt an. Direkt vor ihnen \u00f6ffnete sich eine T\u00fcr des Zuges und Astrid stieg heraus. Sie sprang auf Marc zu und umarmte ihn fest, ihre Reisetasche hatte sie Reinhard in die Arme geschmissen. Erst nachdem sie Marc und auch Natalie herzlich begr\u00fc\u00dft hatte, wandte sie sich Reinhard zu: \u201eMein Br\u00fcderchen hat sich zu meinem Empfang eingefunden, ich fasse es nicht\u201c, sagte sie grinsend. \u201eEigentlich bin ich nur mitgefahren, um Kirsten beim Tampon kaufen zu helfen\u201c, gab er zur\u00fcck und zuckte unter Kirstens Rippensto\u00df zusammen. Astrid zwinkerte Kirsten verschw\u00f6rerisch zu und sagte: \u201eKirsten? Die Kirsten aus deiner Klasse? Die, wegen der du damals diese feuchten Tr\u00e4ume hattest?\u201c. Reinhard bekam einen Hustenanfall und die anderen erstickten fast vor lachen. Marc wusste, dass Astrid eine gro\u00dfe Klappe hatte und wunderte sich dar\u00fcber, dass ihr Bruder, der sie ja gut genug kennen musste, sie so herausgefordert hatte. Aber offenbar hatte er seine Lektion gelernt, er trug ohne zu protestieren die Reisetasche seiner Schwester, die sich bei Natalie und Kirsten eingehakt hatte. Die Drei schienen sich sehr zu m\u00f6gen, denn man h\u00e4tte meinen k\u00f6nnen, sie w\u00fcrden seit Jahren miteinander vertraut \u0001 \u0002 kannte Astrids Art zu Gen\u00fcge, sie war ein Mensch, der jedem sofort Vertrauen einfl\u00f6\u00dfte und er wunderte sich nicht \u00fcber die tratschenden Frauen. Er warf einen Blick auf den immer noch etwas steif wirkenden Reinhard und grinste ihn an. \u201eSelbst schuld, wenn du sie versuchst zu \u00e4rgern, du kennst sie doch, oder?\u201c. \u201eSchon gut, hab einen Fehler gemacht, aber das kriegt sie noch zur\u00fcck\u201c. \u201eUnd stimmt das wirklich mit den feuchten Tr\u00e4umen?\u201c, fragte Marc in einem beil\u00e4ufig interessierten Ton. Reinhards Antwort war ein vernichtender Blick, was Marc zum Grinsen brachte. Astrid zeigte sich sehr begeistert von Marcs Audi. \u201eWow, endlich hast du dir mal was anst\u00e4ndiges geg\u00f6nnt. Was hat er denn unter der Haube?\u201c, fragte sie. \u201eWirst du gleich sehen\u201c, antwortete Marc und warf Reinhard einen belustigten Blick zu, den Astrid genau verstand, wie ihr Kichern bewies. Sie raunte in Marcs Ohr: \u201eHat er gekotzt?\u201c. \u201eNein, aber sch\u00f6n gr\u00fcn ist er geworden\u201c, raunte er zur\u00fcck. Gr\u00fcn wurde er zur Belustigung seiner Schwester auch auf der R\u00fcckfahrt, aber zu Marcs Erleichterung kotzte er nicht. Die Fahrt ging dank Marcs z\u00fcgiger Fahrweise schnell, vor allem f\u00fcr die sich unterhaltenden Frauen. Als sie auf den Parkplatz fuhren, fragte Reinhard: \u201eWas ist das denn f\u00fcr ein alter Furz mit dem Bike?\u201c. In der Tat stand eine schwarze Harley auf dem Parkplatz, daneben stand ein alter Mann in Lederkluft. Er hatte seine langen grauen Haare zu einem Pferdeschwanz zusammen gebunden und h\u00e4ngte gerade seinen Helm an den Lenker. Marc stieg auf die Bremse und er stie\u00df verbl\u00fcfft hervor: \u201eWie kommt Amadeus denn hierher?\u201c. \u201eMit dem Motorrad\u201c, gab Astrid gespielt naiv Auskunft. Dann sagte sie: \u201eIch habe das Gef\u00fchl gehabt, dass wir ihn gebrauchen k\u00f6nnten. Also habe ich ihn angerufen, nachdem wir miteinander gesprochen haben\u201c. \u201eDann kann ich mir das ja sparen, ich habe auch schon vorgehabt, ihn zu rufen\u201c, sagte Marc. Amadeus l\u00e4chelte freundlich, als er sah, dass Marc in dem Audi sa\u00df. Er ging ihm entgegen und umarmte ihn fest. \u201eNa, Junge, hast nicht mit mir gerechnet, was?\u201c, dr\u00f6hnte er. \u201eNein, da hat Astrid mich sch\u00f6n \u00fcberrascht. Sch\u00f6n dass du da bist, ich h\u00e4tte dich sowieso angerufen. Ich glaube, hier k\u00f6nnen wir dich gut gebrauchen\u201c. Es stellte sich heraus, dass Amadeus gerade vor ihnen angekommen war. Also stellte Marc ihn erst einmal allen vor. Man war ziemlich begeistert von ihm, er wirkte trotz seines beachtlichen Alters sehr jugendlich, wozu sein Rocker-Outfit nicht unbetr\u00e4chtlich beitrug. Auch bewegte er sich sehr geschmeidig und hielt sich aufrecht. Als auch Astrid vorgestellt war, setzte man sich an den Tisch und trank Kaffee. Elena hatte mit Unterst\u00fctzung von Ellen und Dorothea einige leckere Kuchen gebacken, von denen zur Freude der B\u00e4ckerinnen nicht viel \u00fcbrig blieb. Reinhard machte mit einem lauten R\u00fclpser deutlich, wie gut es ihm geschmeckt hatte und Astrid verdrehte gequ\u00e4lt die Augen. \u201eM\u00f6chte jemand meinen Bruder adoptieren?\u201c, fragte sie in die Runde. \u201eWie viel l\u00e4sst du denn daf\u00fcr springen?\u201c, fragte Amadeus, der neben Astrid sa\u00df. \u201eMal sehen, was ich zusammen kratzen kann\u201c, antwortete sie. \u201eIch bin unbezahlbar!\u201c, t\u00f6nte Reinhard. \u201eJa, genau\u201c, meinte Astrid und erschauderte pl\u00f6tzlich. Auch Natalie schien etwas zu sp\u00fcren, sie schl\u00fcpfte unter Marcs Arm und ihr Gesicht entspannte sich \u0001 \u0002 Rest des Nachmittags wurde damit verbracht, Astrid und Amadeus zuzuh\u00f6ren, die einige ihrer Erlebnisse erz\u00e4hlten. In den Erz\u00e4hlungen tauchte auch immer wieder Marc auf und was sie \u00fcber ihn h\u00f6rten, machte sie stolz auf ihren Klassenkameraden. Dann besprach man, wie man weiter vorgehen sollte. Amadeus machte einige Vorschl\u00e4ge: \u201eErstens sollte Natalie in Marcs Zimmer ziehen, ich glaube kaum, dass es euch beide st\u00f6rt, oder?\u201c. Die beiden sch\u00fcttelten die K\u00f6pfe, was Amadeus mit einem Grinsen bedachte. Dann fuhr er fort: \u201eDes Weiteren werde ich mir ein Zimmer mit der liebreizenden Astrid teilen, damit wir im Fall der F\u00e4lle eingreifen k\u00f6nnen. Wenn jemand in der Nacht etwas seltsames h\u00f6rt oder sieht, dann kommt zu uns und wir k\u00fcmmern uns darum. Astrid wird Natalie etwas \u00fcber ihre F\u00e4higkeiten erz\u00e4hlen und mit ihrer Ausbildung beginnen. Und ich werde mit Marc zu diesem Tunnel gehen, den er heute Morgen entdeckt hat\u201c. \u201eIhr k\u00f6nnt ja mein Zimmer nehmen, das brauche ich nicht mehr\u201c, sagte Natalie, die ihre Begeisterung, mit Marc in einem Zimmer zu wohnen nicht ganz verbergen konnte. \u201eGut, schaffen wir dein Gep\u00e4ck zu Marc, w\u00e4hrend unsere Bettgenossen ihren Spaziergang absolvieren. Mein lieber Bruder wird sich wohl meiner Reisetasche annehmen, oder etwa nicht?\u201c, fragte Astrid und warf Reinhard einen warnenden Blick zu. \u201eJa ja\u201c, knurrte der und kam seiner Pflicht nach. Marc und Natalie verabschiedeten sich mit einem Kuss, der zwar eigentlich harmlos war, aber die Luft zum Brennen zu bringen schien. Als Marc und Amadeus au\u00dfer H\u00f6rweite waren, sagte der Letztere: \u201eDiesmal hast du kl\u00fcger gew\u00e4hlt, Junge. Natalie passt zu dir, im Gegensatz zu der Hohlbirne\u201c. Marc antwortete am\u00fcsiert: \u201eDu hast sie ja nie gemocht, vor allem, nachdem sie dich rausgeschmissen hat\u201c. \u201eGenau, und das v\u00f6llig grundlos\u201c. \u201eDu h\u00e4ttest vielleicht leiser sprechen sollen, als du ihr Essen kritisiert hast. Wie hast du dich nochmal ausgedr\u00fcckt? \u201aWie ertr\u00e4gst du nur den Schlangenfra\u00df dieser Giftmischerin?\u2019 Das waren doch deine Worte, oder?\u201c, fragte Marc grinsend. \u201eDas war noch h\u00f6flich ausgedr\u00fcckt. Und wie h\u00e4tte ich ahnen k\u00f6nnen, dass die Ohren wie ein Luchs hat? Muss an ihrer Hohlbirne liegen, da haben Schallwellen einen guten Resonanzk\u00f6rper\u201c. Marc lachte schallend und klopfte Amadeus freundschaftlich auf die Schulter. \u201eHast ja recht gehabt, Alter\u201c, gluckste \u0001 \u0002 sie einige Minuten sp\u00e4ter vor dem vergitterten Tunneleingang standen, kraulte Amadeus nachdenklich seinen Bart und brummte: \u201eWir werden morgen hier rein gehen. Was meinst du, ob Sergej Werkzeug besitzt?\u201c. \u201eKeine Ahnung, fragen wir ihn doch einfach\u201c. \u201eOkay, gehen wir zur\u00fcck, hier k\u00f6nnen wir jetzt nichts tun\u201c. Sie gingen langsam zur\u00fcck zum Gasthof und Amadeus am\u00fcsierte sich heimlich \u00fcber Marc, der auffallend viel \u00fcber Natalie sprach.",
            "wordcount": "3.883",
            "chapter_release": "13.09.2008",
            "chapter_number": "4"
        }
    },
    "title": "Klassentreffen",
    "topic": "unspecified",
    "release": "\n13.09.2008\n\t\t\t\t\t\t",
    "author": "Bodia"
}