{
    "tags": [],
    "chapcount": "7",
    "wordcount": "10.226",
    "chapters": {
        "1": {
            "text": "Kapitel 1- Der erste KussKain war ein ganz normaler Junge\u2026Er war ein stattlicher Junge mit rotblondem Haar. In der Schule war er \u00fcberdurchschnittlich begabt, aber unter seinen Kameraden sehr beliebt. Es gab ein M\u00e4dchen, das er sehr toll fand. Sie hie\u00df \u0001 \u0002 stammte aus einer Familie voller gottesgl\u00e4ubigen Menschen, obwohl er selber nie an Gott \u0001 \u0002 verachtete die Kirche, weil sie den Leuten das Geld aus den Taschen zog und nichts daf\u00fcr \u0001 \u0002 schon stritt er sich mit seiner Mutter, weil er sich weigerte anzuerkennen, dass es Gott gibt. \u201eEr ist halt ein jugendlicher moderner Junge.\u201c, sagte der Vater immer, doch die Mutter wollte nicht dass er eines Tages auf die schiefe Bahn ger\u00e4t.\u201eWenn er mit uns beten kommen w\u00fcrde! Wenigstens einmal pro Woche!\u201cAber die Gebete der Mutter blieben \u0001 \u0002 die Eltern des jungen Kain- seinen Namen verdankte er ebenfalls der Bibel- herausfanden, dass Kain eine Freundin hatte und er sich mit ihr auch noch treffen wollte, brach endg\u00fcltig der die Geduld der Mutter.\u201eDu triffst dich nicht mit der!\u201c, schrie sie, \u201eSie ist bestimmt Atheistin! Mit so was gibt sich mein Sohn nicht ab! Solange du hier wohnst wirst du dich nicht mit Solchen abgeben!\u201c\u201eAber Mama! Ich liebe sie! Und au\u00dferdem diskriminierst du die Atheisten total!\u201c, sagte Kain und zeigte w\u00fctend auf seine \u0001 \u0002 trotz allen Verboten und Drohungen nahm Kain den Befehl seiner Mutter nicht \u0001 \u0002 traf sich trotzdem mit Sue. (\u201eAllein schon der Name!\u201c, sagte die Mutter geringsch\u00e4tzig, als Kain ihn im Streit erw\u00e4hnte)Nach dem Streit verhielt Kain sich sehr passiv und erw\u00e4hnte Sue nicht \u0001 \u0002 eines Tages, als die Eltern wieder in der Kirche waren, schlich er sich raus um Sue zu \u0001 \u0002 beschloss nicht zu lange zu bleiben, weil er nicht wusste wann seine Eltern wiederkommen \u0001 \u0002 er bei Sue ankam gingen sie sofort in ihr Zimmer. Am Anfang redeten sie miteinander und l\u00e4sterten gemeinsam \u00fcber Kains \u0001 \u0002 aber wurde es still\u2026Kain wusste was es zu bedeuten hatte- Sue wollte ihn \u0001 \u0002 er war sich nicht im Klaren dass es kein normaler Kuss sein \u0001 \u0002 sie sich langsam aufeinander zu bewegten sp\u00fcrte Kain ein merkw\u00fcrdiges Kribbeln im \u0001 \u0002 wusste sofort, dass er total verliebt war in dieses \u0001 \u0002 dann bevor sich ihre Lippen ber\u00fchrten f\u00fchlte er einen unbeschreiblichen Schmerz am \u0001 \u0002 hatte ihn, vor dem Kuss, an seinem Kopf vorbei, direkt in seinen Hals \u0001 \u0002 sp\u00fcrte wie er schw\u00e4cher \u0001 \u0002 versuchte sie wegzudr\u00fccken doch er brachte die Kraft nicht mehr \u0001 \u0002 wurde schwarz um ihn \u0001 \u0002 f\u00fchlte sich an als w\u00fcrde er einen unendlich langen Tunnel \u0001 \u0002 schlug er auf dem Boden \u0001 \u0002 wachte auf und fand sich auf dem Boden wieder, wo er sich zuvor noch mit Sue hatte k\u00fcssen \u0001 \u0002 jetzt stand sie \u00fcber ihm. Sie l\u00e4chelte \u0001 \u0002 machte den Mund auf und sagte: \u201eAah der junge Vampir ist wieder wach? Na egal! Du wirst mir jetzt ganz genau zuh\u00f6ren! Also\u2026 Du hast Gl\u00fcck, dass du den Namen des ersten Vampirs tr\u00e4gst. Aber sei\u2019s drum! Ich habe dich am Leben gelassen damit du mir ein wenig dienen \u0001 \u0002 du mir widersprichst\u201c, sagte sie als Kain den Mund aufmachte, \u201edu kannst dich mir nicht widersetzen! Ich bin dein Meister! Und der Diener kann sich dank uralter Magie nicht dem Meister widersetzen! Bevor ich dich wieder nach hause schicke, werde ich dir einige Dinge erkl\u00e4ren m\u00fcssen\u2026 Als erstes: Du musst ab jetzt des \u00d6fteren Blut zu dir nehmen. Zweitens: Du wirst den Tag hassen! Wir Vampire sind Sklaven der Nacht und somit auch an sie gebunden. Doch du hast Gl\u00fcck das ich ein st\u00e4rkerer Vampir bin. Durch mich hast du die F\u00e4higkeit auch bei Tag durch die Stra\u00dfen zu ziehen. Doch als erstes wirst du dich an die Sonne gew\u00f6hnen m\u00fcssen. Und drittens das allerwichtigste: Versuche niemals, ich wiederhole: NIEMALS\u201c, sie wiederholte das Wort mit Nachdruck, \u201edich selbst zu t\u00f6ten!\u201c Sie sch\u00fcttelte den Kopf. \u201eWarum sollte ich \u00fcberhaupt irgendwas von dem glauben was du sagst?!\u201cSie fing an laut zu lachen: \u201eDu bist nicht der erste der mich das gefragt hat! Glaub mir lieber gleich! Sonst wirst du in 2 Stunden wieder angekrochen kommen und um Hilfe betteln! Allerdings lass ich dich auch gerne in dein Verderben laufen!\u201c Sie ging zur T\u00fcr und \u00f6ffnete sie.\u201eDacht ich es mir doch! Ich gebe dir von heute an eine Woche Zeit dich an dein neues Dasein zu gew\u00f6hnen\u2026 danach kommst du zu mir. Und denke nicht einmal daran nicht zu kommen!\u201cEr bemerkte erst jetzt, dass Augen rot und voller Abscheu waren.\u201eIch werde dich finden. EGAL wo du bist! Und wenn du fliehst wird ich dich bestrafen m\u00fcssen. Du willst nicht, das das passiert.\u201cBei diesen Worten l\u00e4chelte sie gen\u00fcsslich. Dann ging sie abermals zur T\u00fcr hielt sie auf und befahl ihm zu \u0001 \u0002 hause konnte er gar nicht glauben was gerade passiert war. Seine Freundin Sue- ein blutr\u00fcnstiger Vampir?Er ging ins Bad um sich ein wenig Wasser ins Gesicht zu schmei\u00dfen, als er den Spiegel erblickte\u2026 Dort war kein Spiegelbild mehr! \u201eDas\u2026 Das\u2026 kann\u2026 doch nicht wahr sein!\u201c, stammelte \u0001 \u0002 h\u00f6rte er das Schloss im Flur klicken. Seine Sinne schienen auf einmal viel besser zu funktionieren\u2026Doch wie sollte er es seinen Eltern erkl\u00e4ren? Er hatte nun rote Augen! Sie w\u00fcrden denken er kiffe, aber die R\u00f6te w\u00fcrde nie mehr weggehen\u2026Er ging zu seinen Eltern um sie zu begr\u00fc\u00dfen. \u201eHi!\u201c, sagte er gespielt gut \u0001 \u0002 antworteten: \u201e Na Kain! Wir machen dann jetzt Abendbrot. Hilfst du uns den Tisch zu decken?\u201c\u201eIch hab keinen Hunger!\u201c, gab er schnell zur\u00fcck. \u201eZumindest nicht auf das!\u201c, dachte er still in seinem Kopf. Doch die Gedanken schienen die eines anderen zu sein. Sie f\u00fchlten sich nicht an wie \u0001 \u0002 ging hinauf in sein Zimmer, legte sich aufs Bett und dachte: \u201eMann, ist das ungem\u00fctlich!\u201cEr wusste nicht das Vampire sich zum in einen Sarg legen mussten, um gem\u00fctlich zu \u0001 \u0002 w\u00fcrde er niemals zu dieser Person zur\u00fcckgehen\u2026Sue war f\u00fcr ihn gestorben! Sie bluffte doch nur damit, dass sie wusste wo er \u0001 \u0002 allm\u00e4hlich wurde er m\u00fcde und schlief \u0001 \u0002 Bilder schwirrten in seinem Kopf herum. Bilder von Dingen die er nie erlebt \u0001 \u0002 schien beinahe so, als h\u00e4tte er Visionen. Er tr\u00e4umte von einer Person, eindeutig m\u00e4nnlich, die an einer Art Altar \u0001 \u0002 dem Altar lag- eine Person- blut\u00fcberstr\u00f6mt. Der Mann murmelte finstere \u0001 \u0002 klangen wie eine Beschw\u00f6rung. Er konnte dem Traum einfach nicht \u0001 \u0002 drehte sich der Mann um! Es war er selbst! Kain stand an dem Altar und opferte dieses \u0001 \u0002 wachte der echte Kain auf. \u201eEs war blo\u00df ein Traum!\u201c, dachte er \u0001 \u0002 schaute auf den Wecker. Es war 7 Minuten nach um 8- Zeit f\u00fcrs \u0001 \u0002 der K\u00fcche bemerkte er, dass seine Eltern den Tisch schon gedeckt hatten. Obwohl er jetzt all das Essen sah, versp\u00fcrte er keinen \u0001 \u0002 da holte ihn die schreckliche Realit\u00e4t wieder ein. Es war kein Traum gewesen. Sue hatte ihn wirklich gebissen und zum Vampir gemacht.\u201eMann sieht Kain krank aus!\u201c, h\u00f6rte Kain seinen Vater sagen.\u201eWas?\u201c, fragte Kain. \u201eIch hab nichts gesagt!\u201c \u201eIch auch nicht!\u201c, sagten seine Eltern.\u201eAber sag! Stimmt etwas mit dir nicht? Du siehst so blass aus.\u201c, fragte die Mutter mit leichter Besorgnis in der Stimme.\u201eNein es ist alles in Ordnung! Aber danke der Nachfrage.\u201c, sagte Kain und fing an zu l\u00e4cheln, \u201eIch frage mich blo\u00df ob ihr mich heute wom\u00f6glich mit in die Kirche nehmen k\u00f6nntet?\u201cDie Mutter sah aus, als h\u00e4tte man ihr eine verpasst. Sie fing sich allerdings schnell wieder und fing an zu strahlen. \u201eDu kommst mit in die Kirche? Das ist ja wunderbar! Ich freu mich so, das du dich doch noch dazu durchgerungen hast, einmal mitzukommen.\u201c, sagte sie und nahm ihren Sohn in die \u0001 \u0002 12 Uhr gingen sie dann gemeinsam in die \u0001 \u0002 sa\u00dfen auf allen B\u00e4nken schon Leute, die er allerdings nicht kannte.\u201eDer Herr sei gepriesen! Dass ich das noch erleben darf! Kain ist wieder in die Kirche zur\u00fcckgekehrt. Ich bin stolz auf dich mein Junge. Unser allm\u00e4chtiger Gott wird dir verzeihen, dass du so lange Zeit untreu warst!\u201c, sagte Priester Gotthard, der pl\u00f6tzlich aus der Menge auftauchte. \u201eDanke, aber ich bin eigentlich nur hier um sie zu Fragen, ob ich nach der Messe mit ihnen sprechen k\u00f6nnte.\u201c, unterbrach er den Priester bevor er weiter schwafeln konnte. \u201eMit\u2026 mir sprechen? Was gibt es zu besprechen?\u201c, fragte er neugierig. \u201eDas werden sie dann schon erfahren!\u201c, antwortete er \u0001 \u0002 Messe begann. Priester Gotthard begann mit seinen \u00fcblichen Reden \u00fcber ihren so genannten \u201eGott\u201c. Dann als er alle Beteiligten segnete f\u00fchlte Kain ein merkw\u00fcrdiges Stechen in der Brust. Doch der Schmerz lie\u00df bald nach. Er wusste das die Messe nun vorbei \u0001 \u0002 ging nach vorne und der Priester zeigte ihm, dass er ihm folgen \u0001 \u0002 gingen in einen Hinterraum der Kirche wo alles mit kreuzen und anderen heiligen Artefakten ausstaffiert war. Der Priester bat Kain sich auf einen Stuhl zu setzen.\u201eAlso Kain, mein Junge. Was hast du auf dem Herzen?\u201c, fragte der Priester.\u201eAlso ich war gestern bei meiner Freundin zu besuch und als ich da war, tat sie etwas Komisches!\u201c, begann er. Der Priester fing an zu lachen. \u201eNun ich bef\u00fcrchte, das nennt sich k\u00fcssen.\u201c, sagte der Priester, doch wie Recht er hatte wusste er nicht.\u201eNun ja\u2026 nicht direkt\u2026 Wir wollten uns k\u00fcssen\u201c, f\u00fchrte Kain fort, \u201eaber dann hatte sie mir in den Hals gebissen!\u201c Dem Priester stockte der Atem. Er schaute Kain auf den Hals und sah die zwei Punkte- die Bisswunden. Er bewegte sich instinktiv von ihm weg.\u201eWas ist mit mir? Warum schauen se mich so an?\u201c, fragte Kain \u00e4ngstlich. Der Priester schrie nur: \u201eWeiche von mir! Du Kreatur der H\u00f6lle!!!\u201cKain sp\u00fcrte wie die Angst wich und dem Zorn Platz machte. Er konnte sich nicht mehr kontrollieren, als er auf den Priester zusprang der wie gel\u00e4hmt auf seinem Stuhl \u0001 \u0002 Priester war nicht einmal mehr in der Lage sich zu verteidigen oder zu \u0001 \u0002 riss ihn mit einem Hieb den halben Bauch ab. Das Blut spritzte nun auf den ganzen Sessel, wo der Priester sa\u00df. Dann schlug Kain noch ein zweites Mal zu. Dieses Mal schlug er mit voller Kraft in die Herzgegend. Dort wo eigentlich das Herz des Priesters sein sollt war nun nur noch ein Loch von der Gr\u00f6\u00dfe einer Faust. Kain gewann allm\u00e4hlich wieder die Kontrolle \u00fcber sich wieder. Nun als er sah was er getan hatte, rannte er hinaus zu seinen Eltern. Auf die Frage warum er so zerzaust aussah, antwortete er nur, dass durch den Sprint gerade eben kam.",
            "wordcount": "1.801",
            "chapter_release": "26.12.2006",
            "chapter_number": "1"
        },
        "2": {
            "text": "Kapitel 2- Das DilemmaDie Tage schwanden. Mittlerweile hatte man den toten K\u00f6rper des Priesters \u0001 \u0002 war der T\u00e4ter noch nicht gefasst worden. Die Polizei fragte sich nur was so eine Kraft aufwenden konnte, einen K\u00f6rper zu durchbohren und ein faustgro\u00dfes Loch zu \u0001 \u0002 versicherte seinen Eltern, dass der Priester auf jeden Fall noch in Ordnung war als er gegangen \u0001 \u0002 war alles schon 6 Tage her und Kain wusste was es zu bedeuten \u0001 \u0002 musste wieder zu \u0001 \u0002 seinen Eltern sagte er nur, dass er zu einem Kumpel ginge, um dessen neue Konsole \u0001 \u0002 er bei Sue ankam, erwartete sie ihn \u0001 \u0002 war nun nicht mehr das h\u00fcbsche M\u00e4dchen, in das er verliebt war. Sie sah nun arrogant und eingebildet aus und schaute sehr geringsch\u00e4tzig auf ihn hinab.\u201eAh! Du bist von allein gekommen?! Sehr klug\u2026Nun ja wollen wir dann anfangen?\u201c, fragte Sue als sie ihn erblickte. \u201eWomit denn anfangen?\u201c, fragte Kain und tausende von Ideen schwirrten durch seinen Kopf. \u201eNa mit dem Training!\u201c\u201eTraining?\u201c\u201eJa, Training! Ich will doch keinen so schwachen Diener haben. Obwohl du ja so schwach nicht bist, wenn ich bedenke was du mit dem Priester gemacht hast. Ja ich wei\u00df alles was du tust!\u201c, bemerkte sie nur am Rande, als Kain verdutzt dreinschaute, \u201eaber ich find es gut. Mit ein bisschen \u00dcbung, lernst du diese Seite von dir zu kontrollieren und zu \u0001 \u0002 nun\u2026 zur ersten \u00dcbung.\u201c Sie holte einen versiegelten Umschlag heraus, den sie Kain gab. \u201eLies ihn noch nicht hier!\u201c, mahnte sie ihn, als er ihn aufmachen wollte, \u201eDu hast\u2026 sagen wir\u2026 3 Tage Zeit dies zu erledigen. Das sollte vollkommen ausreichen. Und solltest du es vermasseln, \u201c, sie ging nun n\u00e4her auf ihn zu und schaute ihm nun direkt ins Gesicht, \u201ewerde ich dich 5 Teile hacken und dann meinen Hunden geben! Aber nun werde ich dich ein wenig unterrichten. Komm mit!\u201c, befahl sie und sie gingen aus ihrem Zimmer in den \u0001 \u0002 ber\u00fchrte ein St\u00fcck der Wand und es tat sich, unter lauten Ger\u00e4uschen ein geheimer Raum \u0001 \u0002 gingen hinein und dort standen \u00fcberall Regale voll mit \u0001 \u0002 sp\u00fcrte, dass Magie von diesem Ort ausging.\u201eDu sp\u00fcrst es? Deine Sinne sind au\u00dferordentlich scharf, f\u00fcr dein Alter! Warum ich wei\u00df was du denkst?\u201c, fragte sie als er sie verwirrt ansah, \u201eDu wirst es vielleicht schon mitbekommen haben, aber du kannst jetzt Gedanken lesen. Das ist nur eine der arten von Vampirmagie.\u201c\u201eMagie?\u201c, fragte Kain.\u201eJa Magie. Diese B\u00fccher sind voll von Magie. Und obwohl ich schon 135 Jahre alt bin\u2026\u201c, sagte sie und Kain war geschockt wie er eine 135 Jahre alte Frau so h\u00fcbsch finden konnte, \u201eVampirk\u00f6rper altern nur sehr langsam und schlie\u00dflich wenn wir den K\u00f6rper eines Erwachsenen erreicht haben, h\u00f6ren wir auf zu altern. Wo war ich stehen geblieben? Ach ja! Obwohl ich schon so alt bin, kenn ich nicht einmal eine drittel dieser Zauber. Aber du scheinst schnell zu begreifen. Machen wir einen Test!\u201cSie ging auf eines der Regale vor und zog ein Buch heraus, kam dann wieder zur\u00fcck und gab es ihm. Er schlug es auf und begann zu lesen. Obwohl diese Sprache in Zeichen geschrieben war, die er noch nie gesehen hatte, verstand er alles was dort stand.\u201eDacht ich es mir!\u201c, sagte Sue. \u201eDu kannst alles lesen, nicht wahr?\u201c, fragte sie ihn.\u201eIch verstehe jedes Wort! Doch wie kann das sein?\u201c\u201eVielleicht bis du der\u2026 \u00c4hm, nicht so wichtig!\u201c, sie fing an zu l\u00e4cheln, um das zu vertuschen was sie eben sagte, \u201eWir fangen n\u00e4chste Woche an deine k\u00f6rperlichen Kr\u00e4fte zu \u0001 \u0002 k\u00f6nnen sich n\u00e4mlich so schnell bewegen, dass das menschliche Auge nicht mehr hinterher kommt. Aber zuerst f\u00fchre deinen Auftrag aus!\u201c, befahl sie.\u201eWir sehen uns dann morgen! Deinen Auftrag werde ich in Nullkommanichts ausgef\u00fchrt haben!\u201c, gab er an. Aber Sue lachte nur kurz. \u201eWenn du dich da mal nicht irrst!\u201c, dachte \u0001 \u0002 dem Weg nach hause, dann geschah es, er bekam er Hunger. Und diesmal konnte er sich nicht so einfach dagegen wehren. Da stand ein kleines junges M\u00e4dchen. Gesch\u00e4tzte 10 \u0001 \u0002 sah sie gierig an. Eine Macht in seinem K\u00f6rper gewann wieder die \u0001 \u0002 war dunkel, also hatte er nichts zu bef\u00fcrchten. Er schnappte sich das M\u00e4dchen, dr\u00fcckte seine Hand auf ihren Mund und schleifte sie in eine Seitengasse. Dort rammte er seine Z\u00e4hne tief in ihren Hals. Er f\u00fchlte ein grimmiges Vergn\u00fcgen dabei dieses M\u00e4dchen \u0001 \u0002 bisschen Blut lief aus seinen Mundwinkeln. Dann war das M\u00e4dchen leer. Ihre Augen waren komplett ausdruckslos. Sie war tot. Er gewann wieder die Kontrolle \u00fcber seinen K\u00f6rper. Es war wie nach der Attacke auf den Priester. Da lag dieses kleine M\u00e4dchen, tot. Und nur er wusste wie es gestorben war. Er h\u00f6rte Schritte. Sofort rannte er los um nicht gesehen zu \u0001 \u0002 Minuten sp\u00e4ter klingelte es an der T\u00fcr von Kains Eltern. \u201eAh, Kain! Da bist du ja! Du kommst gerade recht. Es gibt Essen. Aber\u2026 Das ist ja Blut!\u201c, sie deutete auf sein Gesicht. \u201eWas ist passiert? Ich rufe sofort die Polizei!\u201c \u201eMAMA! Es ist Nichts! Ich bin blo\u00df hingefallen.\u201c, schrie \u0001 \u0002 dieser Antwort gab sich die Mutter erst einmal zufrieden. Doch am n\u00e4chsten Tag las sie in der Zeitung und ihr stockte der \u0001 \u0002 auf der Titelseite stand, dass ein kleines M\u00e4dchen von 10 Jahren tot in einer Seitenstra\u00dfe aufgefunden wurde. V\u00f6llig blutleer, laut \u0001 \u0002 Mutter rief Kain zu sich. \u201eWei\u00dft du etwas davon? Im Artikel steht ungef\u00e4hr die Zeit wo du drau\u00dfen unterwegs warst. Du hast nichts geh\u00f6rt oder?\u201c, fragte die Mutter.\u201eNein! Du wei\u00dft, dass ich niemals so was tun w\u00fcrde! Und geh\u00f6rt hab ich auch nichts!\u201c, schrie er \u0001 \u0002 wurde w\u00fctend, verlie\u00df den Tisch und ging in sein Zimmer. Er wusste nicht warum er w\u00fctend \u0001 \u0002 nahm sich jetzt zum ersten mal den versiegelten Umschlag von \u0001 \u0002 \u00f6ffnete er ihn und zog einen Zettel aus dem \u0001 \u0002 war sofort geschockt als er las was auf dem Zettel \u0001 \u0002 stand in kleiner ordentlicher Schrift:Dein erster Auftrag lautet:T\u00f6te deine Eltern!Sie sind dir ab heute nur noch im Weg\u2026Er sagte sich sofort, dass er es keinen Falls tun \u0001 \u0002 hatte er auch Angst, was Sue mit ihm machen w\u00fcrde. Sie hatte gesagt sie w\u00fcrde ihn t\u00f6ten\u2026Immerhin waren sie seine Eltern. Er wollte aber auch weiter die Vampirmagie erforschen und st\u00e4rker werden. Was sollte er blo\u00df tun?Am anderen ende der Stadt sa\u00df Sue in der geheimen Bibliothek und bemerkte den Konflikt der sich im Innern von Kain abspielte. \u201eAh, dann wird er den Auftrag wohl endlich gelesen haben\u201c, dachte sie stumm und lachte.\u201eDoch habe ich keine Bedenken, dass er es tun wird.\u201c, dachte sie lachte noch lauter als vorher.",
            "wordcount": "1.132",
            "chapter_release": "26.12.2006",
            "chapter_number": "2"
        }
    },
    "title": "Kuss der Nacht",
    "topic": "unspecified",
    "release": "\n26.12.2006\n\t\t\t\t\t\t",
    "author": "Lust for Blood"
}