{
    "tags": [],
    "chapcount": "6",
    "wordcount": "14.702",
    "chapters": {
        "1": {
            "text": "Hallo, willkommen zu 43 Stunden. Die Idee hierzu stammt aus dem Forum und die Grundz\u00fcge der Vorraussetzungen sind dort, mehr oder weniger, im Nachtschw\u00e4rmer-Thread zu finden.( Seite 81 - 85, wer nachlesen will.) Nat\u00fcrlich musste ich den dort vorgestellten Oma-Typ ein wenig anpassen, aber ich habe fast alles was dort zur Sprache kam, mit rein gebracht.... Ideengeberin ist die liebe \u0001 \u0002, dass war's von meiner Seite. Viel Spa\u00df! ****** Der Regen malte verschwommene Bilder an die Scheibe. Leise prasselten die feinen Tropfen dagegen und wurden dann vom Fahrtwind in ihrem Lauf gest\u00f6rt. Der Motor brummte gleichm\u00e4\u00dfig, das Radio lief. Im Auto war es warm, in jedem Fall w\u00e4rmer als drau\u00dfen im Regen eines grauen Oktobertages. \"Jetzt macht nicht so ein Gesicht.\" versuchte der Vater der Geschwister das Schweigen brechen, bekam aber nur von Beiden einen finsteren Blick, ehe sie ihr Gesicht wieder zum Fenster wandten. \"Hey...\" begann die Mutter so einf\u00fchlsam wie m\u00f6glich und drehte sich auf ihrem Sitz um. \"Ich wei\u00df, dass euch das nicht gef\u00e4llt. Aber es sind noch nicht einmal zwei Tage.\" \"Mehr als zwei Tage zu viel.\" brummte der Junge und seine Schwester nickte. \"Aber ihr k\u00f6nnt nicht mitkommen. Der Gerichtstermin dauert nunmal und ihr k\u00f6nnt doch nicht den ganzen Tag im Hotelzimmer bleiben.\" \"Dir ist schon klar, dass ich f\u00fcnfzehn bin, Mum? Ich kann mich alleine durch eine fremde Stadt bewegen und erst recht auf meinen kleinen Bruder aufpassen.\" \"Tut mir leid. Es geht nicht. Das haben wir doch schon besprochen.\" \"Warum m\u00fcssen wir dann zu Oma Daniela?\" \"Ihr Haus ist echt wie ein Hexenhaus!\" \"Wir wohnen da mitten in der Ein\u00f6de!\" \"Ich wette, wir m\u00fcssen drei Tage lang Kohl essen!\" \"Wir sind nur bis \u00fcbermorgen Mittag da, du Trottel.\" \"Super, Streberschwester. Ich muss sie den ganzen Tag ertragen- das ist nicht fair!\" \"Ruhe!\" donnerte der Vater schlie\u00dflich dazwischen. \"Ich wei\u00df, euch gef\u00e4llt das nicht und das eure Gro\u00dftante anstrengend sein kann.\" \"Sie zwingt uns sie Oma zu nennen.\" murmelte Natalie leise. \"Sie soll die Finger von meinen Wangen lassen.\" kam es postwendend von ihrem Bruder Lukas. Ihr Papa seufzte leise und beschloss es zu ignorieren. \"Aber ihr seid dort gut aufgehoben und Mittwoch holen wir euch gegen eins ab.\" Er setzte den Blinker und bog in eine lange Auffahrt ein. Kurz mussten sie warten, w\u00e4hrend ihre Mutter mit einem Schirm bewaffnet, das Tor \u00f6ffnete und nachdem sie durchgefahren waren, wieder zu schob. Sanfte H\u00fcgel und kleinere Weiher s\u00e4umten die unbefestigte Stra\u00dfe. Nach wenigen Minuten wurden die B\u00e4ume immer zahlreicher, bis sie durch ein kleines W\u00e4ldchen fuhren. Erlen, Weiden und Birken bildeten mit der Sandstra\u00dfe eine Allee. \"Hier ist es sehr feucht, also wird sich morgens Nebel bilden.\" Ihre Mutter l\u00e4chelte ein wenig.\" Das ist ganz nat\u00fcrlich, ihr braucht euch nicht zu f\u00fcrchten.\" \"Mum! Wir sind keine Kleinkinder mehr!\" Seine Schwester sch\u00fcttelte dar\u00fcber nur den Kopf und sp\u00e4hte durch den Regen hinaus. Tats\u00e4chlich konnte sie schon die Umrisse des Hauses ausmachen. Es wuchs immer mehr, bis es das gesamte Fenster einnahm. Im altgotischen Stil gehalten lie\u00df es einem mit dem dunklem Holz und der abbl\u00e4tternden Farbe einen Schauer \u00fcber den R\u00fccken laufen. Die gerade im oberen Teil dreckigen Fenster und leeren Fensterbretter gaben der Villa tats\u00e4chlich etwas von einem Hexenhaus. Ihr Vater parkte kurz davor. \"Wir kommen nicht mit rein, wir m\u00fcssen die Zeit vom Stau aufholen.\" \"Peter! Daf\u00fcr wird auch noch Zeit sein.\" Natalie verdrehte die Augen: \"Fahrt nur weiter. Wir werden schon nicht gefressen werden, Mum.\" \"Ja.\" setzte ihr Bruder hinzu. \"Wir sind schon gro\u00df.\" \"Oh ja. Vorallem du.\" murmelte Natalie ironisch, stieg aus dem Wagen und rannte mit ihrer Sporttasche zur Veranda ins Trockene. \"Bis Mittwoch dann!\" Dann sprang auch er aus dem Wagen und lief zu dem Haus. \"Mensch, ey.\" murrte er da sofort- offenlassend ob er den Regen oder die Situation allgemein meinte. Seine Schwester hingegen dr\u00fcckte auf den Klingelknopf. \u0001 \u0002 stand in schlichter schwarzer Schrift auf schon gelblichem Papier. Unangenehm schrill klang der Ton durch die T\u00fcr zu ihnen hinaus. Natalie sah auf die Uhr. Es war \u0001 \u0002 Uhr.",
            "wordcount": "734",
            "chapter_release": "01.08.2011",
            "chapter_number": "1"
        },
        "2": {
            "text": "Hallo, sch\u00f6n, dass ihr \u0001 \u0002 l\u00e4ngerer Wartezeit als geplant gehts mit 43 Stunden \u0001 \u0002 fehlte einfach ein wenig Inspiration, aber jetzt habe ich das n\u00e4chste Kapitel schon angefangen. Es besteht also Hoffnung :) .Ich bedanke mich f\u00fcr die Favoriteneintr\u00e4ge und hoffe, ich werde euren Erwartungen \u0001 \u0002. Lasst euch herzlich von Daniela Warfy begr\u00fc\u00dfen!**********\"Klingel nochmal!\" befahl Natalie ihrem Bruder Lukas, da sie immernoch auf der Veranda \u0001 \u0002 regnete Bindf\u00e4den hinter ihnen und in regelm\u00e4\u00dfigen Abst\u00e4nden platschte ein Tropfen auf das Holzgel\u00e4nder. Mit etwas Fantasie konnte man noch die Verzierungen im dunklen Material erkennen, jetzt war alles verwittert. Von unten rankte sich Moos den Pfosten empor, mitten in einem Emblem war sogar ein gro\u00dfer Rest.\"Mir ist kalt.\" maulte der Junge und dr\u00fcckte zweimal kr\u00e4ftig auf die Klingel. \"Sie sollte den Ton lauter stellen, wenn sie so schwerh\u00f6rig ist.\"Als Antwort bekam er nur ein Schulterzucken und als sich immernoch nichts tat, begann er kr\u00e4ftig gegen das Holz zu klopfen. Nach kurzer Zeit gab er auf und lehnte die Stirn gegen das Holz.\"Das f\u00e4ngt ja echt super an. Wetten, dass sie nichtmal einen Fernseher hat? Und dabei spielt morgen Arsenal gegen Chelsea. Das wollte ich unbedingt sehen.\"\"Ppf. So wichtig ist Fu\u00dfball nun auch wieder nicht.\" Sie lehnte sich gegen die Wand und begann mit den Fingern an der Fassade zu trommeln. \"Du wei\u00dft schon, wie bescheuert du in der Haltung aussiehst?\"Eine Antwort w\u00fcrde sie nie erhalten, denn genau in dem Moment \u00f6ffnete sich die T\u00fcr und ihr Bruder stolperte ins Innere.\"Was ist denn das f\u00fcr ein Verhalten!\" kam unverkennbar die Stimme ihrer Gro\u00dftante aus dem Flur.\" So etwas ist absolut unh\u00f6flich. So kannst du dich doch nicht benehmen? Wie erzieht dich Peter denn?\"Natalie h\u00f6rte wie ihr Bruder entschuldigte und schnappte sich die Taschen um ebenfalls endlich ins Innere zu gelangen.\"Und dann l\u00e4sst deine Schwester auch noch die Taschen tragen! Was bist du denn f\u00fcr ein Mann!\" Eine erneute Entschuldigung von Lukas und seine gro\u00dfe Schwester entschloss sich einzugreifen. Es war ja doch ihr Bruder.\"Schon okay, Oma. Er hat sie auf die Veranda getragen, ich bringe sie nur rein.\"Ein schwaches L\u00e4cheln erschien auf dem faltigen Gesicht, als ihre Gro\u00dftante zu ihr trat und ihr- das war unvermeidlich- in die Wange kniff.\"Du bist ein gutes M\u00e4dchen, Natalia.\" Diese Bewegung wurde noch grotesker, da sie einen Kopf kleiner als ihre Nichte war.\"Ich hei\u00dfe Natalie, Oma.\" Nur mit M\u00fche gelang es ihr ein Augenverdrehen zu vermeiden.\"Sagte ich doch, sagte ich doch. Und nun kommt, das Abendessen ist fast fertig.\"Lukas nahm pflichtschuldig die Taschen und freute sich innerlich, dass er durch sein kleines Missgeschick der Begr\u00fc\u00dfung entkommen war. Zumindest musste seine Wange nicht leiden.\"Was gibt es denn leckeres, Oma?\" erkundigte er sich und l\u00e4chelte ein wenig \u0001 \u0002 nat\u00fcrlich. Das ganze Haus roch danach und seine Gro\u00dftante ebenfalls. Sie waren zweimal im Jahr hier und jedes Mal gab es diesen ekelhaften Eintopf.\"Oh, W\u00fcrstchen und Brot. Und ich habe auch Ketchup f\u00fcr euch. Ach, wo habe ich meine Brille wieder hingetan?\" Suchend sah sich die \u00e4ltere Dame \u0001 \u0002 tauschten die Geschwister einen Blick.\"Sie ist auf deinen Kopf, Oma. Im Haar. Aber wieso gibt es denn keinen Eintopf?\"\"Ach, Liebes, das ist ganz schlimm.\" Daniela Warfy nickte heftig.\" Man will mich umbringen! Aber so leicht werden sie mich nicht kriegen! Ha! Ich werde ihnen schon zeigen, dass man mich nicht unter die Erde bringen kann!\"\"\u00c4hm... Oma?\" Lukas sah sie leicht zweifelnd an. Das sie senil war, wussten alle- aber paranoid? \"Wer denn? Und warum? Und wie?\"\"Eine schreckliche Gruppe von jungen Leuten. Einfach unerh\u00f6rt, was es heutzutage so alles gibt. Gut, dass ihr nicht so seid. Nun rein mit euch!\"Sie scheuchte die Geschwister in die Stube. Ein leichter Kohlgeruch hatte sich auch hier festgesetzt, aber es erstaunte die Beiden immer wieder, dass es nicht muffelig roch. Allerdings erkannte man nur zu gut, dass Alter der Bewohnerin. Alte Tapeten mit Landschaftsbildern oder Stickereien hingen an den W\u00e4nden, weiche Ohrensessel waren an einem ovalen Couchtisch gruppiert und H\u00e4keldeckchen hingen \u00fcber den Lehnen. Ein unbenutzter Kamin stand davor. Vor diesem lag seit Jahren eine ausgestopfte Katze. Sie lag eingerollt auf dem Teppich und schien jeden aus ihren gr\u00fcnen Glasaugen anzustarren. Das Vieh sah t\u00e4uschend echt aus und Lukas erinnerte sich daran, wie er fr\u00fcher darauf gewartete hatte, das sie sich bewegte. Natalie hingegen war vor Jahren auf zwei Babykatzen gesto\u00dfen, ebenso echt aussehend. Sie hatte wie am Spie\u00df geschrien, als sie sie \u0001 \u0002 Spitzchent\u00fcchlein lag auf dem Tisch, eine Vase mit einem Str\u00e4u\u00dfen Trockenblumen darauf. Davor war eine Essgruppe, ebenfalls alt, ebenfalls dunkel angeordnet. Und dort stand auch ihr Essen auf dampfenden Tellern und fragile Gl\u00e4ser mit Goldrand. Selbst die Teller hatten den und waren dem Ansehen nach auch noch aus Porzellan.\"Was m\u00f6chtet ihr denn? Kirschsaft?\" Sie goss ein ohne das Nicken abzuwarten. \"Ja, das ist richtig schrecklich von diesen- diesen Rumtreibern und Faulenzern. Sie wollen meinen Eintopf vergiften! Au\u00dferdem bekomme ich st\u00e4ndig Gutscheine f\u00fcr Kreuzfahrten- die sind auch von ihnen. Unerh\u00f6rt ist das, sage ich euch. Sie wollten mich dort von Bord schmei\u00dfen, oder auch da das Essen vergiften! Und auf der Kreuzfahrt nach Hawaii wollte mich eine dieser M\u00e4del in einen Vulkan schmei\u00dfen! Aber ohne mich, sage ich euch, mich kriegen sie nicht!\"\"\u00c4hm.. Oma?\" Natalie beugte sich zweifelnd \u00fcber den Tisch, w\u00e4hrend ihr Bruder vorsichtshalber an den W\u00fcrstchenberg roch. Noch genie\u00dfbar- keine Fragen, wenn auch viel zu viel. Es w\u00fcrde mal wieder das gro\u00dfe Fressen werden, seiner Meinung nach. Daniela w\u00fcrde zig Mal nachfragen und nachgeben und immer wieder \"Ihr seid so d\u00fcnn.\" oder \"Ihr esst so wenig.\" oder \"Ihr k\u00f6nnt noch gar nicht satt sein.\" oder... Ach, seine Gro\u00dftante fand noch viel mehr solcher S\u00e4tze- und das aus dem Stegreif.\"Woher wei\u00dft du denn das?\" Seine Schwester wartete ziemlich gespannt die Antwort.\"Ach, deine Oma hat so ihre Quellen.\" Sie schubste gleich f\u00fcnf Wiener auf Lukas Teller und beugte sich dann zu Natalie. \"Man muss die Z\u00fcgen seines Feindes kennen. Man muss ihm immer im Blick haben, merk' dir das!\" Und damit landeten ebenfalls f\u00fcnf W\u00fcrstchen auf ihrem Teller. Sie warf ihrem Bruder einen fast schon verzweifelten Blick zu. Sie wussten, dass sie in dem Moment beide das gleiche \u0001 \u0002 der Fressorgie wie Lukas sie immer heimlich nannte, schickte sie ihre Gro\u00dftante hoch in ihre Zimmer. Sie selbst schlief im Erdgeschoss( \"Wenn sie mich \u00fcberraschen, ist hier der Waffenschrank eures Urgro\u00dfvaters. Hier habe ich die Flinten!\") und sagte, sie werde sich noch ein wenig der Lekt\u00fcre widmen, ehe sie sich zu Bett begeben \u0001 \u0002 Gro\u00dfenkeln empfahl sie selbiges, erinnerte sie daran, dass um zehn das Licht ausgeh\u00f6re und sie morgen um acht zum Fr\u00fchst\u00fcck erscheinen m\u00f6gen. Nat\u00fcrlich in angemessener \u0001 \u0002 gingen die Geschwister die Treppe hoch. Sie knarrte bei jeder Stufe und auch sie war aus altem, dunklen Holz. An manchen Teilen war das Gel\u00e4nder von Holzwurml\u00f6chern \u00fcbers\u00e4t und nicht nur Natalie fragte sich besorgt, wie lange die Holzkonstruktion noch halten \u0001 \u0002 neben der Treppe waren laut ihrer Gro\u00dftante ihre Zimmer. Gegen\u00fcber des kleinen Flures gelegen standen auch die zwei T\u00fcren offen. Weiter vor ihnen zog sich der Flur um die Ecke und weitere T\u00fcren waren an den W\u00e4nden. Auch sie waren aus fast schwarzen Material und die T\u00fcrkn\u00e4ufe sahen sehr antik aus. Die Tapete bl\u00e4tterte im oberen Teil ab, aber zu ihrer Erleichterung konnte Natalie weder Schimmel, noch Spinnweben oder gar Netze erkennen. Sie nahm das Zimmer zur rechten, nach Westen ausgerichtet. Sie trat durch die T\u00fcr und war angenehm \u00fcberrascht. Es war nicht riesig, aber gro\u00df. Ein Eichenschrank stand neben der T\u00fcr und als sie die T\u00fcren \u00f6ffnete roch es nach Holz und nicht nach Moder. Sie stellte ihre Tasche darin ab, schloss die T\u00fcren wieder und drehte sich um. Der Raum war quadratisch geschnitten, auf der gegen\u00fcberliegenden Seite war das Fenster- Sie konnte gerade die D\u00e4mmerung bewundern. Sofern man bei dem Regen etwas sehen \u0001 \u0002 an die Wand ger\u00fcckt, einen Schritt von der T\u00fcr entfernt stand ein Spiegel- ebenfalls im Holzrahmen und blitzblank. Genau gegen\u00fcber davon befand sich ihr Bett. Ein gro\u00dfes Kissen, offenbar mit eine echten Daunendecke und wei\u00dfe Bettw\u00e4sche, die offensichtlich gest\u00e4rkt war. Zumindest roch sie danach und nach einem Hauch Kokus, was sehr verwundern auf das M\u00e4dchen wirkte. Das Beste war der direkt unter dem Fenster stehende Sekret\u00e4r und passendem Stuhl davor. Sie selbst stand auf einem runden Teppich, der \u00fcber die Dielen gelegt war. Auch er sah alt aus und schien als sie in genauer betrachtete indischer Herkunft zu sein. Ja, er erinnerte sie an ein Mandala. Sie warf noch einen Blick an die W\u00e4nde. Auch hier schien die Tapete alt, aber die blassrote Farbe wirkte- im Gegensatz zum dunkelgr\u00fcnen Flur- passend. Auch zierten keine gruseligen Portraits die W\u00e4nde, sondern sehr detailgetreue Landschaftsmalereien. Neugierig musterte sie die Bilder und bewunderte die Genauigkeit der Bilder. Dann stockte ihr der Atem und ihre Augen weiteten sich. Sie trat n\u00e4her an die Wand um eines der Gem\u00e4lde zu betrachten. Es gab keinen Zweifel f\u00fcr sie- das war doch Hogwarts. Hell erleuchtete Fenster, der See davor, die T\u00fcrme - sogar den verbotenen Wald, die peitschende Weide und Hagrids H\u00fctte waren erkennbar. Wenn sie genau hinsah, konnte sie auch die Tore der Quidditschanlagen betrachten. Was machte ein solches Bild bei ihrer Gro\u00dftante? Vorsichtig nahm sie es ab und betrachtete den Rahmen. An der Stelle, wo es gehangen hatte, prangte nun ein viereckiger tiefroter Fleck. Anscheinend hatte es hier schon l\u00e4nger gehangen, schlie\u00dflich sah man, wo die Sonne die Tapete nicht ausbleichen hatte k\u00f6nnen. Das passte auch zu dem altem Rahmen und Natalie konnte sich nicht irren, es roch einfach alt. Aber wie war das m\u00f6glich? Sie h\u00e4ngte es behutsam wieder an ihren Platz.\"Hey, Schwesterherz!\" Sie fuhr auf der Stelle rum. \"Lukas!\"\"Was denn? So schreckhaft?\" Er grinste und lehnte sich an den T\u00fcrrahmen. \"Lust auf eine Erkundungstour?\" \"Was?\"\"Komm schon. Wir kennen die unteren R\u00e4ume in- und auswendig. Es ist erst kurz nach zwanzig Uhr. Wir haben Zeit und nichts anderes zu tun.\"\"Und da willst du dir das Haus angucken?\"\"Hast du eine bessere Idee? Oder... Natalie?\" Er kam ein St\u00fcck n\u00e4her und beugte sich zu \u0001 \u0002 starrte ihn finster an. Es bedeutete nie etwas gutes, wenn er diesen Gesichtsausdruck hatte.\"Hast du Angst vor Gespenstern, gro\u00dfe Schwester?\" fl\u00fcsterte er.\"Unsinn.\" schnappte sie und schob ihn aus der T\u00fcr, schloss diese hinter ihnen beiden.\"So etwas gibt es nicht! Lass uns anfangen!\"",
            "wordcount": "1.833",
            "chapter_release": "01.08.2011",
            "chapter_number": "2"
        },
        "3": {
            "text": "Liebe \u0001 \u0002 Kapitel hat mir einiges abverlangt. Und ich hoffe inst\u00e4ndig, dass euch die Stimmung genauso wie mich erfasst. Denn dann habe ich mein Ziel eindeutig erreicht.(Und ich wei\u00df nicht, wie ich heute schlafen werde...)Egal. Ich bedanke mich f\u00fcr die Reviews und \u0001 \u0002 nun: erkundet, zusammen mit den Geschwistern, das Haus.****Erneut waren sie in dem dunkelgr\u00fcnen Flur. Die Tapete war an einigen Stellen ausgeblichen und im oberen Teil bl\u00e4tterte schon etwas ab. Bord\u00fcren zogen sich \u00fcber die Wand und als Lukas sich streckte und \u00fcber eine strich, kam unter dem leichten Staub eine blasswei\u00dfe Schicht mit Wappen zum Vorschein. Vorsichtig ging derweil Natalie weiter. Es war schon recht still und unter jedem ihrer Schritte knarrte der Fu\u00dfboden. Ihr ungutes Gef\u00fchl verst\u00e4rkte sich, aber sie schob es beiseite. Was sollte hier schon gro\u00df passieren? Und wie sollte sie erst vor ihrem kleinen Bruder dastehen, machte sie jetzt einen R\u00fcckzieher?Sie kam zum Ende des offensichtlichen Teils des Flurs- zumindest wenn man auf der Treppe stand. Links von ihr bog der Flur ab und f\u00fchrte weiter. Was ihre Aufmerksamkeit allerdings geweckt hatte, war die T\u00fcr an ihrer rechte \u0001 \u0002 strich sie \u00fcber das dunkle Holz auf dem in der Mitte der T\u00fcr etwas eingraviert war. Ihr war fast als f\u00fchle sie Schuppen. Eine einzigartige Arbeit, den sie konnte die Konturen, der Echse detailgetreu f\u00fchlen, selbst da die Schnitzerei an sich verblasst war.\"Mal sehen, ob du die aufbekommst!\" kam es hinter ihr und sie zuckte erschrocken zusammen, schalt sich aber selbst einen Narren. Es war Lukas, nat\u00fcrlich nur Lukas.\"Das kostet bestimmt irre viel, so was machen zu lassen.\" Noch einmal f\u00fcr sie \u00fcber das sich windende Emblem. \"Das ist ja eine Schlange!\" \u00dcberrascht starrte ihr Bruder, die Schnitzerei an. Natalie f\u00fchlte ein Ruck unter ihren Fingern und sprang mit einem Aufschrei zur\u00fcck, stie\u00df dabei gegen ihren Bruder und riss ihn mit sich zu Boden. Hart landeten die Beiden auf dem d\u00fcnnen Teppich und beide hofften, dass ihre Gro\u00dftante das H\u00f6rger\u00e4t bereits abgelegt hatte.\"Sag' mal, hast du sie noch alle ?\" erkundigte sich Lukas und wollte seine Schwester von sich schieben, als vor ihnen sich knarrend die T\u00fcr \u00f6ffnete. \"Das ist ja wie in einem Horrorfilm.\" brachte er dann staunend hervor und stand eilig auf. \"Komm, rein da!\" Er packte sie am Handgelenk und zog sie durch die T\u00fcr. Pr\u00fcfend schaltete er den Lichtschalter, und irgendwo sprang mit einem Surren eine Gl\u00fchbirne an und tauchte den Raum in ein schwaches Licht. \"Geil.\" entfloh es ihm und er beschloss spontan, sich auch solche Steintapete f\u00fcr sein Zimmer zu w\u00fcnschen. Dunkle Regale standen mit Glasbeh\u00e4ltern herum, manche komplett staubig, andere verschieden farbig. Kleine Phiolen lagen auf lila Kissen mit H\u00e4kelstickerein in Gold. In der Ecke schien ein unechter Kamin zu sein. Scheinbar gl\u00fchende Kohlebriketts gl\u00fchten auf der Feuerstelle vor sich hin \u00fcber der ein offenbar gef\u00fchlter Kessel hing. Tiefgr\u00fcn, wie die Tannen im Wald, war dort Wasser oder eine andere unechte Fl\u00fcssigkeit gef\u00fcllt. Das hatte ihn darauf gebracht, dass der Kamin unecht war- sie kochte nicht. Zudem war es hier viel zu kalt, als das das Feuer scheinbare W\u00e4rme verursacht h\u00e4tte. Aber als er mit seiner sich str\u00e4ubenden Schwester n\u00e4her trat, wurde es tats\u00e4chlich ein wenig w\u00e4rmer. *Unsinn.* sagte er sich dann. Weshalb hatte seine Gro\u00dftante auch hier ein Feuer entz\u00fcnden sollen.\"Ob sie hier ihre Gegengifte braut? F\u00fcr den Fall, dass doch jemand ihren ach so tollen Kohleintopf bereichern m\u00f6chte?\" fragte er im scherzhaften Ton und drehte sich zu seiner Schwester um, die seltsam bleich die Decke musterte. So wandte er ebenfalls den Kopf. Auch diese war mit einer Fototapete beklebt, sodass der Eindruck eines dreidimensionalen Gew\u00f6lbes erweckt wurde. *Einfach cool.* dachte sich Lukas und seine Gro\u00dftante stieg doch ein wenig in seiner \u0001 \u0002 wandte er sich wieder zu seiner Schwester, die nun argw\u00f6hnisch um sich sp\u00e4hte. \"Was hast du?\" fragte er und sie fl\u00fcsterte: \"Das ist ein Kerker.\"Allein, dass sie fast \u00e4ngstlich klang, bereitete ihm ein wenig sorgen.\"Nein?\" Er machte sich nicht die M\u00fche die Stimme zu senken. In diesem Haus waren nur Daniela, er und seine Schwester.\" In einem Kerker m\u00fcssten noch Ketten f\u00fcr die Gefangenen und so was sein.\"Er sah wie sie sich merklich zusammenriss und den Kopf sch\u00fcttelte. \"Ach nichts.\" sagte sie betont heiter und seine Sorge verst\u00e4rkte sich, auch wenn er sich nichts anmerken lie\u00df. Sie klang ebenso gezwungen wie das L\u00e4cheln, was sie ihm zu warf. \"Ich gehe mich mal umsehen.\" Das tat sie tats\u00e4chlich, schien aber dennoch besorgt, so achtsam wie sie um die Ecken \u0001 \u0002 schob die Verwunderung und alles andere beiseite und roch neugierig am Kessel. Ein wenig warm war der schon, und auch wenn es nur nach Kr\u00e4utern roch- wenn das wirklich ein Gegengift war, wollte er doch lieber nicht \u0001 \u0002 wandte er sich dem Buch zu, dass daneben lag. Es schien schon sehr alt, war sehr verblichen- aber offenbar ein verdammt guter Fake, denn manche Bilder schienen sich zu bewegen. Ein perfektes Zimmer- sch\u00f6ne optische T\u00e4uschungen und der Ventilator sprang vermutlich mit dem \u00d6ffnen der T\u00fcr an. Oder besser davor, schlie\u00dflich hatte es einige Zeit gedauert, bis diese aufgegangen war. Und das Ger\u00e4usch hatte seine Schwester erschreckt, sodass die jetzt immernoch neben der Spur \u0001 \u0002 beugte sich \u00fcber wieder \u00fcber den nebenstehende Beitisch- der Fu\u00df sah wie das Bein eines Ogers aus, richtig cool. Neben dem extra liegenden Buch stapelten sich noch drei weitere \u00fcbereinander, eine auf antik gemachte Stoppuhr( Er wunderte sich \u00fcber die Sterne, die darauf geklebt waren. Das sah wirklich nicht nach einem Kleinm\u00e4dchenzeitmesser aus... Aber er musste sie ja auch nicht tragen.) und in einer kleinen gl\u00e4sernen Schale ein graugr\u00fcnes Pulver. Er musste darauf grinsen. In Hotels f\u00fcllte man sich da Marmelade oder Honig rein, seine Gro\u00dftante machte Kryptonit rein. Tats\u00e4chlich f\u00fchlte er sich an die silberne Kugel Supermans erinnert. *Wenn ich also meinen Arm darein stecke, dann kann mir Clark Kent nichts mehr anhaben* und er streckte die Hand um sie \u0001 \u0002 der Schrei seiner Schwester unterbrach ihn. Wie von der Tarantel gestochen fuhr er herum, riss fast den Kessel vom St\u00e4nder und schrie ohne nachzudenken: \"Natalie?\"\"Alles....alles okay.\" kam es deutlicher leiser zur\u00fcck und er schalt sich einen Narren. Wenn Daniela Warfy wirklich ihr H\u00f6rger\u00e4t noch trug, dann w\u00fcrde sie sp\u00e4testens jetzt zu ihnen sto\u00dfen. Und sie zusammen falten, warum sie noch nicht im Bett lagen und ihre Sachen durchw\u00fchlten. Ein nerv\u00f6ses Lachen unterbrach ihn. \"Ich hab' mich nur von der Echse erschreckt.\"\"Vor der Echse?\" fragte er ungl\u00e4ubig nach. Was f\u00fcr einen B\u00e4ren wollte sie ihm denn da aufbinden?\"Ja, hier ist so ein Vieh. Ausgestopft wie die Katze in der Stube. Du kennst doch die Galapagosteile, oder?\"\"Bin ja nicht bl\u00f6d. Diese Riesenechsen dort. Darwin.\" Ihm fiel eine gewisse \u00c4hnlichkeit zum T\u00fcrschild auf.\"Jedenfalls ist das Ding hier h\u00fcfthoch, sieht sehr lebensecht aus und seine Ersatzaugen starren einen direkt an, wenn man um die Ecke kommt. Schau' ruhig weiter- mir geht's gut.\"\"Das werde ich dir dein Leben lang vorhalten, Schwesterherz.\" Er grinste erleichtert.\"Ach, halt die Klappe!\" kam zur\u00fcck und er wandte sich wieder dem Kessel \u0001 \u0002 Eingebung nach fischte er zurerst ein Taschentuch aus der Hosentasche und tunkte es teilweise in das Gebr\u00e4u. Die Ecke zersetzte sich augenblicklich und reflexartig lie\u00df er es in die Suppe fallen, denn es hat sich bereits empor gefressen.\"Verdammte Schei\u00dfe.\" murmelte er und nahm sich ernsthaft vor, ab jetzt \u0001 \u0002 schob die H\u00e4nde tief in die Hosentaschen und schlenderte von dem Topf \u0001 \u0002 wurde es ein wenig k\u00e4lter. Er ignorierte diesen Zustand, merkte ihn sich aber. Die klimatische Ausstattung musste exakt und genau gezirkelt worden sein:Das musste er sich unbedingt ansehen. Er konnte keinen Fenster erkennen, die schweren Samtvorh\u00e4nge verh\u00e4ngten nur die Steine. Nein, die Tapete korrigierte er sich. Der Samt selbst war dunkelgr\u00fcn- sowie es die Tapete im Flur wohl urspr\u00fcnglich gewesen war. Silberne Kordeln hielten sie an Ort und Stelle. Alles sprach daf\u00fcr, dass der Raum regelm\u00e4\u00dfig genutzt worden war. *Und es wohl noch ist.* dachte er, b\u00fcckte sich und hob den Notizzettel auf. In enger, kleiner Handschrift war darauf: Drachenwurz kaufen. geschrieben worden. Das hatte noch nie geh\u00f6rt, aber ( Er zuckte mit den Schultern.) das musste ja nichts hei\u00dfen. Er hatte sich schlie\u00dflich nie f\u00fcr Kr\u00e4uter interessiert. Er schlenderte weiter an der Au\u00dfenwand lang und kam zu einer dunklen Tafel mit einer kleinen Holzband und Papier davor. *Cool, sie schreibt ja sogar mit echter Tinte und einer Feder!* Er musterte ihre Notizen, nichts sagte ihm \u0001 \u0002 ging um Verk\u00fcrzung der Kochperiode, Erh\u00f6hung von irgendwelchen Zutatenmengen und ein Ersatz von einem Kraut f\u00fcr \u0001 \u0002 letzte Satz irritierte ihn. Viel zu aufwendig- ein Bezoar w\u00fcrde es auch \u0001 \u0002. Irgendwo hatte er das schonmal gelesen. Und das war f\u00fcr ihn etwas wirklich seltenes, denn er war nicht so der B\u00fccherfan und noch weniger der Lesefreak. Und selten behielt er irgendwelche \u0001 \u0002 wandte sich der Tafel zu und war erneut \u00fcberrascht. Das sah mehr nach einer Chemiestunden\u00fcberbleibsel, als einer Hobbyanleitung aus. Komplizierte Modelle chemischer Verbindungen, meterlange Rechnungen: Irgendwie schien sie Wasser bekommen zu wollen- Oder wollte Wasserstoff isolieren und Sauerstoff verbrauchen? Er war eh nicht die Leuchte in Chemie. Physik lag ihm eher. Er ging weiter an der Wand lang und warf einen Blick nach hinten. \u00dcberrascht blieb er stehen, als er erkannte das nun aus dem Trank Blasen kamen. Ob das seine Schuld war, weil das Taschentuch nun drin war? Er beeilte sich davon wegzukommen. Irgendwie schien es jetzt auch langweiliger zu werden. Leere Glasbeh\u00e4lter, alte B\u00fccher, ein wenig Staub. Manche Regale waren aber wie Vitrinen durch Glasscheiben gesichert- mit dem Schloss au\u00dfen, ohne das man es von innen \u00f6ffnen konnte. Er sch\u00fcttelte den Kopf \u00fcber sich. Wieso sollte man das Schloss denn auch von innen \u00f6ffnen wollen?Aber nun befiehl auch ihn eine seltsame Stimmung und seine Schritte beschleunigten sich, bis er fast rannte. Eine Spiegelung lie\u00df ihn zusammenzucken- aber als er dann Kopf wandte sah er nur sein eigenes Spiegelbild. Aber als er wieder nach vorne sah, bemerkte aus den Augenwinkeln, dass da mehr war. Es konnte nicht nur sein Spiegelbild sein. Ruckartig blieb er stehen und starrte auf die Scheibe neben sich. Aber sah nur eine leeren Schrank und das einzige, was sich au\u00dfer seiner Spiegelung bewegte, war ein seltsamer, wei\u00dfer Rauch. Er wandte sich zur Au\u00dfenwand, aber da war nur Stein. Er drehte sich wieder um, da war nur sein Spiegelbild. Er sch\u00fcttelte den Kopf \u00fcber sich und warf einen Blick zur\u00fcck. Er war immer links an der Wand entlang gegangen und der Kessel lag schon weit zur\u00fcck: Wenn er das von hier absch\u00e4tzte, bestimmt zwanzig Meter. Aber das war unm\u00f6glich. Wie gro\u00df konnte denn ein Raum sein? Denn als er nach vorne sah, war kein Ende in sich. Ihm nistete sich ein mulmiges Gef\u00fchl in der Magengegend ein. *Unsinn.* sagte er sich dennoch. Er war einfach zu eingenommen von dem Gruselkabinett seiner Gro\u00dftante. Er beschloss den Quergang zu nehmen und musterte die B\u00fccher. Alle auf Latein, na klasse.\"Lu...Lukas?\" kam es dann eigenartig z\u00f6gernd von seiner Schwester. Die war heute aber total durch den Wind. Sonst machte sie immer einen auf knallharte, erwachsene Schwester, aber dieses Zimmer schien sie mehr mitzunehmen als ihn. Aber klar, er was ja auch ein Junge.\"Ja?\" fragte er zur\u00fcck.\"Ich geh' hier raus.\" \"Okay. Warte auf mich.\"\"Nein!\" Das kam ziemlich \u00e4ngstlich. \"Ich will hier raus. Sofort! Diese Proben, der Formalingeruch, diese Mutationspr\u00e4perate...\" Sie brach ab, denn er h\u00f6rte deutlich, dass ihre Stimme zitterte.\"Ich komme. Rede weiter, dann finde ich dich.\" Er beeilte sich zu ihr \u0001 \u0002? Das wollte er sehen.\"Du klingst ganz nah.\"\"Ich bin auch gleich da- Woah!\"\"Lukas?\" Natalie klang ziemlich panisch und er h\u00f6rte ihre Schritte, als sie zu ihm stie\u00df.\"Ich habe die Echse getroffen.\" meinte er ziemlich trocken. \"Ist das deine?\"Er sah zu ihr. Sie war verdammt blass. \"Ja. Siehst du die fehlende Schuppe unter dem Auge? \" Sie streckte die Hand aus und diese zitterte heftig. Nun musterte er sie doch besorgt.\"Geht's dir gut?\" Vielleicht wurde sie auch einfach krank und die Klimaanlage im Raum war da bestimmt nicht gut.\"Vorhin... Vorhin war die Pose anders. Und... Und... Es stand auch nicht dort.\"\"Ach, ist bestimmt ein Duplikat.\" Er nahm ihre Hand und zog sie zu ihm, an der Echse \u0001 \u0002 schien sich immer mehr in ihre Angst reinzusteigern, er sah ihre erweiterten Pupillen. \"Komm, rechts geht's raus!\" Er wollte sie ein wenig ziehen, aber sie stemmte sich gegen ihn.\"Ich habe keinen Bock auf diese Scherze, Lukas!\" Na, das klang doch mehr nach seiner Schwester. \"Die T\u00fcr ist dort, links. Ich sehe sie doch.\"Das war unm\u00f6glich. Seine Schwester zog ihn beharrlich zu T\u00fcr, aber er war doch von ihr weg- links weg. Sie h\u00e4tte hinter ihm sein m\u00fcssen- und hatte die Echse gerade geblinzelt?Und war das schadenfrohe, hinterh\u00e4ltige Grinsen schon immer auf den Z\u00fcgen gewesen?Seine Schwester riss die T\u00fcr auf- zum Gl\u00fcck ging sie auf- und riss ihn raus, schmiss die T\u00fcr hinter ihnen zu. Er hatte nichts \u0001 \u0002 atmend standen sie nebeneinander an der Wand, noch immer hielten sie H\u00e4ndchen.\"Oh, Mann.\" seufzte er schlie\u00dflich und seine Schwester nickte zustimmend. Dann fuhr sie deutlich zusammen.\"Lukas?\" Ihre Stimme klang ziemlich schrill. \"Wieso ist meine T\u00fcr offen?\"Sein Kopf zuckte zur Treppe: Tats\u00e4chlich stand die T\u00fcr etwa zwei Handbreit offen. Dabei hatte sie doch hinter sich geschlossen, kurz bevor sie ihre Tour begannen.\"Hast du sie halt nicht richtig geschlossen.\"\"Ich habe sie richtig geschlossen, Lukas!\" Sie war lauter als ihm lieb war- aber seine Oma, nein, Gro\u00dftante, war nun absolut taub.\"Natalie, h\u00f6r mir zu. Wir sind in einem \u00e4lteren Haus, in dem wir und unsere Tante leben. Sonst gibt es hier nur noch die Pflanze in der K\u00fcche, die lebt. Der Rest sind M\u00f6bel und andere Gegenst\u00e4nde. Du hast die T\u00fcr nicht richtig zu gemacht, sie ist wieder aufgegangen- oder aber das Schloss ist so abgenutzt, dass sie sich wieder ge\u00f6ffnet hat. Wie sind in einen Raum mit Klimaanlage und ziemlich guten optischen und hydraulischen Tricks gelandet und jetzt sind wir einfach in einem \u00e4lteren Flur, der mal saniert werden k\u00f6nnte. \" Je l\u00e4nger er sprach, desto sicher wurde er. Und er sah, dass er nicht nur sich selbst \u00fcberzeugt \u0001 \u0002 Schwester warf ihm ein entschuldigendes L\u00e4cheln zu.\"Tut mir leid. Ich wei\u00df nicht, was in mich gefahren ist.\"Er wollte etwas neckendes sagen, lie\u00df es aber aus einem unbestimmten Gef\u00fchl bei :\"Schon gut.\"\"Wollen wir noch weiter gucken?\" \u00dcberrascht sah er sie an. \"Okay. Aber wir bleiben zusammen.\"Natalie nickte erneut. \"Find' ich gut.\"Sie lie\u00df seine Hand nicht los, als sie ihn um die Flurecke zog.\"Nehmen wir die letzte T\u00fcr.\" schlug er vor und sie nickte. Diese war genauso dunkel wie die Anderen, hatte einen ebenso antiken T\u00fcrknauf, aber sie war wenigstens ohne Emblem und als diesmal Lukas den Knauf drehte, \u00f6ffnete sie sich sofort. Vorsichtig lugte er hinein( Natalie umklammerte seine Hand fester) und steckte dann den Kopf wiederraus.\"Alles okay.\" sagte er und l\u00e4chelte. Erleichtert, wie seine Schwester feststellte. Offenbar war sie mit ihren Bef\u00fcrchtungen nicht allein \u0001 \u0002 zog sie in den Raum, der ziemlich normal aussah. Ein altes Arbeitszimmer. Hier gab es sogar durchg\u00e4ngig Teppich, einen Schreibtisch in der Mitte, komplett ausgestattet mit Kugelschreibern, Feder, Locher und sonstigem B\u00fcrozubeh\u00f6r und an den W\u00e4nden standen Aktenschr\u00e4nke. Diese waren allerdings vollgef\u00fcllt mit Aktenordner, deren Beschriftung Natalie nicht zu zuordnen konnte.\"Jeder nimmt erstmal einen?\" schlug sie vor und zog sich #101 \u0001 \u0002 Bruder nahm #469 und begann in den Seiten zu \u0001 \u0002 Ordner( Und soweit sie sehen konnte, auch alle anderen.) waren bis an den Rand gef\u00fcllt.\"Der hier hat die \u00dcberschrift: Nachtschw\u00e4rmer.\" meldete sich ihr Bruder, zog den n\u00e4chsten aus dem Regal und \u00f6ffnete ihn. \"Der hier Tauziehen 21. Und ...\" Er schnappte sich den n\u00e4chsten.\" Der Tauziehen 22. Was soll dann das? Vieles was hier drin ist, sind nur Zahlen. Aber scheinbar ist das gedruckt. Und da antworten welche. Also, zumindest steht das hier so. Was hast du? Verstehst du das?\"Seine Schwester bl\u00e4tterte eilig die Seiten durch. \"Ich habe hier einen 'Ban-Ordner'. Offenbar werden dort unterschiedlich Personen verflucht oder... vertrieben. Aus Gr\u00fcnden, die.. naja.\"\"Vielleicht ist Oma ja eine Hexe.\" Im gleichen Moment \u00e4rgerte er sich \u00fcber das. \"Lies' mal was vor.\"\"Hm... Hier sind sogar Datums- und Uhrzeitangaben. Aber die Jahreszahl \u0001 \u0002 banne Chris, weil ich die Wahrheit \u0001 \u0002 wird sie ebenfalls mit einem Bann belegt und zwar, weil sie ein viel zu gro\u00dfes Ego hat.\"Er lie\u00df die Ordner auf dem Tisch und beugte sich \u00fcber ihre Schulter.\"Woher wei\u00dft du, wer wer ist?\"\"Nun, Dwarfy wird wohl unsere Gro\u00dftante sein.\"\"Das ist ihr Namenschild.\"\"Und der Name hier.\" Sie deutete darauf. \"Also wird sie es wohl sein. Ich wundere mich trotzdem, warum die soviel \u00fcber einander wissen und.. auch die vollst\u00e4ndigen Namen. Und.. oh.\"Entsetzt \u00f6ffnete sich ihr Mund.\"Was denn? Natalie?\"\"Hier. Eine, die sich auch \u0001 \u0002 Anbetracht der Tatsache, dass ich dieses kleine, gelbe Monster schon mehrfach verletzt oder gar ermordet habe, w\u00fcrde ich sagen, wir sind auf derselben Seite. Schade, dass er immer wieder \u0001 \u0002 Antwort dann. Sch\u00f6n, dass wir uns einig sind. \u0001 \u0002. k\u00f6nnte man echt beseitigen. F\u00fcr immer. Das h\u00f6rt sich ziemlich heftig an. Kein Wunder, dass sie sich verfolgt f\u00fchlt. Und ich glaube kaum, dass sie die SS meint.\"\"Sag' mal, k\u00f6nnte das nicht Spongebob sein? Ich meine, der ist gelb und nervig und die Initialen stimmen. Der existiert auch schon eine Weile und ich glaube kaum, dass Oma ihn m\u00f6gen w\u00fcrde.\"\"Und ich glaube kaum, dass sie ihn \u00fcberhaupt kennt.\"\"Hm. Ich such' mir jetzt auch was interessantes...\" sprachs und riss die n\u00e4chsten Ordner aus den Stapel. Kopfsch\u00fcttelnd \u00fcber den unvermeidlichen Chaoszwang ihrers Bruders wand sich Natalie der n\u00e4chsten Seite \u0001 \u0002, wenn die Geschwister etwas bemerkenswertes fanden, lasen sich es sich vor- die seit langem l\u00e4ngsten, gemeinsame und harmonische T\u00e4tigkeit zwischen den \u0001 \u0002 stie\u00dfen auf lustiges, beunruhigendes, philosophisches, spa\u00dfiges und unverst\u00e4ndliches- aber sie hatten \u0001 \u0002 hob Lukas den Kopf, klopfte seine Taschen ab und fragte dann seine Schwester: \"Sag' mal, wei\u00dft du, wie sp\u00e4t das ist?\"\"Keine Ahnung. Mein Handy liegt in meinem Zimmer.\"\"Und wie ich dich kenne, hast du bestimmt den Wecker schon gestellt.\"Natalie verdrehte die Augen.\"Irgendeiner muss ja daf\u00fcr sorgen, dass wir es uns mit ihr nicht verscherzen. Komm, lass uns schlafen gehen. Beseitigen wir das Chaos morgen.\"\"Gerne doch. Es ist jetzt bestimmt kurz nach zehn.\"\"Maximal Mitternacht w\u00fcrde ich sagen.\" Sie stand auf, legte den Ordner auf den Boden und drehte den T\u00fcrknauf auf. Ihr Bruder schloss zu ihr auf und prallte dann gegen sie, denn sie war im T\u00fcrrahmen stehen geblieben.\"Sag' mal, h\u00f6rst du das?\"Blinzelnd blieb er stehen und lauschte. \"Wie ein Fl\u00fcgelrauschen. Nein, Wispern. Da fl\u00fcstern welche. Viele...\" Seine Schwester nickte \u0001 \u0002 so sehr sie lauschten, mehr als Wortfetzen verstanden sie nicht. Schlie\u00dflich sch\u00fcttelte Natalie den Kopf. \"Lassen wir es gut sein. Die Treppe f\u00fchrt auf den Dachboden, wir sind m\u00fcde und h\u00f6ren unter Garantie den Wind. Ein alltbekanntes Ph\u00e4nomen. Und morgen r\u00e4umen wir...\" Sie erstarrte.\"Schwesterherz?\" \"Lukas? Wieso sind alle Ordner wieder im Regal?\"\"Was?!\" Er warf einen Blick nach hinten und seine Schwester trat wieder in den Raum.\"Okay, okay. Wir sollten schlafen gehen. Dringens. Morgen, morgen schauen wir...\"Lukas unterbrach sie in einem verzweifelten Ton. \"Natalie...\"Sie wirbelte herum und sah auf was, ihr Bruder starrte. Die silberne Schlange, die sich rasselnd auf der Treppe erhob. Etwas knarrte. Das Wispern schwoll \u0001 \u0002 starrte auf die zischende Kobra, die sich langsam aufrichtete und h\u00f6rte, wie immer mehr Worte in ihr Ohr drangen. H\u00e4mische, w\u00fctende Laute- Sie hatte eine Kurzschlussreaktion.\"Lauf!\" schrie sie, rannte aus dem Zimmer, fasste nach dem Handgelenk ihres Bruders und zerrte ihn hinter sich her. Weg von der Schlange. Weg von der Treppe. Weg von dem \u0001 \u0002 Gang schien sich vor ihr zu denen und sie bekam Panik. Das war doch unm\u00f6glich?Die Ecke fuhr immer weiter zur\u00fcck, der Flur verl\u00e4ngerte sich und sie rannten doch in einem Haus!\"Natalie!\" kreischte ihr Bruder hinter ihr wie ein kleines M\u00e4dchen und sie zerrte ihn immer weiter, riss ihn mit sich, denn die Schlange hinter ihnen war nicht, dass Problem. Es waren jene Schuppentr\u00e4ger, gleich der ersten, die von den W\u00e4nden fielen. Sie rannte an ihnen vorbei, Natalie f\u00fchlte ein paar Mal wie sie auf sie traten, wie kleine giftige Kiefer nach ihren Kn\u00f6cheln schnappten und sie rannten weiter. H\u00e4tte sie ihre Luft nicht f\u00fcr Atem gebracht, sie h\u00e4tte geschluchzt. So ignorierte sie ihre Seitenstiche und endlich, endlich waren sie um die Ecke. Der Gang vor ihr war nicht kleiner geworden, es waren noch etwa hundert Meter bis zu ihrer offenstehende Schlafzimmert\u00fcr. Sie lie\u00dfen das Kerkerzimmer hinter sich und aus der eingeriezten Verzierung erhob sich ebenfalls drohend eine silberne Schlange. Sie schienen sie nicht willkommen zu hei\u00dfen. Sie hatten die H\u00e4lfte geschafft, aber Lukas drohte immer wieder zu stolpern, aber sie schleifte ihn umbarmherzig weiter. L\u00e4ngst hatte sie es aufgegeben, sich \u00fcber die Abnormali\u00e4t des Flures zu wundern, sie wollte einfach nur mit ihrem Bruder in ihr Zimmer. Ihr Zimmer, dass Sicherheit versprach und sie hoffte einfach, dass das stimmte. War es wirklich ein Zufluchtsort oder eine Falle? Warum war nur ihre T\u00fcr offen und Lukas nicht? \"Lukas!\" keuchte sie und zerrte ihn weiter, denn sie hatten die T\u00fcr erreicht. Sie riss ihn durch und schmetterte sie hinter ihnen zu. Ein wenig taumelten sie noch weiter, dann umarmten sie ihn einfach. Sie f\u00fchlten ihre beiden Herzschl\u00e4ge unter der Haut h\u00e4mmern und den kalten Schwei\u00df auf der Stirn ihres \u0001 \u0002 Augenblicke h\u00f6rten sie nur den keuchenden Atme von sich und ihrem Bruder, dann fiel ihr der Mondschein auf, der durchs Fenster fiel. Es war aufgeklart, die Sterne schienen beruhigend zu scheinen. Langsam lie\u00df sie ihren Bruder los, der ein wenig scheu l\u00e4chelte.\"Heilige Schei\u00dfe.\" murmelte er und sie nickte leise. Sie wandte sich zu ihren Sachen, aber ihr Bruder schrie wie am Spie\u00df und sprang r\u00fcckw\u00e4rts auf ihr Bett, das bedrohlich knarrzte. Sie fuhr herum und erstarrte, wagte es nicht mal einen Mucks zu machen. Ein \u0001 \u0002 lag mit dem R\u00fccken zu ihnen, die Schwanzspitze strich ruhig \u00fcber dem Teppich und seine tiefe Atemz\u00fcge h\u00f6rte man im ganzen \u0001 \u0002 Puls schlug laut in Natalies Ohren und langsam, ganz langsam tastete sie sich an der Wand zu ihrem Bruder. Ihre H\u00e4nde fanden sich und dr\u00fcckten einander ganz fest.\"Lukas...\" Ihre Stimme klang heiser.\"Ich...\" antwortete dieser und fuhr sich mit der Zunge \u00fcber die Lippen. \"Ich glaube, er besch\u00fctzt uns.\"Dann zerquetschte er ihr fast die Hand, denn die Raubkatze wandte den Kopf. Natalie hielt den Atem an, aber das Tier mit der m\u00e4chtigen M\u00e4hne nickte anmutiger Weise und sah dann wieder nach vorne. Die Beiden seufzten erleichtert und Natalie presste die Lippen \u0001 \u0002 hatte das Gef\u00fchl sonst losweinen zu m\u00fcssen.\"Du schl\u00e4fst heute Nacht hier.\" sagte sie leise zu ihrem Bruder, der stumm \u0001 \u0002 kuschelten sich die Geschwister unter der Daunendecke aneinander, fest umarmt und seit Jahren nicht mehr so froh, einander zu \u0001 \u0002 bevor Natalie einschlief, bemerkte sie noch, dass sich das Hogwartsbild ver\u00e4ndert hatte.",
            "wordcount": "4.095",
            "chapter_release": "01.08.2011",
            "chapter_number": "3"
        },
        "4": {
            "text": "Das Ger\u00e4usch. Es klang so dr\u00f6hnend. So laut. Es war unangenehm. Viel zu unangenehm. Und es war so weit \u0001 \u0002 wusste, dass sie es beenden musste, dass sie sich bewegen musste... Aber sie konnte nicht. Sie wollte nicht. Die Sicherheit... Hier war sie doch gesch\u00fctzt. Sie wollte diesen Ort nicht verlassen, so wenig mutig es auch war.\"Verdammt nochmal, mach' deinen Wecker aus!\"Erschrocken fuhr Natalie aus dem Halbschlaf und stellte fest, dass die T\u00f6ne tats\u00e4chlich ihr Handy erzeugt hatte. Ihr Bruder lag dicht an sie geschmiegt unter der dicken Bettdecke. Er hatte seinen Kopf jetzt unter dem Kissen \u0001 \u0002 Knopfdruck beendete den nervt\u00f6tenden Weckruf, scheinbar hatte sie ihr H\u00e4nde die ganze Nacht in der Hand gehalten. Halb Sieben.\"In sp\u00e4testens einer Viertelstunde m\u00fcssen wir hoch.\" teilte sie ihrem Bruder mit, der ein \"Hmpf.\" aus den Federn ert\u00f6nen \u0001 \u0002 Natalie lie\u00df sich wieder in die Matratze sinken, legte ihren Kopf auf dem nackten Oberk\u00f6rper ihres Bruders \u0001 \u0002 vergangene Nacht war ein echter Alptraum \u0001 \u0002 Hexenhaus, so hatte es ihr Bruder genannt. Gestern im Auto ihrer \u0001 \u0002 erschien ihr ewig \u0001 \u0002 war ein rational eingestellter Mensch, keine Frage. Horrorfilme waren nicht so ihre Welt, aber leicht ins Bockshorn lie\u00df sie sich auch nicht \u0001 \u0002 zweifelte sie nicht daran, dass es real gewesen sein musste. Wie auch immer real auch zu definieren war. Aber sie konnte nicht anders als \u0001 \u0002 sonst kamen die Kratzer auf ihren Kn\u00f6chel? Und wieso sonst hatte ihr Bruder am Handgelenk eine Reihe von h\u00fcbschen blauen Flecken? Male, die genau ihren Fingern, ihrer Hand entsprachen. Einige Dinge davon h\u00e4tte sie verdr\u00e4ngen k\u00f6nnen- aber das waren zu viele \u0001 \u0002 war vielleicht auch gewillt zu glauben. Dieses Haus war alt. Und sie traute sich auch nicht zu, sich dass alles eingebildet zu haben...\"Wir m\u00fcssen uns anziehen.\" meinte sie leise und richtete sich auf. Lukas muffelte, erhob sich aber trotzdem langsam. Schwerf\u00e4llig kletterte er aus dem Bett und den warmen Laken, rieb sich kurz das Handgelenk. Sicherlich war das geprellt, aber er w\u00fcrde sich h\u00fcten, sich zu beschweren. Ein wenig unter kaltes Wasser halten und fertig. Ein wenig unwohl f\u00fchlte er sich schon- schlie\u00dflich war er es gewesen, der die Erkundungtour vorgeschlagen \u0001 \u0002 griff in die Tasche und zog sich frische Sachen heraus. \"Lukas!\"Die gequ\u00e4lte Stimme seiner Schwester schreckte ihn auf und lie\u00df ihn einen hastigen Blick um sich werfen. Aber das hatte eher nach: \"Oh, verdammt, schlecht...\" als nach \"Schei\u00dfe, Gefahr!\" \u0001 \u0002 drehte sich um. \"Was denn?\"Seine Schwester hockte noch immer auf dem Bett, die Daunendecke aufgeschlagen, das Handy mit der Hand unbewusst an den Oberk\u00f6rper gelegt.\"Sieh' dich doch mal um.\" Er tat es, \u0001 \u0002 W\u00e4nde, eine Bord\u00fcre, die W\u00e4nde okay, der Teppich in Braun ungef\u00e4hrich. Keine Schlangen. Keine L\u00f6wen. Keine \u0001 \u0002 wandte sich zu seiner Schwester, die argw\u00f6hnisch in alle Ecken sp\u00e4hte.\"Alles wie gestern Abend.\"Sie zog eine Grimasse. \"Nur dass das dein Zimmer ist...Und waren wir nicht in meinem?\"Ihm fiel alles aus dem Gesicht. Nat\u00fcrlich. Das hier war sein Raum, seine Tasche, seine Anziehsachen.\"Da steht doch im Raum, wie wir hinkommen... Nicht wahr?\" Musste es seine Schwester noch schlimmer machen? Konnte sie davon ausgehen, dass sie einfach teleportiert worden waren?Musste sie ausgerechnet jemand im Schlaf angefasst haben und hierher getragen haben? Einer oder mehrere?\"Bin gleich fertig, dann gehen wir r\u00fcber und du ziehst dich an.\"\"Bist du irre? Wir sollen \u00fcber den Flur?\"\"Natalie... Es ist Tag. Du solltest mehr Horrorfilme gucken. Alles in diesen Filmen in der Art geschieht nachts, nicht Tags\u00fcber.\"\"Da ist aber in Filmen, das hier ist real, Lukas!\"\"Willst du dich aus dem Fenster abseilen, Besserwisserin?\" Das war es wohl mit dem \"Besserverstehen\". Seine gro\u00dfe Schwester wusste eben immer alles besser, war so erwachsen- und unertr\u00e4glich in den letzten Jahren. Konnte sie ihm nichtmal glauben?\"Hmpf.\" Sie krabbelte aus dem Bett und prompt \u00fcberzog eine G\u00e4nsehaut sie. Das ganze Zimmer war k\u00fchl. Seltsam dass es Lukas nicht bemerkt hatte. Der war mittlerweile vollst\u00e4ndig angezogen und beugte sich gerade \u00fcber die Wand.\"Lukas?\" Sie konnte nicht verhindern, dass sie wieder \u00e4ngstlich klang.\"Komm mal... Nichts schlimmes.\" Z\u00f6gernd folgte sie der \u0001 \u0002 holte sie einmal Luft und strich vorsichtig \u00fcber die \u0001 \u0002 hauchzarten Pinselstrichen schien dort ein L\u00f6we in die Wand gemalt worden \u0001 \u0002 und sehr \u0001 \u0002 konnte jedes M\u00e4hnenhaar erkennen.\"Der war gestern nicht da, oder?\"\"Nein. Und der Dachs, der uns grad winkt, auch nicht.\"Sie quietschte und fuhr \u0001 \u0002 hockte da ein h\u00fcbscher Dachs mit gepflegtem Fell und machte eine einladende Hand-Pfotenbewegung.\"Ich werde irre.\" Sie schluckte.\"Ich wohl auch.\" scherzte ihr Bruder und zog sie langsam zu dem T\u00fcr, dass wie auch immer die T\u00fcr aufmachte und quer \u00fcber den Flur \u0001 \u0002 Schlangen, weit und \u0001 \u0002 tapste mit nackten F\u00fc\u00dfen \u00fcber Holz und Teppichboden und warf einen misstrauischen Blick auf die Tapete. Sie schien um einiges \u00e4lter als gestern Abend- und die Schlangen waren kaum zu \u0001 \u0002 Bruder hingegen schien dem Tier zu vertrauen. Das sie so in ihr Zimmer geleitet hatte und nun auf dem Flur \u0001 \u0002 hier sah sie sich vorsichtig um, aber alles in Ordnung.\"Du kannst ihnen vertrauen.\" Was? Sie starrte ihren Bruder an.\"Sie sind nicht b\u00f6se, selbst die Schlangen nicht- nicht wahr?\"Der Dachs nickte langsam. Ihr Bruder atmete einmal tief durch.\"Die Schlangen wollten uns nur ins Zimmer schaffen. Sie wollten uns vor etwas anderem besch\u00fctzen.\" Wieder ein Nicken.\"Vor dem Haus?\" fragte sie nach, aber diesmal kam ein Kopfsch\u00fctteln als Antwort. Sowohl von dem gefleckten Tier als auch von ihrem Bruder.\"Vor etwas im Haus. Etwas, dass sich hier eingenistet hat. Etwas, dass auf dem Dachboden ist.\"Zweimal Nicken. Das letzte schien nur halb richtig und ihr Bruder pr\u00e4zisierte:\"Etwas, dass teilweise auf dem Dachboden zu finden ist.\"Diesmal war es richtig. \"Aber es ist nur Nachts zu finden.\"Wieder ein Nicken, aber dann kam eine scheuchende Pfotenbewegung und der Dachs hoppelte \u0001 \u0002 Bruder wandte sich um und warf einen Blick auf ihr Handy, was sie noch immer an sich gedr\u00fcckt hatte. \"Wir haben nur noch drei Minuten- beeil dich!\"Sie nahm sich seine Worte zu Herzen und zog sich hastig um.\"Wow, Lukas.\" meinte sie dabei. \"Das war echt gut.\" Sie l\u00e4chelte ihm eine wenig sch\u00fcchtern \u0001 \u0002 kleiner Bruder war meistens nervig, f\u00fchlte sich wie der K\u00f6nig der Welt und war oft der Idiot vom Dienst- aber anscheinend versteckte er seine fr\u00fchere Seite hinter einer Pseudo-Macho-Maske.\"Du kannst mir ruhig mal vertrauen.\" sagte er leise und es klang resigniert. Aber auch ein wenig verletzt. Vielleicht war es gerade das, was sie ohne nachzudenken antworten lie\u00dft.\"Das tue ich.\" Es war keine Frage, sondern lediglich eine Feststellung. Und sie stimmte. Auf ihren kleinen Bruder war Verlass. Himmel, sie w\u00e4ren Geschwister. Sie lie\u00dfen einander nicht im \u0001 \u0002 sah auf und sah gerade noch den \u00fcberraschten, leicht verlegenen \u0001 \u0002 fasste sie ihn an der Schulter und dirigierte ihn zur Treppe. Schnell huschten sie herunter und liefen- so leise wie m\u00f6glich- zum Esszimmer.\"Tut mir leid mit deiner Hand.\" sagte Natalie urpl\u00f6tzlich zu ihm, als sie vor der T\u00fcr \u0001 \u0002 trug einen langen Pulli, der die blauen Stellen verdeckte.\"Schon gut.\" Erstaunt sah zu ihm auf und ihr Bruder \u0001 \u0002 nahm er ihre Hand und \u00f6ffnete die \u0001 \u0002. Keine Teller, keine Platten, keine Gro\u00dftante.\"Ach, dachte ich mir, dass ihr hier seit. Kommt, wir fr\u00fchst\u00fccken im Wintergarten. Da hat man einen sch\u00f6nen Blick.\"Daniela Warfy stand bereits akkurat gekleidet vor \u0001 \u0002 folgten ihnen durch den Flur, zu dem bereits gedeckten \u0001 \u0002 Kakao stand bereits da und - Natalie sah es und hatte es geahnt- hatte auch schon Haut.\"Habt ihr gut geschlafen?\"Sie tauschten einen schnellen Blick. Super die Frage.\"Geht so, Oma. Wei\u00dft du, neue Betten und fremdes Haus...\" Sie lie\u00df den Satz ausklingen.\"Ach, wie niedlich.\" Daniela schien sich im letzten Moment davon abzuhalten, ihren Gro\u00dfkindern in die Wange zu kneifen. \"Na, dann bleibt ihr immerhin hier- und geht nicht weg ins Ausland.\"Sie setzten sich und fr\u00fchst\u00fcckten gr\u00f6\u00dftenteils \u0001 \u0002 sah Lukas Augenbewegungen und wusste, dass ihre \u00e4hnlich waren. Auch sie behielt die ganze Zeit ihre Umgebung im Blick. Reflex? Oder war sich Lukas seiner Aussage nicht so sicher?\"Oma...\" begann der gerade im fragenden Tonfall und die Angesprochene reagierte auch sofort.\"Was denn mein Junge?\"\"K\u00f6nnen wir nachher das Haus erkunden? Also Natalie und ich? Wir waren hier ja immer nur kurz und m\u00f6chten sehen, wie du lebst.\"\"Ach, das ist doch kein Problem. Wie wohlerzogen du bist. Nat\u00fcrlich d\u00fcrft ihr. Holt mir aber vorher noch Melisse aus dem Kr\u00e4utergarten, ja?\"\"Salbei, auch?\" mischte sich Natalie ein und warf ihrem Bruder einen nichtzudeutenden Blick zu. Lukas Meinung jedenfalls nach.\"Nein, Liebes. Melisse reicht. Ich werde nachher fernsehen... Gleich kommt volle Kanne und um kurz nach 14 Uhr die K\u00fcchenschlacht. Wenn ihr mitschauen, setzt euch einfach dazu.\"\"Gibt es irgendeinen Ort, wo wir nicht hind\u00fcrfen?\"Daniela Warfy l\u00e4chelte. \"Der Flintenschrank ist f\u00fcr euch tabu. Sonst...ihr seid ja vorsichtig?\"\u00dcberrascht warfen sich die Geschwister einen Blick zu. Wusste sie doch was?Aber der n\u00e4chste Satz machte ihre Hoffnungen zunichte.\"Meine Einrichtung ist ziemlich antik und damit wertvoll, wisst ihr. Also Vorsicht.\"\"Geht klar, Oma.\"\"Du bist doch irre.\" fuhr Natalie ihren Bruder in seinem Zimmer an. \"Wieso willst du das Haus jetzt erkunden?\"\"Es ist hell. Oder was hattest du vor? Hier D\u00e4umchen zu drehen und dich nachts im Zimmer einzuschlie\u00dfen?\"\"Ich... Wir m\u00fcssen keine unn\u00f6tigen Risiken eingehen. Und ein Dachs kann uns schlechter sch\u00fctzen als ein L\u00f6we.\"\"Oder eine Schlange, Schwesterherz. Unsere Tante hat noch nie etwas gemerkt. Und wenn ein Adler und ein Dachs ausreichen um tags\u00fcber zu sch\u00fctzen, scheint es nicht so schlimm zu sein.\"\"Welcher Adler denn?\"\"Nur der, der auf dem Treppenpfosten hockt.\"In diesem Moment fragte sich Natalie, ob ihr Bruder wirklich irre geworden \u0001 \u0002 redete \u00fcber diesen Vogel, wie \u00fcber das Wetter. Dabei waren sie nicht mal einen Tag hier.\"Okay. Komm!\"\"Du kommst mit?\" Erstaunt starrte Lukas seine Schwester an.\"Nein. Ja. Wir fragen jetzt den Adler.\"\"Okay...\" Und da meinte sie, er w\u00e4re \u0001 \u0002 zog ihn- an der anderen Hand wohlgemerkt- zu dem \u0001 \u0002 war erstaunt, dass sie soviel R\u00fccksicht auf seine Prellung nahm. Immerhin hatten sie sich fr\u00fcher auch gepr\u00fcgelt. Da waren die blauen Flecke harmlos, zumal sie in bester Absicht geschehen \u0001 \u0002 Adler nickte auf Natalies Frage nur majest\u00e4tisch und schloss dann die \u0001 \u0002 Schwester kniff die Lippen zusammen, und rang sich ein Nicken ab.\"Keine Angst, Schwesterherz.\" Er zog seinen Gegenstand hervor und sie riss die Augen auf.\"Wieso hast du ein K\u00fcchenmesser dabei? So ein gro\u00dfes, breites?\"\"Naja...\" Er zuckte mit den Achseln und verstand den Terz nicht.\" Den Flintenschrank hat sie uns ja verboten. Also...\"\"Und da nimmst du ein Schlachtermesser mit. Super.\" Vorsichtig, fast behutsam, setzte sie einen Schritt vor den \u0001 \u0002 zu der ersten T\u00fcr- vor dem Knick. Die T\u00fcr mit der Schlangengravur. Sie waren beide angespannt, bereit jeder Zeit zu \u0001 \u0002 T\u00fcr hatte noch immer keinen Knauf. Es schien irgendwie Natalies Aufgabe zu sein und seine Schwester dr\u00fcckte ihre Hand energisch gegen das Holz. Nur er hatte das Z\u00f6gern \u0001 \u0002 schwang die T\u00fcr knarrend auf. Er umklammerte das Messer fester. Vielleicht lebten die Drachen, die sie gesehen hatten- sowie auch die Tiere in ihren Zimmern.\"Lukas...\" \u00dcberraschung klang in Natalies Stimme und als er ins Zimmer sp\u00e4hte verschlug es auch ihm die Sprache. Es war leer. Und es war winzig. Lediglich ein hohes Kerkerfenster lie\u00df ein wenig Luft und Licht hinein. Der Raum war quadratisch und ma\u00df vielleicht vier Quadratmeter- maximal. Sie traten ein, sahen sich um. Es war k\u00fchl und die Tapete dunkel. Das war aber auch alles an \u00c4hnlichkeit mit dem Kerker, den sie gesehen hatte. Lukas sah nach unten: Altes Holz, verblichen. Waren es nicht gestern noch Flie\u00dfen gewesen? Er war sich nicht mehr sicher, hatte aber auch darauf nicht \u0001 \u0002 blinzelte. Einmal. Zweimal. Aber es war noch \u0001 \u0002 ging in die Hocke und bemerkte aus den Augenwinkeln, wie seine Schwester sich sofort an seine Bewegung anpasste- ihn und auch den ganzen Raum im Augen \u0001 \u0002 Finger ber\u00fchrten es und scheinbar sagten sie ihm die Wahrheit. Er fasste zu und ging wieder in die H\u00f6he. \"Was hast du?\" kam sofort die Frage.\"Lass uns erstmal auf den Flur.\" Sie folgte ohne zu z\u00f6gern seinem \u0001 \u0002 dem Gang streckte er ihr seine Hand entgegen und \u00f6ffnete sie.\"Das ist ein Taschentuch.\"\"Erinnerst du dich an den Kessel gestern? Ich habe es darin eingetaucht... Und dann fallen gelassen.\"\"Dann haben wir uns es doch nur...\" Sie suchte nach dem passenden Wort- er sah es.\" ... eingebildet? Den Kerker und die Bibliothek? War das nur eine Illusion?\"\"Nein.\" Er w\u00fcnschte, er h\u00e4tte diese Bestimmtheit nicht. Aber es war nicht zu leugnen.\"Siehst du den Zipfel dort. Er ist gr\u00fcn. Der Trank war gr\u00fcn. Dort habe ich es eingetaucht. Und als es sich langsam zu zerfressen begann, habe ich es fallen lassen.\"Sie starrte auf die gr\u00fcne Ecke des Papiertuches. Es gab auch keinen \u00dcbergang, wie er feststellte, als er dr\u00fcber strich. Es war, als w\u00e4re diese Ecke eben gr\u00fcn genauso wie der Rest wei\u00df war.\"Lass es hier und uns weiter.\" meinte seine Schwester z\u00f6gerlich, aber er nickte und warf das Tuch wieder in den \u0001 \u0002 H\u00e4nde fanden sich fast automatisch, als sie um die Ecke \u0001 \u0002 stie\u00dfen alle T\u00fcren auf, die sich gestern nicht \u00f6ffnen lie\u00dfen oder die sie in Ruhe gelassen \u0001 \u0002, absolut nichts. Alle R\u00e4ume waren leer, die Dielen knarrten unter ihren F\u00fc\u00dfen und in einem Fall roch es muffig... Und wie Lukas in Gedanken feststellte, es aber nicht wagte auszusprechen: nach Verwesung. Und Tod. Und jenem ganz eigenen Geruch, der Grotten \u0001 \u0002 lie\u00dfen sie alle hinter sich und n\u00e4herten sich vorsichtig dem Ende des Ganges. Die alte Treppe, die zum Dachboden \u0001 \u0002 es war still. So still, das sie ihre Atemz\u00fcge h\u00f6rten und das Rascheln des Teppichs unter ihren \u0001 \u0002 drehte er den Knopf- aber zumindest das Zimmer war wie sie es gefunden und verlassen \u0001 \u0002 fast. Als Natalie einen Ordner in die Hand nahm, stellte sie fest, dass die Seiten leer waren. Die Ordner waren auch nicht mehr \u0001 \u0002 stellten alle Ordner, die sich ansahen, gewissenhaft zur\u00fcck. Aber auch alle waren \u0001 \u0002 zwei Sachen waren anders. Zwei verh\u00fcllte Spiegel standen zwischen zwei Schr\u00e4nke gedr\u00e4ngt. Sie tauschten wortlos einen Blick, dann nahm jeder ein Tuch und zog es ruckartig \u0001 \u0002 der Spiegel war blind, der Andere \u0001 \u0002 war eine einzige wei\u00dfe Scheibe, seiner hingegen zeigte einen leeren \u0001 \u0002 Stein als Untergrund, schwere T\u00fcren an den nackten Gangw\u00e4nden. Es schien nichts als Stein dort zu \u0001 \u0002 steckte er das Messer dem Spiegel entgegen. Einer Eingebung oder vielleicht doch einer irrsinnigen Idee \u0001 \u0002 Messerspitze versank in dem Spiegel. Er machte einen Schritt nach vorne. Bis zum Schaft war das Messer jetzt im \u0001 \u0002 lehnte sich nach vorne, wollte schauen, wie weit er gehen konnte... Bis sich ein eiserner Griff um seine Schulter schloss. Er schrie reflexartig auf und lie\u00df das Messer los. Ruckartig riss er sich los und wandte sich um- sah direkt in das Gesicht seiner Schwester. \"Raus hier, schnell!\"Er verstand nicht wieso und warum, aber es war seine Schwester und sie hatte doch meist recht... Er machte einen Schritt in Richtung T\u00fcr, warf aber noch einen Blick zum \u0001 \u0002 Gang hatte sich ver\u00e4ndert... Er schien gehoben worden zu \u0001 \u0002 da lag ein Messer, mitten im Gang, als h\u00e4tten es schon immer dort \u0001 \u0002 breiter Klinge, lang und gro\u00df und schwarzem \u0001 \u0002 harter Ruck an seiner Schulter und dann wurde er aus dem Raum gezerrt. Natalie schlug die T\u00fcr hinter ihnen zu.\"Was? Was ...?\" begann er, aber sie schien ihn zu verstehen.\"Alles war in Ordnung, aber dann haben sich die wei\u00dfen Schlieren meines Spiegels verschoben und ich... ich sah zu dir und du warst dabei in das Teil zu gehen. Und... Und du warst total hypnotisiert, so starr und ohne... ohne Leben im Gesicht. Ich wusste, ich muss dich aufhalten. Und eben... Eben als du hingsehen hast wieder. Ich wei\u00df nicht, dieses Etwas... Was macht es denn direkt? Wir wissen doch gar nichts. Lass uns wieder nach unten gehen. Bitte, Lukas. Es ist nur bis morgen Mittag. Lass es uns gehen, komm!\" Sie wollte nach seinem Arm greifen, aber hielt erschrocken \u0001 \u0002 Adler kam angeflogen. Vollkommen lautlos segelte er, bis er mit raschelnden Federn auf dem Gel\u00e4nder landete. Er schrie kurz, leise und melodisch - und deutete dann mit dem Kopf nach oben.\"Wir sollen hochgehen?\"Er nickte. \"Dann los.\"\"Lukas!\" Seine Schwester klang entgeistert.\"Natalie, komm schon. Sie helfen uns, sie wissen, und sie besch\u00fctzen uns.\"\"Ja und? Warum besch\u00fctzen sie uns? Vielleicht verfolgen sie auch ihre eigenen Ziele?! Es muss nicht sein, dass sie uns nur Gutes wollen. Ich halte es eher f\u00fcr wahrscheinlich, dass wir Mittel zum Zweck sind.\"Besorgt sah er zu dem Adler, der sie ruhig beobachtete. Er schien die Worte hinzunehmen- gut, wie sollte er sich auch dazu \u0001 \u0002 etwas an seinem Blick beruhigte ihn und fl\u00f6\u00dfte ihm Zuversicht ein.\"Ich gehe da hoch!\" sagte er entschlossen und sah seine Schwester an. \"Kommst du mit?\"Die schlug die Augen nieder und biss sich auf die Unterlippe. Sie schien mit sich zu ringen, aber als sie nach weniger als einem Herzschlag aufsah, war ihre Miene fest.\"Ich lasse dich nicht allein.\" sagte sie.***********Diesmal zum Ende ein paar \u0001 \u0002 Muse hatte mich vorhin gek\u00fcsst- eindeutig. Statt einzelner W\u00f6rter ganze Abs\u00e4tze zu schreiben ist \u0001 \u0002 gibt also noch \u0001 \u0002 Anfang oben war gew\u00e4hlt, weil ansonsten die Stimmung nicht so gut gewesen w\u00e4re..Sorry. Hoffe, ihr hattet trotzdem viel Spa\u00df!Kommentare sind gern gesehen.",
            "wordcount": "3.179",
            "chapter_release": "01.08.2011",
            "chapter_number": "4"
        },
        "5": {
            "text": "\u0001 \u0002 f\u00fcrs erneute Klicken ^^.Diesmal ist es ein relativ kurzes Kapitel geworden, allerdings bin ich froh, dass ich \u00fcberhaupt etwas getippt habe- ein anderes Projekt raubt mir im Moment Zeit und \u0001 \u0002 geplaudert, viel Spa\u00df!**********\"Lukas?\" Natalie fasste seine Hand fester. \"Bist du sicher, dass du da hoch willst?\"Er sparte sich die Antwort und trat vorsichtig auf die Stufen. Sie waren alt, sehr alt und knarrten beunruhigend. Was ihn aber mehr zu denken gab, war dass sie nicht abgenutzt waren. Tats\u00e4chlich schienen sie seit langem die Ersten zu sein, die diesen Weg nahmen. Er schob seine Schwester leicht hinter sich. Was auch immer da oben war, er w\u00fcrde es zuerst abgekommen und das war gut. Es war egal, dass Natalie die \u00c4ltere war. Er war der Bruder und musste besch\u00fctzen. Sie h\u00e4tte zwar eine ganz andere Meinung dazu, aber egal. Er packte das Gel\u00e4nder, als die vierte Stufe unter seinem Gewicht nachgab. Sie hielt- gerade so. Seine Hand dr\u00fcckte kurz zu, dann setzte er vorsichtig den Fu\u00df auf das n\u00e4chste Holzbrett. Es knarrte, aber gab nicht nach. Die n\u00e4chste Stufe. Hielt. Die n\u00e4chste. Weiter. Die n\u00e4chste. Natalie ging so gut wie m\u00f6glich seinen Schritten nach, hielt sich nahe an seinem R\u00fccken. Er k\u00f6nnte ihren Atem \u0001 \u0002 wurde wieder merklich k\u00e4lter und er sp\u00fcrte, wie sich eine G\u00e4nsehaut trotz seines Pullovers bildete. Es war fast wie im Kerkerzimmer... F\u00fcr einen Moment zweifelte er, ob es wirklich eine gute Idee gewesen war, den Dachboden zu \u0001 \u0002, es war Tag. Am Tag konnte ihnen nichts geschehen. Stufe f\u00fcr Stufe nahmen sie, vorsichtig, jede Schritt schien sie lautstark anzuk\u00fcndigen. Mit jeden neuen H\u00f6he schien es k\u00e4lter zu werden. Endlich hatten sie den ersten Absatz erreicht. Sie drehten sich um die n\u00e4chste halbe Treppe zu nehmen. Er konnte oben eine alte T\u00fcr erkennen. Sehr dunkel, aber so alt wie die anderen im Haus. Lauerte dahinter das B\u00f6se?Er verscheuchte den Gedanken und sah zu seiner Schwester. Sie hatten die Hand des Anderen nicht losgelassen, aber erst jetzt sah er, wie unruhig ihre Augen hin und her huschten, ihre Gesichtmuskeln erstarrt waren und wie hart sie die Lippen aufeinander presste. Eins musste er seiner Schwester lassen: Sie hielt ihr \u0001 \u0002 atmete tief durch und konnte seinen Atem sehen. Er zuckte zusammen und trat lieber an die erste Stufe, ehe er es sich anders \u00fcberlegte. Diese Stufen waren voller Staub. Klasse. Neunzehn \u0001 \u0002 geringer Abstand, oben eine T\u00fcrknauf und eine alte Holzfassade, die abbl\u00e4tterte. Die W\u00e4nde waren nackter Stein. Keine Tapeten, kein Putz, keine Fenster, kein Bild. Unter der T\u00fcr drang kein Licht hervor. Der M\u00f6rser war an einigen Stellen herausgebr\u00f6ckelt. Er schluckte und setzte den Fu\u00df auf die erste \u0001 \u0002 knarrte, wie auch zuvor. Er nahm die n\u00e4chste Stufe. Seine Schwester folgte ohne ein Wort. Sie hinterlie\u00dfen Spuren im Staub. Er setzte wieder einen Fu\u00df auf die Stufe und ber\u00fchrte sie nur leicht, denn irgendwas sagte ihm, dass es keine gute Idee war diese zu ber\u00fchren. Er lie\u00df seinen Fu\u00df so, eine sehr unangenehme Haltung, aber er traute sich nicht, ihn wieder fortzunehmen. Er warf einen Blick zur\u00fcck, Best\u00e4tigung bei seiner Schwester suchend. Diese nickte ihm zu und an ihr vorbei konnte er den Adler auf den Gel\u00e4nder sitzen sehen, ihn ernst beobachtend. Was hatte seine Schwester gesagt?Nun kamen auch ihm leise Zweifel. Wie konnten sie tats\u00e4chlich sicher sein, dass die Tiere ihnen halfen? Auch wenn die Schlangen, sie besch\u00fctzt haben sollten, waren sie ihm nicht sonderlich sympathisch gewesen. Und auch wenn der L\u00f6we sie besch\u00fctzt hatte, hie\u00df das nicht, dass er es wieder tun w\u00fcrde. Und diese Schlangen- wenn sie sie wirklich von diesem Ort weglotsen wollten, wieso schickte sie der Adler dann wieder hin?\"Lukas.\" zischte seine Schwester. \"Geh' jetzt!\"Unbahrmherzig wie immer. Aber sie hatte Recht. Sie waren jetzt zu weit um zur\u00fcckzugehen. Und wer wusste schon, was dann der Adler machen w\u00fcrde. Er belastete den rechten Fu\u00df. Nichts geschah. Erleichtert atmete er auf und holte das linke Bein nach. Wieder passiert nicht \u0001 \u0002 sch\u00fcttelte den Kopf \u00fcber sich und trat auf die n\u00e4chste Stufe. Innerhalb von Sekunden war das L\u00e4cheln von seinen Lippen gewischt. Er f\u00fchlte wie das Brett unter seinen F\u00fc\u00dfen brach und automatisch schrie er auf. Bis zur H\u00fcfte krachte er auf die gebrochene Treppenstufe und sein anderes Bein wurde extrem gedreht.\"Lukas! Lukas!\" Ihm fiel auf das seine Hand leer war. Seine Fingern waren aus denen seiner Schwester geglitten.\"Oh Gott.\" Seine H\u00fcfte tat ihm weh und dann f\u00fchlte er Arme, die sich unter seine Achseln fassten und ihn hochzogen. Es tat verdammt weh, aber dann war er frei.\"Zum Gl\u00fcck bist du nicht so schwer.\" keuchte seine Schwester und sah auf sein Bein. Er tat das gleiche. Es war staubig, aber unversehrt. Ein paar blaue Flecken hatte er abbekommen und wohl auch eine Prellung. Au\u00dferdem tat ihm sein Schritt und auch Stellen, die Natalie nichts angingen, weh. Aber es ging. \"Passt schon.\" brachte er hervor und st\u00fctzte sich an der Wand auf. Erstaunt sah er auf, als kein Protest \u0001 \u0002 Ausdruck im Gesicht seiner Schwester hatte w\u00e4hrend der Zeit schon zu oft gesehen. Das Entsetzten, die Angst, die Furcht. Das Unglauben. Er sah hastig in die Richtung, in die sie starrte. Es fiel ihm nichts auf. Aber dann begann der Adler am Absatz zu schreien und mit den Fl\u00fcgeln zu schlagen und er f\u00fchlte einen Schubs seiner Schwester in Richtung der T\u00fcr am oberen Absatz.\"Bist du irre?\" fragte er sie. Wollte sie riskieren, dass noch mehr Stufen nachgaben? Stattdessen schnappte sie sich seine Hand, dr\u00e4ngelte sich am ihm vorbei und \u00fcbertrat das gebrochene Brett. Sie zerrte ihn nach vorne und ihm viel auf, dass die Luft seltsam schmeckte. Was war das? Er sah wei\u00dfes Pulver um sie herum fliegen, fast wie ein Schneesturm. Aber es war viel feiner. Es war der \u0001 \u0002, der vorhin noch auf der Treppe gelegene hatte.\"Dreh' dich nicht um.\" rief seine Schwester und ein Sturm begann um sie zu tosen. \"Sieh nicht zur\u00fcck!\"Es wurde laut. Es h\u00f6rte Wind und der Staub peitschte gegen ihn, hart und kalt, es wurde noch k\u00e4lter und die Partikel f\u00fchlten sich wie Eisklumpen an. Natalie zerrte ihn unbarmherzig weiter, doch h\u00e4tten sie nicht l\u00e4ngst da sein m\u00fcssen?Er bekam langsam Panik. Was ,wenn es wie letzte Nacht war? Als sich Zimmer und Flure verl\u00e4ngert hatten und sie nicht von der Stelle gekommen waren? Als sie ihn Gefahr gewesen waren, in gro\u00dfer Gefahr?Dann hielt sich seine gro\u00dfe Schwester kurz an und riss ihn dann hart nach vorne. Er stolperte \u00fcber die letzte Stufe und schlagartig konnte er wieder sehen. Ein abgeschabter Holzfu\u00dfboden kam ihm entgegen und instinktiv streckte er die H\u00e4nde aus, um sich abzufangen. Stechender Schmerz durchfuhr sein blaues Handgelenk. Ein scharfer \u0001 \u0002 zog die Knie an und warf einen Blick um sich. Sie waren auf dem Dachboden \u0001 \u0002 fl\u00fcchtig warf er einen Blick herum und sah dann nach hinten zu seiner \u0001 \u0002 lehnte schwer atmend an der T\u00fcr, sie hatte sie wohl zu geworfen, deshalb der Knall und sah ihn so beunruhigt wie noch nie an.\"Natalie?\" Er z\u00f6gerte. Dieser so unendlich ersch\u00f6pfte Ausdruck, die tiefe Besorgnis- aber er sah keine Angst, keine Furcht. Und was ihm noch mehr Angst machte, war die tiefe, dunkle Gewissheit und das Wissen, dass er in ihren Augen sah.\"Ist schon okay, Lukas.\" Diese ruhige Stimmlage... Er verzog das Gesicht. \"Wirklich.\"\"Was wei\u00dft du?\" Er hasste es, dass er so unsicher klang. Aber seine Schwester beunruhigte ihn. War das \u00fcberhaupt noch seine Schwester? Oder war es ein Zombie? Oder irgendwas anderes? Wie konnte er sicher sein?\"Ich glaube...\" Sie z\u00f6gerte- und dann endlich, endlich schlich sich Unsicherheit in ihre Mimik. Aus Unsicherheit wurde kurze Angst und er meinte kurz Panik in ihren Augen aufglimmen zu sehen, aber dann machte alles dem Unbehagen Platz.\"Bitte, Lukas, frag' nicht.\" Sie biss sich auf die Unterlippe und starrte auf den Boden. Unbewusst schlangen sich ihre H\u00e4nde um ihren Oberk\u00f6rper. Natalie sah so verletzlich und so allein wie sonst nie aus und vielleicht war es das, was ihn dazu bewegte, zu ihr zu gehen, sie zu umarmen. Etwas, dass er sonst nie getan hatte. Wenn tat sie den ersten Schritt und nicht er.\"Lukas...\" murmelte sie leise und dann dr\u00fcckte sie ihn an sich und vergrub ihr Gesicht an seiner Schulter. Er legte seine Arme um sie und hielt sie fest. Und obgleich er wissen wollte, was geschehen war, w\u00fcrde er nicht fragen. Sie w\u00fcrde es ihm nicht sagen. K\u00f6nnen oder Wollen war die Frage. Aber es muss sehr unangenehm gewesen sein und schien seine Schwester tief verst\u00f6rt haben- oder aber be\u00e4ngstigt oder \u0001 \u0002 wusste nicht, wie lange sie so dasa\u00dfen, w\u00e4hrend sich Natalie sammelte und er \u00fcberlegte, was passiert sein \u0001 \u0002 etwas im Staubsturm sie angegriffen? Sie infiziert? Sie \u00fcbernommen? Oder ihr nur etwas gesagt?Schlie\u00dflich hob sie den Kopf und er lockerte seine \u0001 \u0002 rutschte etwas von ihm weg, ohne sich aus ihrer gegenseitigen Umarmung zu befreien. Fest sah sie ihm in die Augen, schien ihn zu mustern und was auch immer sie gesucht haben musste, sie schien es gefunden zu haben.\"Lukas?\" Sie l\u00e4chelte ein wenig und neigte den Kopf ein wenig zur Seite, eine Haarstr\u00e4hne fiel ihr in das Gesicht.\"Hm?\" Er war ungewohnt einsilbig, er traute sich nicht mehr um nichts falsches zu sagen. So emotional und freundlich war Natalie sehr ungewohnt.\"Ich hab dich lieb.\"\"H\u00e4?\" Also bitte. Er konnte sich selbst ohrfeigen. \"Ich dich doch auch.\"Was war denn in sie gefahren? Wieso sagte sie ihm das? Das war wirklich eine ungeheure Steigerung zu \"Du nervst einfach nur.\" vor zwei Tagen und \"Ich hasse dich!\" vor \u0001 \u0002 l\u00e4chelte, als h\u00e4tte sie seine Gedanken erraten und legte dann ihren Kopf auf seine \u0001 \u0002 langsam f\u00fchlte er sich \u00fcberfordert. Noch eine Weile verharrten sie so, dann r\u00e4usperte er sich \u0001 \u0002 Schwester l\u00f6ste sich von ihm und sie standen beide auf. Natalie musterte ihre Umgebung erst jetzt genau, scheinbar hatte sie sie vorher unbeachtet gelassen. Gut, dass er das \u00fcbernommen hatte. Nicht, dass sie noch irgendwas angegriffen h\u00e4tte oder so.\"Sieht ziemlich langweilig aus, oder?\" versuchte er sie ein wenig aufzuheitern.\"Ist mir im Moment ziemlich recht. Wollen wir uns umsehen?\"\"Hn.\" Er ging ein paar Schritte und auch wenn der Dachboden harmlos aussah, sie gingen nur ein paar Schritte auseinander. \"Mensch.\" rutschte ihn \u0001 \u0002 Schwester sah es auch und strich fast ehrf\u00fcrchtig \u00fcber den Dachbalken. Die Spuren waren \u00fcber den ganzen Raum verteilt. Alles wirkte abgeschabt und abgenutzt. Es war ,als h\u00e4tte jemand \u00fcberall, Messer in alles gerammt. Es fehlten zentimetertiefe St\u00fccke. Es war als h\u00e4tte eine Stachelschwein oder eine Igel an jeder erdenklichen Stelle gew\u00fctet. Die Fenster waren zwar unbeschadet, aber auch sie hatten Kratzspuren. Es schien wie ein Wunder, dass sie noch nicht gesplittert \u0001 \u0002 an der Decke waren die Furchen zu finden. Lukas sah sich um. Diese Spuren schienen keinem Muster zu folgen, sie waren wirr und mal tiefer, mal flacher - aber es war... es f\u00fchlte, ja f\u00fchlen war das richtige Wort, auch wenn es irre klang, es f\u00fchlte sich an, als w\u00e4re sie in tiefer Wut entstanden. Wut, Hass, Zorn- die Gef\u00fchle schienen bei einer Ber\u00fchrung in ihn zu flie\u00dfen, schwach, aber da. Es war als w\u00e4ren sie ein Echo des \u0001 \u0002 war dieses B\u00f6se, was man teilweise hier fand?Das es gef\u00e4hrlich war, daran zweifelte er keine Sekunde mehr. Nicht nach diesem \u0001 \u0002 das vergangene Geschehen ihn eigentlich eines besseren h\u00e4tte belehren m\u00fcssen. Und zum ersten Mal dachte er an seine \u0001 \u0002 konnte sie in diesem Haus noch sicher sein? Es war ein Wunder, dass sie noch nicht verletzt oder bedroht worden \u0001 \u0002 sahen sich weiter in dem vollkommen leeren Raum um. Er war ged\u00e4mmt, aber es ragten dennoch Holzbalken vom Boden bis zur Decke. Es war ein Spitzboden und dennoch machten es die verwinkelten Ecken es schwer, ihn vollkommen \u0001 \u0002 lagen auf dem Boden. Das Holz war verwittert und dunkel und an einem Fenster konnte er typischen Holzwurmspuren \u0001 \u0002 lag kein einziges Staubkorn und er fragte sich, ob Natalie in deshalb hier rein gezogen hatte. Vielleicht musste der Staub durch irgendeine Gesetzm\u00e4\u00dfigkeit drau\u00dfen bleiben?Oder war der Staub auch ein Schutz vor dem, was hier nachts war?Hier wollte er wirklich nicht zur aktiven Zeit dieses \"Etwas\" sein...\"Lukas?\" Er drehte sich zu seiner Schwester um, froh dass sie so ruhig klang. \"Wollen wir zur\u00fcck?\"Er nickte automatisch, blieb dann aber stehen. \"Wie denn? Da war doch dieses Ding ...\"\"Schon gut. Es wird uns jetzt nicht aufhalten. Aber es war gut, dass du dich nicht umgedreht hast.\"\"Wieso eigentlich? Und wieso bist du dir so sicher, dass uns jetzt nichts passiert?\"\"Ich ...\" Sie z\u00f6gerte. \"Ich wei\u00df es einfach. Komm jetzt.\"Sie streckte ihm wieder ihre Hand hin, die er ohne zu z\u00f6gern nahm. Sofern sie hier einigerma\u00dfen heil rauskamen, ihre Beziehung als Geschwister hatte sich um L\u00e4ngen gebessert. Und irgendwie freute ihn das. Gleichzeitig schreckte er vor dem Gedanken zur\u00fcck, dass sie vielleicht nicht heil dieses Haus verlassen \u0001 \u0002 hatte nicht bislang nicht gez\u00f6gert, war eher derjenige gewesen, der neues erkunden wollte- aber zum ersten Mal jetzt fragte er sich, ob das falsch gewesen war. M\u00f6glich ,dass auch sein schmerzendes Bein und seine schmerzende Lenden es beeinflussten. Sein gequetschtes Handgelenk oder was auch immer das war, war kein Problem gewesen- zumal es Natalie es nicht absichtlich verursacht \u0001 \u0002 der Sturz in die Treppe war gewollt gewesen, dass w\u00fcrde er \u0001 \u0002 \u00f6ffnete ohne zu Z\u00f6gern die \u0001 \u0002 erschreckte sich nicht, denn er hatte es erwartet. Die Treppe war wieder vollkommen in Ordnung. Der Staub war verschwunden. Die Stufe wieder heil. Sonst war alles gleich alt und \u0001 \u0002 w\u00e4hrend seine Schwester ohne Z\u00f6gern, ohne die geringste Furcht oder sichtbare Vorsicht hinunterstieg, konnte er es nicht unterdr\u00fccken. Dennoch lie\u00df er sich ohne Widerstand f\u00fchren. Er fragte sich, woher sie die Zuversicht nahm. Die Gewissheit. Wieso wusste sie es einfach?Und eine kleine Stimme, die er nicht ganz verdr\u00e4ngen konnte, fragte: Wieso ich nicht?",
            "wordcount": "2.432",
            "chapter_release": "01.08.2011",
            "chapter_number": "5"
        },
        "6": {
            "text": "Lang, lang ist es \u0001 \u0002 hallo und ich hoffe, es gef\u00e4llt euch \u0001 \u0002 n\u00e4heren uns den letzten Kapiteln, allerdings gibt es noch mindestens \u0001 \u0002 Spa\u00df!*****************Natalie lehnte sich auf der H\u00e4lfte der Treppe an ihn, lie\u00df seine Hand aber nicht los. Lukas wusste nicht genau, was los war, aber er umarmte sie. Das hatte vorhin geholfen, und es war eine sehr gute Reaktion gewesen, denn schlagartig sackte sie \u0001 \u0002 fasste er nach, lie\u00df sich mit ihr auf die Treppenstufe \u0001 \u0002 wenig panisch sah er zum Flur, sie waren zwar im Halbschatten, aber wenn seine Gro\u00dftante jetzt herauskommen w\u00fcrde, w\u00e4ren sie sicherlich entdeckt. Und wie sollte er das dann erkl\u00e4ren? Aber \u2013 warum eigentlich nicht? Daniela lebte in diesem Haus seit Jahren. Und hatte das unverletzt \u00fcberlebt. Wer wusste schon, ob sie nicht doch den einen oder anderen Rat hatte?Nein, dachte er dann. Dann h\u00e4tte sie ihnen nicht die Zimmer \u0001 \u0002 war sie wirklich vollkommen unwissend? Das war eigentlich nicht m\u00f6glich. Er seufzte ein wenig. Eigentlich. Eigentlich lebten keine R\u00e4ume, eigentlich gab es keinen lebenden Schlangen aus W\u00e4nden, eigentlich galten die Naturgesetze. Natalie regte sich ein wenig in seinen Armen und er sah zu ihr. Sie schien ungew\u00f6hnlich blass, und ihre Pupillen waren riesig. \u201eLukas\u2026\u201c sagte sie leise, starrte ihm ins \u0001 \u0002 rutschte sie weiter an ihm runter, schien ihm davon zu gleiten. Ob nun nur k\u00f6rperlich oder auch seelisch, er wollte es nicht wissen und doch musste er es, denn er hatte \u0001 \u0002 f\u00fcrchtete um seine Schwester, so wie sie gewesen war und das was da auf der Treppe mit ihr passiert \u0001 \u0002 das nun eine Nachwirkung? Kam es erneut? War es etwas v\u00f6llig anderes?\u201eNatalie!\u201c Er sch\u00fcttelte sie, vielleicht ein wenig zu fest, vielleicht zu grob und ihr Kopf schlackerte. \u201eLukas\u2026\u201c Ihre Antwort war gehaucht, fast nicht zu h\u00f6ren. Ihre Augen starrten ihn direkt an, so dunkel, so hart, so direkt. So leer und \u0001 \u0002 begann zu zittern und hasste es, denn er f\u00fchlte sich hilflos. Er wusste nicht was er machen sollte, zog sie dichter zu ihm, hielt sie fest, sagte erneut ihren Namen, dr\u00fcckte sie und schob sie wieder ein wenig weg, doch nichts \u00e4nderte sich. Rein gar nichts.\u201eNatalie\u2026\u201c Er h\u00f6rte, wie verzweifelt er klang. Doch was hatte er noch anderes? Er konnte nicht mehr tun als nur mit ihr zu reden, sie zu halten, versuchen sie aufzuwecken oder was auch immer, diesen Zustand zu beenden, indem sie sich befand. Aber er wusste nicht \u0001 \u0002 wusste auch nicht, ob er es gut finden sollte, dass sie immer auf ihren Namen reagierte, indem sie seinen sagte. Er wusste nicht, ob sie nur einfach auf den Reiz reagierte oder ob sie wirklich wusste, was sie tat. Er wusste nicht, ob es nicht nur einfach eine Reaktion war oder ob sie damit etwas meinte, ob sie damit ihm etwas sagen \u0001 \u0002 so starrte er ihr weiter ins Gesicht, dr\u00fcckte sie, umarmte sie, wollte ihr zeigen, dass er da war. Dass er nicht weggehen w\u00fcrde. Dass er etwas tun w\u00fcrde, w\u00fcsste er was. Dass er etwas tat, dass sie ihm nicht egal war und dass sie bitte, bitte doch wieder normal werden w\u00fcrde. Er wollte sie nicht verlieren. Er dachte nicht an seine Eltern oder den Rest der Familie. Er dachte nicht daran, dass er es dann nicht erkl\u00e4ren konnte. Alles was er wollte, war dass sie bei ihm blieb, so selbsts\u00fcchtig es auch war. Er wollte seine gro\u00dfe Schwester nicht \u0001 \u0002 begann selbst zu zittern und ihm wurde kalt, denn Natalie klang wie eine Marionette und sie war so leblos und sie war nicht kalt, sondern warm, als er sie erneut an sich dr\u00fcckte und sie festhielt, sie und sich selbst wiegte, in der Hoffnung, dass irgendwie doch alles gut werden w\u00fcrde. Er lie\u00df sie wieder los und sah in ihr Gesicht, dass wie eine Maske wirkte, so reglos und ohne Reaktion, ein ausdrucksloses Gesicht, was sich in sein Ged\u00e4chtnis eingrub, ihn tief ersch\u00fctterte und er wusste, er w\u00fcrde es nie wieder vergessen \u0001 \u0002 Schwester hatte immer Emotionen gezeigt, nicht ihre wahren, aber ihre Z\u00fcge waren nie, niemals so leer gewesen wie \u0001 \u0002 begann zu schluchzen, denn es war, als h\u00e4tte ihr Geist ihren K\u00f6rper verlassen, denn er konnte sie ohne jeden Widerstand oder Reaktion bewegen. Es war, als w\u00e4re sie eine lebendige Puppe, eine so echte, schlaffe Masse aus Fleisch, Blut und Knochen und Haut, durch jeden zu bewegen und ohne eigenen Willen. Ohne eigenen Geist. Ohne jeden Funken \u0001 \u0002 die Spur von seiner gro\u00dfen Schwester.\u201eNatalie, bitte.\u201c Brachte er hervor und sp\u00fcrte, wie ihm Tr\u00e4nen in die Augen stiegen und er kniff sie zusammen um sie zur\u00fcck zu halten, und merkte, wie sich alles in ihm zusammenzog, denn dieses Mal antwortete sie \u0001 \u0002 begann zu beben, und seine Lippen bewegten sich, doch ohne Ton und er wusste auch nicht, was er sagen wollte, was f\u00fcr W\u00f6rter sich dort formten, doch es w\u00e4ren keine S\u00e4tze gewesen und er \u2026 er war selbst nicht mehr in der Lage zu sitzen, sitzen zu bleiben und trieb, trieb irgendwo und irgendwann dahin, er wusste nicht mehr, wo er war. Was er war. Wer er \u0001 \u0002 war hin und her geworfen, getrieben, schier zerrissen und verwirrt. Er bewegte den Kopf und streckte die Finger und schien allein im Grauen nichts und als er etwas sagte, h\u00f6rte er es nicht und doch schien er zu sehen, grau und nichts als grau, das gleiche Grau \u00fcberall, und er schien doch nicht zu \u0001 \u0002 war. Mehr \u0001 \u0002 da war Verzweiflung, Angst und Panik in ihm, er sp\u00fcrte sie dort, irgendwo. Aber alles schien wie mit einem dicken Laken abgedeckt, einem grauen Schleier, der sich \u00fcber jedes legte und er nahm es nicht richtig war. Nichts ber\u00fchrte ihn, nichts bewegte er. Er versuchte sich nach rechts zu drehen, ohne Grund, wusste nicht seine Absicht, er wollte es nicht \u0001 \u0002 ging, irgendwie und nichts \u00e4ndert sich, doch es war okay. Es war so und er bewegte sich wieder breitete sich mehr aus, keinen Widerstand und keine Gedanken. Es war als schwimme er und br\u00e4chte nicht atmen, tat es nicht einmal mehr. Er war allein und es war nicht schlimm und nicht gut, denn es war. Seine K\u00f6rper streckte sich und er f\u00fchlte ihn auch nicht richtig, wusste, dass er es tat, aber er sp\u00fcrte keinen Schmerz, keine Ziehen, keinen Widerstand. Es war nicht bedrohlich, es wirkte nicht sicher. Es gab nichts, es gab keine Emotionen, es gab keine wirklichen Gedanken. Und er f\u00fchlte, er trieb h\u00f6her und wurde bewegt und nahm es unbewegt hin, doch schlich sich ein Gedanke ein, dass es doch abw\u00e4rts sein m\u00fcsste. Doch er wurde hinfort gezogen und entschwand ihm wie Staub im Wind und war nicht \u0001 \u0002 \u00e4nderte sich nichts und nicht einmal das, dachte er. Er hatte das Gef\u00fchl \u2013 er hatte kein Gef\u00fchl. Es gab keinen Prozess. Es gab keine Ver\u00e4nderung. Er bemerkte nichts. Er wollte nicht bemerken. Er war eine leblose H\u00fclle. Sein Geist schien nicht einmal mehr erstarrt. Es war nicht eingefroren. Alles war leer. Alles war nichts. Es war. Alles, was noch gewesen war, war verschwunden. Die Leere breitete sich aus. Das Nichts. Reines Grau. Zeit existierte nicht. Raum existierte nicht. Er existierte nicht. Doch etwas \u00e4nderte sich. Es war keine Zeit vergangen, es hatte sich nichts ge\u00e4ndert. Er merkte, dass da etwas war, und er nahm es hin. Er wollte sich abwenden, doch etwas streifte ihn. Es streifte ihn und er sp\u00fcrte mehr. Er regte sich und wollte mehr. Wollte mehr davon. Von etwas, was war und auch nicht, was er begehrte und nicht zuordnen konnte, nicht einmal sagen konnte, was es war. Was er war. War er ein er?Es ber\u00fchrte ihn erneut und er sp\u00fcrte es. M\u00fchsam, wie sich etwas durch rei\u00dfendes Wasser an die Oberfl\u00e4che k\u00e4mpft, und es kam, unaufhaltsam und es war gut, es war gut so. Etwas kam vor sein Augen und es war nicht grau, nein, denn es war rein und blau und er \u2026 er erinnerte sich. Da hatte etwas ihn ber\u00fchrte und ihm war warm gewesen, etwas war \u00fcber ihn gefahren, hatte ihn gestupst, hatte ihn gestriffen und jetzt- er erinnerte sich, dass es Wind gewesen war! Wind, Wind so hie\u00df es und Bilder, Erinnerungen kamen ihm in den Sinn und er erwachte, regte sich immer mehr und erinnerte sich an Felder und Gras und Sonne- Sonne, die auf seine Haut schien und ihm w\u00e4rmte und Freiheit und er hatte sich sicher gef\u00fchlt und es war keine Ber\u00fchrung, es war ein Geruch und die graue Masse zog sich zur\u00fcck, mehr und mehr und da tauchten Augen vor ihm auf und er wusste, er kannte sie und diese Augen, diese braunen Augen, sie waren ihm wichtig, wichtiger als vieles andere, wichtiger als fast alles und dann waren da braune Haare und ein Gesicht, dass mal lachte, mal traurig war, mal w\u00fctend, mal\u2026 So viel. So viele Emotionen und er wusste wieder, dieser Kopf geh\u00f6rte zu einem M\u00e4dchenk\u00f6rper und schon sah er es, und das M\u00e4dchen, zu ihr geh\u00f6rte der Geruch nach Wind und Sommer und Freiheit. Und er trieb weiter und sah und sah endlich und er sah sie und ber\u00fchrte sie und das Grau verschwand und zerfaserte, verblasste immer mehr, bis es nicht mehr war und er schlug die Augen auf und hielt ein M\u00e4dchen in seinen Armen, lag vorn\u00fcber auf einer Treppenstufe und es tat weh und das war \u0001 \u0002 richtete sich auf, wusste sein Name war Lukas, er erinnerte sich an sein Alter, seinen Namen, seine Freunde, seine Familie, seine Hobbies und seine Emotionen, denn er f\u00fchlte, f\u00fchlte endlich wieder. Lukas atmete tief ein, setzte sich auf die Stufe, sah seine gro\u00dfe Schwester an und l\u00e4chelte, denn er wusste wieder ihren Namen. \u201eNatalie.\u201c Sagte er erleichtert und gl\u00fccklich und sprach laut um es nie wieder zu vergessen und dann flatterten ihre Augenlieder und sie sah ihn an und sah ihn auch. Und dann umarmte sie \u0001 \u0002 begann zu lachen und wusste selbst nicht warum, und sie stimmte ein und so sa\u00dfen sie auf der Stufe, \u00e4u\u00dferst unbequem und dennoch st\u00f6rte es sie \u0001 \u0002 wusste nicht, wie lange sie so dort sa\u00dfen. Schlie\u00dflich richtete Natalie sich auf und er sah zu, wie sie sich die Tr\u00e4nen wegwischte und ihm auf die Wange k\u00fcsste, ehe sie ganz, ganz leise \u201edanke\u201c sagte. Er sah sie einen Moment an und erst dann wischte er sich grinsend \u00fcber die Wange. Er stand auf und sie auch. Er musste schon wieder l\u00e4cheln und sie dr\u00fcckte ihn kurz, lie\u00df ihn aber los. Sie waren kein Paar, dass Arm in Arm die Treppe runterging. Auf einmal war es egal, dass ihnen dieses Haus nicht geheuer war. Dass sie vermutlich in Gefahr waren. Sie waren am Leben und das \u0001 \u0002 konnte ihre Gro\u00dftante auch gar nicht Verdacht sch\u00f6pfen, als sie fragte, ob alles in Ordnung sei und sie fr\u00f6hlich bejahten. Es war nicht einmal langweilig, als sie sich zu ihr setzten, die Kochshow sahen, anschlie\u00dfend mit ihr Karten spielten und auch nicht meckerten, als sie steinharte Kekse vorgesetzt bekamen und gen\u00f6tigt wurden, sie zu essen. Sie hatten auch kein Problem, ein L\u00e4cheln vorzut\u00e4uschen als sie ihr Abendessen sahen. Lediglich als sie erneut aufs Zimmer geschickt wurden, z\u00f6gerten sie, w\u00e4hrend ihre Gro\u00dftante es abtat und in ihr Schlafzimmer ging. Die Treppe knarrte, als sie wieder hochstiegen, langsamer diesmal und sich immer wieder furchtsam umsahen. Es war kein Tier zu sehen, kein Rauch, kein Nichts und lediglich riss Lukas einmal den Kopf nach oben und sah nichts mehr. Doch er war sich sicher, einen Schatten gesehen zu haben. Einen gro\u00dfen Schatten \u00fcber ihnen. Er sah besorgt zu Natalie, die stehen geblieben war und ebenfalls beunruhigt Boden, W\u00e4nde und Decke musterte. \u201eWas?\u201c sagte sie leise, versuchte alles im Blick zu behalten. \u201eIch wei\u00df nicht.\u201c antwortete er leise und nahm automatisch ihre Hand. Natalie z\u00f6gerte keinen Augenblick und erwiderte den \u0001 \u0002 zerrte sie ihn urpl\u00f6tzlich hoch. \u201eLass uns die Treppe schnell verlassen.\u201c Zischte sie und beeilte sie die Stufen hinaufzukommen. Lukas folgte ihr stolpernd, blickte jedoch am Treppenabsatz zur\u00fcck und blick ruckartig stehen. \u201eSieh mal.\u201c Wisperte er leise und Natalie drehte sich vorsichtig um, noch einen Blick auf den Gang verwerfend und erschrak ebenfalls. Ein gro\u00dfer Schatten hockte an der Treppe, sicher f\u00fcnfzig Zentimeter gro\u00df und vollkommen unnat\u00fcrlich. Sie erkannte die Form und dann h\u00f6rte sie ein leises Klicken, w\u00e4hrend sich lange, d\u00fcnne Schattenbeine bewegten und \u00fcber die Tapete kratzten. Fast erwartete sie eine Vielzahl Augen sie anstarren zusehen, w\u00e4hrend die Schattenfigur sich t\u00e4nzelt hin und her bewegte. Dann ber\u00fchrte etwas Warmes ihre \u0001 \u0002 kreischte und schrie auf und sprang weg. \u201eHey!\u201c Lukas zuckte zusammen. \u201eEs ist weg. Komm.\u201cSie warf einen Blick zur Wand. Tats\u00e4chlich. Die Spinne war weg\u2026 Aber wohin?\u201eIn mein Zimmer! Schnell!\u201c Sie zog an ihren noch immer verbundenen H\u00e4nden, ohne R\u00fccksicht, was da vielleicht in ihrem Zimmer war oder auch nicht. Ein Gedanke, der wohl auch ihrem Bruder gekommen war, denn er rief \u201eWarte!\u201c, doch sie wollte lieber weg von dieser verschwundenen \u0001 \u0002 ihrem Zimmer war Nichts. Es war leer. Vollkommen \u0001 \u0002 erstarrten beide auf der T\u00fcrschwelle. Kein bett, kein Schrank, kein Schreibtisch, kein Bild, kein Teppich.\u201eDein Zimmer.\u201c Wisperte Natalie leise und sie gingen langsam zur\u00fcck, schlossen die T\u00fcr hinter \u0001 \u0002 Zimmer war komplett. Sie verschlossen die T\u00fcr, indem sie einen Stuhl unter die Klinke stellten und zogen sich schweigend Schlafsachen an, krochen gemeinsam unter die Bettdecke, einander \u0001 \u0002 von ihnen hatte das Bed\u00fcrfnis, dass Zimmer zu \u0001 \u0002 war d\u00fcster, als Lukas erwachte. Es war kalt, sehr kalt. Und er sp\u00fcrte die k\u00fchle Wand in seinem R\u00fccken. Und vor ihm nur warme Bettw\u00e4sche. \u201eNatalie?\u201c fl\u00fcsterte er und tastete nach ihr, aber da war nichts. Die T\u00fcr war auf, und Natalies auch und der Mondschein fiel in den \u0001 \u0002 dem Boden lag eine bewusstlose Gestalt. Natalie. Er schrie auf und sprang aus dem Bett. Ihr Gesicht war ausdruckslos und ihr K\u00f6rper schlaff, lag als h\u00e4tte man ihn drapiert. Sie lag kurz vor der T\u00fcr und als seine nackten F\u00fc\u00dfen den Boden ber\u00fchrten, begann ihr K\u00f6rper, wie von unsichtbaren F\u00e4den gezogen, vorw\u00e4rts \u00fcber den Boden zu \u0001 \u0002 hechtete hinterher doch ihr K\u00f6rper glitt \u00fcber den Flur, die gekreuzten H\u00e4nde auf ihrer Brust schlackerten ein wenig, als man sie um die Kurve zog und er st\u00fcrzte hinter, schlug fast der L\u00e4nge nach hin und als er um die Biegung war, war dort nichts mehr. Hinter ihm schlugen krachend zwei T\u00fcren zu.",
            "wordcount": "2.429",
            "chapter_release": "01.08.2011",
            "chapter_number": "6"
        }
    },
    "title": "43 Stunden",
    "topic": "unspecified",
    "release": "\n01.08.2011\n\t\t\t\t\t\t",
    "author": "ayola"
}