{
    "tags": [],
    "chapcount": "8",
    "wordcount": "12.029",
    "chapters": {
        "1": {
            "text": "Prolog: Vor zwei Monaten hat mich ein Mann angerufen. Woher auch immer er meine Nummer hatte. Seid 6 Monaten war ich offiziell kein Arzt mehr. Aber das hie\u00df nicht, das ich auch aufh\u00f6rte zu arbeiten. Nat\u00fcrlich Schwarz und nur gegen eine gute Bezahlung. Aber das was sie meistens auch. Mein Lebenstandart war nur etwas von dem Jobverlust angekratzt worden. Wirklich nur ein ganz kleines bisschen. Aber hey, ich verdiente f\u00fcr manche Jobs sogar mehr. Egal ich schweife ab. Er hat mir gesagt, es ginge um seine Tochter. Kann ja ein Spa\u00df werden. Ich bin doch kein Kinderarzt. Aber die Bezahlung ist gut. Die Adresse ist liegt au\u00dferhalb der Stadt. Bin mal gespannt was mich erwartet. Wirklich.",
            "wordcount": "117",
            "chapter_release": "11.03.2012",
            "chapter_number": "1"
        },
        "2": {
            "text": "Tag 1:Mein Auto war schnell genug. Der Tank voll genug. Mein Haus war drei Meilen von der Adresse entfernt. F\u00fcr Versorgung ist gesorgt. Sonst h\u00e4tte ich den Auftrag nicht angenommen. Einzelheiten wurde keine durchgegeben, warum genau \u2026 Ich k\u00f6nnte sagen es w\u00e4re mir egal. Aber \u2026 James \u00f6ffnete die T\u00fcr. Seine Tochter sa\u00df auf einen rosa Teppich und spielte mit ihrem Ponys. Sie sang die ganze Zeit die Lieder der Fernsehsendung mit. Sie war so ein liebes M\u00e4dchen. Wenn man von der Krankheit absah. \u201cNatsuhi Schatz ?\u201d, sie drehte sich langsam um. Den Schock der letzten Monate hatte sie gut \u00fcberstanden. Sie l\u00e4chelte. \u201cJa Papa ?\u201d Er kniete sich neben sie: \u201cHeute kommt der neue Arzt Liebes.\u201d Sie nickte. \u201cDarf ich jetzt weiter spielen ?\u201d James streichelte \u00fcber ihren Kopf, sie l\u00e4chelt ihn an, als er sagte: \u201cNat\u00fcrlich darfst du das mein Schatz\u2026\u201d Er schloss die T\u00fcr. Wie lange der neue Arzt wohl bleiben w\u00fcrde ?Von weitem konnte ich, das Geb\u00e4ude schon sehen. Es war gro\u00df. Ein Waisenhaus. Sicher war es ein Angestellter, der mich angerufen hatte. Marode war das richtige Wort, um dieses Geb\u00e4ude zu beschreiben. So gesehen, war es sogar mehr als das. Aber es hielt immerhin. Hoffte ich. Naja, der Gedanke war auch wieder \u00fcbertrieben. Sicher w\u00fcrde es halten. Aber ich sollte mich mehr auf das Wesentliche konzentrieren. Auf den Job. Die ersten Tage w\u00fcrde ich sicher nur damit zubringen, mir die ganze Situation mal anzusehen. Dann werde ich versuchen, gute Arbeit zu leisten. Das Geld nehmen und mich wieder verpissen. Ja. So sieht\u2019s aus. Wirklicht Lust hatte ich keine. Die Einfahrt war Gott sei dank frei. Sogar einen Parkplatz konnte ich ergattern. Ein gro\u00dfes Grundst\u00fcck war es auf jeden Fall. Aus dem Haus war Kindergeschrei zu h\u00f6ren. Gott ich hasse Kinder. Hoffentlich war meine Patienten schon ein Teenager. Am besten sogar Erwachsen. Bevor ich klingeln konnte, \u00f6ffnete mir ein Mann, vielleicht ende 40 die T\u00fcr. Er hatte einen Dreitagebart, zur\u00fcck gek\u00e4mmte schwarze Haare und dunkle Augenringe. \u201cSie sind Romeo Cole ?\u201d, er schien nett zu sein. Ich nickte jedoch nur. \u201cGro\u00dfartig, wir hatten telefoniert. Ich bin James Hutton.\u201d Wie zum Teufel kam ein Mann, der aussah wie ein Russe, an den Namen eines Amerikaners ? Aber das war auch egal. \u201cWo ist die Patientin ?\u201d Ich wollte mich nicht einnisten, oder einen netten Eindruck hinterlassen. Aber er nahm es mir nicht \u00fcbel, das ich nicht so freundlich war. Der Kerl geh\u00f6rte eindeutig zu den Guten. Natsuhi spielte weiter mit ihren Ponys. Ein paar Mal dr\u00fcckte sie, die bunten Kn\u00f6pfen und Tasten auf dem Spielzeug, damit es Ger\u00e4usche machte. Begeistert schaute sie die Plastik-Ponys an. Auf ihrem Bett sa\u00df ein Stoffpony. Twilight Sparkle. \u2019Sie kommen jetzt Natsuhi.\u2019 Natsuhis Augen waren gro\u00df und braun. \u201cIst gut\u2026\u201d, murmelte sie, w\u00e4hrend sie die pinke Plastik M\u00e4hne von Pinkie Pie k\u00e4mmte. Es klopfte an ihre T\u00fcr. James klopfte. Wir waren ins Oberstgeschoss gegangen. An der T\u00fcr hing ein \u2019My little Pony - Friendship is Magie\u2019 - Poster. Na toll. Es war doch ein Kleinkind. Die T\u00fcr ging langsam auf, aber nicht weil sie jemand \u00f6ffnete. Was f\u00fcr eine kranke Schei\u00dfe. Auf einem rosa Teppich, sa\u00df eine schwarzhaarige Frau. Sie war sicher die Mutter des Kindes, um das es ging. \u201cDas ist Natsuhi, Mr. Cole. Ihre neue Patientin. Schatz, stell dich bitte dem netten Herrn vor.\u201d Die Frau stand auf. War ich irgendwie im falschen Film ?! Sie trug ein hellgelbes Kleid, mit dem\u2026 wie nennen sie das ? Also dieser Arschmarkierung der Ponys. Drei kleine Schmetterlinge. Sie drehte sich langsam zu uns um. Also gut sah die Kleine schon aus. H\u00fcbsches Gesicht, gro\u00dfer Busen und ein sch\u00f6ner Po. Aber wir waren ja nicht beim Speeddating. Sie war eine Patienten. \u201cHallo. Ich bin Natsuhi. Darf ich weiter spielen Papa ?\u201d, sie sah zu James. \u201cNat\u00fcrlich darfst du das mein Engel.\u201d Sie l\u00e4chelte und setzte sich zur\u00fcck auf den Boden. Vielleicht konnte ich doch noch ein bisschen l\u00e4nger bleiben als geplant\u2026 James brachte mich ins Erdgeschoss zur\u00fcck. Wir setzten uns in die K\u00fcche. Er fragte ob ich etwas trinken wolle. Ja. Am besten nen Doppelten Scotch, aber so was durfte ich auf gar keinen Fall meinen Auftraggeber sagen. Sonst w\u00e4re ich den Job so schnell los wie meinen Letzten. \u201cAlso\u2026 was muss ich \u00fcber Ihre Tochter wissen ?\u201d , au\u00dfer das sie ne hei\u00dfe Schnitte war. \u201cNatsuhi ist nicht meine Leibliche Tochter. Ich war gut mit ihren Eltern befreundet, und da f\u00e4ngt das Problem an\u2026 bei ihren Eltern.\u201d Ich zog eine Augenbraue hoch, \u201cWurde sie missbraucht ?\u201d James l\u00e4chelte m\u00fcde, \u201cNein. Um Himmelswillen nein\u2026 Sie haben das Kind geliebt, abg\u00f6ttisch geliebt. Aber ihre Eltern und der ganze Rest ihrer Familie sind bei einem Brand ums Leben gekommen. Ich hab sie damals aus Japan, mit nach Amerika genommen, damit ich mich um sie k\u00fcmmern kann. Mein Problem ist nicht das sie schizophren ist, sondern, das sie Nachts kaum schl\u00e4ft, weil Albtr\u00e4ume sie nicht schlafen lassen.\u201d Ich nickte. So war es also. Aber ich hab geh\u00f6rt, Psychos sollen gut im Bett sein. Ich musste ernst bleiben. \u201cIch werde mir ihr Verhalten in den n\u00e4chsten Tagen ansehen, Mr. Hutton. Und dann werde ich entscheiden ob ich etwas f\u00fcr sie tun kann oder nicht.\u201d Ein paar nackte F\u00fc\u00dfe, tappten \u00fcber die Holzstufen runter zu uns. Es waren nicht die Schritte eines Kindes. \u201cPapa ich hab Hunger\u2026\u201d, es war wieder\u2026 Natsuhi. Ja so hie\u00df sie. James stand auf. Warum zum Teufel schaute er auf ihre Arme. Er l\u00e4chelte. Mir wurde das alles langsam ein bisschen zu verr\u00fcckt. \u201cGut mein Schatz\u2026 was willst du denn Essen ?\u201d - \u201cPizza\u2026\u201d Sie setzte sich mit gro\u00dfen Abstand zu mir an den Tisch. \u201cHey, ich bin Romeo.\u201d, bei ihr wollte ich es auf die freundliche Tour bringen, aber sie starrte mich nur an. \u201cAha.\u201d Ein wahrer Sonnenschein. Aber aufgeben w\u00fcrde ich nicht. \u201cEhm\u2026 Magst du \u2026 My little Pony\u2026 ?\u201d Auf einmal schaute sie mich total begeistert an. \u201cJa! Ja ich liebe es, warum fragst du ? Bist du ein Brony ?\u201d - \u201cEin \u2026 was ? H\u00f6r mal\u2026 ich bin ein erwachsener Mann, ich schaue sicher keine Kinder Sendungen.\u201d Fuck. Genau das Richtige gesagt. Sie sah mich an, als wolle sie mir ins Gesicht springen. Sch\u00f6n verkackt. James rettete Gott sei dank die Situation. \u201cSchatz ? Magst du denn My little Pony kucken, bis die Pizza fertig ist ?\u201d Sie l\u00e4chelte ihren Vater an, \u201cJa Daddy.\u201d Dann raste sie an mir Vorbei, zum Aufenthaltsraum, setzte sich vor den Fernseher und drehte auf volle Lautst\u00e4rke w\u00e4hrend sie die DVD laufen lie\u00df. James seufzte. \u201cTut mir wirklich Leid, Mr. Cole.\u201d, er schaute mich an, sein L\u00e4cheln war m\u00fcde. \u201cEhm\u2026 kein Problem\u2026 Nennen Sie mich ruhig Romeo.\u201d - \u201cJames.\u201d Aus dem Aufenthaltsraum kamen, auf einmal nicht mehr die quietschigen Stimmen kleiner rosa Ponys. Sondern die Stimme einer Nachrichtensprecherin. Ich verzog das Gesicht. \u201cSchon wieder dieser Serienkiller\u2026\u201d James Gesicht w\u00fcrde auf einmal finster. \u201cPasse auf, was du \u00fcber ihn sagen\u2026\u201d - \u201cWarum.. ?\u201d, eigentlich wollte ich nicht so reden, es war mehr gefl\u00fcstert als wirklich gesprochen. Aber dann musste ich leider erfahren warum. Es klingelte. Natsuhi bewegte sich wie ein Roboter zur T\u00fcr, ihre Augen waren leer. Automatisch \u00f6ffnete sie die T\u00fcr. Als ich sah wer rein kam, blieb mir das Herz fast stehen. Es war wieder Serienkiller. Nero Kriso hie\u00df der glaub ich. Er war viel gr\u00f6\u00dfer als Natsuhi, was zum Teufel wollte sie von dem Kerl ?!Aber das was sich da, vor meinen Augen abspielte, war mehr als widerlich. F\u00fcr mich. James begr\u00fc\u00dfte ihn nur mit einem kurzen \u201cHallo.\u201d und machte dann weiter mit den Essen f\u00fcr seine Tochter. Ihre leeren Augen funkelten auf einmal, \u201cDu bist wieder hier\u2026\u201d Der Kerl grinste. Seine Stimme war f\u00fcr sein Altern viel zu k\u00fchl. Viel zu tief. \u201cHast du mich vermisst\u2026 ?\u201d - \u201cJa\u2026\u201d, sie nickte heftig. Wie nur Kinder es taten. \u201cDann zeig es mir doch\u2026\u201d Gott.. Ich wusste ja das ich ziemlich pervers war, aber wie er mit dem M\u00e4dchen redete. Das war ja widerlich. Aber sie auf Befehl, presste sich ihr K\u00f6rper gegen seinen, er grub seine Finger, ihre Popacken und hob sie hoch. Also ganz ehrlich, ich hatte keine gro\u00dfe Lust ihr widerliches Vorspiel, mit ansehen zu m\u00fcssen. Wie sie ihre Zungen in seinen Mund schob und der Kerl ihren zarten, zerbrechlichen K\u00f6rper gegen seinen presste. James schien die Szenerie die sich bot, gewohnt zu sein. Schwere Schritte waren von der Treppe zu h\u00f6ren, die Stufen \u00e4chzten, mit jeden Schritt den der Kerl ging. James K\u00f6rper zitterte. \u201cWas ist los ?\u201d, ich schaute ihn an. ***James wollte nicht das jemand sah, wie er weinte. Er weinte um seine geliebte Tochter. Jedes mal. Wenn der Kerl wieder in ihr Haus kam. Er wusste das es nicht\u2026 Nero war, der grade sein kleines M\u00e4dchen, die Treppen hoch trug. Nero war anders. Nicht so\u2026 grausam\u2026 wieder dieser D\u00e4mon. Natsuhi litt am Stockholmsyndrom. W\u00e4re sie normal, h\u00e4tte sie den Kerl l\u00e4ngst angezeigt. Aber sie war nicht normal. Sie hatte sich verliebt. Verliebt ihn ihren Peiniger. Er schien Spa\u00df daran zu haben, sie noch mehr zu qu\u00e4len. Manchmal blieb er Wochenlang weg. Nur damit sie sich noch mehr aufgab, wenn er wieder kam. Ihre Schreie h\u00f6rte man bis in den Keller des Hauses. James war sich sicher, irgendwann w\u00fcrde es ihn umbringen. Vielleicht heute. Vielleicht morgen. Tausend innere Tode war er gestorben. Jedes Mal, wenn sie die Treppen runter ging, mit H\u00e4matomen am ganzen K\u00f6rper, einer blutenden Lippe oder einen Blauen Auge. Aber er konnte die Beiden nicht, von einander trennen. Er wollte seiner Tochter nicht weh tun. Auch wenn diese\u2026 Liebe\u2026 wenn man es so nennen konnte, sie am Ende vielleicht das Leben kosten w\u00fcrde. ***Ich konnte mir nur vorstellen was sich in James abspielte. Man h\u00f6rte die Schreie, die Laute, das Jammern\u2026 alles mit. Mir w\u00fcrde \u00fcbel. Mehr als \u00dcbel. Was zur H\u00f6lle war dieser Kerl eigentlich ? Ein Mensch oder ein Monster ?! Sicher ein Monster. \u201cNa los mach schon.\u201d, seine Stimme war widerlich. Ekelhaft. Ich h\u00f6rte sie die ganze Zeit. Sicher hatte er die T\u00fcr offen gelassen, damit wir alles mit anh\u00f6ren k\u00f6nnten. Gott sei Dank, waren die Kinder in der Schule. Ich will nicht wissen, was es in ihnen ausgel\u00f6st h\u00e4tte, eine Vergewaltigung mit anzuh\u00f6ren. Jeden seiner Befehle, die er der Frau\u2026 nein\u2026 sie war mehr M\u00e4dchen, als eine Frau\u2026 gab. Und wie sie jeden unter Tr\u00e4nen ausf\u00fchrte. Ich h\u00f6rte wie sie weinte. Aber sie flehte nicht darum das er aufh\u00f6ren sollte nein. Es war viel grausamer. Sie sagte ihm, das sie ihn lieben w\u00fcrde. Am liebsten h\u00e4tte ich gekotzt. James stellte das Radio an. Volle Lautst\u00e4rke. Passt ja perfekt. Stockholm Syndrom von Muse. Aber James stellte das Radio nicht ab. Besser das, als ihre Schreie. Aber sie \u00fcbert\u00f6nten immer noch die Musik. Sein St\u00f6hnen und ihre Schreie. Pl\u00f6tzlich folgte Stille, ich wollte in das Zimmer, ich machte mir jetzt ernsthafte Sorgen. Aber James hielt mich fest. \u201cGeht\u2019s ?\u201d, also die Stimme war mir jetzt ganz neu. Es war ein Mann. Ein junger Mann. \u201cJa\u2026 danke\u2026\u201d, die Stimme kante ich. Es war Natsuhi. James atmete auf. Das merkte ich. Dann machte er mit dem Essen weiter. Ich war etwas verwirrt. Schritte kamen aus dem Treppenhaus, ich drehte den Kopf wieder in die Richtung. Also ich war mir langsam nicht mehr sicher, ob mein Kopf noch richtig funktionierte. Da trug dieser Kerl, der Natsuhi eben noch misshandelt hatte, sie wie eine Braut die Treppe runter. Aber irgendwas an ihm war anders\u2026 Seine Augen waren gezeichnet von Leid. Auch von Mitleid mit dem M\u00e4dchen. Er setzte sie vorsichtig auf die Sitzbank, in der K\u00fcche, sich selbst daneben. Vorsichtig streichelte er \u00fcber ihre Arme. Ich wollte mir ne Kugel geben. Was zur H\u00f6lle ging hier ab ? \u201cHallo James\u2026\u201d, er l\u00e4chelte m\u00fcde, sogar ein bisschen traurig. \u201cWie geht\u2019s dir Nero ?\u201d James l\u00e4chelte diesen Kerl wirklich an. \u201cNaja\u2026 es \u2026 geht\u2026\u201d, er dr\u00fcckte Natsuhi an sich, die sie an ihn schmuste, wie ein kleines K\u00e4tzchen. \u201cHast du Hunger ?\u201d, er nickte. James stellte etwas zu Essen vor die beiden. Mir wollte er auch etwas geben, aber ich lehnte ab. Mir war immer noch schlecht, von der Ger\u00e4uschkuliesse. Mit einen fl\u00fcchtigen Kuss verabschiedete er sich von Natsuhi, nach 4 Stunden Anwesenheit. Ich war ziemlich erleichtert als der Kerl endlich weg war. Sie nicht. Sofort fing sie an zu weinen und hielt sich den Bauch fest. \u201cWas ist den los ?\u201d, ich schaute zwischen ihr und James hin und her. Aber James sch\u00fcttelte nur den Kopf. Eigentlich war ja klar was los war. Aber ich dachte eher, sie h\u00e4tte Bauchschmerzen. Gott\u2026 zum ersten Mal hatte ich das Gef\u00fchl, ich w\u00e4re innerlich gestorben. Sowas zu h\u00f6ren, war kein \u2026 Vergn\u00fcgen. Ich schaute auf die Uhr. Morgen w\u00fcrde ich mit den Untersuchungen anfangen. James war es recht so. Natsuhi war so oder zu aufgew\u00fchlt, als das ich h\u00e4tte mit ihr arbeiten k\u00f6nnen. Also trug sie James in ihr Zimmer. Zu meinem Erstaunen verlief die Nacht ruhig. Zumindest f\u00fcr sie. F\u00fcr mich nicht. Ihre Schreie hatten sich in mein Ged\u00e4chtnis gebrannt und lie\u00dfen mich nicht schlafen.",
            "wordcount": "2.140",
            "chapter_release": "11.03.2012",
            "chapter_number": "2"
        },
        "3": {
            "text": "Tag 2: Nach einer schlaflosen Nacht, ging die Treppen hoch ins Erdgeschoss. Mir hatte man freundlicher Weise, das Kellerzimmer zur Verf\u00fcgung gestellt. Der gestrige Tag, ging mir nicht mehr aus dem Kopf. Auch nicht aus dem Magen. Mir war immer noch \u00fcbel. Aber James und seine Tochter scheinen auf heile Welt zu machen. Naja, fast. \u201cWo war er denn mein Schatz ?\u201d - \u201cArbeiten. Er hat gesagt, es tut ihm Leid, das er mich so lange alleine gelassen hat.\u201d James l\u00e4chelte, \u201cDas ist aber sehr lieb von ihm. Jetzt iss aber erstmal, du kannst mir sp\u00e4ter mehr erz\u00e4hlen.\u201d Sie nickte und spielte mit ihrem Br\u00f6tchen, bevor sie es langsam aufa\u00df. Vor ihr standen noch Massen andere Lebensmittel. \u201cSch\u00f6n aufessen mein Schatz.\u201d Ich schaute James nur verwundert an, aber er deutet mit seinem Blick an, das wir sp\u00e4ter dar\u00fcber reden w\u00fcrden. War mir recht. Wenn ich ganz ehrlich war. Ihre Engelsgleich Ruhe machte mir Angst. Sie w\u00fcrde gestern brutal missbrauch und heute sitzt sie da als w\u00e4re alles nie passiert. An ihrem K\u00f6rper sah man alle Spuren des Misshandlung. \u201cEhm.. Natsuhi ? Wer war denn\u2026 der Mann \u2026 der gestern bei \u2026 dir war ?\u201d Am liebsten h\u00e4tte gesagt: \u201cGib mir Namen und Adresse und dein Problem ist gel\u00f6st.\u201d Aber sie h\u00e4tte es so oder so nicht verstanden. \u201cDas war mein Freund.\u201d , als sie das sagte, verschluckte sich James an seinem Essen. Ich half ich dabei, wieder an Luft zu kommen. Natsuhi an ihn verwundert an. \u201cWas ist los Daddy ?\u201d - \u201cAlles\u2026 okay\u2026 mein Schatz.\u201d Nein, nicht war okay. Das sah doch jeder Idiot. Aber sie war eben kein Idiot. Sie war geisteskrank. Und dieser Bastard nutzte es, f\u00fcr seine kleinen dreckigen Spiele aus. Natsuhi wurde traurig, aber trotzdem a\u00df sie auf. Damit ihr Vater wieder gl\u00fccklich sein w\u00fcrde. War zumindest mein Gedanke. \u201cDarf ich Fernsehen kucken\u2026 Daddy ?\u201d James l\u00e4chelte, \u201cGeh ruhig mein Schatz.\u201d Na super. Sie musste auch noch \u2018Requiem for a dream\u2019 kucken. Das Ende beschrieb wohl gut, wie es ihr ging. Wie ihre Situation war. Sie wollte von dem Wixxer geliebt werden. Alles was er tat, war sie bis zum geht nicht mehr zu missbrauchen und einfach liegen zu lassen. James merkte, das mich etwas besch\u00e4ftigte. \u201cEs war letztes Jahr in Sommer\u2026 sie hat einfach drau\u00dfen gespielt\u2026 ich \u2026 hab nicht gut genug aufgepasst\u2026 Ich hab nur noch gesehen, wie er sie weggeschleift hat\u2026 und\u2026 sie nach mir geschrien hat\u2026 ich konnte ihr einfach nicht helfen\u2026\u201d Er fing an zu weinen. Was h\u00e4tte ich noch sagen sollen ? In mir stieg Wut auf. Nicht nur Wut ich war angewidert, aber das war nicht alles, was James zu erz\u00e4hlen hatte. \u201cIch hab bis Sp\u00e4t in die Nacht nach ihr gesucht\u2026 die Polizei verst\u00e4ndigt\u2026 sie haben mir geholfen\u2026\u201d, er st\u00fctzte sich auf der Tischplatte ab, \u201cSie kam\u2026 aus dem Wald\u2026 blut\u00fcberstr\u00f6mt\u2026. Voller H\u00e4matome und Narben, ihre Kleidung war zerrissen und sie war schrecklich unterk\u00fchlt\u2026 Nicht mal richtig laufen konnte sie\u2026\u201d James Gesicht war gezeichnet von dem unglaublichen Leid das er mit ansehen musste. \u201cUnd dann\u2026 hat sich der Kerl noch erdreistet hier aufzutauchen\u2026 Ich h\u00e4tte ehrlich gesagt\u2026 gedacht\u2026 das sie \u2026 in Ohnmacht f\u00e4llt\u2026 ihn umbringen will\u2026 Aber nein\u2026 sie hat sich gefreut\u2026 gefreut ihn zu sehne\u2026 Sie scheint zu glauben\u2026 das er sie liebt\u2026 Wenn sie die Wahrheit kennen w\u00fcrde\u2026 h\u00e4tte sie sich sicher l\u00e4ngst umgebracht\u2026\u201d Aber f\u00fcr mich sah es eher danach aus, das James sich etwas antun wollte. \u201cJames\u2026 denk an Natsuhi. Sie braucht dich.\u201d Das war alles was ich noch dazu sagte. Aber er verstand mich. Also ging zu ihr. \u201cSie sind so sch\u00f6n\u2026\u201d - \u201cWer ?\u201d, ich schaute Natsuhi an. Sie sah nur den Fernseher an. \u201cNa die Hauptdarsteller\u2026\u201d Ich nickte. Sie schaute ja immer noch den Film. Ein Film der nichts f\u00fcr Kinder war. Ja. Sie war 24. Aber f\u00fcr mich war sie ein Kind. \u201cErz\u00e4hl mir mal was \u00fcber deinen Freund, Natsuhi.\u201d, ich setzte mich neben sie. Sie rutschte von mir weg. Ja super, ich wei\u00df das ich eklig bin. \u201cEr liebt mich. Oft.\u201d, ich schaute sie entsetz an, Vergewaltigungen nannte sie Liebe ? Aber sicher nur, weil dieser Bastard ihr das Gef\u00fchl gab. \u201cManchmal hab ich deswegen ganz schlimme Bauchschmerzen. Er schl\u00e4gt mich auch ganz feste\u2026 Aber\u2026 dann sagt er es tut ihm leid\u2026 und er nimmt mich in den Arm\u2026\u201d So ein kranker Wixxer. Ich wollte Natsuhi in den Arm nehmen, aber sie schlug meine Hand weg. \u201cFASS MICH NICHT AN!\u201d - \u201cJa\u2026 Sorry\u2026\u201d Also das verwunderte mich jetzt wirklich. Die lie\u00df sich vergewaltigen, aber ich dufte sie nicht in den Arm nehmen. \u201cEr wird mich umbringen wenn mich jemand anderes anfasst\u2026\u201d Na geil. Mit so was hatte er ihr also auch gedroht. Ich wollte sie nicht mehr ins Bett kriegen. Nein. Ich wollte sie sch\u00fctzen. Vor diesen kranken Kerl. Als der Film zu Ende war, ich muss peinlicher Weise zugeben, ich habe ich ihn zu Ende geschaut, nicht sie, als ich neben mich sah, sah ich das sie schlief. Seelen ruhig. Auf einmal zuckte sie, ihr Gesicht war gezeichnet von Schmerz. \u201cKouta\u2026\u201d, wer war das ? Ich dachte der Kerl hie\u00df Nero. Als ich sie anfassen wollte, nur um sie zu wecken, weil ich nicht mit ansehen konnte, wie sie sich vor Schmerzen wand, risse sie Augen auf und schrie wieder, ich solle sie nicht anfassen. Also lie\u00df ich sie alleine, sie schaute weiter Fern. Eine Dokumentation \u00fcber Affen. Wenns ihr gefiel \u2026 \u201cJames, wer ist Kouta ?\u201d Er schaute zu mir hoch, er sa\u00df immer noch in der K\u00fcche. \u201cNatsuhis kleiner Bruder\u2026. Warum ?\u201d Ich nickte nur. Also hatte sie von ihrer Familie getr\u00e4umt. Tr\u00e4ume konnte man nicht unterbinden\u2026 es waren Fehlschaltungen der Gehirns. Aber wer Alkohol konsumiert, tr\u00e4umt nicht. Das war eine Tatsache. Also musste ich versuchen, diesen Zustand, aber eben ohne Alkohol hervor zu rufen. Ja, ja das war eine gute Idee. Dann klopfte es. Aber Natsuhi stand nicht auf. Sie rutschte die Couch entlang, bis sie nicht mehr weiter konnte und versuchte in Abwehrstellung zu gehen. Mir war klar, wer da vor der T\u00fcr stand. Es konnte nur einer sein. Ich riss die T\u00fcr auf. Ja er war es. In voller Gr\u00f6\u00dfe stand er vor mir. Blutverschmiert. Er stank nach Tod. \u201cWas willst du ?\u201d, vielleicht war er gr\u00f6\u00dfer als ich, aber ich hatte keine Angst. Ich wollte nur eins. Natsuhi besch\u00fctzen. Ich glaube sie merkte es. Sie streckte ihre Hand nach mir aus, ich l\u00e4chelt sie kurz an, dann sa\u00df ich wieder den Bastard an. \u201cPack sie nicht an, du kranker Bastard.\u201d Seine Augen waren kalt. \u201cDu hast mir nichts zu sagen\u2026\u201d - \u201cWillst du mir Angst machen ? Das einzige was du kannst, ist Schw\u00e4chere zu unterdr\u00fccken.\u201d Super, er packte mich sofort an Kragen und hob mich hoch. \u201cWas willst du jetzt machen ? Mich auch dazu zwingen den Zentimeter in den Mund zu nehmen ?\u201d Ich grinste frech, als er mich hart gegen eine Wand dr\u00fcckte, ein paar Mal traf seine Faust mein Gesicht, ich schmeckte das Blut. Aber es war mir egal. Natsuhi fing an zu schreien, er soll mich in Ruhe lassen. Schei\u00dfe. Genau das war der Fehler\u2026 er lie\u00df mich auf den Boden knallen und ging in den Raum in dem sich Natsuhi aufhielt. \u201cWas hast du gesagt ?\u201d, seine Stimme klang w\u00fctend. Aber Natsuhi zeigte an Seite an ihr, die ich vorher nie so gesehen hatten. \u201cIch hab gesagt, lass ihn in Ruhe!\u201d Er schlug ihr fest ins Gesicht, aber sie weinte nicht. Sie beharrte auf ihre Meinung. H\u00e4tte sie es besser nicht getan\u2026 Er packte sie fest am Handgelenk, presste ihren Mund zu und schleifte sie in ihr Zimmer. Die T\u00fcr viel knallend ins Schloss, ich wollte hinterher rennen, aber ich von den Schl\u00e4gen zu benommen. Mir w\u00fcrde schwindelig, dann schwarz vor Augen. Als ich aufwachte hatte sich Natsuhi vor mich gekniet. Gott. Sie sah schlimmer aus als Gestern. Er hatte ihr ein blaues Auge geschlagen. Aber sie l\u00e4chelte, ihre Lippe war geplatzt und an ihren Hals waren W\u00fcrgemale zu sehen. \u201cGott\u2026 Natsuhi\u2026. Was\u2026 ist passiert \u2026 ?\u201d Sie sch\u00fcttelte nur l\u00e4chelnd den Kopf. \u201cDie Wahrheit\u2026 mehr nicht\u2026\u201d Ich versuchte aufzustehen, aber mir tat immer noch jeder Knochen im K\u00f6rper weh. Als ich zur Treppe schaute, kamen meine Kr\u00e4fte doch zur\u00fcck. Dieser Schei\u00dfkerl war also doch noch hier. \u201cDu\u2026 mieser Bastard\u2026\u201d, ich wackelte mehr, als das ich stand, aber ich wollte ihm das geben, was Natsuhi nicht konnte, ein paar sch\u00f6ne Schl\u00e4ge in die Fresse. \u201cEs\u2026 es\u2026 tut mir leid\u2026 Natsuhi\u2026 bitte\u2026 ich\u2026\u201d, in seinen Augen sammelten sich Tr\u00e4nen. Natsuhi l\u00e4chelte diesen Kerl auch noch an. Sag mal geht\u2019s noch ? Bin ich im falschen Film ?! \u201cNatsuhi ich \u2026\u201d, er biss sich auf die Lippe, der Kerl wollte doch nicht etwa\u2026 \u201cNatsuhi ich liebe dich.\u201d Okay. Das war zuviel f\u00fcr mich. \u201cSAG MAL HAST DU SIE NOCH ALLE ?!\u201d, jetzt wollte ich ihm wirklich ein paar verpassen, aber nicht mit der Faust, sondern mit einem Baseballschl\u00e4ger. Aber Natsuhis Reaktion war f\u00fcr mich noch unbegreiflicher. \u201cIch liebe dich auch, Nero.\u201d Und es spielte sich wieder das selbe Szenario ab wie gestern. Er verabschiedete sich unter Tr\u00e4nen von ihr. Sie k\u00fcssten sich kurz. Und weg war er. \u201cNatsuhi ?\u201d, ich schaute sie an. \u201cJa ?\u201d Sie sah mich so an, als w\u00fcsste sie, das sie mir Antworten schuldig war. Sie seufzte. \u201cDas war Nero. Der andere\u2026. Ist Seal. Ein D\u00e4mon. Er macht das alles nur\u2026\u201d, sie wurde rot, \u201cWeil Nero mich liebt. Er will Nero weh tun\u2026 wei\u00dft du\u2026\u201d Ihr Blick wurde wieder tr\u00fcb. Ich sch\u00fcttelte nur den Kopf. Fassungslos. Sehr fassungslos. Aber sie rieb sich \u00fcber den Bauch. \u201cBist du schwanger ?\u201d Sie nickte. \u201cSag mir bitte nicht\u2026 von diesem\u2026 Seal\u2026\u201d Natsuhi sch\u00fcttelte den Kopf. \u201cNein von Nero.\u201d Aber das hie\u00df ja\u2026 die beiden hatten einvernehmlichen Sex. Naja. Aber das Kind \u2026 ich machte mir Sorgen. Wenn Seal sich weiter an ihr vergreifen w\u00fcrde, konnte sie eine Fehlgeburt erleiden. Aber Natsuhi war stark. Das wusste ich. Trotzdem sollte nicht l\u00e4nger unter dem Bastard leiden. Sie w\u00fcrde es aber. Fiel mir auf. Ihr Freund war besessen. Na toll. Jetzt durfte ich auch Exorzist spielen. Den ganzen Nachmittag \u00fcber, verbrachte sie mit fernsehen. Ich damit mein Gesicht wieder zusammen zu flicken. Gott\u2026 dieser kranke Bastard. Es klingte wieder. Das erste was ich dachte, der Wixxer war wieder da um Natsuhi zu misshandeln. Aber ich h\u00f6rte eine anderen Stimme. Eine Frauenstimme. Eine sch\u00f6ne Frauenstimme. Also ging ich zur T\u00fcr. Mein Gott. Also Natsuhi sah ja schon scharf auf, aber die. Meine\u2026 Ordentlicher Vorbau, H\u00fcften wie eine Sambat\u00e4nzerin und das Gesicht, eines Engel. Warum waren die geilen Schnitten alle mit einander befreundet ?! Natsuhi umarte sie sofort. \u201cLeni\u2026\u201d Ehm Leni was f\u00fcr ein\u2026 komischer Name. Aber dann schaute sie mich so an, als w\u00fcrde sie wissen, was ich denke. \u201cMillenia.\u201d - \u201cWas ?\u201d - \u201cMein Name.\u201d Ich wurde rot. Leni war also nur ich Kosename. Aber der Gedanke, das sie ziemlich hei\u00df aussah, ging mir nicht mehr aus dem Kopf. Gott. Mit ihren roten Augen, starrte sie mir in die Seele, sie sah mich an, als w\u00fcrde sie mich mit den Blicken ausziehen. Aber dann wurde sie ernst. \u201cWarum seht ihr so aus ?\u201d In erster Linie meinte sie Natsuhi, aber ich sah auch ziemlich gefickt aus. Also erz\u00e4hlten wir ihr, was passiert war. Sie schaute uns beide an. Ziemlich schockiert. Sie dr\u00fcckte Natsuhi feste an sich. \u201cWarum macht ihr denn nichts gegen ihn ?\u201d, sie stellte ihre schwere Tasche im Flur ab. \u201cWeil\u2026\u201d, Natsuhi hatte ausgespart das Nero und Seal eine Person waren. Aber sie wusste sicher, das es richtig war, es zu sagen. \u201c\u2026 weil\u2026 Nero von Seal besessen ist\u2026\u201d Ich h\u00e4tte ehrlich gesagt, jede Reaktion von ihr erwartet, aber nicht die. \u201cDann m\u00fcssen wir ihn exerzieren.\u201d Natsuhi sah sie schon fast verzweifelt an. \u201cAber wir sind keine Engel\u2026\u201d Anscheinend wusste ihre Freundin mehr als ich. Ihr Blick fixierte Natsuhi. Sie streichelte \u00fcber ihre Wange. \u201c\u2026was hat er nur mit dir gemacht\u2026\u201d Ich sah auf die Uhr. Es war schon sp\u00e4t. Die Sonne ging unter. Ich hatte wirklich Angst vor dem n\u00e4chsten Tag. Weil ich Angst davor hatte, das er wieder kommen w\u00fcrde, um Natsuhi wieder zu vergewaltigen. Ich hatte Angst um ihr Kind. Und um Millenia. Sie sagte sie wolle die Nacht bei uns verbringen. Millenia und Natsuhi teilten sich ein Bett. Sie w\u00fcrden sich sicher die ganze Nacht M\u00e4dchenkram erz\u00e4hlen. Nein\u2026 es w\u00e4re sch\u00f6n, wenn es so w\u00e4re. Ich dachte dar\u00fcber nach, ob ich wieder wach da liegen w\u00fcrde. So wie sonst auch. Aber schlief. Und tr\u00e4umte wieder von diesem Bastard.",
            "wordcount": "2.063",
            "chapter_release": "11.03.2012",
            "chapter_number": "3"
        },
        "4": {
            "text": "Aufwachen fiel mir ein bisschen schwer. Aber ich h\u00f6rte das glockenhelle Lachen von Leni und Natsuhi. Ich m\u00fcsste grinsen, w\u00e4hrend ich mich langsam aus dem Bett k\u00e4mpfte. Gott. Aufstehen war wirklich nie meine St\u00e4rke gewesen. Ich schaute in den Spiegel. Naja. Immer noch gefickt. Aber nicht mehr so schlimm wie gestern. Ob James wusste\u2026 ob Natsuhi Leni gesagt hatte das sie schwanger war ? Ich wusste es nicht. Es war auch ihre Entscheidung\u2026 Aber wir m\u00fcssten ja irgendwas tun. Ich hatte wirklich Angst, um sie und das Kind. Also ging in die Treppe hoch ins Erdgeschoss. Es war wirklich sch\u00f6n, drau\u00dfen. Aber Natsuhi sa\u00df am K\u00fcchentisch und a\u00df wieder fast alles, was ihr Vater ihr hingestellt hatte. Millenia staunte nicht schlechte \u00fcber ihren Appetit. \u201cHast du nen Braten in der R\u00f6hre oder wie \u2026 ?\u201d, aber angesichts der Situation, war das nicht witzig. Leni entschuldigte sich sofort bei Natsuhi. Die interessierte sich jedoch wieder mehr f\u00fcr Essen. Wenigstens war es eine kleine Ablenkung f\u00fcr sie. Ich musste ein bisschen Schmunzeln. Auf einmal fing Natsuhi an zu w\u00fcrgen. Gott sei dank dachten die anderen Beiden, sie h\u00e4tte sich verschluckt, also brachte ich sie ins Bad. Sie musste sich wirklich \u00fcbergeben. \u201cIm wievielten Monat bist du denn ?\u201d - \u201cErster\u2026\u201d Sie ging zum Waschbecken und wusch sich das Gesicht. Natsuhi war sehr blass. Fast schon kr\u00e4nklich. Aber ich verstand gut warum, ich reichte ihr das Handtuch und die l\u00e4chelte m\u00fcde. Ich konnte nicht wirklich l\u00e4cheln. Alles, war passiert war, seitdem ich in diesen Haus war, war einfach zu viel f\u00fcr mich. Mein ganzes Leben lang hatte ich gedacht, ich w\u00e4re stark. Aber ich musste feststellen, ich war es nicht. Sie war st\u00e4rker als ich. Viel St\u00e4rker. \u201cWarum l\u00e4sst du das eigentlich mit dir machen ?\u201d Natsuhis L\u00e4cheln war traurig. \u201cWeil ich Nero liebe\u2026 wenn ich ihn verlassen w\u00fcrde\u2026 hatte Seal was er will\u2026 Und ich w\u00e4re einsam\u2026 mehr als einsam\u2026\u201d Manchmal hatte ich das Gef\u00fchl, Liebe ist das sinnloseste was es auf der Welt gab. Wenn Frauen aus Liebe solche Dinge mit sich machen lie\u00dfen. Oder es war einfach nur Dummheit, aber das wollte ich ihr wirklich nicht unterstellen. Mit jeder Sekunde die vorbei ging, hoffte ich, das Kerl heute nicht auftauche wurde. Am Besten gar nicht mehr. Ja. Das w\u00e4re wohl am Besten. Um das Kind k\u00fcmmern, konnten sich ja die anderen. Mit Natsuhi zusammen. Aber sie hatte gesagt, ohne ihn, w\u00e4re sie sogar mehr als einsam\u2026 Lieber Einsam aus benutzt. Aber sie sah sich ja nicht in der Rolle des Opfers. \u201cDu denkst zu viel nach.\u201d, ich schreckte hoch, es war wieder Leni gewesen. Ich musste schmunzeln, \u201cSieht man das ?\u201d Sie schaute mich nur frech an und grinste. \u201cJa du bekommst Falten.\u201d Natsuhi sah zwischen uns hin und her, ich dachte ehrlich gesagt, sie w\u00fcrde gleich einen Wutausbruch bekommen, oder eifers\u00fcchtig sein. Aber nein sie l\u00e4chelte. Sie merkte schon zu dem Zeitpunkt was, das uns erst sp\u00e4ter klar werden sollte. Was ich mich schon die ganze Zeit fragte, warum ihre Freundin \u00fcberhaupt hier her gekommen war. \u201cSollen wir ?\u201d, sie l\u00e4chelte Natsuhi an, sie heftig nickte. Wieder so wie nur Kinder es taten. Vielleicht hatte deswegen dieses Gef\u00fchl, sie besch\u00fctzen zu m\u00fcssen\u2026 Die Beiden wollten zusammen Musik machen. Langsam wurde mir der Umgang mit der Situation ein bisschen zu locker und naiv, aber immerhin brauchte Natsuhi auch eine Ablenkung. Mir brach es ehrlich gesagt das Herz, als ich h\u00f6rte welches Lied sie spielten. \u2018Paradise\u2019 - Von Coldplay. Ein kaltes Spiel wurde hier ja wirklich gespielt, aber das Lied passte perfekt zu Natsuhi. Sie tr\u00e4umt jedes Mal wenn sie die Augen schlie\u00dft von Paradies\u2026 Der unschuldige Text und die Melodie die gute Laune macht. Am liebsten h\u00e4tte ich geweint. Aber ich bin Mann. M\u00e4nner weinen nicht \u2026 Aber ich hab es getan. Abends in meinem Zimmer. Gestern hatte ich einen Nervenzusammenbruch. Heute konnte ich nichts essen. Die Situation ging mir glaube ich ein bisschen zu nah\u2026 Aber wem w\u00fcrde es nicht so gehen ? Naja. Gehen wir mal weiter im Text, also haben die M\u00e4dels weiter ihre Jamsession abgehalten. Natsuhi hatte eine wirklich sch\u00f6ne Stimme, wenn man mal von der Heiserkeit durch das ganze Schreien absieht. Und Millenias H\u00e4nde flogen f\u00f6rmlich \u00fcber die Tasten des Klaviers. Ich glaube, sie hat bemerkt das ich sie die ganze Zeit angestarrt habe. Mit einem Zwinkern, das \u2018Ich kann noch mehr mit denen als nur Klavierspielen\u2019 lie\u00df sie mich im Regen stehen. Natsuhi summte immer noch das Lied vor sich hin, w\u00e4hrend sie heute malte. Sogar das konnte sie. Millenia kam zu mir. Schei\u00dfe. Mir ist hei\u00df geworden. Ich war gr\u00f6\u00dfer als sie, und so konnte ich einen Blick auf ihren Spitzen BH bewerfen. Also der Busen war echt. Sie grinste mich wieder nur frech an. Verdammt sexy. Musste man ehrlich sagen. Unter anderen Umst\u00e4nden hatte ich mich schon an sie rangemacht. Aber sie Situation erlaubte kein romantischen Gef\u00fchle. Ich hatte sie trotzdem. Aber ich w\u00fcrde es ihr erst sagen, wenn das alles vorbei war. Sie bemerkte wieder, das ich nachdachte. \u201cWas ist los ?\u201d Ich l\u00e4chelte nur. \u201cIch erz\u00e4hls dir wenn wir alleine sind.\u201d Aber ich wollte keine sexuellen Andeutungen machen. Sie verstand es. Ihr L\u00e4cheln war wundersch\u00f6n. Alles an ihr faszinierte mich. Natsuhi sah uns auf einmal traurig an. Als w\u00fcrde etwas nicht stimmen. \u201cWas ist los ?\u201d Aber sie sch\u00fcttelte nur den Kopf und ging in ihr Zimmer. \u201cSie hat diese Phasen immer wieder\u2026 Dann erinnert sie sich daran, was im letzten Sommer passiert ist\u2026\u201d, Leni schien sie wirklich in und auswendig zu kennen, \u201cLass sie am besten in Ruhe\u2026 Das wird am Besten f\u00fcr sie sein\u2026\u201d Ich vertraute ihr. Sie kannte Natsuhi gut. Ich kannte sie nicht. Den ganzen Nachmittag \u00fcber, schloss sie sich in ihren Zimmer ein. Das war beruhigend. So war wie wenigstens sicher. Und der Kerl tauchte und tauchte einfach nicht auf. Also zog ich mich mit Millenia, in mein Kellerzimmer zur\u00fcck. Sie sa\u00df auf meinem Bett, ich auf einen Schreibtischstuhl. Um Sex ging es jetzt, so oder so nicht. Zumindest nicht um unseren. Falls wir jemals welchen haben w\u00fcrden. Was ich nat\u00fcrlich hoffte. Sie sah mich wieder mit ihren Rubin Augen an. \u201cHey\u2026 Nero ist kein schlechter Kerl.\u201d - \u201cSag mal wie kannst du so was sagen ?! Der Kerl vergreift sich an einem kranken M\u00e4dchen!\u201d Ich wollte sie nicht anschreien, aber ich tat es einfach. Einfach aus dem Grund, weil ich nicht verstand wie sie so etwas sagen konnte. Aber sie verstand meine Reaktion. \u201cEr ist mein bester Freund\u2026 H\u00f6r mir zu ! Du wei\u00dft sicher das Nero besessen ist. Seal qu\u00e4lt Natsuhi. Nicht Nero.\u201d Ja, das wusste ich. Auch wenn ich es nicht so recht verstehen wollte. \u201cAber wenn er sie liebt\u2026 warum \u2026 warum kommt er dann immer noch immer wieder hier her und l\u00e4sst sie von ihm vergewaltigen ?\u201d Sie seufzte. Ja die Frage war schwer. Aber ich wollte einfach wissen, warum die Beiden sich so verletzten. \u201cWeil sie sich lieben. Es ist Schicksal\u2026 Vertrau mir einfach. Und ohne ihn w\u00fcrde Natsuhi sicher sterben. Er ist alles was sie hat. Sie liebt Nero abg\u00f6ttisch. Hast du noch nie geliebt ?\u201d Aua. Das tat weh. Ich sch\u00fcttelte den Kopf. Ich hatte noch nie wirklich geliebt. Sie schaute mich an. Nicht fassungslos oder schockiert. Nein. Verst\u00e4ndnisvoll. \u201cVielleicht musst du nur die Richtige finden.\u201d Die Richtige hm. Ob sie sich meinte ? Wenn ich ehrlich war hoffte ich es. Mein \u2026 Verlangen nach ihr, reduzierte sich jetzt nicht mehr nur auf das Sexuelle. Nein. Auch auf ihre Person. Ihr Charakter war einzigartig. Sie war so g\u00fctig und anmutig. Wundersch\u00f6n, sexy, witzig, frech, intelligent. Ich k\u00f6nnte ewig \u00fcber sie weiter reden und mir w\u00fcrden nur gute Dinge einfallen. Zur\u00fcck halten konnte ich mich nicht mehr. Sie war einfach \u2026 zu faszinierend. Aber ich schien Gl\u00fcck zu haben. Sie erwiderte meinen Kuss. Sogar sehr verlangend. Perfekt. Sie war perfekt f\u00fcr mich. Da war ich mir jetzt schon sicher. Diese Frau sollte die Mutter meiner Kinder werden. Ja ja, Zukunftsmusik aber sie war wirklich der Hammer. Ich w\u00fcrde ja jetzt sagen, ich schlafe beim ersten Treffen nicht mit Frauen, aber das war gelogen. Besonders bei ihr h\u00e4tte ich nie widerstehen k\u00f6nnen. Sie setzte sich auf mich. Mein kleiner Freund zeigte ihr sofort, wie sehr er sich dar\u00fcber freute. Schnell zog sich sie sich aus, dann riss sie mir f\u00f6rmlich die Hose vom Leib und rieb mein Glied zwischen ihrem himmlischen Busen. Wenn ich gekonnt h\u00e4tte, h\u00e4tte ich sie auch verw\u00f6hnt, aber sie nahm mich ganz ein. Sofort setzte sie sich auf mich und st\u00f6hnte lustvoll als ich in sie eindrang. Es war Wahnsinn, der Sex mit ihr war der beste den ich je hatte. Sie bewegte sich lustvoll auf mir und zerkratze meine Brust, aber genau das liebte ich. Am liebsten w\u00e4re ich nie gekommen. Aber ich bin auch nur ein Mann \u2026 Kuscheln nach dem Sex war sonst f\u00fcr mich nicht angesagt, trotzdem legten wir uns nebeneinander. Wir redeten Stundenlang. \u00dcber alles. Sie erz\u00e4hlte mir die ganze Gesichte von Nero. Also wenn ich ehrlich war \u2026 ein bisschen tat er mir schon leid. Was mich nur wunderte war \u2026 Warum besch\u00fctzte er Natsuhi nicht ? Er liebte sie doch. Warum war er nicht stark genug, den D\u00e4mon selbst zu vertreiben ? Aber Millenia wusste eine Antwort. \u201cAlleine w\u00fcrde er es nie schaffen\u2026\u201d, ich streichelte ihre Arme, \u201cSeal hat ihn auch fertig gemacht\u2026 Seelisch. Und das was er mit Natsuhi macht, ist auch nur dazu gut, um Nero so zu knacken, das er irgendwann so schwach wird, das Seal die komplette Kontrolle \u00fcber ihn hat.\u201d Also jetzt hatte ich wirklich Mitleid mit dem Kerl. Wenn so dar\u00fcber nach dachte\u2026 Sollte ich ihr sagen das Natsuhi schwanger war ? Ja. Es w\u00e4re am besten. \u201cNatsuhi \u2026 ist schwanger\u2026\u201d Auf einmal sah ich wie ihr Gesicht langsam Maskenhaft wurde. Dann traurig. Sie dr\u00fcckte sich an mich. Ihre Stimme zitterte, so als w\u00fcrde sie weinen. \u201c\u2026 das ist schrecklich\u2026\u201d Ich nickte nur. Ja, das war es. Ich sah nach drau\u00dfen. Die Sonne ging langsam unter. Gott sei dank. Heute kam kein Lebenszeichen von dem Bastard. Aber ich machte mir langsam Sorgen um Natsuhi. W\u00fcrde sie sich etwas antun ? Millenia schien das selbe zu denken, sie stand auf und zog sich an. \u201cIch gehe zu Natsuhi\u2026\u201d Ich zog mich auch an, \u201cIch will sie auch sehen\u2026\u201d Sicher gehen, das es ihr gut geht. Als wir hoch kamen lag sie auf ihren Teppich. Ein krankes Bild. Ihr sch\u00f6ner K\u00f6rper war \u00fcbers\u00e4ht mit Wunden und Narben. Sie starrte einfach nur die Decke an. In Dauerschleife lief \u2018Born to die\u2019 von Lana Del Rey. Na Super. Es ging ihr doch schon schlecht. Als sie die Schritte h\u00f6rte, also unsere Schritte, drehte sie den Kopf in unsere Richtung. Dann l\u00e4chelte sie. Aber sie weinte auch. \u201c\u2026 er ist\u2026 nicht\u2026 zu mir\u2026 gekommen\u2026\u201d Schei\u00dfe. Was sollte ich jetzt dazu sagen ? Ich war froh dar\u00fcber. Aber sie nicht. Klar. Sie vermisste sicher ihren Freund. Ich vermisste ihn nicht. Warum musste sie sich grade in so einen verlieben ?! Naja, vielleicht hatte Leni ja Recht. Es war Schicksal. Das Schicksal konnte ein ziemliches Arschloch sein. Leni machte sie bettfertig. Ich h\u00f6rte sie immer noch weinen. Aber dieses Weinen war herzzerrei\u00dfend. Sie war wirklich traurig. Nein. Sogar verzweifelt. Wie konnte sie ihn nur so vermissen ? Es klang so als w\u00fcrde sie sterben. Leni erz\u00e4hlte ihr Geschichten. Sang ihr Lieder vor. Bis Sp\u00e4t in die Nacht. Bis sie schlief. Aber sogar im Schlaf weinte sie. Sie schrie immer nach ihm. Als Leni raus kam, sah sie ziemlich gefickt aus. Ihre Augen hatten ihren Glanz verloren. Mein Juwel strahlte nicht mehr. Ich nahm sie in den Arm. Sie brach zusammen. Vorsichtig trug ich sie runter, in mein Zimmer. Legte sie aufs Bett, mich daneben. Ich sah ihr beim Schlafen zu. Tr\u00e4umte von ihr.",
            "wordcount": "1.940",
            "chapter_release": "11.03.2012",
            "chapter_number": "4"
        },
        "5": {
            "text": "Tag 4:Der Morgen kam zu schnell. Aber als ich aufwachte, lag Millenia immer noch neben mir. Sie sah wundersch\u00f6n aus, w\u00e4hrend sie schlief. Ich wollte sie k\u00fcssen, aber dann w\u00fcrde sie sicher wach werden. Gott. Ich hatte die Zeit vergessen. Wir hatten schon 12 Uhr Mittags. Aus dem Obersgeschoss kam L\u00e4rm. Schei\u00dfe. Leni wurde auch wach, sie schaute mich an. \u201cIch geh nach sehen\u2026\u201d, ich k\u00fcsste noch hastig und zog mir schnell einen Pulli und ne Hose an, um nach zusehen was los war. Gro\u00dfartig. Der Bastard stritt mit Natsuhi. Als er mich sah, packte er Natsuhi wieder um sie die Treppe hoch zuschleifen. Toll\u2026 Dieses Mal packte ich mir den Kerl und verpasste ihm einen Schlag ins Gesicht. Schei\u00dfe\u2026 Meine Faust tat mir weh\u2026 Aber das war egal. Kranke Schei\u00dfe. Der hat mich nur an gegrinst. Also w\u00e4re das nichts gewesen. F\u00fcr den war es sicher auch nichts gewesen. Au\u00dfer ne Streicheleinheit. Er setzte an mir wieder eine zu verpassen. \u201cH\u00d6R AUF! ICH GEH JA SCHON MIT!\u201d Was zur H\u00f6lle\u2026 Natsuhi machte mich w\u00fctend. Ich konnte auf mich selbst aufpassen. Leni stand Fassungslos an Treppenabsatz. \u201cNatsuhi\u2026.\u201d Der Kerl starte sie an, \u201cWas willst du hier \u2026 ?\u201d Aber sie schwieg. Nein. Sie konnte nichts sagen, ihr Blick war auf Natsuhi gerichtet die langsam die Treppe hoch ging. Gebrochen. Nicht mal mehr ein Schatten ihrer selbst. Sie opferte sich. F\u00fcr mich. In mir stieg Ekel auf. Ekel \u00fcber meine Schw\u00e4che. ***Natsuhi stand ihren Zimmer. Auf dem rosa Teppich. Alles sah so kindlich aus, so unschuldig. So wie sie gerne w\u00e4re. Aber sie war beschmutzt. Befleckt. Ihre Haut \u00fcbers\u00e4ht mit Wundmalen. Bluterg\u00fcssen. Sie war mal sch\u00f6n gewesen. Aber das war einmal. Ja\u2026 das war einmal. Sie h\u00f6rte seine Schritte hinter sich. Am liebsten h\u00e4tte sie sich \u00fcbergeben. Aber das war ja auch sinnlos. Sie drehte sich nicht um. Er stand hinter hier. Unsanft packte er ihre Arme und drehte sie um. Seine Augen waren kalt. Das war nicht Neros Blick. Nein. Das waren nicht seine Augen. Es war Seal. Natsuhi war schon an ihn gew\u00f6hnt. \u201cSehr heldenhaft von dir\u2026\u201d, er hielt ihr Gesicht so fest, das sie ihn ansehen musste, \u201cOpferst dich Heldenhaft f\u00fcr deine Freunde\u2026\u201d Dann machte er es so wie immer. Natsuhi wollte sich seinem Griff entziehen, aber er war st\u00e4rker. Viel st\u00e4rker als sie. Die Lippen die ihre ber\u00fchrten, waren zwar die von Nero, aber es war trotzdem Ekelhaft. Ekelhaft ihn zu k\u00fcssen, sie er seine Zunge ihn ihren Mund schob, wie er sie ber\u00fchrte. Seal kannte jeder Stelle, an der sie es liebte ber\u00fchrte zu werden. Aber eben nur von Nero. Tr\u00e4nen flossen wie ein Wasserfall. \u201cH\u00f6r auf zu heulen. Immerhin das hier noch Neros K\u00f6rper\u2026\u201d Was alles f\u00fcr sie schlimmer machte. Es war der Mensch den sie liebte. Und gleichzeitig hasste. Es war ein krankes Paradoxem. Und sie ertrug es. Seine H\u00e4nde fuhren \u00fcber ihren K\u00f6rper. Er k\u00fcsste sie wieder. Schob deine Ekelhaften Finger in ihr H\u00f6schen, rieb an ihre Klitoris um ihr ein leichtes St\u00f6hnen zu entlocken. Aber sie w\u00fcrde es nicht tun. Der erste Schlag traf sie. Ins Gesicht. \u201cGibst dich wohl nur deinem Nero \u2026 was ?\u201d - \u201cJa\u2026\u201d \u201cFalsche Antwort\u2026\u201d, knurrte Seal. Aber er w\u00fcrde sich jetzt sicher nicht damit beeilen ihr weh zu tun. Sie sollte leiden. F\u00fcr jede freche Antwort die sie gab. Wieder presste er seinen K\u00f6rper gegen ihren. Natsuhi schwieg und lie\u00df die Folter \u00fcber sich ergehen. Sie schloss einfach ihre Augen, tr\u00e4umte sich an einen besseren Ort, als liebevoll ihre Lippen gek\u00fcsst wurden. Davor schreckt sie zur\u00fcck, sie nahm ein paar Schritte Abstand. Sie h\u00e4tte mich allem gerechnet nur nicht damit. \u201cNatsuhi\u2026\u201d, diese Augen, die Stimme, die Bewegungen. Es war Nero. Aber \u2026 ? Es war ihr jetzt egal, wie er es geschafft hatte, Seal in die hinterste Ecke des Seins zu verbannen. \u201cNero\u2026 ich\u2026.\u201d, bevor sie nur ein Wort sagen konnte, versiegelten seine Lippen wieder ihren Mund. Es war wirklich ein krankes Spiel. Zwei Seelen in einem K\u00f6rper. Die eine geliebt, die andere gehasst. Auch seine H\u00e4nde fuhren \u00fcber ihren K\u00f6rper, aber dieses mal wollte sie es. Er h\u00f6rte Seal in seinen Kopf schreien, fluchen, drohen. Aber es war ihm im Moment egal. Was sich jedoch sp\u00e4ter als gro\u00dfen Fehler erweisen sollte. Den Beiden war es in dem Moment egal. Mehr als egal. Zulange h\u00e4tte der D\u00e4mon sie von einander getrennt. Behutsam hob Nero den schw\u00e4chlichen K\u00f6rper seiner Freundin hoch. F\u00fcr ihm war sie immer noch wundersch\u00f6n. Wie am Tag an dem sie sich das erste Mal trafen. Der Tag der ihr Leben ver\u00e4nderte. Langsam trug er sie zum Bett. Der Moment sollte Ewigkeiten andauern. Bevor der Schmerz ihn zerst\u00f6ren w\u00fcrde. Und eine Ewigkeit zu Staub verf\u00e4llt. Liebevoll. Ja. So ging er mit ihr um. Jede Ber\u00fchrung brannte auf ihrer Haut. Aber es war genau das, wonach sie sich gesehnt hatte. Seine Augen waren gezeichnet von Leid, Schmerz und Wut. Wut \u00fcber seine Schw\u00e4che. F\u00fcr sie waren es trotzdem die sch\u00f6nsten Augen, sein Blick fesselte sie jedes Mal. Aber was sah er in ihren Augen ? Er drehte sie vorsichtig auf ihren Bauch, als k\u00f6nnte sie bei jeder Ber\u00fchrung verbrechen. Ja. Innerlich. Bis nichts mehr von ihr \u00fcbrig war. Sie war so zerbrechlich. Gezeichnet von Leid. Vorsichtig beugte sich Nero \u00fcber sie. Sie schloss ihre Augen, trotzdem l\u00e4chelte sie. Jetzt musste sich mehr tr\u00e4umen. Seine H\u00e4nde lagen auf ihrer H\u00fcfte, er z\u00f6gerte kurz, aber sein eigenes Verlagen war zu gro\u00df. Seit Monaten, Wochen, Tagen, Stunden, fast sogar Sekunden verzehrte er sich nach ihr. Ihrer N\u00e4he. Unschuldiger Liebe. Aber die war nur eine Illusion. Die er gerne Aufrecht erhielt, solange sie ihn liebte. Ihr St\u00f6hnen riss ihn aus Gedanken, nicht so viel denken. Lieber Gedankenlos sein. Es f\u00fchlte sich gut an, er f\u00fchlte sich widerlich. Eigentlich musste sie Sex hassen, trotzdem gab sie sich ihm voll und ganz hin. \u201cEntspann dich\u2026\u201d, fl\u00fcsterte er in ihr Ohr, nahm ihre H\u00e4nde und bewegte sich sanft in ihr. Es war seltsam, sie st\u00f6hnen und nicht schreien zu h\u00f6ren. Ihre Stimme war wundersch\u00f6n. Sch\u00f6ner als jede Melodie. Er wollte sie nie wieder schreien h\u00f6ren. Aber Seal machte sich wieder in seinem Kopf breit, zeigte ihm die Bilder von dem was geschehen war und geschehen w\u00fcrde. Aber es war ihm egal. Sie sollte einen Moment Liebe sp\u00fcren. Er wollte ihr zeigen, wie Liebe wirklich aussah. Wenn die Fassade br\u00f6ckelte. ***Gott. Was war da oben los ? Erst schreit sie um Hilfe und jetzt nach mehr. Also irgendwie schien hier wirklich alles zu eskalieren. Leni nahm meine Hand. Gott sei Dank hatte ich sie. Sonst w\u00fcrde ich hier noch einen Amoklauf starten. \u201cNero ist nicht so schwach\u2026 wie du denkst\u2026 Er wehrt sich auch gegen Seal.\u201d Ach so. Also war das grade ihr Freund der mit Natsuhi schlief. Machte es f\u00fcr mich nicht besser. Besser der Kerl w\u00fcrde sich einfach aus ihren Leben verpissen. Auch aus dem von uns. Uns\u2026 jetzt redete ich schon von mir und ihr als Paar. Sind wir ja auch. So gesehen. Ich dachte ihr wohl wieder zu viel nach. Sie k\u00fcsste mich einfach. Ich hatte nichts gegangen, ein bisschen Ablenkung war nicht schlecht. Besser als mit anzuh\u00f6ren, was da oben los war. Es machte mich krank. Ich war nicht eifers\u00fcchtig auf ihm. Ich hatte nur Mitleid mit Natsuhi. Wie krank musste ein Mensch sein, so was zu ertragen ? Oder wie viel lieben\u2026 Ja es ging um lieben. Aber unser Kuss, w\u00fcrde dann doch durch seltsame Ger\u00e4usche aus dem Dachgescho\u00df unterbrochen. Leni schien das selbe zu denken wie ich. Mit ihr an der Hand rannte ich hoch. Aber die T\u00fcr war verschlossen\u2026 Wie ein Wahnsinniger hab ich gegen die T\u00fcr geh\u00e4mmert, na klar, sie war abgesperrt. Grade heute war sie abgesperrt. Die Ger\u00e4uschkulisse war schlimmer als sonst. Viel schlimmer. Aber was uns sp\u00e4ter erwartete\u2026 ***Nero hatte Natsuhi den Arm genommen. So wie er es immer tat, nachdem sie mit einander geschlafen hatten. Es war nicht das erste Mal, das sie es taten. Aber jedes Mal, nachdem sie es getan haben, verpr\u00fcgelte Seal Natsuhi schlimmer als vorher. Trotzdem taten sie es. Sie wollten nicht von einander lassen, auch wenn der Verstand und die Vernunft sagten, es w\u00e4re besser so. Nein. Einen Moment Unachtsamkeit. Nur einen Moment. Mehr brauchte Seal nicht. Natsuhi wehrte sich nicht einmal da gegen. Sie war es gewohnt. Mit vollem Gewicht setzte er sich auf sie. \u201cIch hab ihm gesagt er soll die Finger von dir lassen\u2026\u201d, am liebsten Schlug er ihr ins Gesicht. Gott sei dank. Wenn er ihren Bauch traf\u2026 Gut das er nicht wusste das sie schwanger war. Au\u00dfer Romeo wusste es niemand. Es war schrecklich. Sie konnte Nero nichts anvertrauen, sonst w\u00fcrde Seal es gegen sie verwenden. Harte Schl\u00e4ge trafen ihr Gesicht. Zum ersten Mal wurde ihr schwindelig. Dann wurde alles schwarz. Aber es hielt ihn nicht davon ab weiter zu machen. Als sie blutend und bewusstlos vor ihm lag, war er zufrieden, lie\u00df von ihr ab und Nero raus. Er sollte sie so sehen. Am besten so lange wie m\u00f6glich. Die Strafe hatte er verdient. Hatten beide verdient. Fassungslos starrte Nero auf seine blutverschmierten H\u00e4nde, es war Natsuhis Blut das an ihnen klebte. Sie \u00f6ffnete ihre Augen nicht, egal wie sehr er flehte und bettelte. Der D\u00e4mon in seinem Kopf lachte nur. \u00dcber das Drama das sich vor ihm abspielte. ***Mir reichte es endg\u00fcltig als dieser Bastard, sorry, als Nero anfing da drin rumzuheulen. Leni wollte mich aufhalten, aber ich rammte mit der Schulter zu erst die T\u00fcr. Endlich. Mit viel L\u00e4rm ging sie endlich auf, und ich fiel mit der Schnauze zu erst ins Zimmer. Millenias Reaktion auf das was sei sah, best\u00e4tigen meine Sorge. Ich richtete mich mit schmerzender Schulter auf. \u201cWAS ZUR H\u00d6LLE HAST DU MIT IHR GEMACHT ?!\u201d, ich konnte mein Wut nicht unterdr\u00fccken. Sie lag da. Wie eine Leiche, Blut\u00fcberstr\u00f6mt, aber sie atmete noch. Wo auch immer ich die Kraft her hatte, ich riss ihn von ihr los und fing sofort an ihre Vitalzeichen zu messen. Ja. Natsuhi lebte noch. \u201cIch hoffe f\u00fcr sie, das sie stirbt\u2026\u201d Was zur H\u00f6lle hatte ich da gesagt ?! Aus der Ecke kam nur ein ersticktes weinen von Nero. Millenia legte ihre Arme um mich. \u201cSag so was nicht\u2026 du wei\u00dft das du dir Sorgen um sie gemacht hast\u2026\u201d Ja, sie hatte Recht. Sie hatte immer Recht. Ich drehte mich zu ihr und k\u00fcsste sie, auch wenn dieser Nero\u2026 immer noch im Raum war. \u201cIch schlie\u00dfe sie an Fl\u00fcssigkeit und Nahrung an\u2026 w\u00e4rst du so lieb sie sauber zu machen, Schatz ?\u201d Ich nannte sie zum ersten mal so. Aber sie war es. Nicht nur ein Schatz. Sie war alles f\u00fcr mich. Mich beschlich das ungute Gef\u00fchl, das ihr etwas passieren w\u00fcrde. Also musste ich noch besser auf sie aufpassen. Nero durfte \u2026 bleiben. Er wollte es. Er wollte bei Natsuhi bleiben, bis sie aufwachen w\u00fcrde. Am liebsten h\u00e4tte ich gebr\u00fcllt, \u2018Damit du sie dann umbringen kannst ?!\u2018. Aber ich war still. Er tat mir schon ein bisschen Leid. Die Nacht kam langsam. Zu langsam. Zu tr\u00fcgerisch. Ich k\u00f6nnte nicht schlafen. Leni neben mir auch nicht. Sie weinte. Weinte um ihre besten Freunde. Ich fluchte. Ich verfluchte diese Gottlose Welt. In der solche Dinge \u00fcberhaupt passieren konnten. Aber das es noch schlimmer ging\u2026 Ja. Das musst ich auch bald erfahren.",
            "wordcount": "1.868",
            "chapter_release": "11.03.2012",
            "chapter_number": "5"
        },
        "6": {
            "text": "Ich war also doch noch eingeschlafen. Jeden Tag stand ich sp\u00e4ter auf. Schei\u00dfe\u2026 ich wollte nicht mal aufstehen. Sonst w\u00fcrde ich mich irgendwann umbringen. Und das ist mein verdammter Ernst. Ich glaube Leni ging es genauso. Sie l\u00e4chelte nicht. Ich auch nicht. Aber ich wollte sie k\u00fcssen. Sie lie\u00df mich. Naja, sie erwiderte den Kuss. Ich glaube die kleine Ablenkung kam ihr gelegen. James kam seit Tagen nicht mehr aus seinen Zimmer. Aber das er noch am Leben war, da war ich mir sicher. Er w\u00fcrde seine Tochter sicher nicht im Stich lassen. Nein. So ein Mensch war er nicht. Aber was f\u00fcr Menschen waren wir ? Wir konnten sie nicht besch\u00fctzen. Eigentlich war ich wegen etwas anderen gekommen, aber ich glaube es war ein Hilfeschrei von James gewesen. Und jetzt musste ich mehr daran setzen Natsuhi und ihr Kind zu sch\u00fctzen. Was ziemlich kompliziert werden w\u00fcrde. Also stand ich auf, Leni hatte Hunger. Ich nicht. Also schaute ich mich in dem Haus um. Die Kinder waren Gott sei Dank, alle in der Schule. Von dem Terror hier, hatten sie nichts mitbekommen. Ich entdeckte eine Reihe von Bildern. Schei\u00dfe\u2026 war das wirklich Natsuhi ? Eine wundersch\u00f6ne junge Frau strahlte mich an. College Abschluss, sie war Promqueen, Cheerleader, S\u00e4ngerin gewesen. Hatte die Welt in ihren jungen Jahren berei\u00dft. Sie sah atemberaubend sch\u00f6n aus. Gesunde Br\u00e4une, strahlende Augen und ein lebensfrohes L\u00e4cheln. Was war sie jetzt ? Ein Haufen lebendes Elend. ***Nero lag die ganze Nacht wach, er wollte auf Natsuhi aufpassen. Aber war er nicht der Grund, daf\u00fcr das es ihr jetzt so schlecht ging ? Vorsichtig streichelte er ihre Wange. Es stach in sein Herz, als er sich daran erinnerte, wie Natsuhi damals war. Als sie sich kennen lernten. Man hatte ihr schon angemerkt, das sie geisteskrank war, aber es war ihm so ziemlich egal. Sie liebte ihn. Er sie. Es war Liebe auf den ersten Blick gewesen. F\u00fcr Beide. Aber Seal nahm es nicht wirklich ernst. Nero hatte sich schon oft \u2018verliebt\u2019, aber hatte sie nie getraut eine feste Beziehung einzugehen. F\u00fcr Seal war so was ein Zeichen von Schw\u00e4che. Trotzdem lie\u00df sich Nero auf das M\u00e4dchen ein. Was ein Fehler war. Nachdem sie sich das erste Mal wirklich Nahe gekommen waren, fing Seal damit an, sie zu misshandeln. Zuerst \u00fcbte er nur psychischen Druck auf sie aus. Aber sie hielt stand. Seal war langsam aber sicher genervt. Aber dann viel ihm etwas ein, das sie sicherlich fertig machen w\u00fcrde. Vergewaltigung. Keine Frau konnte so was auf Dauer aushalten. Und er hatte Recht. Sie zerbrauch wie ein Kunstwerk aus Glas. Die Scherben lagen jetzt regungslos vor ihm. Aber was er nicht wusste, an Scherben konnte man sich schneiden. ***Der ganze Tag war ruhig. Leni und ich redeten nicht viel. Uns war auch nicht wirklich danach. Gut das sie mich verstand. Sie hatte f\u00fcr jeden von uns Verst\u00e4ndnis. Wie konnte ein Mensch nur so\u2026 g\u00f6ttlich sein ? Ja. Sie \u00e4hnelte mehr einer G\u00f6ttin, als einem einfachen Mensch. So war meine Sicht der Dinge. Ich betete wirklich das Natsuhis Herz aufh\u00f6ren w\u00fcrde zu schlagen. Um ihren Willen. Der Kerl w\u00fcrde sie irgendwann wirklich umbringen. Es war schon sp\u00e4ter Nachmittag, als aus dem Obergeschoss Stimmen erklangen. \u201cLeni ? Kommst du bitte mal zu mir ?\u201d Natsuhi ?! Wie zum Teufel war das m\u00f6glich ? Ohne Nachzudenken lief Millenia die Treppen hoch, ich wollte sie noch stoppen, aber ich war einfach zu langsam. Ich rannte ihr hinter her, ich wusste das etwas nicht stimmte. Natsuhis Stimme klag so k\u00fcnstlich. Verdammt\u2026 die T\u00fcr war wieder abgesperrt als ich hoch kam. Und dieses Mal, schaffte ich es nicht so einfach zu aufzubrechen. ***Als Millenia im Raum stand wurde ihr eiskalt. Es war nicht Natsuhi gewesen. Sie lag immer noch bewusstlos auf dem Bett. \u201cSchei\u00dfe\u2026 du\u2026.\u201d, sie wollte zur Verteidigung ansetzten, aber Seal war schneller. \u201cWie schnell du springst wenn sie nach dir ruft\u2026\u201d - \u201cSIE IST MEINE FREUNDIN DU BASTARD !\u201d Er grinste nur. \u201cAlso Temperament hast du\u2026\u201d Sie war angewidert, angewidert von seiner Art. \u201cWas willst du\u2026 ?!\u201d Seal musterte sie genau. \u201cGut siehst du schon aus\u2026\u201d - \u201cSAG MIR VERDAMMT NOCHMAL WAS DU VON MIR WILLST!\u201d Er machte keinen Hehl draus, was er wollte. \u201cDas was mir deine kleine Freundin nicht geben kann\u2026\u201d Jetzt wurde es echt ekelhaft. \u201cNero\u2026 Sei kein verdammtes Weichei\u2026 Mach was\u2026.\u201d In ihr stieg wieder Angst auf. Die selbe Angst die sie auch damals immer hatte. Schwindel und \u00dcbelkeit folgten. Sie konnte sich nicht wehren. Es war wie Paralyse. Seal lachte wieder dreckig. W\u00e4hrend Nero schrie. Er wusste was passieren w\u00fcrde, wenn Natsuhi einfach aufwachen w\u00fcrde. Das wusste er genau. Und Seal auch. \u201cDas ist doch gerade der Reiz an der Sache Nero\u2026\u201d Ja. Der Reiz Natsuhi zu Staub zu verarbeiten. Bis nichts mehr von ihr \u00fcbrig war. Leni schrie nicht mal mehr. Sie weinte leise. Die Bilder in ihrem Kopf waren wie ein Film. Wie sie zum ersten Mal vergewaltigt wurde. Und jetzt \u2026 von dem D\u00e4mon der im K\u00f6rper ihre besten Freundes steckte. Perfekte Ironie oder einfach nur ein mieser Plan. Seine kalten H\u00e4nde pressten ihr den Mund zu. Er machte es bei ihr nicht wie bei Natsuhi. Eigentlich wollte er auch nur Sex. Mehr nicht. Sie kreischte doch, als er einfach in sie eindrang. Es waren schreckliche Schmerzen, es brannte h\u00f6llisch. \u201cTuts weh ? Ja\u2026 das ist gut du miese Schlampe\u2026\u201d Ihm tat es Anfangs auch etwas weh, aber er mochte den Schmerz, es machte ihn an, sie weinen zu sehen, sie sich unter Schmerzen wand und innerlich starb. H\u00e4tte sie sich besser nicht angemischt. Zimperlich war er nicht, er stie\u00df feste zu. Sie schrie. Vor Schmerz und Scham. Natsuhi \u00f6ffnete leicht die Augen. Hatte Nero nicht noch eben neben ihr gelegen ? Ihr Kopf tat schrecklich weh. Was waren das f\u00fcr Ger\u00e4usche ?! Sie stand zu schnell auf und schaute sich um. Was sie sah, war nicht grade das, was sei sehen wollte. Nero\u2026 mit\u2026 ihrer besten Freundin. Sie taumelte leicht zur\u00fcck. Das konnte nicht wahr sein. Nein. Nein. Nein. Daf\u00fcr h\u00e4tte sie nicht all die Schmerzen, die Peinigung und den Wahnsinn ertragen. Nicht daf\u00fcr. Millenia wollte Natsuhi sagen, das es Seal war nicht ihr Nero, aber er presste ihr wieder den Mund zu. Und grinste. Beugte sich runter und fl\u00fcsterte ihr etwas ins Ohr. \u201cGenau das was ich wollte\u2026\u201d Ja. Perfekt geplant. Natsuhi war grade erst auf gewacht. Sie wusste nicht was los war. Aber sie sah, was passierte. Das erste nach dam sie griff, war ihre Gitarre. Perfekt. Mit einem harten Knall traf sie Neros Kopf. Blut floss aus einer Platzwunde. Er sackte zusammen, mit letzter Kraft schob Leni den leblosen K\u00f6rper von sich. Natsuhis Augen waren leer. Kalt. Fast schon grausam. \u201cNatsuhi bitte\u2026\u201d - \u201cHALT DEINE FRESSE DU MISTST\u00dcCK!\u201d***Okay. Langsam wurde mir das echt alles zu viel. Dann eben\u2026 die T\u00fcr ging auf. Schei\u00df D\u00e4monenmagie. Was f\u00fcr ein Bild sich mir Bot\u2026 Natsuhi stand da, mit blutverschmierter E-Gitarre. Leni\u2026 Ohne Unterw\u00e4sche, sie weinte. Und der Bastard wurde wohl von der Gitarre am Kopf getroffen. Aber das erste was ich tat, war Leni aufsammeln und sie zu tr\u00f6sten. \u201cSchatz\u2026 Schatz was ist passiert ?\u201d Sie sah mich an, aber brachte kein Wort raus. Daf\u00fcr tat es Natsuhi. \u201cPack deine Schlampe und verpisste euch aus meinem Zimmer\u2026\u201d Ich wollte Nero auch aufsammeln, aber sie lie\u00df es nicht zu. Sie hielt mir drohend das Instrument entgegen. \u201cWag es dich\u2026\u201d Schei\u00dfe. Der Kerl tat mir jetzt schon Leid. Aber Leni war wichtiger. Vorsichtig trug ich sie in mein Zimmer. Gott. Sie war nicht mal mehr ein Schatten von der Person, mit der ich heute Morgen noch das Bett teilte. \u201cSchatz ? H\u00f6rst du mich ?\u201d Aber ich bekam keine Antwort. Es war schlimm. Ich seufzte und legte mich neben sie. Auf einmal krallten sich ihre Finger in meine Schulterbl\u00e4tter, sie k\u00fcsste sich als g\u00e4be es kein Morgen mehr. Sie setzte sich auf mich. Leni wollte doch nicht wirklich mit mir schlafen oder ?! \u201cLass mich vergessen\u2026. Ich will dir geh\u00f6ren\u2026 Nur dir\u2026\u201d, also diese Worte waren eindeutig. Also gab ich ihr ein bisschen Heile Welt zur\u00fcck. ***\u201cIch hab alles ertragen\u2026\u201d, sie drehte ihm um, um sein Gesicht zu sehen, \u201cAlles\u2026 weil ich dich geliebt habe\u2026\u201d Die kalte Klinge schnitt ihr in die Hand, weil sie sie in der Faust hielt, das warme Blut tropfte auf seine Kleidung. \u201cAlles. Jede\u2026 Dem\u00fctigung. Jeden Schmerz.\u201d Angewidert verzog sie das Gesicht. \u201cUnd das erste was dir einf\u00e4llt ist mit meiner besten Freundin zu schlafen\u2026\u201d Langsam d\u00e4mmerte es Seal. \u201cSchei\u00dfe\u2026\u201d Er konnte sich noch nicht richtig bewegen. Alles tat ihm weh. Schei\u00df Gitarre. Wo hatte sie diese Kraft hergenommen ? Natsuhi hielt im die kalte Klinge an die Kehle. \u201cUnd machst Spa\u00df ? Heute bist du MEIN Opfer\u2026\u201d Mit der Messerspitze zog sie Kreise. \u00dcber seine Brust. \u201cIch will dich bluten sehen\u2026 so wie ich geblutet habe\u2026.\u201d Langsam hob sie den Arm an, bereit dazu, ihm das Messer in die Brust zu rammen. \u201cNATSUHI TUES NICHT!\u201d, sie stoppte. Es war Nero. Verdammt. Grade jetzt. \u201cWas willst du\u2026\u201d Vorsichtig nahm er ihre Hand, mit dem Messer runter. \u201cNatsuhi bitte\u2026 h\u00f6r mir zu\u2026 das war\u2026\u201d - \u201cIST MIR SCHEI\u00df EGAL WER ODER WAS DAS WAR!\u201d Ihre Wut konnte sie nicht mehr zur\u00fcck halten. Ein fester Schlag traf sein Gesicht. \u201cICH HAB DICH GELIEBT ! MEHR ALS ALLES ANDERE! UND WAS MACHST DU \u2026\u201d Dann \u00fcbermannten sie die Tr\u00e4nen. Sie weinte wie ein kleines Kind. Nein. Wie eine Frau die alles verloren hatte, das sie jemals geliebt hatte.",
            "wordcount": "1.562",
            "chapter_release": "11.03.2012",
            "chapter_number": "6"
        },
        "7": {
            "text": "Diese Nacht schlief ich wirklich nicht. Leni wollte die ganze Nacht geliebt werden. Damit sie vergessen konnte. Ihn vergessen konnte. Aber ich denke Natsuhis Gesicht, ihre Augen, das w\u00fcrden wir beide nie vergessen\u2026 Was hatte ihn nur dazu getrieben so was zu tun ? \u201cEr wollte\u2026. Natsuhi noch mehr verletzten\u2026\u201d Ich nickte nur. Das hatte er dann wohl oder \u00fcbel geschafft. Ich war wirklich geschafft. Also gingen wir nach Stunden des hin und her doch hoch, um wenigstens ein bisschen was zu essen. Im Flur sa\u00df Nero. Das erkannte man an der Art wie er da sa\u00df. Wie ein Haufen zusammen gefallener Schei\u00dfe. Er war blass, zitterte und stotterte wirres Zeug vor sich hin. Tat mir leid. \u201cWo ist Natsuhi ?\u201d Er hob den Kopf, starrte mich an, \u201cOben\u2026\u201d Gott. Wie er aussah. Wenn ich ihm immer noch eins auf die Fresse geben wollte, w\u00e4re das die perfekte Chance gewesen. Aber schei\u00dfe\u2026 Ich hatte echt Mitleid mit dem Kerl. Natsuhi hatte ihn \u00fcbel zugerichtet. Aber immer wieder fl\u00fcsterte er etwas, wie er w\u00fcrde sich doch \u00fcber alles lieben. Ich raffte mich zusammen und ging in ihr Zimmer. Dort sa\u00df sie. Auf ihren Bett, mit der Gitarre. Sang, Born to die. \u201cNatsuhi\u2026 was ist den los ?\u201d Auf mich schien sie nicht w\u00fctend zu sein. Bestimmt weil sie dachte, ich w\u00fcrde den selben Schmerz wie sie f\u00fchlen. \u201cIch habe ihn geliebt\u2026\u201d Also jetzt hatte sie wirkliche einen Hauweg. Wie sollte ich ihr nur klar machen, das es Seal gewesen war ? Nicht Nero. Aber dann sagte sie etwas, das mir fast das Hirn aus dem Kopf pustete. \u201cIch will das Kind nicht mehr haben\u2026 bring es um. Oder ich mache es\u2026\u201d Super. Was sollte ich jetzt dazu sagen ? Ich wollte nat\u00fcrlich nicht, dass sie das Kind abtrieb. Aber wie sollte sich sie abhalten ? \u201cNatsuhi\u2026 du bist doch gar nicht schwanger.\u201d Verwirrt schaute sie mich an. Ich hasste es sie anzul\u00fcgen. Aber ich musste es tun. \u201cAchso\u2026 ich dachte\u2026 ich w\u00e4re schwanger\u2026. Von ihm\u2026\u201d Ich sch\u00fcttelte den Kopf. \u201cNein\u2026\u201d Klar. Verwirr das gest\u00f6rte M\u00e4dchen. Tolles Spiel. Wirklich gro\u00dfartig Romeo. Was h\u00e4tte ich den sonst tun sollen ? Es war richtig. Das wusste ich. Aber Natsuhi bemerkte das etwas nicht stimmte. Aber ich denke, die Frage die mir stellen wollte, war wichtiger. \u201cWarum hat er das getan\u2026 ? Warum hat er mir so weh getan\u2026. ?\u201d Hm. Sollte ich jetzt ehrlich sein und ihr sagen was los war ? Aber wenn ich ehrlich war, sie wusste es. Nur konnte sie es noch nicht richtig in ihren Kopf zuordnen. \u201cNatsuhi\u2026\u201d - \u201cIch will ihn nie wieder sehen keinen von beiden\u2026\u201d Ihr Blick war leer, fast schon so als w\u00e4re sie eine Puppe und kein Mensch. \u201cAm besten geht er weg\u2026 und stirbt irgendwo\u2026 soll er ruhig verrotten irgendeiner Gasse\u2026\u201d Was sagte sie da ?! Schei\u00dfe. Jetzt tat er mir wirklich Leid. Es war ja nicht seine Schuld gewesen. Aber was sollte ich noch sagen\u2026 Ich nahm sie in den Arm, warum ? Es war richtig. Es f\u00fchlte sich richtig an f\u00fcr mich. \u201cNatsuhi\u2026 bitte mach nichts un\u00fcberlegtes\u2026 Das w\u00fcrde deinen Dad und mich nur verletzten\u2026\u201d Und dann blitzte es doch wieder auf, das Menschliche ihn ihr. \u201cJa\u2026 mach dir keine Sorgen\u2026\u201d, sie l\u00e4chelte mich an. Sicherlich hatte sie nicht vergessen, das ich sie besch\u00fctzt hatte. Wenn sie sich jetzt etwas antun w\u00fcrde\u2026 Als ich runter kam, stand Leni immer noch an der Wand gelehnt, und Nero lag jetzt in der F\u00f6tusstellung auf dem Boden. Sie hatten es geh\u00f6rt. Nero schien jetzt wirklich \u2026 starke Depressionen zu haben. Was ich auch gut verstand. \u201cDon\u2019t make me sad, don\u2019t make me cry\u2026\u201d Natsuhi kam die Treppe runter. Nero wollte aufstehen, aber er war zu schwach. Natsuhi ging an ihm vorbei als w\u00e4re er nicht mehr als Luft. Schei\u00dfe. Das hat gesessen. Aber so was von. Nero zog sich zusammen und weinte. Er weinte und weinte. Leni wollte ihn zuerst tr\u00f6sten, aber Natsuhis bohrender hasserf\u00fcllter Blick hielt sie ab. Also das war jetzt wirklich schon seelische Grausamkeit. Aber was sollten wir machen ? Wir verstanden alle, warum sie so mit uns umsprang. Besser mit den beiden. Aber irgendwas mussten wir doch tun k\u00f6nnen. \u201cSag mal\u2026 Dumme Frage Nero\u2026 aber\u2026 warum hat dich der D\u00e4mon nicht komplett \u00fcbernommen ? W\u00e4re doch Sinn der Sache gewesen oder ?\u201d Nero schaute mich an, seine Augen waren knallrot von weinen. \u201cJa\u2026 Aber\u2026 sie wollte ihn umbringen\u2026 w\u00fcrde er sich zeigen\u2026 w\u00fcrde sie ihn und mich umbringen\u2026 Er wei\u00df das sie ihn t\u00f6ten kann.\u201d Ich sah ihn etwas verwirrt an, \u201cAber dich hat sie nicht angepackt ?\u201d - \u201cDoch\u2026\u201d Sie hatte ihm verpr\u00fcgelt. Aber wie \u2026 Sein Gesicht war \u00fcbel zugerichtet. Nicht nur das. ***Natsuhi stand in der K\u00fcche. Ein Messer in der Hand. Was sollte sie tun ? Sich wie Julia das Messer in die Brust rammen ? Sterben ? Weil sie verraten wurde ?Aber eine Stimme in ihrem Kopf sagte die ganze Zeit, sie l\u00e4ge falsch. Aber was war richtig und was war falsch ? Oh ja. Tragischer Tod das w\u00e4rs. Dann k\u00f6nnten die anderen wenigstens in Ruhe rumv\u00f6geln wie wollten. Das Messer bohrte sich unter Str\u00f6men von Blut ihn ihren Arm. Ja. Wenn sei Gl\u00fcck hatte w\u00fcrde sie sterben. Vergessen. Und vergessen werden. ***Ein dumpfer Knall kam aus der K\u00fcche. Als w\u00e4re ein Sack Mehl auf den Boden gefallen. Aber der Geruch von Blut verwirrte mich. Nein er verwirrte mich nicht. Er machte mir Angst. Ich wusste genau, was passiert war. \u201cNATSUHI!\u201d, super. Schreien. Klar, das war es echt Romeo. Aber was sollte ich tun ? Helfen. Die anderen Beiden kamen in die K\u00fcche gest\u00fcrmt. Leni fiel um, Nero zu perplex um \u00fcberhaupt irgendwas zu sagen. Natsuhi wurde mit jeder Minute blasser. Also versuchte ich alles, sie zu retten. Sie und das Kind. ***Alles um sie herum war dunkel. War sie tot ? Aber wo war dann das Licht ? Alles wurde wei\u00df. Sie sa\u00df in einem leeren Raum. Alleine. Dann tauchte jemand auf. \u201cMama ?\u201d, die Frau sah fast genauso aus wie Natsuhi. \u201cMeine Natsuhi du bist so gro\u00df geworden\u2026\u201d - \u201cMama\u2026 ich hab dich so vermisst\u2026\u201d Die Frau l\u00e4chelte. \u201cAber ich bin doch immer bei dir\u2026 und jetzt h\u00f6r mir zu\u2026 du hast mich eben schon nicht geh\u00f6rt. Sterben ist keine L\u00f6sung. Du musst die Wahrheit heraus finden. Eine Freundin wird dir helfen.\u201d Natsuhi schaute sie verwirrt an, \u201cMama was m\u2026\u201d Bevor sie ausreden konnte wachte sie auf. Sie war in ihren Zimmer. Nero lag neben ihr. Sie schaute auf die Uhr. Es war kurz vor Mitternacht. Er schlief. Hatte er auf sie aufgepasst ? Ihr tat das Herz weh. Was war den nun die Wahrheit ? ***Leni hatte sich ne sch\u00f6ne Beule zugezogen. Ich k\u00fchlte sie und passte auf sie auf. Zum Gl\u00fcck war nichts schlimmeres passiert. Auf einmal schlug sie ihre Augen auf. Schei\u00dfe. Was war jetzt los ? Ihre Augen waren leer. Kalt. Wie die von Natsuhi. \u201cMillenia ?\u201d - \u201cNein\u2026 ich bin Cail\u2026 Ein Teil von ihr\u2026 Sie schl\u00e4ft\u2026 Hol mir den Engel.\u201d - \u201cWelchen Engel ?\u201d Ich stutze. Wer zur H\u00f6lle war hier ein Engel ? \u201cNa... Natsuhi\u2026\u201d Schei\u00dfe. Das h\u00e4tte ich jetzt wirklich nicht erwartete. Also ging ich langsam die Treppe hoch. Mitternacht.",
            "wordcount": "1.170",
            "chapter_release": "11.03.2012",
            "chapter_number": "7"
        },
        "8": {
            "text": "Der Weg zu ihren Zimmer, kam mir vor wie eine Ewigkeit. War heute der Tag der Wahrheit oder was ? Nero war ein D\u00e4monenwirt. Natsuhi ein Engel \u2026 Jetzt kapierte ich erst, was hier abging. Seal wollte nicht Nero schw\u00e4chen, er wollte Natsuhi fertig machen. Verhindern das sie ihn exerzieren und ihn zur\u00fcck in die H\u00f6lle schicken konnte. So ein Dreckskerl. Vielleicht war es ja wirklich Schicksal gewesen, das sich die Beiden getroffen hatte. Vielleicht hatte Gott ja doch, seine Gebete erh\u00f6rt und ihm einen Engel geschickt. Ja. Wer wusste schon wie die Wahrheit aussah ? Vielleicht kannte Natsuhi sie. Oder w\u00fcrde sie bald kennen. Als ich hochkam sa\u00df sie auf ihren Bett, mit gro\u00dfen Abstand zu dem schlafenden Nero. \u201cNatsuhi ?\u201d Sie schaute mich an. \u201cIch \u2026 will dich jemand vorstellen.\u201d - \u201cWem ?\u201d Geil. Ich musste sie wieder anl\u00fcgen. \u201cEiner Freundin.\u201d Also ging sie mit. Nero lie\u00dfen wir schlafen. Als wir unten angekommen waren, wollte Natsuhi wieder die Treppe hoch rennen, als sie sah, das Leni mit Freundin gemeint war. Nein. Es war nicht Millenia. Es war Cail. \u201cBleiben stehen.\u201d Ihr Ton verritt schon das es nicht Leni war. \u201cCail\u2026\u201d Natsuhi schien zu kennen, \u201cWarum bist du hier ?\u201d - \u201cDamit du endlich die Wahrheit siehst\u2026\u201d Ich kann mir nur vorstellen, was sich ihren Kopf abspielte, ich wurde verschont, Natsuhi weinte. \u201cEs\u2026 macht\u2026\u201d - \u201cDoch es macht einen Unterschied. Ich werde dir Helfen den D\u00e4mon auszutreiben. Zuerst werde ich ihn aus Neros K\u00f6rper bef\u00f6rdern und dann wirst du ihn exerzieren.\u201d Natsuhi nickte stumm. Ich merkte, dass das trotzdem nichts besser machen w\u00fcrde f\u00fcr sie. Aber sie brauchte sicher nur ihre Zeit. Damit klar zu kommen was sie gesehen hatte. Aber wie sollten wir Seal dazu kriegen sich zu zeigen ? Von dem Plan durften wir Nero auf jeden Fall nichts sagen. ***Nero schlief. Tief in sich selbst. Irgendwo. Aufwachen wollte er nicht. Tr\u00e4umen war sch\u00f6ner. Tr\u00e4umen von der Zeit, in der noch alles okay war. Davon tr\u00e4umen, sie es w\u00e4re, wenn Seal nicht alles zerst\u00f6rt h\u00e4tte. Die Bilder l\u00f6sten W\u00fcrgereize in Seal aus. So einen Dreck, konnte sich auch nur Nero vorstellen. Pah. Also wachte Seal an seiner Stelle auf, nur um seine Ruhe davor zu haben. Als er die Treppe runter ging, schaute er verwirrt in die Runde. \u201cOh Geheimkonferenz, wie ich sehe\u2026\u201d, grummelte er. Echt super. Vielleicht w\u00fcrde sie sich jetzt die K\u00f6pfe einschlagen. Sch\u00f6n w\u00e4re es auf jeden Fall. Aber er wusste nicht mal ann\u00e4hrend was ihn erwartete. ***Natsuhi und Cail schauten sich an, Natsuhi nickte. Dann drehte sich zu Seal um. Zog ihre Bluse aus und zeriss die Jeans. Er grinste, \u201cWas wird das ? Willst du f\u00fcr mich strippen\u2026 ?\u201d - \u201cTr\u00e4um weiter zu kranker Wixxer\u2026\u201d Ihre Bewegungen waren schnell, ihr zu folgen schwer. Seal keuchte als Natsuhis Faust seinen Magen traf. \u201cPr\u00fcgeln wir uns besser drau\u00dfen S\u00fc\u00dfer\u2026\u201d Ohne zu z\u00f6gern packte sie ihn und warf ihn durch die ge\u00f6ffnete Haust\u00fcr. \u201cWas ist denn mit dir los ?!\u201d, Seal knurrte. Wenn sie Krieg wollte, konnte sie den haben. Er ballte die F\u00e4uste und st\u00fcrmte auf sie zu, aber Romeo stellte sich ihn den Weg und fing den Schlag ab. \u201cTr\u00e4um weiter \u2026\u201d, Natsuhi stand hinter Seal, sie war zwar kleiner, aber ihre Kr\u00e4fte waren \u00fcbermenschlich. \u201cDas\u2026 ist f\u00fcr alles was du mir jemals angetan hast\u2026\u201d, sie packte seine Arme und hielt sie fest auf seinen R\u00fccken. Er versuchte sich zu wehren, ihre Knochen brachen unter dem Druck, aber sie gab nicht auf. \u201cCAIL!\u201d Sie reagierte blitz schnell und fing an, Seal so zu qu\u00e4len, so sehr das er um Hilfe schrie. Zuerst grinste er nur und machte sich \u00fcber sie lustig, aber es war doch zu schlimm. ***Cail fixierte ihn mit ihren roten Augen. Er sollte leiden. All die Bilder ihn ihren Kopf blitzten auf. Wie Natsuhi blutend am Boden lag, trotzdem weiter k\u00e4mpfte. Wie oft er sie geschlagen hatte. Auch, das er Hand an Millenia gelegt hatte. Sie gab ihm alles zur\u00fcck, was er den beiden Frauen und seinen Wirt angetan hatte. Seal schrie und wimmerte, sie sollte aufh\u00f6ren, aber sie tat es nicht. Je mehr er schrie, desto schlimmer lie\u00df sie ihn leiden. So wie er es bei Natsuhi gemacht hatte. Er schw\u00e4chelte, aber es war nicht genug, er verlie\u00df den K\u00f6rper nicht. Was fehlte ? Ja was fehlte ? Nero. \u201cNero\u2026 h\u00f6rst du mich ? Natsuhi ist schwanger\u2026 Sie ist schwanger mit deinem Kind. Wenn du sich nicht mal angestrengt, blicken l\u00e4sst und dich gegen dieses Bastard wehrst, wirst du sie beide an ihn verlieren.\u201d Cail hatte Gl\u00fcck. Nero schien aufzuwachen. Und mit ihm unb\u00e4ndiger Hass und Wut auf den D\u00e4mon in ihm. Flammen loderten aus seinem K\u00f6rper auf und er brach zusammen. \u201cVerdammt\u2026\u201d Vor ihnen gab sich der D\u00e4mon in Seelenform zu zeigen. ***Der Anblick der sich mir bot, als sie Seal aus Nero vertrieben hatten, war Atemberaubend sch\u00f6n. Natsuhi bereitete ihre Fl\u00fcgel aus. Sie waren nicht wei\u00df. Nein. Zartes Gold f\u00e4rbte sie. Sie war einer der sch\u00f6nsten Engel die ich je gesehen hatte, wie der Ph\u00f6nix aus der Asche, war sie auf erstanden. Das kr\u00e4nkliche M\u00e4dchen, leuchtete jetzt heller als die Sonne. Jedes Leid, jeder Schmerz viel von ihr ab. Es war wirklich eine unwirkliche Szene. \u201cDu bist einfach nur eine arme einsame Seele\u2026\u201d Wie konnte sie so mit dem Kerl sprechen der sie so misshandelt hatte ? Er zitterte. Zitterte vor dem Engel der vor ihm stand. Den er brechen wollte. Aber es nie geschafft hatte. Ein sanftes leuchte umgab sie. Was war das ? \u201cGeh nach Hause\u2026 schlaf mein Kind\u2026\u201d, ihre Hand ber\u00fchrte sanft den D\u00e4mon. Ohne Schreien, ohne Wehren l\u00f6ste er sich in nichts auf. Es war nicht das Ende das ich erwartet h\u00e4tte. Mehr h\u00e4tte ich mit Rache gerechnet. Aber war Rache immer das Richtige ? Stunden wie Minuten. Die Sonne ging langsam auf. F\u00fcr uns alle. Natsuhi genoss den warmen Schein auf ihrer Haut, die goldenen Strahlen, die sie noch unechter wirken lie\u00dfen. ***Nero \u00f6ffnete langsam die Augen. Was war passiert ? Das letzte an das er sich erinnern konnte war Cails Stimme gewesen. \u201cNatsuhi\u2026\u201d Sie war sicher noch w\u00fctend auf ihn, langsam drehte sich um, kniete sich nieder, hob ihn hoch, ihre Fl\u00fcgel umgaben die Beiden wie ein Schutzschild. \u201cJa \u2026 ?\u201d - \u201cNatsuhi\u2026 ich liebe dich\u2026\u201d Sie l\u00e4chelte. \u201cIch liebe dich auch\u2026\u201d Es war wie ein Traum. Aller Schmerz, die Wut, der Hass war vergessen. Man sagt, in schlechten Zeiten, zeigt sich wahre Liebe. Ja. Das hatten die Beiden gelernt, das warme Licht umgab sie. Die Wunden heilten. Die Tr\u00e4nen trockneten. *** Cail viel in Ohmacht, ich fing sie auf. \u201c\u2026 Mein Kopf tut weh\u2026 Romeo\u2026\u201d Das war doch jetzt Leni ? \u201cIch wei\u00df mein Schatz\u2026\u201d Ich war froh, das es wieder meine Leni war. Cail war wirklich seltsam. Zu seltsam f\u00fcr mich. Ich schaute noch einmal zu dem Beiden. Es schien alles gut zu laufen. Also hob ich Leni hoch und trug sie zu meinen Bett. \u201cWas ist passiert ?\u201d - \u201cSchlaf erstmal mein Schatz. Das ist eine lange Geschichte\u2026\u201d Ja das war sie. Sieben Tage die mein Leben ver\u00e4nderten. Sieben Tage, in denen ich unvorstellbares Leid mit ansehen musste. Sieben Tage die ich nie vergessen werde.",
            "wordcount": "1.169",
            "chapter_release": "11.03.2012",
            "chapter_number": "8"
        }
    },
    "title": "7 Tage Wahnsinn",
    "topic": "unspecified",
    "release": "\n11.03.2012\n\t\t\t\t\t\t",
    "author": "LittleChi"
}