{
    "tags": [],
    "chapcount": "14",
    "wordcount": "14.599",
    "chapters": {
        "1": {
            "text": "VorwortIrgendwie st\u00f6rt jeden von uns irgendwas. Jeder hat etwas an seinem Leben zu meckern. Obwohl wir eigentlich in keiner schlechten Welt leben, zumindest nicht in Deutschland. Klar perfekt war es nie, aber im gro\u00dfen und ganzen war es doch in Ordnung. Das denke ich jetzt, jetzt wo alles den Bach runtergegangen ist. Schade das man es nicht vorher wusste, ich h\u00e4tte gerne mehr Zeit mit allen gehabt. Das ist das was mir dauernd im Kopf herum geht, wenn ich mich umsehe in der Welt in der ich jetzt lebe und ich frage mich warum? Warum? Wer konnte so was wollen? Wir sind nicht mehr viele. Die Menschheit ist auf ein Minimum geschrumpft. Wir k\u00e4mpfen, wir versuchen es wirklich, jeder von uns weil wir keine Wahl haben. \u00dcberhaupt keine. Einige von uns w\u00e4hlten den Ausgang. Ich frage mich ob es ihnen jetzt wohl besser geht als mir, ich wei\u00df es nicht. Doch die Frage ist... Wie lange halten wir das noch durch? Wof\u00fcr leben wir noch ? Was wenn ich bald ganz allein bin? Keiner von uns kennt die Antwort. Am Ende waren wir doch fast noch Kinder, die jetzt darum k\u00e4mpfen nicht zu sterben. Wir haben schreckliche Dinge getan und das alles nur aus einem Grund. \u00dcberleben. Doch so war es nicht immer. Wir waren alle normale Jugendliche, als sich unser komplettes Leben \u00e4nderte. Kapitel 1Es begann alles im Sommer 2014. Ein Dienstag, glaube ich. Es war unglaublich hei\u00df drau\u00dfen, was mir sehr zu schaffen machte. Ich war grade in die Oberstufe versetzt worden, zusammen mit einigen meiner Freunde. Ich war nicht besonders gl\u00fccklich mit allem, ziemlich gestresst und mich regte im allgemeinen eigentlich dauernd etwas auf. Ich hatte eine Schw\u00e4che daf\u00fcr \u00f6fters mal zu meckern. \u201eOh Gott Daleen, es ist einfach zu hei\u00df.\u201c, sagte ich zu meiner Tischnachbarin Daleen. Sie war ein \u0001 \u0002 M\u00e4dchen mit dunkelblonden Haaren, sie sah mich kurz an brauchte aber einige Sekunden um zu antworten. \u201eJa das stimmt, aber wir haben ja nur noch 2 Stunden.\u201c, murmelte sie fast schon eher als das sie es sagte. Ich atmete genervt aus. Ja man konnte es ja nicht \u00e4ndern, das wusste ich, aber trotzdem nervte es mich. \u201eHast du Lust mit mir was zu essen zu kaufen? Ich hab voll Hunger..\u201c\u201eJa klar.\u201cIch nickte nur und versuchte meiner Aufmerksamkeit wieder meiner Lehrerin zu widmen, die irgendwas erz\u00e4hlte, was ich aber nur am Rande mitbekommen hatte. Es war wirklich nicht besonders einfach. Der Stoff war schwer und auf uns allen lag Druck, bei einen mehr, bei anderen weniger. Wir sp\u00fcrten es alle und ich war mir sicher wir alle hatten auch Angst zu versagen. Es war alles nicht so einfach und ich muss zugeben, ich habe mir \u00f6fter gew\u00fcnscht aus all dem heraus zukommen, doch das was passiert ist, hatte ich mir dabei nicht \u0001 \u0002 es dann endlich zur Pause klingelte und Daleen und ich auf dem Weg in die Mensa war, f\u00fchlte ich mich komisch. Einige Leute verhielten sich irgendwie eigenartig. Das fiel auch Daleen auf.\u201eHeute sehen einige irgendwie ziemlich krank aus oder?\u201c\u201eJa etwas, vielleicht ne Erk\u00e4ltungswelle?\u201c, meinte ich.\u201eK\u00f6nnte gut sein, passiert ja \u00f6fters mal.\u201c\u201eJa aber trotzdem, hoffentlich stecken wir uns nich an, ich hab keine Lust auf Erk\u00e4ltung.\u201cDaleen wollte grade zu einer Antwort ansetzen als sich pl\u00f6tzlich einer direkt vor uns \u00dcbergeben musste. Sie stie\u00df sofort ein \u201eIhh\u201c aus, w\u00e4hrend ich mir die Hand vor den Mund hielt um nicht auch zu kotzen. Innerhalb von Sekunden sahen alle das M\u00e4dchen vor uns an und es bildete sich eine riesige Traube von Menschen. \u201eDavina, willst du echt noch was essen?\u201c; fragte Daleen mich und zog dabei ein angewidertes Gesicht. Ich sch\u00fcttelte nur den Kopf. Ich konnte es nie sehen wenn sich jemand \u00fcbergeben musste,. Die Ger\u00e4usche der Geruch, sofort bekam ich einen Brechreiz, immer wenn ich so was mitansehen musste. \u201eLasch uns gehen.\u201c Ich nuschelte weil ich mir immer noch die Hand vor den Mund halten musste. Das M\u00e4dchen tat mir leid, aber es waren schon Menschen bei ihr die sie runter zu den Sanit\u00e4tern brachten. Aber trotzdem, so was muss unglaublich peinlich sein, dachte ich damals. \u201eHabt ihr geh\u00f6rt da hat eben eine voll losgekotzt\u201c, h\u00f6rte ich es von allen Seiten fl\u00fcstern. Es wunderte mich immer wieder, wie schnell sich so was in der Schule verbreitete. Die sechzehnj\u00e4hrige und ich gingen die Treppe hoch um zu unseren Freunden zu kommen, die wie jede Pause an einem Tisch in der Halle \u0001 \u0002 waren eine relativ gro\u00dfe Gruppe. Jeder von uns war auf die eine oder andere Weise anders. Naja man k\u00f6nnte sich fragen was \u201eAnders\u201c bedeutet. Im Grunde war es einfach so das keiner von uns war wie alle anderen und so wirklich angepasst waren wir auch nicht. Aber das war auch gut so. Es war sch\u00f6n mit so vielen verschieden Leuten befreundet zu sein. Nat\u00fcrlich f\u00fchrte so was auch ab und zu mal zu Reibungen und auch zu Streit, allerdings geh\u00f6rt so was immer dazu. Ich setzte mich neben Lukas, meinen Freund. Wir waren inzwischen schon fast ein andert halb Jahre zusammen und an ziemlich gl\u00fccklich mit einander. Er war 9 Monate j\u00fcnger als, knapp 1, 80 hatte kurzes blondes Haar und hell blaue Augen. Daleen setze sich neben Carina, ebenfalls eine sehr gute Freundin von mir. Sie sah mich kurz und fragte mir wie es mir geht. Ich l\u00e4chelte das schlanke M\u00e4dchen mit den kurzen dunkelblonden Haaren an.\u201eGanz gut... noch zumindest.\u201c\u201eWieso denn noch?\u201c, fragte Cadrick, der wahrscheinlich der auff\u00e4lligste von uns allen war, durch seine langen schwarzen Locken und seine ganz eigene Art zu sprechen. Er war ein lustiger Typ mit dem man sich immer gut unterhalten konnte, auch \u00fcber sehr ernste Dinge. \u201eIrgendwie sind so viele krank. Dauernd husten so viele. Ist euch das noch gar nicht aufgefallen?\u201c\u201eDoch stimmt, das habe ich auch schon gesehen.\u201c, meinte Lisa und schien mir ein wenig aufgeregt, denn sie spielte mit ihren Schulterlangen Haaren, welche etwas heller als Carinas waren. Lisa war ein nettes M\u00e4dchen. Im Grunde war sie eigentlich jemand der sehr mitf\u00fchlend war wenn auch manchmal etwas hyperaktiv, wobei ich da auch nicht anders war. Ich legte m\u00fcde meinen Kopf auf den Tisch, so wie ich es in letzter Zeit dauernd machte , weil ich sehr schlecht schlief. Als ich auf einmal sp\u00fcrte wie jemand seine Hand auf meinen Kopf legte. \u201eNa schon wieder m\u00fcde?\u201c, fragte mich eine freundliche, bekannte Stimme. \u201eNa Fabi , ja kennste ja.\u201cEr lachte kurz, setzte sich neben Arweed und unterhielt sich mit ihm \u00fcber irgendwas, was ich nicht verstand. Ich g\u00e4hnte, wollte grade die Augen schlie\u00dfen, als jemand in unserer N\u00e4he schrie. Erst bemerkten die anderen das kaum, doch dann kamen immer mehr Schreie dazu und die Gespr\u00e4che an unserem Tisch verstummten auf der Stelle. Ich war inzwischen hochgeschreckt, Fabians blaue Augen waren geweitet , Lisas Mund leicht ge\u00f6ffnet. Alle sahen total geschockt aus. \u201eWas is da denn los?\u201cIch sah Cadrick an. Er stand auf, er war kein besonders gro\u00dfer Junge weshalb Fabian, der als n\u00e4chstes aufstand ihn \u00fcberragte. \u201eAn alle Sch\u00fcler, bitte begebt euch in eure Klassen. An alle Sch\u00fcler bitte begebt euch in eure Klassen. Keine Panik, geht ruhig in eure Klassen\u201c, ert\u00f6nte die Ansage \u00fcber die Schullautsprecher. \u201eOh mein Gott, schei\u00dfe was ist denn ihr los. Schei\u00dfe, verdammt wieso sagen die so was.\u201c\u201eOhh Cadrick jetzt bleib mal ruhig\u201c, rief Lukas genervt. Cadrick hatte wirklich, ebenso wie ich, einen leichten Hang dazu ein Hypochonder zu sein. \u201eJetzt kommt schon lasst uns gehen.\u201cLisa hetzte sie schien sich sehr unwohl mit der Situation zu f\u00fchle. Also nahmen wir alle unsere Sachen und das ziemlich z\u00fcgig und beeilten uns zur\u00fcck in den Oberstufentrakt zukommen, wo unsere Klassenr\u00e4ume waren. Viele von meinen Freunden gingen vor, zogen ihr Tempo an. Ich sah wie beunruhigt sie waren. \u201eDa wird schon nichts sein, macht euch keine Sorgen\u201c; rief ich doch sie h\u00f6rten mich nicht, denn die Schreie kamen immer N\u00e4her und es breitete sich Panik aus . Die Leute rannten durcheinander, einige fielen hin und wurden einfach nicht beachtet. Jil, ein kleines M\u00e4dchen mit kurzen roten Haaren , wollte einem Kind aufhelfen, als sie einfach von den anderen Leuten mitgerissen wurde. Es wurde voller und voller in der Pausenhalle, bis man dr\u00e4ngeln musste um \u00fcberhaupt noch voran zu kommen. Ich h\u00f6rte wie einige die Namen ihrer Freunde riefen weil sie sie im Get\u00fcmmel verloren hatten, als ich bemerkte das auch ich einige von meinen nicht mehr sehen konnte. Vor mir waren nur noch Daleen, Fabi Carina und Lukas. Ich tippte ihnen auf die Schulter um ihnen zu zeigen das sie mir folgen sollten. Sie waren alle 4 verwirrten aber folgten mir trotzdem. Wir dr\u00e4ngelten uns gegen den Strom der Leute, in den Hinteren Teil der Schule. \u201eWo willst du denn hin\u201c, schrie Daleen mir zu, weil es unm\u00f6glich war sich sonst noch zu verstehen. Ich rief zur\u00fcck:\u201cDa kommen wir niemals durch, lasst uns einen anderen Raum suchen. Fasst euch an den H\u00e4nden damit wir uns nicht auch noch verlieren.\u201cMein Herz pochte wie verr\u00fcckt und ich war mir sicher den anderen ging es ebenso. Es war unglaublich schwer gegen all die Sch\u00fcler gegen an zu kommen, die ebne genau in die andere Richtung wollten. Doch wir k\u00e4mpften uns zur Treppe fort, doch dann sahen wir das erste mal, das Gesicht der neuen Welt in der wir von nun an Leben sollten, das erste mal was es hie\u00df N\u00e4her an dem Tod als dem Leben zu sein. Das war das erste mal das ich in meinem Leben vor der Entscheidung stand. Leben oder Sterben.",
            "wordcount": "1.593",
            "chapter_release": "15.09.2014",
            "chapter_number": "1"
        },
        "10": {
            "text": "Davinas SichtKeuchend sa\u00df ich auf dem Boden, meine H\u00e4nde hatte ich aufgest\u00fctzt und direkt vor meinen Beinen hielt ein gro\u00dfes Auto, fast h\u00e4tte es mich erwischt, beinahe w\u00e4re ich gestorben. Ich hatte nie in meinem Leben ein Gef\u00fchl wie dieses gehabt, es war nicht unbedingt Angst es war... eher \u0001 \u0002 zitterte am ganzen K\u00f6rper, in meine Ohren h\u00f6rte ich nur dumpfe Schreie. Ich war nicht in der Lage mich zu bewegen. Mein Atem ging langsam und ich sah wie ein Mann in Bundeswehr Kleidung aus dem Wagen stieg.\"Gehts dir gut M\u00e4dchen?\"!, fragte her und hielt mir die Hand \u0001 \u0002 schluckte kurz. Seine Stimme war dunkel und tief, sein Gesicht markant sein K\u00f6rper m\u00e4nnlich. Er war um die \u0001 \u0002, weshalb ich hoch schauen musste, als ich wieder auf den Beinen war.\"Tut mir leid, son Zombie ist mir vor die R\u00e4der gelaufen.\"\"K\u00f6nn sie uns helfen?\"Daleen sah den Mann, der um die 30 war, hoffnungsvoll an. Doch dieser wirkte irgendwie, wie soll man sagen, weniger als w\u00e4re er unsere Rettung.\"Sie sind doch von der Bundeswehr, was passiert denn jetzt?\"Lukas klang weniger hoffnungsvoll.\"ich bin hier nicht vom Hilfswerk, ich hab mit eurer Rettung nichts zu tun. Ich kann euch nicht helfen. Dieser Virus bereute sich schneller aus als wir dachten, Deutschland ist komplett infiziert, es gibt zwar noch einige \u00dcberlebende, aber ihre Zahl schrumpft jeden Tag. Er begingt auf die umliegenden L\u00e4nder \u00fcber zu springen. Seinen Ursprung hat er aber wohl in Russland. Wir wissen es nicht genau.\"\"Und was ist mit Amerika, England, Australien, Afrika?\"Der Mann sah mich an. Ich hatte die Hoffnung gehabt es w\u00fcrde dort noch nicht angekommen sein, weil alle diese L\u00e4nder durch Wasser von Deutschland getrennt waren.\"Wir wissen es nicht. Es gibt keinen Kontakt mehr. Wo wollt ihr hin?\"\"Zu dem Haus eines Freundes, die Stra\u00dfe herunter.\", meinte Lukas.\"gut bis dahin nehme ich euch mit. Ich denke das Auto l\u00e4uft noch.\"Wir fragten nicht weiter. Es war in dieser Situation das beste was uns passieren konnte, dass uns jemand mitnimmt, vor allem weil, die Zombies nur noch wenige Meter entfernt \u0001 \u0002 stiegen in das gro\u00dfem, schwarze Auto hinein. Der Mann von der Bundeswehr, versuchte zu starrte. Doch es klappte nicht auf Anhieb. Die Zombies kamen n\u00e4her und n\u00e4her und ich bekam es mehr und mehr mit der Angst zu tun. Jesse sah nerv\u00f6s hin und \u0001 \u0002 der Wagen dann endlich startete, waren wir erleichtert, wir alle. Ich legte meinen Kopf auf Daleens Schulter und schloss kurz die Augen, bis der Mann wieder begann zu sprechen.\"Verlasst die St\u00e4dte, geht irgendwo auf Land oder in die W\u00e4lder.\"Ich war \u00fcberrascht und auch ein wenig geschockt:\" Wieso?\"\"Tuts einfach... Innerhalb von 4 Tagen m\u00fcsst ihr euch au\u00dferhalb gr\u00f6\u00dferer St\u00e4dte befinden.\"Lukas wurde w\u00fctend er schrie, warum der Mann nicht einfach sage wieso.\"Geheimhaltung.\" Immer noch zitternd sah ich aus dem Fenster und \u0001 \u0002 fuhr direkt auf uns zu und ich schrie:\" ANHALTEN, SOFORT.\"Saras SichtIch war echt geschockt dar\u00fcber, dass Cadrick Lisa eine rein gehaun hatte. Inzwischen war sie langsam wieder zu sich gekomm und ich dachte mir das sie wahrscheinlich ziemlich w\u00fctend sein w\u00fcrde. Aber momentan war das wirklich unser kleinstes Problem. Sophie sa\u00df auf einem Stuhl im \u0001 \u0002, stand in der K\u00fcche und sah i den K\u00fchlschrank. Ich ging auf sie zu und fragte sie wie es auss\u00e4he.\"Naja, da der Strom ausgefallen ist, wird sich das alles nicht mehr lange halten.\"Mhm. Und sind irgendwelche Dosen oder so da?\"\"Ja schon, aber nicht sonderlich viele. \"\"Am besten wir suchen uns bald einen sicheren Platz und gehen in die L\u00e4den\"\"Na, was macht ihr hier?\"Alex betrat die K\u00fcche, sein Gesicht war etwas besorgt, doch er l\u00e4chelte leicht. \"Wir gucken uns die Vorr\u00e4te an.\", antwortete ich m\u00f6glichst gelassen. Immer noch wussten wir nicht was es war, das die Menschen zu Zombies werden lie\u00df. Ich \u00fcberlegte kurz, ob es sich vielleicht um eine Art Pilz halten k\u00f6nnte, wie in dem Spiel das ich vor dem ganzen so gerne gespielt hatte. Aber ich wusste es nicht. Ich machte mir Sorgen dar\u00fcber, was die Regierung wohl tun w\u00fcrde, um das alles in den Griff zu \u0001 \u0002 lange w\u00fcrden wir ohne Arzt \u00fcberleben? Ohne Medizin?Sophie und ich nicht lange Laufen , was im Moment ein riesiges Handycap \u0001 \u0002 h\u00f6rte ein Klopfen an der T\u00fcr, langsam ging ich hin, um durch den Sp\u00e4her zu gucken. Ein blutiges Gesicht sah mich durch die T\u00fcr an und vor schreck taumelte ich einige Zentimeter zur\u00fcck. Ich fasste mich schnell wieder, dennoch hatte ich eine G\u00e4nsehaut nach diesem \u0001 \u0002 erinnerte mich pl\u00f6tzlich an ein Gespr\u00e4ch von mir und Davina. Wie wir damals in der Schule \u00fcber die Zombie Apokalypse gesprochen hatten, wie wir uns verhalten w\u00fcrden. wer h\u00e4tte gedacht wir w\u00fcrden wirklich in so einer Situation landenFabian war inzwischen schon \u00fcber eine halbe Stunde weg. Die anderen schon beinahe 2 Die Ungewissheit machte mich fertig.\"Ich glaub ich muss mich wohl bei ihr entschuldigen oder?\"Cadrick kam auf mich zu. \"Ich denke mal.\" lachte ich.\"Meinst du sie kommen alle heil wieder zur\u00fcck?\"\"Ich hoffe es sehr.\"",
            "wordcount": "910",
            "chapter_release": "25.01.2015",
            "chapter_number": "10"
        },
        "11": {
            "text": "Davinas SichtGenervt seufzte ich. Ich h\u00e4tte am liebsten mein Kopf gegen die Wand gehaun bei den Leuten hier. Da h\u00e4ngt man in ner Zombie Apokalypse \u0001 \u0002 Aussicht auf Besserung und die schreien sich gegenseitig \u0001 \u0002 war nerv\u00f6s ging in die kleine K\u00fcche und setzte mich dort auf einen Stuhl. Ich biss mir auf den Lippen rum und suchte verzweifelt nach einer L\u00f6sung. Alex kam in den Raum und sah mich etwas besorgt an.\"Na.\" Ich musste fast ein bisschen lachen. Er sagte es immer in der gleichen Tonlage.\"Na hast auch keine Lust mehr darauf?\"\"K\u00f6nnte man sagen, was haben wir denn jetzt vor ?\"Ich sah ihn an, er schien irgendwas von mir zu erwarten, aber was sollte ich darauf antworten?\"Ich wei\u00df es nicht Alex. Diese Situation macht mich echt fertig.\"Er wollte etwas sagen als etwas an die T\u00fcr h\u00e4mmerte. Ich schreckte hoch und sprang von meinem Stuhl auf. Meine H\u00e4nde hielt ich vor meine Brust wie ich es immer tat wenn ich mich erschrak.\"Alles gut der kommt hier nicht rein.\"Mit immer noch geweiteten Augen sah ich den gro\u00dfen , schlanken Jungen an der da mit einer unglaublichen Gelassenheit sa\u00df und ich konnte nicht anders als in Gel\u00e4chter \u0001 \u0002 war jetzt total verwirrt.\"Wieso lachst du denn jetzt.\"\"Keine Ahnung.\"Daleen kam in den Raum und sah mich an.\"wieso lachst du?\"\"Wei\u00df ich immer noch nicht. hahah.\"Ich wischte mir die Tr\u00e4nen aus meinen Augen und dachte daran wie pissig Lukas immer war wenn ich so albern wurde. Aber das war mir ziemlich \u0001 \u0002 lie\u00df Daleen und Alex alleine und ging ins \u0001 \u0002 sa\u00df in der Ecke und \u0001 \u0002 hatte aufgegeben zwischen ihr und Cadrick zu schlichten und hatte sich mit gestresstem Gesichts ausdruck, still auf die Couch \u0001 \u0002 setzte mich neben ihm und schlug ihm leicht auf die Schulter. Immer noch lachend fragte ich:\" Ach Fabi schon aufgeben.\"Seine Augen wurden kleiner als er mich fragte obs mir gut ginge worauf hin ich nur lachend nickte.\"Ouh was denn hier los?\", fragte Sara als sie rein kam.\"Wieso?\", lachte ich sie an.\"Naja also Lisa sitzt heulend in der Ecke, Cadrick geht angepisst auf und ab und du lachst ihr die ganze Zeit. Schon bisschen komiiiiiiisch.\"Sie musste selbst ein bisschen grinsend.\"Joah passiert\", meinte ich.\"Sollten wir uns nicht langsam mal Autos besorgen.\"Jil sa\u00df in der Ecke, ich hatte sie bis jetzt gar nicht bemerkt, sofort verstummte mein lachen.\"Ja sollten wir tun. Kommt ihr mal alle her?\", rief \u0001 \u0002 und nach trudelte unsere Gruppe im Wohnzimmer ein. \"Wir brauchen noch Autos und Vorr\u00e4te, wer bleibt wer geht mit?\"Verst\u00e4ndlicherweise war die Begeisterung nicht besonders \u0001 \u0002 Sara, Ich und Cadrick beschlossen uns mal in der Nachbarschaft um zusehen. Die anderen blieben vorerst im \u0001 \u0002 SichtNachdem Daleen sich von Davina verabschiedet hatte kam sie zur\u00fcck in die K\u00fcche und setze sich mir \u0001 \u0002 du dir Sorgen um sie?\"Daleen sah erschrocken auf, als h\u00e4tte sie nicht gedacht das es mir auffallen w\u00fcrde.\"Ich beobachte Menschen immer ganz genau wei\u00dft du?\", ich l\u00e4chelte sie leicht an.\"Stimmt hattest du erz\u00e4hlt.\" Fr\u00fcher, wenn wir bei Feiern waren, hatten Daleen und ich uns immer gut unterhalten gehabt, jetzt jedoch fehlte uns der Stoff zum sprechen. \"meinst du deine Eltern leben noch?\"Jetzt hatte sie mich \u00fcberrascht, mit so einer Frage hatte ich nun wirklich nicht gerecehnet.\"\u00c4hm.. keine Ahnung, k\u00f6nnte sein. Ich w\u00fcrde sie schon gerne suchen, aber das w\u00e4re zu gef\u00e4hrlich und ich will euch da auch nicht mit reinziehen. Deswegen kann ich ja nichts machen. Was ist mir dir?\"Sie sah erst auf den Tisch vor uns dann hoch zu mir. Ihre Augen waren glasig und ich wusste nicht genau was ich tun sollte.\"Ich.. wei\u00df nicht.\" Ihre Stimme zitterte, ich wusste sie w\u00fcrde gleich weinen , aber wie soll man sich bitte in sonner Situation verhalten? Ich stand auf und zog meinen Stuhl zu dir ran. \"Hey, du bist ja nicht alleine wir sind ja alle hier.\"Vorsichtig t\u00e4tschelte ich ihre Schulter, ich war etwas unbeholfen nicht ganz sicher was sie wohl st\u00f6ren w\u00fcrde.,Pl\u00f6tzlich legte sie den Kopf an meine Schulter und ich h\u00f6rte sie leise schlurzen. Das war wirklich nicht sch\u00f6n, ich konnte M\u00e4dchen schlecht weinen sehen. Aber ich sagte nicht sa\u00df nur da mit ihr und legte den Arm um sie, bis pl\u00f6tzliche in lauter Schrei zu h\u00f6ren \u0001 \u0002 schreckte hoch und schlug mir dabei ihren Hinterkopf ans Kinn. Ich beschwerte mich nicht weiter und ging zusammen mit ihr nach oben, von wo der Schrei gekommen war. Oben angekommen lag Carina mit den H\u00e4nden vorm Mund auf dem Boden, sie zitterte \u00fcberall, Sophie stand nur da erstarrt, als k\u00f6nnte sie sich nicht bewegen.\"Was denn los?\", kam es von Fabi der inzwischen hinter uns zusammen mit Cadrick und Lukas gekommen war. Ich war total verwirrt ihre Augen gingen ins Bad aber ich wusste nicht recht ob ich sehn wollte was da drinn war. Daleen schl\u00e4ngelte sich an mir vorbei und sah in den Raum, sofort wich sie angeekelt zur\u00fcck und rannte an mir vorbei die Treppe runter und fl\u00fcsterte\"Oh mein Gott\".Immer noch durcheinander blickte ich ihr hinter \u0001 \u0002 ich Carina fl\u00fcstern h\u00f6rte:\" Sie ist tot.\"Danach begann sie zu weinen.",
            "wordcount": "943",
            "chapter_release": "18.03.2015",
            "chapter_number": "11"
        },
        "12": {
            "text": "Im Wohnzimmer herrschte Stille, es war nur langsames Atem und leises Schlurzen zu h\u00f6ren. Ich starrte ins Leere, wusste nicht was zu tun \u0001 \u0002 lag die Leiche unserer Freundin, sie hatte den Ausgang gew\u00e4hlt, schon jetzt, so \u0001 \u0002 wusste nicht was der Ausl\u00f6ser war, ich wusste nicht warum sie das getan hatte und ich war nicht im Stande irgendjemanden zu \u0001 \u0002 dieses Leben denn \u00fcberhaupt noch lebenswert?Es verging ein Tag in dem nichts passierte, absolut nichts. Alle waren still, keiner Lachte oder redete und ich selbst lag die Nacht \u00fcber \u0001 \u0002 mir Lukas und Daleen. Wir schliefen alle zusammen auf dem Boden im Wohnzimmer. Einige hatten Alptr\u00e4ume, zuckten im Schlaf und verzogen das Gesicht und ich konnte nicht \u0001 \u0002 stand ich auf. Es war, als konnte man Lisas Leiche \u00fcber all im Haus riechen ich bekam Kopfschmerzen von dem Geruch und \u00f6ffnete ein \u0001 \u0002 k\u00fchle Luft beruhigte mich, aber der Geruch blieb. Ich wusste es musste etwas passieren, nur nicht wann und wie, es war nur klar das es passieren \u0001 \u0002 schliss das Fenster wieder drehte mich um und stie\u00df frontal gegen einen K\u00f6rper, ich sah hoch und betrachtete Fabian.\"Sorry.\", murmelte ich nur und wollte mich eigentlich an ihm vorbei schl\u00e4ngeln doch er legte seine Hand auf meine \u0001 \u0002 war dunkel doch sein Blick war besorgt, das erkannte ich.\"Was tun wir jetzt?\"Ich musste leicht aufquietschen, weil er damit zu mir kam.\"Du, ich hab keine Ahnung. Ich denke wir sollten morgen schon aus Neum\u00fcnster verschwinden, was h\u00e4lt uns noch hier? Die Leiche im Badezimmer?\"Pl\u00f6tzlich lie\u00df Fabian die Hand sinken, genau wie seinen Blick. Wahrscheinlich hatte ihn der Tod von Lisa doch mehr mitgenommen als ich gedacht hatte.\"Hey. Du kannst es nicht \u00e4ndern, es ist ihr Weg gewesen. Sie wollte es so, du h\u00e4ttest ihr nicht helfen k\u00f6nnen. Geh schlafen morgen sehen wir weiter.\"Er nickte kurz, w\u00e4hrend ich an ihm vorbei ging, doch dann fragte er:\" Meinst du es wird mal wieder wie es vorher war?\"Ich drehte meinen Kopf leicht nach hinten und murmelte nur leise:\"Nein!\", bis ich mich auf den Weg zur\u00fcck in das Wohnzimmer machte, um erneut zu versuchen zu schlafen. Saras SichtWir hatten ein weiteres Auto gefunden und machten uns nun auf den Weg aus der Stadt heraus. Keiner wusste genau wohin, keiner wusste ob wir \u00fcberhaupt irgendwo ankommen \u0001 \u0002 Beschaffung von Lebensmitteln und ein wenig Medizin verlief problemlos, aber ob das auch so bleiben w\u00fcrde war ungewiss. Neben mir fuhr Fabian den Wagen, Hinter mir sa\u00dfen Sophie, Carina und \u0001 \u0002 anderen Auto waren Alex, Davina, Lukas, Jil und Daleen. \"Sies so immerhin kannste jetzt schon alleine Auto fahren\", lachte ich und versuchte die Stille im Wagen etwa ertr\u00e4glicher zu machen, doch Fabian grinste nur \u0001 \u0002 alle hatten schlecht geschlafen und Lisas Tod hatte und mit genommen. Aber was h\u00e4tten wir tun sollen?Wir fuhren gute 30 Minuten bis wir aus Neum\u00fcnster raus waren, Davina hatte vorgeschlagen zuerst mal Richtung Fehmarn zu fahren. Sie sagte eine Insel sei gar nicht so schlecht, wir k\u00f6nnten dort ein Bott finden, auf dem Meer w\u00e4ren wir sicherer .Wir fuhren schnell, denn es gab ja keine Polizei mehr und unser erster Halt war Wankendorf. Es lag auf dem Weg und Daleens Oma wohnte dort, eventuell w\u00fcrden wir dort auch noch etwas essbares finden. Es dauerte nicht lange bis wir an dem gro\u00dfen Grundst\u00fcck angekommen waren. Daleen stieg schnell aus und wollte ins haus rennen, doch Alex hielt sie fest, schlie\u00dflich war ja nicht sicher ob da noch jemand drin \u0001 \u0002 stiegen aus und betraten gemeinsam das Haus.\"Brandy ist nicht da.\", fl\u00fcsterte Daleen.\"Wer ist das den?\", fragte Jil.\"Der Hund meiner Oma.\"Wir suchten im ganzen Haus es war niemand da. Die Stra\u00dfen hier waren ruhig keine Spur von Zombies , also setzten wir uns alle zusammen in das Wohnzimmer des gro\u00dfen Hauses.\"Also ich w\u00e4re daf\u00fcr wir bleiben erstmal hier\", kam es von Lukas.\"Ja ich glaube das ist ne gute Idee, lasst uns die Z\u00e4une verst\u00e4rken und dann hier bleiben. In ein bis zwei Wochen werden wir aber weiter m\u00fcssen.\"\"Ja das stimmt.\", meinte Alex nur, w\u00e4hrend Cadrick fragte :\"Wieso bleiben wir nicht ganz hier. Ich kann nicht mehr, wir wissen nie ob wir eine fahrt \u00fcberhaupt \u00fcberleben.\"\"Es ist hier nicht sicher genug.\", meinte \u0001 \u0002 wussten er hatte recht. Zwar war es sicherlich momentan okey, aber wenn sich diese Seuche weiterhin so verbreitete, w\u00fcrde es auch immer mehr und mehr Zombies geben und daf\u00fcr waren diese Z\u00e4une nicht geschaffen.\"Wir suchen uns auf Fehmarn einen sicheren Platz. Danach k\u00f6nnten wir mit einem Boot weiter nachsehen, wo sich das alles ausgebreitet hat. Sicher genug ist es hier in jedem Fall nicht Cadrick. Lasst uns erstmal zur Ruhe kommen dann sehen wir weiter.\"\"ich glaube auch das es es das beste so ist.\", pflichtete Jil Davina \u0001 \u0002 war das f\u00fcr die n\u00e4chsten Wochen unser zuhause. Es lie\u00df sich nicht \u00e4ndern, denn es war wie es war. Ich konnte nur hoffen, das wir hier vorerst sicher waren und das wir irgendwann einen Platz finden w\u00fcrden, wo wir in Ruhe leben konnten, aber das stand noch in den Sternen.",
            "wordcount": "926",
            "chapter_release": "12.04.2015",
            "chapter_number": "12"
        },
        "13": {
            "text": "Alex SichtEinige Tage waren wir nun in Wankendorf und ich war extrem gl\u00fccklich das wir uns dazu entscheiden hatten, aus Neum\u00fcnster weg zu \u0001 \u0002 selbst hier sp\u00fcrte man die Ersch\u00fctterung. Riesige Rauchwolken stiegen zum Himmel und uns musste niemand erkl\u00e4ren was dort passiert war.\"Ein Gl\u00fcck sind wir da weg.\", murmelte ich zu Fabian der genau wie ich gebannt aus dem Fenster sah um den Rauch zu beobachten.\"Ja.\", kam es nur von ihm. Ich h\u00f6rte ein leises Schlurzen und beschloss diesem nach zu gehen. Es war Daleen die komplett fertig auf der Couch \u0001 \u0002 Moment \u00fcberelgte ich ob ich Davina oder carina holen sollte, aber ich dachte ich w\u00fcrde es wohl auch schaffen.\"Na, was ist denn los?\"\"Keine Ahnung jetzt wo Neum\u00fcnster brennt, habe ich alle Hoffnung verloren das es noch irgendwelche \u00dcberlebende aus meiner Familie gibt.\"ich wollte sie tr\u00f6sten, doch es war wahr was sie sagte. Die Chance das jemand noch lebte war so gut wie null und was sollte ich nun tun? Sie bel\u00fcgen? Sagen es wird alles wieder gut, obwohl das nicht stimmt.\"\u00c4hm... also..\", setzte ich an, doch ich wurde unterbrochen.\"Wir sind jetzt deine Familie.\"Davina stand an der Wand gelehnt, ihre Augen waren leer und m\u00fcde und ihre Arme vor dem K\u00f6rper verschr\u00e4nkt. Ich h\u00f6rte oft wie sie Nachts durch aus schlich, vielleicht weil sie nicht schlafen k\u00f6nnte. In ihrer linken Hand hielt sie ein Messer, sie hatte es immer bei sich und irgendwie be\u00e4ngstigte mich die Vorstellung das ein M\u00e4dchen dauernd mit einem Messer herum lief, trotzdem konnte ich sie \u0001 \u0002 sah Davina etwas geschockt an, ich wartete darauf das einer der beiden etwas sagte, doch Davina drehte sich einfach um und verlie\u00df das Wohnzimmer, ohne ein Wort und Daleen h\u00f6rte auf zu \u0001 \u0002 was sollte ich jetzt sagen?\"Sie hat Recht ,\" begann ich,\" Wir sind jetzt eine Familie wir stehen das schon durch.\"Und ich meinte e wie ich es sagte. Wir alle teilten das selbe Schicksal, wir waren jetzt alle Waisen und hatten niemanden als uns selbst, das war traurig aber war.\"Was sitzt ihr hier denn so traurig rum?\", kam Sara rein gesprung mit einem breiten Grinsen im Gesicht. Sie war irgendwie dauernd gut gelaunt, obwohl uns all das hier passierte.\"Wie kannst du eigentlich so gute Laune haben?\", fragte Daleen sie und sie antwortete nur:\" H irgendwer muss hier ja gute Laune haben oder nicht?\"Jils SichtIch sa\u00df im Garten vor dem Haus, denn ich war dran mit Aufpassen. Mich st\u00f6rte die Aufgabe nicht, ich war bewaffnet und die anderen waren in meiner N\u00e4he ich br\u00e4uchte nur zu rufen, aber das musste ich meistens nicht.- Das Gel\u00e4nde war von einem kleinen Zaun umgeben und wenn sich hier mal ein Zombie her verirrte, fiel er dr\u00fcber und irgendeiner t\u00f6tete ihn. Ich bis jetzt nich nicht,, aber ich wusste das w\u00fcrde noch kommen.\"Na Jul?\"\"Allein das ihr mich in sonner Situation noch so nennt Fabi.\" Ich lachte und sah den gro\u00dfen Jungen an der sich von hinten mit den H\u00e4nden an meinen Stuhl lehnte.\"Naja das ist doch dein Name oder nicht?\"\"Hahah naja nicht ganz-.\"Was an einem Silvester bei einem Spiel entstanden war, war nun schon Gewohnheit geworden. Fast jeder nannte mich Jul.\"Was macht ihr denn hier?\", fragte Lukas der aus der schweren Eingangst\u00fcr kam.\"Nichts bisschen quatschen und du?\"Fabian sah ihn wartend an.\"Ja auch nichts, kommt ihr mal kurz rein.\"Sara sa\u00df im Schneidersitz auf dem K\u00fcchentisch und wartete darauf das endlich alle den Raum betraten. Neben ihr standen Davina und Cadrick. Carina lehnte an der Wand und Daleen und Alex sa\u00dfen auf zwei St\u00fchlen neben ihr.\"Ich denke wir sollten weiter fahren.\", kam es von der Dunkelblonden.\"Wieso denn hier ist es sicher, wieso sollten wir weg.\"\"Cadrick wir brauchen was sicheres, hier kommen wir zu schlecht an Lebensmittel, au\u00dferdem gibt es vielleicht noch irgendwo jemanden oder etwas f\u00fcr uns. Das finden wir aber nicht wenn wir hier rum \u0001 \u0002 der Ansprache von Davina war \u0001 \u0002 es wirklich noch etwa sin dieser Welt?",
            "wordcount": "725",
            "chapter_release": "04.05.2015",
            "chapter_number": "13"
        },
        "14": {
            "text": "Davinas Sicht Mein Kopf tat immer noch weh von dem Schlag den ich bekommen hatte. Mir war schwindelig und alles drehte sich, ich konnte mich beim besten Willen nicht mehr erinnern was passiert war oder wo ich war. \"Verdammt.\", murmelte ich leise ohne nach zu denken.\"Ach die erste ist wach.\", eine tiefe Stimme ert\u00f6nte aus der Dunkelheit. Sie klang etwas... komisch, allerdings nicht alt, eher \u0001 \u0002 h\u00f6rte Schritte die auf mich zu kamen, langsam und vorsichtigt, als m\u00fcsste er aufpassen wo hin er \u0001 \u0002 trat er in den kleinen Lichtspalt, der vor meinen F\u00fc\u00dfen zu sehen war. Ich sah erst nur Beine, schlank, lang er trug eine zerrissene \u0001 \u0002 ging er vor mir auf die Knie um mich besser ansehen zu \u0001 \u0002 Haare waren kurz und dunkel, sein Gesicht schmutzig seine Augen dunkel und kalt. Er l\u00e4chelte leicht, aber es wirkte keinesfalls freundlich auf \u0001 \u0002 packte mit einer Hand mein Gesicht nahm es zwischen die Finger und dr\u00fcckte, sah mich ganz genau \u0001 \u0002 biss die Z\u00e4hne zusammen und erst jetzt bemerkte ich,, dass meine H\u00e4nde und F\u00fc\u00dfe gefesselt waren.\"Wer bist du?\"Er lachte kurz auf:\" Ist doch egal oder? Du befindest dich grade in einer ziemlichen schei\u00df Lage Kleine, was willst du machen um dich aus ihr zu befreien.\"Er lie\u00df mein Gesicht los und ging wieder einige Schritte in die \u0001 \u0002 war blo\u00df passiert und wo waren die anderen. Ich versuchte mich um zusehen, doch \u00fcberall war nur Dunkelheit, ich h\u00f6rte niemanden und sah niemanden. Die Verzweiflung kochte in mir hoch.\"Ach hast du auf einmal nicht mehr sonne gro\u00dfe Klappe?\", lachte er.\"Was willst du?\"\"Spielen, ich hab schon lange keine Frau mehr gesehen wei\u00dft du?\"Ich konnte h\u00f6ren wie er bei diesem Satz \u0001 \u0002 begann nerv\u00f6ser zu werden, zappelte und zerrte und riss an den Fesseln, doch sie l\u00f6sten sich nicht.\"Was hast du mit den anderen gemacht?\":\"Wieso fragst du immer so viel? Ist doch egal. Du bist hier und ich bin hier. Was will man mehr?\"Mein Herz pochte, als ich h\u00f6rte das er wieder n\u00e4her \u0001 \u0002 setzte er sich vor mich, streichelte meine Wange und fl\u00fcsterte\" Oh hast du Angst, nein hab keine Angst.\"Und sein Gesicht kam immer \u0001 \u0002 SichtWeinend sa\u00df Daleen in der Ecke. Ihre Klamotten zerrissen. Zitternd und versuchte sich irgendwie zu \u0001 \u0002 wussten was er getan hatte. Es war nicht zu \u00fcbersehen gewesen. Ich war so w\u00fctend. Ich konnte es kaum fassen. Dieser Typ, was auch immer er wollte hielt uns hier fest und hatte Spa\u00df daran, M\u00e4dchen zu missbrauchen. Aber warum? Hatte ihn die Apokalypse dazu gemacht, was er jetzt war? Oder war er vielmehr schon immer ein kranker Vergewaltiger \u0001 \u0002 stand auf und ging zu hier wollte ihre Schulter ber\u00fchren, doch sie schrie nur:\" Nein fass mich nicht an.\"Ihre Lippe war blutig und ihre Wange geschwollen, vermutlichen von Schl\u00e4gen. \" Was wird er wohl mit uns machen? Er wird uns umbringen!\", schrie Cadrick w\u00e4hrend er nerv\u00f6s hin und her \u0001 \u0002 half uns das gar nicht. Kein \u0001 \u0002 M\u00e4dchen wollte er f\u00fcr seine perversen Gel\u00fcste. Jetzt war wohl Davina bei ihm und Lukas drehte bei dem Gedanken was er ihr antat komplett durch. Schlug dauernd gegen W\u00e4nde schrie und war w\u00fctend. Ich konnte ihn ja \u0001 \u0002 das half uns nichts.\"Wir m\u00fcssen hier doch irgendwie raus kommen.\", kam es von \u0001 \u0002 waren in einem Raum ohne Fenster , \u00e4hnlich einer Zelle gab es ein kleines Loch in der Wand, das mit Gittern verriegelt war, keinesfalls gro\u00df genug f\u00fcr einen von uns. Die T\u00fcr war riesig und aus schwerem Stahl, lie\u00df sich ohne Schl\u00fcssel keinen Zentimeter bewegen.\"Wie denn wir kommen hier niemals raus.\"\"\"es gibt immer einen Weg, Cadrick.\"Das war Alex \u0001 \u0002 war sehr still geworden. Sie hatte viel abbekommen als der Typ uns verschleppt \u0001 \u0002 schmiss sich vor Sara und fing sich ziemlich viel \u0001 \u0002 ich wusste nicht wie ein Typ uns alle hat \u00fcberw\u00e4ltigen \u0001 \u0002 klar niemand bon uns konnte wirklich Kampfsport oder mit Waffen umgehen, dennoch hatten wir in der Zombie Zeit einiges \u0001 \u0002 lag auf dem Boden versuchte zu schlafen, neben ihr Sophie als h\u00e4tten sie es l\u00e4ngst aufgeben, noch gerettet zu \u0001 \u0002 sa\u00df ich da und fragte mich ob das hier unser Ende sein w\u00fcrde, ob mein leben so aufh\u00f6ren w\u00fcrde. Jetzt schon, viel zu fr\u00fch. Ich wollte einmal Kinder, eine Familie, eine Frau. In einem sch\u00f6nen Haus leben. Sollte das alles nicht passieren? Ein Rascheln an der T\u00fcr riss mich schlie\u00dflich aus meinen Gedanken und ich warf mich zur\u00fcck in den Kampf den wir inzwischen unser Leben nannten.",
            "wordcount": "815",
            "chapter_release": "31.05.2015",
            "chapter_number": "14"
        },
        "2": {
            "text": "Nein, bitte h\u00f6r auf wieso Hilft mir denn keiner?\u201c\u201eHilfe.\u201c\u201eWieso tust du das?\u201cVon \u00fcberall kamen diese Schreie und von jeder Seite aus dr\u00fcckten und dr\u00e4ngelten die Leute. In meinem Kopf drehte sich alles, ich konnte nicht mehr klar denken. \u201eOhh mein Gott.\u201c\u201eWas ist los Daleen?\u201c, fragte Carina w\u00e4hrend ich die anderen aus der Masse Richtung Ausgang zerrte. \u201eDa , das M\u00e4dchen frisst jemanden auf.\u201cIch musste nicht hinsehen, ich wusste es bereits, wir mussten unbedingt hier raus und das ganz schnell. Ich riss die anderen weiter Ich stellte mich vor die Treppe zeigten mit den Fingern das die anderen runter gehen sollten und dann den Ausgang nehmen sollten. Ich jedoch blieb oben stehen.\u201eKomm schon!\u201crief mein Freund mir zu. \u201eNein ich warte bis ihr unten seit.\u201c\u201eIst das dein ernst?\u201c\u201eKannst du EINMAL das machen was ich dir sage?\u201cLukas setzte einen genervten Blick auf, tat aber das was ich gesagt hatte. Ich wei\u00df nicht wieso aber ich hatte das Gef\u00fchl ich konnte von da oben alles besser sehen und so war es \u0001 \u0002 die anderen unten angekommen waren und ich gerade nach unten gehen wollte, bemerkte ich einen Jungen, ungef\u00e4hr 1, 85 der sich anormal bewegte. Als ich genauer hinsah, bemerkte ich das sein Mund voller Blut \u0001 \u0002 stand an der Treppe gegen\u00fcber von meiner Treppe und taumelte auf sie zu, als er pl\u00f6tzlich hinunterst\u00fcrzte . Ich war verwirrt. Hatte er die Treppe nicht bemerkt? Wieso war er voller Blut?Dann setzte sich alles in meinem Kopf zusammen ich war so bl\u00f6d gewesen. Wie viele Filme hatte ich gesehen? Wie konnte ich so dumm gewesen sein? Sofort rannte ich die Treppe hinunter , direkt auf meine Freunde zu die unten standen und auf mich warteten, im selben Moment hatte der Junge der eben der eben die Treppe heruntergefallen war, die selbe Idee, er lief direkt auf Carina zu..Ich beschleunigte, machte einen gro\u00dfen Satz und riss das zierliche M\u00e4dchen zur Seite um und der Junge stolperte \u00fcber unsere F\u00fc\u00dfe und fiel ebenfalls. Schnell packte ich sie zerrte sie hoch, als auch er wieder aufstand. Jetzt sah ich ihn genau . Es hing Fleisch zwischen seinen Z\u00e4hnen seine Augen waren Blutunterlaufen und seine Pupillen wei\u00df sein Shirt war urspr\u00fcnglich einmal wei\u00df gewesen, jetzt allerdings war es getr\u00e4nkt von Blut, seine dunklen Mittellangen Haare klebten an seiner Stirn und er knurrte laut als er zum Angriff ansetzte. Er rannte direkt auf mich zu und ich war wie erstarrt, konnte mich einfach nicht r\u00fchren. Ich sp\u00fcrte wie Carina hinter mir an meinen Schultern r\u00fcttelte um mich dazu zu bringen, mich zu bewegen, doch ich tat es nicht. Als dieser Junge auf mich zu rannte, wurde mir bewusst wie zerbrechlich unser Leben ist und wie kurz. Ich dachte es w\u00e4re vorbei als Lukas und Fabian pl\u00f6tzlich an mir vorbei liefen und den Jungen mit Wucht gegen die Wand dr\u00fcckten.\u201eLauft weg\u201c, schreien die beiden und in diesem Moment erwachte ich wieder aus meiner Starre und ich wusste das ich die beiden nicht mit diesem Ding alleine lassen konnte. Ich schaute mich schnell um und suchte nach einer M\u00f6glichkeit, den Jungs zu helfen und ich sah einen Stuhl. Ich schaute noch mal meinen Freund und Fabian an ,die mit aller Kraft versuchten, das Vieh festzuhalten und wusste was ich zu tun hatte. Dies war der erste Moment, der mich zu dem Menschen wurde der ich heute bin. In solchen Augenblicken, so schien es mir, zeigt der Mensch sein wahres h\u00e4ssliches Gesicht, seine wahre Art und Natur. Denn auch ich, ein M\u00e4dchen das nicht einmal jemanden ernsthaft schlagen konnte, musste manchmal Dinge tun, um Menschen zu besch\u00fctzen. Also nahm ich mir diesen Stuhl ging auf den Jungen zu, der nach meinen Freunden schnappte die seine beiden Arme festhielten, rief:\u201c Geht aus dem Weg.\u201c Und schlug einmal zu, zweimal zu und auch noch ein drittes mal bis ich seinen Kopf komplett zerst\u00f6rt hatte. Er rutschte an der Wand zu Boden, die Wand voller Blut, sein Gesicht konnte man nicht mehr erkennen, weil es so kaputt geschlagen war durch den Stuhl. Ich drehte mich um und sah meine Leute an. Sie sahen geschockt aus. Keiner von ihnen hatte erwartet das ich so was tun \u0001 \u0002 atmete tief ein und aus starrte noch mal auf den leblosen K\u00f6rper zu meinen \u0001 \u0002 Stimme zitterte als ich sagte:\u201cLasst uns einen sichern Platz suchen.\u201cSo gingen wir durch den Eingang nach Drau\u00dfen auf den Hof der Schule. Es war still geworden, nur noch einige schrille Schreie t\u00f6nten aus dem \u0001 \u0002 Hof vor der Schule war ruhig und ich \u00fcberlegte kurz ob ich mir das alles grade nur eingebildet hatte. \u201eWieso sind hier keine von denen?\u201c, fragte Fabian. \u201eIch hab keine Ahnung, l\u00e4uft das alles etwa nur in der Schule ab?\u201c W\u00e4hrend Carina und Fabian sich weiter dar\u00fcber austauschten was eventuell los sein k\u00f6nnte, atmete ich ein paar mal tief ein und aus. Ich stand gef\u00fchlt kurz vor einer heftigen Panikattacke und ich wusste, dass das gerade wirklich keiner gebrauchen konnte. Lukas legte seinen Arm um meine Schulter und fragte ob alles in Ordnung sei. Ich nickte nur und k\u00fcsste ihn. \u201eOke ich denke wir sollten es ausnutzen das hier noch alles ruhig ist. Lasst und ein Haus suchen, wo wir erst mal sicher sind und dann nach den anderen suchen.\u201c\u201eJa das ist eine gute Idee Davina.\u201cLisas Sicht Zusammengepfercht sa\u00dfen wir in dem Klassenraum O2. Es kam mir vor als k\u00f6nnte ich kaum atmen, weil es so voll war. Ich konnte kein Wort sagen weil ich nicht wusste wie ich all das verarbeiten sollte, ich war total \u00fcberfordert mit allem. \u201eJil was ist denn los? Wo sind all die anderen hin? Was passiert denn jetzt ? Was sollen wir machen?\u201c\u201eLisa jetzt bleib erst mal ruhig, ich wei\u00df das auch alles nicht.\u201cIch sah Jil an. Ich wusste nicht wie sie so ruhig bleiben konnte. Ich war f\u00fcr so was nicht geschaffen. Obwohl das wohl keiner von uns war. Lea, ein \u0001 \u0002, braunhaariges M\u00e4dchen k\u00fcmmerte sich gerade um Alex, er blutete stark aus dem Arm und das machte mich nur noch nerv\u00f6ser. Ich wusste nicht was da passiert war und ich wusste nicht wieso er blutete. Eigentlich wusste ich gar nichts. Unsere Klassenlehrerin hatte den Raum abgeschlossen und es kam mir vor als w\u00fcrde ich Platzangst bekommen. Schon die ganze Zeit versuchte ich meine Mutter zu erreichen, doch sie ging einfach nicht ran. Ich war so verzweifelt, das ich anfing zu weinen. Ich konnte nicht anders. \u201eAlles gut Lisa?\u201c, fragte Jil mich, aber ich hatte keine Zeit zu antworten. Denn aus der Ecke in der Lea gerade eben noch Alex verarztet, kam ein Schrei der von der Br\u00fcnetten stammte. Alle in dem Klassenraum starrten dorthin, auch ich und was ich sah versetzte mich in \u0001 \u0002 der eben noch am Boden gelegen hatte stand pl\u00f6tzlich und griff nach Lea, seine Augen hatten sich ver\u00e4ndert und aus seinem Mund floss Blut. Sven versuchte mit ihm zu sprechen, doch auf seinen Namen reagierte er gar nicht mehr, er stolperte nur nach vorne weg und versuchte Lea zu bei\u00dfen die Vor Schreck inzwischen hinten \u00fcber gefallen war und nun eher weg kroch. Alle in dem Raum bekamen Panik, ich h\u00f6rte einige M\u00e4dchen \u0001 \u0002 zerrte Sven und Lea von Alex weg und schrie unsere Lehrerin an, sie solle sofort die T\u00fcr \u0001 \u0002 das tat sie nicht, sie stand nur da und starrte Alex an, der jetzt genau auf sie Zu lief. Der Sch\u00fcssel fiel einige Meter vor mir auf den Boden und ich kroch unter den Tischen zu ihm hin, um nicht \u0001 \u0002 hatte ich ihn in der Hand da fiel unsere Lehrerin zu Boden, zusammen mit Alex der sich an ihre Hals festgebissen hatte und an ihrem Fleisch zerrte. Ich kroch zur\u00fcck, dr\u00fcckte Cadrick zitternd den Schl\u00fcssel in die Hand und fl\u00fcsterte leise zu ihm , Jil, Sven, Arweed und Lea \u201eWir m\u00fcssen hier raus\u201c.",
            "wordcount": "1.321",
            "chapter_release": "15.09.2014",
            "chapter_number": "2"
        },
        "3": {
            "text": "Davinas Sicht\u201eHier ist es doch ganz in Ordnung\u201c, meinte Carina w\u00e4hrend sie gedankenverloren das gro\u00dfe Haus absuchte. \u201eJa das stimmt, wir m\u00fcssen nur ein Weg finden die T\u00fcr gut zu verschlie\u00dfen.\u201cIch sah Lukas an, der sich die T\u00fcr zu schaffen machte. Wir hatten es in ein Haus geschafft, welches direkt neben der Schule stand. Die T\u00fcr stand offen, wahrscheinlich, so dachte ich mir, waren die Eigent\u00fcmer geflohen, denn komischerweise standen alle M\u00f6bel noch, aber es hing kein einziges Foto an der Wand. Es war ein gro\u00dfes, modern eingerichtetes Haus. Es hatte 5 Zimmer zwei Kinderzimmer, ein Arbeitszimmer, ein Elternschlafzimmer und das Wohnzimmer in dem wir uns gerade alle befanden. Fabian sa\u00df am PC der in der Ecke des gro\u00dfz\u00fcgigen Raumes stand. Ich fragte mich was er suchte, aber fand irgendwie nicht die Kraft ihn danach zu fragen, denn ich war immer noch ziemlich geschockt von alle dem, was hier momentan passierte. Ich sah von der Couch aus, aus dem Fenster. Es war immer noch still auf den Stra\u00dfen, so als g\u00e4be es keine Menschen mehr, total still und ruhig. Daleen neben mir versuchte immer noch irgendjemanden aus ihrer Familie zu erreichen, leider ohne Erfolg. Das hatten wir inzwischen alle versucht, egal wen wir anriefen niemand ging ran. Ich kam nicht drum rum mich dauernd zu fragen, wie weit sich all das verbreitet hatte und vor allem was das alles war. Vielleicht tr\u00e4umte ich ja auch nur. Fabian unterbrach meine Gedanken:\u201c Leute, im Internet sind \u00fcberall Meldungen, davon das man das Haus nicht verlassen sollte und alle Fenster und T\u00fcren verriegeln soll und blo\u00df niemanden reinlassen sollen.\u201cGerade als ich ihn ansehen wollte, ert\u00f6nte eine Meldung im Fernsehen:\u201c Eilmeldung, verlassen sie auf gar keinen Fall ihr Haus. Hilfe, ist \u0001 \u0002 wird vermutet das es sich um eine Seuche handelt, jedoch ist die Verbreitung noch unklar. Lassen sie niemanden zu sich.\u201cIch schaltete den Fernseher aus und atmete einmal tief ein. \u201eSagt mal, bin nur ich das oder denkt ihr auch das das Zombies sind da drau\u00dfen? Ich meine , wie sollte man sich das sonst erkl\u00e4ren, der Typ von eben wollte Fabian und Lukas bei\u00dfen.\u201c\u201eKann schon sein, aber wie is das denn bitte M\u00f6glich?\u201c, murmelte Lukas fast mehr zu sich selbst als zu uns.\u201eJa jedenfalls m\u00fcssen wir wissen, was wir jetzt tun sollen.\u201cCarina stellte sich zu Fabian, der immer noch am PC sa\u00df als sie antwortete:\u201c Naja , die meinten ja wir sollen hier bleiben.\u201c\u201eNein!\u201c, sagte ich bestimmt.\u201eWieso?\u201c; fragte Daleen. \u201eGanz einfach, guckt euch mal die Stra\u00dfen an, solange die so leer sind sollten wir das nutzen und uns alles Notwendige besorgen. Denn, ganz ehrlich ich w\u00fcrde mich nicht darauf verlassen, dass Hilfe kommt. Wir brauchen Wasser, Waffen, Medikamente Werkzeug und w\u00e4rme Kleidung. Dazu kommt auch noch, dass immer noch Leute von uns in der Schule sind.\u201c\u201eJa Davina, aber wir haben keine Waffen, wir komm gegen die nicht gegen an.\u201c\u201eDie haben bestimmt Hammer oder so was in der Art hier oder Messer.\u201cDamit begab ich mich auf die Suche, nach irgendetwas das wir gebrauchen k\u00f6nnten. Es war alles so absurd was hier passierte und ich hatte Angst, so unglaubliche Angst , doch ich traute mich einfach nicht das zu zeigen. Wie auch? Ich wollte immer schon stark f\u00fcr sie sein und das war jetzt eben der Moment. Ich fand einige K\u00fcchenmesser und in einer Kiste zwei Hammer und einen Schraubenzieher.\u201eHier schaut mal\u201c; rief ich und war alles was ich gefunden hatte auf die Couch neben Daleen. \u201eUnd du meinst das reicht?\u201c\u201eTja muss es wohl Lukas.\u201cDaleen hob den Hammer an , sie sah sehr verunsichert aus:\u201c Ich wei\u00df nicht sollten wir nicht doch lieber hier bleiben?\u201c\u201eIch geh auch alleine, ich werfe euch nicht vor wenn ihr hier bleibt.\u201c\u201eQuatsch Davina, alleine gehst du bestimmt nicht. Wenn dann gehen wir alle zusammen.\u201cCarina legte ihre Hand auf meine Schulter. Ich sah jeden von ihnen an. Carina l\u00e4chelte mich an, auch Daleens Gesicht war inzwischen auch etwas neutraler geworden. Lukas und Fabian sahen mich bestimmt an. \u201eGut dann sollten wir wohl Abstimmen.\u201cUnd ich wusste dass diese Abstimmung ma\u00dfgeblich \u00fcber unsere und die Zukunft unserer Freunde bestimmen \u0001 \u0002\u00b4s SichtMir fiel das Atmen schwer, meine Knie taten weh und ich konnte nicht mehr wirklich klar denken. Wir rannten durch die Schule, doch von allen Seiten kamen sie, diese Menschen oder was sie auch immer waren. Lisa neben schluchzte leise, Sven hatte Probleme mit zu halten, aber auch Cadrick und Arweed waren nahe an ihrer Grenze. Ebenso wie ich. Wir waren inzwischen ohne weitere verletzte durch den NAT Bereich gekommen, aber sie waren dicht hinter uns und ich wusste nicht einmal wo wir hinwollten. Wir hatten es gesehen, wie Alex eben einen nach dem anderen get\u00f6tet hatte, und wir hatten gesehen wie unsere Lehrerin wieder aufgestanden war, obwohl sie doch vorher get\u00f6tet worden war. Wir lehnten uns an die Wand der Bibliothek. Total au\u00dfer Atem, als mir auffiel das jemand fehlte.\u201eLeute... wo ist... Lea?\u201c, ich musste zwischen durch immer wieder ausatmen, weil ich so fertig war. \u201eStimmt, schei\u00dfe wo ist sie hin. Wir m\u00fcssen sie sofort such. Oh mein Gott, sie ist bestimmt tot.\u201c\u201eCadrick jetzt warte doch mal, das ist doch gar nicht gesagt. Au\u00dferdem wie wollen wir da bitte durchkommen?\u201c, sagte ich und zeigte direkt auf den NAT Gang wo inzwischen mehrere von denen auf uns zu kamen. Bevor Cadrick antworten konnte h\u00f6rten wir ein Fl\u00fcstern:\u201cLeute kommt rein schnell.\u201cIch drehte mich um und sah Sahra und Sophie die hinter den Gittern des Bibliothek Eingangs standen. Mir fiel ein Stein vom Herzen, die beiden schnappten sich die Schl\u00fcssel von der Bibliothekarin und schlossen das gro\u00dfe Tor auf. Wir schl\u00fcpften hinein und das gerade rechtzeitig den kaum war das Tor geschlossen, kamen sie auf uns zu und dr\u00fcckten mit aller Kraft gegen das Tor. \u201eKommt mit in den hinteren Bereich.\u201c\u201eSahra wir haben Lea verloren wir m\u00fcssen sofort zur\u00fcck.\u201cCadrick Stimme war aufgebracht und laut. Von Sophie kam nur ein \u201eSHH\u201cEr sah sie fragend an , als Sahra leise erkl\u00e4rte:\u201c H\u00f6rt zu ihr m\u00fcsst leise sein, die dr\u00fccken uns sonst das Tor an. Wir haben beobachtet, dass sie zuerst auf die Leute los gingen die geschriene haben, viel weniger von ihnen auf die die sie nur gesehen haben. Versteht ihr? Sie reagieren auf Ger\u00e4usche. ALSO seid bitte RUHIG, ich will nich sterben ja? Und was Lea angeht , k\u00f6nnen wir jetzt wenig tun, alles ist voll von diesen Viechern, ihr \u00fcberlebt das nicht. Wir m\u00fcssen auf Hilfe warten.\u201cIch setzte mich auf den Boden. Das war alles viel zu viel f\u00fcr mich. Cadrick rannte durch die Gegend.\u201eCadrick du machst mich total nerv\u00f6s,\u201cmeinte ich zu ihm m\u00f6glichst leise.\u201eJa tut mir leid ich kann nicht anders.\u201cLisa konnte es inzwischen nicht mehr zur\u00fcck halten und fing an zu weinen. Ich konnte sie ja verstehen, aber das half uns nicht. Alles was wir tun konnten war warten und ich wusste nicht ob es auf Hilfe war oder auf den Tod.",
            "wordcount": "1.169",
            "chapter_release": "15.09.2014",
            "chapter_number": "3"
        },
        "4": {
            "text": "Davinas Sicht\u201eDer Tod l\u00e4chelt uns an, das einzige was machen kann, ist zur\u00fcck zu l\u00e4cheln.\u201c Marcus AureliusWir liefen durch die Schule, inzwischen war schon alles voll Leichen und Blut. Daleen hielt sich vor Ekel die Hand vor dem Mund, so als m\u00fcsste sie sich \u00fcbergeben. Das war typisch f\u00fcr sie, sie konnte auch \u00fcberhaupt kein Blut sehen. Nicht einmal ein bisschen. Ich war da etwas anders ich hatte mit Blut direkt zwar kein Problem, solang es nicht an meinen K\u00f6rper kam. \u201eOh mein Gott sind das viele Tote.\u201c Carina war total geschockt und starrte mit offen Mund auf den Teppichboden der zur H\u00e4lfte getr\u00e4nkt mit Blut \u0001 \u0002 konnte nicht wirklich sprechen auch die Jungs sagten nichts dazu. Wir gingen die Treppe hinauf, rechts neben uns war eine gro\u00dfe Glast\u00fcr die zur Mensa f\u00fchrte. Ich sah einmal kurz hinein und betrachtete wie diese Wesen, ich nenn sie jetzt einfach mal Zombies, an allen m\u00f6glichen Leuten herumrissen und bissen. Ich musste meine \u00dcbelkeit unterdr\u00fccken. Die Komplette Mensa war voll mit Ged\u00e4rmen und Blut es war ein einziges Massaker. \u201eAch du scheei\u00dfee\u201c, murmelte Lukas leise vor sich hin. \u201eLasst und schnell weiter.\u201cFabian ging ein paar Schritte voraus, als pl\u00f6tzlich einer der Leichen wieder auf stand. \u201eHey da lebt noch einer\u201c, wollte ich grade rufen als ich bemerkte das ich falsch lag. Es war ein kr\u00e4ftigeres M\u00e4dchen, klein, hatte braunes kurzes Haar . Sie hob zuerst ihren Oberk\u00f6rper, jetzt sah man all die Wunden, an ihrem K\u00f6rper. Tiefe L\u00f6cher, als w\u00fcrde das Fleisch aus ihrem K\u00f6rper gerissen worden sein und ich kam nicht drum -rum Mitgef\u00fchl zu haben und mich, wieder und wieder zu fragen wie viel sie wohl erleiden musste. Doch ich musste diese Gedanken schnell wieder verwerfen denn sie richtete sich auch knurrte uns an und lief auf uns zu. Ich wich einen Schritt z\u00fcck vor Schreck, als mir einfiel, dass wir ja Waffen hatten. Das M\u00e4dchen hatte ein Blutverschmiertes Gesicht und Biss die ganze Zeit wie Verr\u00fcckt um sich. Sie war nicht mega schnell, aber auch nicht \u0001 \u0002, der an einen Besenstiel zwei Messer gebunden hatte, reagierte als erstes. Er stach dem M\u00e4dchen in die Brust, doch die Bewegte sich weiter auf ihn zu. Obwohl das Messer sich tiefer und tiefer in ihre Brust bohrte. Fabian bewegte sich r\u00fcckw\u00e4rts, aber nur weil er ihrer Kraft nicht standhalten konnte. Sie war \u00fcbermenschlich stark, denn normalerweise, h\u00e4tte ein M\u00e4dchen ihrer K\u00f6rpergr\u00f6\u00dfe und ihres Gewichtest, niemals ein Jungen wie Fabian so ohne weiteres wegdr\u00fccken k\u00f6nnen. Lukas griff nach dem Besenstiel und half Fabian gegen sie gegen an zu dr\u00fccken , doch auch das half nichts, er wurde genau so r\u00fcckw\u00e4rts weg geschoben. Die Jungs strengten sich an und gaben alles, doch da war keine Chance.\u201eSchei\u00dfe was sollen wir machen?\u201c\u201eich wei\u00df nicht Daleen.\u201cH\u00f6rte ich Carina und Daleen hinter mir rufen. Ja was sollten wir machen? Alles was mir einfiel war mit der Zunge zu schnalzen. Ich wusste nicht wieso, aber das hatte ich mit meinen Katzen auch immer so gemacht. Pl\u00f6tzlich h\u00f6rte sie auf zu dr\u00fccken und ihre Aufmerksamkeit galt ganz mir. Jetzt waren nicht mehr Fabian und Lukas ihr Ziel sondern ich. Sie taumelte einige Schritte r\u00fcckw\u00e4rts und riss damit das Messer aus ihrer Brust, dann kam sie auf mich zu. Auch ich ging zur\u00fcck , stolperte und fiel zu Boden. Ich sah hoch zu hier wie sie mich ansah, blutr\u00fcnstig und nie in meinem ganzen Leben, hatte ich so eine tiefe Angst versp\u00fcrt. Sie war dabei zu fallen und zwar direkt auf mich herauf, als ich mich schnell zur Seite hin weg rollte und aufsprang. Mein Herz raste extrem und es was war einer dieser Momente, in denen man voll mit Adrenalin, einfach alles h\u00f6rt und sieht. Es war als w\u00fcrde alles in Zeitlupe laufen und ich h\u00f6rte ein Fl\u00fcstern, hier waren noch lebendige Menschen nur wo?Verzweifelt sah ich mich um, sie mussten in der N\u00e4he sein. Das Zombie M\u00e4dchen, das ja inzwischen auf dem Boden lag, kroch auf mich zu, aber ich beachtete sie gar nicht mehr. Sie war langsam, auch die anderen bemerkten, dass sie solange man sie im Auge behielt, keine gr\u00f6\u00dfere Gefahr darstellte. \u201eWo sollen wir denn jetzt hin? Ich will hier nicht bleiben,\u201c sagte Daleen hysterisch. Sie war im Grunde nicht der Typ Mensch der hysterisch wurde, aber ab und an mal kam diese Seite an ihr hervor. Sie sprach etwas lauter und genau das wurde uns fast zum Verh\u00e4ngnis. Saras SichtEs war komisch Leute da stehen zu sehen die man gut kannte. Es machte einen um einiges betroffener, als bei fremden. Sie konnten es nicht wissen, dass sie h\u00e4tten leise sein m\u00fcssen und wir konnten nicht mehr rufen, um sie zu uns zu holen. Es war schrecklich, die Zombies kamen von allen Seiten. 3 aus der Mensa, 4 Aus de, Kunstbereich, 5 Aus unserer Richtung. \u201eSchei\u00dfe, was machen wir jetzt. Wir m\u00fcssen was machen.\u201c\u201eJa Lisa schon klar aber was denn?\u201c, sagte Cadrick wieder etwas lauter. Es lag auf der Hand. \u201eOke Leute folgendes, entweder wir hocken hier drin bis wir verrecken oder wir sind mutig und laufen zusammen mit den anderen aus der Schule und \u00fcberleben.\u201c\u201eJa.. \u00e4hm.... meinst du.... denn... das wir das schaffen?\u201c, fragte Arweed und machte zwischen fast jedem Wort eine Pause. \u201eTja ein Versuch ist es Wert oder. Wer ist denn daf\u00fcr?\u201c, fragte ich die anderen leise. Sophie, Cadrick und Jil hoben ihre Hand. Damit waren die anderen \u00fcberstimmt. \u201eIch meine, ihr k\u00f6nnt nat\u00fcrlich auch hier bleiben, keiner kann euch zwingen da mit rauszugehen.\u201c\u201eNe alleine bleiben will ich hier auch nicht\u201c, antwortete Lisa. Ich wusste das uns das jetzt alle umbringen konnte, aber ich war ehrlich mit mir selbst. Lieber k\u00e4mpfe ich darum zu \u00fcberleben, als das ich den Rest meines Lebens in einer muffigen B\u00fccherei verbringen muss. Das war kein Leben und ich wollte gar nicht erst anfangen damit Angst vor den Leben haben zu m\u00fcssen, wenn man damit begonnen hatte, war das Leben nur noch ein wegrennen vor dem Tod.",
            "wordcount": "999",
            "chapter_release": "15.09.2014",
            "chapter_number": "4"
        },
        "5": {
            "text": "Davinas SichtIch war eingeschlossen in einem Raum, ich wusste nicht welcher es war, irgendein Klassenraum jedenfalls. Ich war nicht allein auch Jesse, Fabian und Carina waren hier. Lukas und Daleen hatten wir verloren, aber ich hatte gesehen wie sie sich noch in die B\u00fccherei gerettet hatten, was mich schon mal beruhigte. Auch einige der anderen die wir gesucht hatten, waren dort gewesen, ich konnte zwar nicht erkennen wer, aber es fiel schon mal eine gro\u00dfe Last von meinen Schultern, jetzt wo ich wusste, dass wenigstens nicht alle tot waren. Jesse hatten wir auf gegabelt, als wir wegrennen mussten, wir drei hatten es nicht mehr in die B\u00fccherei geschafft, da waren einfach schon zu viele von den Zombies. \u201eOke und was machen wir jetzt?\u201c, fragte Jesse. Carina und Fabian, die neben ihm in der Ecke sa\u00dfen sahen ihn nur an, es schien aber so als w\u00fcssten sie auch keine Antwort darauf. Ich selbst stand an der T\u00fcr, ich h\u00f6rte die Schl\u00e4ge der Zombies, ihre Ger\u00e4usche und ich hatte Angst, sie w\u00fcrden die T\u00fcr eindr\u00fccken. \u201eWas meint ihr wie stark sind die?\u201c,fragte Jesse erneut.\u201eAlso schwach sind sie nicht. Die haben ordentlich Kraft\u201c, antwortete Fabian.\u201eMehr als Menschen?\u201c\u201eDenke schon, wir sind mit einer zusammen getroffen. Ein M\u00e4dchen und die konnte mich und Lukas ohne Probleme wegdr\u00fccken...\u201cIch ging von der T\u00fcr weg und sah Carina an, die alles versuchte noch einmal zusammenzufassen:\u201cOke als so wie ich das bis jetzt mitbekommen habe, sind sie zwar nicht besonders schnell, aber daf\u00fcr extrem stark. Sehen sie uns ? \u201ejetzt mischte ich mich ein:\u201c Also ihre Augen sind zwar wei\u00df, aber ich bin mir nicht sicher ob sie uns sehen k\u00f6nnen. Aber h\u00f6ren k\u00f6nnen sie jedenfalls. Als ich mit der Zunge geschnalzt hab, hat sie sofort reagiert.\u201eJa die Frage ist jetzt wie gehen wir vor?\u201c, kam es von Fabi.\u201eVielleicht sollten wir erst zum Haus zur\u00fcck gehen und jeden von ihm schreiben, das Internet funktioniert ja noch.\u201c\u201eKeine schlechte Idee Carina , wir schaffens bestimmt nicht mehr zur B\u00fccherei\u201c, meinte ich. Es passte mir gar nicht al das. Ich war f\u00fcr alles was hier passierte, nicht gebaut. Ich konnte es nicht ab Leute zur\u00fcck zu lassen ,noch weniger konnte ich es ab , das ich die Situation nicht ver\u00e4ndern konnte und das schlimmste war, ich war noch nie grade f\u00fcr meine Kondition bekannt gewesen. Aber auch die anderen nervte es. Sie sahen schon ziemlich abgek\u00e4mpft aus. Es war immerhin auch schon 6 Uhr. Seit dem alles losgegangen war sind also schon 6 Stunden vergangen. Alles das war im Grunde viel zu viel f\u00fcr uns, aber wir hatten keine Wahl als weiter zu \u0001 \u0002 Sicht\u201eOh mein Gott ich hab eine Nachricht von Carina gekriegt\u201c, schrie Lisa pl\u00f6tzlich. \u201eShh\u201c, kam es nur von Sophie. Im selben Moment h\u00f6rte man das Schlagen der Zombies an den Scheiben der B\u00fccherei und einige von uns schreckten auf . Als ich hinsah bereute ich es sofort. Die Scheibe war schon verschmiert mit Blut, es war wirklich widerlich.\u201eWas steht denn drin?\u201c, fragte ich. Ich war aufgeregt und echt kurz davor durch zudrehen. Ich wusste nicht was das alles hier war und es machte mich ziemlich fertig, dass ich meine Familie nicht erreichen konnte. Aber egal, es brachte eh nichts im Moment, sich solche Sorgen dar\u00fcber zu machen. \u201eHier steht: Lisi, ich hoffe das du das \u00fcberhaupt liest. Fabian, Davina und mir geht es gut. Wir konnten uns in einen Raum verschanzen und wir haben Jesse erwischt, er ist auch gesund und bei uns. Wir gehen jetzt zum Haus zur\u00fcck, kommt bitte dahin. Wir werden nicht zur B\u00fccherei durchkommen k\u00f6nnen.\u201c, antworte Lisa meiner Frage und fragte im selben Atemzug:\u201cH\u00e4? Welches Haus denn?\u201c\u201eAh, sie meinen das in dem wir vorher waren.\u201cAlle starrten Lukas an. Er f\u00fcgte hinzu:\u201cJa also, nachdem wir uns verloren hatten, sind wir erst mal in ein Haus gegangen und haben uns da hingesetzt. Das war ganz in Ordnung da.\u201c\u201eJa aber wie sollen wir da denn hinkommen?\u201c, fragte ich und sp\u00fcrte wie sich in mir schon wieder Panik ausbreitete, bei dem Gedanken da wieder rauszugehen. \u201eNaja also hier bleiben, ist ja nun auch nicht unbedingt besser.\u201cJa da hatte Jil zwar nicht ganz unrecht, aber trotzdem. Es war schrecklich dort und ich wollte gar nicht wissen, wie es auf dem Rest der Welt aussah. Ich fragte mich was wohl die Regierung tun w\u00fcrde, wahrscheinlich uns alle in die Luft fliegen lassen. \u201eAlso was machen wir jetzt?\u201c fragte Sven, der sich bis jetzt relativ bedeckt gehalten hatte. Alle starrten nur in die Gegend. Das war wirklich keine besonders leichte Entscheidung, sie konnte schlie\u00dflich zu unser aller Tod f\u00fchren. \u201eWer ist daf\u00fcr wir gehen?\u201cIch empfand es als fair, das demokratisch zu regeln. Jil, ich, Sara, Sophie, Daleen und Lukas hoben die Hand. \u201eSind die anderen dagegen?\u201c, fragte ich. \u201eIch enthalte mich.\u201c\u201eAlso sind nur die anderen dagegen?\u201cLisa und Arweed nickten. Damit war es beschlossene Sachen wir 6 w\u00fcrden gehen. \u201eJa dann komm ich auch mit.\u201cLisa z\u00f6gerte als sie das sagte, Arweed nickte nur kurz, genauso wie \u0001 \u0002 war es entschieden das wir gehen w\u00fcrden. Es war, meiner Meinung nach sowieso keine L\u00f6sung, hier zu hocken und nichts zu tun. Aber zu dem Zeitpunkt wussten wir noch nicht, das diese Entscheidung f\u00fcr einen von uns, einen grausamen Tod bedeuten sollte.",
            "wordcount": "890",
            "chapter_release": "15.09.2014",
            "chapter_number": "5"
        },
        "6": {
            "text": "Davinas SichtIch atmete schwer als wir endlich wieder im Haus waren und die T\u00fcr hinter uns geschlossen war. \u201eAlter, wieso sind das denn jetzt so viele da drau\u00dfen?\u201c, fragte Fabian, der genauso au\u00dfer Atem war wie ich. Gerade eben so hatten wir es nur hier her geschafft. Pl\u00f6tzlich war alles voll Zombies auf den Stra\u00dfen, auf dem Gel\u00e4nde vor der Schule und auf dem Parkplatz. \u201eUnglaublich wie schnell sich das alles verbreitet hat.\u201c,murmelte Carina. \u201eKomm die anderen da \u00fcberhaupt durch?\u201cIch wollte Jesse gerade antworten als pl\u00f6tzlich jemand gegen die T\u00fcr h\u00e4mmerte, zuerst dachte ich es w\u00e4ren Zombies, bis man eine Stimme h\u00f6rte. \u201eAufmachen, Bitte.\u201cEs war eine tiefe M\u00e4nnerstimme, die in mir sofort ein Unbehagen ausl\u00f6ste. Ich wusste nicht ob es daran lag, dass ich M\u00e4nner im Grunde sowieso nicht vertraute oder ob mein Gef\u00fchl mich mal wieder nicht t\u00e4uschte und dieser Typ gef\u00e4hrlich f\u00fcr uns war. Als Carina gerade ihren Mund \u00f6ffnete um irgendetwas zu rufen, hielt Fabian ihr den Mund zu. Wir sahen uns kurz an und ich war mir sicher, dass wir das selbe dachten. Jesse setzte sich leise auf die Couch. Jeder von uns bem\u00fchte sich kein Ger\u00e4usch von sich zu geben. Fabian lie\u00df Carina los, die zwar etwas verwirrt aussah, aber trotzdem keine Anstalten machte noch etwas zu sagen. \u201eLOS JETZT MACHT DIE BESCHISSENE T\u00dcR AUF!\u201cEs war klar das unsere Entscheidung nicht aufzumachen die Richtige gewesen war, so aggressiv wie dieser Mann war, h\u00e4tte er uns bestimmt nichts gutes gebracht. \u201eIhr kleinen Bastarde werden das noch bereuen das schw\u00f6r ich euch.\u201c, schrie er noch, bis zu h\u00f6ren war wie er weglief. Ich atmete erleichtert aus. Carina und Fabian die zu vor sehr angespannt waren, entspannten sich wieder etwas. \u201eEgal was passiert. Wir sollten niemals jemanden Fremden vertrauen. Stimmt ihr mir da zu?\u201cKeiner sagte etwas alle nickten mir nur zu. Ich wusste es. Es war ganz klar. Es war f\u00fcr mich nichts neues das Menschen schei\u00dfe waren, deshalb war es auch logisch das sie wenn die Apokalypse ausbricht, ganz sicher nicht netter werden. \u201eAm besten wir warten auf die anderen und sehen denn was wir weiter machen.\u201c\u201eVorausgesetzt sie schaffens hier her.\u201c; antwortete ich Carina\u201eNat\u00fcrlich schaffen die das!Wieso auch nicht? H\u00f6r auf immer so was zu sagen Davina!\u201cW\u00fctend und mit Tr\u00e4nen in den Augen wendete sich das schlanke M\u00e4dchen ab und ging die Treppe hinauf in ein Zimmer und schloss die T\u00fcr hinter sich. Ich seufzte. Ich war eben sehr pessimistisch, das war schon immer so, gerade in Zeiten wie diesen. \u201eSchei\u00dfe\u201c, fl\u00fcsterte ich. \u201eIch geh mal hoch zu ihr.\u201c\u201eFabi?\u201c\u201eJa?\u201c\u201eSag ihr es tut mir leid. Sie schaffen das.\u201c\u201eMach ich.\u201cIch wusste, dass das gelogen war. Aber was sollte ich tun? Es brachte auch nichts wenn ich die Sache noch schlechter reden w\u00fcrde als sie eh schon war. Ich setzte mich auf einen Stuhl und st\u00fctze meinen Kopf auf meine H\u00e4nde. Ich war so m\u00fcde, das ich nicht anders konnte als nur kurz die Augen zu schlie\u00dfen. Dann h\u00f6rte ich pl\u00f6tzlich Schreie und riss meine Augen auf. Auch Jesse schreckte hoch und schaute aufgeregt durch die Gegend. \u201eWas ist passiert?\u201cFabi \u00f6ffnete die T\u00fcr und sah von der Treppe aus zu uns \u0001 \u0002 ging ans Fenster. Ich konnte direkt aufs Schulgel\u00e4nde gucken, doch was ich sah, war etwas das ich bis heute noch nicht vergessen hab...Jil\u00b4s Sichtich schrie, weinte und schlug um mich und das alles gleichzeitig. Ich konnte nicht fassen was hier gerade passierte. Sie zerrissen ihn. Alles war voller Blut und ich konnte nicht aufh\u00f6ren zu weinen. Sie bissen in seinen Hals in seine Beine und Arme und \u00fcberall spritze Blut heraus. Ich musste mich \u00fcbergeben. Ich hielt mich an der Stange fest, wo die Buspl\u00e4ne dranhingen und konnte nicht aufh\u00f6ren mich zu \u00fcbergeben. \u201eJil komm schon wir m\u00fcssen weiter sie sind \u00fcberall\u201cCadrick riss an mir. Ich h\u00f6rte seine Stimme nur dumpf, als h\u00e4tte ich Kopfh\u00f6rer in den Ohren. Ich konnte nicht reagieren. \u201eVERDAMMT JETZT KOMM ODER WILLST DU STERBEN.\u201c, schrie Sara. Auf einmal wachte ich auf, sie hatten recht nur es war so schwer. Ich wischte mir den Mund ab und stellte mich wieder aufrecht hin. Cadrick der die Hand immer noch an meiner Schulter hatte, fragte: \u201eGehts?\u201cIch wollte gerade nicken als in einem Haus knapp 100 Meter vor uns eine T\u00fcr aufging. Davina und Fabian rannten heraus, beide mit Hammern in der Hand. Drei Zombies kamen auf die Beiden zu. Ich h\u00f6rte wie Cadricks Atem sich deutlich verschnellerte. \u201eNein nicht noch mal\u201c, fl\u00fcsterte ich. Davina schubste den einen Zombie , er taumelte r\u00fcckw\u00e4rts, fiel aber nicht zu Boden.\u201eKommt schon schnell\u201c, schrie sie. Es waren so viele von diesen Zombies. Doch ich wusste wir mussten gehen, sonst w\u00fcrden wir alle sterben. Also liefen ich und Cadrick los. Lukas war schon bei Davina und Fabian und half ihnen die Zombies weg zu halten. Sara und Sophie waren kurz vor uns, Sven und Daleen hinter uns, Lisa hatte ich aus dem Blick verloren und Arweed, Arweed war tot. Ich sah noch kurz zur\u00fcck wie sein K\u00f6rper am Boden lag. Man konnte ihn nicht einmal mehr wirklich erkennen, nur seinen Blick... kalt und leer. Ich sah wieder nach vorne unterdr\u00fcckte meine \u00dcbelkeit, lief weiter bis ich endlich die T\u00fcr erreichte. Einer nach dem anderen rannte durch sie hindurch letzter war Sven, der mit Lisa hinein lief. Davina und Lukas kamen, nachdem wir alle drin waren, schnell hinein und schlossen die T\u00fcr hinter sich, verriegelte alles. Doch die Zombies drohten die T\u00fcr einzudr\u00fccken. Sie schlugen gegen sie und ich bekam Panik sie w\u00fcrden sie einschlagen. \u201eWir brauchen irgendwas um es dagegen zu stellen. Wir m\u00fcssen Schr\u00e4nke und Tische holen.\u201crief Lukas.\u201eGeh ich halt die T\u00fcr ihr zu\u201c. Meinte Davina die sich mit ihrem ganzen Gewicht gegen die T\u00fcr stemmte. Lukas lief mit Fabian zusammen los um das B\u00fccherregal an die T\u00fcr zu schieben. Ich wollte wirklich helfen, doch ich konnte nicht ich sackte einfach auf den Boden zusammen. \u201eJesse helf uns mal man.\u201c, schrie Lukas. Der gro\u00dfe, d\u00fcnne Junge bewegte sich erst jetzt und half den anderen. \u201eBeeilt euch bisschen.\u201c, kam es von Davina, die einen verzweifelten Gesichtsausdruck hatte. Die Jungs schoben das gro\u00dfe Regal mit viel Kraftaufwand Richtung T\u00fcr.\u201c\u201eGeh weg, da\u201c, rief Fabian. Schnell ging Davina von der T\u00fcr weg und half den Jungs beim Schieben. Sara schob zusammen mit Sophie einen Tisch zur T\u00fcr, Cadrick sprang auf um ihnen helfen. Der Rest von uns, von denen die gerade erst gekommen waren, waren zu nichts zu gebrauchen. Lisa sa\u00df in der Ecke und weinte bitterlich. Carina kam von oben, v\u00f6llig geschockt setzte sich zu ihr und weinte mit ihr zusammen. Sie fl\u00fcstere Lisa irgendetwas, was ich nicht verstehen konnte. Als die anderen alles m\u00f6gliche vor die T\u00fcr geschoben hatte, war nichts mehr zu h\u00f6ren au\u00dfer das St\u00f6hnen der Zombie und ihre Schl\u00e4ge gegen die T\u00fcr. Davina lehnte sich ersch\u00f6pft gegen Lukas und murmelte: \u201eZum Gl\u00fcck geht\u2019s dir geht\u201cEr k\u00fcsste ihre Stirn und sagte nichts. Wir waren in der H\u00f6lle gelandet. In der H\u00f6lle auf Erden und keiner von uns wusste, ob diese jemals enden w\u00fcrde.",
            "wordcount": "1.191",
            "chapter_release": "15.09.2014",
            "chapter_number": "6"
        },
        "7": {
            "text": "Davinas SichtIch ging langsam die Stra\u00dfe hinunter, die Zombies waren inzwischen weiter gezogen. Ich war allein, denn ich stand nur wenige Meter vom Haus entfernt, auf dem Schulparkplatz um nach einem Auto zu suchen. Ich hatte die Hoffnung gehabt irgendjemand habe vielleicht versucht weg zu kommen es aber nicht mehr geschafft, in diesem Fall w\u00fcrde der Schl\u00fcssel ja noch stecken. Wir hatten nun einmal keine andere Wahl, wir konnten schlecht mit nem Fahrrad durch die Gegend fahren, wenn die Welt zusammen brach. Ich blieb stehen da ich pl\u00f6tzlich ein St\u00f6hnen h\u00f6rte. Ich sah eine meiner ehemaligen \u0001 \u0002 Unterrichten w\u00fcrde sie wohl in n\u00e4chster Zeit nicht mehr nachgehen. Sie fiel zur Seite aus der offenen Auto T\u00fcr hinaus, ihr Hals war zerfetzt und ihr Kopf hing unnat\u00fcrlich zur rechten Seite. Ich versteckte mich hinter einem gro\u00dfen Auto ganz in der N\u00e4he von ihr. Dir kleine rau fiel aus dem kleinen, gr\u00fcnen Auto hinaus und landete unsanft auf dem Boden, auch sie war jetzt ein Zombie geworden. Irgendwie war ich erleichtert, da sie gerade noch in dem Wagen gesessen hatte, war die Wahrscheinlichkeit hoch, dass sie den Schl\u00fcssel noch dabei hatte. Ich schlich zur\u00fcck Richtung Haus und blieb ungesehen. Ich hatte nur den Hammer dabei und es war ziemlich riskant sich ihr alleine zu stellen, also war mein Plan zur\u00fcck zum Haus zu gehen, bis mir etwas ins Auge stach. Es war ein Faust gro\u00dfer Stein, schwer genug um etwas L\u00e4rm zu machen und mir fiel ein, das die Zombies sehr empfindlich auf Ger\u00e4usche reagieren . Ich nahm den Stein und war ich zur Schule hin um ihre Aufmerksamkeit dorthin zu lenken. Sofort nach dem Aufprall des Steines kroch die Frau in dessen Richtung und damit Weg vom Auto. Nach dem sie sich 10 Meter von dem kleinen, gr\u00fcnen Fahrzeug entfernt hatte bewegte ich mich langsam und leise zu ihm. Es stand direkt vor mir. Ich setzte mich neben der ge\u00f6ffneten Fahrert\u00fcr auf die Knie und suchte den Boden nach dem Schl\u00fcssel ab und fand ihn tats\u00e4chlich. Schnell schnappte ich ihn, doch dabei gab er ein lautes Klirren von sich. \u201eSchei\u00dfe\u201c, murmelte ich leise und blickte \u00e4ngstilch hoch. Sie hatte mich bemerkt und kam auf mich zu. Ich atmete langsam ein und aus, versuchte mich selbst zu beruhigen, schlug die Fahrert\u00fcr zu. Dann sprintete ich los, direkt an ihr vorbei sie versuchte noch mich zu packen, doch da sie nur kriechen konnte gelang es ihr nicht. Ich hielt die Luft an, mein Herz pochte unaufh\u00f6rlich und schmerzlich in meiner Brust, bis ich es schlie\u00dflich an das Haus geschafft hatte und nerv\u00f6s mehrmals klingelte. Mir wurde zwar schnell ge\u00f6ffnet, dennoch st\u00fcrmte ich durch die T\u00fcr als h\u00e4tte es Stunden gedauert. \u201eWas ist passiert?\u201c, fragte Cadrick. \u201eIch... hab ihn.\u201c\u201eWas hast du?\u201c,kam es von Fabi der sich auf dem Pc Stuhl gesetzt hatte. \u201eEinen Schl\u00fcssel f\u00fcr ein Auto.\u201c\u201eWirklich?\u201cIch sah Carina an, in ihren Augen blinkte ein Funke Hoffnung auf.\u201eDas ist ja perfekt ,dann komm wir jetzt hier weg, an einen sichereren Ort.\u201c,sagte Jil. Ihre Stimme war aufgeregt. Ich atmete aus:\u201c Ich wei\u00df nicht so \u0001 \u0002 Auto ist sehr klein. Da passen niemals mehr als 5 Leute rein. Wir sind allerdings 12 Leute und das bedeutet wir kommen hier garantiert nicht alle weg.\u201cSchweigen trat auf. Mich packte eine leise Angst sie w\u00fcrden so reagieren wie alle Menschen. Indem sie zuerst an sich selbst dachten. Einer nach dem anderen sah sich in der Runde um, dann wieder zu Boden, als w\u00fcrden sie sich in ihrem Kopf zurecht legen, wer mit m\u00fcsse und wer \u0001 \u0002 sie zur\u00fcck lassen k\u00f6nnten.\u201eH\u00f6rt auf damit. Ich wei\u00df es ist nicht einfach, aber wenn wir uns trennen oder anfangen gegenseitig auszugrenzen, hilft es keinem von uns.\u201cSie blickten mich an, alle meine Freunde. \u201eIch will hier nicht sterben. Ich will nur hier weg.\u201c, schluchzte Lisa und begann wieder zu weinen. \u201eIch auch nicht\u201c, fl\u00fcsterte Sophie. \u201eJa ich will auch nach Hause\u201c, meinte Daleen der jetzt auch die Tr\u00e4nen in die Augen \u0001 \u0002 sah aus dem Fenster. \u201eWir kommen hier jetzt sowieso nicht weg Leute es wird doch schon dunkel. Wir k\u00f6nn nicht nachts durch die Gegend fahren, wir wissen nicht was sonst noch alles da drau\u00dfen ist.\u201c\u201eIch ich denke auch wir sollten schlafen gehen und morgen dr\u00fcber nachdenken. Wir finden bestimmt noch ein zweites Auto.\u201cIn diesem Moment war ich froh das Fabian bei uns war, diese Worte schienen den anderen wenigstens wieder etwas Mut zu machen. Ich war nicht im Stande zu so einer positiven \u00c4u\u00dferung gewesen. Das war klar. \u201eJa das denke ich auch. Bringt nichts sich jetzt verr\u00fcckt zu \u0001 \u0002 einer ein Lolli?\u201c, fragte Sara und ich begann zu \u0001 \u0002, wir w\u00fcrden es schaffen. Irgendwie ganz bestimmt.. Am n\u00e4chsten Morgen w\u00fcrde ich von einer Maschinenpistole geweckt. Ich h\u00f6rte das Donnern ihrer Kugeln und das Schreien von \u0001 \u0002 schoss ich hoch. Lukas zu meiner rechten schlief noch immer leicht, w\u00e4hrend Daleen und Sara zu meiner Linken schon hellwach waren. \u201eWas ist da drau\u00dfen los?\u201c, murmelte Daleen. \u201eKeine Ahnung. Vielleicht kommt ja einer um uns zu helfen.\u201cBevor ich Sara antworten konnte rannte Cadrick die Treppe hoch. \u201eSchnell ihr m\u00fcsst nach unten kommen, es ist Wichtig, wir haben ein Problem.\u201cEr schrie so laut das auch Lulas aufwachte, um den ich mich aber nicht k\u00fcmmern konnte. Auch Sophie war inzwischen wach und Jesse, Lisa, Fabian und Carina waren aus dem Nebenzimmer gekommen. \u201eDas ist der Verr\u00fcckte von gestern. Der schie\u00dft uns gleich die T\u00fcr ein\u201c; sagte Fabian erschrocken.\u201eLASST IHR MICH JETZT REIN IHR DRECKEN HURENS\u00d6HNE?\u201c,schallte ein Lachen im ganzen Haus wieder und das obwohl er vor der T\u00fcr stand, so laut war er. Ich konnte nicht fassen was hier gerade passierte. Sollte es wirklich ein Mensch sein der und alle t\u00f6tete, in einer Stadt voll mit Zombies?Sollte das bedeuten das vielleicht die Menschen die t\u00f6dlichen Wesen waren und nicht die Zombies. Auf diese fragen wusste ich keine Antwort, ich konnte nur abwarten was passieren w\u00fcrde.",
            "wordcount": "1.004",
            "chapter_release": "15.09.2014",
            "chapter_number": "7"
        },
        "8": {
            "text": "Tag 2Davinas Sicht\u00dcberall h\u00f6rte man Sch\u00fcsse ich sah Blut, jemand blutete. Ich wusste nicht wohin, ich sa\u00df da verschanzt hinter einem Tisch, w\u00e4hrend ich wie versteinert war, h\u00f6rte ich wie dieser Mann mit einer Maschinenpistole, schnelle Sch\u00fcsse hintereinander abfeuerte. Ich wusste nicht was zu tun war, mir war schwindelig und ich wusste w\u00fcrde ich zu ruckartig aufstehen, w\u00fcrde ich sofort wieder umkippen. Ich sah die anderen nicht, vor meinen Augen war alles verschwommen. Ich h\u00f6rte nur Schreie. Ich atmete ein paar mal tief ein und aus, ich h\u00f6rte jemanden hyperventilieren und versuchte mich davon nicht mitrei\u00dfen zu lassen. Pl\u00f6tzlich f\u00fcr ein paar Minuten war ich wieder klar im Kopf. Es war einer dieser Momente, in denen man alles sieht und h\u00f6rt. Ich legte meine rechte an neben mir \u0001 \u0002 fasste dabei in eine Blutlache, doch davon lie\u00df ich mich nicht beirren. Ich sah zu Treppe hoch wo Fabian und Lukas waren. Ich betrachtete beide eindringlich und deutete auf den Speer den Fabian sich zuvor gebastelt hatte, danach hielt ich den Hammer der zu meiner Linken war nur ein paar Zentimeter hoch. Sie nickten, sie verstanden. Noch einmal atmete ich tief durch. Ich war am n\u00e4chsten an ihm dran. Ich wusste ich hatte nicht die Kraft ihn zu \u00fcberw\u00e4ltigen und zu t\u00f6ten , weshalb ich vorerst etwas anderes anstrebte. Ich gab den anderen das Zeichen und rannte auf ihn zu. Er sah mich, aber zu sp\u00e4t , er schoss, ich konnte Ausweichen, schmiss mich selbst auf den Boden direkt vor seine F\u00fc\u00dfe und schlug mit voller so fest ich konnte mit dem Hammer gegen sein Knie. Er fiel zu Boden und schrie, jetzt kamen Fabian und Lukas. Mein Freund trat seine Waffe weg Fabian stand mit seinem Speer direkt \u00fcber ihn und r\u00fchrte sich nicht. Ich sah ihn zittern, ich wusste es war nicht leicht einen Menschen zu t\u00f6ten.\u201eNa kleiner hast du Angst.\u201c; sagte der kr\u00e4ftige Mann ich richtete mich langsam auf. \u201eIn sein Bein Fabian. Stech ich einfach ins Bein.\u201c, rief ich w\u00e4hrend ich loslief um die anderen zu holen. Ich rannte hoch holte die anderen aus ihren Verstecken. Zusammen liefen wir Richtung Ausgang und sahen Sven, der blutend auf dem Boden lag. Mehrere Kugeln hatten ihn durch schossen und ich h\u00f6rte wie einige leise wimmerten und Dinge fl\u00fcsterten wie: \u201eNein, bitte nich.\u201cAuch ich war kurz vorm weinen und konnte es nur schwer zur\u00fcck halten. Der Mann in schwarz schrie auf, ich sah zur\u00fcck, Fabian hatte sein anderes Bein durchstochen. Der Junge atmete schwer und es schien ihn einiges an \u00dcberwindung gekostet zu haben. \u201ewas jetzt? WO sollen wir hin ? Schei\u00dfe schei\u00dfe.\u201c; rief Cadrick und rannte nerv\u00f6s im \u0001 \u0002 w\u00fcsste er nicht wohin er gehen sollte . Der Mann lag blutend am Boden und Fabian und Lukas standen wie angewurzelt vor ihm und starrten ihn an. Nach einigen Sekunden versuchte Fabian den Speer aus seinem Bein zu ziehen, doch es war nicht so einfach da das Messer des Speeres tief in dem Bein des Mannes steckte. Als ich durch die T\u00fcr sah, kamen 10 Zombies auf uns zu, die wahrscheinlich wegen dem Gefeuere von dem Typen auf uns Aufmerksam geworden sind. \u201eIch kriegs nicht raus\u201c, murmelte der Junge mit den dunkelblonden Haaren w\u00e4hrend er zunehmend unruhiger wurde. Wir hatten keine Wahl wir mussten hier raus. Die T\u00fcr war zerschossen und das Schloss kaputt. Wir w\u00fcrden die Zombie nicht daran k\u00f6nnen zu uns hinein kommen. Ich lie\u00df die anderen an der T\u00fcr kurz stehen und ging zu Lukas und Fabian hob meinen Hammer auf und die Waffe mit der der Typ eben noch auf uns geschossen hatte. Ich konnte so was zwar nicht bedienen, aber ich war mir sicher wir w\u00fcrden sie noch einmal gebrauchen k\u00f6nnen. Auf einmal schnellte dieser gro\u00dfe Mann hoch und griff nach Fabians Bein. Seine Arme waren trainiert und er sah nicht schwach aus. Seine Augen waren weit aufgerissen und er starrte uns mit einem verr\u00fcckten Blick an. Seine Augen waren rot umrandet, als h\u00e4tte er die letzte Nacht nicht geschlafen seine Iris war dunkel. \u201eLos verpisst euch ruhig ihr kleinen Mistkinder, aber der hier verreckt sch\u00f6n mit mir.\u201cFabi versuchte sein Bein loszulassen. Doch er schafft es nicht. \u201eLeute ernsthaft, wir m\u00fcssen hier weg. Sie kommen.\u201c, rief Carina von der T\u00fcr aus als ihr Blick auf den Mann fiel, der Fabian festhielt. Ihr Gesichtsausdruck wurde noch erschrockener als er eh schon war und sie wurde blasser. \u201eWas ist denn hier los?\u201c, fl\u00fcsterte sie, als w\u00fcrde sie sich nicht rauen es laut auszusprechen. \u201eLass ihn los!\u201c, schrie Jil die jetzt auch von der T\u00fcr aus zu uns kam. Sie zerrte an Fabians Schultern um ihm zu helfen sich los zu rei\u00dfen. Ich wusste nicht was zu tun war, ich wusste nur das wenn wir auch noch einige Sekunden l\u00e4nger bleiben w\u00fcrden, wir alle sterben m\u00fcssten. Also nahm ich meinen Hammer und schlug auf seinen Arm mit dem er Fabians Bein fest gepackt hatte. Ich schlug einmal, zweimal und auch ein drittes Mal zu, als er endlich loslie\u00df. Als ich seinen rechten Arm fast komplett zerst\u00f6rt hatte nahm er seinen linken um erneut nach einen von uns zu greifen. \u201eGib mir das schei\u00df Ding her.\u201c, rief Lukas und nahm mir den Hammer weg. \u201eEntweder du h\u00f6rst jetzt auf oder ich mach dich fertig.\u201c\u201eMach nur ich hab keine Angst davor.\u201cDer Mann fing erneut an zu lachen, so dreckig und eklig wie ich es schon lange nicht mehr geh\u00f6rt hatte, eigentlich hatte ich so was noch nie \u0001 \u0002 holte Lukas ruckartig aus und lie\u00df den Hammer mit voller Wucht auf das Gesicht des Mannes fallen. Danach war das Lachen weg. Ich war geschockt, dass er das getan hattet, auch wenn ich das verstehen konnte. \u201eSo los jetzt\u201c, sagte mein Freund mit einer kalten, monotonen \u0001 \u0002 nickte, genau wie Fabian. Noch einmal sah ich zur\u00fcck auf Svens leblosen K\u00f6rper und ich empfand es als schrecklich, das wir nicht einmal die Chance hatten zu trauen. Wir liefen aus der T\u00fcr \u0001 \u0002 Zombie standen einige Meter vor uns wir liefen nach rechts, auf den Schulparkplatz. Ich hatte den Schl\u00fcssel f\u00fcr das Auto in der Tasche. Nur 5 Leute. 5 Leute von uns sollten die Chance bekommen zu leben. \u201eWir sind zu viele daf\u00fcr. Was machen wir jetzt?\u201c,fragte Sara in die Runde, aber keiner von uns wusste die Antwort. \u201eOke wir machen das so. Fabian, nehm den Schl\u00fcssel und fahr zu dir nach Hause nimm Lisa, \u0001 \u0002 und Sophie mit und Sara auch, sie muss sich da irgendwie noch rein quetschen.\u201c\u201eja, aber was ist mit den anderen?\u201cIch hatte ihn den Schl\u00fcssel schon l\u00e4ngst in die Hand gedr\u00fcckt. \u201eWir laufen dahin. Bei dir k\u00f6nnen wir uns gut verschanzen und es ist nicht zu weit weg von hier. Lisa und Cadrick schaffend das auf keinen Fall mehr, die sind total fertig und Sophie und Carina haben kaum geschlafen. Au\u00dferdem haben Sara und Sophie Probleme mit dem Knie . Wir kriegend das hin. Falls du kannst fahr uns noch einmal entgegen wenn ihr da seid. Wenn nicht ist auch gut. Wir schaffen das schon.\u201cDer Junge sah mich an und ich wusste ihm war klar, dass das die beste L\u00f6sung f\u00fcr alle war. \u201eNein ich will nicht das ihr alle sterbt\u201c,schrie Lisa und brach danach wieder in Tr\u00e4nen aus. Carina legte den Arm und ihr und fl\u00fcsterte ihr zu dass wir es schaffen \u0001 \u0002 stiegen sie alle ins Auto und nach einem Fehlstart fuhren sie. Die Zombie standen nun schon fast direkt vor uns und wir begannen hinter dem Wagen hinterher zu laufen. Wir hatten einige Kilometer vor uns und es war ungewiss ob wir das \u00fcberleben w\u00fcrden. Ich konnte nur hoffen.",
            "wordcount": "1.279",
            "chapter_release": "15.09.2014",
            "chapter_number": "8"
        },
        "9": {
            "text": "Davinas SichtEs war nicht einfach gewesen, es war nicht einfach gewesen ihrem Leben meinem gegen\u00fcber Vorrang zu geben. Doch, wenn ich ehrlich war, wusste ich nicht einmal wirklich ,ob das Leben in dieser Welt lebenswert \u0001 \u0002 hatte nur noch nicht aufgeben, weil es noch Hoffnung in mir gab, es w\u00fcrde wieder besser werden. Ich wusste nicht wie es den anderen damit ging, die jetzt genau wie ich um ihr Leben rennen mussten. Sie waren hinter uns, mit Abstand, aber sie waren hinter uns. Ich sp\u00fcrte wie meine Beine immer schw\u00e4cher wurden und mein Atmen immer schneller ging. In meiner Brust breiteten sich Seitenstiche aus und es fiel mir schwerer und schwerer das Tempo zu halten. Ich sah r\u00fcber zu den anderen. Daleen war, wenn sie auch noch etwas fitter aussah als ich, trotzdem ziemlich mitgenommen. Ihre Wangen waren rot, genau wie ihre Augen. Sie lief mit etwas Abstand rechts neben mir und atmete schwer. Lukas und Jesse waren etwas besser dran als wir. Sie liefen ein paar Meter vor uns. Lukas hatte schon immer Sport getrieben, weshalb ihm seine Kondition auch weniger \u00c4rger bereitete als mir. Jil ging es \u00e4hnlich wie \u0001 \u0002 waren sie langsamer als wir, diese Zombies, aber wurden sie einfach nicht m\u00fcde. Sie behielten ihr Tempo standig an, sie wurden einfach nicht \u0001 \u0002 hingegen schon. Verzweifelt suchte ich nach einem Ausweg. Einer L\u00f6sung f\u00fcr dieses Problem, doch es gab \u0001 \u0002 wir h\u00e4tten gegen sie k\u00e4mpfen k\u00f6nnen, aber war es dann noch unwahrscheinliche f\u00fcr uns zu \u00fcberleben. Also was blieb uns anderes \u00fcbrig als rennen? Nichts! Das war uns wohl allein klar. Doch trotzdem h\u00f6rte ich nicht auf zu suchen, nach irgendetwas oder irgendwem der uns helfen k\u00f6nnte. Es war aussichtslos, nat\u00fcrlich. Das sagte ich mir wieder und wieder, aber ich wollte nicht aufgeben. Ich drehte mich um sah nach links her\u00fcber zu der anderen Stra\u00dfenseite, die voller Leichen war, als pl\u00f6tzlich ein helles Licht direkt auf mich und die anderen zu \u0001 \u0002 SichtIch war nur mit einem K\u00fcchenmesser bewaffnet und wartete seit nun schon fast 2 Tagen auf ein Lebenszeichen von irgendwem. Ich hatte Gl\u00fcck gehabt, dass ich als alles ausgebrochen war, Schulfrei hatte, aber ich wusste nicht wie es um meine Eltern und um meinem Bruder stand. Ich hatte von ihnen nichts geh\u00f6rt. Das Internet war inzwischen auch tot, genau wie jeder andere Storm. Nichts elektronisches funktionierte mehr. Ich hatte Angst, aber trotzdem wollte ich nicht raus \u0001 \u0002 hatte diese Monster aus dem Fenster beobachtet und es wurden einach immer mehr. Ich hab auch gesehen, wie sie Nachbarn von uns fra\u00dfen, als w\u00e4ren es \u0001 \u0002 sah aber inzwischen nicht mehr aus dem fenster, es war einfach zu eklich, \u00fcberall lagen Leichen \u0001 \u0002 fragte mich, ob wohl jemand kommen w\u00fcrde, Polizei, Milit\u00e4r oder sonst wer, aber bis jetzt war niemand hier \u0001 \u0002 wartete ich und wartete und wartete. Die Zeit verging ziemlich langsam und ich verlor mehr und mehr die Hoffnunt, bis ich ein vertrautes Ger\u00e4usch \u0001 \u0002 war ein Auto, seit beinahe einem Tag hatte ich kein Auto mehr \u0001 \u0002 nach zu denken lief ich nach unten und riss die T\u00fcr auf. Ich rannte die Stra\u00dfe herunter auf der suche nach diesem Auto, all die Angst war in diesem Moment wie weg \u0001 \u0002 lief und lief, bis ich vor dem Haus eines guten Freundes anhielt. Und wirklich aus dem \u0001 \u0002 ich eben geh\u00f6rt hatte, stieg Fabian aus, aber nicht nur \u0001 \u0002 Cadrick, Lisa, Carina und zwei M\u00e4dchen die ich nicht kannte. Aber es war klar, das Leute fehlten.\u201cWo sind denn Lukas, Daleen und Davina?\u201dFabian sah nach unten und atmete einmal tief durch.\u201cDie sind zu Fu\u00df.\u201dIch war verwirt und fragte ihn wie das denn m\u00f6glich sei. Fabian erkl\u00e4rte mir was passiert war und nachdem was er sagte, sah ich keine besonders hohe M\u00f6glichkeit das alle von ihnen heil ankamen, aber das sprach ich nicht aus.\u201cIch werd die Strecke noch mal abfahren, ich hoffe ich finde sie noch lebend.\u201dPl\u00f6tzlich schrie Lisa in Tr\u00e4nen aufgel\u00f6st:\u201d Nein Fabi, geh nicht. Du wirst sterben, genau wie alle anderen. Bitte nicht du bist mein bester Freund.\u201dSie umarmte ihm und vergrub ihr Gesicht an seiner Schulter. Er dr\u00fcckte sie leicht weg und sagte es m\u00fcsse sein, es ginge nicht anders. Doch sie wollte einfach nicht \u0001 \u0002 einmal schlug Cadrick ihr hart auf den Hinterkopf.\u201cHALT JETZT DEIN MAUL.\u201dAlle starrten ihn mit aufgerissen Augen an, richtig geschockt dar\u00fcber, was der Junge gerade getan hatte. Lisa verlor das Bewusstsein und Fabi br\u00fcllte ihn an:\u201d Was soll das? Bist du bescheuert?\u201d\u201cNe, das h\u00e4lt ja keiner aus das Geschreie, au\u00dferdem lockt das noch mehr an.\u201dFabi antwortete darauf nicht mehr. Ich trug Lisa zusammen mit den anderen ins Haus, danach sah ich Fabian noch ins Auto steigen und weg fahren. Ich konnte nichts weiter als hoffen, das er unbeschadet zur\u00fcck kommen w\u00fcrde, genau wie alle anderen.",
            "wordcount": "834",
            "chapter_release": "02.01.2015",
            "chapter_number": "9"
        }
    },
    "title": "Am Ende des Tages",
    "topic": "unspecified",
    "release": "\n15.09.2014\n\t\t\t\t\t\t",
    "author": "Viivii"
}