{
    "tags": [],
    "chapcount": "14",
    "wordcount": "11.769",
    "chapters": {
        "1": {
            "text": "Allein und verlassen lief Sandy durch ihre Heimatstadt. Nichts und niemand nahm sie und ihre kleine zerbrechliche Seele war. Doch war sie zu jeder Zeit anwesend und bemerkte die Ignoranz der Leute. Alleine und unverstanden irrte sie Nacht f\u00fcr Nacht wie ein Schatten umher und streifte durch die Stra\u00dfen der Stadt. Obwohl sie jede Nacht nach au\u00dfen hin l\u00e4chelt zerbrach ihre Seele jeden Tag ein St\u00fcck mehr. Konnte sie \u00fcberhaupt gl\u00fccklich sein??? Diese Frage stellte sie sich immer und immer wieder. Den Sinn ihres Lebens hatte sie seit Jahren schon verloren. Zwar blieb ihre \u00e4u\u00dfere Fassade stets standhaft um sich durch die harte Gesellschaft zu k\u00e4mpfen, doch in ihr sah es anders aus. Sandy merkte wie ihre kleine Welt, die sie sich Jahre lang versucht hatte aufzubauen immer weiter zerfiel und sie dies nicht mehr stoppen konnte. Wenigstens begann ihre Fassade nicht zu br\u00f6ckeln. Vielleicht lag es aber auch an dieser ungeheuren H\u00e4rte, dass sie keiner bemerkte oder einfach an ihrem Schicksal. In ihr gab es nur noch Regen und Sturm, an die sich Sandy mittlerweile gew\u00f6hnt hatte, genauso wie an ihre schwere Last die sie mit sich tragen musste. Unter diesen Umst\u00e4nden musste ihr Herz langsam zu Grunde gehen, was jeden Tag ein St\u00fcckchen deutlicher wurde. Ihre t\u00e4glichen Begleiter waren nur noch Schmerz, Sehnsucht und der immer wieder kehrende Durst nach ihrem Lebenselixier. Auch ihr Lehrmeister und Sch\u00f6pfer verlie\u00df sie nach einigen Tagen und stellte sie vor die schwerste Pr\u00fcfung ihres Lebens: das Leben alleine! Es fiel ihr von Anfang an schwer sich von anderen zu l\u00f6sen und sie hatte Angst auf eigenen Beinen zu stehen. Schon seit ihrer Kindheit blieb sie immer bei ein und derselbe Person und jeder der sie verlie\u00df hinterlie\u00df tiefe Wunden in dem Herz des Kindes. Mit dieser bedingungslosen Hingabe und dieser starken Unsicherheit versuchte sie ihre eigentlich so starke und geheimnisvolle Aura und ihre grazile Gestalt zu verbergen.",
            "wordcount": "317",
            "chapter_release": "08.02.2009",
            "chapter_number": "1"
        },
        "2": {
            "text": "Schon seit langer Zeit merkte sie, dass mit ihr etwas nicht stimmte. Soviel Schmerz konnte man nicht jeden Tag sp\u00fcren und wieso sahen viele weg wenn Sandy deren Weg kreuzte. Daraufhin beschloss sie sich ihrem Tagebuch anzuvertrauen, denn dies war ihr einziger treuer Gef\u00e4hrte der ihr noch geblieben war. So versuchte sie Tag f\u00fcr Tag ihren Schmerz in Worte zu fassen und begann zu schreiben. Am 21. September dann fasste sie ihren gesamten Mut zusammen und schrieb folgenden Eintrag: \u201eLiebes Tagebuch. Ich habe das Gef\u00fchl mein Leben geht langsam zu Ende und ein neues beginnt, in dem ich nicht mehr ich selber sein werde. Tag f\u00fcr Tag sehe ich meinen K\u00f6rper sterben, es scheint als sei dieser nur noch eine leblose H\u00fclle und ich sehe mich mit fremden Augen, die nicht meine sind. Jeder einzelne Teil ver\u00e4ndert sich auf eine Art und Weise, die mir v\u00f6llig fremd ist und dies macht mir Angst, unbeschreiblich gro\u00dfe Angst. Am liebsten w\u00fcrde ich weinen, doch ich bleibe weiterhin Stumm. Wie kann es passieren dass sich meine Haut anf\u00fchlt als wolle sie in tausend St\u00fccke zerspringen, kann sich einfach so meine Augenfarbe \u00e4ndern und wieso leuchten meine Augen so unbeschreiblich hell?? Diese Fragen dr\u00e4ngen sich mir Tag f\u00fcr Tag auf und ich bin machtlos gegen\u00fcber dieser Wandlung. Ich wei\u00df nicht wann der Zeitpunkt gekommen ist und ich meine leere H\u00fclle abwerfe um meine Wandlung abzuschlie\u00dfen aber ich habe das Gef\u00fchl das das nicht mehr lange auf sich warten l\u00e4sst.\u201c Einzelne Tr\u00e4nen tropften auf ihr Tagebuch und machten die Schrift auf manchen Seiten kaum noch lesbar. Doch es waren keine normalen Tr\u00e4nen, denn diese konnte sie seit Jahren nicht mehr weinen, nein, es waren rote Bluttropfen, die aus ihren Augen tropften. Einige Tage sp\u00e4ter merkte sie wie sich ihre Sinne sch\u00e4rften und ihr Ged\u00e4chtnis aktuelle Erlebnisse kaum noch verarbeiten konnte. So fasste sie den Entschluss erneut einen Eintrag in ihr Tagebuch zu schreiben und ihr komplettes Leben nieder zuschreiben. Mit ernster Miene und brechenden Herz verfasste sie ihren l\u00e4ngsten Eintrag: \u201eNun endlich bin ich mir sicher das mein Ende naht und ich keine Chance mehr hab meinen Schicksal zu entkommen. Nun ist der Zeitpunkt gekommen mich mit meinem gesamten Leben zu besch\u00e4ftigen und alles ein allerletztes Mal Revue passieren zu lassen. Um ehrlich zu sein habe ich keine Ahnung ob ich all diese Emotionen, wie ich sie jetzt noch sp\u00fcre, sp\u00e4ter immer noch haben werde und ob ich all meine Erlebnisse vergessen werde. Vielleicht hilft mir dies mein Leben endlich zu verstehen!\u201cZittern setzte Sandy ihren Stift ab und schaute aus ihrem Fenster. Ein kleiner Vogel kam an ihre Scheibe geflogen und schien jeden ihrer Schritte zu beobachten. Ihre Hand zitterte immer noch und griff nach dem Vogel vor ihrem Fenster. Als sie die Scheibe ber\u00fchrte erschrak der Vogel und flog mit ihren Hoffnungen weg. Frei sein wie dieser kleine Spatz wollte sie auch sein doch dies konnte sie nie erreichen. Langsam hob sie ihren Stift wieder an und setzte zitternd und langsam ihren Eintrag fort: \u201eMein, jetzt zu Grunde gehendes, Leben begann an einem warmen Fr\u00fchlingstag und der Kalender zeigte den 13 Mai 1989. Die V\u00f6gel sangen heiter und die Sonne erw\u00e4rmte mit ihren Strahlen die Erde. Keine einzige Wolke konnte man am Himmel erkennen und man dachte, man sei im Himmel. Pl\u00f6tzlich durchbrach ein lauter Schrei diese himmlische Atmosph\u00e4re. Dieser jemand, der schrie war kein anderer als ich selbst. Meine Mutter hatte mich gerade zur Welt gebracht und als ich zum ersten Mal das Licht dieser Welt sah, h\u00f6rte ich auch ihre liebliche Stimme, die anscheinend zu meinem Papa sprach. Was die beiden sagten konnte ich noch nicht verstehen. Das Einzige was ich jedoch sofort sp\u00fcrte und heraush\u00f6ren konnte, war die Ersch\u00f6pfung in Mutters Stimme, die ihre sonst so liebliche Art verblassen lies. Doch wieso entfernte sie sich immer weiter aus meinem Sichtfeld? Wer trug mich von meiner geliebten Mutter schon wieder weg?? Ich schrie so laut ich nur konnte, ich wollte einfach nicht hier weg. Immer lauter und heftiger zeigte ich mein Unverst\u00e4ndnis mit der Situation und ich wollte endlich die W\u00e4rme meiner Mutter sp\u00fcren. Nicht nur ihre W\u00e4rme war mir wichtig, auch ihr Herzschlag, den ich 9 Monate sp\u00fcren durfte, war f\u00fcr mich von Wichtigkeit. Nur so konnte ich mich wohl f\u00fchlen. Mir kam es aber so vor als w\u00fcrde das keinen um mich herum interessieren und so verlor ich meine Mutter das erste Mal. Die Schwester, die mich hielt sprach kein einziges Wort mit mir aber ihre Atmung ging sehr schnell und ihr Herz schien f\u00f6rmlich zu rasen. Immer unbekannter wurden mir die R\u00e4umlichkeiten und mit aller Kraft, die ich aufbringen konnte strampelte ich mit meinen kleinen H\u00e4nden und F\u00fc\u00dfen um mich gegen die kr\u00e4ftige Hand der Schwester zu wehren. Doch anscheinend war diese schon darauf vorbereitet und hielt mich noch fester. Merkte sie denn nicht, dass sie mir damit weh tat und war das normal, dass sie so mit Babys wie mir umgehen?? Raum- und Zeitgef\u00fchl hatte ich in diese Phase meines Lebens noch nicht entwickelt und so kam es mir vor als sei ich seit Ewigkeiten bei dieser Schwester gewesen. Da lag ich nun allein und verlassen in meinem Bettchen und war mit der gesamten Situation vollkommen \u00fcberfordert. Komisch nur, dass mich meine Eltern \u00fcberhaupt nicht sehen wollten. Schon so jung und unerfahren sp\u00fcrte ich ein merkw\u00fcrdiges Gef\u00fchl das meinen kleinen und noch nicht voll entwickelten Verstand beherrschte. Lange konnte ich nicht dar\u00fcber nachdenken, da auch an mir die Strapazen der Geburt gezogen hatten und meine Kraftreserven sich dem Ende n\u00e4herten und so schlief ich ruhig ein.\u201c",
            "wordcount": "930",
            "chapter_release": "08.02.2009",
            "chapter_number": "2"
        },
        "3": {
            "text": "Ersch\u00f6pft von der ganzen Schreiberei lehnte sich Sandy zur\u00fcck in ihren Sessel und lies den Stift aus ihrer Hand fallen. Ihr Kopf pochte vor Schmerzen und G\u00e4nsehaut \u00fcberzog ihre Haut. Jede einzelne Pore \u00f6ffnete sich und die kleinen Haare stellten sich auf. Sandy konnte momentan einfach nicht weiter schreiben. Um sie herum begann alles zu verschwimmen und endete in einem Strudel aus verwirrenden Gedanken und dem Gef\u00fchl verloren zu sein. Die Erinnerungen an ihre Kindheit lie\u00dfen sie nicht so kalt, wie sie eigentlich erwartet h\u00e4tte. Die ganzen Gedanken und Emotionen \u00fcberforderten ihren Geist und so beschloss sie am n\u00e4chsten Tag weiter zuschreiben, was wohl auch das Beste war. In ihren Tr\u00e4umen zog ihre Geburt in Bildern an ihrem inneren Auge vorbei und unruhig schlief sie die gesamte Nacht durch. Sie wurde so von Bildern \u00fcberflutet, dass sie sich von einer Seite auf die andere drehte und alles noch einmal erlebte. Am n\u00e4chsten morgen dann fand sie sich in ihrem Bett wieder, was sie wunderte. Sie war doch letzten Abend in ihrem Sessel eingeschlafen oder war sie einfach nur zu fertig mit den Nerven?? Doch wie kam dann ihr geliebtes Tagebuch in ihr Bett? Fragen \u00fcber Fragen besch\u00e4ftigten sie jetzt und das mit Blut getr\u00e4nkte Kissen lies sie hoch schrecken. Zuerst griff sie sich \u00fcber den Hals und \u00fcber die Arme, doch nirgends konnte sie Blut entdecken. V\u00f6llig fertig stand sie auf und stolperte an ihren Schreibtisch um ihren Eintrag weiter zuschreiben. Langsam nahm sie ihren Stift, schlug ihr Tagebuch auf und fing an: \u201eNachdem ich langsam eingeschlafen bin wurde ich dann kurze Zeit sp\u00e4ter urpl\u00f6tzlich von einem Ger\u00e4usch geweckt. Es klang so merkw\u00fcrdig und fremd zugleich. Auf alle F\u00e4lle kam dieses Ger\u00e4usch aus meinem Zimmer. Erschrocken und irritiert zugleich \u00f6ffnete ich die Augen. Da sah ich ihn vor mir stehen. Es war mein Vater der mich endlich besuchen kam. Aber wieso erst jetzt und dann mitten in der Nacht? Erst jetzt erkannte ich kleine Tropfen, die \u00fcber seine Wange liefen, die so wundersch\u00f6n im Mondschein gl\u00e4nzten. Es sah so wundersch\u00f6n aus, dass ich einfach l\u00e4cheln musste und gl\u00fccklich und zufrieden mit meinen F\u00fc\u00dfen strampelte. Mein vergn\u00fcgtes Lachen jedoch brachte meinen Vater dazu noch mehr Tropfen flie\u00dfen zu lassen. Ich verstand die Welt einfach nicht mehr und verlieh meiner Entt\u00e4uschung und Verunsicherung Ausdruck, indem auch ich anfing zu weinen. Daraufhin nahm mich mein Vater behutsam auf seinen Arm und ich h\u00f6rte ihn etwas fl\u00fcstern. Er klang nicht mehr so fr\u00f6hlich und selbstbewusst wie ich ihn im Mutterleib vernommen hatte. Nur wusste ich nicht was mit ihm los war. Ich sah Falten in seinem sonst so glatten Gesicht und dadurch bekam ich nur noch mehr Angst. Alles um mich herum verunsicherte mich von Sekunde zu Sekunde mehr und als ich seine Anstrengung sah, die er ben\u00f6tigte mich an zul\u00e4cheln zerbrach mein kleines Herz in viele kleine St\u00fccke. Zuerst dachte ich, dass er mich nicht mag, aber wieso ist er dann zu mir gekommen?? Schlie\u00dflich liefen auch mir Tr\u00e4nen \u00fcber meine rosigen Wangen. Das einzige was ich jetzt noch wollte, war zu meiner Mutter. Doch wo war sie? Papa setzte sich mit mir auf einen Stuhl und sah mir tief in die Augen. Sein Blick wirkte so leer und so voller Sehnsucht und Schmerz. Die Zeit verging und je dunkler es drau\u00dfen wurde, desto m\u00fcder wurde mein Vater. Bis ihm letztendlich die Augen langsam zufielen. Da lag ich nun in seinen Armen und sp\u00fcrte sein Herz ganz langsam schlagen. Auch f\u00fcr mich wurde es wieder Zeit zu schlafen. Mit den Gedanken, meine Mutter morgen endlich sehen zu k\u00f6nnen begab ich mich auf eine aufregende Reise in meine Tr\u00e4ume. Viele bunte Dinge mit unterschiedlichen Formen und Farben konnte ich erkennen. Ebenso das Gesicht meiner Eltern und den dunklen Nachthimmel. Langsam aber sicher verblassten meine Gedanken und Fantasien und um mich herum wurde es schwarz und mein Herz schlug immer langsamer!\u201c",
            "wordcount": "649",
            "chapter_release": "08.02.2009",
            "chapter_number": "3"
        },
        "4": {
            "text": "Nach einer kurzen Pause schrieb sie mit zitternder Hand weiter: \u201eAm n\u00e4chsten Tag erwachte ich in den Armen meines Vaters. Sein Blick sah noch immer so traurig und leer wie gestern Abend aus. Langsam und vorsichtig strich er mit seiner Hand \u00fcber meinen kleinen Kopf. Als ich seine Hand sp\u00fcrte fing mein Herz vor Freude an zu rasen. Jeden einzelnen Herzschlag vernahm ich klar und deutlich und je l\u00e4nger die Hand meines Vaters auf meinem Kopf lag, desto schneller schlug mein Herz. F\u00fcr einen kurzen Moment versp\u00fcrte ich Gl\u00fcck und Zufriedenheit. Mein Mund verzog sich zu einem wundervollen L\u00e4cheln, das meinem Vater galt. Auch die Gesichtsz\u00fcge meines Vaters ver\u00e4nderten sich zu einem zarten L\u00e4cheln und seine Augen gl\u00e4nzten das allererste Mal. Wird wieder alles gut? Das war die einzige Frage, die mich zu diesem Zeitpunkt qu\u00e4lte. Wie selbstverst\u00e4ndlich bl\u00fchte erneut Hoffnung in mir auf und mein L\u00e4cheln wurde immer breiter. Minutenlang sah ich meinen Vater in die Augen und als Antwort bekam ich ein breites Grinsen. Vor Gl\u00fcck strampelte ich mit meinen F\u00fc\u00dfen und quiekte vor Vergn\u00fcgen, doch trotz dessen fiel kein Wort und die Atmosph\u00e4re schien eisig. Ich wollte dass das, was ich jetzt erlebte, nie endet doch genau in diesen Moment trat eine wei\u00df gekleidete Frau zu uns herein, die unsere Zweisamkeit enorm st\u00f6rte. Es war nicht die Schwester, die mich von meiner Mutter weg brachte aber trotzdem ahnte ich nichts Gutes als sie hereinkam und ihr Blick sofort meinen Vater fixierte. Kurz danach fiel ihr Blick auch auf mich und schien auf eine Reaktion zu warten. Als sie dann aber merkte, dass ich meinen Kopf weg drehte und meinen Vater verwirrt ansah, h\u00f6rte ich eine fremdartige Stimme sprechen und wie auf Kommando nickte mein Papa ihr zustimmend zu. Je l\u00e4nger sie redete, desto st\u00e4rker wurde der Griff, den mein Vater auf mich auswirkte und seine Augen verloren diesen Glanz und Traurigkeit und Leere kehrte zur\u00fcck. Nach und nach wurde sein Griff so stark, dass es mir langsam weh tat und ich mein Weinen nicht mehr unterdr\u00fccken konnte. Ich schrie mir die Seele aus dem Leib und strampelte wild mit meinen Beinen. Das Einzige was ich wollte war, dass er diesen Griff endlich l\u00f6ste, doch er tat nicht desgleichen. Endlich lenkten die beiden ihre Aufmerksamkeit auf mich und starrten mich hilflos an! Alles war so verwirrend f\u00fcr mich und als dann auch noch mein Vater auf mich einredete verstand ich nichts mehr. Ich wolle doch nur, dass er seinen Griff l\u00f6ste, nicht mehr nicht weniger. Doch seine Stimme klang so ruhig und tr\u00f6stend als t\u00e4te es ihm Leid, was er mit mir gemacht hatte und so begann ich mich zu beruhigen. Zwar h\u00f6rte ich auf zu strampeln aber meine Tr\u00e4nen wollten einfach nicht aufh\u00f6ren zu flie\u00dfen. Alles war so neu und fremd f\u00fcr mich und mein Verstand war derma\u00dfen \u00fcberfordert, dass meine Tr\u00e4nen \u00fcber meine Wange flossen ohne weniger zu werden. In dieser Situation w\u00fcnschte ich mir von ganzen Herzen meine Mama zu sehen und ihre W\u00e4rme zu sp\u00fcren. Als dann meine Gedanken erneut um Mutter kreisten flossen noch mehr Tr\u00e4nen \u00fcber meine Wange und tropften auf Papas Hemd. Selbst die beruhigende Stimme meines Vaters, mit der er immer noch zu mir sprach, konnte mir nicht mehr helfen. Ich fiel in ein tiefes schwarzes Loch aus Trauer und Sehnsucht. Alles drehte sich nur noch um meine Mutter und nichts und niemand konnte mir helfen meine Sehnsucht zu stillen, selbst mein eigener Papa nicht. Beide, mein Vater und die Schwester, starrten mich immer noch an und schienen nicht zu wissen, was ich von ihnen wollte. Urpl\u00f6tzlich tauchte erneut eine Schwester auf und entriss mich sofort meinem Vater. Erst dachte ich, dass sie mich zu meiner Mutter bringen w\u00fcrde, doch das war ein fataler Irrtum. Stattdessen brachte sie mich in ein neues Zimmer und legte mich behutsam in ein frisch gemachtes Bett. Damit ich nicht so alleine und verlassen daliegen musste, brachte sie mir noch einen gro\u00dfen Teddy und l\u00e4chelte mich an und sprach ganz sanft zu mir. Erneut hatte ich meine Eltern verloren, dieses Mal war es mein geliebter Vater, der aus meinem Blickfeld verschwand. W\u00fcrde ich ihn jetzt auch nie wieder sehen? Ganz alleine lag ich nun in meinem Bett und starrte gelangweilt an die Decke. Nach meiner Mutter und meinem Vater rufen, dass war das einzige was ich wollte doch nur mein Weinen bemerkte niemand. Wie denn auch, wenn man so ganz alleine und verlassen in seinem Zimmer liegen musste. Weder mein Vater, noch meine Mutter oder irgendeine Schwester war zu sehen. Das ganze Schreien und Strampeln machte mich extrem m\u00fcde und so fielen mir die Augen zu und ich begab mich auf ein neues Abenteuer im Traumland.",
            "wordcount": "782",
            "chapter_release": "08.02.2009",
            "chapter_number": "4"
        },
        "5": {
            "text": "Sandy wurde schlecht und rannte ins Bad. Ihre ganzen Emotionen kochten \u00fcber und \u00fcberforderten, ihren sowieso schon geschw\u00e4chten K\u00f6rper. Tausende von Bildern durchfluteten ihren Kopf und alles um sie herum drehte sich, als bef\u00e4nde sie sich in einem immer gr\u00f6\u00dfer werdenden Strudel. Kurz nachdem sie sich \u00fcbergeben hatte wurde ihr schwarz vor Augen und ihre Knie gaben nach. Ersch\u00f6pft brach sie zusammen und fiel auf den kalten Badboden. Kein einziger Gedanke qu\u00e4lte sie mehr und noch nicht einmal die K\u00e4lte des Bodens machte ihr etwas aus. Sandy lag einfach nur noch da und bekam von ihrer Au\u00dfenwelt nichts mehr mit. Stunden sp\u00e4ter kehrte wieder Leben in ihren reglosen K\u00f6rper zur\u00fcck und langsam \u00f6ffnete Sandy ihre eisblauen Augen. Verunsichert und benommen versuchte sie sich aufzurichten und langsam kniete sie sich auf den kalten Boden. Immer noch drehte sich alles um sie herum, doch je l\u00e4nger sie so da sa\u00df, desto klarer wurde ihre Umwelt. Erst jetzt erkannte sie, wo sie sich befand und starrte ungl\u00e4ubig die Fliesen vor sich an. Erneut befand sich eine Blutspur vor ihr und erneut suchte sie ihren K\u00f6rper nach m\u00f6glichen Austrittsm\u00f6glichkeiten ab und fand nichts. Auch ihr Tagebuch lang pl\u00f6tzlich wieder neben ihr. Sie hatte keine Ahnung, wie das Tagebuch und das Blut hier hinkommen konnten. Sollten dies etwa Zeichen sein, die sie entziffern sollte?? Sandy wusste es nicht und stand erst einmal auf um ihre Lage genauer einsch\u00e4tzen zu k\u00f6nnen. Zwar zitterten ihre Knie immer noch, doch es ging und Sandy wagte kleine Schritte in Richtung der Badt\u00fcr. Innerlich hoffte sie Spuren zu finden, der ihr halfen Licht ins Dunkle zu bringen, doch alles war wie sie es kannte. Nichts hatte sich ver\u00e4ndert. Noch immer durcheinander und beunruhigt setzte sie sich an ihren Schreibtisch, legte ihr Tagebuch wieder darauf und griff nach ihren Stift. Als sie ihren Stift ber\u00fchrte zuckten pl\u00f6tzlich bunte Blitze durch ihren Kopf, aus denen sich Bilder entwickelten, die ihre Mutter und ihren Vater mit blutenden Wunden zeigten und eine Gestalt die \u00fcber diese gebeugt stand. Trotz dessen fasste sie ihren kompletten Mut zusammen und schrieb einfach drauflos. Sie wollte einfach nur noch ihre Gedanken aufschreiben ohne weiter dar\u00fcber nachzudenken. Zwar war es ein schwieriges Vorhaben, aber die wagte diesen Schritt. \u201eEinige Zeit sp\u00e4ter bemerkte ich eine Hand auf meiner Haut. Es war mein Vater, der zur\u00fcckgekehrt war nur um mich zu sehen. Doch irgendwie konnte ich ihm nicht mehr trauen. Sein streicheln war so sanft wie nie zuvor, als w\u00fcrde er bald f\u00fcr ewig von mir gehen. Sofort sp\u00fcrte ich seine Unsicherheit und sein Verlangen, mich ein allerletztes Mal zu halten und mich zu ber\u00fchren. Nicht nur sein streicheln hatte sich ver\u00e4ndert auch seine Lippen zitterten, als er mir einen kurzen Kuss auf die Stirn gab. Nach dieser emotionalen Geste sprach er noch ein paar einzelne W\u00f6rter zu mir und auch seine Stimme schien zu zittern. Immer abgehackter und undeutlicher kamen seine Laute bei mir an, bis er am Ende komplett verstummte. Lange Zeit sa\u00df er so neben mir und starrte mich an. Doch immer wich er meinen Blicken aus. Wieso konnte er mir einfach nicht in die Augen schauen? Was war nur los mit ihm? Das waren Fragen, zu denen ich nie eine Antwort bekommen sollte, denn von jetzt auf nachher stand er ohne ein Wort oder einen Blick zu mir auf und ging zur T\u00fcr hinaus. Ich hatte keine Ahnung was zu diesem Zeitpunkt passierte und so schlief ich ruhig wieder ein. Doch meine Tr\u00e4ume \u00e4nderten sich schlagartig. Anstatt der vielen bunten Farben und Formen, die ich sonst sah konnte ich nur Dunkelheit erkennen und kalte Tropfen fielen auf meine Haut. Immer wieder erkannte ich f\u00fcr ein par Sekunden die Gesichter meiner Eltern bis sie verschwanden. Auch wenn ich zu diesem Zeitpunkt gerade mal 3 Tage alt war verstand ich die stummen Zeichen meiner Tr\u00e4ume. Die n\u00e4chsten Tage hoffte ich vergebens darauf, meinen Vater oder meine Mutter zu sehen. 4 Tage vergingen und immer wieder brach mein kleines unschuldiges Herz ein St\u00fcck mehr! Jede Nacht bevor ich einschlief dachte ich an meine Eltern, doch es blieb nur bei den Gedanken und W\u00fcnschen. Der einzige Mensch, der sich wie eine Mutter um mich k\u00fcmmerte war die nette Schwester, die mich jeden Tag f\u00fctterte und mich tr\u00f6stete wenn es mir nicht gut ging. Ihr bezauberndes L\u00e4cheln lies auch mich vor Freude erstrahlen und ich genoss ihre komplette Aufmerksamkeit. Selbst ihre liebliche Stimme erinnerte mich an die meiner Mutter. Sie glich ihr in vielen Punkten doch nie konnte sie meine Mutter ersetzen. Jeden auch so kleinen Augenblick, den ich in ihren Armen genie\u00dfen durfte, war f\u00fcr mich pures Gl\u00fcck. Selbst bei meinem Vater w\u00fchlte ich mich nicht so geborgen wie bei ihr. Auch wenn eine winzige Tr\u00e4ne \u00fcber meine Wange rollte, schaffte sie es mich mit ihrer charmanten und liebenswerten Art zu beruhigen. Auch ihre K\u00f6rperw\u00e4rme durchdrang meinen gesamten K\u00f6rper und sorgte f\u00fcr mein Wohlergehen. Auch wenn ich sie jeden Tag mehr als meine Mutter anerkannte, konnte ich ihr nicht mein volles Vertrauen schenken, aus Angst wieder verlassen zu werden. Ganze zwei Wochen sind seit meiner Geburt vergangen und f\u00fcr mich wurde es langsam Zeit das Krankenhaus zu verlassen. Einen Tag vor meiner geplanten Entlassung bekam ich erneut von einem fremden Mann Besuch. Auch dieser war komplett in wei\u00df gekleidet und machte mir erst einmal etwas Angst. Als er mich dann auch noch aus meinem warmen Bett nahm wusste ich nicht mehr was mit mir passierte. Als ich dann aber endlich meine \u201eMutter\u201c sah wurde mir wieder warm ums Herz und meine Angst verschwand vollkommen. Einige Minuten sp\u00e4ter legte dieser mich vorsichtig in mein Bett zur\u00fcck und er, als auch die Schwester, verlie\u00dfen mein Zimmer und ich war wieder einmal ganz alleine.\u201c",
            "wordcount": "952",
            "chapter_release": "08.02.2009",
            "chapter_number": "5"
        },
        "6": {
            "text": "Der Tag ging langsam zu Ende und Sandy fielen vor M\u00fcdigkeit langsam die Augen zu. Krampfhaft versuchte sie weiter zu schreiben, doch ihre Kraft schwand von Minute zu Minute. Als sie dann schlie\u00dflich noch den Stift fallen lies wurde ihr ihre M\u00fcdigkeit und ihre Schw\u00e4che erneut bewusst. Doch in Gedanken hing sie immer noch in ihrer Vergangenheit fest. Auf der einen Seite war sie total ersch\u00f6pft und sp\u00fcrte wie ihr K\u00f6rper zu zittern begann, aber auf der anderen Seite versp\u00fcrte sie den inneren Drang einfach zu schreiben bis ihre H\u00e4nde bluteten. Doch was passierte wenn sie jetzt einfach schlafen gehen w\u00fcrde? W\u00fcrde sie am n\u00e4chsten Tag wieder neben ihrem Tagebuch aufwachen? Da kam Sandy eine verr\u00fcckte Idee, die vielleicht des R\u00e4tsels L\u00f6sung war. Aufgrund dieser Idee lief sie, wie von einer Tarantel gestochen in die K\u00fcche und durchw\u00fchlte jede einzelne Schublade, bis sie das Gesuchte gefunden hat. Das was sie suchte war ihr Camcorder, den sie vor vielen Jahren einmal geschenkt bekommen hatte. Sie platzierte diesen genau gegen\u00fcber des Schreibtisches, auf dem das Tagebuch lag um jeden, der nur ansatzweise in die N\u00e4he des Buchs kam, zu filmen. Vielleicht, dachte sie sich, w\u00fcrde sich so kl\u00e4ren wo das viele Blut jeden Morgen herkam. Ein letztes Mal, bevor sie ins Bett ging, kontrollierte sie ihr Tagebuch und die Kameraeinstellungen und mit einem beruhigten Gewissen ging sie zu Bett. Es dauerte keine f\u00fcnf Minuten bis sie einschlief. Das leise zischen und knarren der Kamera st\u00f6rte Sandy nicht weiter, denn die M\u00fcdigkeit hatte mittlerweile ihren gesamten K\u00f6rper in Besitz genommen. Auch wenn ihr Gewissen beruhigt war drehte sie sich von einer Seite auf die andere. Stunden vergingen und immer noch hatte Sandy ihre eisblauen Augen geschlossen. Derweil erwacht der Tag langsam zu leben und auch in Sandy erwachten die ersten Lebensgeister. Als erstes zuckte ihre rechte Hand, doch ihre Augen blieben verschlossen. Langsam und vorsichtig versuchte sie dann ihre Umgebung abzutasten und als sie in was warmes, Z\u00e4hfl\u00fcssiges griff schreckte sie blitzartig hoch. Sie konnte einfach nicht glauben, was sie da sah. Neben ihr war eine riesige Blutlache, die eine Spur bis an die gegen\u00fcberliegende Wand verursachte und mitten in dieser Spur lag ihr Tagebuch. Verunsichert und \u00e4ngstlich sah Sandy sich um, aber entdeckte nichts Au\u00dfergew\u00f6hnliches bis sie sich von ihrem Bett erhob und in Richtung Kamera sah. An der Wand hinter dem Camcorder stand mit Blut folgender Satz: \u201eVerstehst du nun was du bist?\u201c. Anstatt aber die Aufnahmen auszuwerten griff sie zielsicher nach ihrem Tagebuch und warf es auf ihrem Tisch. Als erstes kontrollierte sie ihre Aufzeichnungen auf Blutspuren, fand aber nichts. Eine Stimme in ihren Kopf schien sie f\u00f6rmlich zum schreiben zu zwingen und so verga\u00df sie vollends die Aufzeichnungen der Kamera und schrieb weiter. \u201eW\u00e4hrend ich so in meinem Bett lag vernahm ich zwei Stimmen, die sich vor meiner T\u00fcr befanden. Meine Neugier erwachte und am liebsten w\u00e4re ich aufgestanden um nachzuschauen wer dort so heftig stritt. Das Geschrei wurde immer lauter und intensiver. An manchen Stellen konnte ich jedoch die Stimme meiner Ersatzmutter h\u00f6ren und die des fremden Mannes, der mich vor kurzen erst untersucht hatte. Der Streit wurde immer heftiger und ich f\u00fcrchtete mich vor den beiden. Es war das erste Mal das ich mich nicht wohl f\u00fchlte wenn ich die Stimme dieser Schwester beziehungsweise meiner Ersatzmutter h\u00f6rte. So versteckte ich mich erst einmal unter meiner Decke und hoffte, dass der Streit vorbei war. Stille trat nun endlich vor meiner Zimmert\u00fcr ein und man h\u00e4tte eine Nadel, die auf den Boden f\u00e4llt, h\u00f6ren k\u00f6nnen. Nur das knarren einer T\u00fcr unterbrach diesen wundersch\u00f6nen Moment. Da war sie endlich wieder, meine Lieblingsschwester. Gl\u00fccklich und zufrieden l\u00e4chelte sie mich an und zog mir die Decke vom Kopf. Am n\u00e4chsten Tag war es endlich soweit, ich durfte das Krankenhaus verlassen. Irgendwie machte mir dieser Tag Angst, da ich ahnte, dass ich kein Zuhause haben w\u00fcrde. Am fr\u00fchen Morgen dann wurde ich sanft durch Vogelgezwitscher geweckt und Sonnenstrahlen erhellten meinen Raum. Dieses Naturschauspiel zauberte mir ein L\u00e4cheln auf mein Gesicht. In meinem noch so jungen Leben weinte ich das erste Mal aus Freude, denn heute hatte ich die Hoffnung, dass alles gut werden w\u00fcrde. Als ich dann auch noch die junge Schwester, die hereinkam sah, sp\u00fcrte ich dass sich mein Herz vor Freude \u00fcberschlug. Diese junge Schwester, die seit meiner Geburt die wichtigste Rolle in meinem Leben spielte, schien der Schl\u00fcssel zu meinem Gl\u00fcck zu sein. Jahre h\u00e4tte ich mit ihr verbringen k\u00f6nnen ohne dass mich Leid und Sehnsucht erreichten. W\u00e4hrend ich gl\u00fccklich vor mich hinl\u00e4chelte, nahm sie mich auf den Arm und wiegte mich wie ein Blatt im Wind. Das war der gl\u00fccklichste Moment meines Lebens, bis auf einmal die T\u00fcr aufgesto\u00dfen wurde und gegen die Wand krachte. Eine hochgewachsene Frau betrat den Raum und zerst\u00f6rte unsere Zweisamkeit. Mein gerade so zauberhaftes L\u00e4cheln wich einer ernsten Miene und ich fragte mich wieso gerade jetzt. Genervt von dieser Frau drehte ich meinen Kopf weg und sah mir die gr\u00fcne Wiese vor dem Krankhaus an. Alles war jetzt besser, als diese Frau zu mustern. Eisige K\u00e4lte durchfuhr meinen K\u00f6rper, als sie mich mit ihrer kalten Hand ber\u00fchrte. Wie auf Kommando fuhr ich mit meinem Kopf herum und musste in ihre schwarzen, kalten Augen schauen. Ein eiskalter Schauer \u00fcberkam mich und mein K\u00f6rper begann zu zittern. Von ihr ging eine grausame und kalte Aura aus, wie ich sie noch nie empfangen hatte. Alles an ihr erinnerte mich an den Tot. Wahrscheinlich lag dies an den vielen Schwarz. Nicht nur ihre Augen waren so dunkel, auch ihre Haare und ihre gesamte Kleidung. Als sie letztendlich merkte, wie ich sie anstarrte griff sie nach ihrer Sonnenbrille und setzte diese auf. Das einzige was jetzt aber noch mehr zur Geltung kam, war ihre wei\u00dfe Haut. Wirklich! Ihre Haut war wei\u00df wie Schnee. Erneut stieg Angst in mir hoch und ich zitterte immer noch am ganzen K\u00f6rper. Tr\u00e4nen kullerten \u00fcber meine Wangen und ich begann zu schreien, als bef\u00e4nde ich mich im Kampf um Leben oder Tot. Die Angst in meinen Augen war nicht mehr zu \u00fcbersehen, selbst die Frau und meine Krankenschwester sp\u00fcrten dies und sie legte mich behutsam in mein Bett. Kurz darauf verlie\u00dfen die beiden das Zimmer und ich hatte Zeit mich zu beruhigen. Doch dieser merkw\u00fcrdige Geruch, von dieser Frau hing immer noch in der Luft. Meine Intuition jedoch sagte mir, dass ich diese Frau schneller wieder sehen w\u00fcrde als ich das wollte. Drau\u00dfen auf dem Flur h\u00f6rte ich unterdessen wie die beiden sich unterhielten oder besser gesagt anschrieen. Langsam aber sicher beruhigte sich mein K\u00f6rper wieder und ein kleines L\u00e4cheln kehrte f\u00fcr einen kurzen Moment zur\u00fcck. Gerade als ich einschlafen wollte, \u00f6ffnete sich die T\u00fcr und meine vertraute und liebenswerte Schwester kehrte zur\u00fcck. Sie kam langsam an mein Bett und reichte mir ihre Hand. Sofort umklammerte ich mit meiner einen ihrer Finger und wollte ihr so meine Unsicherheit zeigen. Ewig h\u00e4tte ich sie so halten k\u00f6nnen, doch schon kurze Zeit sp\u00e4ter gab sie mir einen Kuss auf die Stirn, l\u00f6ste meine Umklammerung und verlie\u00df das Zimmer erneut. Ein Gef\u00fchl, das ich noch nicht kannte \u00fcberkam mich. Es war so bedrohlich, so fremdartig als sei es eine Warnung. Irgendetwas dr\u00fcckte bleischwer auf meinen winzigen K\u00f6rper und nahm mir meine Luft. Panik kehrte in mir ein und lies mein Herz rasen. Meine Atmung wurde immer schneller und mein K\u00f6rper verkrampfte sich enorm und mein Husten erf\u00fcllte den gesamten Raum. Schnell und hektisch kamen die beiden Frauen zur T\u00fcr herein und starrten mich \u00e4ngstlich und besorgt zugleich an. Ein kurzer Blick der Schwester zu der jungen Frau reichte und die kalte, wei\u00dfe Hand streckte sich mir entgegen. Alles w\u00e4re mir recht gewesen aber nicht das. W\u00e4hrenddessen ich mich versuchte gegen sie zu wehren rannte die Schwester so schnell sie konnte aus dem Zimmer. NEIN! Sie konnte mich doch nicht einfach mit dieser geheimnisvollen Frau alleine lassen. Was zur H\u00f6lle bildete die sich ein? Unterdessen scheiterten meine Abwehrversuche kl\u00e4glich und die kalte Hand ber\u00fchrte meine H\u00fcfte. K\u00e4lte durchstr\u00f6mte erneut meine K\u00f6rper und lies mich erstarren. Ohne die kleinste Bewegung meinerseits hob sie mich aus meinem Bett und wickelte mich, so schnell es nur ging in meine Decke ein. Angst und Panik ergriffen Besitz von meinem K\u00f6rper und ich schrie so laut ich konnte, doch dies w\u00e4hrte nicht lange. Die Frau schien zu ahnen, was ich vorhatte und dr\u00fcckte mir die Decke etwas fester vors Gesicht.\u201c",
            "wordcount": "1.399",
            "chapter_release": "08.02.2009",
            "chapter_number": "6"
        }
    },
    "title": "\u00c2me cass\u00e9e (Zerbrochene Seele)",
    "topic": "unspecified",
    "release": "\n08.02.2009\n\t\t\t\t\t\t",
    "author": "Bloody-Kiss89"
}