{
    "tags": [],
    "chapcount": "13",
    "wordcount": "14.513",
    "chapters": {
        "1": {
            "text": "\"Oh mein Gott\", schrie ich auf, als ich mein Zeugnis in die Hand gedr\u00fcckt bekam. Mein Herz h\u00fcpfte vor Freude und ich lenkte die Aufmerksamkeit meiner besten Freundin und ihrem Freund auf mich. Cathy Black und Marcus Mc Cay. Die Sch\u00f6ne und das Biest. Traumpaar an der ganzen Schule, hier in Portravia.\"Lass mich raten, du hast \u00fcberall nur Einsen und Zweien.\", l\u00e4chelte sie genervt. Ich grinste sie an und nickte fr\u00f6hlich. \"Da hat sich das Lernen ja wohl gelohnt.\" Ich freute mich wie ein kleines Kind auf meine Leistungen. Besonders in Mathe, mein Hassfach, wo ich eigentlich \u00fcberhaupt nicht durchblickte, schaffte ich es auf eine Zwei. Herrlich, dachte ich. Cathy tauschte entt\u00e4uschte Blicke mit Marcus, der sie nur angrinste. \"Kopf hoch, n\u00e4chstes Mal wird's besser!\", versuchte er sie zu beruhigen. Ich nickte und wagte einen Blick auf ihre Noten. Lauter Dreier. Was wollte sie? Sauer giftete ich sie an. \"Du hast lauter Dreier, Cathy. Was willst du eigentlich?\" Ich verschr\u00e4nkte die Arme vor der Brust und wartete auf eine Antwort. Sie \u00fcberlegte kurz und schaute auf meine Zensuren. \"Du bist wieder einmal besser als ich. Wie jedes Jahr.\" \"\u00c4hm, das stimmt nicht, Schatz.\", mischte sich Marcus ein. \"In deinem Referat \u00fcber \u2026 Was war dein Thema noch gleich?\" Fragend schaute er mich an und ich zuckte mit den Achseln. Ich hatte wirklich keine Ahnung mehr, \u00fcber was sie uns eine Stunde lang belehrt hatte. \"Es war William Shakespeare!\", zischte sie uns an. \"Ah, Shakespeare!\", lachte Marcus. Ich biss mir auf die Lippe und unterdr\u00fcckte ein Lachen. Cathy verdrehte die Augen. \"Willbert Shakespeare, der Arzt, oder war er Pyschologe? Nein, wartet er war, glaub' ich, K\u00fcnstler.\" Er \u00fcberlegte kurz und bemerkte den b\u00f6sen Blick seiner Freundin nicht. Ich schaute sie an und rettete die Situation: \"WILLIAM Shakespeare war einer der gr\u00f6\u00dften Dichter und Dramatiker aller Zeiten.\" Marcus schaute mich sauer an, ehe er seinen Blick zu seiner beleidigten Freundin wendete. \"Du wei\u00dft, mich interessiert dieser Typ nicht.\" \"Und mich interessiert dein Sport- und Autogelabere nicht die Bohne!\", konterte sie. \"Ja, das wei\u00df ich, Cathy. Ich wollte damit sagen, dass du f\u00fcr diesen Typen eine Eins bekommen hast, w\u00e4hrend Alyane f\u00fcr ihr Referat NUR eine Zwei bekommen hatte. Sie hatte aber ein interessanteres Thema als du, Schatz!\" Ich zog die Augenbraue hoch und drehte mich schnell weg. Schuld an dieser Diskussion wollte ich nicht sein, deshalb h\u00fcpfte ich zu Johnny, meinem besten Freund. Seine braunen langen Haare waren zu einem Pferdeschwanz zusammengebunden. Als er mich bemerkte, lachte er mich an. \"Alyane, wie sieht dein Notenspiegel aus?\" Ich l\u00e4chelte ihn herausfordernd an und sagte: \"\u0001 \u0002!\" Er schaute mich erschrocken an. \"\u0001 \u0002\", sagte er kleinlaut und lie\u00df sich auf den Stuhl fallen. Ich lachte und wuschelte ihm durch die Haare. Dann kamen auch Cathy und Marcus und grinsten mich an. \"Das war ja ein schneller Streit. Normalerweise ...\" Marcus dr\u00fcckte seine Handfl\u00e4che auf meinen Mund, sodass ich nicht weiterreden konnte. Ich verdrehte die Augen. \"Lasst uns, zur Feier des Tages, ein Eis essen. Alyane zahlt!\", l\u00e4chelte Cathy mich an. Ich atmete tief durch, als Marcus seine Hand von meinem Mund und meiner Nase wegzog. Er hatte eben so gro\u00dfe H\u00e4nde. Daf\u00fcr haute ich ihm leicht auf den Hinterkopf. \"Pff!\" Ich durfte zahlen. Wie \u0001 \u0002 dauerte keine halbe Stunde, bis wir beim Eiscafe waren. \"Da hinten ist noch was frei!\", rief Marcus und rannte zu dem freien Tisch. Cathy, Johnny und ich folgten ihm und nahmen Platz. Cathy, die sich als Erste die Eiskarte krallte und aufmerksam durchlas, blickte immer wieder zu mir. \"Sagt mal, habt ihr schon das Neuste geh\u00f6rt?\", fragte Johnny leise und beugte sich vor. \"Was denn?\" Cathy legte die Karte beiseite und schaute zu Johnny. Auch Marcus und ich waren neugierig. \"Es sind wieder drei Leute verschwunden.\" Mein Magen verkrampfte sich. \"Wieder drei Leute? Erst letzten Monat waren es doch schon f\u00fcnf.\" Marcus schaute nachdenklich auf die Eiskarte und fuhr fort: \"Glaubt ihr, es handelt sich um einen Serienm\u00f6rder?\" Johnny zuckte mit den Schultern und schaute mich traurig an. Ich legte meine Hand auf seine und streichelte sie. Ich wusste, dass auch seine Tante Monica einer der Opfer vom letzten Monat war. Und bis jetzt gab es weder von ihr noch von den anderen Vermissten eine Spur. Die Stimmung war kaputt und wir bestellten unser Eis. Cathy erz\u00e4hlte etwas \u00fcber ihre Pl\u00e4ne in den Sommerferien. Sie wollte mit Marcus f\u00fcr zwei Wochen nach London fahren und sich dort die Sehensw\u00fcrdigkeiten ansehen. Wieso auch nicht? London war ein halber Tag mit dem Auto entfernt. \"Und was machst du Alyane?\", fragte mich Johnny. Ich schaute ihn verbittert an. \"Ich werde diesen Sommer hier alleine in diesem Dorf verbringen, da alle meine Freunde wegfahren.\" Johnny grinste mich an. \"Jap. Ich geh mit Vater und meinem Onkel in die Berge. Camping! Ich hab dich ja gefragt, ob du mit willst, Aly, aber du wolltest ja nicht.\", verteidigte sich Jo. Ich l\u00e4chelte und nickte. \"Ich wei\u00df.\" Ich bereute es nicht, dass ich sein Angebot, einige Tage in den Bergen zu leben und wom\u00f6glich von B\u00e4ren und W\u00f6lfen aufgefressen zu werden, abgelehnt hatte. Doch er brauchte es, dieses Abenteuer. Wie jedes Jahr. Au\u00dferdem w\u00fcrde es ihm gut tun und ablenken von seiner Tante und all dem Stress, den er in der letzten Zeit hatte. Nat\u00fcrlich machte ich mir Sorgen, doch ich wusste, dass er auf sich aufpassen w\u00fcrde. Ich holte mein Handy aus der Tasche und schaute auf die Uhrzeit. Es war kurz vor siebzehn Uhr. \"Oh fuck!\", sprang ich auf. Johnny und Marcus lachten leise. \"Mist, mist, mist!\", fluchte ich. Cathy musterte mich. \"Wieso drehst du so ab?\" Neugierig und mit einem Grinsen im Gesicht schaute sie mich an. \"Hast du ein Date?\" \"NEIN!\", schrie ich. Einige Leute schauten zu uns r\u00fcber und sch\u00fcttelten den Kopf. \"Gro\u00dfmutter wird heute siebzig. Und sie feiert! Ich sollte schon l\u00e4ngst daheim sein ...!\" Schnell griff ich in die Tasche, zog mein Portmonee heraus und \u00f6ffnete es. \"Bezahlst du? Ich muss los.\" Ich dr\u00fcckte Cathy einen Zwanziger in die Hand und rannte aus dem Cafe.",
            "wordcount": "1.087",
            "chapter_release": "16.08.2010",
            "chapter_number": "1"
        },
        "2": {
            "text": "Etwa zehn Minuten rannte ich durch das Dorf, ehe ich vor meiner Haust\u00fcr stand. Mein Herz raste wie wild und ich bekam kaum Luft. Ich atmete schwer und jeder Atemzug schmerzte. Was man nicht alles f\u00fcr seine Familie tut, dachte ich und wollte gerade die Haust\u00fcr aufschlie\u00dfen, als sie sich \u00f6ffnete und meine Mutter w\u00fctend in der T\u00fcr stand. Sie verschr\u00e4nkte die Arme vor ihrer Brust. Das machte sie immer, wenn sie w\u00fctend war. Ihre langen blonden Haare waren heute ausnahmsweise mal gelockt. Sie sah wirklich aus wie ein Engel. Ich musste l\u00e4cheln. \"Wir haben auf dich gewartet. Jetzt schnell, dein Vater will in einer halben Stunde losfahren.\" Eilig dr\u00e4ngte ich mich an ihr vorbei und raste die Treppe hoch in mein Zimmer. Es war unordentlich. Die Klamotten lagen auf dem Boden, das Bett war nicht gemacht, \u00fcberall lagen Schulb\u00fccher f\u00fcr das n\u00e4chste Schuljahr herum. Chaos pur, lachte ich und k\u00e4mpfte mich zum Schrank. Als ich ihn \u00f6ffnete, fiel mir ein schwarzes kurzes Kleid ins Auge. \"Ich glaube das werde ich anziehen.\", beschloss ich und legte es aufs Bett. Schnell rannte ich ins Badezimmer und duschte. Nach f\u00fcnfzehn Minuten h\u00fcpfte ich, nur mit einem Badetuch bekleidet, in mein Zimmer. Ich lie\u00df es einfach fallen und zog mir meine Unterw\u00e4sche an. Das Outfit musste passen, dachte ich und zog mir einen tr\u00e4gerlosen BH an. Als ich vor dem Spiegel stand klatschte ich mir mein Make-up ins Gesicht und umrandete meine Augen mit schwarzem Kajal. Meine Mutter kam in mein Zimmer gelaufen und schaute auf den Boden. \"Hat hier eine Bombe eingeschlagen?\" Ich lachte und stach mir mit dem Stift fast ins Auge. \"Woa, Mama ...!\" Sie reichte mir die Haarb\u00fcrste, die auf meinem Schreibtisch lag und ich begann meine Schulterlangen, blonden Haare zu k\u00e4mmen. \"Wei\u00dft du, Alyane, du musst wissen, dass wir in den Sommerferien f\u00fcr ein paar Tage nicht da sind. Also dein Vater und ich.\" Oh meine G\u00fcte, dachte ich. Maya und Charlie gingen doch jedes Jahr weg. Und ich durfte meine Zeit bei meinen Gro\u00dfeltern verbringen. Aber hey, ich liebte sie, daher machte es mir nichts aus. Ich l\u00e4chelte. \"Mom, du bist immer in den Sommerferien mit Paps f\u00fcr zwei Wochen weg. Also. Ich bin daran gew\u00f6hnt zu meinen Gro\u00dfeltern zu fahren. Au\u00dferdem wohnen sie im gleichen Dorf wie wir. Also bitte. Ich bin siebzehn und keine drei.\" Ich schaute sie etwas entt\u00e4uscht an. Sie sp\u00fcrte es, denn sie nahm mich in die Arme. \"Ich mache mir nur Sorgen wegen den vermissten Leuten. Pass bitte auf dich auf.\", bat sie mich. \"Du wei\u00dft, am liebsten w\u00fcrde ich dich mitnehmen, aber du kleines bockiges Ding willst ja nicht.\" Ich lachte. Ja, ich wollte nie mit auf langweilige Kreuzfahrten und ekliges Essen war so gar nicht mein Ding. Darauf konnte ich wirklich verzichten. Sie schaute auf mein Bett und entdeckte das schwarze kurze Kleid. \"Wie findest du es?\", fragte sie mich. \"Ich habe es gestern gekauft und dir heimlich in den Schrank geh\u00e4ngt.\" Ich betrachtete das Kleid. Es war wundersch\u00f6n, aber schlicht und einfach. So mochte ich es. \"Ich liebe es\", antwortete ich. Maya l\u00e4chelte und schaute an mir runter. \"Du solltest dir was anziehen.\" Ich wurde rot und schnappte mir das Kleid, um es schnell und geschickt anzuziehen. Fertig, dachte ich. Als ich nochmals in den Spiegel sah, fiel mir auf, wie zerzaust meine Haare doch waren. Ich verdrehte genervt die Augen und toupierte sie mir etwas auf. Aber jetzt, dachte ich. Endlich fertig. Ich konnte mich kaum erkennen, so schick sah ich aus. Meine glatten, gestuften Haare sa\u00dfen einmal im Leben perfekt. Herrlich! Ich kramte meine schwarzen Pumps aus meinem Schrank und zog sie an. Vorsichtig lief ich die Treppe runter und wurde von meinem ungeduldigen Vater gemustert. \"Du siehst h\u00fcbsch aus, Alyane!\" Er pr\u00fcfte mich ganz genau, wie ein Scanner. Es war fast schon unheimlich. Nach einigen Minuten sa\u00dfen wir im Auto und fuhren los. Meine Gro\u00dfeltern lebten am Ende des Dorfes, das an einem Wald lag. Dieser Wald war riesig. Verl\u00e4ufst du dich einmal, findest du nie wieder zur\u00fcck. Viele machten einen gro\u00dfen Bogen um ihn, da sie behaupteten, dass sich darin Monster oder Gespenster befanden. V\u00f6lliger Quatsch, dachte ich dazu immer. Es gibt weder Gespenster noch Monster. Oder was auch immer. Ich bemerkte nicht, dass wir schon vor dem Haus meiner Gro\u00dfeltern standen. Erst als ich Gebelle h\u00f6rte, wusste ich, dass wir endlich angekommen waren. Spike, der alte Sch\u00e4ferhund meines Opas, kam wie ein Blitz zum Auto geschossen und bellte es an. Erst als Charlie ausstieg beruhigte sich der Hund und sprang meinen Vater an. Auch Mom und ich \u00f6ffneten die T\u00fcr und wir stiegen aus. Da kamen auch schon meine Gro\u00dfeltern angelaufen. \"Oma, Opa!\", rief ich und rannte, so gut es ging, mit meinen hohen Abs\u00e4tzen, zu ihnen. Sie nahmen mich liebevoll in die Arme. \"Alles, Alles, Alles Gute zum Geburtstag!\" Ich dr\u00fcckte meiner Oma einen Kuss auf die Wange. Opa lachte laut los und auch ihm gab ich einen Schmatzer auf die Backe. Auch Vater hatte es geschafft, sich von Spike, dem Sch\u00e4ferhund, zu befreien und kam mit meiner Mutter zu ihnen. \"Alles Gute, Mutter.\" Charlie umarmte seine Mutter. \"Alles Liebe, Eva.\", l\u00e4chelte Maya und k\u00fcsste sie herzlich auf die Wange. Nach einer langen Begr\u00fc\u00dfung gingen wir endlich in das alte Haus. Von au\u00dfen sah es wie ein Haus aus dem Mittelalter aus, doch innen war alles modern. Sie besa\u00dfen sogar einen riesigen Flachbildfernseher. \u201eAlles Tarnung\u201c, sagte Gro\u00dfvater immer. \u201eSo kommen die Einbrecher nicht auf die Idee, einzubrechen, da sie alle denken, wir seien unmodern.\u201c Bei dem Gedanken musste ich grinsen. Kurz danach sa\u00dfen wir alle am Esstisch und a\u00dfen Truthahn. Gro\u00dfmutter erz\u00e4hlte wieder einmal ihre Geschichten, w\u00e4hrend meine Eltern und mein Gro\u00dfvater gespannt zuh\u00f6rten. Irgendwann h\u00f6rte ich nicht mehr zu, und mein Blick fiel auf Spike, der an der T\u00fcr sa\u00df und daran kratzte. Ich stand auf und ging zu ihm, weil ich wohl dachte, dass er etwas gefunden hatte. Aber vielleicht wollte er nur raus. \"Ich geh mal ein bisschen mit Spike spazieren, okay?\", rief ich, an den Esstisch gewandt. \"Ja, aber pass auf, verstanden? Nicht l\u00e4nger als eine halbe Stunde, Schatz!\", rief Mom zur\u00fcck. Ich zog mir schnell andere Schuhe an, die im Schuhschrank meiner Oma waren. Ich war immer so oft bei ihnen, dass ich meinen halben Kleiderschrank hier hatte. Und nat\u00fcrlich auch Schuhe. Nachdem ich meine Chucks und meine Lederjacke angezogen hatte, nahm ich den Hund an die Leine und verlie\u00df mit ihm das Haus.",
            "wordcount": "1.116",
            "chapter_release": "16.08.2010",
            "chapter_number": "2"
        },
        "3": {
            "text": "Ich wusste nicht, wieso ich auf einmal solche Angst bekam, den Wald zu betreten, aber ich blieb stehen und zog an Spikes Leine. \"Stopp!\", rief ich ihm zu. Er winselte und legte sich auf den Boden. Wir waren zwei Minuten von dem Haus meiner Gro\u00dfeltern entfernt und trotzdem hatte ich das Gef\u00fchl, dass wir schon seit Stunden drau\u00dfen waren. Ich musste schlucken und sah auf den Boden. \"Oh verdammt!\", fluchte ich. Meine Schn\u00fcrsenkel waren aufgegangen. Ich schaute mich nochmals um und lie\u00df f\u00fcr einen kurzen Augenblick die Hundeleine los \u2013 ein grausamer Fehler! Denn in diesem Augenblick heulte etwas auf. Spike erschrak und rannte in den dichten, finsteren Wald. \"SPIKE!\", rief ich. \"KOMM HER! KOMM HER!\" Vergebens! Mein Herz raste. Gro\u00dfvater w\u00fcrde mich umbringen, wenn ich ohne den Hund nach Hause kommen w\u00fcrde. Au\u00dferdem hatte auch Spike ganz bestimmt Angst im Wald. Die Stimmen in meinem Kopf fingen an zu schreien, doch ich ignorierte sie. Ich musste in den Wald und Spike suchen. Egal ob ich Angst hatte oder nicht. Vorsichtig ging ich immer tiefer in den Wald hinein. Ich schaute mich um, doch ich konnte nichts erkennen. Es war vielleicht acht oder halb neun Abends und schon war es stockdunkel. Und es war Sommer! Ich verstand das Wetter einfach nicht und versuchte mich auf Spikes Gebelle oder Gewinsel zu konzentrieren. Nichts. \"Spike!\", rief ich. Dann lauschte ich, doch das einzige, das ich h\u00f6rte, war ein Uhu. Ich lief immer tiefer in den Wald und kam an eine Weggabelung. \"SPIKE!\", schrie ich nochmals, doch es kam nichts zur\u00fcck. Vielleicht sollte ich warten, \u00fcberlegte ich mir. Vielleicht w\u00fcrde er ja wieder kommen? Vielleicht, schoss es mir durch den Kopf. Mir war kalt und ich zitterte am ganzen K\u00f6rper. Schade um das sch\u00f6ne Kleid, dachte ich und setzte mich doch tats\u00e4chlich auf den eiskalten Boden. \"SPIKE!\", rief ich nochmals. Wieder nichts. Ich atmete tief durch und kramte mein Handy aus der Jackentasche. Sollte ich Gro\u00dfvater bescheid sagen? Oder lieber nicht. \"SPIKE! KOMM HER! KOMM ZU ALY!\", schrie ich. Das gab's doch nicht! Wo war dieser verdammte K\u00f6ter nur? So langsam hatte ich die Schnauze voll. Ich sa\u00df hier in einem Wald, alleine und frierend und suchte einen verdammten alten Hund, der wom\u00f6glich schon l\u00e4ngst wieder daheim war! Immer wieder rief ich den Spike, bis mir irgendwann der Hals wehtat. Super, dachte ich. Klasse gemacht! Ich stand auf schaute mich um. Von wo kam ich noch mal?, \u00fcberlegte ich scharf. Oh nein, ich hatte vergessen`, von welcher Richtung ich gekommen war. Aber das konnte nicht sein, ich bin doch von ... Ich bekam Panik und w\u00e4hlte die Nummer meiner Gro\u00dfeltern. Bevor ich jedoch auf \"Anrufen\" dr\u00fccken konnte, sah ich, dass ich keinen Empfang hatte. Der Notruf, fiel es mir ein. Doch vergeblich. \"Woa das kann doch nicht sein!\" schrie ich. \"SPIKE, DU VERDAMMTER K\u00d6TER, KOMM SOFORT HER, BEI FU\u00df!\" Ich wurde w\u00fctend und sprang auf. Eigentlich war ich sehr tierlieb, nein, ich liebte Tiere. Ich hatte selbst mal vor langer Zeit einen Hund \u2013 Spikes Vater, Rambo. Doch leider war er irgendwann im hohen Alter gestorben. Na ja, er hatte ein sch\u00f6nes Leben gehabt. Aber wieso musste ich jetzt an ihn denken? \"SPIKE!\" Pl\u00f6tzlich raschelten Bl\u00e4tter und ich h\u00f6rte Schritte. Es war kein Hund oder ein anderes Tier. Es h\u00f6rte sich an wie menschliche Schritte. \"Hallo? Ist da jemand?\", fl\u00fcsterte ich \u00e4ngstlich. Die Schritte kamen n\u00e4her und ich h\u00f6rte, wie jemand laut atmete. Es war zu dunkel, um etwas zu erkennen, aber die Gestalt kam immer n\u00e4her und n\u00e4her. Ich taumelte ein paar Schritte zur\u00fcck, bis die Gestalt stehen blieb. Mein Herz schmerzte und trommelte brutal in meiner Brust. Ich hatte Angst, Angst vor dieser Person. Angst, dass er Spike hatte. Angst, meine Familie nie wieder zu sehen. Mein Hals war trocken und ich bekam kein Wort hervor. \"Was hast du hier zu suchen?\", sprach er. \"Ich ... Ich ... suche nach meinem Hund ...!\", stotterte ich panisch. Ich hatte keine Ahnung, ob er mein Gestotter \u00fcberhaupt verstand und ob ich eigentlich einen sinnvollen Satz gebildete hatte. Doch es war mir egal. Ich wollte nur weg. Die Gestalt l\u00e4chelte und wischte sich mit den Fingern den Mund ab. \"Soso ... Einen Hund.\" Ich wollte ihn fragen, ob er Spike gesehen hatte, doch ich traute mich nicht. Aus irgendeinem Grund sollte ich ihn nicht fragen. \"Wie hei\u00dft du eigentlich?\", fragte der Mann. Ich wusste nicht ob ich ihm meinen Namen sagen sollte, aber was hatte ich schon zu verlieren? Mein K\u00f6rper zitterte und ich musste schlucken. \"Alyane.\" antwortete ich. Was wollte er? Wollte er mich umbringen oder entf\u00fchren? W\u00fcrde er mich vergewaltigen? War er der Entf\u00fchrer von den Vermissten? \"Alyane \u2026\", wiederholte er leise und lachte. Ich bekam noch mehr Angst und versuchte sie nicht zu zeigen. \"DARCON! REBECCA!\", rief er pl\u00f6tzlich und ein kalter Windsto\u00df lie\u00df die Bl\u00e4tter am Boden durch die Luft fliegen. Dann h\u00f6rte ich wieder Schritte. Es waren mehrere, glaubte ich zumindest. Von einer Sekunde auf die andere stand die Gestalt ganz nah vor mir. Jetzt konnte ich sie erkennen. Es war ein junger Mann mit einer Sonnenbrille und langen dunklen Haaren. Er hatte ein eckiges Gesicht und einen leidenden Gesichtsausdruck. Ehe ich mich umdrehen konnte, roch ich ein starkes Frauenparf\u00fcm. \"Rebecca, Darcon. Na endlich!\" Der junge Mann l\u00e4chelte und das Mondlicht fiel auf sein Gesicht. Langsam zog er die Sonnenbrille ab und mich durchbohrte ein stahlblaues Augenpaar. Seine blauen Augen fra\u00dfen sich buchst\u00e4blich in meine. Solche Augen hatte ich noch nie gesehen. Er biss sich auf die Lippe, als ich schluckte. \"Desmond\", fl\u00fcsterte eine Frau. Sie war jung, vielleicht ein paar Jahre \u00e4lter als ich. Auch auf ihr Gesicht fiel das Mondlicht und auch sie hatte diese stahlblauen, wundersch\u00f6nen Augen. Mein Herz raste wie wild. Was wollten sie? \"Oh, hast du eine Freundin mitgebracht?\", spottete Rebecca. \"Alyane, sind wir Freunde?\", hauchte er mich an. Ich wusste nicht was ich dazu sagen sollte. War das ein Scherz? \"Desmond, lass das M\u00e4dchen in Ruhe!\", mischte sich die dritte Person ein. Desmond knurrte ihn an und l\u00e4chelte. \"Bruderherz, hast du etwa Hunger?\", fl\u00fcsterte er leise. HUNGER?! Ich begann, wie wild zu zittern und schaute mich panisch um. Wohin sollte ich rennen? Wohin nur? Sie wollten mich umbringen, das stand schon mal fest. Sie waren bestimmt Menschenfresser oder so etwas. \"Nein. Aber trotzdem. Lass sie in Ruhe.\" Er drehte sich zu mir um und ein Blitz durchstr\u00f6mte meinem K\u00f6rper. Pl\u00f6tzlich kochte mein Blut. Auch er hatte diese blauen Augen. Seine schwarzen kurzen Haare leuchteten im Mondlicht bl\u00e4ulich und, wie Rebecca und Desmond, hatte er blasse Haut. Das waren doch nicht etwa ... Ich wollte es nicht aussprechen, denn es war unm\u00f6glich. Erstens, so etwas wie Untote oder Blutsauger gab es nicht und zweitens, hatten sie nicht blutrote Augen? Ich biss mir auf die Zunge, als ich nochmals Schritte h\u00f6rte ... Aber jetzt war es anders ... Die drei schauten mich erschrocken, und fast schon panisch, an...",
            "wordcount": "1.199",
            "chapter_release": "16.08.2010",
            "chapter_number": "3"
        },
        "4": {
            "text": "\"Sie muss hier weg!\", fl\u00fcsterte Darcon und packte mich am Arm. Rebecca zog die Augenbraue hoch und musterte mich, als w\u00e4re ich ein Insekt. \"Darcon, sei nicht albern. Sie ist ein ...\"\"MENSCH!\", sagte eine weitere Gestalt laut. Ich zuckte zusammen und bekam noch mehr Angst als zu vor. Ja, ich war ein Mensch. Was denn auch sonst? \"Zu sp\u00e4t ...\", fl\u00fcsterte Desmond seinem Bruder zu. Darcon knurrte und schaute zu der anderen Gestalt, die langsam, zu langsam, auf uns zu kam. Wie in Zeitlupe, aber das war doch nicht m\u00f6glich, oder?\"Hier ist ein Mensch!\", fauchte die Gestalt, die nun in unserer Runde stand. Er musterte mich und fletschte die Z\u00e4hne. Ich schaute ihn \u00e4ngstlich an. Mein Herz pochte wild und es drohte hinauszuh\u00fcpfen. Das war kein Mensch, schoss es mir durch den Kopf. Das war ein Monster, ein Blutsauger, ein \u2026\"... VAMPIR!\", schrie ich auf. Darcon presste mir seine Hand auf den Mund und das Wort verstummte. Rebecca stellte sich sch\u00fctzend vor Darcon und warf ihre langen Haare zur\u00fcck. \"Rebecca!\", zischte Desmond. \"Spiel dich nicht auf!\" Die Frau blickte ihm finster ins Gesicht. Das schienen harte Worte zu sein, denn sie nickte beleidigt und ging an ihren Platz zur\u00fcck. \"Bringt sie um!\", befahl der neue Vampir. \"Wieso sollten wir sie umbringen, Corbin?\", fauchte Darcon. \"Sie hat nichts Unrechtes getan!\" Ich schaute Darcon mit gemischten Gef\u00fchlen an. Einerseits hatte ich Angst, doch auf der anderen Seite war ich irgendwie ger\u00fchrt, wie er sich f\u00fcr mich einsetzte. \"Sie kennt unser Geheimnis\", hauchte Corbin und streckte seine Hand aus. Fordernd schaute er mich an und wartete darauf, dass ich mir selbst das Todesurteil gab. \"Geheimnis?\" Ich versuchte mich ahnungslos zu stellen, doch das klappte nicht. \"Wir sind Vampire, Alyane. Und jetzt musst du sterben, da du unser Geheimnis kennst. Denn keiner darf wissen, dass es uns gibt. Wir verstecken uns schlie\u00dflich hier im Wald.\" Desmond leckte sich \u00fcber die Lippen. Aus Horrorfilmen kannte ich das. Zeit f\u00fcr den Nachtisch, dachte ich und mir stiegen vor Angst die Tr\u00e4nen in die Augen. Doch weinen wollte ich nicht, deshalb schluckte ich die Tr\u00e4nen runter. Corbin wurde w\u00fctend und ungeduldig. \"Nimm meine Hand, Mensch!\" Ich hatte keine andere Wahl und zitternd griff ich nach seiner Hand. Sie war eiskalt und f\u00fchlte sich rau an. \"Ich verspreche dir, es wird nicht wehtun.\", grinste er mich an. Ich wollte schreien, wegrennen oder einfach nur tot umfallen, aber nicht get\u00f6tet werden. Er strich mir meine Haare vom Nacken und fletschte die Z\u00e4hen. Das war's, dachte ich. Es war zu Ende! Mir wurde eiskalt und mein Blut begann wieder zu kochen, als er mit dem Gesicht immer n\u00e4her zu mir kam. Ich schloss die Augen und hoffte, jemand w\u00fcrde mich retten. Irgendjemand. Doch niemand kam. Ich war ganz alleine in den H\u00e4nden von vier Vampiren. Desmond l\u00e4chelte mich an. Ihn schien es zu am\u00fcsieren, dass ich sterben musste. Ich schaute ein letztes Mal zu Darcon, der mich nur hilflos anstarrte. Corbin fletschte die Z\u00e4hne und dann war es aus. Seine Augen gl\u00fchten stahlblau und sein Augenwei\u00df f\u00e4rbte sich schwarz. Ich wusste nicht, ob ich tr\u00e4umte oder nicht, doch zwei spitze Z\u00e4hne bohrten sich in meinen Hals. Ein unglaublicher Schmerz brannte in meiner Kehle und ich fiel zu Boden. Ich versuchte zu schreien und zu verstehen, wieso ich noch lebte. Lebte ich \u00fcberhaupt noch? Mein Hals schn\u00fcrte sich zusammen, ich bekam kaum noch Luft und es f\u00fchlte sich an, als w\u00fcrde jemand mit einem Messer in meine Brust stechen. Pl\u00f6tzlich wurde der Vampir zu Boden gerissen. Ein Tier, nein, ein Monster heulte auf und riss ihm den Hals auf. Corbin br\u00fcllte und ich sah, wie das Blut nur so spritzte. Es ging alles so schnell. Ein qualvoller aber schneller Tod f\u00fcr Corbin. Desmond schrie auf und packte seinen Bruder und die Frau am Arm, die sich vor Angst nicht r\u00fchren konnte und rannte los. Doch erkennen konnte ich das nicht, ich ahnte es nur. Es war zu dunkel. Vor Schmerzen und Angst schrie ich nochmals auf. Dann verstummte ich und verlor mich in dem schwarzen, weiten Nichts. Nur das Knurren der Bestie nahm ich leise war. Ich wusste, dass sie mich t\u00f6ten w\u00fcrde ...",
            "wordcount": "727",
            "chapter_release": "16.08.2010",
            "chapter_number": "4"
        },
        "5": {
            "text": "Ich wusste nicht, wie lange ich auf dem eiskalten Boden gelegen hatte. Ob ich tot war oder noch lebte. Ich wusste in diesem Augenblick nicht einmal, wer ich war. Der Schmerz in meinem Hals wurde von Sekunde zu Sekunde st\u00e4rker. Es f\u00fchlte sich an, als w\u00fcrde mir jemand Zitronens\u00e4ure in eine offene, tiefe Wunde tropfen lassen. Meine Ohren waren taub, als ich meine Augen \u00f6ffnete und die Gegend nur schemenhaft wahrnahm. Ich schluckte verzweifelt und setzte mich aufrecht hin. Mein K\u00f6rper zitterte und hei\u00dfe Tr\u00e4nen liefen meine Wange herunter. Nach und nach gew\u00f6hnten sich meine Augen an die Situation und an die Dunkelheit. Hilfe, dachte ich. Wieso hilft mir keiner? Vorsichtig legte ich eine Hand auf meinen blutverschmierten Hals und versuchte zu schreien. Erst jetzt fiel mir das Monster ein, das den Untoten zu Boden gerissen hatte. Wo war es hin? Verfolgte es die Vampire? Hatte es sich versteckt, um mir aufzulauern? Ich drehte meinen Kopf vorsichtig zur Seite, um in die andere Richtung schauen zu k\u00f6nnen, als ich pl\u00f6tzlich einen Ast knacken h\u00f6rte. Zuerst dachte ich, es w\u00e4re mein Genick oder mein Hals der knackte, als eine schwarze Gestalt vorsichtig auf mich zukam. Aber das war doch ... \"Psst.\", fl\u00fcsterte Darcon. Ich konnte mich nicht r\u00fchren und wimmerte vor Schmerzen. Behutsam nahm er mich in die Arme und hob mich hoch. Meine Knochen knacksten und mein Herz raste vor Angst. W\u00fcrde er mich jetzt t\u00f6ten? Mich aussaugen? Fragen konnte ich nicht, denn mein Hals war trocken wie die W\u00fcste. Und ob er mir ausgerechnet sagen w\u00fcrde, dass er mich gleich umbringt, war fraglich. Ganz bestimmt \u0001 \u0002 lief mit mir tiefer und tiefer in den Wald. Ich wusste nicht, wie lange wir schon gelaufen waren, doch mein Hals brannte wie Feuer. Was w\u00e4re, wenn das Monster wiederk\u00e4me und uns beide t\u00f6tete? Immerhin rettete es mich vor Corbin, doch was wenn ... Ich bekam Angst. Was w\u00e4re, wenn das Monster mich besch\u00fctzen wollte? Was wenn das Monster ... Spike, schoss es mir durch den Kopf. Aber das war unm\u00f6glich. Das Tier, oder was auch immer, war doppelt so gro\u00df wie der alte Sch\u00e4ferhund gewesen. Mein Blick fiel auf Darcon, dessen Gesicht wie dem eines Engels glich. Er war ... wundersch\u00f6n. Seine stahlblauen Augen blickten geradeaus, w\u00e4hrend seine dunklen Haare leicht im Wind wehten. \"Wir sind da.\" Der Vampir \u00f6ffnete eine alte Holzt\u00fcr, die in eine H\u00fctte f\u00fchrte. Kraft, mich umzuschauen, hatte ich nicht. Vorsichtig legte er mich auf ein ungem\u00fctliches Klappbett. Die Matratze musste aus Stein sein, dachte ich, so hart war sie. Darcon verschwand in einem Nebenraum und kam wenige Augenblicke sp\u00e4ter mit einem Verbandskasten zur\u00fcck. Das sollte mich retten? Ein Pflaster und ein Verband? H\u00e4tte ich gekonnt, h\u00e4tte ich meinen Kopf gesch\u00fcttelt und ihn verpr\u00fcgelt. Doch als er den Kasten \u00f6ffnete, waren keine Pflaster oder Verbandsrollen drin. Nein, es waren Fl\u00e4schchen mit einer Fl\u00fcssigkeit, die gr\u00fcn und lila leuchtete. Wollte er mich die etwa trinken lassen? \"Mach den Mund auf. Du musst das trinken.\" Ich presste die Lippen zusammen und starrte ihn an. Mein Kopf brummte und mein Magen tat weh. Niemals, dachte ich. Ich sch\u00fcttelte den Kopf und drehte meinen Kopf zur Seite. Selbst das Kissen schien aus Stein zu sein. Unbequemer ging's wohl nicht mehr! \"Soll ich dich zwingen?\", fragte er.\"Soll ich dir die Augen ausstechen?\", konterte ich w\u00fctend. Er l\u00e4chelte und seine Augen strahlten im Licht der Kerzen, die schon gebrannt hatten, als wir die H\u00fctte betraten. \"Versuch's doch. Aber denk daran: Ich bin schneller und steche dir die Augen zuerst aus.\" Sauer musterte ich ihn und drehte mich zur Seite. Pff, dachte ich. Sollte er doch. F\u00fcr diesen Augenblick verga\u00df ich meine Schmerzen, bis sie sich erneut meldeten. Mein Hals brannte und vor Schmerzen begann ich wie ein verletztes Tier zu wimmern. \"Trink es, sofort! Dann geht es dir besser, versprochen.\" Er legte mir vorsichtig ein Fl\u00e4schchen in die Hand und strich mir \u00fcber den Handr\u00fccken. Ich drehte mich wieder um und versuchte mich aufrecht hinzusetzen, verzog allerdings vor Schmerzen das Gesicht. Mein Hals brannte wie Feuer. Nein, wie Lava. Konnte Lava brennen? Jedenfalls tat es h\u00f6llisch weh und ich versuchte verzweifelt die Flasche zu \u00f6ffnen. Darcon \u00fcbernahm das und sch\u00fcttete mir, ohne Vorwarnung, das eklig riechende Zeug in den Mund. Es schmeckte wie verdorbenes Fleisch, oder wie viele widerliche Dinge zusammen. Ich w\u00fcrgte, doch der Vampir dr\u00fcckte mich wieder auf die Matratze. \"Du musst schlucken, sofort!\" Er sah mich verzweifelt an. \"BITTE!\" Ich presste die Augen zusammen und schluckte. Meine Kehle brannte f\u00fcr einen kurzen Augenblick, dann waren alle Schmerzen verschwunden. Es war wie ein Wunder, denn ich schmeckte nicht einmal den widerlichen Geschmack dieser Medizin. Auch dass meine Schmerzen wie eine Kerze erloschen waren, verstand ich nicht. Fragend schaute ich den Vampir an, der sich durch die kurzen Haare fuhr und mir in die Augen blickte. \"Ein Heilmittel meiner Familie.\" Ich nickte nur, ohne \u00fcberhaupt ein Wort zu verstehen und legte mich wieder zur Seite, eingerollt wie eine Katze. Kopfschmerzen \u00fcberraschten mich, von einer Sekunde auf die andere. Und dann schlief ich ein.",
            "wordcount": "863",
            "chapter_release": "16.08.2010",
            "chapter_number": "5"
        }
    },
    "title": "Bloodlust",
    "topic": "unspecified",
    "release": "\n16.08.2010\n\t\t\t\t\t\t",
    "author": "SabiKeks"
}