{
    "tags": [],
    "chapcount": "19",
    "wordcount": "14.262",
    "chapters": {
        "1": {
            "text": "\u0001 \u0002 war \u00fcberall- in meinem Haar, in meinem Gesicht, an meinen \u0001 \u0002.Es war wieder \u0001 \u0002.Wie sollte ich \"sie\" besiegen?\u0001 \u0002 war \u0001 \u0002 blickte ich in den Spiegel. Mein Spiegelbild war mit Blut besudelt. \u00dcberall war es- in meinen Haaren, meinem Gesicht, meinen \u0001 \u0002 waren genau zehn Jahre vergangen, seit es das erste Mal geschehen \u0001 \u0002 war ich f\u00fcnfzehn Jahre alt und erwachte eines Morgens blut\u00fcberstr\u00f6mt in meinem Bett. Als ich in den Spiegel schaute, erkannte ich mich selber kaum wieder. Ein h\u00e4misch grinsendes Gesicht starrte mich zur\u00fcck an.\"Dies war mein erster Streich. Wenn du erkennst, was ich getan habe, sei dir bewusst, es war nur ein Vorgeschmack auf das, was dich erwartet.\" Mein Stimme h\u00f6rte sich boshaft verzerrt an und auch meine Augen funkelten unnormal. \"Keine Angst. Dein Unterbewusstsein ist stark genug, das Geschehe zu verdr\u00e4ngen. Eines Tages jedoch werde ich kommen und dich holen.\"In den vergangen zehn Jahren hatte ich alles m\u00f6gliche versucht, nur um \"sie\" loszuwerden, doch es hatte nichts gebracht. Ich musste erkennen, dass nur ich \"sie\" aufhalten kann. Ich nahm ein Haargummi von meinem Nachtschr\u00e4nkchen und fl\u00f6chte mir einen Zopf.\"In Ordnung! Lass das Spiel beginnen!\"",
            "wordcount": "214",
            "chapter_release": "25.05.2012",
            "chapter_number": "1"
        },
        "10": {
            "text": "\"E...!\"Ich schrecke hoch. Was f\u00fcr ein Traum!Ich setze mich auf und blicke aus dem \u0001 \u0002 kleine M\u00e4dchen hatte mich w\u00e4hrend meines gesamten Traumes verfolgt. Sie schaute mich immer an, als wollte sie mir etwas sagen, konnte es aber \u0001 \u0002 erinnert mich an \u0001 \u0002 langen braunen Locken hangen \u00fcber ihre Schultern. Ihr blaues Kleid mit den roten Schleifen wehte im Wind und ihre tief dunkelblauen Augen blickten mich verzweifelt und anklagend an.\"E...\", wiederhole ich ihren Namen und ziehe mich an. In der K\u00fcche treffe ich Beth.\"F\u00fcnf Stunden, was ist nur los mit dir? Am Anfang hast du zehn bis zw\u00f6lf Stunden geschlafen und nun f\u00fcnf?! Du musst dich ausruhen, Liza!\", begr\u00fc\u00dft mich mein anderes Ich.\"Mhm...\", murre ich und gie\u00dfe mir Kaffee in die Tasse. Beth sieht genauso aus wie ich, doch hatte sie sich die braunen Haare blond gef\u00e4rbt und ihre Augen braun, damit wir uns wenigstens etwas \u0001 \u0002 sahen wir uns \u00e4hnlich und zugleich verschieden \u0001 \u0002 braunen Haare, die manchmal zu dunkel f\u00fcr braun wirkten, h\u00e4ngen bis zu den Schultern und sind stufig geschnitten. Beth hingegen sind kurz und fransig. Meine Augen strahlen Ruhe und K\u00fchle aus, ihre hingegen St\u00e4rke und \u0001 \u0002 diesen kleinen Dingen erkennt man die kleinen Unterschiede zwischen uns.\"Liza?!\"\"Mhm?\"\"Trainierst du heute?\"\"Mhm.\"\"Dann \u00fcberanstrenge dich nicht, ja?\"\"Ja\", murmle ich mit vollem Mund und sp\u00fcle alles mit Kaffee herunter. \"Mach ich.\" Kick. Kick. Schlagg!Schlag. Kick. Kombi!Ich muss st\u00e4rker werden!!Verschwitzt stehe ich in meiner Trainingshalle und k\u00e4mpfe gegen Michael \u0001 \u0002.Was war letzte Nacht passiert?, schie\u00dft es mir durch den \u0001 \u0002 war am Anfang ganz normal, fast f\u00fcrsorglich gewesen und dann dieser Ton. Es war, als w\u00e4re dieses Signal dazu da gewesen, Michaels Wesen zu ver\u00e4ndern.\"Liza?\"Erschrocken fahre ich herum. Beth steht in der T\u00fcr und sieht mich besorgt an. \"Alles in Ordnung? Du hast getaumelt und siehst m\u00fcde aus.!\"\"N...nein, alles in Ordnung. Ich war blo\u00df in Gedanken!\", wehre ich Beth F\u00fcrsorge ab. \"Ich muss jetzt weiter machen.\"\"Sicher doch!\", sagt Beth und ich wende mich von ihr \u0001 \u0002 dem Augenwinkel sehe ich, wie sie mich noch immer besorgt mustert. \"Alles ist in Ordnung!\"Beth zuckt zusammen und \u0001 \u0002 darf nichts merken. Es ist meine Angelegenheit, Michaels und unser Geheimnis zu entschl\u00fcsseln. Es w\u00fcrde sie nur zerst\u00f6ren, wenn sie sich noch mehr Sorgen machen m\u00fcsste, rede ich mir ein. halli, hallo hall\u00f6le!!hier nun das ganze KapgvLGRipred :*",
            "wordcount": "451",
            "chapter_release": "25.05.2012",
            "chapter_number": "10"
        },
        "11": {
            "text": "Beth und ich essen gemeinsam Abendbrot, unterhalten uns aber eher oberfl\u00e4chlich. Ich sp\u00fcre, dass sie es mir ver\u00fcbelt, wie ich vorhin mit ihr umgeganen war. Doch es ist schlie\u00dflich nur zu ihrem \u0001 \u0002 ich jetzt kalt und distanziert bin, merkt sie vielleicht nicht, was mich wirklich besch\u00e4ftigt und ich kann weitermachen wie zuletzt!Wir r\u00e4umen gemeinsam den Tisch ab und ich w\u00fcnsche ihr eine gute Nacht. Ich teile ihr mit, dass ich zuvor noch in die Badewanne gehe und verlasse den \u0001 \u0002 setze mich gerade in die hei\u00dfe Badewanne, um meine verkrampften Muskeln zu entspannen, als ich das ziehen sp\u00fcre.\"Jetzt schon?\"Ich kapsle Beth ab, damit sie es nicht sp\u00fcrt und fahre in unseren K\u00f6rper. \"Hallo Liza!\"\"Hallo Michael!\" mich wundert es nicht, dass er wusste, dass ich es bin. Wie merkw\u00fcrdig nicht wahr?\"Kannst du uns nicht einmal eine Pause g\u00f6nnen?\"\"Nein, denn du musst endlich verstehen. Beth, so hei\u00dft sie doch oder?\"\"Ja!\"\"... Konnte es nicht verstehen. Bei dir habe ich ein anderes Gef\u00fchl. Du wirst unsere Rettung sein.\"\"Michael. Ich verstehe rein gernichts! Bis vor kurzem warst du noch der \u00dcbelt\u00e4ter und nun... Und nun...\" Ich hebe verzweifelt meine H\u00e4nde.\"Ist schon gut. Alles ist gut! Du verstehst schon einiges mehr als die andere und du hast auch schon mehr beobachtet, nicht wahr?\"Michael blickt mir abwartend in die Augen und ich gr\u00fcbel.\"Nichts ist so wie es zu sein scheint! Du bist nicht allein f\u00fcr das alles verantwortlich. Eine dritte Person ist definitiv involviert oder hat in Wirklichkeit die F\u00e4den in der Hand!\"\"Gut! Was noch?! Versuch dich zu erinnern\", ruft Michael. Er scheint nur darauf zu warten, dass der Groschen bei mir f\u00e4llt.\"Ich wei\u00df, dass da etwas ist, doch scheint es verschl\u00fcsselt zu sein. Meine Pers\u00f6nlichkeit ist nicht, wie gedacht, in zwei, sondern in drei Teile gespalten. Ich glaube, ihr Name ist E. Wie einfallsreich, oder? E-Liza-Beth. E scheint die Erinnerungen an damals zu haben\", sage ich und nochw\u00e4hrend ich sprechen, f\u00e4llt es mir wie Schuppen von den \u0001 \u0002 Locken, braune Augen, blaues Kleid mit roten Schleifen, das bin ich mit sechs Jahren. Wie konnte mir das nur entgehen? Sie ist wir und wir sind sie. Sie ist der Schl\u00fcssel zu jenen Erinnerungen, von denen Michael m\u00f6chte, dass ich sie zur\u00fcck hole. Was ist damals nun wirklich geschehen und wie konnte ich nicht realisieren, dass E mir das mitteilen wollte? Ich will endlich die Wahrheit wissen.\"Erz\u00e4hl mir endlich, was los ist!\", sage ich gereizt und frustriert. Piiiiiieeeep!!!\"Es tut mir Leid, doch die Zeit ist vorbei! Heute werde ich dich in Ruhe lassen. Wir sehen uns morgen wiede.\"\"Was ist das f\u00fcr ein Signal?\", frage ich, doch ich habe keine Chance. Michael tr\u00e4gt mich ins Bad und ich gehe auf Toilette und mache mich \u0001 \u0002 bringt er mich in \"Das Zimmer\" und ich gehr zur\u00fcck zu Beth\u2014\u2014\u2014\u2014\u2014\u2014\u2014\u2014\u2014\u0001 \u0002, hall\u00f6le!!So hier nun das ganze KapNicht mein Meister-Werk, aberWir kommen demGeheimnis n\u00e4hergvLG Ripred :*",
            "wordcount": "535",
            "chapter_release": "25.05.2012",
            "chapter_number": "11"
        },
        "12": {
            "text": "\"Liza!\", sagt Beth erbost und schaut mich strafend an. \"Hast du das getan, was ich denke, das du getan hast?\"Ich sch\u00fcttel unschuldig den Kopf.\"Oh, doch hast du! Hab ich dir nicht gesagt, du sollst das nicht tuen?\"Ich f\u00fchle mich wie ein kleines Kind, das von der Mutter ausgeschimpft wurde.\"Ich habe nichts getan!\", sage ich unschuldig und gehe in die K\u00fcche.\"Halte mich nicht f\u00fcr doof! Du bist bei Michael gewesen, nicht wahr?\"\"Nein?\"\"Oh... Liza! Ich seh an deiner Nasenspitze, dass du mich anl\u00fcgst!\", ruft nun Beth w\u00fctend und schl\u00e4gt mit ihren H\u00e4nden auf die Arbeitsplatte.\"Na gut!\", sage ich seufzend und erz\u00e4hle ihr alles, was ich wusste. Als ich mit meinem Bericht fertig war, setzt Beth sich ersch\u00f6pft hin.\"Ach, Liza. Ich wollte dir das doch ersparen.\"\"Ich wei\u00df, aber du siehst so fertig aus und mir hat es nichts ausgemacht!\"\"Was?\"\"Ich bin anscheinend nicht so, wie du d\u00e4chtest. Ich bin kein hilflosesM\u00e4dchen, ich halte mehr aus als du\", Sage ich gereizt und schmiere mir ein Toastbrot.\"Du musstest es auch nicht so lange ertragen, wie ich es musste\", haucht Beth und setzt sich erniedrigt auf den Barhocken. Ich bereue meine Worte sofort.\"Es tut mir so Leid, Beth! Ich wollte dich nicht verletzen. Es ist nur so, dass alles momentan zuviel f\u00fcr mich ist. Wenn man bedankt, dass du mich erst vor kurzem \u00fcber alles aufgekl\u00e4rt hast, ist es ein Wunder, dass ich keinem Nervenzusammenbruch erlegen bin.\"\"Was glaubst du, wie es mir geht? Aber ist schon gut... Also du meinst, dass wir noch eine \"Schwester\" haben?\"\"Mhm\", erwidere ich kauend.\"E, also...\", besucht Beth noch mehr zu erfahren, doch ich genie\u00dfe nur Stumm mein Sandwich. Beth sch\u00fcttelt den Kopf und begibt sich ins Wohnzimmer. Ich h\u00f6re, wie sie ihre Lieblingsingel anmacht und seufze. Vielleicht wird doch noch alles wieder gut, denke ich und blicke auf die letzten Geschehnisse zur\u00fcck. Michael, was ist nur unser Geheimnis? Hier nun dasganze Kapitel!gvLGRipred :*",
            "wordcount": "369",
            "chapter_release": "25.05.2012",
            "chapter_number": "12"
        },
        "13": {
            "text": "\"... Also, wenn ich mich recht erinnere, dann m\u00fcssten sie hier liegen\", sage ich und stapfe das Wohnzimmerregal entlang, w\u00e4hrenddessen beobachtet mich Beth skeptisch.\"Hab sie\", rufe ich triumphierend und sch\u00fcttel einen kleinen rechteckigen Karton.\"Und was ist da drinnen?\", fragt sie und mustert neugierig die Mappe.\"Hoffentlich etwas, das uns unsere Erinnerungen zur\u00fcckbringt\", erwidere ich und \u00f6ffne ihn. Einige Fotos fallen auf den Boden. Beth runzelt die Stirn, doch dann l\u00e4chelt sie verstehend und hebt die heruntergefallenen Fotos auf.\"Dann lass uns in unsere Erinnerungen eintauchen\", sagt Beth und wir machen es uns auf der Couch \u0001 \u0002 durchbl\u00e4ttern Stunden lang Fotos und schwelgen in den alten Zeiten, doch der ausschlaggebende Zeitraum ist wie ausgel\u00f6scht. Es existieren weder Fotos noch sonstige Notizen in den Fotoalben.\"Wie kann das sein?\", haucht Beth und blickt die Fotos unfassbar an.\"Ich wei\u00df es nicht. Uns bleibt wohl nichts anderes \u00fcbrig, als \"sie\" zu finden und zu fragen!\", erwidere ich missmutig und lege mich frustriert und m\u00fcde hin.\"Ja, anscheinend.\"\"Wo sollen wir denn anfangen? Wir haben keinen Ahnung, wo wir sie finden k\u00f6nnen\", sagt Beth gereizt und kickt einen Stein mit ihrer Schuhspitze weg. Wir sitzen im Garten und blicken in den Himmel. Die Stern funkelten in ihrer vollen Pracht und es war angenehm warm f\u00fcr diese Jahreszeit, wenn man au\u00dfer Acht l\u00e4sst, dass alles fiktiv ist.\"Lass es uns doch mal logisch betrachten. E ist eine sechsj\u00e4hrige Verk\u00f6rperung von uns. Der einzige Unterschied ist, dass sie wei\u00df, was passiert ist. Also, was w\u00fcrdest du oder besser gesagt wir als sechsj\u00e4hriges M\u00e4dchen machen, wenn wir schlimme, grauenvolle Dinge gesehen haben?\"\"Ich wei\u00df nicht. Sie ist er sechs Jahre alt. Glaubst du nicht, dass sie alles verdr\u00e4ngt und sich versteckt, um sich ja nicht erinnern zu m\u00fcssen?\"Ich denke \u00fcber Beths Aussage nach, doch irgendetwas st\u00f6rt mich an dieser \u00dcberlegung.\"Nein, ich habe mit ihr gesprochen. Sie wusste alles, nur schien sie irgendwie kalt. Als w\u00e4re sie nichts als eine H\u00fclle, die Erinnerungen in sich tr\u00e4gt.\"\"Ja, das ist logisch, denn das ist auch eine Art von Abwehrsystem. Sie hat ihre Gef\u00fchle, nein ihr Ich hinter dicken Mauern gesperrt, damit ihm nicht noch Schlimmeres widerf\u00e4hrt.\"\"Aber mit dieser Information wissen wir immer noch nicht, wo sie ist!\", erwidere ich verzweifelt und versuche den Gro\u00dfen Wagen zu entdecken. \"Sie kann \u00fcberall sein!\"\"Nein, kann sie nicht\", sagt Beth und l\u00e4chelt mich verschmitzt an. \"Wie meinst du das?\"\"\u00dcberleg doch mal! Was ist deine st\u00e4rkste Erinnerung an dein sechstes Lebensjahr?\"\"Mhm... ich wei\u00df nicht so recht!\"\"Dann denk st\u00e4rker nach!\"\"Wir waren mit Onkel Bob im Vergn\u00fcgungspark und Cousin Tim hat mit uns gewettet, dass wir uns nicht trauen in das Geisterhaus zu gehen. Er hat uns so sehr angestachelt, bis wir endlich wutentbrannt hineinstampften. Es war f\u00fcrchterlich!\", erinnere ich mich. Mir wird bewusst, dass ich nur noch von uns sprach und nicht mehr von mir selbst. Aber es ist mir so sehr in Fleisch und Blut \u00fcbergegangen, dass es mir nichts ausmacht. \"Du willst mir doch nicht sagen, dass sie etwa da ist? Ich hasse Geisterh\u00e4user!!\"\"Also ich finde sie toll\", sagt Beth und l\u00e4chelt mich aufgeregt an. Ich hingegen bin, bei der Vorstellung in ein Geister/Gruselkabinett zu m\u00fcssen, alles andere als aufgeregt, eher bekomme ich G\u00e4nsehaut von der Vorstellung.",
            "wordcount": "596",
            "chapter_release": "25.05.2012",
            "chapter_number": "13"
        },
        "14": {
            "text": "\"...Beth...Beth...\", zische ich in die Stille der Nacht, doch nichts regt sich. \"Verdammt noch mal... BETH!\" Erschrocken fahre ich zur\u00fcck, als eine kalte Hand sich auf meinen Unterarm legt.\"Kaum zu glauben, dass wir ein und die selbe Person sind, Angsthase!\"\"Angsthase! Du w\u00fcrdest dich auch erschrecken, wenn pl\u00f6tzlich jemand an einem einsamen Ort nach deinem Arm greifen w\u00fcrde. Und glaub mir, die Rache hierf\u00fcr wird grausam sein...\", erwidere ich erbost und blicke ihr eisig in die Augen.\"Schon gut! Hab dich doch nicht so. Das war doch nur ein Scherz! Und wenn du dir jetzt schon fast in die Hose machst, was sagst du denn dann hierzu?\"\"Wozu?\"Schau mal da vorne... Wir sind da-ha!\", kichert Beth schelmisch und geht z\u00fcgigen, mutigen Schrittes voran. Wie sehr ich sie daf\u00fcr \u0001 \u0002 gehe ich ihr nach.\"Beth bleib sehen! ... Beth, warte!... Beth...?\" Nebel ist aufgekommen und ich bleibe irritiert stehen. Gerade eben waren Beth und ich nur zwei, drei Schritte von einander und nur wenige vom Gruselkabinett entfernt und jetzt scheint es, als w\u00e4re ich der einzige Mensch auf der Welt.\"Beth, das ist nicht lustig. Komm zur\u00fcck\", ich stolpere voraus, da ich durch den Nebel nichts erkennen kann und sto\u00dfe gegen eine verschlossene T\u00fcr. Gott sei Dank! Wenigstens habe ich mich nicht verlaufen, denke ich und sto\u00dfe die T\u00fcr auf. \"UUUUAAAAHHHH!\"\"AHHHH!\"Als ich in das Haus trete, springt mir ein gruseliges Etwas entgegen, dass mich zur Tode erschreckt, doch als es beginnt wie verr\u00fcckt zu kichern, merke ich, dass es Beth ist.\"Schei\u00dfe Verdammte Beth! Was soll der Schei\u00df? Wir sind hier, um Beth zu finden und nicht, damit du mich in die H\u00f6lle katapultierst!\", fluche ich bibbernd und setze mich ersch\u00f6pft auf den Boden.\"Ach, komm. Beruhig dich! Das war doch nur ein Sche-ERZ...\"Gerade als ich mich einiger Ma\u00dfen beruhigt habe, \u00f6ffnet sich der Boden unter uns und wir fallen in den Abgrund.\"Liza...Liza wach auf\", weckt mich eine vertraute Stimme und langsam \u00f6ffne ich die Augen. Schon erstaunlich, dass man in einer fiktiven Welt Schmerzen empfindet und sogar in Ohnmacht f\u00e4llt.\"Mhm... ich bin wach... Alles okay bei dir?\"\"Ja, schon, glaube ich zumindest. Aber du siehst viel schlimmer aus als ich! Ich bin auf dich gefallen, es tut mir Leid. Wie geht es dir?\", fragt Beth besorgt und kniet sich neben mich. \"Ich bewege nun vorsichtig deine Muskeln und Knochen, um zu sehen, ob du noch schlimmer verletzt bist, als es aussieht. Sag Bescheid, falls etwas wehtut, ja?\"Ich nicke und Beth beginnt mit der Untersuchung. Vor einigen Jahren hatten wir einen Erstehilfeworkshop besucht und Beth wei\u00df anscheinend, wie man das Gelernte einsetzt.\"Bescheid!\"\"Dein linker Kn\u00f6chel scheint verstaucht zu sein und es scheint, als h\u00e4ttest du eine leichte Gehirnersch\u00fctterung. Also, sag Bescheid, wenn es dir schlecht geht oder dir schwindelig ist.\"\"Mhm... mach ich...\"\"Gut, ich helf dir dann mal hoch. Auf drei .... drei!\", sagt Beth und zieht mich hoch. Einige Muskeln schmerzen, aber das geht schnell vorbei.\"Und was nun?\"\"Immer der Nase lang, w\u00fcrde ich sagen. Oder hast du eine bessere Idee, Liza?\"\"Nein, dann mal los!\"Es ist dunkel, deswegen kommen wir nur langsam voran, doch dann geht pl\u00f6tzlich das Licht an und Beth und ich blicken uns staunend um.\"Meine G\u00fcte! War das Gruselkabinett damals auch schon so realistisch, gruselig eingerichtet gewesen?\", fragt Beth und fast eines der Gem\u00e4lde an, auf denen sich die Augen bewegen. Sie zuckt erschrocken zur\u00fcck, als das Monster auf dem Bild sich von der Leinwand l\u00f6st und nach ihr schnappt. \"Also daran kann ich mich nun wirklich nicht erinnern.\"\"Das war doch zu erwarten. Sie wird sich uns nicht Kampflos ausliefern. Dass sie irgendwelche Asse im \u00c4rmel hat, musste dir doch bewusst sein, als du dich dazu entschlossen hattest, uns hierher zu schleifen.\"Beth funkelt mich b\u00f6se an.\"Ich hab mir gedacht, dass es schwer werden w\u00fcrde sie zu finden, aber mit das habe ich nicht gerechnet\", sagt sie und zeigt auf das, sich bewegende, Gem\u00e4lde.\"Ich hoffe, dass das mit das Schlimmste ist, was uns begegnet! ...\"\"Uahhhahahaha!\"Beth und ich drehen uns unheilvoll um, als wir das grausige Lachen h\u00f6ren und erblicken, dass s\u00e4mtliche Monster aus den Bildern steigen und auf uns zu kommen. Und wirklich dar\u00fcber nachzudenken rennen wir los.\"Damit...habe...ich...nun...wirklich...nicht...gerechnet\", presst Beth w\u00e4hrend des Laufen hervor.\"Habe...ich...mir...gedacht.\"Es f\u00fchlt sich an, als w\u00fcrden wir Stundenlang im Kreis laufen, doch dann kommen wir in einen hell durch Fackeln erleuchteten Raum, aus dem keine weitere T\u00fcr \u0001 \u0002 Monster dr\u00e4ngen sich in den Raum und wir ziehen uns immer weiter zur\u00fcck, bis wir mit dem R\u00fccken an der Wand stehen.\"Und was nun?\", frage ich und blicke mich um. Wir h\u00e4tten da den Schwarzenmann, ein Wesen, das Edward mit den Scherenh\u00e4nden oder Freddie Kr\u00fcger gleicht, ein ekelhaftes Schleimwesen, Skelete und andere, zu G\u00e4nsehaut f\u00fchrende, Monster.\"Ich habe keine Ahnung. Ich sch\u00e4tze, dass unser letztes St\u00fcndlein geschlagen hat!\"\"Ach komm, Beth! Willst du wirklich so sterben? Dass ist doch verr\u00fcckt!\"\"Und was schl\u00e4gst du vor?\"\"K\u00e4mpfen!\"\"Was?!\"\"Besser mit erhobenen F\u00e4usten sterben, als Kampflos aufzugeben.\" \"Mhm.\"\"Wenn du nicht willst, dann besch\u00fctz ich dich. Schlie\u00dflich habe ich nicht umsonst so hart trainiert\", erwidere ich und st\u00fcrze mich ins Get\u00fcmmel. Ein Kinnhaken da, ein Tritt dort und nach und nach verschwinden die Monster, denn sobald ich sie ber\u00fchrte, verschwanden sie mit einem \"Plopp\".\"Das war ja einfach\", sagt Beth zitternd und l\u00e4sst sich langsam die Wand hinunter gleiten. \"Ja!\"Minuten vergehen, bis sich eine von uns bewegt. Ich bin die Erste, die sich wieder r\u00fchrt.\"Wir sollten weiter!\"Und wie stellst du dir das vor? Ich wei\u00df nicht, wie es dir geht, aber ich habe keine Ahnung, wo wir sind oder wo wir \u00fcberhaupt hinsollen! Es ist kein klarer Weg zu erkenne\", meint Beth und in diesem Moment erscheint hinter ihr eine T\u00fcr und sie kippt nach hinten.\"Beth?! Alles in Ordnung?\" Schnell laufe ich zu ihr.\"Ja! Ich sch\u00e4tze wir sollen hier entlang gehen!\"\"Anscheinend!\"Langsam rappelt sich Beth auf und gemeinsam schreiten wir voran. Nach einiger Zeit stehen wir vor einer Mauer, die kein Durchdringen zul\u00e4sst.\"Uns was nun?\", erkundigt sich Beth und setzt sich im Schneidersitz vor die Wand und betrachtet sie.\"Ich habe keine Ahnung. R\u00e4tsel knacken ist dein Ding und nicht meins\", erwidere ich und setze mich neben \u0001 \u0002 der Wand sind merkw\u00fcrdige Zeichen und Figuren, die f\u00fcr mich keinen Sinn ergeben.\"Ich hab's\", ruft Beth und springt auf. Sie dr\u00fcckt ein paar Steinen mit besagten Zeichen und Figuren drauf und Mauer l\u00f6st sich auf.\"Wie hast du...?\"\"Ach, dass war gar nicht so schwer\", meint sie \u0001 \u0002 weiter geht es. Wir folgen dem Weg einige hundert Meter, als wir zu einer gro\u00dfen Forte kommen. Ich sto\u00dfe sie auf und bin von hellem Licht geblendet.\"Willkommen! Ihr habt wirklich meine Pr\u00fcfungen bestanden. Herzlichen Gl\u00fcckwunsch\", ert\u00f6nt eine Stimme und darauf folgt immenser Applaus. Unsere Augen gew\u00f6hnen sich langsam an das grelle Licht und wir blicken uns um. Beth und ich stehen in einer Manege und um uns herum im Publikum sitzen Puppen und Kuscheltiere, die uns mit irren Grinsen beobachten. Vor uns thront sie, wegen der wir gekommen sind.\"E...\"",
            "wordcount": "1.318",
            "chapter_release": "25.05.2012",
            "chapter_number": "14"
        },
        "15": {
            "text": "\"Meine Damen und Herren, willkommen im Zirkus des Grauens\", begr\u00fc\u00dft uns E und irres Gel\u00e4chter folgt. \"Hier erwartet Sie Angst und Wahnsinn und vielleicht auch etwas noch grausameres...\"\"Was soll das?\", unterbreche ich sie. W\u00fctend blickt sie mich an.\"Unterbreche mich niemals!\"\"Wir sind nicht hierhergekommen, um zu streiten, sondern um dich um Hilfe zu bitten\", versucht es Beth freundlich.\"Ich wei\u00df, warum ihr hier seid!\", erwidert das kleinen M\u00e4dchen seufzend. \"Nur schade, dass ihr um sonst den weiten Weg zu mir gemacht habt.\"\"Was soll das hei\u00dfen?\", frage ich barsch.\"Das liegt doch auf der Hand. Ich...werde...euch...nicht...HELFEN!\"\"Aber E...\", versucht es Beth, doch sie wird von ihr unterbrochen.\"Nenn mich nicht so!\", schreit E und pl\u00f6tzlich blitzen um uns herum scharfe Waffen auf.\"Nun gut. Tut mir Leid! Wie soll ich, wir dich nennen?\" \"Scare!\"\"Das ist doch ein Witz!\", rufe ich und lasse mich frustriert auf den Boden fallen.\"Liza!\", mahnt mich Beth, doch ich bin nicht zu bremsen.\"Scare-der Schrecken! Was soll das hei\u00dfen? Soll man sich vor dir in Acht nehmen, Kleine oder was?\"\"H\u00f6r auf dich \u00fcber mich lustig zu machen!\"\"Mach ich doch gar nicht! Ich will nur wissen, warum du dich so nennst!\"\"Schau dich doch mal um, Liza! Das ist ihr inneres Abwehrsystem. All diese Killerpuppen und -pl\u00fcschtiere. So besch\u00fctzt sie sich selber\", fl\u00fcstert Beth und ich betrachte alles noch mal genauer und erkenne, dass sie Recht hat.\"Na gut! Also Scare, warum willst du uns nicht helfen?\"\"Es ist besser so\", haucht sie und steht auf. \"Weil ich nicht will!\"\"Das ist kein Grund!\"\"Doch ist er!\"\"Nein!\"Doch!\"\"STOP!\", ruft Beth und wir beiden verstummen. \"So kommen wir auch nicht weiter. Scare, erinnerst du dich an das, was damals geschehen ist?\"\"Ja!\"\"Gut, denn Liza erinnert sich \u00fcberhaupt nicht und ich mich nur an den Zwischenfall mit Michael. Es w\u00e4re uns wirklich eine gro\u00dfe Hilfe, wenn du uns erz\u00e4hlen k\u00f6nntest, was damals wirklich geschah!\"\"NEIN\", schreit Scare und Waffen werden auf uns geschleudert.\"Scare, wir sind du und du bist wir! Vertrau uns\", schreie ich und die Waffen halten in der Luft an. Scare f\u00e4ngt, wie wahnsinnig, an zu lachen.\"Vertrauen? Euch? Ihr habt mich im Stich gelassen!\"\"Nein, haben wir nicht! Du hast dich nur nicht zu erkennen gegeben! Beth tat, auch wenn ihre Methode etwas grob war!\", sage ich und blicke zu Scare hinauf. Das kleine M\u00e4dchen mit den braunen Locken und braunen Rehaugen entgegnet meinem Blick unverholenen Augen.\"Wenn ihr euch erinnert, werden wir sterben\", erwidert sie kalt, wendet sich von uns ab und geht.\"Scare warte!\", ruft Beth, als wir versuchen sie einzuholen, doch das kleine M\u00e4dchen ist viel schneller, als man ihr zutrauen w\u00fcrde.\"Warte!\"Als wir um die n\u00e4chste Ecken biegen, sehen wir nur noch, wie eine T\u00fcr am Ende des Ganges zu schl\u00e4gt.\"Was sollen wir machen?\", fragt Beth und will gerade an die T\u00fcr klopfen, als ich sie davon abhalte.\"Warte, lass uns erst \u00fcberlegen, was wir tun sollten!\"\"Ja, und das w\u00e4re?\"\"Das ich zuerst mit ihr rede!\"\"Das kommt nicht in Frage. Ihr w\u00e4rt euch gerade fast an die Kehlen gesprungen, wenn ich nicht dazwischen gegangen w\u00e4re!\"\"Ja, ich wei\u00df, aber ich glaube, dass sie meine Worte eher glauben wird als deinen!\"\"Wie kommst du darauf?\", erwidert Beth und blickt mich ungl\u00e4ubig an.\"Sie ist wie wir beide. Deine St\u00e4rke und meine Sturheit, aber dennoch ist sie im Geiste nur ein Kind. Auch wenn wir uns gerade fast die Augen gegenseitig ausgekratzt h\u00e4tten, habe ich eine Verbundenheit gesp\u00fcrt. Ich glaube, ich bin die einzige, die sie dazu \u00fcberreden kann, uns zu helfen!\"Beth betrachtet mich eingehend und nickt dann wiederstrebend.\"Gut, dann mal los. Ich warte hier auf euch!\"\"...Scare! Ich komme ich komme jetzt rein\", sage ich, als ich an der T\u00fcr klopfe und sie \u0001 \u0002 und ich tauschen noch einen Blick, dann trete ich ein.\"Was willst du?\"\"Scare, versteh doch. Wir brauchen dich!\"\"Nein, tut ihr nicht. Ihr kommt auch ohne mich in eurer Wohnung zurecht.\"\"Ja, vielleicht, aber mit dir zusammen w\u00e4re es noch besser. Au\u00dferdem ist das hier alles nicht real. Drau\u00dfen, in der Realit\u00e4t, wird unser K\u00f6rper gefangen gehalten und misshandelt. Willst du nichts dagegen machen?\"\"Nein!\"\"Wieso?\"\"Wir sind so besser dran!\"\"Wir werden sterben, wenn du uns nicht hilfst.\"\"Vielleicht ist das besser, als die Wahrheit zu kennen\", sagt sie traurig und versteckt ihr Gesicht im Fell eines flauschigen \u0001 \u0002, in Scares Zimmer, schien es wie in einer anderen Welt. Au\u00dferhalb dieses Zimmers ist alles Grausam und Kalt, hier drinnen jedoch ist alles Liebevoll und Warm. Die W\u00e4nde sind in verschiedenen warmen T\u00f6nen gestrichen, ein wei\u00dfes Himmelbett steht in der Mitte des Raumes und \u00fcberall sind s\u00fc\u00dfe, flauschige Pl\u00fcschtiere verteilt. Dies entsprach dem wahren Wesen Scares, nein hier drinnen war sie E.\"Scare, ich wei\u00df, dass du uns im Grunde nur besch\u00fctzen willst, aber das brauchst du nicht. Beth und ich sind mittlerweile stark genug, um die Wahrheit zu verkraften. Au\u00dferdem wollen wir, dass du bei uns einziehst. Dann wirst du wir unsere kleine Schwester sein.\"\"Wirklich? Ich bin nicht einsam wei\u00dft du, ich habe meine Freunde, doch mein Inneres r\u00e4t mir, bei euch zu sein. Ich wei\u00df nicht, was ich tun soll.\"\"Scare, du besch\u00fctzt doch E richtig?\", frage ich einer spontanen Idee folgend. Ich habe das Gef\u00fchl, das meine Drei-in-Eins-Gleichung nicht aufgeht, sondern, dass Scare eine weitere Pers\u00f6nlichkeit unseres wahren Ichs ist.\"Nat\u00fcrlich, ohne mich w\u00e4re sie Schutzlos.\"\"Glaubst du nicht, dass sie besser gesch\u00fctzt w\u00e4re, wenn wir drei sie gemeinsam besch\u00fctzen?\"\"Ich wei\u00df nicht. Ihr seid schwach!\"\"Ja, dass waren wir einmal, doch wir haben viel dazu gelernt!\"\"Das stimmt... W\u00fcrdest du uns bitte einen Moment in Ruhe lassen?\", fragt Scare und wendet sich von mir ab. Schulter zuckend verlasse ich das Zimmer.\"Was ist passiert?\", begr\u00fc\u00dft mich Beth aufgeregt.\"Keine Angst, ich habe sie nicht umgebracht, falls du das gedacht hast!\"\"Habe ich nicht\", erwidert sie und err\u00f6tet. \"Wir haben miteinander gesprochen und nun \u00fcberlegt sie, ob sie mit uns kommt oder hierbleibt!\"Minuten vergehen. Doch dann \u00f6ffnet sich die T\u00fcr.\"In Ordnung! Ich komme mit euch! Ach und Liza!\"\"Ja?\"\"E und ich sind eine Pers\u00f6nlichkeit, also keine Vier-in-Eins-Theorie, verstanden?!\"\"Jip!\", erwidere ich kopfsch\u00fcttelnd und gemeinsam verlassen wir das Gruselkabinett.",
            "wordcount": "1.202",
            "chapter_release": "25.05.2012",
            "chapter_number": "15"
        },
        "16": {
            "text": "\"Wie gef\u00e4llt dir dein neues Zimmer, Kleine?\"\"Warum nennst du mich immer Kleine?\", fragt sie mich und setzt sich auf die Couch. Beth bringt uns hei\u00dfe Schokolade.\"Ich wei\u00df schlie\u00dflich nicht immer, wann du E und wann du Scare bist, also bist du f\u00fcr mich einfach nur Kleine!\"\"Einfach nur Kleine, sehr sch\u00f6n formuliert, Liza\", sagt Beth und setzt sich Kopfsch\u00fcttelnd neben sie. \"Was denn?\"\"Nichts, nichts! Alles gut.\"\"Mhm, lecker!\", meint das kleine M\u00e4dchen und nippt an ihrem Kakao. Beth und ich grinsen uns an. \"Was habt ihr denn?\"\"Nunja, wir haben Mom fr\u00fcher immer aufgetischt, dass wir hei\u00dfe Schokolade nicht m\u00f6gen und irgendwann haben wir einfach angenommen, dass wir, w\u00e4hrend unserer Jugend, einfach keinen Kakao mochten, aber anscheinend war das ein Irrtum\", erwidert Beth und nimmt selber einen Schluck der dampfenden, s\u00fc\u00dfen Fl\u00fcssigkeit zu sich.\"Ne, ich habe das einfach Mom zu liebe gemacht, da sie meinte, dass in Kakao zu viel Zucker sei und sie sich Sorgen um meine Z\u00e4hne machen w\u00fcrde\", offenbart uns die Kleine schulterzuckend. \"Aha\", sage ich und muster sie eingehend. Wer war das kleine M\u00e4dchen nur? \"Nun Kleine, du hast deine eigenes Zimmer eingerichtet und eine Hausbesichtigung gemacht und ein paar DVDs angeschaut. Bist du nu bereit?\"\"Bereit wozu?\", fragt sie stirnrunzelnd und ver\u00e4ndert ihre Sitzposition in eine bequemere.\"Hat sie das gerade wirklich gefragt?\", will ich angenervt von Beth wissen.\"Wir wissen nicht, wie schlimm die Erinnerungen sind, also lass ihr Zeit\", meint Beth und l\u00e4chelt die Kleinen freundlich an.\"Wir haben aber keine Zeit, verdammt nochmal!\"\"Ich wei\u00df\", fl\u00fcstert E und rollt sich auf der Couch zusammen. \"Ich werde euch nun die Wahrheit \u00fcber unsere Vergangenheit erz\u00e4hlen!\"Beth und ich setzen uns jeweils neben E und halten sie im Arm, als sie zu erz\u00e4hlen beginnt. \"An ihrem vierzehnten Geburtstag bekam Elizabeth von ihren besten Freunden einen Ausflug nach Micada geschenkt, dort wollten sie shoppen und in einen gro\u00dfen Vergn\u00fcgungspark gehen. Ihre besten Freunde waren:der damals noch charmante Michaeldie Asiatin Maggi, die nicht auf den Mund gefallen war;der Schwule Max mit seiner immer guten Laune;Steph, eine Blondine mit einen IQ von \u00fcber 120;der sch\u00fcchterne Sportler Luke, Stephs Freund;und Ange, die mit Max ein eingeschworenes Gespann war. Diese Clique war von den Menschen so ungew\u00f6hnlich, dass sie umso besser zusammenzupassen schienen. An dem Tag, an dem sie Micada besuchten, schien die Sonne und keine Wolke war am Himmel zu erblicken. Die Freunde fuhren mit dem Zug nach Micada und schon am Bahnhof viel diese bunte Gruppe IHM auf...\"\"Ihm? Wer soll das sein?\", frage ich, doch die Kleine reagiert nicht.\"... Sie schlenderten durch die City, kauften sich sch\u00f6ne Dinge und ruhten sich schlie\u00dflich bei einem angesagten Eiscaf\u00e9 \u0001 \u0002 der Zet traf dann auch Maggis Freund Mark auf die Clique und sie beschlossen zum Vergn\u00fcgungspark zu \u0001 \u0002 verfolgte sie auf Schritt und Tritt. Zuerst war er ihnen nur aus reiner Neugierde gefolgte, schlie\u00dflich bekam ER nicht h\u00e4ufig so viele verschiedene Jugendliche auf einem Haufen zu Gesicht, doch dann hatte sich eine Idee in seinem Kopf manifestiert, die IHN nicht mehr loslie\u00df. ER wollte ein ganz besonderes Spiel mit diesen Kindern \u0001 \u0002 so kam es dann auch, dass die Freunde sich nach einem anstregendem aber sch\u00f6nen Tag im Vergn\u00fcgungspark ersch\u00f6pft auf den Nachhauseweg machten, dabei trafen sie auf IHN. ER lockte sie geschickt in ein einsames, IHM bekanntes und genutztes Haus und bet\u00e4ubte sie alle...\"\"Das ist doch ein Scherz, oder? Acht Jugendliche gehen mir nichts, dir nichts mit einem fremden Mann mit und lassen sich dann auch noch in ein unbewohntes Haus locken? So naiv und ungl\u00e4ubig k\u00f6nnen sie doch nicht gewesen sein! Haben sie sich denn \u00fcberhaupt nicht gewehrt?\", frage ich ersch\u00fcttert und tausche einen verst\u00f6rten Blick mit Beth.\"... Oh, ER war ein schlauer, alter Mann! ER nutzte seine liebensw\u00fcrdiges Aussehen, dass jeden IHN mit seinem Gro\u00dfvater identifizieren lie\u00df, und gab etwas Verlorenheit dazu und bekam so den perfekten K\u00f6der. Elizabeth und ihre Freunde konnten einen solchen verloren, alten Gro\u00dfvater nicht einfach Hilflos stehen lassen. Sie wollten IHN zu seinem Enkel bringen und folgten un\u00fcberlegt den Weisungen des alten \u0001 \u0002 als sie sich hinter den dicken T\u00fcren des alten Gem\u00e4uers befanden, begannen sie zu realisieren, welchen schweren Fehler sie begannen \u0001 \u0002 Jungs, mitsamt Max, versuchten die T\u00fcr einzutreten, doch es war zu sp\u00e4t, denn ER leitete l\u00e4ngst Lachgas in den Luftdichten Raum und schon bald lagen alle bewusstlos auf dem kalten \u0001 \u0002 nach dem anderen brachte er durch alte Tunnel unter den Stra\u00dfen Micadas in sein Labor und schloss sie in seinen Versuchslabors ein. Durch Projektionen ihrer Erinnerungen schuf er R\u00e4ume, die sie beruhigten....\"\"Was soll das hei\u00dfen?\", fl\u00fcstert Beck.\"... Meine Erinnerungen versagen, wenn ich mich an Details erinnern will, doch ich wei\u00df, dass Michael und ich in meinem Zimmer gefangen gehalten wurden. Max und Ange wurden \"zusammengehalten\", Steph und Luke und Maggi und Mark. Als das Szenario perfekt war, begannen seine Versuche...\"\"Welche Versuche?\"; hauche ich.\"... Grausame, widerw\u00e4rtige Versuche. Zuerst folterte ER die Jungen und begann ihnen w\u00e4hrenddessen schreckliche Dinge, die ihr Wesen zu ver\u00e4ndern schien, einzufl\u00f6\u00dfen. W\u00e4hrend die Jungen in den Nebenr\u00e4umen gefoltert wurden, lie\u00df er die M\u00e4dchen dabei zu \u0001 \u0002 die gefolterten Jungen, dann zur\u00fcck in ihre Quartiere kamen, waren sie kaum noch f\u00e4hig auf den Beinen zu bleiben. Zu Beginn versuchten sie noch den M\u00e4dchen die Angst vor den gesehen Qualen zu nehmen, doch mit der Zeit wurden sie immer gereizter und gewaltt\u00e4tiger. Als es so schlimm wurde, dass Lukas Steph fast zu Tode gepr\u00fcgelt hatte, wurden die M\u00e4dchen in eine separaten, gemeinschaftlichen Raum gebracht. Doch damit bezweckte ER weniger Schutz f\u00fcr die M\u00e4dchen, als eine weitere \"Erfindung\" ausprobieren zu k\u00f6nnen. ER setzte den M\u00e4dchen mit kontinuierlichem Gefl\u00fcster, das einiges von den M\u00e4dchen und ihren Gedanken preis gab, zu. So begann sich bald ein stetig wachsendes Misstrauen zu bilden, was die einstige enge Freundschaft zu Grunde gehen \u0001 \u0002 Tages, sowohl die M\u00e4dchen als auch die Jungen waren psychisch und physisch am Ende, gingen die eisernen T\u00fcren auf und niemand war in den Labors zu entdecken. Ein Jahr waren die ehemaligen Freunde in SEINEN F\u00e4ngen gewesen und in dieser Zeit hatte ER nicht nur ihre Freundschaft \u0001 \u0002 die acht Jugendlichen nach einem Jahr das Tageslicht erblickten, fiel einer nach dem anderen in Ohnmacht. Schon bald wurden sie gefunden und in ein Krankenhaus gebracht. Die Eltern, die fast die Hoffnung aufgegeben hatten, waren \u00fcbergl\u00fccklich ihre Lieblinge endlich wieder in ihre Arme schlie\u00dfen zu \u0001 \u0002 Krankenhaus realisierten die \u00c4rzte sehr schnell, dass diese Entf\u00fchrung nicht die typischen Muster entsprach und dass an den Kindern sowohl psychische als auch physische Experimente praktiziert wurden. Und dass man ihnen nur helfen konnte, wenn man in Erfahrung brachte, was mit ihnen geschehen war. Eine Spezialeinheit der Polizei fand SEINE geheimen Laboratorien und Wissenschaftler machten sich daran de Geheimnisse zu entschl\u00fcsseln. W\u00e4hrenddessen erwachten die Kinder aus ihrem langen Schlaf und schon bald merkte man, dass sie die grauenvollen Erinnerungen verbannt hatten und sich an nichts erinnern konnten. Man entschied sich, dass die \"Ausl\u00f6schung\" der Erinnerungen das Beste f\u00fcr die Kinder sei und so wurden sie unter stetiger Beobachtung \u0001 \u0002 erhoffte sich, dass man mehr Informationen \u00fcber den Entf\u00fchrer und die Experimente in den Laboratorien herausfinden w\u00fcrde, doch nichts der Gleichen geschah. So vergangen die Jahre und \"die Beobachter\" entdeckten Ver\u00e4nderungen am Verhalten der Jugendlichen. Doch diese Ver\u00e4nderungen waren von so kurzer Dauer, dass man sie einfach als Nebenwirkung abtat. Man erhoffte sich, dass die acht ohne bleibende Sch\u00e4den weiterlebten und sich niemals an die Geschehnisse erinnern vermochten. Doch dieser Wunsch und die dabei entstehende Ignoranz lie\u00df die Beamten die roten Warnblinkleuchten nicht erkennen. Und so geschah es, dass SEIN perfide Plan in die Tat umgesetzt wurde...\"\"Wie war sein Name?\", fragt Beth mit zitternder Stimme.\"... Professor... ich kann mich nicht erinnern!\"\"Was f\u00fcr ein perfider Plan?\", will ich von der Kleinen wissen.",
            "wordcount": "1.382",
            "chapter_release": "25.05.2012",
            "chapter_number": "16"
        },
        "17": {
            "text": "\"Uns alle zu t\u00f6ten!\"\"WAS?\", rufe ich und springe vom Sofa auf. \"Der verr\u00fcckte Professor will uns umbringen?\"\"Naja, zuvor wird uns wohl Michael t\u00f6ten\", erwidert Beth verbittert und erhebt sich ebenfalls.\"Ihr versteht nicht!\"\"Was sollen wir nicht verstehen?\", frage ich aufgebraust.\"Du meinst doch nicht etwa...? Oh, dass ist nat\u00fcrlich genial!\", meint Beth und l\u00e4sst sich ersch\u00f6pft in einen der Sessel fallen.\"K\u00f6nnte mich bitte jemand aufkl\u00e4ren?\" Ich blicke von einer zur anderen, da trifft mich die Erkenntnis. \"Ihr glaubt doch nicht etwa... Das darf einfach nicht sein! Was f\u00fcr ein Schweinehund! Ich will verdammt nochmal wissen, was er uns damals noch angetan hat! Denn wenn ihr mit euren \u00dcberlegungen richtig liegt, dann hat der verr\u00fcckte Professor bestimmt seine Finger im Spiel!\" Hey Leute!Nach knapp zwei Jahren nun die Fortsetzung! Der Grund: Abitur erledigt :DIch hoffe, ihr freut euch trotz der langen \u0001 \u0002 Ripred ;) \"Also... 1. Wir wissen, dass wir vor mehr als zehn Jahren von diesem 'Professor' entf\u00fchrt worden sind. 2. Michael wurde von ihm so gepolt, dass er das Verlangen versp\u00fcrt Elizabeth, im Endeffekt also uns, umzubringen....\", fasst Beth zusammen.\"Mir ist da gerade so ein Gedanke gekommen\", unterbreche ich sie. \"Ich habe doch so ein Piepen vernommen, als ich bei ihm war! Erinnert ihr euch?\" Ich schaute die beiden an und sie nickten. \"Was w\u00e4re, wenn der Professor so Michael beeinflusst? Er wei\u00df, was er uns da antut, aber in manchen Momenten scheint er, er selbst zu sein. Er war derjenige, der die Ereignisse von vor zehn Jahren angesprochen hat. Ich denke, er glaubt, dass wir eine L\u00f6sung finden, wenn wir das Vergangene studieren. Doch sobald das Signal ert\u00f6nt, ist er wie ferngesteuert und sein Charakter scheint sich zu ver\u00e4ndern.\"\"Ich glaube, er war der erste, der sich zu erinnern begann. Vielleicht hat er sogar begonnen, Recherche zu betreiben\", sagt E.\"Und so kam es, dass er der erste war, den der Professor, sagen wir mal, 'aktivierte'\", f\u00fchrt Beth die \u00dcberlegungen weiter. \"Es kann also sein, dass wir bis jetzt die einzigen sind, die gefangen wurden. Das w\u00fcrde auch drittens erkl\u00e4ren: 3. Nach der Aussage von Michael, schien bis zu diesem Moment niemand au\u00dfer ihm sich zu \u0001 \u0002.Das, was uns allen angetan wurde, hatte nur ein Ziel: uns so zu ver\u00e4ndern, dass wir, sobald ihm die Zeit passend erschien, uns gegenseitig t\u00f6ten. Aus einstigen Freunden sollten M\u00f6rder \u0001 \u0002. Nach E's Erz\u00e4hlungen zu urteilen, scheint der 'Professor' schon h\u00e4ufiger Versuche am menschlichen Bewusstsein gemacht zu \u0001 \u0002. Der 'Professor' glaubt nicht, dass man das, was geschehen wird verhindern, geschweige denn mit ihn im Verbindungen bringen kann.\"\"Wir werde uns nicht kampflos ergeben\", sage ich und stehe von dem Sofa auf. \"Ich werde mit Michael reden!\"\"Das wird nicht funktionieren Liza!\", erwidert Beth.\"Ein Versuch ist es wert\", meint \u0001 \u0002 diesem Moment sp\u00fcre ich, dass unser Bewusstsein erwacht.\"Hallo Michael!\"\"Liza.\"Ich erstarre, vor mir kniet nicht Michael, sondern ein alter Mann.",
            "wordcount": "548",
            "chapter_release": "25.05.2012",
            "chapter_number": "17"
        },
        "18": {
            "text": "\"Hallo Michael!\"\"Liza.\"Ich erstarre, vor mir kniet nicht Michael, sondern ein alter Mann.\"Wer sind Sie?\", frage ich verunsichert, obwohl ich die Antwort bereits kenne. \"Na, na! Das solltest du bereits wissen. Immerhin warst du die Cleverste von allen. Ich habe dich \u00fcber die Jahre nie aus den Augen verloren. Es war wirklich erstaunlich. Einer nach dem anderen ver\u00e4nderte sich. Ihre dunkle Seite kam immer mehr zum Vorschein. Nur du... Du warst und bist etwas Besonderes... Eine K\u00e4mpferin... Deine F\u00e4higkeit, dich zu spalten, ohne dies wahrzunehmen, ist beeindruckend. Noch beeindruckender ist aber deine St\u00e4rke. Auch die andere hat lange Zeit nicht geschrieen, doch dann aber konnte ich sie brechen. Dann aber bist du erschienen und der Spa\u00df konnte von neuem beginnen. Dein K\u00f6rper ist aber ein Problem. Auch wenn dein Geist sich generiert, dein K\u00f6rper tut es nicht. Bevor wir also weitermachen k\u00f6nnen, musst du dich erholen!\"Meine Gedanken rasen. Er wei\u00df von Beth und E! Und er hat uns beobachtet! Wie k\u00f6nnen wir ihn nur stoppen?\"Ich muss gestehen, es ist faszinierend, dass du die st\u00e4rkste von euch dreien bist. Eigentlich dachte ich, dass es Beth oder E sein w\u00fcrde. Du erschienst mir so schwach, schlie\u00dflich konntest du nicht mit den Erinnerungen umgehen und hattest somit in den vergangenen elf Jahren ein unbeschwertes Leben. Dass du aber, nachdem du nach und nach die Wahrheit von den beiden erfahren hast, nicht zusammengebrochen bist, hat mich fasziniert. Ganz im Gegenteil sogar du hast begonnen zu k\u00e4mpfen! Deine Fortschritte waren au\u00dfergew\u00f6hnlich. Ich frage mich, was wohl passieren w\u00fcrde, wenn du dich nach all den Jahren wieder zusammensetzen w\u00fcrdest. Welcher Teil von dir werden \u00fcberleben und welcher nicht? Ob ihr es wirklich schafft, mich zu besiegen, so wie Michael es sich w\u00fcnscht?\"Woher wei\u00df er das alles?\"Woher ich wei\u00df, was du bzw. ihr in eurem Unterbewusstsein treibt? Sagen wir mal so, ich habe damals einige nette Spielereien von mir an euch ausprobiert.\"\"Warum?\", hauche ich. Es ist das erste Mal, dass ich ihm direkt in die Augen schaute. Sie waren von einem warmen braun, doch man konnte die K\u00e4lte und den Wahnsinn ersp\u00e4hen. \"Warum? Weil ihr es provoziert habt. An dem Tag, an dem ich euch traf, war es schon Monate her, dass ich gespielt hatte. Ich hatte es versprochen. Aber... Es war zu verlockend. Ihr wart so eine fesselnde Gruppe. So unterschiedlich und doch so eng verbunden. Man konnte das enge Band der Freundschaft f\u00f6rmlich sehen. Euch ist es vielleicht nicht aufgefallen, doch alle bewunderten euch. Ihr strahltet eine Kraft aus, die f\u00fcr Jugendliche euren Alters au\u00dfergew\u00f6hnlich war. Es schien, als k\u00f6nnte nichts und niemand euch trennen. Was f\u00fcr eine Herausforderung das nicht f\u00fcr mich war. Als ich euch geholt hatte, war es beinahe entt\u00e4uschend, wie schnell alle aufgaben. Du aber.... Mein Gott... So etwas hatte ich noch nie gesehen. Mit deinen vierzehn Jahren hattest du etwas in deinem Blick, das mich erschaudern lie\u00df. Obwohl die M\u00e4dchen sich gegenseitig misstrauten, warst du ihr Anker. Dir ist es zu verdanken, dass sie alle \u00fcberlebten... Glaubst du mir nicht? Wir haben nun viel Zeit, bis du dich erholt hast. Ich werde dir einige Aufzeichnungen vorspielen... Sogar die Jungen konnten deine Kraft sp\u00fcren und hielten sie durch...\" Der Professor sch\u00fcttelt seinen Kopf und verl\u00e4sst den Raum, ohne mir seinen Namen verraten zu haben.",
            "wordcount": "568",
            "chapter_release": "25.05.2012",
            "chapter_number": "18"
        },
        "19": {
            "text": "\"Es tut mir Leid, aber ich kann dir nicht helfen. Er steuert mich irgendwie\", entschuldigt sich Michael matt und reichte mir einen Teller.\"Das hab ich schon vermutet. Wie lange hat er dich schon in seiner Gewalt?\", frage ich und nahm einen Bissen.\"Ich bin mir nicht ganz sicher. Mir ist mein Raum-Zeit-Gef\u00fchl nach und nach abhandengekommen. Ich sch\u00e4tze vielleicht zwei Jahre?\"Ich verschlucke mich und bekomme einen Hustenanfall.\"ZWEI Jahre? Wie konntest du so lange verschwinden, ohne dass dich jemand vermisst hat?\"\"Ich habe niemanden mehr. Meine Eltern sind vor ein paar Jahren bei einem Verkehrsunfall ums Leben gekommen. Und mit den Leuten von damals habe ich nichts mehr zu tun.\"\"Hast du denn keine Freunde oder andere Verwandte, die sich um dich sorgen? Oder vielleicht Arbeitskollegen?\"\"Ich hatte das Gl\u00fcck ein duales Studium machen zu d\u00fcrfen. W\u00e4hrend meiner Studienzeit haben ein Komitolere und ich eine Software entwickelt. Sie war so bahnbrechend, dass wir, nach dem Verkauf, uns keine Sorgen mehr machen mussten. Kurze Zeit sp\u00e4ter begann ich mich zu erinnern und ich verabschiedete mich von den Leuten, die mir am nahsten standen und ging auf die Suche. Es war eine Reise in unsere Vergangenheit. Ich bin ihm wohl zu nahe gekommen, denn irgendwann bin ich ihm in die Falle gegangen. Seitdem bin ich hier...\" \"Warum kannst du mir das eigentlich alles erz\u00e4hlen? Hat er dich nicht in der Hand?\", frage ich einer Eingebung folgend.\"Das ist schwer zu erkl\u00e4ren. Ich befinde mich in einem stetigen Kampf. Ich versuche die Oberhand zu behalten, doch in gewissen Situationen bin ich einfach zu schwach und er \u00fcbernimmt die Kontrolle.\"\"Hm... Ganz verstehen tue ich es zwar nicht, aber... Wenn ich das jetzt also richtig verstanden habe, hei\u00dft das soviel, dass du dich relativ frei, also frei von ihm, bewegen, denken und handeln kannst, bis eine gewisse Grenze \u00fcberschritten wird?\"\"So ungef\u00e4hr stimmt das wohl...\"\"Hei\u00dft das, das du mir helfen kannst?\"\"Kommt drauf an...\"\"Vielleicht habe ich gerade eine L\u00f6sung gefunden\", sage ich und erwidere Michaels vewirrten Blick. \"Ich werde dir sp\u00e4ter alles erkl\u00e4ren.\"",
            "wordcount": "377",
            "chapter_release": "25.05.2012",
            "chapter_number": "19"
        },
        "2": {
            "text": "Ich rannte-nicht in der Realit\u00e4t, sondern in meinem Bewusstsein. \"Sie\" verfolgte mich. Es war erst eine Woche her, dass ich blut\u00fcberstr\u00f6mt aufwachte und mir klar wurde, dass es nun kein zur\u00fcck mehr gab.\"Ich kriege dich, wo auch immer du steckst!\", ert\u00f6nte es hinter mir und ich beschleunigte mein Tempo. \"Du wei\u00dft, dass wir ein und dieselbe Person sind. Du kannst dich nicht vor mir verstecken?\"\"Wer sagt denn, dass ich mich vor dir verstecke?\"\"Was? Was soll das hei\u00dfen?\"\"Das wirst du noch fr\u00fch genug erfahren!\"Nach und nach kamen meine Erinnerungen zu meinem ersten Jagd zur\u00fcck. Ich war von einer Party zur\u00fcckgekommen. Mein Freund setzte mich vor der Haust\u00fcr ab und ich ging schlafen, doch als ich die Augen schloss, erwachte \"sie\" zum ersten Mal. Ich wusste nicht, warum \"sie\" sie erwacht war oder welches Ziel \"sie\" verfolgte, doch es verhie\u00df nichts Gutes. \"Sie\" versp\u00fcrte solch eine Wut, dass \"sie\" nicht still im Bett liegen bleiben konnte. Rastlos und mit rasenden Gedanken wanderte \"sie\" stundenlang durch den Wald. Als ihr ein Reh \u00fcber den Weg lief und \"sie\" fast zu Tode erschreckte, reagierte \"sie\" fast reflexartig und erledigte es. Mir war bis heute schleierhaft, wie \"sie\" es geschafft hatte, doch durch diese Tat fand \"sie\" gefallen an der Jagd, denn so konnte \"sie\" ihre Wut bezwingen. \"Hab ich dich.\" Ich war nicht allzu \u00fcberrascht, als \"sie\" pl\u00f6tzlich vor mir stand. Mein Spiegelbild runzelte die Stirn. \"Was stimmt heute nur nicht mit dir?\"Seit sieben Tagen studierte ich nun ihr Verhalten und ich verstand immer mehr wie \"sie\" zu denken.\"Finde es heraus!\"\"Das werde ich, doch nun...\", hauchte mein Spiegelbild verf\u00fchrerisch und kam auf mich zu. Ich wich keinen Schritt zur\u00fcck, da ich das Spiel schon seit Tagen immer wieder aufs Neue mit ihr spielte.\"Auch wenn du nun \u00fcbernimmst, wirst du nicht entkommen.\"\"Ja, dass wei\u00df ich, aber ich wei\u00df auch von dem Keller unter uns.\"\"Ich vertraue auf meine Freunde, dass sie nicht so dumm waren, ihn zu vergessen!\"\"Wir werden es schon bald herausfinden! Und nun schlaf!\" Ihre Augen gl\u00fchten rot auf und \"sie\" \u00fcbernahm meinen K\u00f6rper. Sobald dies geschah, f\u00fchlte es sich an, als w\u00e4re ich in einer Arte Trance gefangen . Ich sah, was \"sie\" tat, doch eingreifen konnte ich nicht.\"Sie\" \u00f6ffnete die Luke unter dem Teppich im Wohnzimmer und stieg hinab in den Keller. Es war stockdunkel. Zielstrebig lief \"sie\" zu anderen Ende des Raumes. Dort befand sich eine T\u00fcr, die in den Garten hinter dem Haus f\u00fchrte. Sie war zwar verschlossen, da aber ich wusste, wo der Ersatzschl\u00fcssel versteckt war, so wusste auch \"sie\" es. Ich merkte, wie sich mein Gesicht zu einem Grinsen verzog, als die T\u00fcr ohne ein weiteres Hindernis aufschwang.\"Show Time!\"Ich musste ein Messer aus der K\u00fcche mitgenommen haben, denn ich sp\u00fcrte dessen Gewicht unter meinem T-Shirt. Mit zielstrebigen Schritten begann \"sie\" ihre \u0001 \u0002 einer Kreuzung begegnete \"sie\" einen meiner Nachbarn. Ein junger Mann, der schon lange ein Auge auf mich geworfen hatte.\"Guten Abend!\", haucht \"sie\" mit einer verf\u00fchrerischen, rauchigen Stimme.\"Hallo! Wie geht es dir?\"\"Sehr gut und dir?\"\"Jetzt, wo ich dich getroffen habe, kann es mir nur gut gehen!\"\"Gut\", sagte \"sie\" verschmitzt und die Augen des jungen Mannes leuchteten vor Verlangen auf. \"Sie\" nahm seine Hand und zog ihn mit sich. Wir gingen erneut durch den Keller, da die Haust\u00fcr versperrt war. Dem jungen Mann schien das jedoch nicht komisch vorzukommen. Er war damit besch\u00e4ftigt mit seinen H\u00e4nden meine Kleidung auszuziehen. In der Wohnung angekommen, stand \"sie\" nackt vor ihm. Er betrachtete den nackten K\u00f6rper mit gierigem Blick. Wohin das Messer verschwunden war, wusste ich \u0001 \u0002 begann ihre Br\u00fcste zu streicheln und \"sie\" f\u00fchrte ihn in mein Schlafzimmer. Als wir an meinem Spiegel vorbeikamen, wurde ich schlagartig daran erinnert, dass das eigentlich ja mein K\u00f6rper war. Ich versuchte mit aller Kraft, \"sie\" aus meinem Bewusstsein zu verdr\u00e4ngen.\"Oh Gott, du bist so wundersch\u00f6n!\", hauchte er und schob ihn langsam in mich hinein. Sie hatten Stunden lang ihren Spa\u00df, w\u00e4hrend ich versuchte wieder die Oberhand zu gewinnen. Doch irgendwann hatte \"sie\" genug. Der junge Mann war gerade vor Ersch\u00f6pfung eingeschlafen, da erhob \"sie\" sich. Ich f\u00fchlte den vernichtenden Blick, den \"sie\" ihm zu warf. In der K\u00fcche betrachtete \"sie\" meine Messer und w\u00e4hlte ein extrem scharfes, japanisches Exemplar \u0001 \u0002 im Schlafzimmer hielt \"sie\" ihm das Messer an die Kehle. \"Wach auf, mein V\u00f6gelchen\", sagte \"sie\" und er \u00f6ffnete benommen die Augen. \"Bist du bereit zu spielen?\"\"Was zum Teufel...?\", rief er erschrocken. \"Ich hoffe, du entt\u00e4uscht mich nicht und wir haben noch viel Spa\u00df miteinander. Und nun steh auf und geh ins Esszimmer.\" \"Sie\" lie\u00df ihn keinen Moment aus den Augen, w\u00e4hrend er sich erhob. \"Hier, zieh das \u00fcber. Das Elend da unten will nun wirklich niemand mit ansehen.\"Im Esszimmer kettete \"sie\" den jungen Mann an einen Stuhl und musterte ihn einige Minuten lang.\"Du bist ein gutes Opfer, um zu demonstrieren, zu was ich f\u00e4hig bin!\"W\u00e4hren ich die Szenerie verfolgte, erkannte ich, dass dies nur meinetwegen geschah. \"Die Frage ist nur, wo fange ich an?\"\"Tue mir bitte nichts! Ich habe dir nichts getan\", wimmerte er.\"Nein, noch hast du nichts getan, aber du beobachtest mich. Als ich vorhin aus dem Haus ging, bist du mir gefolgt. Damit es so aussieht, als ob du mir zuf\u00e4llig begegnest, hast du Abk\u00fcrzung genommen, um im selben Moment an der Kreuzung zu sein. Und w\u00e4re ich dir jetzt nicht zuvor gekommen, h\u00e4ttest du mich solange benutzt, bis ich dich gelangweilt h\u00e4tte, dann h\u00e4ttest du auch mich entsorgt.\"Erstaunt blickte ich den jungen Mann an. Er war mir schon einige Male aufgefallen- wenn ich einkaufen oder joggen war. An seinen Namen jedoch konnte ich mich nicht erinnern. Fasziniert bemerkte ich, wie sich das Verhalten des jungen Mannes ver\u00e4nderte.\"Du Schlampe!\", schrie er nun w\u00fctend.\"Na, na, na! Das sagt man aber nicht zu einer feinen Dame. Je w\u00fctender du mich machst, desto qualvoller wird dein Ende sein.\"Angst. \"Gut, dann fange ich jetzt an.\" Ich wusste nicht, was ich tun sollte. Anscheinend war dieser junge Mann kein guter Mensch. Er hatte es wahrscheinlich verdient, aber hatte ich es? War ich bereit, meine H\u00e4nde ein drittes Mal schmutzig zu machen? - Ich wusste es nicht!\"Sie\" setzte das Messer an der Wade an und f\u00fchrte es einmal um das Bein herum. Er schrie vor Schmerzen au.\"Wolltest du das mit mir machen oder das hier?\"\"Sie\" schneidet ihm einen Kreis um den Bauchnabel herum in die Haut.\"Oder vielleicht das?\" \"Sie\" hackt ihm den rechten Ringfinger ab. Ich sp\u00fcrte, wie Wut in ihr aufkam.\"Aber ich werde das tun!\", sagte \"sie\" w\u00fctender, als ich \"sie\" je zuvor erlebt hatte, und stich ihm das Messer in den \u0001 \u0002 schmerzerf\u00fclltes Br\u00fcllen erklang im ganzen Haus.\"Vielleicht dachtest du, dass ich das selbe mit dir vorhabe, wie du mit mir, aber ich werde dich nicht t\u00f6ten.\", sagte \"sie\" verbittert. \"Ich werde jedoch das Schicksal entscheiden lassen, ob du \u00fcberlebst. Und jetzt hoch mit dir. Ich werde dich in das n\u00e4chste Krankenhaus bringen.\" Und so schnitt \"sie\" ihm die Pulsadern an beiden Armen auf bevor sie die Fesseln \u0001 \u0002 des hohen Blutverlustes, konnte der junge Mann sich kaum auf den Beinen halten und taumelte nur langsam Richtung Auto. \"Sie\" f\u00e4hrt los und h\u00e4lt in einer Gasse, die zwei Stra\u00dfen vom n\u00e4chsten Krankenhaus entfernt war. Mit letzter Kraft hievt \"sie\" ihn aus dem \u0001 \u0002 wir wieder zuhause waren, versetzte \"sie\" sich in Trance und gesellt sich zu mir.\"Du hast es gesehen, nicht wahr?\"\"Ja.\"\"Dein geistlicher Widerstand wird gr\u00f6\u00dfer. Vielleicht schaffst du es beim n\u00e4chsten Mal, mich auf zu halten.\"\"Das werde ich!\"\"Wir werden es sehen! Keine Angst, ich habe ihm Medikamente verabreicht, die ihn die letzten 24 Stunden vergessen lassen\", sagt \"sie\" grinsend. \"Ich ruh mich jetzt aus. Du kannst die Sauerei dann wegmachen.\"",
            "wordcount": "1.496",
            "chapter_release": "25.05.2012",
            "chapter_number": "2"
        },
        "3": {
            "text": "W\u00e4hrend ich das Blut weg wischte, rasten die verschiedensten Gedanken durch meinen \u0001 \u0002 Absichten hatte \u201csie\u201c?Ihr Verhalten war so widerspr\u00fcchlich, dass ich nicht verstand, welchen Sinn es \u0001 \u0002 \u201csie\u201c das Reh erledigte, tat \u201csie\u201c es zwar aus freien St\u00fccken, doch mein Bauchgef\u00fchl sagte mir, dass es bei all ihren Taten darum ging, etwas zu bew\u00e4ltigen und mich zu besch\u00fctzen. K\u00f6nnte ich mich mit ihren Taten abfinden?Ich wusste es \u0001 \u0002 wrang den blutigen Lappen \u00fcber dem Eimer voll Wasser aus, als mich pl\u00f6tzlich ein grauenvoller Schmerz zum Boden st\u00fcrzen lie\u00df. Mein Herz raste wie verr\u00fcckt, mein Magen f\u00fchlt sich an, als w\u00fcrde mich jemand schlagen und meine Kehle wurde scheinbar zu gedr\u00fcckt. \u201cSie\u201c erwachte, doch ihre Reaktion war anders, als erwartet.\"Beruhige dich! Es wird alles wieder gut, nur nicht die Nerven verlieren!\", sagte \"sie\" verzweifelt.\"Wenn du zu l\u00e4sst, dass du dich erinnerst, ist alles verloren! Du wirst nie wieder dein Leben so weiterf\u00fchren k\u00f6nnen wie bisher, also beruhige dich!\"\"Ich versuch es!\", stie\u00df ich schmerzerf\u00fcllt hervor.\"Sch-sch... Alles wird gut, denk an deinen Urlaub im Juli. Maggi und du werdet euch am Strand aalen und hei\u00dfen Jungs beim Volleyball zu schauen. In Barcelona werdet ihr euch eine Urlaubsaffaire anlegen und die Sau rauslassen.\"\"Ich wei\u00df wirk...\"\"Dann streng dich an!\", schrie \"sie\" verzweifelt. Ich war von den Schmerzen ersch\u00f6pft, die immer schlimmer wurden. Mittlerweile pochte auch mein Kopf h\u00f6llisch. Nur einen Gedanken konnte ich nicht loswerden. Was war nur mit ihr geschehen? Seit sieben Tagen qu\u00e4lte \"sie\" mich. Doch nun machte \"sie\" sich scheinbar gro\u00dfe Sorgen um mich. Ich sah Tr\u00e4nen in ihren Augenwinkeln.\"Weinst du etwa?\", fl\u00fcsterte ich erstaunt.\"Lass ihn nicht gewinnen!\"\"Wen soll ich nicht gewinnen lassen?\"Ein stumpfer Schmerz durchfuhr meinen Kopf und eine Erinnerung tauchte \u0001 \u0002 hagerer Mann stand vor mir und blickte auf mich herab. Meine H\u00e4nde waren an eine Heizung gefesselt und ich trug nur Unterw\u00e4sche.\"Michael, was soll das? Wann ist nur das aus dir geworden?\", fragte mein anderes ich matt. \"Erinnerst du dich an den Tag vor zehn Jahren? Wir kamen von dieser verr\u00fcckten Party und hatten ein wenig zu viel getrunken. DU hast mich scharf gemacht und dann abblitzen lassen, dass konnte ich doch nicht so stehen lassen. Als du hinein gegangen bist, bin ich dir gefolgt! Deine Eltern waren an diesem Wochenende verreist, sodass wir ungest\u00f6rt waren. In deinem Zimmer lagst du auf dem Bett, als ich hereintrat. Anfangs hast du dich gew\u00e4hrt, doch dann warst DU willig und hast all meine W\u00fcnsche erf\u00fcllt. Irgendwann bin ich dann eingeschlafen und DU bist abgehauen. Es war wirklich eine Glanzleistung, wenn man bedenkt, in welcher Verfassung du damals warst. DU hast es in den Wald geschafft, wo ich dich nicht finden konnte. DU warst mehrere Wochen verschwunden und deine Eltern hatten die Polizei informiert. Ich hatte wirklich Angst, dass, wenn sie dich finden, DU ihnen alles erz\u00e4hlen w\u00fcrdest. Doch als man dich fand, warst du eine Wilde. Irgendwoher hattest du ein Messer bekommen und ein Reh abgeschlachtet, von dem du dich ern\u00e4hrt hattest. Deine Eltern sind mit dir weggezogen, als man erkannte, dass du keinerlei Erinnerungen hattest. ZEHN JAHRE habe ich gebraucht, um dich wieder zu finden, doch nun werden wir unseren Spa\u00df haben, nicht wahr?\"Der Schmerz verzog sich und ich blickte \"sie\" an. War das wirklich eine Erinnerung gewesen oder vielleicht doch die Realit\u00e4t.\"Sie\" hatte den Blick von mir abgewendet.\"Was war das?\", hauchte ich noch immer ersch\u00f6pft.\"Du wei\u00dft, was das war! Ich wollte wirklich, dass du nicht dahinter kommst Ich habe alles f\u00fcr dich, nein f\u00fcr uns ertragen, damit nicht unsere gesamte Seele zerbricht, doch sein Einfluss ist einfach zu stark. Ich schaffe es gerade so, dich hier in dieser Illusion gefangen zu halten. Ich w\u00fcrde nicht damit fertig werden, wenn du das, was er mir/uns antut, miterleben m\u00fcsstest\", fl\u00fcsterte \"sie\" leise. Zum ersten Mal nahm ich \"sie\" in ihrer wahren Gestalt war. Lange dunkelblonde Haar, kristallblaue Augen, lange Beine. \"Sie\" war ich.\"Wenn du ehrlich bist, dann ist dir die Illusion schon l\u00e4ngst aufgefallen! Nirgendwo stehen Bilder von Personen, die uns wichtig sind und auch dein gesamtes Leben hast du verdr\u00e4ngt. Die M\u00e4nner, die ich beides Mal verletzte, waren ein und die selbe Person. Es ist Michael! Hier ist es mir m\u00f6glich, mich an ihm zu r\u00e4chen, um so nicht den Verstand zu verlieren. Es war einfacher, als du mich f\u00fcr einen D\u00e4mon hieltest, denn so hast du keinen Verdacht gesch\u00f6pft, aber jetzt? Unser Bewusstsein f\u00fcgt sich langsam wieder zusammen\", sagte \"sie m\u00fcde. \"Versprich mir, dass du solange du kannst, an diesem sicheren Ort verweilst!\"Ich blickte mein zweites Ich an und dachte \u00fcber die gesprochenen Worte nach. Das mit den Bildern war mir schon aufgefallen und was war mit dem Rest? Ja, meine Erinnerungen waren verzerrt. Ich konnte kaum etwas fassen. Keine Personen und Orte. Ich kannte nicht einmal meinen Namen.\"Wie lautet unser Name?\"\"Elizabeth! Du kannst mich Beth nennen!\"Da das nun gekl\u00e4rt war, besch\u00e4ftigten sich meine Gedanken mit Wichtigerem. Der Mann in der Vision sah tats\u00e4chlich genauso aus wie der, den Beth verletzt hatte. Doch konnte ich Beth vertrauen?Ich vertraute meinem Bauchgef\u00fchl und das war der Meinung, dass Beth die Wahrheit sagt. \"In Ordnung! So lange wie es geht, aber du h\u00f6rst auf, andere zu verletzen und gib dir endlich ein eigenes Aussehen. Es ist schlie\u00dflich eine Art Traumzustand, also musst du es kontrollieren k\u00f6nnen!\"\"Oh, entschuldige, ich wollte nur meinen Spa\u00df an der Sache haben\", sagte mein zweites Ich grinsend und nickte zustimmend. Und schon materialisierte sich ein zweites Ich vor mir, das auf eine eigene Art und Weise ganz anders ausschaute.",
            "wordcount": "1.000",
            "chapter_release": "25.05.2012",
            "chapter_number": "3"
        },
        "4": {
            "text": "\"Gibst du mir meine, entschuldige, unsere Erinnerungen wieder oder erz\u00e4hlst du mir wenigstens das Wichtigste?\", frage ich und stopfe Eiscreme in mich hinein. Beth schaut mich Kopfsch\u00fcttelnd an.\"Ich wei\u00df nicht so recht. Meiner Meinung nach solltest du die von uns beiden sein, die nach alledem ein unbeschwertes Leben leben kann.\"\"Wie soll ich denn ein Leben leben, wenn wir nicht komplett sind?\"\"Du wei\u00dft, was ich meine!\"\"Mhm... ja...\" Ich genie\u00dfe das Eis in vollen Z\u00fcgen.\"Das kann nicht gesund sein!\"\"Ist es wahrscheinlich nicht, aber da dies hier eine fiktive Welt ist, kann ich tun und lassen, was ich will!\"\"Da hast du auch wiederum recht!\"\"So... und nun erz\u00e4hlst du mir den Grund, warum wir an die Heizung gekettet sind!\"\"Also... Wei\u00dft du.... Ich kann das nicht!\"\"Wenn du es mir nicht erz\u00e4hlen kannst, dann lass mich erinnern!\"\"Nein, auf keinen Fall!\"\"Du musst dich entscheiden, sonst kann ich dir bzw. uns nicht helfen!\"\"Du brachst mir auch nicht helfen!\"\"Und wie wollen wir dann aus dieser Sache wieder herauskommen?\"\"Mir wird schon etwas einfallen\", erwidert Beth niedergeschlagen.\"Beth, sieh mal. Wir sind ein und die selbe Person, nur halt in zwei St\u00fccke geteilt, dass hei\u00dft, wir erg\u00e4nzen uns. Also, wenn du nicht mehr weiter wei\u00dft, trete ich zur Stelle und helfe dir!\", erwidere ich enthusiastisch.\"Ja, da hast du Recht!\"\"Siehst du, dann ist ja alles klar. Nun, schie\u00df schon los!\"\"In Ordnung! Es begann vor zehn Jahren... Wir waren sechzehn und gingen mit Michael auf eine Party, doch irgendwann war ich m\u00fcde und wollte unbedingt nachhause, doch Michael war noch nicht bereit, seine Freunde zu verlassen. Sie hatten gerade das vierte Fassbier leer gemacht, was nur mit vier Mann eine beachtliche Menge \u0001 \u0002 suchte nach Steph, die sich vor einiger Zeit ins Get\u00fcmmel geworfen hatte. Als ich sie erblickte, wurde meine Laune nur noch mieser. Sie ging mit Luke in den Wald, dass hie\u00df, ich kam nicht von dieser Party weg. Mir blieb nichts anderes \u00fcbrig, als zu \u0001 \u0002 einer Stunde hatte ich jedoch die Nase voll. Und so ging ich zu Michael hin\u00fcber, was mein Fehler gewesen war. Zu meiner \u00dcberraschung willigte er bereitwillig ein, mich nachhause zu bringen. W\u00e4re ich einige Minuten fr\u00fche vorbeigekommen, h\u00e4tte ich den Streit und die darauf folgende Wette mitbekommen, doch so ging ich ahnungslos mit ihm \u0001 \u0002 meiner Haust\u00fcr gab ich ihm wie immer einen Abschiedskuss und verabschiedete mich dann. Ich ging nach oben, als ich pl\u00f6tzlich die T\u00fcr unten aufgehen h\u00f6rte. Zuerst war ich erschreckt, doch dann dachte ich, dass ich vielleicht etwas vergessen hatte und Michael mir es herauf brachte. M\u00fcde lie\u00df ich mich auf mein Bett sinken und schloss die Augen. Ich h\u00f6rte wie er schwerf\u00e4llig die Treppe hoch kam. Mein Gott, wie viel hatte er denn nur getrunken?Als er in das Zimmer trat, sp\u00fcrte ich, wie er mich anstarte. \"Was ist los? Habe ich...?\", fragte ich m\u00fcde, als er auf einmal begann an mir zu zerren. \"Was soll das?\"\"Du glaubst wohl, ich lasse mir alles gefallen, oder? Seit drei Jahren sind wir nun ein Paar und Tag f\u00fcr Tag warte ich darauf, dass ich endlich ran darf! Meine Freunde machen sich schon lustig \u00fcber mich. Aber nicht mit mir!\", schrie er fast vor Wut. Grob riss er mir die Hose vom Leib. Ich wehrte mich und fiel vom Bett. Langsam kroch ich \u00fcber den Boden, doch er packte mich an den Haaren und \u00f6ffnete seinen Hosenstall. Als ich ihn entgeistert ansah, schlug er mir ins Gesicht. \"Wenn du nett zu mir bist und alles machst, was ich dir sage, dann wird dir nichts passieren?\"Nichts passieren? Du Schwein! Du willst mich doch gerade dazu zwingen, dass...\"Er schlug erneut zu.\"Halt die Klappe oder du wirst dir noch w\u00fcnschen, nie geboren zu sein!\"Er misshandelte mich Stunden lang. Immer wieder drang er in mich hinein oder schlug mich. Zweimal musste ich sogar sein Ding in den Mund nehmen, w\u00e4hrend er mir die Haare herausriss. Irgendwann schlief er dann selbstgef\u00e4llig ein. Dies war meine Chance. Leise zog ich mich an, mein ganzer K\u00f6rper schmerzte von der Misshandlung und so ging langsam die Treppe hinunter. Vorsichtig \u00f6ffnete ich die T\u00fcr, dann rannte ich los. Ich hatte eigentlich kaum noch Kraft und mein K\u00f6rper schmerzte wie die H\u00f6lle, dennoch rannte ich um mein Leben. Einmal dachte ich, ihn zu h\u00f6ren, doch er holte mich nicht \u0001 \u0002 Verstand versuchte das eben Geschehene zu verarbeiten, doch gelang es ihm nicht. Ich dachte \u00fcber die vergangenen zwei Jahre nach, in denen Michael und ich eine wunderbare Beziehung hatten. Nie im Leben h\u00e4tte ich dies vermutet!Erinnerungen der letzten Stunden liefen Gefahr mich zu \u00fcberrennen, so baute mein Verstand ein Schutzschild auf. Mein Ich wurde geteilt und der kleinere, unverletzte und unbek\u00fcmmerte Teil wurde eingeschlossen. Der wilde und verletzte sollte mich am Leben erhalten und daf\u00fcr Sorge tragen, dass das andere Ich in einer heilen Welt erwachen konnte. Mein Verstand setzte aus, meine Erinnerungen wurden verdr\u00e4ngt und der reine Instinkt \u00fcbernahm meinen K\u00f6rper. Wochen lang irrte die Bestie meines Ichs in der Wildnis umher, bis ich eines Tages in meinem Bett erwachte., Blut\u00fcberstr\u00f6mt. Mein sensibles ich kam zum Vorschein und hatte keinen Erinnerungen mehr bis nach der Party. Meine Eltern beschlossen fortzuziehen, damit ich ein normales Leben haben konnte. Denn, was auch immer mir angetan wurde, es w\u00e4re m\u00f6glich gewesen, dass ich mich irgendwann durch ein kleines Ereignis in meiner Umgebung an meine schlimmste Zeit im Leben erinnern w\u00fcrde.... Dass wir w\u00e4hrend der Zeit im Wald ein Reh t\u00f6teten, um zu \u00fcberleben, wei\u00dft du, ja! So begann unser Grauen und Michaels Wahnsinn!\", beendete Beth die, nein unsere Geschichte mit matter Stimme. \"Wie es weiter ging, erz\u00e4hle ich dir ein anderes Mal. Ich muss mich jetzt ausruhen.\" Bleich und ersch\u00f6pft schl\u00e4ft Beth ein. Nach einigen Stunden verschwindet sie und mir ist klar, dass Michael sie geholt hatte. In dieser Zeit gr\u00fcbel ich \u00fcber einen geeigneten Plan.",
            "wordcount": "1.045",
            "chapter_release": "25.05.2012",
            "chapter_number": "4"
        },
        "5": {
            "text": "Ich erwache, als Beth pl\u00f6tzlich beginnt zu schreien. Irgendwann in der Nacht musste sie sich in diese fiktive Welt zur\u00fcckgezogen haben, um sich zu erholen.\"Beth, wach auf! Es ist alles gut\", sage ich beruhigend und nehme sie in den Arm. \"Hier kann dir nichts passieren!\"Wimmernd liegt sie in meinen Armen und irgendwann beginnt sie zu weinen.\"Was hat er dir nur angetan?\"\"Grausame, Abscheu erregende Dinge...\", fl\u00fcstert sie und kann nicht verhindern, dass mich die Erinnerungen \u0001 \u0002 h\u00f6re, wie Michael die T\u00fcr aufschlie\u00dft und das Haus betritt. Nach wenigen Minuten kommt er in dieses Zimmer und gibt mir etwas zu trinken und zu essen.\"Damit wir l\u00e4nger Spa\u00df haben und du nicht zu schnell schlapp machst.\" Dann...\"Nein, du darfst das nicht sehen\", haucht Beth und l\u00f6st sich aus meiner Umarmung. \"Glaubst du, wenn ich das schon kaum ertragen kann, dass du es kannst, Liza?\"\"Ich wei\u00df es nicht! Aber ich sehe doch, wie es dich belastet!\", sage ich frustriert und stehe auf. Ich gehe in die K\u00fcche und hole ein Glas Wasser. \"Danke!\"\"Wie w\u00e4re es damit! Wenn du es wirklich einmal nicht mehr aush\u00e4ltst und zu zerbrechen drohst, wechseln wir!\"\"Nein, auf keinen Fall!\"\"Aber Beth...\"\"Diese Diskussion haben wir schon gef\u00fchrt. Ich werde das nicht zu lassen!\", ruft sie und setzt sich vorsichtig auf. Mir f\u00e4llt auf, dass sie am ganzen K\u00f6rper Prellungen und Schnittwunden hat.\"Was tut er dir nur an?\" Ich sehe, wie eine gewaltiger Schmerz durch sie hindurchf\u00e4hrt und sie zu Boden sinkt.\"BETH! Was ist los?\", rufe ich und versuche sie wach zu r\u00fctteln, doch sie r\u00fchrt sich nicht. Panisch f\u00fchle ich ihren Puls, er ist etwas zu schnell dennoch \u0001 \u0002 beginnt er mich zu schlagen. Immer wieder, bis ich der Besinnungslosigkeit nahe bin. \"So und ich jetzt kannst du dich \u00fcberhaupt nicht mehr w\u00e4hren und ich sch\u00e4tze, auch dein seelischer Widerstand wird bald schwinden.\" Er rei\u00dft mir meine Unterhose vom Leib und beginnt, seinen G\u00fcrtel zu \u00f6ffnen. Ich bin schwach und dennoch will ich nicht Kampflos aufgeben. Als er sich seine Unterhose ausziehen will, nehme ich all meine Kraft zusammen und trete ihn mit voller Wucht in seine Weichteile. Er schreit schmerzerf\u00fcllt auf.\"Du kleines Mistst\u00fcck! Wenn du noch so viel Energie hast, dann wird es eine spa\u00dfige und lange Nacht!\"Er beeil sich und zeiht seine Unterhose aus. Sein Blick gleiten von meinen F\u00fc\u00dfen \u00fcber meine H\u00fcfte, zu meinen Br\u00fcsten und schlie\u00dflich zu meinem Gesicht hinauf. Unsere Augen verankern sich und ich erkenne den Wahnsinn, der in seinen Augen schimmert.\"So wundersch\u00f6n wie damals, wenn nicht noch sch\u00f6ner. Und wie ich herausgefunden habe, hast du einiges an Erfahrung gesammelt! Dann lass mal sehen, was du so kannst!\" Ein Messer! Wie sehr w\u00fcnsche ich mir eines, als ich beginnt mich zu k\u00fcssen. Eine Weile begn\u00fcgt er sich damit, dann steht er auf und holt sich einen runter. Als ich angewidert mein Gesicht verziehe, grinst er nur. Er kommt auf mich zu und steckt mir seinen Schwanz in den Mund.\"Los mach schon! Wenn du auch nur ansatzweise versuchst mich zu bei\u00dfen, werden deine jetzigen Verletzungen dir wie Streicheleinheiten vorkommen!\", sagt er mit so einer ruhigen Stimmer, dass ich ihm glaube. Und so tue ich, was er von mir \u0001 \u0002 \u00fcbergebe mich. \"Das tut er uns an?\"\"Ja...\", sagt sie und wendet den Blick ab.\"Ich verstehe nun vollkommen, warum du ihm die Kehle aufschneiden willst! Wir m\u00fcssen etwas dagegen machen!\"\"Und was? Unsere Eltern leben in Spanien und erwarten unseren n\u00e4chsten Anruf fr\u00fchestens zu Weihnachten. Maggi ist momentan mit ihrem Freund in der Karibik und will nicht gest\u00f6rt werden. Und auch sonst niemand wird uns vermissen, da wir f\u00fcr drei Wochen krank geschrieben sind!\", ruft Beth bitter aus.\"Was ist mit Max?\"\"Ja, unser lieber Max! Der vergn\u00fcgt sich wahrscheinlich momentan mit irgendeinem Kerl und erst in einigen Tagen wird ihm auffallen, dass seine beste Freundin verschwunden ist. Und dann ist auch nicht mal klar, wie lange de Polizei braucht, um uns zu finden!\"\"Wir schaffen das!\"\"Nein, schaffen wir nicht! Michael wird schon bald das Interesse verlieren und dann bringt er uns um, wenn ich bzw. wir nicht vorher schon an inneren Blutungen sterben.\"\"Dann bereiten wir uns vor.\"\"Und wie?\", fragt Beth zweifelnd.\"In dem wir das Unm\u00f6gliche aus unsere jetzigen Situation herausholen!\"",
            "wordcount": "779",
            "chapter_release": "25.05.2012",
            "chapter_number": "5"
        },
        "6": {
            "text": "\"Was?\"\"Nun ja! Dies ist eine fiktive Welt, dass hei\u00dft, dass hier alles m\u00f6glich ist. Wir werden einen Raum genau nach deinen Erinnerungen nachbauen, ein weiterer wird unser Trainingsraum werden. In dem wir gegen Michael k\u00e4mpfen, um uns vorzubereiten.\"\"Ich verstehe kein Wort!\", sagt Beth und richtet sich erneut auf. Dankend nimmt sie wieder das Glas Wasser in gegen.\"Ach, komm schon! So schwer ist das nun auch nicht! Im Moment k\u00f6nnen wir in der Realit\u00e4t nichts ausrichten, doch wenn wir hier unsere Lage analysieren und es irgendwie schaffen uns zu befreien, haben wir eine Chance. Doch wenn wir befreit sind, m\u00fcssen wir noch an Michael vorbei, dass bedeutet, dass wir gegen ihn K\u00e4mpfen m\u00fcssen!\"Ich gehe in dem Raum auf und ab und bin von meiner Idee vollends \u00fcberzeugt.\"Das wird nicht klappen!\"\"Doch wird es, hab vertrauen!\"Trotz Beths Bedenken beginnen wir kurze Zeit sp\u00e4ter, es in die Tat umzusetzen. Beth gestaltet den Raum, in dem wir gefangen genommen sind, da sie die meiste Zeit von uns beiden dort verbracht hat. Ich widme mich wiederum um \u0001 \u0002 Anblick werde ich nie im Leben wieder vergessen und so stelle ich ihn mir vor. Forme ihn in meinen Gedanken und f\u00fcge sein Kampfschema hinzu.\"Was tust du da?\", fragt mich Beth, als sie in den Raum tretet.\"Bist du fertig?\"\"Ja!\"\"Nun ja! Ich habe Michael zwar nur aus deinen Erinnerungen entstehen lassen k\u00f6nnen, doch konnte ich auch aus diesen wenigen Momenten, einiges in Erfahrung bringen. Michael ist ein eher frontaler K\u00e4mpfer ohne R\u00fccksicht auf Verluste. Er mag es, wenn seine Opfer bzw seine Gegner ihm unterliegen. Michael w\u00fcrde niemals gegen jemand st\u00e4rkeren antreten, da er verlieren k\u00f6nnte, deswegen sucht er sich schwache und einfache Ziele aus. Ich habe unserem Michael alle Eigenschaften des wirklichen gegeben, au\u00dfer das ich seine Kraft um einiges verringert habe. Wir sind zwar nicht vollends schwach, doch denke ich, ist es besser, wenn wir uns herauf arbeiten. Wenn wir es dann schaffen, ihn mit seiner wahren Kraft zu besiegen, sind wir bereit!\", sage ich enthusiastisch. \"Und wie ist es dir so ergangen?\"Nun ja!\", sagt sie und wir gehen in das andere Zimmer. \"Wie du siehst ist es ein genaues Abbild des anderen Zimmers. Links von der Heizung ist ein Fenster, wo das Rollo halb herunter gelassen ist. An der rechten Wand h\u00e4ngt nur ein Bild, auf dem auf linken Seite eine Steilk\u00fcste und auf der rechten das Meer mit drei Boote zu erkennen sind. Das Bild kommt uns bekannt vor, da wir es einmal w\u00e4hrend der Abiphase im Unterricht behandelt haben. An der Wand gegen\u00fcber ist nur eine T\u00fcr, durch die wir gerade gekommen sind. Und rechts von der Heizung steht eine Reihe von Regalen, auf denen Unmengen von Zeitschriften und B\u00fcchern stehen. Der Boden ist mit einigen Abf\u00e4llen verdreckt und an der Decke h\u00e4ngst eine einzige Lampe. Dies ist unsere aussichtslose Situation\", beendet Beth ihren Bericht \u00fcber das \u0001 \u0002 blicken uns gedankenverloren um.\"Gut, dann k\u00f6nnen wir ja jetzt beginnen!\"",
            "wordcount": "528",
            "chapter_release": "25.05.2012",
            "chapter_number": "6"
        },
        "7": {
            "text": "\"Gut, dass Mom unbedingt wollte, dass wir Selbstverteidigung erlernen. So kamen wir zum Karate und haben wenigstens eine reelle Chance, es zu schaffen\", sage ich au\u00dfer Atem und blocke einen Angriff. \"Michael \u0001 \u0002\" steht angriffsbereit vor mir. Drei Tage trainieren wir nun schon und wir machen sichtbare Fortschritte. Obwohl wir beide zu Beginn gleich gut waren, lie\u00dfen die reellen \u00dcbergriffe Michaels Beth Kr\u00e4fte auszerren. So kam es, dass nun ich mich in Kampf fordere und sie unsere Chancen in unserem Gef\u00e4ngnis analysiert. Alles wird Digital aufgezeichnet, damit wir beide unsere Fortschritte begutachten k\u00f6nnen.\"Ja, das stimmt, aber wir sind noch nicht gut bzw. weit genug, um uns Michael zu stellen. Du hast es geschafft, in nur drei Tagen das Schwierigkeitsniveau ums f\u00fcnffache zu erh\u00f6hen. Doch Michael ist noch unerreichbar f\u00fcr uns. Meine Fortschritte sind auch nicht herausragend. Das, was ich herausgefunden habe, kann man in einen DinA6 gro\u00dfen Karton geben\", erwidert Beth, die am anderen Ende des Raumes steht und mich beobachtet. Ich weiche gerade einem rechten Harken aus und boxe ihm in die Niere. \"Ja... ich wei\u00df....! Doch lange h\u00e4ltst du es nicht mehr aus! ... Wir... ich muss es ... schaffen\", sage ich keuchend, duckend und schlagend.\"Wohl war\", sagt Beth niedergeschlagen und \u0001 \u0002 sehe sie genauer an und erstarre, was ein gro\u00dfer Fehler ist. Michael trifft mich genau in den Margen und ich gehe keuchend zu Boden.\"Liza!\", ruft sie und kommt auf mich zugest\u00fcrmt. Michael verharrt in der Bewegung.\"Alles ... gut\", entgegne ich und versuche langsam aufzustehen.\"Nicht bewegen!\"\"Mhm!\" Da ich gezwungen bin, vor Schmerzen sitzen zu bleiben, kann ich sie nun genauer betrachten. Beth ist kalkwei\u00df und hat Ringe unter den Augen. Normalerweise retuschiert sie ihre Wunden, wenn sie zu mir kommt, doch heute ist es anders. Ich sehe ihre ganzen Bluterg\u00fcsse und Schnittwunden. In ihren Augen ist zu erkenne, welche Schmerzen sie hat.\"Was ist passiert, Beth?\"\"Nichts!\"\"L\u00fcg mich nicht an! Ich sehe doch, dass es dir nicht gut geht!\"\"Was erwartest du von mir? Seit f\u00fcnf Tagen und sechs N\u00e4chten bin ich nun in seiner Gewalt und er wird immer raffinierter.\"Sie schaut mich w\u00fctend an, doch ich erkenne, dass die Wut ihm und nicht mir gilt.\"Es tut mir Leid! Ich werde noch h\u00e4rter trainieren, damit ich uns befreien kann.\"\"Das wird nicht reichen!\"\"Muss es! Und au\u00dferdem muss die Polizei informiert worden sein! Wenn sie mit unseren Eltern gesprochen haben und mit ehemaligen Schulfreunden wissen sie eventuell schon einiges! Bald werden sie uns finden!\"\"Bald!?\"\"Ja, bald\", fl\u00fcstere ich und stehe auf. Ich bringe die ersch\u00f6pfte Beth in ihr Schlafzimmer und warte, bis sie eingeschlafen \u0001 \u0002 muss es schaffen, denke ich und gehe weiter trainieren. Um Beths und mein \u00dcberleben werde ich es schaffen!",
            "wordcount": "494",
            "chapter_release": "25.05.2012",
            "chapter_number": "7"
        },
        "8": {
            "text": "Beth liegt noch immer schlafend in ihrem Zimmer, als ich das Training beende. Sie sieht ersch\u00f6pf und angeschlagen \u0001 \u0002 sp\u00fcre, dass unser Bewusstsein erwacht und Beth in unseren K\u00f6rper gezogen wird. Mir wird klar, dass es nur eine Chance gibt, sie von weiterem Unheil zu bewahren. Mein Teil unserer psychischen Seele ist in den letzten Tagen stark genug geworden, dass ich nun an Beths Stelle hin\u00fcber gezogen \u0001 \u0002 kniet vor mir und beobachtet mein Gesicht.\"Wer bist du?\", fragt er neugierig.\"Liza.\"\"Und die ander?\"\"Beth\", erwidere ich k\u00fchl. Mich \u00fcberrascht es nicht, dass er in k\u00fcrzester Zeit die Ver\u00e4nderung bemerkt hat. Beth ist eine starke Pers\u00f6nlichkeit, doch die Zeit, seit der sie hier gefangen ist, hat sie ausgezehrt.\"interessant\", murmelt er und steht auf. \" Nun denn lass uns doch heute mal etwas anderes machen, da ich einen speziellen Besucher mit dir habe. Schlie\u00dflich begegne ich dir zum ersten Mal.\"Er l\u00f6st das Seil von der Heizung und hilft mir hoch. Er hat jedoch so viel Schwung genommen, dass wir nun Gesicht an Gesicht voreinander stehen.\"Was ist nur anders mit dir?\", haucht er und zieht mich noch n\u00e4her zu sich heran. Der Wahnsinn gl\u00fcht in seinen Augen auf, doch ist es anders als bei Beth.\" Mich hast du nicht Tage, vlt. Wochen, misshandelt.\"\"Das stimmt, aber da du sie bist und sie ist du, hast du alles mitangesehen\", sagt Michael schmunzelnd und k\u00fcsst mich dann. Emotionslos warte ich, bis es endet. Ich wei\u00df nicht, was sich in den wenigen Minuten, die ich nun hier bin, ver\u00e4ndert hat, doch bin st\u00e4rker, emotionsloser geworden. Ich habe Abstand zu unserer Situation genommen.\"Was stimmt nur nicht mit dir?\" Er zieht mich hinter sich her und schreitet die Treppe hinab. Ich versuche mir so viel wie nur m\u00f6glich einzupr\u00e4gen, damit Beth sich sp\u00e4ter alles anschauen \u0001 \u0002 geht er in das Wohn- und Esszimmer, setzt mich auf einen Stuhl und fesselt meine F\u00fc\u00dfe an \u0001 \u0002 geht durch den Raum und holt etwas aus einer Komode. Als er zur\u00fcckkommt, stellt er ein Schachbrett auf den Tisch.\"Spielst du?\", fragt er und setzt sich mir gegen\u00fcber hin.\"Ja\", erwider ich und blicke ihm in die Augen. \"Was springt f\u00fcr mich heraus, wenn ich gewinne?\"\"Alles was du willst, au\u00dfer dass ich dich frei lasse.\" \"Einverstande. Ich nehme schwarz!\"\"Gut, dann beginne ich\", erwidert er und dreht das Brett in die richtige \u0001 \u0002 so spielen wir Stunde um Stunde ohne das ein Sieger in Sicht ist. Zum Schluss sind wir in einer Patt Situation und m\u00fcssen das Spiel beenden.\"Gutes Spiel! Ich hatte schon lange keinen ernstzunehmenden Gegner mehr. Ich hoffe, wir wiederholen es bald\", sagt er, nachdem er das Schachbrett wieder an Ort und Stelle gestellt hat.\"Du bist auch nicht \u00fcbel\", entgegne ich nur kalt und blicke mich \u0001 \u0002 Raum war in warmen Graubraunt\u00f6nen gestrichen und modern eingerichtet. Ganz anders als das sch\u00e4bige Zimmer, in dem ich gefangen gehalten werde.\"Wohnst du hier?\"\"Ja! Nachdem meine Eltern vor einigen Jahren gestorben sind, habe ich das Haus geerbt. Ich habe es neu eingerichtet, bis auf \"Das Zimmer\", sagt er und schaut mich an. Ich zucke nicht mal mit den Wimpern.\"Es ist nett. Und was machen wir jetzt?\"\"Hunger?\", entgegnet er l\u00e4chelnd. Ich habe mit der Zeit vergessen, wie gut er aussieht!, denke ich und betrachte \u0001 \u0002 ist gro\u00df und muskul\u00f6s. Seine braunen Haare h\u00e4ngen ihm manchmal \u00fcber seinen gr\u00fcne Augen. Der schwarze Pulli und die schwarze Jeans betonen seinen sonnengebr\u00e4unten Teint.\"Ja.\"\"Gut, dann koche ich uns etwas Sch\u00f6nes!\"Er geht durch das Esszimmer in die Wohnk\u00fcche und sucht sich seine Utensilien zusammen. \"Spaghetti?\"\"Mhm!\", sage ich und schaue ihm \u0001 \u0002 schneidet er Gem\u00fcse und Fleisch und wirft alles zusammen in einen Topf. Gleichzeitig setzt er einen Topf mit Wasser auf die \u0001 \u0002 alles am Brutscheln ist, deckt er den Tisch.\"Was ist nur mit dir passiert?\", hauche ich leise. Erst denke ich, dass er mich nicht geh\u00f6rt hat, doch dann sehe ich sein finsteres Gesicht.\"Du wei\u00dft es wirklich nicht, oder? Das, was damals vor \"dem Abend\" geschehen ist!\u00b0\" \"Nein! Ich wei\u00df nicht, warum du den Verstand verloren hast. Wir sind gl\u00fccklich gewesen und dann hast du pl\u00f6tzlich \"DAS\" getan\", bemerke ich kalt und lasse ihn nicht aus den Augen. Er schreitet zur\u00fcck in die K\u00fcche und nimmt das Messer wieder zuhand. Er schneidet Gem\u00fcse f\u00fcr einen Salat klein.\"Ja, wir hatten eine gl\u00fcckliche und sch\u00f6ne Beziehung! Ich habe dich wirklich geliebt, nein dass stimmt nicht ganz, ich liebe dich noch immer, doch das was damals geschehen ist, hat alles ver\u00e4ndert\", erz\u00e4hlt er bitter und schenkt sich einen Scotch ein.",
            "wordcount": "842",
            "chapter_release": "25.05.2012",
            "chapter_number": "8"
        },
        "9": {
            "text": "\"Wei\u00dft du was das frustrierendste an der Sache ist?\", fragt er und ich sch\u00fcttel den Kopf. \"Au\u00dfer mir erinnert sich niemand an diese zehn verdammten Jahre und jetzt f\u00e4ngt alles von vorne an.\"Ich verstehe nur noch Bahnhof. Seit Tagen, vielleicht auch Wochen bin ich der Meinung, dass Michael der B\u00f6sewicht ist, doch seine Fassungslosigkeit ist keineswegs gespielt.\"Was soll von vorne anfangen?\", frage ich zaghaft und schaue ihm direkt in seine gr\u00fcnen \u0001 \u0002 an Schmerz und Trauer. An Verzweiflung und \u0001 \u0002 schlie\u00dflich \u0001 \u0002 sind Dinge, die ich in seinen Augen lesen kann und die mich nur noch mehr verwirren.\"Verstehst du nicht? Es ist so offensichtlich und doch erkennst du es nicht! Ich kann uns nicht helfen, wenn du nicht verstehst.\"\"Verstehen?\"Meine Verwirrung w\u00e4chst und mein Verstand versucht etwas zu greifen, doch l\u00e4sst es sich \u0001 \u0002.\"Du hast deine Chance vertan!\", sagt er traurig seufzend und fesselt grob meine H\u00e4nde. Er l\u00f6st du Fu\u00dffesseln und zieht mich an den Haaren hoch. Er schleift mich die Treppe hoch und schleppt mich in \"Das Zimmer\".Michael zerrt an meiner Jeans und rei\u00dft sie herunter. Erst jetzt wird mir bewusst, dass ich neue Kleidung getragen habe, die nun von ihm ruiniert \u0001 \u0002 Verlangen gl\u00fcht in seinen Augen auf und er beginnt erneut Mich zu vergewaltigen. Meine K\u00e4lte der Situation gegen\u00fcber, \u00fcberrascht mich. Denn Beth ist jedes Mal verzweifelter und ein Teil ihres selbst, nein ein Teil von uns stirbt \u0001 \u0002 hingegen machte es nichts auf. Es ist als w\u00e4re es nicht mein K\u00f6rper, der misshandelt wird. Ich warte nur ab und f\u00fchle \u0001 \u0002 bin st\u00e4rker als sie, rast es mir durch den Kopf, als ich mich neben Beth kniee. \"Beth wach auf!s\u00fc\u00dfe!?\"\"Mhm! \", murrt sie und blickt mich durch zusammengekniffene Augen an. \"Was?\"\"Hast du etwa die ganze Zeit geschlafen?\", frage ich und ziehe eine Augenbraue hoch.\"Ja! Wie sp\u00e4t ist es denn?\"\"Halb acht Uhr morgens, nach unserer Zeitrechnung. Ich habe bis gerade eben trainiert und wollte jetzt ins Bett!\"\"Wirklich so sp\u00e4t? Dann hat er uns gestern verschont!\", ruft sie erstaunt und springt aus dem \u0001 \u0002 l\u00e4chle und beobachte ihren \u0001 \u0002 darf es erstmal nicht erfahren. Beth braucht die Erholung, ansonsten geht sie noch kaputt! Michael zeigt kein Erbarmen, wenn er erst einmal begonnen hat. Doch was war das vorhin?, denke ich und erhebe mich.\"Ich gehe jetzt schlafen. Bis sp\u00e4ter!\"Ja, mach das Liza! Ich mach dir sp\u00e4ter was zu essen, wenn du wach bist\"\"In Ordnung, bis sp\u00e4ter!\", erwidere ich und verlasse den Raum. Ersch\u00f6pft stelle ich mich unter die Dusche. Das hei\u00dfe Prasseln des Wassers entspannt meine Muskeln. Ich f\u00f6hne mir noch schnell die Haare und lasse mich dann, ersch\u00f6pft in mein Bett \u0001 \u0002 Augen sind schon eine Weile geschlossen und ich gleite in den Schlaf. Ein Buchstabe, nein ein Name verfolgt mich is in meine \u0001 \u0002",
            "wordcount": "518",
            "chapter_release": "25.05.2012",
            "chapter_number": "9"
        }
    },
    "title": "Blutspiel",
    "topic": "unspecified",
    "release": "\n25.05.2012\n\t\t\t\t\t\t",
    "author": "Ripred"
}