{
    "tags": [],
    "chapcount": "11",
    "wordcount": "11.858",
    "chapters": {
        "1": {
            "text": "Kannst du es f\u00fchlen? Wie sie kommt und geht?Jeden Tag bricht sie \u00fcber \u0001 \u0002 keiner wei\u00df, wie lange \u0001 \u0002 die Sterne leuchten durch sie \u0001 \u0002 ab und zu der Mond. Hell, klar durch den \u0001 \u0002 und dunkel ist es \u0001 \u0002 ist da, nur die Dunkelheit, die sichzu uns gesellt. Niemand w\u00fcrde auf die Idee kommen, dasssie gef\u00e4hrlich sein k\u00f6nnte, so ruhig und \u0001 \u0002 Nachts, wenn die Dunkelheit da ist, passierendie merkw\u00fcrdigsten \u0001 \u0002 wirst du entf\u00fchrt, oder ein anderes Malwirst du von Werw\u00f6lfen \u0001 \u0002 was meiner kleinen Schwester passiert \u0001 \u0002 irgendwann Geschichte \u0001 \u0002 sp\u00fcre es, ganz genau. Ellen F. (19), Schwester Tja, die Dunkelheit. In ihr passieren vielegrausame Sachen. Bei Gewitter zumBeispiel. Keiner wei\u00df, was aus einem wird, wenn dieserjemand vom Blitz getroffen \u0001 \u0002 wenn jemand nachts allein im Wald ist, was passiert dann mit ihm?Ich will es gar nicht \u0001 \u0002 ich m\u00fcsste es wissen, schlie\u00dflich istsie da hineingeraten. Durch einen Mitsch\u00fcler. Wie konnte sie sich nurdarauf einlassen?Samantha O. (15), eine FreundinIch habe es nicht gewollt, ehrlich. Ich schw\u00f6re es!Es war doch nur eine Wette, ich h\u00e4tte niemals gedacht, dass sie...Nein, ich darf da jetzt nicht dran \u0001 \u0002 wei\u00df, dass es eine Fehlentscheidung war und ichbereue es immer noch. Ich werde mich grundlegend \u00e4ndern, auf jeden \u0001 \u0002 allem, was passiert ist...Luke D.(16), ein Mitsch\u00fcler-----------------------------------------------------------So, dass ist das erste Kapitel. Ich hoffe, es hat euch gefallen. Schreibt doch bitte ein \u0001 \u0002 w\u00fcrde mich sehr freuen und ich beantworte es bestimmt auch!!!Ich versuche einfach mal, bei dieser Geschcihte mehr Klicks zu erhalten, als beibestimmten anderen Storys von mir( 22 Klicks ist echt wenig...daf\u00fcr das ich das schon seit 3 Monaten on habe) \u0001 \u0002, also flei\u00dfig lesen und eine Kit mehr auf der Welt gl\u00fccklich machen ;Dggglg an euch.",
            "wordcount": "326",
            "chapter_release": "03.05.2011",
            "chapter_number": "1"
        },
        "10": {
            "text": "Huhu ^^ Dieses Kapitel widme ich Gajeel :) ... Im Moment ist er ja auch der Einzige, der meine FF liest -.-Egal, Gajeel: ich w\u00fcnsche dir viel Spa\u00df mit diesem Kapitel und eine wohlige G\u00e4nsehaut *grins*Und allen anderen, die schwarzlesen, nat\u00fcrlich auch. M\u00f6ge die G\u00e4nsehaut ihnen beimReviewschreiben \u0001 \u0002 Kit *Pott Kekse hinstell*\u201eSkkkrrwwir h-haben dich erwartetet.\u201c Dumpfe Laute hallten an mein Ohr, doch ich verstand ihre Botschaft nicht. \u201eDich erwartetet.\u201c Die Worte wiederholten sich, immer und immer wieder. Klangen aber nie klar zu mir durch, sie blieben dumpf, unscharf und ohne jegliche sinnvolle Grammatik.\u201eEmmily \u2026 wach auf, ddu bist jetzt bbei u-uns.\u201c Mein Kopf schmerzte, ich versuchte vergebens meine Augen aufzubekommen, doch noch immer war dieses grelle Licht an. Es schien durch meine Augenlider und schien mich verbrennen zu wollen. Ich hob einen Arm, um meine Augen zu sch\u00fctzen, doch schon bald merkte ich, dass es nichts brachte. Mein gesamter K\u00f6rper schien auf einer festen, kalten Unterlage zu kleben, ich konnte nicht weg.\u201eSprech zu uns.\u201c, lispelte eine andere Stimme, dicht neben meinem Ohr. Ihre Sprache war deutlicher zu verstehen, dennoch klang ihr s eher nach einem englischen th. Und immer noch verstand ich den Sinn an den Worten nicht. Es war, als st\u00fcnde ich auf Drogen. Alles undeutlich.\u201eEmily, kommunithiere mit unth. Wir withen, dath du unth h\u00f6rtht.\u201c Wer redete da? \u201eKannst du das Licht ausschalten? Es blendet mich etwas.\u201c, wisperte ich, auch wenn \u201eetwas\u201c etwas untertrieben war. Das Licht bohrte sich durch meine Lider und stach mich unerbittlich. Zus\u00e4tzlichf\u00fchlte sich meine Kehle an, als h\u00e4tte jemand eine LKW-Ladung Staub darauf geladen. Staub. Trocken. \u201eNnein.\u201c, meldete sich eine andere Stimme zu Wort. Und pl\u00f6tzlich sprachen alle gleichzeitig, wiederholten immer wieder dieses eine Wort. Es formte sich zu einer schrillen Melodie, die immer lauter und deutlicher wurde. Immer lauter, immer schriller. Bedrohlicher. Ich versuchte mich zu wehren gegen diese Laute, doch ich konnte nicht. Meine Ohren h\u00f6rten mittlerweile wieder \u0001 \u0002 ob ich dies unbedingt noch wollte, war eine andere Frage \u2026 \u201e\u00d6ffne deine Augen, tu eth f\u00fcr unth. Wir tun dir nichtth.\u201c Ja, ja. Und dann kommt wahrscheinlich so ein Satz wie \u201eWir wollen doch nur thpielen\u201c. Ich sch\u00fcttelte wild meinen Kopf, na wenigsten das funktionierte noch.\u201eDoch.\u201c, war das einzige, was ich noch vernahm, bevor man mir gewaltsam die Augen \u0001 \u0002 eiskalte Klemmen setzten sich an meinen Lidern fest und zogen sie langsam, aber best\u00e4ndig Richtung Decke. Gleichzeitig schloss sich eine weiche, glibberige Masse um meinen Kopf und ein saugnapfartiges Etwas st\u00f6pselte sich an meinen Wangen fest und bewegte sich nach unten. Ein brennender Schmerz schoss mir durch den kompletten K\u00f6rper, ich sp\u00fcrte ihn von den Haarwurzeln bis zu meinen Zehen. Ein bei\u00dfender Schmerz, mir schossen Tr\u00e4nen in die Augen, die nun ungesch\u00fctzt dem glei\u00dfenden Licht ausgesetzt waren. Ich werde blind, ich werde blind!, dachte ich hysterisch und versuchte sie wieder zu schlie\u00dfen, doch dies war unm\u00f6glich.\u201eFl\u00f6vell\u201c, meldete sich eine Stimme und beugte sich \u00fcber mich. Ich konnte nur einen schwarzen Umriss wahrnehmen, doch ich wusste, dass es das Wesen aus meinem Traum war. Und vielleicht auch das Wesen, dass mich hier her verfrachtet hat.\u201eNein, thmafir.\u201c, lispelte das andere Etwas.\u201eDdas hei\u00dft doch Sa-saphir oder so.\u201c, verbesserte es eine tiefe Bassstimme. \u201eNein, ich meine die Farbe. Thmafir. K\u00f6nnte aber theoretith auch Hethba sein.\u201c Hesba? Smafir? Fl\u00f6vell? Wo von redetet sie? \u201eIhre Aaugen ssind weder das eine, n-noch das andere. Die Erdenwesen nennen es \u2026 gr\u00fcn.\u201c Sie diskutieren \u00fcber meine Augenfarbe?! Nicht im Ernst oder?, dachte ich leicht am\u00fcsiert. Doch mir verging das leise L\u00e4cheln sofort wieder, als das Wesen, dass immer noch \u00fcber mir gebeugt stand, sagte: \u201eG-gr\u00fcn. Diese Ffarbe haaben wir noch nnicht \u2026 Bringt m-mir das Skalpell.\u201c~Ich lie\u00df mich kraftlos ins feuchte Gras sinken. Kornkreise. Au\u00dferirdische. Das w\u00fcrde mir doch nie jemand abkaufen, niemand wird mir glauben, dachte ich verzweifelt. Tausende Gedanken flogen durch meinen Kopf. Es mussten Aliens gewesen sein. Wurde Emily vielleicht von ihnen \u2026 entf\u00fchrt? Das konnte doch nicht wahr sein, wie war das m\u00f6glich? Sie waren hier gelandet, haben Emily entdeckt und sie mitgenommen. Das war eine M\u00f6glichkeit. Die andere, wesentlich beruhigendere, dass sie noch hier war, im Wald. Und dass diese Kornkreise von Menschenhand stammen. Von K\u00fcnstlern, die zu viel Zeit und Langweile hatten \u2026 \u201eLuke! Schluss mit diesem Mist!\u201c, schimpfte ich mich selber aus. Au\u00dferirdische, wer glaubte denn an so etwas? Wie kam ich \u00fcberhaupt darauf? Ich schnaubte und warf noch mal einen Blick auf die perfekt gezogenen Formen. Von hier unten aus wirkten sie gar nicht mehr so bedrohlich, dachte \u0001 \u0002 sollte echt weniger Science-Fiction gucken, nahm ich mir vor und sah hinauf zum Himmel. Hier auf der Lichtung fiel zwar mehr Mondlicht auf mich, dennoch war es blass und verschwand st\u00e4ndig hinter gro\u00dfen dunklen Wolken. Wenn es bald gewitterte, w\u00fcrde ich noch komplett durchdrehen, so viel war klar. Langsam stand ich auf, darauf bedacht den Kornkreis zu ignorieren, und klopfte mir das Gras von der Hose.\u201eEmily! Bist du hier?\u201c, rief ich laut, um die ohrenbet\u00e4ubende Stille zu \u00fcbert\u00f6nen. Kein Laut drang zu mir, noch nicht einmal ein Vogel oder ein Rascheln im Geb\u00fcsch. Vollkommen still. \u0001 \u0002 fuhr mir mit der Hand \u00fcber die Augen. Sie musste doch hier irgendwo noch sein, dachte \u0001 \u0002 hier im Wald. Von Au\u00dferirdischen entf\u00fchrt, wie bescheuert bin ich eigentlich? Aber wenn an der Sache was dran war?, wisperte mir eine innere Stimme zu. Was, wenn sie wirklich dort oben ist? Bei den Sternen, weit \u00fcber uns. Bei fremden Wesen, die sie foltern werden, bis sie entweder vollkommen entkr\u00e4ftet, vollkommen irre oder vollkommen \u2026 tot wieder auf die Erde kommt. Schnell sch\u00fcttelte ich mein Kopfkino ab. Solche schrecklichen Dinge \u00fcberhaupt nur zu denken! Zwar mochte ich Emily nicht wirklich, doch es war definitiv der falsche Zeitpunkt, umfeindliche Gedanken auszusenden \u2026 \u201eUnd definitiv weniger Starwars, wenn ich wieder zu Hause bin.\u201c, schalt ich mich. Ich schloss kurz die Augen und atmete einmal tief durch. \u201eDu hast die Wette vorgeschlagen, du hast es verbockt. Also wirst DU sie auch suchen.\u201c Sams letzte Worte drangen wieder in mein Bewusstsein und eine einkalte G\u00e4nsehaut griff nach meinem R\u00fccken und umklammerte mich. Ich riss die Augen wieder auf, aus Angst, dass etwas pl\u00f6tzlich aus dem Geb\u00fcsch kommen und mich in St\u00fccke rei\u00dfen \u0001 \u0002 l\u00e4cherlicher Gedanke, vor allem weil immer noch nichts zu h\u00f6ren war. Langsam ging ich ein paar Schritte und umrundete den mysteri\u00f6sen \u0001 \u0002 Kreis nach dem anderen. Jeden einzelnen verdammten Kreis. Wo nach ich suchte? Nach Emily. Warum ich sie im Kornkreise suchte? Keinen einzigen verdammten Schimmer. Ich musste doch schlie\u00dflich irgendetwas tun, ich konnte nicht tatenlos herumsitzen und \u00fcber Aliens nachdenken \u2013 auch wenn mir diese Variante nicht gefiel, mir wurde bewusst, dass da was dran sein konnte. Auch wenn mir bisher nicht klar gewesen war, was. Nach der vierten Kornkreisrunde war das Gras noch ein wenig eingedr\u00fcckter und ich noch wenig betr\u00fcbter. Was sollte ich jetzt nur machen? Ich konnte schlie\u00dflich nicht wieder zu Sam und meinem Vater gehen und sagen: \u201eHey, im Wald, da hab ich einen Kornkreis gefunden, der h\u00f6chstwahrscheinlich von Aliens stammt, die h\u00f6chstwahrscheinlich mit ihrer fliegenden Untertasse dort gelandet sind und h\u00f6chstwahrscheinlich Emily mitgenommen haben, um sie in Grund und Boden zu qu\u00e4len. Na, was sagt ihr?\u201c Nein, das konnte ich nicht bringen, zumindest nicht im n\u00fcchternen \u0001 \u0002 war so in meinen Gedanken versunken, dass ich die Schritte, die langsam immer n\u00e4her kamen, gar nicht h\u00f6rte. Auch das leise Rascheln im Geb\u00fcsch nahm ich nicht wahr. Doch als ich endlich realisierte, dass etwas hinter mir her war, war es schon l\u00e4ngst zu \u0001 \u0002 knackten, Zweige brachen, ich zuckte zusammen. Doch bevor ich mich umdrehen konnte, hatte sich schon eine eiskalte Gestalt auf mich gest\u00fcrzt. Ich taumelte und konnte mich gerade noch fangen, um nicht auf den feuchten Waldboden zu fallen. Stolperte ein paar Schritte vorw\u00e4rts und st\u00fctzte mich mit einer Hand an einem Baum ab. Immer noch sp\u00fcrte ich die K\u00e4lte, die mich ber\u00fchrte. So eiskalt \u2026 Keuchend drehte ich mich um und erwartete vor mir eine Mischung aus Eiszapfen und \u0001 \u0002 h\u00e4tte wirklich alles erwartet. Aber bestimmt nicht das, was da jetzt vor mir stand. Oder besser gesagt \u2026 wer. Ich h\u00e4tte wirklich mit jedem gerechnet \u2026 auch wenn es irgendwie nahe lag, dass sie da sein w\u00fcrde.\u201eDU?!\u201c",
            "wordcount": "1.384",
            "chapter_release": "03.05.2011",
            "chapter_number": "10"
        },
        "11": {
            "text": "\u201eDU?!\u201c, wiederholte ich fassungslos. Ich konnte es einfach nicht glauben. Wie kam sie hierher? Was machte sie hier? Warum so pl\u00f6tzlich?\u201eWie \u2013 also, warum \u2013 \u201c, stotterte ich, doch bekam keine Antwort. Sie sah mich einfach schweigend an. Ich ging auf sie zu, ber\u00fchrte sie leicht an der Schulter. Sie war eiskalt.\u201eWo warst du, Emily? Wo kommst du her?\u201c Doch sie stand nur da. Einfach so. Keine Regung.\u201eEmily!\u201c Es war, als w\u00e4re sie gar nicht anwesend. Irgendwie sah sie direkt durch mich hindurch, als w\u00e4re ich gar nicht vorhanden.\u201eKomm schon, lass den Mist. Ich wei\u00df, dass du mich h\u00f6rst. Rede mit mir, verdammt! Wo warst du die ganze Zeit?\u201c Keine Antwort. Ich habe es nie jemandem erz\u00e4hlt, dass ich Emily im Wald getroffen habe. Vollkommen abwesend, mit leerem Blick. Ob sie auf Drogen stand? Vielleicht hat sie welche mitgeschmuggelt, so dass sie die Nacht \u00fcberstand, gr\u00fcbelte ich. Schweigen. Mir war zum Heulen zumute. So war sie doch sonst nicht zu mir. Selbst wenn sie sauer auf mich war. Pl\u00f6tzlich fiel mir etwas an ihr auf. Etwas, dass mich in eine Art Schockzustand versetzte \u2026 Sie trug die Kleider von dem Abend, als wir uns das letzte Mal gesehen haben. Allerdings mit dem Unterschied, dass sie zerrissen waren. Emily hatte nichts als lose Fetzen am Leib. Blutige Fetzen, wenn mich nicht alles t\u00e4uschte \u2026 \u201eEmily \u2026\u201c, wisperte ich entsetzt. \u201eWas ist blo\u00df passiert?! Bitte, rede mit mir!\u201c Erkannte sie mich \u00fcberhaupt? Schien nicht so. Immer noch sah sie mich an, mit diesem schrecklichen leeren Blick. Alles an ihr schien wie tot zu sein, so blass war sie. Nur ihre Augen schimmerten unwirklich im hellen Mondlicht. Wie ein Mischung aus rot und violett, ich konnte mir diese bizarre Farbe nicht erkl\u00e4ren. Trug sie neuerdings Kontaktlinsen? Was war hier nur los?!\u201eEmily! Bitte sag doch was! Werfe mir meinetwegen Beleidigungen an den Kopf. Nenne mich Luke Skywalker, irgendetwas! Nur bitte rede wieder mit mir! \u2026 Bitte.\u201c Schweigen. Kein Wort. Nur das leichte Rauschen des Windes war zu h\u00f6ren. War sie \u00fcberhaupt sie selbst? Tausende Fragen rotierten in meinem Kopf. Immer wieder, immer wieder \u2026 Und dann gab sie ein leises Zischen von sich, wandte den Kopf zur Seite und sah zu dem \u0001 \u0002, ganz langsam ging sie auf ihn zu, betrachtete ihn. Mir lief eine G\u00e4nsehaut \u00fcber den R\u00fccken, als ich sah, was sie als n\u00e4chstes machte. Jede einzelne Handlung jagte mir erneut eisige K\u00e4lteschauer ein. Emily kniete sich hin und ber\u00fchrte leicht das platte Gras, fast schon liebevoll \u2026 Ohne ein jegliches Ger\u00e4usch richtete sie sich wieder auf, ihre roten Augen fixierten den Kreis. Dann setzte sie vorsichtig einen Schritt vor den anderen und umrundete den Kornkreis, so wie ich es getan hatte. Als sie wieder an ihrem Ausgangspunkt ankam, legte sie den Kopf in den Nacken und stie\u00df noch einmal dieses Zischen aus. Und dann ging sie langsam wieder in die Richtung, aus der sie gekommen war. Ich sah ihr geschockt nach. So lange, bis jeder blutiger Fetzen von ihr in der Dunkelheit verschwunden war \u2026 ~Mit aufgerissenen Augen starrte ich die Schatten der Wesen an, die um mich herum hantierten. Das glei\u00dfende Licht schmerzte unaufh\u00f6rlich, ich konnte mich nicht wehren. Leise wispernd unterhielten sie sich und lachten ihr scheu\u00dflich keckerndes Lachen, w\u00e4hrend mich die Helligkeit folterte. Warum war ich hier? Was hat sie dazu getrieben, mich hier mit herzunehmen?, dachte ich verzweifelt. Ganz sicher nicht nur, um mir das Augenlicht beziehungsweise meine Augenfarbe zu stehlen. Das Ganze erinnerte mich ungewollt an den Film Final Destination. In dem Film sitzt eine junge Frau auf einem Stuhl und l\u00e4sst sich die Augen lasern. Und dann spielt die Maschine verr\u00fcckt und foltert sie zu Tode \u2026 oh mein Gott! Hoffentlich kommen sie nicht auf die kranke Idee, dass ich unbedingt gelasert werden m\u00fcsse!Ich wollte schreien. Doch es kam kein Ton aus meiner Kehle. \u201eEmily \u2026\u201c, h\u00f6rte ich pl\u00f6tzlich eine Stimme neben mir. \u201eEmily \u2026 wath f\u00fcr ein thch\u00f6ner Name \u2026\u201c\u201eZet56, lass das Wwwesen in Ruhe. Siehst dddu nicht, wie ver\u00e4ngstigt sie ist?\u201c Sch\u00f6n, dass Ihnen das auff\u00e4llt, Herr Doktor \u201eIch-stehle-gerne-Augenfarben-und-freu-mich-einen-Keks-wenn-jemand-dadurch-blind-wird\u201c. W\u00fcrden Sie nun die G\u00fcte erweisen, mich endlich loszubinden und laufen zu lassen? Ich habe Ihnen nichts getan!!! Dass ich in so einer Situation noch die Nerven hatte, sarkastisch zu denken, wunderte mich selber. Bestimmt hatten sie mir so ein Zeug gegeben, dass mich vollkommen neben die Spur brachte. So eine \u201eSo-was-von-egal-Droge\u201c.\u201eDas Skalpell \u2026\u201c, forderte die Bassstimme abermals. Ich sp\u00fcrte, wie sich etwas Feuchtes um meinen Hals wickelte und ihn an der Unterlage festdr\u00fcckte. Als wenn ich in dieser Lage fliehen k\u00f6nnte, dachte \u0001 \u0002 Schatten beugte sich \u00fcber mich, es war, als h\u00e4tte jemand das Licht ausgeschaltet. Erleichtert schluchzte ich auf \u2013 jedoch nur, um kurz darauf erschrocken zu keuchen. Der Schatten hielt ein blitzendes Etwas in der Hand. Das Skalpell!\u201eZet56, das Glas. Ge23, die Kerze. Lasst uns mit der Arbeit anfangen.\u201c Und mit diesem Satz begannen die schlimmsten Schmerzen, die ich je erlebt hatte. Das k\u00fchle Messer ber\u00fchrte meine Pupille, fuhr vorsichtig \u00fcber meine Iris hinweg und zerkratzte den letzten Rest meines Sehverm\u00f6gens. Aber immerhin konnte ich wieder meine Stimme benutzen. Ich schrie wie am Spie\u00df, kreischte, als mir Blut \u00fcber die Wangen lief. Meine Augen brannten, ich konnte immer noch nichts machen. Rein gar nichts. Dass meine Augenlider immer noch nach oben beziehungsweise unten gezogen waren, machte es auch nicht besser. Schreien. Den Schmerz und die Wut hinausbr\u00fcllen, so dass es jeder h\u00f6ren konnte. Und in diesem Moment war mir pl\u00f6tzlich wirklich alles egal. Ich wusste, dass ich nie mehr nach Hause zur\u00fcckkonnte. Ich w\u00fcrde hier als blinder Diener der Wesen bleiben m\u00fcssen, gesteuert von dem ewigen Trieb fliehen zu \u0001 \u0002 Stechen lie\u00df nicht nach, immer weiter, immer mehr. Das Blut lief mir in den Mund, ich sp\u00fcrte den salzig metallischen Geschmack. Sp\u00fcrte Schmerz, sp\u00fcrte Blut \u2026 sp\u00fcrte nichts mehr. Irgendwann war es vorbei. Es wurde dunkel um mich herum, keine Laute, keine Schatten. Nur noch Ruhe. Ich schwebte wie auf Wolken. Um mich herum war wieder dieser Nebel, aber er war angenehm. Warm und nach Kamille duftend. So \u2026 vertraut.\u201eWas ist hier los? Wo ist dieser wunderbare Ort?\u201c, wollte ich fragen. Doch es kam kein Laut mehr aus mir heraus. Langsam lie\u00df ich mich fallen, genoss die Stille und die Umgebung. Keiner konnte mich hier st\u00f6ren, kein Schmerz der Welt w\u00fcrde mich hier \u0001 \u0002 war tief im Inneren bewusst, dass ich ohnm\u00e4chtig geworden war. Wie sonst h\u00e4tte ich diese Folter \u00fcberstehen k\u00f6nnen? Ich wollte nicht wieder aufwachen. Nie mehr. Hier war alles so perfekt. Wenn ich jetzt aufwachte, w\u00e4re nichts mehr wie vorher. Ich k\u00f6nnte nichts mehr sehen, weil sie meine Augen zerst\u00f6rt haben. Ich w\u00fcrde nichts mehr sp\u00fcren, au\u00dfer diese verdammten Schmerzen, die sie mir zugef\u00fcgt haben. Ich w\u00fcrde nie wieder die Menschen sehen, die ich liebte. Ich w\u00fcrde garantiert nie wieder auch nur einen Menschen zu Gesicht bekommen. Nur diese Wesen mit ihren Skalpellen, mit ihrer zischendes Sprache, mit ihrer grausamen Art, etwas zu bekommen und daf\u00fcr \u00fcber Leichen zu \u0001 \u0002 bin ich auch schon tot, schoss es mir durch den Kopf. Vielleicht haben sie mich zu Tode gefoltert \u2026 Doch bevor ich weiter an diesem Gedanken stricken konnte, tauchte aus dem Nebel pl\u00f6tzlich eine Gestalt auf. Es war das Wesen, das ich schon einmal in meinen Tr\u00e4umen gesehen hatte. Oder war es doch kein Traum? Im Moment konnte ich nicht mehr zwischen Traum und Wirklichkeit unterscheiden. Alles war so verworren, zu verstrickt, um wahr zu sein. Das Wesen schwebte langsam auf mich zu.\u201eEmily \u2026\u201c, wisperte es und mir lief eine G\u00e4nsehaut \u00fcber den R\u00fccken. \u201eEmily. Lass es mich erkl\u00e4ren.\u201c Ich nickte nur, meine Zunge war wie Blei. Nicht von der Stelle zu bewegen.\u201eWir wollen dir nicht wehtun.\u201c Oh, da habt ihr aber gr\u00fcndlich versagt!, dachte ich mit vor Spott triefenden Gedanken. \u201eWir brauchen nur deine Augenfarbe. Du musst wissen, wir brauchen diese Farben, um uns am Leben zu halten. Je exotischer sie sind, desto l\u00e4nger kommen wir damit aus. Erst haben wir uns geeinigt, nur unsereins an Farben zu nehmen. Doch schnell haben wir herausgefunden, wir brauchen mehr als das. Wir brauchen \u2026 menschliches. Farben, die uns unbekannt sind. Deshalb m\u00fcssen wir irgendwie an diese Farben kommen. Egal, mit welchen Mitteln.\u201c\u201eAber warum mich?\u201c, wollte ich fragen. \u201eWarum ausgerechnet mich?!\u201c Doch ich war \u0001 \u0002 Wesen kam n\u00e4her, sah mich an. G\u00e4nsehaut.\u201eKeine Angst. Sobald alles bereit ist, lassen wir dich gehen. Aber du darfst dich nicht wehren, sonst wird es nur herausgez\u00f6gert.\u201c Leichter gesagt als getan, wenn man an eine Bahre gefesselt ist und halb blind wird, weil irgendwelche durchgeknallten Aliens an deinem Augen herumschnippeln.\u201eDu fragst dich bestimmt, weshalb du uns verstehen kannst, wenn wir mit dir kommunizieren.\u201c Oh ja, da fragte ich mich. \u201eWir haben dir ein Mittel verabreicht, damit du unsere Sprache verstehst. Alles was wir sagen, wird dadurch in deinem Kopf automatisch in deine Heimatsprache \u00fcbersetzt und du h\u00f6rst uns 'normal' sprechen. Nur manchmal gibt es noch Komplikationen mit der Stimme. Du nimmst es dann vermutlich als Stottern, Lispeln und Kreischen wahr.\u201c Gut zu wissen \u2026 Das Wesen stand nun direkt vor mir, ber\u00fchrte mich an der Schulter. Ich stand da wie festgenagelt.\u201eEmily \u2026 wir werden dich jetzt holen.\u201c, wisperte das Wesen. Doch noch ehe ich nachfragen konnte, was es damit jetzt meinte, wurde ich unsanft nach oben gerissen und ein bei\u00dfender Schmerz jagte durch meinen K\u00f6rper. Ich ging durch die H\u00f6lle \u2026 Und schon wieder ein riesiges Sorry, dass ich mich so lange nicht gemeldet hab -.-Trotzdem hoffe ich, ihr habt nicht die Lust an der Geschichte verloren und habttrortdem weitergelesen. ;)Damit spreche ich pers\u00f6nlich Gajeel an, denn die anderen haben die Lust ja schon vor nem guten jahr verloren *hust*Also Gajeel, ich hoffe dir hat das Kapitel gefallen :)) *Smaties mit Gras hinstell, weil ichja wei\u00df das du auf partydrogen stehst, grins* ^^Ach ja, hoffentlich war das Kapi nicht zu abscrheckend xDDHier der Link zu dem oben erw\u00e4hnten Filmausschnitt :DVielleicht hat ihn ja der ein oder andere gesehn ^^also sooo ungef\u00e4hr m\u00fcsste die Szene ausgesehen haben, naja mit demstuhl und dem gefesselt sein ;Dhttp://\u0001 \u0002.com/watch?v=PRsznqHdW7YUnd ohne den Teddy xDLasst mir doch bitte reviews da ja? :)) *gajeel bittend anseh*gglg Kit <3<3<3",
            "wordcount": "1.725",
            "chapter_release": "03.05.2011",
            "chapter_number": "11"
        },
        "2": {
            "text": "Das ist das zweite Kapitel. Vielleicht wisst ihr, dass ich \u00f6fters zu Humorvollem neige. Kapitel 2 ist nicht anders ^^ Aber das soll sich in den n\u00e4chsten kapiteln ein wenig \u00e4ndern. Wer jetzt also eine Mystery-Geschchichte erwartet hat, kann also ruhig weiterlesen. Sie wird noch Mystery ;)Also viel Spa\u00df beim lesen! gglg Kit-------------------------------------------------------------------------------------\u201eHallo?\u201c, fragte ich leicht genervtSoeben hatte das Telefon geklingelt. Es war ein wundersch\u00f6ner Julitag uns ich hatte eigentlich vor, den ganzen Tag ungest\u00f6rt auf der Liege im Garten zu \u0001 \u0002 durch das nervige Gebimmel des Telefons war ich aus meinen sch\u00f6nsten Tr\u00e4umen aufgeschreckt.\u201eHey Lilly\u201c Ich seufzte. \u201eHey Sam, was geht?\u201c \u201eAlles was l\u00e4uft!\u201c, kicherte sie. Das war im Moment unser Standartspruch. Und es war auch zum Standard geworden, dass sie mich st\u00e4ndig anrief, seit wir Ferien hatten. Ich habe ja nichts gegen sie, aber andauernd kann ich ihre \u201eArt\u201c auch nicht ab.\u201eDu, ich wollt\u00b4mal fragen, ob du Lust h\u00e4ttest mit mir und Kiri zum Bad zu fahren und zu schwimmen, chillen und so.\u201c H\u00f6rte sich eigentlich ganz gut an. Und weg waren die guten Vors\u00e4tze f\u00fcr den Sommer.\u201eKlar, wann treffen wir uns?\u201c Eine sanfte Brise wehte durch unseren kleinen, aber bunt gebl\u00fcmten Garten. Ich genoss die Abwechslung von unertr\u00e4glich hei\u00df zu leichtem L\u00fcftchen.\u201eIn \u00b4ner halben Stunde bei mir?\u201c \u201eGeht klar. Bis dann!\u201c, verabschiedete ich mich und legte auf. Es konnte bestimmt ganz witzig werden, meinen beiden besten Freundinnen im Schwimmbad rumzuchillen und Spa\u00df zu \u0001 \u0002 traf kurz vorm vereinbarten Zeitpunkt bei Sam ein. Kiri war noch nicht dar. Nun gut, ich musste ja auch nur die Stra\u00dfe runter um um die Ecke. Sam wohnte in einem kleinen beschaulichen H\u00e4uschen, nicht weit vom Schwimmbad entfernt.\u201eKiara m\u00fcsste gleich da sein\u201c, meinte Sam zu mir. Sie strich sich eine ihrer unz\u00e4hligen blonden Locken aus der \u0001 \u0002 setzte mich mit gekreuzten Beinen auf den himmelblauen Flauschteppich in ihrem \u0001 \u0002 Tasche mit den Schwimmsachen stellte ich neben mich. In diesem Moment klingelte es Sturm. \u201eIch mach\u00b4auf!\u201c, rief Sam und rannte aus dem Zimmer. Ich fragte mich, wer sonst aufmachen sollte. Ihre Eltern waren um diese Zeit immer im B\u00fcro und sie war meistens allein und mich konnte sie schlecht gemeinte haben. Oder?Kurz darauf kam sie mit einer v\u00f6llig verzweifelten Kiri wieder. Ihr langes schwarzes Haarhatte sie sich zum Zopf gebunden.\u201eHey, Lil. Man, ich brauche echt mal ein neues Rad. Das alte geht mir so langsam auf den Senkel! Mit dem kommt man noch nicht einmal mehr in den f\u00fcnften Gang!\u201c, beschwerte sie sich. \u201eIch bezweifle, dass es \u00fcberhaupt schon mal f\u00fcnf hatte\u201c, meinte \u0001 \u0002 musste lachen.\u201eWollen wir hier versauern oder auch endlich mal losfahren?\u201c, dr\u00e4ngte uns Sam. \u201eNa dann, auf ins Vergn\u00fcgen!\u201c, rief ich und rannte mit den beiden nach \u0001 \u0002 liefen das kurze St\u00fcck zum Bad. Als wir in die k\u00fchle Eingangshalle traten, atmeten wir erst einmal auf.\u201eBoa, sch\u00f6n k\u00fchl.\u201c, schw\u00e4rmte Kiri. \u201eJa, echt sch\u00f6n \u2013 im Gegensatz zu drau\u00dfen.\u201c, meinte Sam genie\u00dferisch. Ich sagte gar nichts, ich genoss es einfach. Bis wir an die Kasse \u0001 \u0002 dem Tresen stand eine solariumgebr\u00e4unte Frau mit Faltensammlung in einem T-shirt mit der Aufschrift: \u201eIch hab\u00b4 mich lieb!\u201c Ich grinste. Da war sie wohl die einzige.\u201eDrei Mal Karten f\u00fcr Jugendliche.\u201c Ich reichte ihr einen Zehner. Sie gab uns mit einem aufgesetzten L\u00e4cheln, das sie sich anscheinend in ihre faltige Haut eingeb\u00fcgelt hatte, die Karten. Sam schnappte sich sie und wir machten, dass wir in die Umkleidekabinen kamen.\u201eWer als erste im Wasser ist!\u201c, rief Sam uns zu und schon st\u00fcrmte sie los. Kiri und ich hinterher.\u201eIhhh, ist das kalt!\u201c, quitschte Sam, als sie ins Wasser sprang. \u201eKomm\u00b4schon, Lilly. Worauf wartest du noch?\u201c, schrie Kiri, als auch sie im Wasser gelandet \u0001 \u0002 wollte gerade springen, als ich IHN sah. Luke Dafner, der wohl eingebildeste Junge der ganzen Schule. Luke und ich kennen uns schon seit dem Kindergarten. Schon damals hat er mit seiner Teddysammlung angegeben und damit, dass er schon Taschengeld bekam. Ich bezweifle, dass er die Sammlung immer noch hat, aber Geld hatte er auf jeden Fall genug.\u201eAch, wen haben wir denn da?\u201c, meinte Luke scheinheilig, als er mich entdeckt hatte und auf mich zu strapfte. Ich will ja nichts sagen, aber froschgr\u00fcne Badeshorts sind im Moment nicht grade der Renner.\u201eNa, wie geht\u2019s so, Emily?\u201c, fragte er \u00fcberfreundlich. Wie ich es HASSTE, wenn man mich Emily nennt. Da reagiere ich immer richtig heftig \u0001 \u0002 haben auch Kiara und Sam entdeckt, in welcher Lage ich mich befand.\u201eWas willst du, Kleinhirn?\u201c, fragte Sam bissig. Seit Luke auf der Klassenfahrt ihre Sachen aus dem Fenster geschmissen hat, hat sie ihn erst richtig auf dem Kieker. \u201eGanz ruhig, Schnabeltasse. Ich wollte nur mal fragen, ob ihr noch Schutzbrillen braucht. Wir haben noch welche \u00fcber.\u201c Er grinste schelmisch.\u201eWieso, wir haben dich doch schon gesehen.\u201c Jetzt waren wir es die grinsten. Sam war wirklich klasse, wenn es um schlagfertige Antworten \u0001 \u0002 fing an zu klatschen. \u201eWirklich witzig! Hahaha.\u201c Das Lachen klang zu trocken, um es als ernstgemeint zu bezeichnen. Mit missbillgender Miene schaute er uns an, dann grinste er wieder. So viele Stimmungsschwankungen habe ich noch nie bei einem m\u00e4nnlichen Wesen gesehen \u201eUnd, hast du auch schon dein Seekuhabzeichen gemacht?\u201c, wandte er sich an \u0001 \u0002 lief vor Wut rot an. \u201ePass mal auf, Luke Skywalker. Was willst du eigentlich? Kann man nicht einmal in Ruhe schwimmen gehen, ohne dass gleich Meister Propper ankommt und uns die Ferien versaut? Das NERVT!!!\u201cImmer noch grinsend drehte er sich um und lie\u00df uns vor Wut zitternd stehen.\u201eEr wollte bestimmt noch was erwidern, aber sein Wortschatz reichte nicht mehr aus. Und das Wort ,Taucherbrille\u00b4 kennt er auch nicht!\u201c, kicherte Kiri.\u201eKommt, lasst uns schwimmen gehen. Ich habe keine Lust darauf, dass diese Seegurke wieder bei uns ankommt.\u201c\u201eOkay\u201c, stimmten wir Sam zu und liefen zum \u0001 \u0002 dieser Stelle wusste ich noch nicht, dass mein Leben sich so drastisch \u00e4ndern k\u00f6nnte...",
            "wordcount": "1.000",
            "chapter_release": "03.05.2011",
            "chapter_number": "2"
        },
        "3": {
            "text": "hey hoo ^^ das dritte Kapitel ist soeben fertig geworden. Hiermit bedanke ich mich bei dendrei Favorisieren( Bryanna, -Fischkopf- und Nunana92) ganz ehrzlich. Toll dass ihr so begeistert lest. Auch wenn letztere noch nicht reviewt hat. Hoffe, da kommt noch was. *anseh mit Hundeblick*. Mit diesen Worten verabschiede ich mich und w\u00fcnsche viel Spa\u00df beim lesen. ^^VLG Kit---------------------------------------------\u201eSag mal, hasst du sie noch alle?!\u201c, br\u00fcllte ich Luke an. Er hatte mich gerade von hinten mit dem nassen Kreideschwamm, den er anscheinend von zu Hause mitgebracht hatte, attackiert und ich sah aus, als h\u00e4tte ich die Nacht im Asbestcontainer verbracht. Gel\u00e4chter von allen Seiten kamen mir entgegen. Ich wurde kirschrot im Gesicht. Nat\u00fcrlich vor Wut, versteht sich. Fast alle aus meiner Klasse waren zum Schwimmbad gekommen, um die letzten Wochen vor Schulbeginn zu genie\u00dfen.\u201eHe, Loch Ness\u201c, rief Sam, wobei sie eindeutig auf den letzten Klassenausflug an die Nordsee anspielte, bei der Luke so ziemlich allen wei\u00dfmachen wollte, dass Nessi jetzt auch dort ihr Unwesen treibt. \u201eWenn du Langeweile hast, ruf deine Eltern an. Krrrk, Luke Skywalker m\u00f6chte gerne aus dem Kinderparadies abgeholt werden, krrrk.\u201c Dabei machte sie das rauschende Walki-Talki Ger\u00e4usch so gut nach, dass alle anfingen, noch lauter zu lachen. Diesmal aber \u00fcber Luke, der daraufhin meine R\u00f6te mit einem satten Chillirot \u00fcbertraf.\u201eDanke Sam.\u201c, wisperte ich ihr zu, als ich an ihr vorbei zum Haupthaus ging. Hoffentlich begegne ich nicht Frau Saathoff, dachte ich verzweifelt. Wenn die mich hier erwischt, bin ich \u0001 \u0002 Saathoff war die Strenge in Person. Sie war die \u201eBesitzerin\u201c des Bads und konnte es \u00fcberhaupt nicht ausstehen, wenn man mit triefnassen Badesachen \u00fcber den Flur gelaufen \u0001 \u0002 zum Gl\u00fcck sah mich weder diese Kr\u00e4uterhexe, noch der Hausmeister. Der hat mich schon mal angemeckert, nur weil ich mich an die Wand angelehnt \u0001 \u0002 sagte dann noch so zu mir: \u201eDas geh\u00f6rt sich ja wohl nicht. Deine Kleidung zerkratzt ja die Wand. Nachher haben wir da so Schrammen, nur weil du da gestanden hast. Machst du das zu Hause auch?\u201cNeeeiiinnn, nat\u00fcrlich nicht. Was denkt der denn von mir? Ich lege nur manchmal meine F\u00fc\u00dfe auf den Tisch, wenn es keiner sieht und so. Aber ANLEHNEN? Nein, das geht ja gar nicht!Vorm Spiegel versuchte ich das Gr\u00f6bste mit einem Taschentuch wegzuwischen, doch es brachte nicht viel. \u201eSo\u00b4n Mist. Der Alte hat doch einen an der Waffel!\u201c, schimpfte ich vor mich \u0001 \u0002 neuer Bikini war jetzt wohl im \u0001 \u0002 trat ich aus der Kabine, raus auf den Flur. Wer stand da? Klar, Frau Saathoff. Wer sonst?\u201eWie oft habe ich euch G\u00f6ren schon gesagt, dass ich hier keine nassen Menschen haben will?!Frau Saathof, im Grunde genommen hat es ein Schwimmbad so an sich, dass nasse Menschen herumlaufen. Aber die sehen noch lange nicht so alkoholisiert aus wie Sie.\u201eFrau Saathoff, hier mir entschuldige ich mich vielmals bei Ihnen. Ich werde ihr sch\u00f6nes Bad nicht noch einmal mit meiner abscheulichen N\u00e4sse verschmutzen.\u201c\u201eNa, dass will ich hoffen. Und zieh dir endlich mal was Normales an, mein Kind. So l\u00e4uft doch kein normaler Mensch herum.\u201cDoch, nasse Menschen laufen so herum. Aber das k\u00f6nnen Sie ja nicht wissen, als trockener, unnormaler Mensch.\u201eJa, Frau Saathoff. Ich werde mich sofort umziehen...\u201c ...Nachdem wir fertig mit Schwimmen sind. Ich drehte mich auf dem Absatz um und wollte gerade wieder nach drau\u00dfen gehen, als ich Luke in die Arme lief.\u201eAhhrg, noch mehr nasse Menschen. Wie ich das hasse!!\u201c Angeekelt verzog die Kr\u00e4uterhexe das Gesicht und machte, dass sie wegkam.\u201eNa, was brauchtest du denn so lange? Hat dich etwa Frau Saathoff erwischt?\u201c, fragte er in seinem scheinheiligem Ton.\u201eNein\u201c, gab ich genauso scheinheilig zur\u00fcck. \u201e`t\u00fcrlich hat sie dich erwischt, was denn sonst? Und du hattest Angst. Stimmt doch, oder?\u201cWie ich diesen Typen hasste! \u201eNein, hatte ich gar nicht, du Vollpfosten.\u201c\u201eIch wette mit dir, dass du Angst hattest. Schon allein, welche Antworten du der gegeben hast. ,Ja, Frau Saathoff. Nat\u00fcrlich, Frau Saathoff\u00b4 Das grenzt ja schon fast an Unterwerfung\u201cIch zeigte ihm einen Vogel. \u201eDu tickst doch nicht mehr richtig!\u201c\u201eMag sein. So viel Angst wie du, h\u00e4lt doch kein Mensch aus. Wenn du eine Nacht im Wald verbringen w\u00fcrdest, m\u00fcssten dich deine Eltern fr\u00fchzeitig wieder abholen.\u201cEr lachte krank.\u201eAch ja? Und woher willst du das so genau wissen?\u201c Wie sehr w\u00fcnschte ich mir jetzt Sam mit ihren krassen Spr\u00fcchen herbei.\u201eTja, das wei\u00df man halt. Wenn man dich schon sieht. Wetten, dass du es nicht EINE Nacht im Wald aush\u00e4ltst? Allein, versteht sich.\u201cIch \u00fcberlegte kurz. Meinte er das jetzt ernst oder wollte er mich wieder auf den Arm nehmen?Andererseits...was war schon dabei, mal allein im Wald zu \u00fcbernachten? Und als Feigling wollte ich auch nicht dar stehen.\u201eOkay. Und ich wette mit DIR, dass ich es schaffe. Die ganze Nacht lang. Was kriege ich, wenn ich es schaffe?\u201c, forderte ich.\u201eWas du nat\u00fcrlich nicht hinbekommst. Nun gut. Dann werde ich zwei Wochen lang deine Hausaufgaben in Deutsch machen\u201c Das war ein Angebot. Luke war so ziemlich der beste in Herrn Schusters Unterricht. \u201eUnd wenn du es nicht schaffst, was ich glaube, dann stellst du dich vor die gesamte Klassein einem rosa Herzchen-t-shirt und schreist: ,Luke ist der Beste!\u00b4 Und du wirst mich nie wieder Luke Skywalker nennen, ist das klar?\u201cUhh, ganz schon hohe Forderungen f\u00fcr so einen eingebildeten Hosenmatz.\u201eGut. Ich schlag ein. Die Wette gilt.\u201cAn die Konsequenzen hatte ich in diesem Augenblick nicht gedacht. Mir war es erst einmal wichtiger, ihm zu beweisen, dass ich kein feiges Huhn \u0001 \u0002 haben am Schluss noch abgemacht, dass wir uns am n\u00e4chsten Tag vorm Wald \u0001 \u0002 wir allein. Hu, hoffentlich kommt er nicht auf dumme \u0001 \u0002 ihm wei\u00df man ja nie so \u0001 \u0002 hatte ich da nicht. Angst kam bei mir erst, als es schon zu sp\u00e4t war...",
            "wordcount": "983",
            "chapter_release": "03.05.2011",
            "chapter_number": "3"
        },
        "4": {
            "text": "\u201eUnd du bist sicher, dass du mit dieser behaarten Gurke durch den Wald latschen willst?\u201c, fragte mich Sam. Wir sa\u00dfen in ihrem Zimmer auf dem Teppich und quatschten \u00fcber alles m\u00f6gliche.\u201eErstens laufe ich nicht MIT ihm durch den Wald, sondern allein. Und zweitens ist Luke eher eine Birne, als eine Gurke. Mit dem Adjektiv gebe ich dir allerdings Recht.\u201c\u201eAch, nimmst du ihn jetzt etwa in Schutz oder was?\u201c Sam knuffte mich spielerisch in den Arm. Wir lachten. \u201eHast du deiner Mutter etwas davon erz\u00e4hlt? Mit dem Wald meine ich.\u201c, fragte mich Sam, als wir uns wieder beruhigt hatten. \u201eNein, nat\u00fcrlich nicht. Das w\u00fcrde sie doch niemals erlauben. Ich habe es Ellen erz\u00e4hlt. Und glaube mir, die h\u00e4lt dicht.\u201c\u201eELLEN?! Das ist doch das Klatschblatt in Person!\u201c \u201eBitte, ja? Du redest \u00fcber meine Schwester. Aber wirklich, die sagt nichts. Die geht n\u00e4mlich selbst weg.\u201c\u201eAh. Na dann\u201c So ganz \u00fcberzeugt klang sie zwar immer noch nicht, aber ich versuchte es zu ignorieren.\u201eDanke, dass ich bis heute Abend bei dir sein darf.\u201c, meinte ich vers\u00f6hnend.\u201eJa, kein Ding. Deiner Mutter hast du doch gesagt, dass du bei mir schl\u00e4fst, oder?\u201c, hakte sie nach.\u201eSicher. Oder h\u00e4ltst du mich f\u00fcr v\u00f6llig d\u00e4mlich?\u201c \u201eNein...nicht wirklich\u201c Sie grinste \u0001 \u0002, jetzt m\u00fcssen wir nur noch die Zeit herumbekommen.\u201c, sagte sie nach einer l\u00e4ngeren \u0001 \u0002 spielten wir den Rest des Nachmittags Monopoly, kritzelten sinnfreie Bildchen in ihr Hausaufgabenheft und unterhielten uns \u00fcber dieses und jenes. Bis es Abend wurde.\u201eMist, ich muss los.\u201c, meinte ich, als ich gerade die vierte Partie Monopoly verloren hatte.\u201eStimmt\u201c, sagte Sam mit einem Blick auf ihren Wecker. \u201eDu, ich w\u00fcnsche dir ganz, ganz viel Gl\u00fcck, ja? Lass dich nicht von Luke nicht provozieren und komme heil wieder\u201c\u201eKlar\u201c, sagte ich so locker wie \u0001 \u0002 sie mir Gl\u00fcck w\u00fcnschte, fand ich ja ganz nett. Aber da hatte ich noch nicht verstanden, WARUM ich ihr Gl\u00fcck \u0001 \u0002 ging langsam die Stra\u00dfe entlang. Mittlerweile war es schon fast zehn und ich m\u00fcsste eigentlich schon vor einer halben Stunde am Waldrand sein. Aber Luke konnte ruhig noch warten. Schadet ja nicht. Ich bog um die Ecke, in eine kleine Gasse, die zum Wald \u0001 \u0002 sah ihn schon vom weitem. Er sah mich auch und winkte. Ich konnte mir zu gut sein schadenfreudiges Gesicht vorstellen.\u201eHey.\u201c, begr\u00fc\u00dfte ich ihn kalt. Er grinste. \u201eNa, schon aufgeregt?\u201c Wieso, weshalb, warum? Wer nicht fragt, bleibt dumm...\u201eN\u00f6\u201c F\u00fcr diese stumpfe Antwort sollte ich eigentlich belohnt werden. Oder zumindest sein d\u00e4mliches Gesicht fotografieren d\u00fcrfen. Er guckte n\u00e4mlich wie ein Huhn wenn\u00b4s blitzt.\u201eSo. dann werde hier mal die Regeln aufstellen. Wir treffen uns hier morgen um, sagen wir mal, 14 Uhr wieder. Dann werden wir ja sehen, wer hier das Huhn ist.\u201c Kann er Gedankenlesen? Huu, gruselig.\u201eUnd du nimmst meine \u00dcberwachungskamera mit.\u201c Er dr\u00fcckte mir ein bohnenlanges St\u00fcck Stahl in die Hand. Ich musste schon genauer hingucken, bis ich die kleine Linse gesehen habe. \u201eWozu soll das denn gut sein?\u201c, fragte ich irritiert.\u201eDamit du nicht unbemerkt woanders hingehen kannst. Wir wollen ja nicht, dass du abhaust und erst kurz vorm Treffpunkt wieder hier bist, ne?\u201c\u201eSehe ich so aus, als w\u00fcrde ich mitten in der Nacht aus dem Wald hinausspanzieren, nachdem ich meiner Mutter gesagt habe, dass ich bei meiner Freundin \u00fcber Nacht bleibe?\u201cEr \u00fcberlegte kurz. \u201eJa.\u201cJetzt war ich es, die wie ein Huhn guckte. \u201eSo, dann viel Spa\u00df und bis morgen.\u201cIch z\u00f6gerte. \u201eNa los. Booook bok bok bok boook.\u201cIch zeigte ihm einen Vogel, drehte mich wortlos um und lief in den Wald, drauf gefasst, eine schlaflose Nacht zu verbringen. Da h\u00e4tte ich wirklich lieber Schule. Denn besser das, alsgar keinen Schlaf. Langsam wurde es dunkler. Und k\u00e4lter. Von wegen laue Sommernacht, haha. Ich fror wie \u00d6tzi kurz vorm Erfrieren. Na gut, man geht ja auch nicht mit Birkenstocksandalen ins Hochgebirge. Da hatte ich es ja wohl besser, mit meinem Schlafsack, meiner Winterjacke und Luke\u00b4s Miniaturkamera. Ich zuckte zusammen, als \u00fcber mir ein Ast raschelte und ein dunkler Umriss \u00fcber meinen Kopf flog. \u201eDas zahl ich dir heim, du Holzkopf!\u201c, zischte ich in die Kamera. Aber irgendwie gab mir dieses Teil eine gewisse Sicherheit, die ich sp\u00e4ter allerdings als Aberglaube bezeichnete. Denn gebracht hat sie mir so gut wie \u00fcberhaupt \u0001 \u0002 kam ich auf eine kleine Lichtung, obwohl von Licht nicht viel zu sehen \u0001 \u0002 nahm meinen Schlafsack aus dem Rucksack, den ich mit hatte, und rollte ihn gesch\u00fctzthinter einem dichten Busch aus. Ich guckte auf meine Armbanduhr. Zwanzig nach elf. Nur noch sechsundzwanzig Stunden, bis ich wieder Zivilisation erleben und Lukes d\u00fcmmliches Gesicht sehen durfte. Ich legte mich hin. Mittlerweile war es stockd\u00fcster, so als ob jemand Fotos entwickeln w\u00fcrde. Na ja, so \u00e4hnlich jedenfalls. Ich starrte in den mit Sternen \u00fcbers\u00e4ten Himmel. Es sah so wahnsinnig sch\u00f6n aus, dass ich eine Art Wachtraum versank. So merkte ich auch nicht, was sich nur ein paar Meter weiter auf der Lichtung abspielte. Denn was dann kam, \u00e4nderte mit einem Mal alles \u2026",
            "wordcount": "842",
            "chapter_release": "03.05.2011",
            "chapter_number": "4"
        },
        "5": {
            "text": "Und nochmal ein neues Kapitel :) Es istein wenig kurz geraten, aber wie hei\u00dft es so sch\u00f6n:In der K\u00fcrze liegt die W\u00fcrze ^^Es war der ohrenbet\u00e4ubende Knall, der mich aus meiner Versunkenheit zerrte. Ich zuckte regelrecht zusammen, als ein weiterer Knall folgte. Dieser war allerdings etwas leiser, aber immer noch so laut, dass es in den Ohren schmerzte. Langsam sch\u00e4lte ich mich aus meinem Schlafsack, um nachzusehen, was da los war. Leise kroch ich unter den dichten Busch und sp\u00e4hte angestrengt in die Finsternis. Doch bis auf ein paar schattenhafte Umrisse konnte ich nichts entdecken. Daf\u00fcr nahm ich jetzt ein leises Zischen wahr, das immer durchdringender wurde, bis es in ein Pfeifen \u00fcberging, wie bei einem Teekessel. Was kann das sein?, fragte ich mich. Mir wurde kalt und eine G\u00e4nsehaut schlich sich langsam \u00fcber meinen R\u00fccken. Trotz der K\u00e4lte, die meinen K\u00f6rper jetzt beherrschte, kroch ich noch n\u00e4her an die Lichtung heran. Ich schloss kurz die Augen und atmete tief ein, bevor ich sie wieder \u00f6ffnet. Ich nahm einen Umriss war, den ich allerdings nicht wirklich deuten konnte. Ich muss n\u00e4her heran, sagte ich mir und rutschte noch ein St\u00fcck weiter. Das Zischen hatte aufgeh\u00f6rt, stattdessen h\u00f6rte ich eine Art Summen, das aus dem Umriss zu kommen schien. Es war ein Summen, wie ich es noch nie geh\u00f6rt habe. Unbekannt, gruselig, aber irgendwie erinnerte es mich ein wenig an das helle Fiepen einer zahmen Maus. Ob DAS hier so zahm war, werde ich mal in Frage \u0001 \u0002 knackte es unter mir. Ich war wohl noch ein St\u00fcck weiter gekrochen und muss wohl dabei einen kleinen Ast zertreten haben. F\u00fcr so einen kleinen Ast machte das Teil aber ein erschreckend lautes Ger\u00e4usch, so dass ich abermals zusammenfuhr. Dann hielt ich inne und lauschte. Das Summen war kurz verstummt, aber nur, um circa zehn Sekunden sp\u00e4ter noch lauter fortzufahren. Es war zu sp\u00e4t. Der Umriss wackelte bedenklich und ich h\u00f6rte einen weiteren Knall, dann wieder das Zischen. Auf einmal wurde die Lichtung mit einem seltsam glei\u00dfenden Licht umsp\u00fclt, so dass ich fast nichts mehr erkennen \u0001 \u0002 Summen kam n\u00e4her, immer n\u00e4her. Erst dachte ich, es k\u00e4me von irgendeiner Maschine, doch als weiteres Summen hinzukam, wurde mir schlagartig klar, dass irgendetwas mich umzingelte. Ein unbekanntes, furchterregendes Irgendetwas. Ich klammerte mich vor Angst an den \u00c4sten des tiefh\u00e4ngenden Busches \u0001 \u0002 sah ich undeutlich eine dunkle Gestalt aus dem glei\u00dfenden Licht auf mich zu kommen. Mich durchfuhr ein eisiger Schreck, fast gleichzeitig wurde ich von kr\u00e4ftigen tentakelartigen Dingern gepackt. Ich wurde hochgezogen und vorw\u00e4rts geschubst. \u201eNein, w-was soll das? Lass mich los!\u201c, schrie ich hysterisch. Ich sp\u00fcrte, wie mich jemand hochhob, versuchte mich zu wehren. Vergebens. Die Tentakeln hielten mich fest und hinterlie\u00dfen ein deutliches Kribbeln auf meiner Haut. Die Gestalt, die jetzt genau vor mir stand, gab dieses komische Summen von sich, dass jetzt laut und schrill klang, und presste mir ein nasses Tuch vor den Mund. Eine scharfe Substanz lief mir hinein, schlagartig wurde ich schw\u00e4cher und mein Verstand wurde vollends vernebelt. \u201eAber ich mag doch gar nicht mexikanisch.\u201c ist das Letzte, was ich von mir geben kann, bevor ich vollst\u00e4ndig im Nebel meiner Gedanken versank.",
            "wordcount": "532",
            "chapter_release": "03.05.2011",
            "chapter_number": "5"
        },
        "6": {
            "text": "Es war wie in einem lebhaften Traum. Um mich herum war grauer Dunst. Ich schwebte hindurch, in der Hoffnung, irgendwann wieder den Boden zu ber\u00fchren. Pl\u00f6tzlich sah ich ein Licht, ein warmes, strahlendes Licht, dem ich mich langsam n\u00e4herte. Es war so unwirklich im grauen Dunst. Und doch kam es mir vor, wie eine geisterhafte Gestalt, die in ein r\u00f6tlich schimmerndes Gewand gekleidet \u0001 \u0002 durchsichtig schimmernde Hand streckte sich pl\u00f6tzlich nach mir aus. Sie griff nach mir und hielt mich fest. Ich wehrte mich, doch ich war zu schwach. \u201eLass mich los.\u201c, wollte ich sagen. Doch aus meinem Mund kamen nur kleine wei\u00dfe W\u00f6lkchen. Erst jetzt bemerkte ich, wie bitterkalt es um mich herum war. Das Licht verschwand, der Dunst hatte mich jetzt vollkommen \u0001 \u0002 Hand hielt mich immer noch fest, der Druck verst\u00e4rkte sich \u0001 \u0002 ert\u00f6nte das seltsame Summen, das ich schon auf der Wiese geh\u00f6rt hatte. Doch diesmal konnte ich es nicht einordnen. Es schien von \u00fcberall zu kommen. Und auf einmal wurde ich mit einem schmerzhaften Ruck aus dem Dunst gerissen. Etwas bohrte sich in meinen Brustkorb. Ich hatte das Gef\u00fchl zu ersticken. Krampfhaft versuchte ich die Augen zu \u00f6ffnen. Als es mir schlie\u00dflich gelang, traute ich meinen Augen nicht. Ich sah einen ovalen Raum, der riesig erschien. Ich lag einem harten Stuhl, der mich an den bei meinem Zahnarzt erinnerte. \u00dcber mir blendete mich eine gro\u00dfe grelle Lampe. Dann h\u00f6rte der Schmerz abrupt \u0001 \u0002 schob sich vor meine Augen, sodass ich einen Moment lang nichts sehen konnte. Dann wurde nach und nach eine Gestalt sichtbar die in einen Umhang geh\u00fcllt \u00fcber mir gebeugt stand. Ich konnte ihr Gesicht nicht sehen, dennoch schaute ich sie eindringlich ein, auf der Suche nach einem eventuell nicht vorhandenen Gesicht. Als sie bemerkte, dass ich sei beobachtete, stie\u00df sie einen Laut aus und presste mir wieder diese ekelhafte Substanz auf den Mund. Und schon machte sich das Schwindelgef\u00fchl breit. Es \u00fcbernahm meinen K\u00f6rper und lie\u00df mich wieder in den grauen Nebel \u0001 \u0002 war wie vorher. Der Dunst, das r\u00f6tliche Licht. Nur die Hand fehlte diesmal. So waberte ich wieder ein paar Minuten lang durch den dichten Nebel auf das Licht zu. Es h\u00e4tten aber auch Stunden, wenn nicht sogar Tage dauern k\u00f6nnen. Ich hatte komplett mein Zeitgef\u00fchl verloren. Als ich schon fast bei dem Licht angekommen war, trat pl\u00f6tzlich eine Gestalt auf mich zu. Sie trug einen langen Umhang in einer undefinierbaren Farbe. Es war die Gestalt von vorhin. Sie kam langsam auf mich zu. Je n\u00e4her sie kam, desto besser konnte ich die Details sehen. Erschreckende Details. Die Gestalt, oder das \u201eEtwas\u201c, hatte starre gr\u00fcn schwarze Augen, als Nase eine Art Tierschnauze und die Ohren waren eher elfenartige lang gezogene \u0001 \u0002 wusste ja noch nicht mal, ob dies weiblich oder m\u00e4nnlich war. Und nachgucken wollte ich auch nicht unbedingt. F\u00e4nde ich \u0001 \u0002 erinnerte mich die Gestalt ein wenig an die 3D \u2013 Figuren aus dem Film \u201eAvatar\u201cWenn sie jetzt noch blaue Haut gehabt h\u00e4tte, h\u00e4tte ich mir gut vorstellen, irgendwie in den Film hineingeraten zu sein. Dies w\u00e4re mir X Mal lieber gewesen, als die grausame \u0001 \u0002 Nebel lichtete sich auf einmal und das rote Licht verschwand wieder. Die Gestalt war ganz nah bei mir, so dass ich ihren eiskalten Atem sp\u00fcren \u0001 \u0002 Summen ert\u00f6nte. Verwirrt und \u00e4ngstlich starrte ich das Etwas an. Dann ging das Summen langsam in klare Worte \u00fcber. \u201eSsssskk kkkaannst dduu miich vverstehen?\u201c Die Stimme h\u00f6rte sich sanft an, aber irgendwie auch bedrohlich. Wie ein Verbrecher, der seinem Opfer sagt, es passiere ihm nichts \u2026 Ich sah dem Etwas in die gr\u00fcn schwarzen Augen und nickte langsam. \u201eJa\u201c wollte ich sagen, doch wieder kam kein Laut. \u201eDdann komm\u201c Die Stimme war inzwischen klar und fast ohne Gestotter. Die Gestalt ging durch den noch immer leichten Nebel, ich folgte ihr schnell, damit ich sie nicht verlor. Aber wollte ich ihr folgen? Nein, auf keinen Fall! Aber etwas in mir sagte, ich sollte es besser machen, sonst w\u00fcrde ich hier nie raus \u0001 \u0002 fand mich auf dem Zahnarztstuhl wieder. Mittlerweile war das Licht herunter gedimmt worden, sodass ich mich umsehen konnte. Soweit es meine Fessel zulie\u00dfen. Ich war mit merkw\u00fcrdigen Schlingen am Stuhl festgebunden worden. Ob diese schon vorher dargewesen waren, konnte ich nicht sagen. Mein Zeitgef\u00fchl war wie im Traum verschwunden. Ich wunderte mich, warum hier keine Uhr hing. Es war alles nur ein b\u00f6ser Traum, redete ich mir ein. Alles nur ein Traum. In Wirklichkeit sitze ich beim Zahnarzt und warte darauf, dass der Onkel Doktor irgendwas \u0001 \u0002 so war es nicht, und dies wusste ich nur zu gut. Welcher Zahnarzt w\u00fcrde denn seine eigene Patientin entf\u00fchren und mit algenartigen Schlingen fesseln, nur damit sie sich zu ihm traute? Das w\u00e4re ja so ziemlich der gr\u00f6\u00dfte Mist aller Zeiten. Aber wenn es nicht so war, was war es dann?Ich mochte gar nicht daran denken, was alles noch passiert. Und alles nur wegen \u0001 \u0002 hatte mich doch als Huhn bezeichnet. Luke hatte diese Wette eingef\u00e4delt. Luke war an allem Schuld! Gut, ich habe zugestimmt, aber irgendwie hat er mich ja auch unter Druck \u0001 \u0002 fiel auf, wie ruhig es war. Nochmals schaute ich mich um. Ich war allein. Allein in dem ovalen Raum. Allein auf mich \u0001 \u0002 wollte fl\u00fcchten, musste aber einsehen, dass dieses Wesen sehr feste Knoten machen konnte. Es gab au\u00dferdem keine Fenster im Raum, aus denen ich h\u00e4tte springen k\u00f6nnen. Und T\u00fcren konnte ich auch keine entdecken. Wo war ich hier?! Ich war kurz vorm Verzweifeln. Pl\u00f6tzlich fiel mir die kleine Kamera ein, die Luke mir mitgegeben. Vielleicht war sie doch zu etwas gut. Vielleicht hatte sie ja etwas aufgezeichnet, was mir weiterhelfen k\u00f6nnte. Wo hatte ich sie auch noch gleich?Bevor ich auf die Lichtung kroch, hatte ich sie mir in die Hosentasche \u0001 \u0002 versuchte meine H\u00e4nde so in die Taschen zu stecken, dass sie die Kamera ber\u00fchrten. Schlie\u00dflich schaffte ich es. Hoffentlich funktioniert sie noch, dachte ich im Stillen. Mit der rechten Hand zog ich sie vorsichtig heraus und fummelte so lange an dem kleinen Stab mit dem Objektiv herum, bis es schlie\u00dflich piepte und das kleine L\u00e4mpchen an der Seite aufblinkte. Bitte mach, dass man keinen Fernseher dazu braucht, hoffte ich. Ich holte tief Luft. Dann dr\u00fcckte ich auf Play.",
            "wordcount": "1.055",
            "chapter_release": "03.05.2011",
            "chapter_number": "6"
        },
        "7": {
            "text": "OMG!! Hab ich wirklich soooo lange nichts mehr hochgeladen??? oO Mist. Daf\u00fcr entschuldige ich mich ganz ganz doll! Hoffentlic nimmt mir das hier keiner \u00fcbel? Und hoffentlich k\u00f6nnt ihr euch noch an meine Geschichte erinnern.... *schluck* Wenn nicht, m\u00fcsst ihr sie halt nochmal lesen ;D Nee, quatscht. Also, damit mal wieder \u00fcberhaupt was hier drin steht, hab ich mal weitergeschrieben. Zwar nur kurz, aber immerhin. Also, wie Vergn\u00fcgen :) Reviews?? *lieb guck und schon mal Kekse verteil* gglg Kit ^^ (diesmal \u00fcbrigens mit Sichtwechsel)\u201eLuke! Zum letzten Mal. Wo \u2013 ist \u2013 Emily?!\u201c Mir wurde abwechselnd hei\u00df und kalt. Sam hatte sich bedrohlich vor mir aufgebaut. \u201eIch w-wei\u00df es nicht\u201c, sagte ich leise. In ihrer Gegenwart fange ich sonst eigentlich nie an zu stottern. Aber unter diesen Umst\u00e4nden war es wohl eher ein Reflex als eine Nachgiebigkeit meiner Gef\u00fchle. \u201eDas darf doch nicht wahr sein!\u201c, br\u00fcllte sie mich an. Ich zuckte erschrocken zur\u00fcck. \u201eDas darf doch alles nicht wahr sein.\u201c Sie r\u00fcckte von mir ab, setzte ein \u00fcbertrieben s\u00fc\u00dfliches L\u00e4cheln auf und s\u00e4uselte: \u201eErst taucht der entz\u00fcckende und liebensw\u00fcrdige Luke Dafner auf, \u00fcberredet meine Freundin zu einer vollkommen irrsinnigen Wette und l\u00e4sst sie dann einfach im Wald stehen und behauptet, sie sei nicht wiedergekommen. Was f\u00fcr ein Schwachsinn!\u201c W\u00e4hrend sie die letzten Worte sprach, wurde ihr Stimme immer lauter und verbitterter. \u201eMan, es reicht mir jetzt! Wie oft denn noch? Ich habe drei Stunden gewartet. Sie ist einfach nicht gekommen! Was h\u00e4tte ich denn machen sollen?\u201c, reif ich verzweifelt.\u201eWeiter warten, vielleicht?!\u201c Sie fuhr sich mit der Hand durch die Haare. Und immer wieder murmelte sie: \u201eWarum? Das darf doch nicht wahr sein.\u201c Mir gingen diese Worte durch Mark und Bein. Als ob Ich etwas daf\u00fcr k\u00f6nnte, dass Madame nicht wieder auftaucht und mich im Wald stehen l\u00e4sst! Warum wollte Sam das einfach nicht einsehen?Stumm sch\u00fcttelte ich den Kopf und stellte mich zu meinem Vater. \u201eSohn\u201c, sprach er mich an.\u201eWas hast du eigentlich mit dieser Sache zu tun? Ich meine, Samantha br\u00fcllt dich an, als seiwei\u00df-ich was los, deine Mutter hat dich hier am Waldrand gefunden, \u2026 Luke, was ist hier los?\u201c Ich schluckte. Sollte ich es ihm wirklich erz\u00e4hlen? Hier und jetzt? Zwischen all den Polizisten, die sich hier versammelt haben, um den Wald zu durchk\u00e4mmen? Ich z\u00f6gerte. Doch mit jeder Sekunde Z\u00f6gern starrte mich mein Vater noch intensiver an. Warum musste ausgerechnet ER Kommissar werden? Ich senkte den Kopf unter den Blicken meines Vaters.\u201eEmily und ich haben eine Wette abgeschlossen\u201c, begann ich vorsichtig. \u201eWir haben darum gewettet, ob sie es schafft, eine Nacht lang im Wald zu verbringen. Daraufhin trafen wir uns gestern Abend hier. Sie ging mit ihren \u00dcbernachtungssachen in den Wald. Als sie hinter einer Biegung verschwand, sah ich sie das letzte Mal. Am n\u00e4chsten Tag \u2013 also heute \u2013 wollten wir uns wieder hier treffen. Aber hier ist sie nie angekommen.\u201c Stille. Dann r\u00e4usperte sich mein Vater.\u201eIch bin entt\u00e4uscht von dir. Wie kannst du nur das Leben eines anderen gef\u00e4hrden? Woher willst du eigentlich wissen, dass sie tats\u00e4chlich da geblieben ist?\u201c \u201eIch habe ihr mein Aufnahmeger\u00e4t mit der Kameralinse mitgegeben. So sollte sie nachweisen, dass sie dort \u00fcbernachtet hat.\u201cVorsichtig hob ich den Kopf. Mein Vater sah mich ruhig an, aus traurigen blauen Augen. Dann sch\u00fcttelte er langsam den Kopf und ging zu seinen Kollegen. In diesem Moment kamen bei mir ein Schwall an Schuldgef\u00fchlen hoch. Mir tat alles so entsetzlich Leid. Das Verschwinden von Emily, dass ich diese Wette vorgeschlagen habe, dass \u2026 Mir tat noch viel mehr Leid, aber meine Gedankeng\u00e4nge wurden je unterbrochen, als Sam pl\u00f6tzlich dicht neben mir stand. Ich sp\u00fcrte, wie mein Herz schneller schlug, als ich ihren warmen Atem sp\u00fcrte. Doch was sie mir jetzt ins Ohr wisperte, lie\u00df mein Herz einen Schlag aussetzen.\u201eDu hast die Wette vorgeschlagen, du hast es verbockt. Also wirst DU sie auch suchen.\u201c Mir lief eine G\u00e4nsehaut \u00fcber den R\u00fccken. Das konnte sie doch unm\u00f6glich ernst meinen!?\u201eD-Das geht d-doch nicht. I-Ich \u2013 \u201c \u201eOh doch, das geht. Und zwar so bald wie m\u00f6glich. Wir k\u00f6nnen dir ja ein Aufnahmeger\u00e4t mitgeben. Dann k\u00f6nnen wir ja nachweisen, ob du auch wirklich dargewesen bist.\u201c Sams Stimme triefte nur so vor Sarkasmus. Meine Gedanken wirbelten durcheinander. Sie wusste nichts von meinen Gef\u00fchlen. Sie hatte nicht die blasseste Ahnung, dass ich sie mochte. Aber wenn sie es w\u00fcsste, w\u00e4re es bestimmt noch viel schlimmer. Bis jetzt konnte ich meine Gef\u00fchle immer erfolgreich verbergen. Hinter einer Maske aus Angeberei, Egoismus und Selbstsicherheit. Dies wurde mir erst jetzt \u0001 \u0002 ich ausgerechnet jetzt daran dachte, wusste ich beim besten Willen nicht. Viel wichtiger war doch jetzt erstmal Emily. Meinen innerlichen Kampf zwischen Zustimmung und Angst vor der Suche hatte nach endlosen Minuten dann doch die Zustimmung gewonnen. Z\u00f6gernd nickte ich.\u201eIch will es h\u00f6ren, Luke. Sag, dass du sie suchen wirst!\u201c Ihre Stimme wurde mit jedem Wort sch\u00e4rfer. \u201eSag es!\u201c \u201eIch werde sie suchen\u201c, fl\u00fcsterte ich.\u201eIch h\u00f6re nichts!\u201c \u201eIch werde sie suchen!\u201c wiederholte ich diesmal lauter, daf\u00fcr allerdings mit zittriger Stimme. \u201eNa geht doch.\u201c Als ich mich nach Sam umdrehte, war sie schon wieder verschwunden. Jetzt packte mich die eiskalte Angst. Ich sollte alleine in den Wald. Bewaffnet mit einer Taschenlampe, meiner Angst und den vielen Schuldgef\u00fchlen, die sich inzwischen immer mehr anstauten in mir. Wie bet\u00e4ubt sah ich vor meinem inneren Auge eine riesenhafte Gestalt auf mich zukommen, immer schneller und schneller. Dann sah ich Emily. \u00c4ngstlich und zusammengesunken. Mit Blut \u00fcberstr\u00f6mt. Das letzte Bild jagte mir erst recht Angst ein. Dabei habe ich Emily doch fest gesagt, dass ich keine Angst h\u00e4tte. Und jetzt musste ich wie sie in den Wald. Allein. Ich holte tief Luft, redete mir ein, dass alles nur halb so schlimm war wie es schien und das ich Lilly fr\u00f6hlich und gesund in irgendeiner Waldh\u00fctte finden \u0001 \u0002 ich da schon die Wahrheit gewusst, h\u00e4tte ich sie niemals in diese Wette miteinbezogen. Nie!Doch konnte ich da schon ahnen, dass noch viel schlimmere Dinge auf uns zukommen w\u00fcrden?Ich denke nicht. Deshalb war die Realit\u00e4t, die uns erschreckend schnell einholte, f\u00fcr uns auch viel grausamer, als wir es uns je vorstellen konnten.",
            "wordcount": "1.023",
            "chapter_release": "03.05.2011",
            "chapter_number": "7"
        },
        "8": {
            "text": "Nochmal ein riesen gro\u00dfes Sorry daf\u00fcr, dass ich schon wieder so sp\u00e4t ein neues Kapitel hochlade. Meine Ideen hierzu sind irgendwie ziemlich sp\u00f6rde geworden. Nun vielleicht seht ihr das ja anders. Ich w\u00fcnsche euch trotzdem eine wohlige G\u00e4nsehaut und ein sch\u00f6nes Wochenende :) Hinterlasst ihr mir wieder so nette Reviews? W\u00e4re euch echt dankbar daf\u00fcr ^___^gglg Kit <3Zuerst war nur ein Rauschen zu h\u00f6ren. Ich dr\u00fcckte einen Knopf an der Seite, der die Lautst\u00e4rke in die H\u00f6he schraubte. Dann h\u00f6rte ich meine eigene Stimme. Sie klang verzerrt, war aber noch zu erkennen. \u201eDas zahle ich dir heim, du Holzkopf.\u201c, zischte es aus der Kamera. Wie gut, dass man sie auch ohne Bild abspielen konnte. Woher Luke das gute St\u00fcck hatte, wusste ich allerdings nicht. Muss bestimmt mehrere hundert Euro gekostet haben, trotz schlechter Aufnahmequalit\u00e4tImmer noch rauschte es leise und ich versuchte angestrengt, mich auf andere Ger\u00e4usche zu konzentrieren. Ein paar Mal war ein Vogelschrei zu h\u00f6ren, das Rascheln von Laub. Aber da war noch etwas Anderes, etwas \u2026 Beunruhigendes. Ich wusste nicht genau, was es war. Aber es verursachte mir eine G\u00e4nsehaut. Als wenn das Ger\u00e4t etwas aufgenommen h\u00e4tte, dass f\u00fcr mich unsichtbar und nicht zu h\u00f6ren gewesen war. Anders konnte ich mir es nicht erkl\u00e4ren. Dieses Gef\u00fchl, ein lautloses, aber trotzdem vorhandenes Etwas \u2026 Ich zuckte unwillk\u00fcrlich zusammen, als ich den Knall h\u00f6rte. Durch die Aufnahme war er ziemlich ged\u00e4mpft, jagte mir aber trotzdem einen Schauer \u00fcber den R\u00fccken. Ich h\u00f6rte mich selber leise aufschreien, dann war wieder nur das Rauschen zu h\u00f6ren. Ein Zischen ert\u00f6nte, das in dieses Summen \u00fcberging, das mir schon auf der Lichtung so viel Angst gemacht hatte. Es klang wie nicht von dieser \u0001 \u0002 Knacken, ein weiterer Knall, das wiedereinsetzende Zischen \u2013 dann war die Aufnahme zu \u0001 \u0002 mehr. Ich spulte noch mal zur\u00fcck, um sicher zu gehen, dass ich nirgendwo drangekommen war. Doch das war definitiv der Schluss der Aufnahme. Verzweifelt dachte ich nach. Wieso hat sie genau hier geendet, kurz bevor mich dieses grelle Licht blendete? Warum ausgerechnet an dieser Stelle? Ich konnte es mir nicht erkl\u00e4ren, dabei h\u00e4tte ich so gerne noch einmal dieses seltsame Summen geh\u00f6rt. Es war das einzige, an das ich mich noch erinnern konnte, bevor ich ohnm\u00e4chtig wurde und hier aufgewacht \u0001 \u0002 gab letztendlich auf, die Kamera fiel auf den Boden. Die Fesseln schnitten mir in die Haut, als wenn sie kleine scharfe H\u00e4kchen h\u00e4tten. Meine F\u00fc\u00dfe schliefen ein, ich wehrte mich nicht dagegen. Das Schlimmste jedoch an dieser Situation: Sie war aussichtslos. Ich kam hier nicht weg, egal ob gefesselt oder nicht. Aber irgendetwas musste ich doch versuchen, schlie\u00dflich konnte ich nicht den Rest meines Lebens auf diesem Zahnarztstuhl verbringen. Ich starrte verzweifelt die Zimmerdecke an \u2013 vorausgesetzt, eine gew\u00f6lbte Halbkugel in einem ovalen Zimmer war eine Decke. Pl\u00f6tzlich fiel mir ein rundes schwarzes Etwas auf, dass ziemlich paradox an der schneewei\u00dfen Wand wirkte. Ich sah genauer hin. Das kleine Ding war im Prinzip eine flache Scheibe, nicht mal zehn Zentimeter Durchmesser. In der Mitte konnte ich eine Art Linse erkennen. Und auf einmal fiel es mir wie Schuppen von den Augen. \u201eSie beobachten mich\u201c, schoss es mir durch den Kopf und mir stockte der Atem. Wer auch immer \u201esie\u201c waren, sie hatten mich im Blick. Sie sahen alles, was hier drin ablief. Lukes Kamera, die Aufnahme, mein verzweifelter Blick. All my secrets. Alles. Alles. Alles \u2026 Nur mit gro\u00dfer M\u00fche konnte ich eine Schrei unterdr\u00fccken. Mit vor Angst geweiteten Augen starrte ich die kleine \u00dcberwachungskamera an, konnte nicht glauben, dass mich in diesem Moment jemand beobachtete. Wollte es nicht glauben. Mir fielen wieder die starren gr\u00fcnen Augen und die tier\u00e4hnliche Gestalt aus meinem Traum \u0001 \u0002 es sie wirklich? Oder waren es nur absurde Ausgeburten meiner Fantasie? Ich sollte weniger Horrorfilme gucken, nahm ich vor, als sich pl\u00f6tzlich die Zimmerw\u00e4nde zu drehen schienen. Eine Art Fenster wurde sichtbar, dahinter ein schwarzes Nichts. Ich r\u00fchrte mich nicht, starrte abwechselnd von der Kamera zu dem neuen Ausgang. Was sollten sie von mir?, fragte ich \u0001 \u0002 einmal sp\u00fcrte ich eine Art Kribbeln in den Armen, und es lag nicht an der fehlenden \u0001 \u0002 Fesseln begannen sich langsam zu l\u00f6sen, schlie\u00dflich fielen sie lautlos zu Boden. Ich schnappte nach Luft. Lie\u00dfen sie mich frei? Sollte ich versuchen zu fliehen? Beobachteten sie mich noch? All das schoss mir in Lichtgeschwindigkeit durch den Kopf, w\u00e4hrend ich fieberhaft \u00fcberlegte, was ich nun tun sollte. Doch mir wurde die Entscheidung schlagartig abgenommen, als ein kr\u00e4chzendes Zischen ert\u00f6nte. Es war die Stimme aus meinem Traum!\u201eSsssskrrrrrssssseeemily. Eeemlily.\u201c Sie kannten meinen Namen! Ich war viel zu entsetzt, um irgendeinen Laut herauszubringen. Unger\u00fchrt fuhr die Stimme fort, wurde nach und nach klarer.\u201eSkkkkdder \u2026 der Wwweg is ddir frei. Folge dem Weg. Ggeh ihn. Und kkomm zu uns, du wirst uns finden. Trau dich, wir wollen dir nichts B\u00f6ses \u2026 Vertrau uns \u2026\u201cEine eiskalte G\u00e4nsehaut jagte mir \u00fcber den R\u00fccken. Sollte ich wirklich? Aber das hie\u00dfe auch gleichzeitig, dass ich ihnen ausgeliefert war. Aber vielleicht wollen sie mir auch gar nichts antun, dachte ich. Vielleicht wollen sie ja nur mit einem Menschen Kontakt aufnehmen, \u00fcber ihn \u0001 \u0002 holte einmal tief Luft und schwang erst ein Bein, dann das Andere \u00fcber den Stuhlrand. Etwas unentschlossen sa\u00df ich nun da und starrte auf das schwarze Loch, dass sich schr\u00e4g vor mir ausgebreitet hatte. Sollte ich? Sollte ich nicht? Ich k\u00f6nnte noch fl\u00fcchten \u2026 \u201eDu brauchst nicht zz\u00f6gern, meine Liebe. Komm zu uns, komm.\u201cIch schluckte, meine Kehle f\u00fchlte ich an wie ausged\u00f6rrt. \u201eKann ich erstmal ein Glas Wasser bekommen? Bitte?\u201c Zu Gastgebern sollte man immer freundlich sein, egal von wo sie kamen. Doch mein Wunsch blieb unbeantwortet. Langsam stand ich auf, der Boden schien zu \u0001 \u0002 lange ich wohl hier gelegen habe? Das Blut schoss in meine Beine, begann wieder zu zirkulieren. Ich machte einen Schritt auf das Loch zu, die Schw\u00e4rze schien sich endlos \u0001 \u0002 einen Schritt. Nur noch einen Meter. Ich atmete tief durch, dann betrat ich das schwarze, undurchdringliche Nichts. Die Dunkelheit h\u00fcllte mich ein, wie ein schwarzes samtenes Tuch. Ich schaute mich um, noch konnte ich zur\u00fcck in den hellen, schneewei\u00dfen Raum mit dem Zahnarztstuhl, wo alles bis auf die Kamera so sicher schien. Doch ich wurde entschlossener. Ich konnte vielleicht wirklich fliehen, abhauen in das Nirgendwo vor mir. Mich selber aufmunternd trat ich noch einen Schritt nach vorne. Und fiel in einen nicht enden wollenden Abgrund \u2026 ~\u201eDu schaffst das, Luke. Dies ist nur ein ganz harmloser Wald mit vielen B\u00e4umen, vielen Tieren und vielen Ger\u00e4uschen.\u201c Ich zuckte zusammen, als eine Fledermaus \u00fcber meinen Kopf hinweg flog. St\u00f6hnend atmete ich aus. Warum musste ich ausgerechnet nachts nach Emily suchen? Konnte das nicht bis zum n\u00e4chsten Tag warten? Meine Taschenlampe warf unruhig tanzende Schatten auf den vor mir liegenden Weg. Irgendwo hier musste sie doch sein. Wo sonst konnte man sein Zelt aufschlagen und eine Nacht im Wald verbringen?Ich verfluchte mich immer noch f\u00fcr diese bescheuerte Idee mit der Wette. Mir war entsetzlich \u0001 \u0002 Dunkelheit um mich herum machte mir Angst, auch wenn ich es mir nicht eingestehen \u0001 \u0002 Ablenkung dachte ich an Sam. Ihr blondes Haar, das sie lachend nach hinten warf. Ihre blauen blitzendes Augen. Mein Herz schlug schneller. Ich konnte mich nicht mehr konzentrieren, so dass ich stolperte. Gerade noch konnte ich mich abfangen. Eine Eule schrie. Dann war wieder nur der Wind zu \u0001 \u0002 riss mich so gut es ging zusammen und versuchte die Angst auszublenden. War Emily hier vor zwei Tagen auch lang gegangen? Hatte sie das Gleiche empfunden wie ich? Diese Angst, die G\u00e4nsehaut? Diesen Widerwillen?Pl\u00f6tzlich lichtete sich der Wald vor mir. Eine gro\u00dfe fast ebene Fl\u00e4che breitete sich vor mir aus wie ein italienischer F\u00e4cher aus dem 16. Jahrhundert. Schnell leuchtete ich den Platz ab, er war gro\u00df und weitl\u00e4ufig. Ich atmete langsam ein und aus, um mich zu beruhigen. Ob sie hier war?\u201eEmily?\u201c, rief ich leise. Keine Antwort. \u201eEmily!\u201c Stille. Mir war klar, dass ich den Platz absuchen musste. Anders konnte ich nicht herausfinden, ob sie hier war oder nicht. Langsam trat ich ein paar Schritte nach vorne. Mir war bewusst, dass ich dann schutzlos war. Wenn ich mich auf die Lichtung begab, war ich den wilden Tieren ausgeliefert. Sie konnte mich von hinten anfallen und ich w\u00fcrde es noch nicht einmal mehr \u0001 \u0002 versuchte ich ruhig zu bleiben. \u201eEs passiert schon nichts, alles ist ganz normal\u201c, redete ich mir ein. Entschlossen ging ich weiter, bis zur Mitte der Lichtung. Pl\u00f6tzlich fiel mir etwas auf. Das l\u00e4ngliche Gras war an einigen Stellen plattgedr\u00fcckt, an anderen stand es senkrecht nach \u0001 \u0002 wunderte mich, wie gleichm\u00e4\u00dfig das Gr\u00fcn abgeknickt und gerade war. Fast, als ob jemand \u2026 ein Muster hineindr\u00fccken wollte. Auf einmal fiel mir eine Dokumentation ein, die ich mal im Fernsehen angeschaut habe. Kornkreise, kam mir in den Sinn. Das k\u00f6nnte es sein. Diese regelm\u00e4\u00dfige Anordnung, diese Symmetrie \u2026 all das waren doch Anzeichen daf\u00fcr. Mir lief ein Schauer \u00fcber den R\u00fccken, als mir klar wurde, was das bedeutete. Mein Atem ging schneller, ich keuchte schon fast. Nat\u00fcrlich glaubte ich nicht daran, als die Sendung im Fernsehen lief. Ich hatte mir eingeredet, dass es alles nur von Menschen gemacht worden ist, dass es \u201esie\u201c nicht gab. Doch als ich dieses Bildvon dem Muster im Gras \u2013 dieser riesige mit unz\u00e4hligen geometrischen Formen gespickte perfekte Kreis \u2013 mir vor Augen f\u00fchrte, in in real sah, wusste ich pl\u00f6tzlich was mit Emily geschehen sein musste. Und mir war definitiv unwohl bei der Sache. Ein einziges Wort schwirrte in meinen Gedanken herum. Ein einziges, unertr\u00e4gliches Wort. \u2026 Au\u00dferirdische \u2026 _____________Das wars auch schon wieder. ich hoffe euch hat das Kapitel gefallen, auch wenn es reichlich sp\u00e4t kam (......)Hinterlasst ihr mir wieder so nette Reviews? W\u00e4re euch echt dankbar daf\u00fcr ^___^Ach ja, hier ein Bild von einem Kornkreisen, den Luke gesehen haben k\u00f6nnte. Falls ihr nicht wisst, wie sie \u0001 \u0002 Dokumentation gabs \u00fcbrigens wirklich und lief letztens auf nTV ^^http://\u0001 \u0002-\u0001 \u0002/wp-content/uploads/2009/09/Kornkreise_2-\u0001 \u0002",
            "wordcount": "1.675",
            "chapter_release": "03.05.2011",
            "chapter_number": "8"
        },
        "9": {
            "text": "Schwarzes Nichts. Absolute Dunkelheit. Wo war ich? Mein Kopf schmerzte. Ich konnte mich nicht r\u00fchren. Was auch daran liegen k\u00f6nnte, dass ich fiel. Immer tiefer. Immer schneller. Oder lag ich schon? War ich vielleicht schon tot, ohne es zu merken? Und mein Glas Wasser hatte ich immer noch nicht bekommen \u2026 Langsam wurde mir bewusst, dass ich schon l\u00e4ngst wieder auf festem Boden stand. Oder besser gesagt lag. Die Dunkelheit lag um mir wie ein Mantel aus bleiernem Nichts.\u201eHallo?\u201c, kr\u00e4chzte ich heiser und mit einer Stimme, die mir selbst unheimlich war. \u201eIst da jemand? \u2026 Oder etwas?\u201c Es kam keine Antwort zur\u00fcck \u2026 Ich versuchte aufzustehen, was mir jedoch kl\u00e4glich misslang. Daher drehte ich mich auf die Seite und richtete mich halb auf. Der Boden f\u00fchlte sich an wie Lehm, hart und gleichzeitig sandig-weich. Ich schluckte. \u0001 \u0002.\u0001 \u0002.\u0001 \u0002 befeuchtete meine trockenen Lippen und riss meine Augen weit auf, um m\u00f6glichst viel Licht hinein zu lassen. Doch es brachte nichts, der Umstand \u201eLicht und Helligkeit\u201c kannten meine mysteri\u00f6sen Entf\u00fchrer wohl nicht. Mein Kopf pochte immer noch mit regelm\u00e4\u00dfiger Heftigkeit, mir war zudem schwindelig. Trotzdem brachte ich mich mit M\u00fche auf die Beine, taumelte leicht. Vorsichtig ging ich ein paar Schritte vorw\u00e4rts, bis meine H\u00e4nde eine glatte k\u00fchle Wand ertasteten, die sich weiter unten nach innen w\u00f6lbte. Langsam tastete ich mich weiter. Immer noch fand ich kein Licht, nichts was \u00c4hnlichkeiten mit irgendetwas Hellerem als schwarz hatte. Rein. Gar. \u0001 \u0002 \u00fcber mir setzte pl\u00f6tzlich ein Rauschen an, das ich nicht recht deuten konnte. Es h\u00f6rte sich wie ein Zwischending aus Akkuschrauber und Toilettensp\u00fclung an. Also nicht wirklich vertrauenerweckend \u2026 Ich schlich weiter, tastete mich vorw\u00e4rts. Meine Finger sp\u00fcrten nichts au\u00dfer der k\u00fchlen Wand. Ich war mit meinen Gedanken mittlerweile sehr weit weg, so dass ich die Stimme, die pl\u00f6tzlich zu mir sprach, erst gar nicht bemerkte. Ich zuckte zusammen, als mich ein eiskalter Luftzug streifte.\u201eSkrrwwir sprechen zzu ddir, Emillly.\u201c\u201eOh, d-d-das tut m-mir Leid, ich \u2013 ich habe S-Sie gar nicht geh\u00f6rt.\u201c, stotterte ich drauf los.\u201eDdas haben wwir gemeerkt \u2026 Also, waas suchst ddu hier?\u201c\u201e\u00c4hm.\u201c, ich sagte einfach das n\u00e4chstbeste was mir einfiel, \u201eDen Lichtschalter.\u201c Hatte ich mal im Fernsehen gesehen. Doch leider brachte diese Variante nicht viel, denn die Stimme verstummte. Daf\u00fcr wurde das Rauschen lauter und lauter, fast schon ohrenbet\u00e4ubend. Was passierte hier?!Wie oft hatte mir diese Frage schon gestellt in den letzten Stunden. Oder Tagen? Mein Zeitgef\u00fchl hatte mich verlassen, so viel stand \u0001 \u0002 tastete ich mich an der Wand entlang, immer weiter, ohne anzuhalten. Irgendwo musste es doch einen Ausgang geben! Irgendwo, hier an diesem seltsamen \u0001 \u0002 kam mir eine Idee. Eine Einfall, der mir eigentlich schon l\u00e4ngst h\u00e4tte kommen sollen.\u201eNa klar!\u201c, murmelte ich vor mich hin. \u201eIch tr\u00e4ume. Alles nur ein verworrener Traum. Bald wache ich auf und lache \u00fcber mich selbst. Klar doch! Das muss es sein.\u201c Ich entschloss mich dennoch, nach einem Ausgang zu suchen. Auch wenn man immer dann aufwacht, kurz bevor einem etwas Unangenehmes passiert. Aber die Aussicht in einem meiner Tr\u00e4ume ins Gras zu bei\u00dfen, war mir nicht ganz geheuer, weshalb ich mich einfach weiter voran tastete. Bis die Wand pl\u00f6tzlich einen scharfen Rechtsknick machte \u2026 oder war es links? So etwas praktisches wie einen Orientierungssinn hatte ich noch nie und bis jetzt hatte es mich nicht weiter gest\u00f6rt, doch jetzt verfluchte ich mich daf\u00fcr. Besonders in diesem Moment, in vollkommener Dunkelheit \u2026 Langsam schob ich mich um die Ecke, immer darauf bedacht nicht zu stolpern oder sonstige Verrenkungen zu vollf\u00fchren. Im Dunkeln konnte man ja nie wissen, selbst wenn es nur ein Traum war. Oder war es doch die Realit\u00e4t? Mittlerweile hatte ich mich schon selber verwirrt. Wo sollte das noch hinf\u00fchren?Ich wei\u00df nicht, wie lange ich an der Wand entlang schlich. F\u00fcr mich f\u00fchlte es jedenfalls sich wie Stunden an. Die Stimme hatte sich nicht wieder h\u00f6ren lassen, was ich mit einem erleichterten Aufatmen quittierte. Auf einmal sah ich weit hinten ein helles Leuchten aufflammen. T\u00e4uschte ich mich oder war da wirklich ein Licht zu sehen? Mir war klar, dass ich es erreichen musste, bevor es wieder erlosch. So schnell ich konnte stie\u00df ich mich von der Wand ab und rannte los, das kleine Fl\u00e4mmchen fest im Blick. Nimmt der Gang denn gar kein Ende?, fragte ich mich, als ich keuchend durch die Dunkelheit lief. Das Licht schien immer weiter von mir wegzugehen, als auf mich zu zu kommen. Verzweifelt rannte ich immer weiter, meine Seite schmerzte, doch es war mir egal. Alles was z\u00e4hlte, war dieses verdammte Licht dort hinten. Bis es auf einmal spurlos verschwand \u2026 Nein, nein!, dachte ich verwirrt. Wo ist das Licht? Es muss doch irgendwo hier sein! Verzweifelt rannte ich weiter, ohne darauf zu achten, wo ich hin trat. Einmal knickte ich um und stolperte, doch ich stand gleich wieder auf und lief weiter. Egal, was passierte. Ich musste diesen Lichtschein finden. Selbst \u2026 wenn es mich das Leben \u0001 \u0002 stie\u00df ich gegen etwas Hartes und fiel zu Boden. Den hei\u00dfen Schmerz sp\u00fcrte ich erst ein paar Sekunden sp\u00e4ter. Mein Kopf f\u00fchlte sich an, als ob er explodieren w\u00fcrde, die Hitze und das Stechen waren \u00fcberall. \u00dcberall. \u00dcberall. Doch ich konnte jetzt nicht liegen bleiben, musste aufstehen und ertasten, wo ich war. Was das Hindernis gewesen ist. Trotz des anfangenden Schwindelgef\u00fchls versuchte ich aufzustehen, doch ich lie\u00df gleich wieder bleiben. Deshalb blieb ich einfach auf dem Boden sitzen, meine H\u00e4nde zitterten, als ich sie ausstreckte. Unter meinen Fingerspitzen befand sich jedoch nur kalter Stein, leicht gew\u00f6lbt, wie die Wand vorher auch schon. Ich seufzte leise auf, als ich meine Stirn an das k\u00fchlende Material sinken lie\u00df. Wie gut es tat \u2026 Doch meine aufsteigende Euphorie hielt nicht lange an. Das Rauschen, dass mich den ganzen Weg her begleitet hat, setzte abrupt aus. Die darauf folgende Stille war mir pl\u00f6tzlich unheimlich, ich konnte es nicht genau beschreiben, was es war. Aber irgendetwas sagte mir, dass hier etwas ganz und gar nicht mit rechten Dingen zuging. Und ehrlich gesagt wollte ich gar nicht so genau wissen, was es \u0001 \u0002 l\u00f6ste ich meinen Kopf von der Wand und \u00fcberlegte, was ich tun k\u00f6nnte. Das Licht war nicht wieder aufgetaucht, die Schw\u00e4rze umh\u00fcllte mich abermals wie ein viel zu gro\u00dfer Wintermantel. Ich bef\u00fchlte die Beule, die morgen bestimmt die Ausma\u00dfe der Rocky Mountains haben w\u00fcrde. Sie pochte dumpf vor sich hin, doch es war auszuhalten. Schlie\u00dflich stand ich auf und hielt mich dabei an der Wand fest. Pl\u00f6tzlich aber sp\u00fcrte ich noch etwas anderes als Stein. \u201eDas kann doch nicht \u2013 aber das ist doch \u2013 \u201c, murmelte ich \u00fcberrascht und tastete mich weiter. Doch egal wie ich es innerlich drehte und wendete. Es stimmte. Etwa auf H\u00fcfth\u00f6he breitete sich eine Ebene aus, die sich h\u00f6lzern und warm anf\u00fchlte. Das muss eine Art T\u00fcr sein!, dachte ich aufgeregt. Obwohl sie nicht so recht zum restlichen Baustil passen wollte. Ich f\u00fchlte weiter und bekam einen Griff zu fassen, der im Gegensatz zum Rest eiskalt war. Ich zuckte erschrocken zur\u00fcck, als ich die K\u00e4lte f\u00fchlte. Doch dann griff ich erneut zu, diesmal entschlossener. Behutsam dr\u00fcckte ich die Klinge herunter \u2026 Doch was sich hinter der geheimnisvollen Holzt\u00fcr befand, sollte ich nicht mehr herausfinden k\u00f6nnen. Denn wie aus dem Nichts schoss etwas aus der Dunkelheit hervor und umklammerte meinen Hals, so fest, dass es mir fast die Luft abschn\u00fcrte. W\u00fcrgend und hustend versuchte ich mich zu wehren, doch vergebens. Mein Angreifer war einfach zu stark f\u00fcr mich. Ich hatte keine Chance, keine einzige. Noch bevor das Etwas mich erw\u00fcrgen konnte, wurde ein glei\u00dfendes Licht angeschaltet. Es durchflutetet den endlos langen Gang, blendete mich, so dass ich die Augen zukneifen musste. Keine Chance. Der Druck wurde deutlich verst\u00e4rkt, ich bekam keine Luft mehr. Keine einzige verdammte Chance!, war das letzte, was mir durch den Kopf ging, bevor ich das Bewusstsein verlor und in einem glei\u00dfend hellen Nichts versank \u2026",
            "wordcount": "1.313",
            "chapter_release": "03.05.2011",
            "chapter_number": "9"
        }
    },
    "title": "Dark Lightning \u2013 oder wie eine Wette mein Leben ver\u00e4nderte",
    "topic": "unspecified",
    "release": "\n03.05.2011\n\t\t\t\t\t\t",
    "author": "Kitty11"
}