{
    "tags": [],
    "chapcount": "24",
    "wordcount": "10.811",
    "chapters": {
        "1": {
            "text": "Ich m\u00f6chte im Vornherein sagen, dass mir jede Person leidtut, die das lesen musste. Ich m\u00f6chte hinzusetzten, dass ich gezwungen wurde das hier hochzuladen. An dieser Stelle m\u00f6chte ich auch meine gute Freundin Jenny herzlich gr\u00fc\u00dfen. Ich hasse dich ;)_____________________________________________________________________________________Erz\u00e4hlersicht:Es war wie jeden Morgen. Johannes war als Erster da. Er lief die Steinstufen des Mini-Amphitheaters hoch und setzte sich auf den Rand um auf seine Freunde zu warten. Bald h\u00f6rte er die Stimmen von Marlen und Justin, die lachend und gut gelaunt ihre Taschen ablegten und \u00fcber ihren Tag redeten. Felicitas ging durch das Schultor und begr\u00fc\u00dfte die drei. Keine drei Minuten sp\u00e4ter kam Emelie gedankenverloren \u00fcber den Schulhof gelaufen. Sie legte ihre Tasche ab, rief \u201eHallo\u201c nach oben, worauf eine leisere Antwort folgte, und redete mit Felicitas, Justin und Marlen. Bis Pauline, Lisa und Fleur kamen. W\u00e4hrend Marlen, Felicitas und Justin sie begr\u00fc\u00dften, stand sie dort und wartete bis sie zum Taschen ablegen her\u00fcberliefen und umarmte dann jeden. Jenny trat mit Softie und Robin durch das Schultor Robin lief in z\u00fcgigen Schritten auf Johannes zu, dieser war schon aufgestanden und begr\u00fc\u00dfte ihn mit einem Handschlag. Sie redeten \u00fcber Computerspiele und gaben sich gegenseitig Tipps. Johanna lief z\u00fcgig auf ihre Mitsch\u00fcler zu. Sofort begr\u00fc\u00dfte sie alle und stellte dann ihre Mappe ab. Eric, Marvin und Nils liefen \u00fcber den Platz und ignorierten wieder den Hallo-Schrei und das auf das Ignorieren folgende Gemurmel, dessen Sinn eigentlich niemand verstehen wollte. Helen kam auf sie zu, dicht gefolgt von Daria. Pii redete mit einem blonden M\u00e4dchen und bog dann zu ihnen ab, um mit ihnen zu reden. Wie aus dem Nichts stand Angelique bei der Gruppe und begr\u00fc\u00dfte diese. Levy lief schnell durch das Schultor, um alle mit einem L\u00e4cheln zu begr\u00fc\u00dfen. Langsam nahmen sie ihre Taschen und liefen zum Haus. Anne kam ihnen entgegen kurz bevor sie das Haus \u0001 \u0002 Klassenraum wurden sie von Frau Bauer begr\u00fc\u00dft. Eigentlich wollte sie mit dem Klingelzeichen beginnen, aber ein Soldat trat in den Klassenraum. \u201eIch m\u00f6chte sie bitten mitzukommen. Es ist eine Seuche ausgebrochen und wir m\u00f6chten sie alle in Quarant\u00e4nebunker bringen. Ihre Familien wurden informiert und bereits dorthin gebracht. Sie werden in ihren Klassen mit Reisebussen zum Bunker gebracht.\u201c Sie schauten sich gegenseitig an. Sie konnten einfach nicht glauben, was ihnen gerade erz\u00e4hlt wurde. In der Klasse herrschte nur eine Frage: WTF?",
            "wordcount": "393",
            "chapter_release": "29.09.2014",
            "chapter_number": "1"
        },
        "10": {
            "text": "Es war schon dunkel als ich aufwachte. Johanna hielt Nachtwache und patrouillierte um das Lager. Anne schnarchte leise. Bald w\u00fcrde Johanna auch schlafen wollen. Sollte ich dann das Lager bewachen? W\u00fcrden sie mich darum bitten? Vertrauten sie mir? Was sollten wir \u00fcberhaupt machen? In der Stadt war es bestimmt noch gef\u00e4hrlicher. Sie wollten unbedingt dorthin. Es gab keine \u00dcberlebenden. Und wenn doch wollten sie bestimmt keine ungebildeten, nutzlosen Jugendlichen aufnehmen. Im Wald k\u00f6nnen wir auch nicht bleiben. Nicht ewig. Wir kennen uns hier nicht aus. Wer aus der Klasse wohl noch lebt\u2026 Wir haben viele Sch\u00fcsse geh\u00f6rt. Ob einige auch Personen aus unserer Klasse getroffen haben? Bestimmt. Ich h\u00f6rte Johannas Schritte um das Lager stapfen. Anne murmelte im Schlaf. Vorsichtig versuchte ich an ihr vorbei aus dieser Art von Zelt zu kriechen. Johanna richtete ihre Waffe auf mich. \u201eIch bin es\u201c, bes\u00e4nftigte ich sie. Langsam lie\u00df sie ihre Waffen sinken. \u201eDu bist wach\u201c, stellte sie fest. Ich nickte langsam. Ich drehte mich zu dem Zeltdingens um und leuchtete mit einer kleinen Taschenlampe, die an meiner Hose befestigt war, darauf. Es sah aus wie ein Klumpen aus Moos, St\u00f6cken und einem Baum. \u201eWo ist Jenny?\u201c, frage ich, um das Gespr\u00e4ch zu beginnen. \u201eSie schl\u00e4ft in dem anderen Zelt\u201c, sagte Johanna langsam. \u201eWas wollen wir machen? Ich meine die n\u00e4chsten Tage\u201c, fragte ich sie. \u201eHierbleiben, Nahrung suchen, trainieren und dann in die Stadt\u201c, erkl\u00e4rte sie. \u201eWie wollen wir \u00fcberleben?\u201c-\u201eWir hatten alle mal ein Survivaltraining als Klassenfahrt. Anne kennt essbare Pflanzen und Wasserquellen, ich kann Waffen bauen und jagen und Emelie hat die H\u00e4user da gebaut und sie konnte mit dem richtigen Material ein Boot bauen.\u201c-\u201eKonnte?\u201c-\u201eSie ist tot.\u201c-\u201eOh, und das l\u00e4sst dich v\u00f6llig kalt?\u201c, fragte ich verwundert. Sie zuckte mit den Achseln. Ich nickte langsam. \u201eUnd was spiele ich f\u00fcr eine Rolle in diesem Plan?\u201c, fragte ich nach langem Schweigen. \u201eKeine Ahnung. Kannst du Autos kurzschlie\u00dfen, Schl\u00f6sser knacken oder bist vielleicht Batman?\u201c, sagte sie den Blick nicht vom Wald abwendend. Ich sch\u00fcttelte den Kopf. \u201eIch glaub nicht.\u201c Sie nickte und ging zum Zeltged\u00f6ns. \u201eWas machst du?\u201c, fragte ich sie. Sie antwortete m\u00fcde: \u201eAnne wecken. Wachwechsel.\u201c Sie steckte ihre Hand in das Zeltdingenskirchen. Man h\u00f6rte ein Rascheln und ein w\u00fctendes Brummen. Kurze Zeit darauf krabbelte Anne aus dem Zeltviech. Johanna krabbelte zu Jenny und Anne lief um das Lager, suchte sich einen Platz und beobachtete von dort aus den Wald. Ich hatte keine Lust mit ihr zu reden und sie sah auch nicht so aus als w\u00fcrde sie reden wollen. Ich h\u00f6rte ein Knacken. Annes Kopf fuhr blitzschnell herum und sofort hatte sie ihr Gewehr im Anschlag. Ich kniff meine Augen zusammen und konnte erkennen, wer da gerade weglief. Es war Nils. Er war noch nicht tot. Anne setzte sich wieder auf ihren Platz und bewachte das Lager. Ich musste mit Nils reden. Vielleicht k\u00f6nnte ich ihn dazu \u00fcberreden mitzukommen. Vorsichtig schlich ich mich vom Lager weg und folgte Nils\u00b4 Spuren. Auf einer Lichtung machte ich halt. Hier endete die Spur. Ich schaute mich um. Er war nirgends zu sehen. Auf einmal sp\u00fcrte ich ein Stechen in meinem R\u00fccken und h\u00f6rte Nils Stimme an meinem Ohr. \u201eDu stehst mir im Weg\u201c, sagte er und lie\u00df mich auf den Boden fallen. Fasziniert sah er zu, wie ich mein Leben aushauchte. Er grinste breit als ich meine Augen schloss.",
            "wordcount": "558",
            "chapter_release": "29.09.2014",
            "chapter_number": "10"
        },
        "11": {
            "text": "Wir waren endlich in der Stadt angekommen. Sofort bei Tagesanbruch waren wir losgegangen und hatten es endlich geschafft. Der zweite Tag war somit angebrochen. In der Stadt sah es schrecklich aus. Viele Gebiete waren zerst\u00f6rt. Wir gingen in die \u00dcberreste eines Supermarkts, um Nahrung und Wasser zu suchen. Nach einigem hin- und her\u00fcberlegen gingen Rick und ich in das Gesch\u00e4ft. Drinnen liefen wir in zwei verschiedene Richtungen. Ich fand Instantessen und Dosenzeug. Ich besorgte auch einige frische und gesunde Sachen. Das w\u00fcrde nicht lange halten. Zus\u00e4tzlich holte ich Vitaminbausetabletten. In der Getr\u00e4nkeabteilung sah ich ein Paket mit Wasserflaschen. Ich lief darauf zu und wollte es aufheben, als ich ein \u201aWeg da! \u2018 h\u00f6rte. Ein Mann kam auf mich zu gerannt und schubste mich von dem Wasserpaket weg gegen eine Wand. Doch anstatt runterzurutschen hing ich an der Wand. Ich konnte mich auch nicht wegbewegen. Irgendetwas hatte sich in meinen R\u00fccken gebohrt und hielt mich nun. Rick kam zu mir. Ich versuchte zu sprechen, aber es kamen nur Blut und Wortfetzen aus meinem Mund. Inzwischen hechelte ich unkontrolliert. Rick sprach beruhigend auf mich ein. Ich atmete nun ruhiger. Er meinte er bleibe bis zum Schluss bei mir. Tr\u00e4nen liefen mein Gesicht herab. \u201eHey\u201c, sagte Rick ruhig \u2013Wie kann der so ruhig bleiben!?-\u201esieh das Gute an der Sache:\u201c- das Gute!?-\u201e du kannst jetzt Justin in der H\u00f6lle nerven.\u201c Ich schmunzelte. Ich hustete wieder Blut. Es tat so weh! \u201eIch will nicht sterben\u201c, heulte ich. Rick strich mir \u00fcber die Haare. Auch er hatte zu weinen begonnen. Er umarmte mich und ich erwiderte diese Umarmung so gut es eben ging. \u201eDir passiert nichts. Alles wird gut\u201c, Rick schluchzte diese Worte mehr zu sich als zu mir. Ich wusste, dass er log.",
            "wordcount": "289",
            "chapter_release": "29.09.2014",
            "chapter_number": "11"
        },
        "12": {
            "text": "Wir liefen auf die Stadt zu. Die Mittagssonne brannte uns auf den R\u00fccken. Fast alle Beeren waren aufgebraucht. Niemand sprach. Ich hatte Feli sterben lassen. Pauline, Lisa und Fleur teilten sich die letzte Wasserflasche. Helen a\u00df die letzten Beeren. Sie hatte friedlich ausgesehen. Feli meine ich. Als w\u00fcrde sie nur schlafen. Es war meine Schuld. Ich h\u00e4tte sie nicht alleine lassen sollen. Betr\u00fcbt trottete ich weiter. Pl\u00f6tzlich blieb Helen stehen. Wir drehten uns zu ihr um. \u201eSo geht das nicht weiter!\u201c, sagte sie. Unsere Antwort bestand aus einem fragenden Blick. \u201eWir m\u00fcssen uns einen Plan \u00fcberlegen. Wir m\u00fcssen die anderen suchen. Wir k\u00f6nnen nur zu f\u00fcnft nicht \u00fcberleben!\u201c, rief sie. Wir sahen zur Stadt. Wir wollten weitergehen, aber wir h\u00f6rten jemanden rufen. Wir drehten uns um. Nils kam auf uns zugelaufen. \u201eWartet! Bitte wartet auf mich!\u201c, rief er uns zu. Endlich kam er bei uns an. Er hatte einen Rucksack mit. Dieser Rucksack beinhaltete Verbandzeug, drei Schusswaffen, etwas Proviant und zwei Messer. Er erz\u00e4hlte uns, dass er allein im Bus gewesen w\u00e4re und noch knapp vor der Explosion herausgekommen sei. Er durfte sich uns anschlie\u00dfen und lief neben uns her zur Stadt. Es war warm und wir machten schlie\u00dflich in einer Ruine in der Vorstadt eine Pause. Die anderen beschlossen in anderen H\u00e4usern nach Essen zu suchen. Wir, Nils und ich, sollten auf das Lager und unser Reisezeug aufpassen. Wir teilten uns in Schichten ein. Nachdem die anderen gegangen waren und uns nochmal wanken, begann ich die Patrouille um das Haus. Der Garten rundherum war total verwildert und einige Blumen rankten sich an der Hauswand hoch. Irgendwie sah es gut aus. Ich kam an einem halb zugewachsenen Fenster vorbei. Von drinnen h\u00f6rte ich Nils Stimme. Mit wem sprach er da? Ich lugte vorsichtig herein. \u201eNein, ich hab \u00dcberlende gefunden. Es sind Klassenkameraden\u2026 Nein. Du musst das selbst entscheiden. \u0001 \u0002,23, 46 und 45\u2026 Kannst du die gebrauchen\u2026 Okay\u2026 Wann soll ich sie entfernen? ... Mach ich\u2026 Ich dich auch\u2026 Bye\u201c, sagte er. Das Gespr\u00e4ch ging knapp zehn Minuten. Er drehte sich zum Fenster und sah mir direkt ins Gesicht. Er l\u00e4chelte mich an. \u201eHey Daria, was machst du da?\u201c \u2013 \u201eMit wem hast du geredet?\u201c Sein L\u00e4cheln erstarrte. \u201eOh, du hast mich geh\u00f6rt?\u201c, fragte er monoton. Ich nickte sch\u00fcchtern. Er lief durch ein Loch in der Wand an der Seite und kam zu mir herum. Sein Gesicht war seltsam gef\u00fchlslos. Ich wollte wegrennen, doch er war schneller. \u201eSie werden bemerken, dass ich weg bin\u201c, drohte ich ihm. Aber er lachte nur. \u201eIch lass mir schon etwas einfallen, aber jetzt sorgen wir daf\u00fcr, dass das V\u00f6gelchen aufh\u00f6rt zu singen\u201c, bel\u00e4chelte er mich. Ich starrte ihn mit schreckensgeweiteten Augen an. Mir ging so viel durch den Kopf. Meine Eltern, meine Schwester, die Anderen\u2026 Was sie wohl machen? Wie viele von ihnen wohl noch am Leben sind? Ich wei\u00df es nicht. Nils setzte sein Messer an meine Kehle und setzte einen perfekten Schnitt. Ich atmete vor Schreck und Schmerz tief ein, doch Blut stahl mir die F\u00e4higkeit zu atmen. \u201eNils? Daria? Wo seid ihr? Wir sind wieder da?\u201c, h\u00f6rte ich die Stimmen der Anderen. Ich wollte rufen, aber mein Mund verlie\u00df nur ein R\u00f6cheln. Er hielt seine Finger an seine Lippen und bedeutete mir so leise zu sein. Ich bekam immer weniger Luft und es tat so weh. Nils rannte zur\u00fcck in das Haus. \u201eSie ist weggegangen und ich konnte sie nicht finden\u201c, schauspielerte er perfekt. Ich wollte schreien, sie warnen. Sie sollten rennen. Ich schaffte es nichtmal zu st\u00f6hnen. Ein letztes R\u00f6cheln und die Welt stoppte einfach.",
            "wordcount": "596",
            "chapter_release": "29.09.2014",
            "chapter_number": "12"
        },
        "13": {
            "text": "\u201eWo bleiben Rick und Softie?\u201c, fragte Vanessa. Noch immer sa\u00dfen wir drau\u00dfen. Die Gegend war schnell erkundet. So hatten wir nicht viel zu tun und sa\u00dfen hier. \u201eMeinst du, wir sollten nach ihnen sehen?\u201c, fragte mich Vanny. Ich sch\u00fcttelte den Kopf, denn endlich nahm ich Lebenszeichen wahr. \u201eDa kommt Rick\u201c, informierte ich sie. Sie folgte meinem Blick und l\u00e4chelte. Doch pl\u00f6tzlich verschwand ihr Grinsen, dann bemerkte ich es auch. \u201eRick, wo ist Softie?\u201c, rief Vanny ihm zu. Er war blass und verheult. Seine Augen waren rot und seine Wangen ganz nass. \u201eSoftie ist tot\u201c, wisperte er leise, sodass wir erst dachten, wir h\u00e4tten uns geirrt. Fassungslos starrten wir ihn an. \u201eDas ist nicht dein Ernst?\u201c, traute ich mich als erste zu sagen. Rick nickte und ein paar Tr\u00e4nen liefen ihm \u00fcber die Wange. Tr\u00f6stend umarmten wir uns und lie\u00dfen unseren Gef\u00fchlen einfach freien Lauf. Nach einer halben Ewigkeit l\u00f6sten wir uns schluchzend voneinander. Endlich haben wir uns abgeregt. Nicht nur von Softies Tod, sondern auch von Justins und Levys. Schweigend setzten wir unseren Weg fort. Wir wollten nicht miteinander reden. Vielleicht wegen der Anspannung, aber vielleicht auch weil sich niemand diese Schw\u00e4che eingestehen wollte. \u201eWir h\u00e4tten sie begraben sollen\u201c, brach ich das Schweigen. \u201eWas?\u201c, fragte Vanny als h\u00e4tte sie nicht geh\u00f6rt, was ich gesagt habe. Rick sah mich verwirrt an. \u201eIch wei\u00df nicht, wie du das siehst, aber das ist die H\u00f6lle da drin und ich werde ganz bestimmt nicht noch einmal dort hineingehen\u201c, meinte Rick. Sein Blick wurde leicht glasig. \u201eEs ist ihr Recht. Wir haben auch Justin und Levy begraben\u201c, beharrte ich. Vanny seufzte, doch sie sagte nichts. Rick hatte diese Beherrschung nicht. \u201eWenn du willst, kannst du gern zur\u00fcckgehen. Ich hab kein Problem damit, nur h\u00f6r endlich auf! Da sind Zombies und mordende Menschen drin. Wenn du also unbedingt Softie folgen willst, viel Spa\u00df! Aber lass uns in Ruhe! Ich will nie wieder da reingehen! Du kannst sie gern holen\u2026 Sie ist das aufgespie\u00dfte M\u00e4dchen, die weinend in ihrem eigenen Blut sitzt\u201c, regte er sich auf. Verwirrt starrten wir Rick an. Er atmete schneller und schien sich erst beruhigen zu m\u00fcssen. \u201eSie ist einfach gestorben, okay? Ich konnte gar nichts tun! Sie sa\u00df direkt vor mir und hat um Hilfe gebettelt, doch ich konnte nichts tun. Das macht mich fertig. Das ist alles\u201c, erkl\u00e4rte er. Wir sahen in traurig an und Mitleid lag in unserem Blick. Er l\u00e4chelte schwach und machte eine wegwerfende Bewegung. \u201eH\u00f6rt auf so zu gucken! Ich bekomm noch Schuldgef\u00fchle.\u201c Wir lachten kurz auf. Auch Rick. Doch es klang gestellt und verbittert. Mehr w\u00fcrden wir jetzt nicht bekommen. Mehr durften wir nicht verlangen. Er brauchte einfach seine Zeit. Wir w\u00fcrden f\u00fcr ihn da sein. Rick lief los. Ich sah Vanny fragend an, doch sie zuckte nur mit den Schultern. Schnell liefen wir ihm hinterher. Schweigend liefen wir nebeneinander. Fr\u00fcher h\u00e4tten wir nie geschwiegen. Wir h\u00e4tten gelacht und uns gegenseitig beleidigt. Ich dachte schon dar\u00fcber als w\u00e4re es Jahre her. Dabei waren es doch nur ein paar Tage. Die Stimmung war einfach zu betreten f\u00fcr uns, unsere Gruppe. Eigentlich war es nicht mehr unsere Gruppe. Diese Gruppe war gestorben. Einige \u00f6fter als andere, aber das z\u00e4hlt nicht mehr. Warum waren wir \u00fcberhaupt gegangen? In der Klassengemeinde h\u00e4tten wir l\u00e4nger \u00fcberlebt. Justin w\u00e4re auch noch da. Wenigstens sind die Probleme unseres Alltags weg. Nie wieder m\u00fcssten wir langweilige Lehrer ertragen oder Hausaufgaben erledigen. Wenigstens etwas Gutes. \u201eMarley\u201c, riss mich Vanny aus meinen Gedanken. Ich blickte sie fragend an. Sie deutete auf eine Menge Zombies, die langsam auf uns zukam. Wir begannen zu rennen. Die Zombies hatten sich an unsere Fersen geheftet und lie\u00dfen sich nicht abh\u00e4ngen. Wir rannten eine ganze Weile bis wir Schreie h\u00f6rten. \u201eWir sollten wenigstens nachgucken\u201c, meinte ich zu Vanny. Sie sah mich zweifelnd an und seufzte schlie\u00dflich. \u201eDas wird kein gutes Ende nehmen\u201c, seufzte Rick. Wir rannten auf die Schreie zu und erblickten eine Gruppe am Boden liegender Menschen. Wir gingen auf sie zu. \u201eDie sehen aus wie die von Bastille\u201c, murmelte Rick \u00fcber sie gebeugt. \u201eDas sind die von Bastille\u201c, stellte ich fest. \u201eSind die tot?\u201c, fragte Vanny verwundert. \u201eWei\u00df nicht\u201c, murmelten Rick und ich gleichzeitig. Ich stupste Woody mit meinem Schuh an. \u201eDie sind tot\u201c, stellte ich fest. Rick und Vanny nickten langsam. Pl\u00f6tzlich sprang Dan auf und sprang mich an. Ich sp\u00fcrte wie sich seine Z\u00e4hne in meine Schulter bohrten und ich h\u00f6rte ein lautes Ger\u00e4usch. Vanny hatte ihn mit einem gezielten Schuss unsch\u00e4dlich gemacht. \u201eAlles okay?\u201c, fragte Rick. Ich nickte z\u00f6gernd. Etwas wacklig stand ich auf. Ich habe gar nicht bemerkt, dass er mich zu Boden geworfen hatte. \u201eIst wirklich alles okay? Du bist ein bisschen blass\u201c, meinte Vanny besorgt. Ich winkte ab. \u201eDu machst dir zu viele Sorgen.\u201c Sie sah mich zweifelnd an, doch ich l\u00e4chelte nur. Rick sagte: \u201eWir sollten vielleicht langsam los. Es wird langsam dunkel.\u201c Wir nickten und liefen los. Ich bemerkte, dass Vanny mich aus dem Augenwinkel beobachtete. Vielleicht wegen des Bisses\u2026 Immerhin w\u00e4re ich jetzt theoretisch ein Zombie. Warum wirkt das Gift bei mir nicht? Mir ist schon noch ein wenig schwindlig. Kann ja sein, dass das Gift bei mir l\u00e4nger braucht, um zu wirken. Nun beobachtete mich auch Rick. Mir wurde langsam schwarz vor Augen. Das letzte, was ich sah, war, dass Vanny misstrauisch ihre Waffe auf mich richtete.",
            "wordcount": "890",
            "chapter_release": "29.09.2014",
            "chapter_number": "13"
        },
        "14": {
            "text": "Wir sa\u00dfen noch immer im Haus. Auf unserer Patrouille hatten wir etwas Essen und Trinken gefunden, aber es war nicht viel. Wir w\u00fcrden uns h\u00f6chstens drei Tage ern\u00e4hren k\u00f6nnen. Als die Meldung von Nils kam, Daria sei verschwunden und einfach weggelaufen, wollten wir es erst nicht glauben. Wir haben sie \u00fcberall gesucht, doch keine Spur von ihr. Sie war wie vom Erdboden verschluckt. Wir h\u00e4tten zusammenbleiben sollen. So als eine Klasse. Vielleicht w\u00e4re sie dann nicht gegangen. Vielleicht h\u00e4tten wir dann mehr Nahrung oder einen Plan\u2026 Mittlerweile war es dunkel geworden. Immerhin hatten wir lang nach Daria gesucht. \u201eWir sollten hier \u00fcbernachten\u201c, schlug Nils vor und \u00fcbernahm auch die erste Schicht der Nachtwache. Wir bauten uns provisorische Lager und schliefen schnell ein. Ich wurde von einem lauten Ger\u00e4usch geweckt. Neben mir fiel ein gro\u00dfes Tr\u00fcmmerst\u00fcck von der Decke. Sofort war ich hellwach. \u201eWir m\u00fcssen hier raus!\u201c, schrie Nils. Die anderen waren auch schon auf den Beinen. Wir rannten so schnell es ging zum Ausgang. Nils war direkt hinter mir. Pl\u00f6tzlich schrie er auf und fiel. Ich drehte mich um. Sein Fu\u00df hing zwischen zwei Steinen fest. \u201eIch bin eingeklemmt. Renn! Los! Lauf!\u201c, schrie er mir zu. Trotz seines Protestes, rannte ich zur\u00fcck. \u201eIch lasse niemanden zur\u00fcck\u201c, schrie ich und packte ihn an den Schultern. Pl\u00f6tzlich stand er einfach so auf. \u201eDas war ein Fehler\u201c, s\u00e4uselte er und zog mir einen Stein \u00fcber. Ich ging zu Boden. Er winkte mir fr\u00f6hlich zu und rannte hinaus. Ich wollte ihm hinterher, aber ein Stein fiel auf mein Bein und machte mich bewegungsunf\u00e4hig. \u00c4ngstlich beobachtete ich die Decke. Nach nichtmal zwei Sekunden flog ein Tr\u00fcmmerst\u00fcck direkt auf mich zu. Ich schloss die Augen. Mein K\u00f6rper zitterte unkontrolliert. Dann h\u00f6rte ich ein lautes Knacken und sp\u00fcrte den Schmerz.",
            "wordcount": "294",
            "chapter_release": "29.09.2014",
            "chapter_number": "14"
        },
        "15": {
            "text": "Marlen brach auf einmal zusammen und kr\u00fcmmte sich. Vanny richtete ihre Waffe auf sie. Marley h\u00f6rte pl\u00f6tzlich auf zu zucken. \u201eIst sie tot?\u201c, fragte ich ungl\u00e4ubig. Das konnte nicht alles gewesen sein. \u201eWir sollten auf Nummer sicher gehen\u201c, murmelte sie und dr\u00fcckte Marley ein paar Kugeln in den Kopf. Sie sah so extrem gef\u00fchlslos aus. Ich sah sie geschockt an, doch sie winkte einfach ab und \u00fcbernahm die F\u00fchrung. Wir liefen nebeneinander her \u00fcber einen Hof. \u201eWohin jetzt?\u201c, fragte Vanny. \u201eBist du nicht traurig?\u201c, fragte ich. Sie sah mich verwirrt an. \u201eWeshalb?\u201c Ich starrte sie geschockt an. \u201eMarley ist tot\u201c, rief ich emp\u00f6rt. Sie sah mich kalt an. \u201eNa und?\u201c, lachte sie. Ich starrte sie an. \u201eMach deinen Schei\u00df alleine!\u201c, zischte ich sie an und machte auf dem Absatz kehrt. \u201eRick, warte\u201c, rief Vanny mir hinterher. \u201eVergiss es!\u201c, schrie ich zur\u00fcck. Sie folgte mir. \u201eKomm zur\u00fcck!\u201c, schrie sie. \u201eVergiss es!\u201c, br\u00fcllte ich zur\u00fcck. \u201eRick, pass auf!\u201c, warnte sie mich lautstark. Ich drehte mich um und lief r\u00fcckw\u00e4rts weiter. \u201eWas ist?\u201c, schrie ich w\u00fctend. Dann h\u00f6rte ich ein lautes Knacken. Unter mir gab der Boden nach. Ich fiel. \u201eRick!\u201c, kreischte Vanny panisch. Ich kam auf und schrie aus vollem Halse. Als ich aufh\u00f6rte, war ich nicht mehr im Brunnen. Es war dunkel. \u201eIst das der Tod?\u201c, fragte ich mich selbst. \u201eJa\u201c, lachte ich in meinem Kopf und l\u00e4chelte \u0001 \u0002 wei\u00df, das ist nicht allzu gut, aber er hatte sich 'ein Loch, das aus dem Boden kommt' gew\u00fcnscht.",
            "wordcount": "250",
            "chapter_release": "29.09.2014",
            "chapter_number": "15"
        },
        "16": {
            "text": "Als wir aufwachten war Robin einfach verschwunden gewesen. Wahrscheinlich war er einfach abgehauen. Wir suchten trotzdem nach ihm. Ungef\u00e4hr zehn Meter vom Camp entfernt fanden wir ihn. Er war erstochen worden. Von hinten. Wer auch immer es war, er war feige gewesen. Ich schnaubte kurz. \u201eErsch\u00f6pft?\u201c, fragte Jenny aufmunternd l\u00e4chelnd. Ich nickte. Nat\u00fcrlich hatte ich geschlafen, aber versucht mal von einem Traum von Matratze auf Waldboden mit Moos umzusteigen. \u201eWas machen wir jetzt?\u201c, fragte ich. Anne trank etwas. \u201eVielleicht sollten wir die Gegend erkunden\u201c, schlug sie vor, nachdem sie geschluckt hatte. Ich nickte. \u201eIch habe gestern auf der Fahrt einen Supermarkt gesehen\u201c, meinte Jenny. Den stummen Vorschlag diesen aufzusuchen hatte jeder geh\u00f6rt. \u201eDas w\u00e4re zumindest ein Plan\u201c, sagte ich. \u201eIch bleibe hier und ihr beide zieht los. Und keine Sorge: So schnell geh ich nicht drauf\u201c, meinte Anne. Widerwillig lie\u00dfen wir sie zur\u00fcck, damit sie das Lager bewachen konnte. Wir suchten den von Jenny beschriebenen Supermarkt auf und suchten und verschiedene Lebensmittel heraus, die lange haltbar waren. Wir gingen auch zu den K\u00fchltheken und nahmen uns ein paar gek\u00fchlte W\u00fcrstchen und Buletten mit. In der Obstabteilung holten wir uns noch ein paar Fr\u00fcchte und etwas Salat. Jenny nahm sich ein Plastepaket mit Sandwiches. Ich tat es ihr gleich. Sie \u00f6ffnete die Verpackung und schnupperte an den Broten. Auf meinen verwirrten Blick antwortete sie: \u201eNur zur Sicherheit.\u201c Damit hatte sie eigentlich Recht. Ich zuppelte noch an der Verpackung, w\u00e4hrend Jenny schon in ihr erstes Brot biss. Endlich bekam ich die Verpackung auf und roch zur Sicherheit daran. Mir kam ein starker Geruch von bitteren Mandeln entgegen. Mein Sichtfeld verdunkelte sich und ich war tot, bevor ich auf dem Boden aufkam.",
            "wordcount": "280",
            "chapter_release": "29.09.2014",
            "chapter_number": "16"
        },
        "17": {
            "text": "Rick lag selig l\u00e4chelnd auf dem Boden des Brunnens. \u201eRick?\u201c, schrie ich nach unten. Er lebte noch. Er musste einfach! \u201eRick!\u201c, schrie ich wieder nach unten. Keine Regung. Das Knacken bei seinem Aufprall hallte noch immer in meinem Sch\u00e4del. Es hatte sich ganz und gar nicht gut angeh\u00f6rt. Seine Arme und Beine standen komisch ab. Der Boden um ihn herum war matschig und schwarz. Doch dieser Boden war keineswegs ruhig. Ich starrte etwas l\u00e4nger auf ihn und bemerkte, dass es kleine Viecher waren. Ich wusste nur nicht welche. Na ja, sp\u00e4testens als ungef\u00e4hr f\u00fcnfhundert von den Teilen auf mich zukamen checkte auch ich, dass es viele kleine Spinnen waren. Wie paralysiert starrte ich diese schwarzen kleinen K\u00f6rper an. Erst als ein paar von ihnen meinen Arm hochkrochen, l\u00f6ste sich meine Starre und ich sprang auf, w\u00e4hrend ich wie verr\u00fcckt versuchte sie von mir abzusch\u00fctteln. Eine von ihnen hatte sich in meinen Arm verbissen und ich bekam sie erst mit viel Ziehen und Zerren von meinem Arm ab. Die anderen Spinnen waren inzwischen verschwunden. Ich sah noch einmal zu Rick. Der Boden um ihn herum war nun nicht mehr schwarz, sondern grau. Ich sch\u00fcttelte mich vor Ekel. Mein Kopf schwirrte etwas. \u201eVanny?\u201c, h\u00f6rte ich Ricks Stimme. Fast schon zu leise, um wirklich zu sein. Ich beugte mich ein St\u00fcck vor. Rick sah so aus wie vorher. Sein Anblick machte mich m\u00fcde. Ich sollte mich schlafen legen. Meine Augen schlossen sich und ich fiel.",
            "wordcount": "243",
            "chapter_release": "29.09.2014",
            "chapter_number": "17"
        },
        "18": {
            "text": "Nils stolperte aus dem Haus heraus. \u201eWo ist Fleur?\u201c, rief ich ihm zu. Er sah mich traurig an. \u201eIch war eingeklemmt\u201c, berichtete er, \u201esie kam zur\u00fcckgerannt und hat mich nach drau\u00dfen geschupst.\u201c Ich merkte, dass mir Tr\u00e4nen in die Augen stiegen. Wortlos zog er mich an sich und tr\u00f6stete mich mit seiner Umarmung. Auch Helen und Pauli lagen sich in den Armen. Sie weinten. Pauli etwas lauter und st\u00e4rker als Helen, aber die Tr\u00e4nen von beiden waren echt. Ich klammerte mich an Nils\u00b4 T-Shirt und rotzte es so richtig voll. Nach ein paar Minuten hatten wir uns alle beruhigt. \u201eTut mir Leid wegen des T-Shirts\u201c, fl\u00fcsterte ich. Er sah angewidert auf die Flecken. \u201eIst schon okay\u2026 Glaube ich\u201c, sagte er verst\u00f6rt. \u201eHelen? Bist du das?\u201c, rief pl\u00f6tzlich eine Stimme aus ein paar Metern Entfernung. Wir drehten synchron unsere K\u00f6pfe zu ihm und ich glaubte von Nils ein w\u00fctendes Zischen zu h\u00f6ren. \u201eKilian?\u201c, rief Helen fr\u00f6hlich und rannte auf den unbekannten zu, um ihm in die Arme zu springen. Lachend drehte er sie einmal im Kreis und setzte sie dann wieder ab. Gl\u00fccklich einander anl\u00e4chelnd schlenderten sie zu uns her\u00fcber. \u201eWer ist das?\u201c, fragte Pauli verwirrt. Helen l\u00e4chelte in die Runde. \u201eDas ist Kilian. Wir haben uns in der Hundeschule kennengelernt und uns dann auch irgendwann au\u00dferhalb getroffen\u201c, stellte sie ihn vor. \u201eWas machst du eigentlich noch hier? Ich dachte man w\u00fcrde alle in Schutzbunker bringen\u201c, fragte sie dann an ihn gewandt. Wir h\u00f6rten alle gespannt zu. Wir konnten nicht glauben, was er erz\u00e4hlte. Er war schlicht und einfach vergessen worden. \u201eBleibst du bei uns?\u201c, fragte Helen ihn. Er l\u00e4chelte sie an und dr\u00fcckte ihr einen kurzen Kuss auf. \u201eLiebend gern.\u201c Helen l\u00e4chelte und zog ihn ein St\u00fcck zu sich runter, um ihn wieder zu K\u00fcssen. \u201eWir sollten langsam weiter\u201c, unterbrach Nils die beiden. Sie sahen ihn an und nickten dann. Schweigend liefen wir durch die verlassene Vorstadtsiedlung. Kilian gab uns Tipps. Er war die letzten Tage hier gewesen und kannte sich aus. \u201eDu, Lisa?\u201c, sprach mich Pauli auf einmal an. \u201eWas gibt\u00b4s?\u201c, fragte ich beil\u00e4ufig und kramte in meiner Jackentasche. Ich wollte wissen, ob ich noch etwas Brauchbares habe. \u201eMusst du nicht eigentlich deine Medizin nehmen?\u201c, fragte sie mich. Ich \u00fcberlegte kurz. Welche Medizin? Dann fiel es mir ein: Ich hatte seit einer Woche H\u00e4moptyse. Man k\u00f6nnte es auch Bluthusten nennen, aber irgendwie war mir H\u00e4moptyse lieber. Ich nahm auch Medikamente dagegen, aber ich hatte seit ein paar Tagen keine mehr genommen. Ich nahm sie jetzt seltener als vorher. Heute h\u00e4tte ich sie eigentlich nehmen m\u00fcssen. Kilian hat unser Gespr\u00e4ch scheinbar geh\u00f6rt, denn er sagte: \u201eHier in der N\u00e4he ist eine Apotheke. Wir k\u00f6nnten einen kleinen Schlenker machen und deine Medikamente holen.\u201c Ich nickte eifrig. Schlie\u00dflich brauchte ich meine Medikamente. Wir bogen in eine Seitenstra\u00dfe ein und liefen sie bis zum Ende ab. Vor einem kleinen Geb\u00e4ude mit der Aufschrift \u201eApotheke\u201c blieben wir stehen. Nils und ich gingen hinein. Die anderen sollten drau\u00dfen warten. Zuerst suchten wir noch etwas Verbandszeug zusammen, dann gingen wir in den hinteren Bereich. \u201eWelche Medikamente brauchst du?\u201c, fragte Nils. Ich nannte ihm den Namen und beschrieb die Verpackung. Wir teilten uns auf und suchten getrennt nach meiner Medizin. \u201eIch hab sie!\u201c, rief Nils fr\u00f6hlich. Ich rannte auf ihn zu. Er hielt mir eine Packung hin. Ich \u00fcberpr\u00fcfte schnell die Inhaltsstoffe und schmiss mir dann zwei Tabletten ein. Sie schmeckten anders als sonst. Ich begann zu husten. Der Husten war schlimmer als der, den ich beim blo\u00dfen Vergessen der Tabletten hatte. Nils hielt l\u00e4chelnd eine Verpackung in der Hand. Ich spukte aus. Blut tropfte aus meinem Mund. \u201eWusstest du, dass sich H\u00e4moptyse und Hustenl\u00f6ser mit Schlafmittel \u00fcberhaupt nicht vertragen?\u201c, l\u00e4chelte er mich an. Ich starrte erschrocken zu ihm hoch. \u201eKeine Sorge\u201c, beruhigte er mich, \u201eda hast du das Gegengift.\u201c Er dr\u00fcckte mir ein paar Tabletten in den Mund und zwang mich zu schlucken. \u201eOder war das die \u00dcberdosis? Ich verwechsle das immer\u201c, lachte er mit einem schrecklichem Psychogrinsen. Ich hustete noch st\u00e4rker. Er l\u00e4chelte fr\u00f6hlich, als er sah, wie sich mein Blut \u00fcber den Boden ausbreitete. \u201eMonster!\u201c, keuchte ich und hustete weiter. Sein L\u00e4cheln verschwand. An dessen Stelle trat ein geringsch\u00e4tziger Blick. \u201eUnd dann wei\u00dft du meine Hilfe noch nichtmal zu sch\u00e4tzen\u201c, beklagte er sich mit einer kalten Stimme. Dann trat er mit voller Wucht gegen meinen Kopf. Alles verschwamm etwas. Er hob mich hoch und trug mich zu einer Wand. Ich war zu schwach um mich zu wehren. Ich hustete wieder. Das Blut tropfte auf sein Shirt. Er setzte mich auf den Boden und band meine H\u00e4nde zusammen. \u201eWas machst du?\u201c, fragte ich schwach. \u201eEtwas Spa\u00df haben\u201c, wisperte er mir zu. Schlie\u00dflich klebte er mir den Mund zu. Das brachte ihm nichts. Immerhin konnte ich durch die Nase atmen. Ich begann wieder zu Husten. Das Blut konnte aber nicht aus meinem Mund flie\u00dfen und blieb deshalb in meiner Lunge. Ich bekam langsam keine Luft mehr. Mein Brustkorb f\u00fchlte sich an als w\u00fcrde er gleich zerspringen. Mein ganzer K\u00f6rper brannte und ich driftete langsam in die Bewusstlosigkeit \u0001 \u0002 wei\u00df, H\u00e4moptyse ist keine eigenst\u00e4ndige Krankheit, sondern nur ein Symptom von vielen Krankheiten (\u0001 \u0002. Tuberkulose oder Lungenkrebs). Aber das ist eine Zombieapokalypse, also sollten wir uns nicht zu sehr auf Logik fokussieren.",
            "wordcount": "879",
            "chapter_release": "29.09.2014",
            "chapter_number": "18"
        },
        "19": {
            "text": "Wir standen eine Weile drau\u00dfen. \u201eVielleicht sollten wir schauen, wo sie bleiben\u201c, meinte Pauline. Sie hatte Recht. Wir sa\u00dfen hier schon eine halbe Ewigkeit. Nach den ersten paar Minuten hatten wir uns auf den Bordstein gesetzt. Kilian hatte mich an sich gezogen und einen Arm um meine Schulter gelegt. Kilian murmelte leise: \u201eDu hast Recht.\u201c Dann erhob er sich seufzend und dr\u00fcckt mir einen Kuss auf die Stirn. \u201eBin gleich wieder da\u201c, l\u00e4chelte er und verschwand in das Innere des Geb\u00e4udes. \u201eWie lang seid ihr schon zusammen?\u201c, fragte Pauline. Ich l\u00e4chelte vertr\u00e4umt. \u201eSeit drei Monaten.\u201c Pauline zog scharf die Luft ein. \u201eUnd wir haben nie von ihm erfahren?\u201c, fragt sie gespielt vorwurfsvoll. Ich seufzte und sah mir den Himmel. \u201eIrgendwie fand ich das nicht erz\u00e4hlenswert\u201c, sagte ich leise. Pauli zog abermals scharf die Luft ein. \u201eNicht erz\u00e4hlenswert? Helli, ich habe seinen Hintern gesehen. Das ist erz\u00e4hlenswert!\u201c, lachte sie. Ich lachte mit. \u201eUnd jetzt geh\u00f6rt dieser Hintern mir!\u201c Wir lachten beide etwas. Das tat gut. Auch wenn Fleurs und Darias Tode nicht allzu lang her sind, sollten wir uns nicht zu lang damit ablenken. Es ging hier im wahrsten Sinne des Wortes um Leben und Tod! \u201eKilian braucht ziemlich lang\u201c, bemerkte Pauli. Ich nickte. Wir beschlossen zusammen nachzusehen. Drinnen teilten wir uns auf. Sie suchte die linke und ich die rechte H\u00e4lfte ab. Es war dunkler als drau\u00dfen und meine Augen ben\u00f6tigten etwas Zeit, um sich an dieses zu gew\u00f6hnen. Pl\u00f6tzlich stolperte ich \u00fcber etwas und fiel hin. Ich tastete den Boden hinter mir ab. Es f\u00fchlte sich an wie Beine. Meine Augen hatten sich inzwischen an das wenige Licht gew\u00f6hnt. Ich erkannte Lisas Gesicht. Sie sah aus als w\u00fcrde sie schlafen\u2026 Mal abgesehen von dem Aspekt, dass noch immer Blut aus ihrem Mund floss. Ich unterdr\u00fcckte einen Schrei und stand wieder auf. Ich h\u00f6rte Ger\u00e4usche. Sie kamen aus der N\u00e4he. Ich rannte um ein paar Regale herum und entdeckte die offene Hintert\u00fcr. \u201ePauli, hier ist ein Hinterausgang\u201c, rief ich und folgte weiter den Kampfger\u00e4uschen. Ich sah, wie Nils vor Kilian stand. \u201eVerr\u00e4ter!\u201c, zischte letztgenannter. Nils nahm einfach l\u00e4chelnd ein Messer, zuckte mit den Schultern und rammte es Kilian in den Bauch. \u201eKilian!\u201c, schrie ich panisch. Mein Schatz sah mich schockiert an und l\u00e4chelte dann sanft, bevor er umfiel und regungslos liegen blieb. Ich rannte auf Nils zu. Ich war einfach w\u00fctend und schockiert. Kurz bevor ich in ihn hineinrennen konnte, holte ich aus und schlug ihm mitten ins Gesicht. Er stolperte einige Schritte zur\u00fcck und sah mich dann zornentbrannt an. Mit atemberaubender Geschwindigkeit dr\u00fcckte er mich gegen die Hauswand. \u201eDas war ein Fehler\u201c, schimpfte er. Ich versuchte mich zu befreien, doch er hielt mich fest. Pauli trat endlich aus dem Haus. Ihr Blick fiel zuerst auf den toten Kilian und dann auf uns. Nils hatte sie noch nicht bemerkt, stattdessen begann er mit seinem Messer kleine Muster in meine Arme zu ritzen. Pauli schlich sich von hinten an. Kurz bevor sie etwas tun konnte, vollf\u00fchrte Nils eine elegante Drehung mit dazugeh\u00f6renden Roundhouse-Kick, der Pauli fast sofort ausknockte. Nils begann wieder meine Arme und Beine langsam aufzuschneiden. Immer wenn ich mich wehrte dr\u00fcckte er das Messer einmal tief in meinen Arm oder mein Bein, was mich zu einem schmerzerf\u00fcllten Aufschrei brachte. Diese Schreie brachten ihn zum Lachen. Einen dieser Lachflashs nutzte ich um ihm kr\u00e4ftig in den Schritt zu treten. Er sank keuchend zu Boden und gab mir so die Gelegenheit zu fliehen. Ich rannte in den Wald und hinterlie\u00df dabei eine gut sichtbare Blutspur, aber in diesem Moment der tiefsten Panik war mir das egal. Ich schlug mich in den nahegelegenen Wald. Unterwegs fand ich einige Stellen mit aufgegrabener Erde. Ich sp\u00fcrte, dass mich meine Beine nicht mehr lange tragen w\u00fcrden. Das Rennen, der Verlust von Kilian, die Schuldgef\u00fchle, weil ich Pauli einfach ihrem Schicksal \u00fcberlie\u00df, all das zerrte an meinen Kr\u00e4ften. Ich lief noch ein paar Meter, dann klappte ich zusammen. Ich konnte nicht mehr. Meine Kraft war am Nullpunkt angekommen. Pl\u00f6tzlich holte mich alles ein und ich begann hemmungslos zu weinen. Es war mir egal, ob mich die Zombies oder Nils finden w\u00fcrden. Ich wollte einfach nur noch schlafen und das tat ich dann \u0001 \u0002 bin ich \u0001 \u0002 zu deinem Geburtstag, Jomi, habe ich deine beste Freundin umgebracht. Alles Gute",
            "wordcount": "715",
            "chapter_release": "29.09.2014",
            "chapter_number": "19"
        },
        "2": {
            "text": "Im Bus war es leicht stickig. Ich setzte mich neben Robin. Er erz\u00e4hlte gerade von seinem Wochenende. Ich starrte aus dem Fenster und da sah ich sie. Zehn oder zwanzig Gestalten liefen seitlich an der Stra\u00dfe entlang. Sie waren blass, hatten \u00fcberall Blut und liefen steifbeinig. Ich zupfte an Robins \u00c4rmel und deutete geschockt auf die Infizierten. Er schaute sie ebenso geschockt an. Langsam zog sich die Aufmerksamkeit aller auf diese Kranken. Eine leichte Panik l\u00f6ste sich aus. Pl\u00f6tzlich merkte ich, wie der Bus ruckelte. Dann kam er von der Stra\u00dfe ab und \u00fcberschlug sich. Ich h\u00f6rte das Schreien von den Leuten, das Weinen der Verletzten und das Brechen von Knochen. Waren das meine? Ein Schmerz durchzuckte mein Bein. Ich schrie laut auf. Ein lautes Knacken. Ich bekam keine Luft mehr, ich sp\u00fcrte meinen K\u00f6rper nicht mehr und langsam verlor sich alles in einer verschluckenden Schw\u00e4rze.",
            "wordcount": "147",
            "chapter_release": "29.09.2014",
            "chapter_number": "2"
        },
        "20": {
            "text": "Ich sa\u00df an einen Baum gelehnt in der Sonne. Ich stank so extrem nach Schwei\u00df. Wir waren gerannt, wurden mit Blut bespritzt und hatten seit drei Tagen nicht mehr geduscht. Meine Haare waren fettig und klebten nur an meinem Kopf. Es war weniger das Fett an sich. Es war schon eher der Schwei\u00df und das Blut. Anne war Essen suchen und ich sollte auf das Lager aufpassen. Auf irgendeine Weise war Routine in unser Leben gekommen. In den drei Tagen hier hatten wir viele unserer Freunde verloren, doch wir hatten nie auch nur eine Tr\u00e4ne vergossen. Das durften wir nicht. Schlie\u00dflich entkr\u00e4ftet Trauer ungemein. Wir durften jetzt auch keine Angst f\u00fchlen, weil die unachtsam macht. Wenn das Adrenalin durch die Adern flie\u00dft und du die blanke Panik versp\u00fcrst, dann w\u00fcrdest du das nicht sehen. Was \u201adas\u2018 war? Dieser Tag, an dem endlich wieder die V\u00f6gel zwitscherten. Ein Tag, an dem die Sonne scheinbar mit aller Kraft die Probleme der letzten Tage wegstrahlen will. So einer dieser Tage, die es nie wieder geben wird. Und falls doch, dann nie wieder so wie fr\u00fcher. Diese Tage waren es, an denen wir fr\u00fcher immer ins Kino oder in den Park gegangen sind. Ich l\u00e4chelte. Diese Tage w\u00fcrden f\u00fcr immer in meiner Erinnerung bleiben. Sie w\u00fcrden immer ein Teil von mir sein. Allein schon ihretwillen. Weil sie gestorben sind, weil sie Angst hatten und weil sie trotzdem immer loyal geblieben sind, das sind die Gr\u00fcnde aus dem ich sie nicht vergessen werde. Der Grund aus dem ich noch immer um mein Leben k\u00e4mpfe. Der Grund aus dem ich jedem einzelnen Zombie den Kopf wegtreten werde. Leise seufzte ich. Selbst wenn ich es schaffen sollte, k\u00f6nnte ich nur Annes L\u00e4cheln sehen. Piis L\u00e4cheln w\u00e4re verschwunden, Johannas L\u00e4cheln w\u00e4re unw\u00fcrdig in den Schmutz gezogen worden, Emelies L\u00e4cheln h\u00e4tte nie existiert und auch Robins L\u00e4cheln w\u00e4re auf ewig versiegelt. Am Stand der Sonne sah ich, dass es schon Nachmittag war. Anne d\u00fcrfte bald wieder da sein. Ich k\u00f6nnte etwas Wasser holen. Und Holz brauchen wir auch noch. Dann k\u00f6nnten wir das Essen zu Abwechslung mal warm machen. Mein Magen grummelte vor sich hin. Hoffentlich kommt sie bald. Ich ging zu dem kleinen See, den wir gestern entdeckt hatten. Bisher haben wir nur schnellstm\u00f6glich Flaschen gef\u00fcllt und das Wasser gereinigt. Ich k\u00f6nnte mir wenigstens das Gesicht waschen. Ich stellte die Tasche mit den Flaschen neben mir ab und setzte mich an das Ufer. Mit meinen H\u00e4nden sch\u00f6pfte ich das Wasser, das ich dann schlie\u00dflich in meinem Gesicht verteilte. Als ich das zweite Mal sch\u00f6pfte sah ich eine Person hinter mir. \u201eAch, Anne, du hast mich total erschreckt. Ich wei\u00df, ich sagte, dass ich warte, aber ich wollte noch Wasser holen. Ich hoffe du bist mir nicht b\u00f6se\u201c, sagte ich. Dann sch\u00fcttete ich mir mehr Wasser in mein Gesicht. Anne hockte sich neben mich und legte ihre Hand in meinen Nacken. Verwundert sah ich sie an, doch in blickte nicht in Annes, sondern in Paulis seltsam durch ein L\u00e4cheln verzerrtes Gesicht. Sie lachte leise und dr\u00fcckte meinen Kopf unter Wasser. Ich schrie erschrocken auf und sofort flutete ein Schwall Wasser meinen Mund. Ich bekam meine Luft und atmete panisch ein. Dadurch f\u00fcllte das Wasser langsam meine Lungen. Ich schrie laut auf. Ich dachte, mich w\u00fcrde vielleicht jemand h\u00f6ren. Meine Arme und Beine traten und schlugen ins Leere. Ich sah die Luftblasen, die aus meinem Mund langsam zur Wasseroberfl\u00e4che wanderten. Ganz langsam begann meine Sicht zu verschwimmen. Mir wurde auf einmal eiskalt. Bis alles in einer gef\u00fchlslosen Schw\u00e4rze endete.",
            "wordcount": "590",
            "chapter_release": "29.09.2014",
            "chapter_number": "20"
        },
        "21": {
            "text": "Ich stolperte aus der Apotheke. Helens Freund lag tot auf dem Boden und Helen selbst wurde von Nils an die Wand gedr\u00fcckt. Sie sah flehend zu mir. Nils musste wahnsinnig geworden sein. Leise schlich ich auf ihn zu. Er schien mich nicht zu bemerken. Kurz bevor ich etwas tun konnte, drehte er sich elegant und trat mir gegen den Sch\u00e4del. Meine Welt wurde \u0001 \u0002 sind grausam. Menschen sind einfach nur grausam und ignorant. Nils wirkte auf mich immer so ruhig und fast schon ausgeglichen. Klar er hatte seine Macken, aber wer hatte denn keine? Eben. Er war lustig und manchmal auch laut. Er lachte gern. Dann kam diese Apokalypse und ich bekam seine andere Seite zu sehen. Er tr\u00f6stete wenn n\u00f6tig. Er passte auf. Er war berechnend, erwachsen. Doch anscheinend war das falsch. Er ist ein dummes Kleinkind. Wie die anderen. Daria hatte Feli einfach sterben lassen und war dann abgehauen. Fleur und Lisa hatten mich einfach allein gelassen. Selbst Kilian hatte uns nicht vor Gefahren besch\u00fctzt. Sie waren schwach, eitel und arrogant. Lisa hat Nils umarmt, nachdem Fleur tot war. Sie hat nicht mich umarmt. Ihre beste und danach auch einzige Freundin. Helen hatte mich belogen. Ihren seltsamen Freund hatte sie nie mit auch nur einem Wort erw\u00e4hnt. Nils hatte sie h\u00f6chstwahrscheinlich inzwischen umgebracht. Wenigstens das konnte er. Menschen sind grausam. Er ist grausam. Er ist ein \u0001 \u0002 wachte auf. Ich lag noch neben der Apotheke. Nils war anscheinend schon verschwunden. Feigling. Grausamer Feigling. Ich erhob mich. Mein Stand war etwas wackelig, aber ich stand. Mit steifen Beinen ging ich auf den Wald zu. Ich folgte einer Blutspur. An deren Ende lag Helen. Sie war tot. Wie langweilig. Getrocknete Tr\u00e4nen waren auf ihrem Gesicht zu sehen, trotzdem l\u00e4chelte sie. Memme. Mensch. Sie ist grausam. Menschen sind grausam. Ich lief weiter. Meine Beine waren inzwischen warm. Die V\u00f6gel zwitscherten. Sie verspotteten mich! Sie sind Menschen. Sie sind grausam. Ich h\u00f6rte ein Pl\u00e4tschern. Ein paar Schritte weiter sah ich Jenny. Sie wusch ihr Gesicht. Wie eitel. Sie ist so grausam. Ich stellte mich hinter sie. \u201eAch, Anne, du hast mich total erschreckt. Ich wei\u00df, ich sagte, dass ich warte, aber ich wollte noch Wasser holen. Ich hoffe du bist mir nicht b\u00f6se\u201c, sagte sie. Sie l\u00fcgt. Ich bin nicht Anne. Sie w\u00e4scht ihr Gesicht. Ich hockte mich hinter sie und legte meine Hand in ihren Nacken. Verwundert sah sie mich an. Sie h\u00e4tte bestimmt nicht geglaubt, dass sie jetzt f\u00fcr ihr L\u00fcgen bestraft wird. Ich dr\u00fcckte ihren Kopf unter Wasser. Sie zappelte und schlug nach mir. Was hatte sie? Ich erl\u00f6ste sie doch nur von ihren L\u00fcgen. Sie sollte mir dankbar sein. Sie ist grausam. Sie ist ein Mensch. Menschen sind grausam. Schlie\u00dflich h\u00f6rte sie auf zu zappeln und lag nur noch schlaff im Wasser. Grausame L\u00fcgnerin. \u201ePauli, was tust du da?\u201c, h\u00f6rte ich Annes entsetzte Stimme. Ich wirbelte herum. Sie stand ein paar Schritte entfernt. Ihr Blick wanderte zwischen mir und Jenny hin und her. Sie sah aus als w\u00fcrde sie gleich weinen oder schreien oder beides. Sie tat nichts von dem. Sie starrte mich nur an. \u201eMonster!\u201c, zischte sie. Monster? Ich? Wie grausam! Sie ist grausam! Ich st\u00fcrmte auf sie zu. Sie reagierte schnell. Zog einfach ihre Waffe und schoss. Sie traf. Ich sank zu Boden. So grausam. Dieser grausame Mensch! Diese M\u00f6rderin! So wurde ich erschossen von der grausamen M\u00f6rderin.",
            "wordcount": "565",
            "chapter_release": "29.09.2014",
            "chapter_number": "21"
        },
        "22": {
            "text": "Ich lief durch den Wald. Leider hatte ich nur wenig Essen gefunden. Zwar hatten wir noch Vorr\u00e4te, aber wer wusste schon, wie gut das war. Ich war ersch\u00f6pft, wollte einfach nur mich eine Weile hinlegen, mich ausruhen und mir die Sonne auf den R\u00fccken scheinen lassen. Die letzte Biegung und ich war am Lager, doch hier war niemand. Ich stellte meine R\u00fccks\u00e4cke ab und sah mich um. Schlie\u00dflich h\u00f6rte ich lautes Pl\u00e4tschern. Das kam vom See, den wir gestern noch entdeckt hatten! Schnell rannte ich hin und sah zu meinem Entsetzen, wie Pauli gerade Jennys erschlafften K\u00f6rper loslie\u00df. \u201ePauli, was tust du da?\u201c, fragte ich entsetzt, doch ich wusste, was sie getan hatte. Sie hatte meine Freundin get\u00f6tet. Meine letzte beste Freundin. Sie wirbelte herum. Ihr Gesicht war entspannt. Eigentlich sah sogar so aus als w\u00e4re sie stolz auf ihre Tat. Ich starrte auf Jennys K\u00f6rper. Er lag halb im Wasser und ihre Kleidung sog sich mit Wasser voll. Kleine Blasen waren um ihren Kopf herum. Wie eine Krone. Ihre Haare breiteten sich langsam aus. Wie ein Heiligenschein. Ich starrte zu Pauli. Sie beobachtete mich interessiert. \u201eMonster\u201c, zischte ich. Fast zeitgleich sprang sie auf und rannte auf mich zu. Ich griff nach meiner Waffe, lie\u00df das Zielen weg und schoss. Sie zuckte kurz und fiel mit einem kalten Gesichtsausdruck zu Boden. Ich zitterte. Ich hatte einen Menschen erschossen! Einen lebenden Menschen. Ich musste mich erstmal beruhigen. Ich w\u00fcrde Jenny sp\u00e4ter beerdigen. Meine Schritte f\u00fchrten mich zur\u00fcck zum Lager, wo ich auf einen Eindringling traf. Wieso musste immer so viel auf einmal passieren? Die Person vergriff sich gerade an meinen Vorr\u00e4ten. \u201eHey, weg von meinen Sachen!\u201c, rief ich w\u00fctend. Die Person drehte sich um und es stellte sich heraus, dass diese Person niemand anderes als Angie war. Sie schien mich nicht zu erkennen. Wie auch? Meine Haare hatte ich abgeschnitten, als ich mit ihnen in einem Maschendrahtzaun eines kleinen Grundst\u00fccks feststeckte. Dann waren da noch das ganze Blut und die Tatsache, dass ich eine Waffe mit mir herumtrug. Auch sie hatte einige Ver\u00e4nderungen hinter sich. Ihr Haar war etwas fettig und verwuschelt. Ihre Kleidung war an einigen Stellen zerrissen und ihr Gesicht sah so aus als w\u00fcrde sie auf jeden Fall f\u00fcr ihr Essen k\u00e4mpfen. Sie stand mir gegen\u00fcber und betrachtete mich einfach nur. Ich starrte genauso zur\u00fcck. Sie trug diese Gummiarmb\u00e4nder um ihr Handgelenk. Sie hatte zwei Messer an ihrem G\u00fcrtel. Meine Munition war leer und sie schien mich echt nicht zu erkennen. \u201eAngie? Ich bin es. Anne\u201c, sagte ich. Sie sah mich pr\u00fcfend an. Anscheinend glaubte sie mir nicht. Sie sah auf das Essen, dann mit einem zweifelnden Blick zu mir. Ich l\u00e4chelte sanft. \u201eAngie, bitte\u201c, flehte ich. Sie l\u00e4chelte kurz. Hoffnung durchflutete mich. Wenn sie meine Verb\u00fcndete w\u00e4re, h\u00e4tten wir eine Chance zu \u00fcberleben. Ihr Gesicht wurde pl\u00f6tzlich eiskalt. \u201eAnne ist tot\u201c, fauchte sie. Sie zog ein Messer, sprang auf mich zu und sorgte daf\u00fcr, dass sie Recht \u0001 \u0002, Anne, hab ich zu viel versprochen?",
            "wordcount": "499",
            "chapter_release": "29.09.2014",
            "chapter_number": "22"
        },
        "23": {
            "text": "Ich dr\u00fcckte mich noch mehr an den Baum. Das konnte nicht sein. Anne war tot. Wieso stand sie dann vor mir? Ihr K\u00f6rper lag noch immer neben dem Rucksack. Ihr Bauch war komplett zerstochen. Wer war das? Im Bus war ich als erste aufgewacht. Alle lagen tot in ihren Sitzen. Keiner hat sich ger\u00fchrt. Ich wollte den Puls bei Johannes messen. Sein Kopf ist einfach mit einem widerlichen Knacken zur Seite gefallen. Panisch bin aus dem Bus gerannt. Ich hab mich im Wald versteckt, bin einmal in die Stadt gegangen, um Essen zu suchen, habe get\u00f6tet. Diesen Rucksack zu finden war das Beste, was mir passieren konnte. Ich h\u00e4tte endlich etwas zu essen, doch dann kam diese Betr\u00fcgerin. Sie sagte, sie w\u00e4re Anne. Ich h\u00e4tte ihr so gern geglaubt, doch Anne ist tot. Sie ist tot wie die anderen. Ich nahm mir einen der Rucks\u00e4cke. Ich nahm den, den am leichtesten transportieren konnte. Ich machte mich wieder auf den Weg in die Stadt. Dieser Wald gefiel mir nicht mehr. Nach ungef\u00e4hr zwei Stunden hatte ich das Ende vom Wald erreicht. Ich drehte mich noch einmal um und winkte dem Wald. Es f\u00fchlte sich einfach richtig an. Als ich auf die Stadt zuging, fing der Himmel an langsam zuzuziehen. Die Sonne verschwand und mit ihr das Zwitschern der V\u00f6gel. Niemand war zu sehen. Es war komplett still. Mir gefiel sie. Die Stille. Sie bedeutete Gefahr oder Bedrohung, aber es ist endlich still. Ich atmete tief durch. Diese Stille, ich genoss sie. Ich musste seit Stunden gewandert sein, denn ich kam Alex an. Es war ungewohnt ihn leer und voller Blut zu sehen. Normalerweise tummeln sich hier viele Menschen. Sie wollen einkaufen, zur Bahn oder einfach nur bei ihren Emo-Freunden sein. Ich l\u00e4chelte. Der Alex war schon toll. Ich lief weiter. Der Tag neigte sich dem Ende zu, w\u00e4hrend ich lief. Noch immer wurde alles von einer dicken Wolkendecke verdunkelt. Als ich eine Rast einlegte, ging die Sonne gerade unter und lie\u00df die Wolkendecke aussehen als w\u00fcrde sie brennen. Ich musste irgendwo in Ahrendsfelde sein. Um mich herum waren einige Einfamilienh\u00e4user. Es sah friedlich aus. \u201eDu lebst noch. Herzlichen Gl\u00fcckwunsch! Du bist die Letzte\u201c, rief eine sarkastische Stimme. Ich drehte mich herum. Nils stand ungef\u00e4hr zehn Meter von mir entfernt und lehnte l\u00e4ssig gegen eine Laterne. Er trug wie immer seine blaue Jacke, die grauen Jeans und die f\u00fcr ihn typischen wei\u00dfen Kopfh\u00f6rer um den Hals. Ein sp\u00f6ttisches L\u00e4cheln lag auf seinem Gesicht. \u201eWer bist du?\u201c, fragte ich. Er sah vielleicht aus wie Nils und sprach wie Nils, aber das hie\u00df noch lange nicht, dass er Nils war. Er sah mich leicht verwirrt an. \u201eHast du dir den Kopf gesto\u00dfen? Ich bin Nils. Aus deiner Klasse!\u201c Ich betrachtete ihn genauer. \u201eNils ist tot\u201c, sagte ich. Er war bei dem Unfall gestorben. Genau wie alle anderen. \u201eAber ich steh doch vor dir\u201c, lachte Nils. \u201eNils ist tot!\u201c, zischte ich und st\u00fcrmte auf ihn zu. Im Lauf zog ich meine Messer und versuchte ihn zu attackieren, doch er zog einfach nur seine Waffe und dr\u00fcckte \u0001 \u0002 Vorletzte... Morgen endet \u0001 \u0002 hatte echt nicht geplant, dass es auf Halloween f\u00e4llt, aber na ja.",
            "wordcount": "532",
            "chapter_release": "29.09.2014",
            "chapter_number": "23"
        },
        "24": {
            "text": "Ich schoss und traf genau in ihren Kopf. Das Blut spritzte auf mich. Meine Kleidung war voller Blut. Ich lachte. Ich lachte laut. Ich glaube, dass ich noch nie so gl\u00fccklich gelacht hatte. Angie lag mit einem leeren erschrockenen Blick auf dem Boden. Ich trat neben sie. \u201eWer ist jetzt tot?\u201c, fragte ich sie h\u00e4misch lachend. Ihr Blick \u00e4nderte sich nicht. Warum sollte er auch? Sie war die letzte. Alle sind tot. Also mal ganz abgesehen von mir. Sie verstanden es alle nicht. Es hatte Spa\u00df gemacht Robin zu erstechen. Schlie\u00dflich war er nur ein nutzloses St\u00fcck Dreck. Ich l\u00e4chelte beim Gedanken an Darias blutgetr\u00e4nktem Keuchen. Sie hatte eh nie gesprochen, also warum ausgerechnet in diesem Moment? Fleur war auch lustig gewesen. Sie hatte mich so entt\u00e4uscht und beh\u00e4mmert angeguckt. In diesem blonden K\u00f6pfchen hatte eh immer nur Leere geherrscht. Lisa war auch witzig geworden. Es war nur schade, dass die Memme bewusstlos geworden ist. Auch Johanna war mein Verdienst, wenn auch eher indirekt, aber trotzdem spa\u00dfig. Kilian hatte nur minderwertig Freude gebracht, aber wenigstens konnte ich ihn mit seiner ach so tollen Helen vereinen. Anne musste mir ja unbedingt entkommen, doch hatte jemand anderes das f\u00fcr mich erledigt. Angie aber hatte es von allen am meisten verdient. Sie hatte sich mir in den Weg gestellt und daf\u00fcr hat sie bezahlt. Wie konnte man auch so bl\u00f6d sein? \u201eSchatz?\u201c, fragte eine Stimme hinter mir. Ich drehte mich um. Dort stand Luna und l\u00e4chelte mich an. \u201eHast du dich ausgetobt?\u201c, fragte sie auf Angie deutend. Ich nickte und l\u00e4chelte sie breit an. Sie l\u00e4chelte zur\u00fcck. Ich ging auf sie zu und umfasste ihre H\u00fcfte. \u201eUnd was machen wir jetzt? Uns geh\u00f6rt die ganze Welt\u201c, s\u00e4uselte ich ihr zu. Sie dr\u00fcckte mir einen fl\u00fcchtigen Kuss auf, l\u00e4chelte s\u00fcffisant. Sanft zog ich sie n\u00e4her an mich, doch sie dr\u00fcckte mich weg. Verwundert blickte ich auf sie herab. \u201eDu Schmutzfink wirst dich als erstes umziehen\u201c, befahl sie und l\u00f6ste sich aus meinem Griff. \u201eUnd dann kommst du in die Zentrale\u201c, rief sie noch und verschwand in einem kleinen Haus. Von dort aus hatte man direkten Zugang zur Zentrale. Ich ging in ein anderes Haus. Dort hatten wir extra Kleidung f\u00fcr Notf\u00e4lle aufbewahrt. Das konnte man als Notfall gelten lassen. Luna war so ein sch\u00f6nes M\u00e4dchen. Sie l\u00e4chelte immer so lieb und ihre Augen glitzerten immer so fr\u00f6hlich, wenn sie mich ansah. Die Zombies waren ihre Idee gewesen. Sie hatte auch das Virus erschaffen und reifen lassen. Ich hatte ihr nur das Geld bereitgestellt. Mit dem eigentlichen Virus habe ich nichts zu tun. Das hat alles sie gemacht. Sie war schon immer intelligenter. Dazu sah sie auch gut aus. Ich hatte so ein Gl\u00fcck mit ihr. Ich summte fr\u00f6hlich vor mich hin. Ich hatte alle aus meiner Klasse entfernt. Das mussten wir feiern. Ich schlenderte aus der H\u00fctte. Vor der T\u00fcr standen ein paar Zombies. Ich erschoss sie schnell, trotzdem wunderte ich mich: In dieser Gegend sollten gar nicht so viele unterwegs sein. Verwirrt traf ich auf eine weitere Menge. Ich wollte schie\u00dfen, aber ich hatte keine Munition mehr. Ich machte kehrt, um einen anderen Weg zu suchen, aber hinter mir stand eine weitere Wand. Ich war eingekesselt. \u201eSchatz\u201c, rief Luna sp\u00f6ttisch. Ich wirbelte herum. Sie stand auf einem Van. \u201eWas ist das, Luna?\u201c, fragte ich verwundert. Luna lachte glockenhell. Sie hatte ein wundersch\u00f6nes Lachen. \u201eNils, du bist einfach zu dumm\u201c, lachte sie. Ich sah sie verletzt an. Luna lachte lauter und grinste mich an. Nur eine schnelle Handbewegung ihrerseits und die Zombies bewegten sich in meine Richtung. Einige konnte ich zu Boden treten, aber schon bald bissen mich die ersten und rissen an meiner Haut. \u201eAber ich bin kein Unmensch\u201c, schrie Luna lachend und schoss mir eine Kugel in den Bauch. Vor Schmerz konnte ich mich nicht mehr bewegen und musste langsam und qualvoll sterben, ohne mich auch nur ein bisschen wehren zu \u0001 \u0002, das war \u0001 \u0002 m\u00f6chte nur noch sagen, dass das hier alles fiktiv ist und dass die Art, wie die Leute sterben oder in welcher Reihenfolge, durch Zufallsprinzip und auch durch die W\u00fcnsche der Leute selbst entstanden \u0001 \u0002\u00b4 Tod habe auch in der Chemiestunde mit ihm besprochen, Eric wollte irgendwie dramatisch draufgehen, Jenny wollte unbedingt ertrinken, verhungern oder verbrennen und Marley wollte so gern von Zombie-Dan gebissen \u0001 \u0002 Elternteil hatte sich n\u00e4mlich beschwert, weil ihm die Zeit des Todes nicht gefallen hat. Ich habe mit den meisten dr\u00fcber gesprochen und viele durften selbst entscheiden (nat\u00fcrlich nicht alles).Die Personen in dieser Geschichte entsprechen auch in nur wenigen Situationen den wahren Charakterz\u00fcgen. Die Charaktere der Geschichte haben vor allem \u00e4u\u00dferliche Merkmale und Hobbies der realen Personen \u0001 \u0002 seht es bitte als das, was es ist: Eine fiktive Geschichte.",
            "wordcount": "793",
            "chapter_release": "29.09.2014",
            "chapter_number": "24"
        },
        "3": {
            "text": "Ich wachte auf und schaute auf die gegen\u00fcberliegenden Sitze. Robin hockte weinend \u00fcber Johannes, der sich nicht mehr regte. \u201eRobin?\u201c, fragte ich. Meine Stimme klang so kratzig. Er drehte sich zu mir. In seinen Augen lagen Schmerz und Trauer. Er krabbelte zu mir. Ich stemmte meine Arme gegen die Lehnen. \u201eDeine Beine sind eingeklemmt. Versuch es gar nicht erst!\u201c, sagte Robin traurig. Ich starrte hin\u00fcber zu Johannes und dann wieder zu Robin. Er sch\u00fcttelte den Kopf. Trauer durchflutete mich. Neben mir sa\u00df Marvin. Er schaffte es gerade noch so sich aus seinem Sitz zu befreien. Was war eigentlich passiert? \u201eWir suchen drau\u00dfen nach etwas, womit wir dich befreien k\u00f6nnen. Die meisten sind abgehauen, um Essen und einen sicheren Ort zu suchen\u201c, erkl\u00e4rte er. Ich bin also die einzige eingeklemmte Person hier. Schei\u00dfe! Der Schmerz in meinen Beinen lie\u00df mich zittern. \u201eWir sind gleich wieder da\u201c, versprach Robin und kletterte durch den Bus nach drau\u00dfen. Marvin folgte ihm und nickte mir nochmal aufmunternd zu. Jetzt war ich allein. Toll. Ich h\u00f6rte ein Zischen. Was war das? Ich stemmte mich zur Seite und sah nach vorn. Leider konnte ich nichts erkennen, aber das Zischen wurde lauter. Wir hatten diese Kranken gesehen! Langsam wanderte mein Blick zu Johannes. Er regte sich nicht. Seine Brille war zerbrochen und sein Kopf und seine Gliedma\u00dfen lagen irgendwie komisch. W\u00fcrde er auch so ein Kranker werden? Ich war eingeklemmt, doch er konnte sich mit Leichtigkeit befreien. Ich w\u00e4re am Arsch. Das Zischen war immer noch da. Zu ihm gesellten sich ein leises Gluckern und ein Klopfen. Yay, unheilvolle Ger\u00e4usche! Ich versuchte mich wieder aus dem Sitz zu dr\u00fccken und wollte meine Beine zur Hilfe nehmen. Erst jetzt fiel mir auf, dass ich sie nicht einmal sp\u00fcrte. Ich ruckelte etwas mehr. Das konnte doch nicht wahr sein, Mensch! Wann kamen eigentlich Robin und Marvin zur\u00fcck? Sie m\u00fcssten doch langsam mal etwas gefunden haben. Ich streckte mich zum Fenster hin. Sie kamen von einem Waldst\u00fcck herangelaufen. Sie sahen schuldbewusst aus. Vielleicht hatten sie nichts gefunden. Das Zischen machte mich mittlerweile fast wahnsinnig. Hinter Marvin und Robin konnte ich Menschen im Dickicht erkennen. Sie k\u00f6nnten eine Gefahr sein. Ich wollte winken, doch dazu kam es nicht mehr. Der Bus explodierte. Ich sp\u00fcrte ein schmerzhaftes Brennen. Es zog sich \u00fcber meinen ganzen K\u00f6rper. Meine Haut riss an vielen Stellen. Ich heulte und schrie vor Schmerz und dann wurde es \u0001 \u0002 wei\u00df, Ger\u00e4usche und Explosionen sind klischeehaft, aber ich m\u00f6chte darauf hinweisen, dass ich das hier nicht wirklich als das Beste, was ich fabriziert habe, einsch\u00e4tze. Hier merkt man das noch nicht wirklich, aber in den sp\u00e4teren \u0001 \u0002 diese unlogischen Dinge werde ich mich dann noch \u0001 \u0002 mir!",
            "wordcount": "451",
            "chapter_release": "29.09.2014",
            "chapter_number": "3"
        },
        "4": {
            "text": "Wir kamen gerade aus dem naheliegenden Wald. Dort war nichts gewesen, was uns weiterhelfen konnte. War halt nur ein Wald. Den Bus sahen wir schon vor uns und Eric sah zu uns aus seinem Fenster. Er r\u00fcttelte etwas an dem Sitz. Sein Blick war voller Hoffnung. Pl\u00f6tzlich knallte es. Der Bus war in Flammen aufgegangen und Eric mit ihm. Mir war klar, dass er das niemals \u00fcberlebt haben konnte. Eine leichte Druckwelle schob uns etwas zur\u00fcck und Tr\u00fcmmerteile flogen an uns vorbei. Wir hatten damit unseren zweiten Freund verloren. Ich wollte mich zu Robin drehen, ihm sagen, dass wir noch Gl\u00fcck gehabt haben, und wir das Ding schon schaukeln werden. Eine zweite Explosion ersch\u00fctterte den Bus und Metallteile flogen durch die Luft auf uns zu. Robin rollte sich hinter eine B\u00f6schung. Ich wollte hinterherspringen, als ich einen stechenden Schmerz sp\u00fcrte. Ich schaute auf meinen Bauch und sah ein Metallst\u00fcck, das aus mir rausragte. Meine Jacke saugte sich mit Blut voll. Schon bald war das ausgewaschene Blau ein dunkles Rotbraun. Robin rannte auf mich zu. Aus mir floss so viel Blut. Mir wurde schwindlig. Mein Blick flackerte. Langsam stellte sich mir die Frage, wie viel Blut mein K\u00f6rper eigentlich beinhaltete. Ich lie\u00df mich auf den Boden sinken. Robin versuchte die Blutung zu stoppen, indem er ein St\u00fcck Stoff draufdr\u00fcckte. Der Schmerz zog sich durch meinen K\u00f6rper und es wurde immer schwerer die Augen aufzuhalten. Robins Arme waren mittlerweile blut\u00fcberstr\u00f6mt. \u201eAch du Schei\u00dfe!\u201c, h\u00f6rte ich einen gekreischten Ruf. Dann h\u00f6rte ich Schritte, die n\u00e4her kamen, und Robins flehende Stimme, die sagte ich solle blo\u00df nicht einschlafen. Er hatte auch ein paar Kratzer abbekommen. Sein Blut lief von seiner Schl\u00e4fe \u00fcber seine Wange. Es wirkte wie Tr\u00e4nen\u2026 Irgendwann konnte ich der M\u00fcdigkeit nicht mehr widerstehen und lie\u00df mich einfach in den Tod sinken.",
            "wordcount": "301",
            "chapter_release": "29.09.2014",
            "chapter_number": "4"
        },
        "5": {
            "text": "\u201eAch du Schei\u00dfe!\u201c, entfuhr es Anne. Wir rannten auf sie zu. Nachdem wir die Explosion geh\u00f6rt hatten, waren hierher gerannt. Hier trafen wir auch Emelie, Jenny und Johanna. Sie hatten hier auf uns gewartet. Dann sahen wir die zweite Explosion. Wie die Mettalsplitter ihn durchbohrten und er langsam zu Boden sank. Wir rannten auf die beiden zu. Robin lag \u00fcber Marvins totem K\u00f6rper und weinte. Durch das Mitgef\u00fchl, das ich empfand, weil er seinen Freund verloren hatte, sp\u00fcrte ich auch ein kleines bisschen Schadenfreude. Johanna zog ihn von Marvin weg. Wir schauten Marvin an. Er hatte Sch\u00fcrf- und Schnittwunden vom Busunfall. Sein Bauch wurde von mehreren Metallsplittern durchbohrt. Ein St\u00fcck ragte weiter heraus. \u201eWir sollten ihn begraben\u201c, sagte Anne. Wir nickten. Wir hatten nur eine Schaufel und zwei Schusswaffen. Ich begann das Loch zu graben. Robin wurde von einem weiteren Heulkrampf gesch\u00fcttelt. Johanna strich \u00fcber seinen R\u00fccken und redete beruhigend auf ihn ein. Wir entschieden, dass das Loch tief genug ist und schoben den Toten hinein. Nachdem wir das Grab geschlossen hatten, liefen in den nahegelegenen Wald, w\u00e4hrend wir den schluchzenden Robin hinter uns her zogen. Wie ich ihn verabscheute! Er hatte einige Schnittwunden vom Busunfall und das Blut mischte sich mit seinen Tr\u00e4nen. Heulsuse! Wir h\u00f6rten ein R\u00f6cheln. Als wir um die Ecke bogen, fanden wir eine Menge Zombies. Toll! Wie sollten wir ihnen entkommen? Wir k\u00f6nnten Robin opfern \u2026 Das w\u00e4re noch jemand, der stirbt. Alle waren verletzt und w\u00fcrden nicht schnell genug fliehen k\u00f6nnen. Ich hatte die wenigsten Verletzungen. Ich war schnell\u2026 und verzweifelt. \u201eIch k\u00f6nnte die Aufmerksamkeit auf mich lenken, indem ich wegrenne. Ich komme dann hinterher\u201c, sagte ich. Alle sahen sich z\u00f6gerlich an. Sie schienen zu \u00fcberlegen. \u201eIch komme zur\u00fcck. Versprochen!\u201c, best\u00e4rkte ich meine Aussage. Ich wei\u00df, dass ich nicht wiederkommen werde. \u201eDas ist zu gef\u00e4hrlich\u201c, sagte Johanna. Sie hatte Recht. \u201eIch lasse meine beste Freundin nicht einfach zur\u00fcck\u201c, beschwerte sich Emelie. \u201eDu bleibst bei uns\u201c, bestimmte Anne. Jenny nickte bekr\u00e4ftigend und k\u00fcmmerte sich um eine Wunde an Robins Arm. Erst als ich ihnen die ganzen Vorteile und meinen Plan, den ich nie ausf\u00fchren werde, erl\u00e4uterte, bekam ich von allen ein Nicken und von Robin ein zustimmendes Grummeln. Dann rannte ich los. Die Zombies folgten mir. Aus dem Augenwinkel sah ich die Anderen fliehen. Sobald sie au\u00dfer Sichtweite waren, rannte ich in einem Bogen in die Zombiemenge hinein. Ich sollte sterben, aber ich w\u00fcrde noch einige von ihnen mitnehmen. Ich sp\u00fcrte ihre Patschh\u00e4nde an meinem K\u00f6rper. Dann den ersten Biss. Ich schlug einigen den Kopf ab. Meine Haut wurde aufgerissen. Ich schlug und trat um mich. Mir wurde schwindelig. \u00dcberall sah ich schwarze Flecken. Langsam sank ich auf den Boden. Sie rissen an meiner Kleidung und an meiner Haut. Ich schloss meine Augen.",
            "wordcount": "459",
            "chapter_release": "29.09.2014",
            "chapter_number": "5"
        },
        "6": {
            "text": "Marlen, Vanessa, Rick, Justin, Softie und ich liefen auf Stra\u00dfe zur\u00fcck zur Stadt. Nach gef\u00fchlten zwei Kilometern legten wir eine Rast ein. Justin holte Br\u00f6tchen heraus und verteilte sie. Softie neben mir biss in ihr Br\u00f6tchen. Marlen bat mich mit ihr in den Wald zu gehen, um ihn als Toilette zu benutzen. Sie lief hinter einen Busch. Ich h\u00f6rte einen Schrei und ein Rascheln. \u201eMarlen?\u201c, fragte ich, doch keine Antwort. In einem weiter entfernten Geb\u00fcsch raschelte es. \u201eMarlen, wenn du das bist, das ist nicht witzig!\u201c, rief ich. Das Rascheln wurde kurz lauter und verstummte dann. Ich lief auf das Geb\u00fcsch zu. In ihm fand ich einen beweglosen K\u00f6rper. Es war eine junge Frau. Sie trug einen Wintermantel. Im Sommer? Sie war \u00fcberall mit Blut bedeckt. Z\u00f6gernd b\u00fcckte ich mich herab. Pl\u00f6tzlich schoss es auf mich zu und biss mir in den Arm. Ein Brennen schoss von dieser Stelle aus durch meinen ganzen K\u00f6rper. Ich bekam keine Luft mehr. Ein R\u00f6cheln kam aus meiner Kehle. Ich erstickte\u2026 Ich-i-ich\u2026 Hunger!",
            "wordcount": "173",
            "chapter_release": "29.09.2014",
            "chapter_number": "6"
        },
        "7": {
            "text": "Wir h\u00f6rten die beiden Explosionen. Wir suchten jetzt schon eine halbe Ewigkeit nach Levy. \u201eWir m\u00fcssen weiter. Wir werden sie heute nicht mehr finden und es wird langsam Mittag. Bis zum Abend sollten wir einen Unterschlupf gefunden haben\u201c, sagte Marlen traurig. Wir nickten widerwillig, aber bestimmt. Wir nahmen unsere Rucks\u00e4cke, die schwer waren wegen den Waffen und dem Essen. \u201eVielleicht sollten wir zum Bus gehen\u201c, schlug Rick. \u201eIch denke mal, die Explosionen waren der Bus. Au\u00dferdem m\u00fcssen wir in die Stadt\u201c, entgegnete Vanessa. Wir trotteten vorw\u00e4rts. Softie erblickte die Gruppe von zwanzig Zombies als Erste. Sie machte uns darauf aufmerksam. Sie liefen auf uns zu und weiter hinten sah ich sie: Levy. \u201eIch hab Levy gefunden\u201c, rief ich und deutete auf sie. Die Zombiegruppe umschloss uns, w\u00e4hrend wir von Zombie-Levy abgelenkt waren. Wir zogen die Waffen aus unseren Taschen und schossen die Viecher um. Ich drehte mich um. \u201eSoftie, pass auf!\u201c, schrie ich und schoss den Zombie nieder, der direkt hinter ihr stand. Sie schaute mich dankbar an, doch schlug die Stimmung in ihrem Gesicht schlagartig um. \u201eJustin!\u201c, rief sie panisch. Ich wollte mich umdrehen, aber da sp\u00fcrte ich den Biss. Ich drehte meinen Kopf und sah gerade noch Levys totes Gesicht, bevor Softie ihr eine Kugel in den Kopf dr\u00fcckte. Sie fiel von meiner Schulter weg. \u201eSoftie!\u201c, rief ich. \u201eIch musste sie erschie\u00dfen. Sie war ein Zombie!\u201c-\u201eErschie\u00df mich!\u201c-\u201eWAS?\u201c-\u201eIch sag es nicht nochmal. Mach es oder ich tu es!\u201c Endlich lud sie, entsicherte und zielte. Mein gesamter Arm brannte h\u00f6llisch. Sie weinte. \u201eSorry.\u201c \u201eSchon okay. Passiert mal\u201c, antwortete ich. Sie schmunzelte. Die ersten Tr\u00e4nen flossen ihr Gesicht runter. Ich wusste es w\u00fcrden mehr werden. Immer wieder. Sie schrie und ich kniff die Augen zu. Kurz bevor sie abdr\u00fcckte, \u00f6ffnete ich sie wieder und blickte ihr ins Gesicht. Ich h\u00f6rte den Knall und sp\u00fcrte den Schmerz durch die einschlagende Kugel. Ich atmete ein letztes Mal tief durch und\u2026 l\u00e4chelte.",
            "wordcount": "323",
            "chapter_release": "29.09.2014",
            "chapter_number": "7"
        },
        "8": {
            "text": "\u201eSie kommt nicht mehr\u201c, sagte Johanna. Ich stand an einen Baum gelehnt und schaute in den Wald. Sie musste kommen! Sie musste einfach! \u201eIch geh sie suchen\u201c, sagte ich. \u201eBleib, das lohnt sich nicht.\u201c- \u201eIch kann sie nicht zur\u00fccklassen.\u201c Ich schaute ihr ins Gesicht. Sie seufzte ergeben. Ich verabschiedete mich schnell von Anne und Jenny, dann sah ich noch nach Robin. Er schlief. Wenn er schlief, war er wehrlos. Vielleicht sollte ich\u2026 Nein! Erst Pii suchen, dann Robin killen. Guter Plan. Ich rannte in den Wald bis ich wieder an der Stelle war, an der ich sie das letzte Mal sah. Ab da lief in die Richtung, in die sie lief. Ich schaute mich um, aber ich konnte sie nirgendwo sehen. Langsam lief ich vorw\u00e4rts bis ich ein Platschen h\u00f6rte. Ich schaute auf den Boden und entdeckte einen zerfetzten K\u00f6rper. Man konnte kaum erkennen, wen es darstellte. Ich entdeckte die M\u00fctze von Pii. Ich wich zur\u00fcck. Beim Zur\u00fcckweichen rutschte ich aus und fiel in ihr Blut. Mir wurde schlecht. Tr\u00e4nen liefen mein Gesicht herunter. Ich verzweifelte. Ohne Pii fehlt uns etwas. Der Plan geht ohne sie nicht auf. Wer wird mir helfen Robin zu t\u00f6ten? Ich sah mich um. Niemand da. Es w\u00e4re nicht das erste Mal, dass ich diesen Gedanken hege. Diesen Wunsch k\u00f6nnte ich mir endlich erf\u00fcllen. Ich hatte sogar noch eine Waffe dabei. Andere h\u00e4tten sich Hilfe gew\u00fcnscht. Leute, die nach Hilfe fragen, sind nervig. Ich will nicht nervig sein. Verdammt! Es w\u00fcrde so oder so nicht mehr so werden, wie vorher. Es w\u00fcrde immer die Erinnerung bleiben und die Ver\u00e4nderung w\u00fcrde immer auffallen. Schei\u00dfe. Ich setzte an und dr\u00fcckte ab.",
            "wordcount": "276",
            "chapter_release": "29.09.2014",
            "chapter_number": "8"
        },
        "9": {
            "text": "Wir hatten ein Auto kurzgeschlossen, um in die Stadt zu gelangen. Wir machten halt und suchten mit Biologie-B\u00fcchern bewaffnet nach essbaren Pflanzen. Ich kam an einer kleinen Lichtung an. Am Rand standen viele B\u00fcsche und Str\u00e4ucher mit Beeren. Viele waren laut dem Buch essbar. Ich stopfte das Buch in meinen Rucksack und stopfte so viele von den Beeren in meine Tasche, wie hineinpassten. Ich a\u00df auch einige. Solche Beeren kannte ich aus den G\u00e4rten meiner Nachbarn. S\u00fc\u00dfe Himbeeren, s\u00e4uerliche Brombeeren, Walderdbeeren, Kirschen und solche Beeren, die rot waren, sie hatten ein kleines Loch unten, aus welchem der Kern zum Vorschein kam, und sie wuchs an einem Nadelgestr\u00e4uch. Sie schmeckten leicht bitter, doch sie stillten meinen Hunger. Nachdem sowohl Tasche, als auch der Magen mit Beeren voll waren, ging ich wieder zum Waldrand und wartete auf die Anderen. An das Auto gelehnt stand ich da und schaute gelangweilt durch den Wald. Niemand kam. Ich sah auch niemanden umher laufen. Langsam wurde ich m\u00fcde. Weil ich kaum noch stehen konnte, setzte ich mich in das Auto. Zu allem \u00dcbel wurde mir auch noch schlecht. Ich kotzte die Beeren aus dem Fenster auf den Boden. Mir war schlecht! Ich lehnte meinen Kopf gegen die Scheibe und sah, dass Daria aus dem Wald gerannt kam. Sie musste gesehen haben, wie ich gekotzt hab. \u201eAlles okay?\u201c, h\u00f6rte ich ihre Stimme verschwommen. Ich deutete auf den Rucksack. Sie durchsuchte ihn. Nach einigen Sekunden hielt sie eine Hand voll von diesen roten Beeren in der Hand. Erschrocken sah sie mich an. \u201eDas ist Eibe. Die Beeren sind hochgiftig!\u201c, rief sie. Durch meinen Schwindel h\u00f6rte ich es, wie durch Watte. Sie holte Wasser, das ich trinken sollte und versuchte mich wach zu halten. In mir gewann langsam die Panik die Oberhand. Als Daria das n\u00e4chste Mal Wasser holte, konnte ich nicht mehr widerstehen. Meine M\u00fcdigkeit \u00fcbermannte mich und ich schlief ein.",
            "wordcount": "315",
            "chapter_release": "29.09.2014",
            "chapter_number": "9"
        }
    },
    "title": "Dead End",
    "topic": "unspecified",
    "release": "\n29.09.2014\n\t\t\t\t\t\t",
    "author": "alittlebluebird"
}