{
    "tags": [],
    "chapcount": "5",
    "wordcount": "10.541",
    "chapters": {
        "1": {
            "text": "Dunkle Rauchschwaden bedeckten den Himmel, es roch nach \u0001 \u0002 seichter Windsto\u00df stie\u00df die Bl\u00e4tter der B\u00e4ume ab, wie die Druckwelle einer Bombe alles in ihrem \u0001 \u0002 sanken die Bl\u00e4tter wie Fassetten der Zeit auf den Boden \u0001 \u0002 leichtes rascheln verriet ihre \u0001 \u0002 ledernen Schuhe stachen hervor, von den Herbstlich gef\u00e4rbten \u0001 \u0002 Beine, einer zierlichen und sehr blassen Person vervollst\u00e4ndigten einen weiteren Teil des Eindrucks den sie \u0001 \u0002 ihre Armeeboots herum klaffte ein \u00fcbergro\u00dfer, alter rostiger Ring, der den Eindruck eines \u00fcbergro\u00dfen Armreifs hinterlie\u00df mit seinen \u0001 \u0002 anderen Schuh sah man nur wie etliche Schn\u00fcrsenkel ihn zuhielten, da sie unkoordiniert um diesen herum gewickelt waren. An der Seite des Schuhs klebte ein kleiner Anh\u00e4nger an einem der \u0001 \u0002 kleiner Karabinerhaken mit einem \u0001 \u0002 kleiner Talisman der ihr Gl\u00fcck schenken \u0001 \u0002 war da ja nicht gewesen bis zum heutigen \u0001 \u0002 Wunsch eines gr\u00f6\u00dferen \u0001 \u0002 Zierlichen Beine endeten auf der H\u00e4lfte der Oberschenkel, wo ein zerfledderter Jeansrock anschloss. Sonderlich seri\u00f6s sah er nicht aus, vermutlich war dieser mal dunkelblau gewesen, nun war er hellblau, der Stoff verscheuert, die Farbe \u0001 \u0002 kurze Rock verbarg eine zierliche H\u00fcfte und schloss an eine schmale Taille \u0001 \u0002 schwarzes Oberteil verdeckte den Torso, es verdeckte einen Arm und deren Schulter, die andere lag \u0001 \u0002 Armb\u00e4nder um ihrem Handgelenk klapperten mit jedem ihrer Schritte durch das trockene \u0001 \u0002 einem der Armb\u00e4nder war ein kleines Schwarzes Schleifchen. Eine Gabe eines guten Freundes, damit sie sich immer daran erinnerte wer sie \u0001 \u0002 verga\u00df wo sie \u0001 \u0002 verga\u00df wer sie \u0001 \u0002 verga\u00df wo sie \u0001 \u0002 andere Hand wurde von dem einen vorhandenen \u00c4rmel verdeckt, den das Oberteil \u0001 \u0002 Fingerspitzen schauten heraus, leichtes Zittern in der \u0001 \u0002 Schauer der ihr \u00fcber den R\u00fccken \u0001 \u0002 sch\u00fcttelte \u0001 \u0002 schwarzen, glatten Haare vielen wild und koordiniert \u00fcber ihre \u0001 \u0002, schwarze, Strohige \u0001 \u0002 Wind streichelte sie, schmiss sie immer umher, wie ein Blatt Papier im Wind, das diesem Treu \u0001 \u0002 in neue Richtungen, neue Ecken, neue \u0001 \u0002 Teil ihrer Haare bildeten einen Pony, der ihr gescheitelt, sofern der Wind es zulie\u00df im Gesicht herum \u0001 \u0002 verdeckte die hypnotisierensten Augen die man unter der Ozonschicht \u0001 \u0002 Augen, sie verschlangen einen gierig, wie eine schwarze Mamba ihre \u0001 \u0002 tief und unergr\u00fcndlich wie ein Schwarzes \u0001 \u0002 doch wollte man l\u00e4nger hinein sehen. Es \u0001 \u0002 unergr\u00fcndbare Tiefe verschlang einen mit Haut und \u0001 \u0002 war sich nie sicher, ob man nun fertig war oder noch weiter hineinsehen \u0001 \u0002 waren schwarz umrandet mit \u0001 \u0002 den wei\u00dfen Teil der Augen erkannte man das sie Asiatischer Herkunft \u0001 \u0002 doch nicht? Man war sich nie sicher, so kam man sofort zu der Auffassung das sie ein Europ\u00e4isch-Asiatischer Mischling \u0001 \u0002 Lippen waren fast so blass wie ihre Haut, die fasst schon kr\u00e4nklich wirkte, \u0001 \u0002 wie eine Blume zerbrechlich wirkte in der Bl\u00fcte ihrer \u0001 \u0002 waren ihre Lippen, zart, die Farbe einer Rose \u0001 \u0002 war \u0001 \u0002 Bild eines \u0001 \u0002 M\u00e4dchens das den Namen Max \u0001 \u0002 meisten kannten ihren vollen Namen nicht, die meisten wussten auch nix \u00fcber \u0001 \u0002 wussten so viel \u00fcber sie, wie der Brockhaus \u00fcber den Begriff Liebe \u0001 \u0002.Sie war wie der Geist der Zeit, mal da, mal \u0001 \u0002 hier, mal da, \u00fcberall und doch \u0001 \u0002 Zahn der Zeit war nicht vorhanden, die R\u00e4der drehten sich nicht, sie hatte sie gestohlen.\"Max... Wo bleibst du?\" schallte die helle Stimme eines gro\u00dfgewachsenen Blonden Jungen.\"Ich komme doch!\" l\u00e4chelte sie und rannte, wobei sie immer wieder vergn\u00fcgt in den Laub \u0001 \u0002 packte sie, klemmte ihren Sch\u00e4del unter seinen Arm und verwuschelte ihre eh schon rebellischen Haare. Sie lachte; sie lachte als sei es das letzte in ihrem \u0001 \u0002 h\u00e4tte diesen Moment j\u00e4h tr\u00fcben \u0001 \u0002 dachten sie es bis zu jenem Zeitpunkt.\"SAM! lass das!\" lachte sie und raufte etwas mit ihm, w\u00e4hrend sie durch das Laub stolperten.\"Ich bin dein gro\u00dfer Bruder, das darf ich, das ist mein Vorrecht.\" lachte er \u0001 \u0002 schaffte es sich zu befreien aus dem Griff ihres gro\u00dfen \u0001 \u0002 war gro\u00dfgewachsen, schm\u00e4chtig und hatte diese sympathische \u0001 \u0002 Geschwister waren wie Tag und \u0001 \u0002 war immer rebellisch gewesen, aber vor allem f\u00fcrsorglich f\u00fcr seine kleine \u0001 \u0002 war immer neugierig und draufg\u00e4ngerisch gewesen ohne R\u00fccksicht auf \u0001 \u0002 eines verband sie \u0001 \u0002 Vertrauen und die Liebe gegen\u00fcber dem jeweils \u0001 \u0002 verstanden sich ohne Worte, wussten immer wie dem anderen zumute \u0001 \u0002 kalte Hand vergrub sie in seiner, ihre alten metallenen Armb\u00e4nder klapperten vor sich hin wie eine Grille an einem fr\u00fchen \u0001 \u0002 l\u00e4chelte der untergehenden Sonne entgegen. Sie tauschte sich selbst jeden Tag aufs neue gegen den Mond aus, das Licht sich gegen die d\u00fcstere \u0001 \u0002 ihren Schuhsohlen h\u00f6rte man das knistern des immer wieder aufs neue niedergetretenen Laubs. Kaum hatten sie die Allee verlassen betraten sie ein tristes Industrie Gebiet, kalte Mauern umgaben die ungleichen \u0001 \u0002 k\u00e4lte umgeben, mit Liebe gef\u00fcllt, die H\u00e4nde ineinander dr\u00fcckend sahen sie sich f\u00fcr den Bruchteil einer Sekunde \u0001 \u0002 kurzes Zucken im Mundwinkel verriet verqueres Wohlsein bei \u0001 \u0002 waren wieder Zuhause angekommen.\"Wir sind wieder da.\" schallte es durch das unfertige Geb\u00e4ude, durch das kahle Beton-\u0001 \u0002 ihnen eine Zelt aus Planen, das Licht im Inneren lie\u00df das Zelt wie einen Lichtw\u00fcrfel erscheinen, auf denen die beiden \u0001 \u0002 einem Handschlag \u00f6ffnete es sich und die befanden sich im \u0001 \u0002 war dieses angenehme Gef\u00fchl bei dem sich beide H\u00e4nde von einander l\u00f6sten und auf die umgedrehten Getr\u00e4nkek\u00e4sten \u0001 \u0002 l\u00e4chelte ihn \u0001 \u0002 waren Kinder der Stra\u00dfe, ohne Heim, ohne \u0001 \u0002 mit einem L\u00e4cheln auf dem \u0001 \u0002 mit Augen voller \u0001 \u0002 mit Herzen platzend vor Liebe.\"Wann ziehen wir weiter?\" fragte ihre zaghafte stimme ihren Bruder, w\u00e4hrend eine kalte Windb\u00f6e das Zelt f\u00fcr einen Moment in Bewegung versetzte.\"Ich bin mir nicht sicher. Ich hab da heute jemanden kennengelernt. Er hat mir geholfen die Kartons umzustapeln. Er macht einen Freundlichen Eindruck. Ich glaube wir bleiben noch.\" l\u00e4chelte er seine kleine Schwester \u0001 \u0002 arbeitete tags\u00fcber \u00fcberall und nirgends um etwas Geld zu \u0001 \u0002 nicht aufzufallen, tat er es wie Sch\u00fcler in Superm\u00e4rkten, \u0001 \u0002 lebten sie, zumindest reichte es f\u00fcr etwas zu \u0001 \u0002 zog sich eine Petroleum-farbene Sweatshirt Jacke dr\u00fcber und legte sich auf die alte \u0001 \u0002 Milben zerfressen, wie ihr Herz von \u0001 \u0002 sah ihr beim Einschlafen \u0001 \u0002 \u0001 \u0002 setzte seine Beine in Bewegung und tigerte durchs \u0001 \u0002 war immer noch der festen \u00dcberzeugung das er es nicht schaffen w\u00fcrde sie und ihn \u00fcber Wasser zu \u0001 \u0002 hatte ihm dieser Typ aus dem Supermarkt etwas erz\u00e4hlt, etwas nicht Legales, jedoch konnten sie davon in einem billigen Motel leben und m\u00fcssten nicht auf verlassenen Baustellen \u0001 \u0002 k\u00f6nnten menschlich Leben und m\u00fcssten nicht tags\u00fcber durch die Gegend \u0001 \u0002 oben war die Wahrscheinlichkeit h\u00f6her von Beamten erwischt zu werden als \u00fcberall \u0001 \u0002 wollte sie nur sch\u00fctzen, vor denen, vor dem was sie tun w\u00fcrden, vor den \u0001 \u0002 stieg diese Angst in ihm \u0001 \u0002 Angst sie zu verlieren, diese Angst sie nicht Besch\u00fctzen zu \u0001 \u0002 Grillen erhellten das Schweigen der \u0001 \u0002 Gl\u00fchw\u00fcrmchen erhellten die erstickende Dunkelheit der \u0001 \u0002 starrte er den Mond \u0001 \u0002 jenem Moment musste er \u0001 \u0002 war zu ersch\u00f6pft von dem Tag, sie schlief schnell ein, tief und \u0001 \u0002 den Sorgen von Sam, fern dieser Welt, fern jeglichen bedr\u00fcckenden \u0001 \u0002 der Angst, dass sie sie je finden \u0001 \u0002 dem wissen was sie ihr antun w\u00fcrden, w\u00fcrden sie sie \u0001 \u0002 w\u00fcrde sie das Gl\u00fcck erfahren zur Schule gehen zu k\u00f6nnen, niemals w\u00fcrde sie eine Wohnung haben d\u00fcrfen, sie w\u00fcrde immer auf der Flucht \u0001 \u0002 wieder preschte der eiskalte Wind der Nacht gegen die Planen des \u0001 \u0002 und immer \u0001 \u0002 sah sie noch kurz an, ehe er sich neben sie legte, R\u00fccken an \u0001 \u0002 Nacht endete mit dem Morgen, beide wurden durch Zwitschern geweckt.",
            "wordcount": "1.374",
            "chapter_release": "04.07.2010",
            "chapter_number": "1"
        },
        "2": {
            "text": "Als sie ihre Augen langsam \u0001 \u0002 sich schlagartig die \u0001 \u0002 Sonne schien gegen die milchigen Planen, Sam tat das was er immer tat sich umdrehen und \u0001 \u0002 Katzenaugen starrten ihn an. \u0001 \u0002 war anders. Sie war nicht immer so gewesen, sie wurde zu dem gemacht was sie heute \u0001 \u0002.Sie l\u00e4chelte kurz und verzog dann wieder die Augen bei dem hellen Sonnenlicht das sie fast schon so sehr blendete wie eine \u0001 \u0002 richtete sich auf, da es kein Bett war sondern nur eine Matratze auf dem kalten, nackten Betonboden waren die Beine lang \u0001 \u0002 rieb sich den Schlaf aus den \u0001 \u0002 tat es ihm gleich, winkelte die Beine liegend an und rieb sich erstmal das Gesicht. Als sie aufstand, nahm sie eine alte Plastik Flasche in die Hand die schon v\u00f6llig eingedr\u00fcckt war. Max \u00f6ffnete sie und kippte ihrem Bruder das Wasser in die Hand damit der sich damit das Gesicht waschen konnte; er tat das selbe f\u00fcr \u0001 \u0002.Ein Morgen wie jeder \u0001 \u0002 Sie, die verlorenen Kinder der \u0001 \u0002 Kinder die offiziell nicht \u0001 \u0002 durchw\u00fchlte ihre Seitentasche, die einer Schultasche zum verwechseln \u00e4hnlich war und kramte ihren Kamm und ihr Make up heraus und richtete sich an Sam seinem Rasierspiegel her, so wie jeden \u0001 \u0002 zog die frisch gewaschene W\u00e4sche an, die sie vom Vortag noch an hatte und in einem Waschsalon gewaschen hatte bevor sie sich wieder mit Sam getroffen \u0001 \u0002 Morgen aufs neue gingen sie sich ihr Fr\u00fchst\u00fcck bei einem Supermarkt holen der 24/7 ge\u00f6ffnet hatte, wie die Brust einer Mutter f\u00fcr ihr \u0001 \u0002 Morgen ein Milchbr\u00f6tchen f\u00fcr Max, ein belegtes Baguette f\u00fcr \u0001 \u0002 einzige Routine die es in dem Leben der zwei Stra\u00dfenkinder \u0001 \u0002 schmatze eifrig vor sich hin, w\u00e4hrend sie sich noch einmal ihren Schuh zu band mit dem Milchbr\u00f6tchen im Mund. \u201eWas denkst soll ich dir den Typen vorstellen von dem ich dir erz\u00e4hlt hab?\u201c fragte er durch das halb zerkaute Essen \u0001 \u0002 sah ihn kurz an und gab durch das Milchbr\u00f6tchen etwas vollkommen unverst\u00e4ndliches von \u0001 \u0002 verzog angestrengt das Gesicht. \u201eIch werte das als Ja.\u201c grinste er mit vollem \u0001 \u0002 lachte und schubste ihn leicht als sie sich wieder aufrichtete.\u201eDepp.\u201c gab sie frech von sich und machte sich an ihrem Fr\u00fchst\u00fcck zu \u0001 \u0002 war erst zarte 12 Jahre alt und kannte den harten Alltag auf der Stra\u00dfe in und \u0001 \u0002 Sam seine vorgesetzten nicht da waren, half sie ihm oft mit beim Einstapeln diverser \u0001 \u0002 konnte sie noch nicht tun, sie war zu jung und das w\u00e4re zwangsweise aufgefallen wenn so ein junges M\u00e4dchen arbeiten \u0001 \u0002 w\u00e4ren unangenehme Fragen aufgekommen, fragen die sie nicht h\u00e4tten beantworten \u0001 \u0002 die zu fatal gewesen w\u00e4ren f\u00fcr \u0001 \u0002 seinen Freund hatte sie noch nicht kennen gelernt, da sie ihm nicht die ganze Zeit helfen konnte. Wenn sie Freizeit hatte, ging sie in eines der Jugendzentren und \u00fcbte sich mit freiwilligen Mentoren diversen Kampfsportarten. Sie mochte diese Art von Sport, den sie musste sich schon jetzt gegen andere durchsetzen. Das war aufgrund ihrer Gr\u00f6\u00dfe und ihres Gewichts nicht Grade \u0001 \u0002 lie\u00df sie sich alles m\u00f6gliche beibringen was ihr helfen \u0001 \u0002 es Karate oder Judo war, sie lernte es \u0001 \u0002 diesen Programmen versuchte man aggressive jugendliche von den Stra\u00dfen zu bekommen oder sie davon abzuhalten Straftaten zu \u0001 \u0002 sie war es praktisch, sie lernte etwas und schlug Zeit \u0001 \u0002 waren hier noch viele engagierte Leute die ihr in anderen St\u00e4dten auch schon lesen und schreiben beigebracht hatten und auch andere Dinge, die man sonst nur in der Schule \u0001 \u0002 Ort, den sie nicht besuchen \u0001 \u0002 war nicht dumm und lernte sehr schnell dazu, ob es ums Leben ging oder um Dinge wie \u0001 \u0002 Endeffekt war sie auf dem schulischen geistigen Stand einer 11 \u0001 \u0002 Unterschied war nicht so gravierend als das es schlimm gewesen w\u00e4re, ihre geistige Reife in Hinsicht Leben war jedoch auf dem stand eines 18 J\u00e4hrigen und das war f\u00fcr jemanden ihres Alters sehr \u0001 \u0002 im Leben glich sich \u0001 \u0002 auf eine Andere Art und Weise.\u201eMusst du heute wieder um 2 hin?\u201c fragte sie mit ihrer zarten Stimme.\u201eJepp\u201c erwiderte Sam mit einer Kreuzigen Stimme.\u201eUnd wann willst du mir diesen Typen vorstellen?\u201c gab sie von sich mit dieser interessierten Stimmlage.\u201eIch glaub er geht heute um 10 wieder in den Waffenladen an der Elm-Street.\u201c erl\u00e4uterte er.\u201eGehen wir dann auch hin?\u201c piepste \u0001 \u0002 kleines nicken best\u00e4tigte sie. Eine kurze Geste mit der Hand und sie wusste das sie nun weiter gehen \u0001 \u0002 musste hier wieder weg, damit sie nicht \u0001 \u0002 ganzes Leben bestand daraus nicht \u0001 \u0002 weg, nicht zu lang bleiben, ja nicht \u0001 \u0002 im Schatten der anderen \u0001 \u0002 hatten beide immer genug Zeit um sich auszutauschen, zumindest taten sie es \u0001 \u0002 waren ein eingespieltes Team, in jeglicher Hinsicht, ob es um Flucht, oder andere Situationen ging, sie glichen sich aus, wie Ying und \u0001 \u0002 Seiten einer \u0001 \u0002 folgte ihrem Bruder oft auf Schritt und Tritt, immer so unauff\u00e4llig wie nur irgendwie \u0001 \u0002 beobachtete sein Verhalten immer eingehend, und wusste auch oft was in dem Kopf ihres Bruders \u0001 \u0002, kalte Fingerspitzen ber\u00fchrten die rauen Handfl\u00e4chen des Jungen \u0001 \u0002 umschloss sie und w\u00e4rmte sie. Sie \u00e4hnelten sich rein \u00c4u\u00dferlich kaum, doch innerlich glichen sie \u0001 \u0002 gingen sie zu dem Laden auf der Elm-\u0001 \u0002 dr\u00fcckte ihre Hand fester, er war etwas nerv\u00f6s, das war erst das 3 mal das er ihn \u0001 \u0002 der Typ hatte etwas ziemlich komisches an sich, er war sehr gro\u00df, und einer seiner Oberarme war so Breit wie die Taille seiner \u0001 \u0002 Waffenladen war alt und heruntergekommen. Genauso wie dieser Teil der \u0001 \u0002 Putz br\u00f6ckelte wie Schnee vom Himmel, von den \u0001 \u0002 urspr\u00fcngliche Farbe der W\u00e4nde konnte man auch nicht mehr ausmachen, durch die ganzen Graffities \u0001 \u0002 dem Fenster waren Metallene St\u00e4be um sich vor ungebetenen G\u00e4sten \u00fcber Nacht zu \u0001 \u0002 in dieser Gegend sehr voraus-schauend \u0001 \u0002 Fenster waren d\u00fcnn, alt und zum Teil angelaufen. Die br\u00e4unliche Farbe der Fenster R\u00e4nder erinnerte Max zunehmend an eine ihrer Fr\u00fcheren Behausungen, zumindest das wo sie sich eingefunden hatten, beziehungsweise, sie hatten es einfach so \u0001 \u0002 standen in der Gasse neben dem Laden, diese Trennte den zwielichtigen Waffenladen von den anderen H\u00e4usern. Hier war es noch k\u00e4lter als auf den Stra\u00dfen und die Dunkelheit verschlang hier alles. Wirklich \u0001 \u0002 merkte die Anspannung ihres Bruders sofort und dr\u00fcckte kurz \u0001 \u0002 drehte sich mit einem \u00fcberraschten Gesichtsausdruck um. \u0001 \u0002 l\u00e4chelte auf eine Art und Weise die einen immer wieder \u0001 \u0002 Junge M\u00e4dchen besa\u00df ein l\u00e4cheln das einem das Unheimliche Gef\u00fchl schenkte, das immer einer da war f\u00fcr einen, man Geliebt \u0001 \u0002 l\u00e4chelte kurz zur\u00fcck, f\u00fcr wenige Sekunden viel eine Last von seinen \u0001 \u0002 merkte es und schmunzelte \u0001 \u0002 lehnten gemeinsam an der Seitenwand des Hauses, halb in der Gasse \u0001 \u0002.Bis er erschien. Er war gro\u00df, Pechschwarz. Er hatte ziemlich harte Gesichtsz\u00fcge und einen kurzen stoppeligen Haarschnitt, fast schon wie ein \u0001 \u0002 linste aus dem Augenwinkel zu Sam und merkte das dieser Gro\u00dfe, fast schon Furcht einfl\u00f6\u00dfende Kerl, der war auf den sie \u0001 \u0002 setzte seine F\u00fc\u00dfe die wie Fest gefroren waren in Gang.\u201eHey\u201c er hob kurz angebunden die Hand zur \u0001 \u0002 Gro\u00dfe Kerl hob h\u00f6flich die Hand, zur\u00fcck Gr\u00fc\u00dfend.\u201eDu hasts dir also \u00dcberlegt.\u201c erwiderte er. Er hatte eine Raue, fast schon donnernde \u0001 \u0002 er diese Einmal erhob, so dachte Max, dann w\u00fcrde es wie bei einem Gewitter \u0001 \u0002 in den ersten Sekunden in den sie ihn Musterte bekam sie viel, sehr viel, \u0001 \u0002 zuletzt wegen seiner Gr\u00f6\u00dfe und diesen Monstr\u00f6sen Oberarme. Er war ziemlich gut \u0001 \u0002 was auch immer...Er trug eine blue-Jeans und ein rotes T-Shirt mit einem gecrushten Aufdruck, da hatte einer seine W\u00e4sche falsch gewaschen. Erst hatte er Sam angesehen, zumindest so lange bis er bemerkte das sich etwas hinter dem Jungen Mann versteckte. Ihr Kopf schaute hinter dem schmalen Kreuz ihres Bruders heraus. Sie hatte ihn schon die ganze Zeit betrachtet und sich ihre Gedanken zu ihm Gemacht. Und nun bemerkte er \u0001 \u0002 gro\u00dfen Augen betrachtete er sie und legte seinen gro\u00dfen K\u00f6rper in eine Schieflage um besser das sehen zu k\u00f6nnen was sich hinter seinem jungen Freund versteckte. Dann sah er wem diese Kleinen Schwarzen Augen und der PechschwarzeHaarschopf geh\u00f6rten. Er hob eine Augenbraue. \u00dcberlegte, ob es vielleicht Sam seine Freundin war, den sie sahen sich nicht wirklich \u00e4hnlich.\u201eDeine Freundin?\u201c fragte er, wobei er sich schon dachte, warum ein so jung aussehendes M\u00e4dchen bei ihm war. Sie war viel zu jung. Zumindest ging ihm dieser Gedanke durch den \u0001 \u0002, sie hielten H\u00e4ndchen. Und verwandt sahen sie nicht im geringsten \u0001 \u0002 l\u00e4chelte freundlich.\u201eDas ist meine kleine Schwester, Max.\u201c erwiderte er auf die gestellte Frage \u0001 \u0002 kam hinter ihrem gro\u00dfen Bruder hervor und l\u00e4chelte h\u00f6flich, wobei sie ihm die Hand reichte.\u201eHi\u201c sie war jung, sah auf den ersten Blick so naiv aus, vielleicht auch unschuldig. Den sie war \u0001 \u0002 reichte ihr seine Rabenschwarze Hand. Die Hand, die ihr Ende bedeuten w\u00fcrde, nur wusste sie es \u0001 \u0002 wusste es \u0001 \u0002 er sie eingehend gemustert hatte, sah er wieder Sam an \u201eDu bist dir sicher?\u201c fragte er mit einer ernsten Miene. Wobei er gar steinerne Gesichtsz\u00fcge an den Tag \u0001 \u0002 nickte mit sicherer Miene. \u201eIch bin dabei.\u201c damit besiegelte er, das Leben seiner Schwester und das Seinige.\u201eWir haben nix, Wir sind niemand, Wir sind Geister, Wir sind Fl\u00fcchtig, Wir sind non-existent, Wir haben nix zu verlieren, Wir k\u00f6nnen nur gewinnen.\u201c hatte Sam mit einem fast schon melancholischem Gesichtsausdruck \u0001 \u0002 reichte er ihm die Hand. \u201eIhr seit dabei. Euer Leben wird sich \u00e4ndern.\u201c er l\u00e4chelte.\u201eIch hei\u00dfe Terance. Jack Terance. Aber ich werde hier, \u00fcberall, eigentlich nur Black Jack genannt.\u201c lachte er charismatisch und legte dann den Kopf verlegen schief wobei er sich an den Hinterkopf fasste \u201eIch hab ne Schw\u00e4che f\u00fcrs Spiel.\u201cEr wirkte auf einmal viel weniger gef\u00e4hrlich auf Max. Als h\u00e4tte er mit dieser Geste, ihren ersten Eindruck weggewischt. Der ihr zur Vorsicht geraten hatte. Sie zur permanenten Aufmerksamkeit \u0001 \u0002 deutete mit einem l\u00e4cheln und einer Freundschaftlichen Geste auf die T\u00fcr des \u0001 \u0002 gingen zu 3 rein, wobei beim \u00f6ffnen der T\u00fcr ein Glockenton ert\u00f6nte, ein L\u00e4uten. Altmodisch, aber es hatte einen gewissen Charme. Max sah beim durchgehen als erstes auf die Glocke, diese hatte ihre ungeteilte Aufmerksamkeit, sie hatte so etwas schon ewig nicht mehr gesehen; \u0001 \u0002 gro\u00dfer Bruder lie\u00df keine Sekunde ihre Hand los, was auch passierte, er w\u00fcrde auf sie Aufpassen; \u0001 \u0002 es auch kostete, und grade hatten sie den Preis daf\u00fcr um einiges \u0001 \u0002 er das Klingeln wahr nahm kam er aus dem Hinterraum hervor, in die \u0001 \u0002, waren Waffen ausgestellt, hinter Glask\u00e4sten, die nochmals mit Stahlgittern gesichert waren, damit sie keiner raus nahm/stahl und auf dumme Gedanken \u0001 \u0002 betrachtete alles, es war Kalt, hier war nichts pers\u00f6nliches. Eine Kalte \u0001 \u0002 dem Tresen, auf dem eine alte Rostige Kasse stand waren Plakate an der \u0001 \u0002 dem einen sah man einen Soldaten der durch einen Sch\u00fctzengraben kroch und in die Kamera zwinkerte mit einer Shotgun in den Armen haltend. \u201eSch\u00fctze dein Land\u201c war die Parole des \u0001 \u0002 die Kauf Aufforderung sich eine Shotgun zu \u0001 \u0002 weiteres was daneben klebte zeigte einen Familienvater der eine Handfeuerwaffe trug und den Daumen zeigte mit einem kommerziellen l\u00e4cheln im Gesicht und einer gl\u00fccklichen vorzeige Familie im Hintergrund die lachte. \u201eSch\u00fctze was dir wichtig ist!\u201c.'Was f\u00fcr ein desillusioniertes Denken' ging es Max beim betrachten dieser Poster durch den \u0001 \u0002 jenem Moment hatte sie einen eiskalten Blick, beim ansehen der leeren \u0001 \u0002 wollte man einem Schaden, dann sch\u00fctzte einen keine Waffe der Welt, den er bekam was er wollte und sie wusste es. Waffen waren daf\u00fcr da um bei schw\u00e4cheren den Eindruck zu erwecken, das es so etwas wie Kontrolle gab.'Kontrolle ist nichts weiter als eine Illusion' spann sie ihren ersten Gedanken weiter.",
            "wordcount": "2.057",
            "chapter_release": "04.07.2010",
            "chapter_number": "2"
        },
        "3": {
            "text": "Dann betrachtete sie die Gestalt die sich vor den Postern hinter dem Tresen \u0001 \u0002 l\u00e4chelte h\u00f6flich und dr\u00fcckte kurz die Hand von ihrem Bruder der immer noch seine Umgebung analysierte mit \u0001 \u0002 l\u00e4chelte ebenfalls freundlich \u201eHi, ich bin Sam\u201c er reichte seinem Gegen\u00fcber die \u0001 \u0002 ergriff sie, riss Sam mit einem Hieb fast \u00fcber den Tresen und betrachtete ihn, wobei sich die Gesichter extrem nah waren. Der H\u00e4ndedruck brach Sam fast die Hand, wobei er sich versuchte nichts anmerken zu \u0001 \u0002 Geschwister wussten das man in dieser kalten Welt keine Schw\u00e4che zeigen \u0001 \u0002 war nur \u0001 \u0002 griff schnell ein, und so schnell wie er die beiden getrennt hatte, hatte Max nicht reagieren k\u00f6nnen. Sie war schlie\u00dflich von dem Ruck mitgerissen worden und starrte die Gestalt hinter dem Tresen eiskalt an. Und dann, ein erneuter Ruck als Black die 2 trennte.\u201eEs reicht.\u201c donnerte seine Stimme, durch den Raum. Max gingen diese 2 simplen Worte durchs Knochenmark, sie hatte ihn doch richtig eingesch\u00e4tzt. Zumindest in der Hinsicht.\u201eEr ist in Ordnung. Sie auch. Sie sind dabei.\u201c entgegnete er der Zwielichtigen \u0001 \u0002 lockerte ihre Haltung schnell \u0001 \u0002 Gestalt, oder das was sie nicht hatten so schnell identifizieren k\u00f6nnen, war ein alter \u0001 \u0002, ledrige Haut, Augen ringe so gro\u00df wie Hulla-Hub reifen, Gelbe Z\u00e4hne und knochige d\u00fcnne Finger. Sam und Max betrachteten ihn eingehend, wobei sie beide synchron entschieden das sie sich so gut es ging, von ihm distanzieren \u0001 \u0002 war ihnen nicht wirklich geheuer.\u201eAch so ist das\u201c grinste er wobei er seine vergilbten Z\u00e4hne \u0001 \u0002 und Max l\u00e4chelten \u0001 \u0002 ging weiter in Richtung Hinterr\u00e4ume, welche durch einen Perlen-Vorhang von den Verkaufsr\u00e4umlichkeiten getrennt wurden. \u201eKommt\u201c l\u00e4chelte er \u0001 \u0002 Alte Greis folgte ihnen, das ungleiche Geschwister paar war eingekeilt, vorne Black, hinter ihnen der Alte. Sie kamen in ein riesiges Lager, \u00fcberall Holz-Kisten, einige frisch eingeschifft, Illegal verstand sich. Um das zu wissen mussten die Zwei nicht \u0001 \u0002 blieb stehen in der Mitte der doch recht gro\u00dfen \u0001 \u0002 alter Holztisch stand hier und 4 St\u00fchle, 2 weitere standen weiter weg.\u201eIch will dir nun sagen worauf du dich einl\u00e4sst. Oder eher EUCH.\u201c sagte er und gab ihnen mit einer simplen Geste zu verstehen das sie sich setzen sollten. Sie taten wie ihnen angeboten.\u201eWir sind kein Kindergarten! DAS solltest du dir merken. Wenn es Probleme gibt, kann es euch im schlimmstenfalls das Leben kosten, das was wir tun, ist nicht legal, hier gibt es keinen der dir Helfen kann wenn es Hart auf hart kommt. Ihr seit auf euch gestellt, wir handeln mit Waffen, illegalen Waffen, Sprengk\u00f6pfen, Handgranaten.\u201c er unterbrach seine Worte kurz und sah in Richtung Laden.\u201eDas da vorn, das ist Kinderspielzeug, im Gegensatz zu dem mit dem wir handeln. Versteht ihr das?\u201c fragte er und musterte die beiden und ihr Verhalten gut. Sehr \u0001 \u0002 und Max sahen ihn ernst, mit einem hauch K\u00e4lte in den Augen \u0001 \u0002 sprach Max zum ersten mal \u201eWir m\u00f6gen wie Kinder aussehen\u201c begann sie mit einer K\u00e4lte in der Stimme die einen f\u00fcr den Bruchteil einer Sekunde gefrieren lie\u00df.\u201eAber wir sind es l\u00e4ngst nicht mehr.\u201c beendete sie was sie \u0001 \u0002 Worte, viel Wahrheit. Viel \u0001 \u0002 starrte die Zwei an, wenig Anteilnahme, doch hatte ihn die Art und was sie sagte Geschockt. Eine 12 j\u00e4hrige sollte nicht so reden. Die kleine war keine Kleine mehr, die war weitaus erwachsener als einige anderer die er \u0001 \u0002 musste l\u00e4cheln. \u201eDann seid ihr die Richtigen f\u00fcr dieses Business.\u201c\u201eIhr steigt nicht sofort ein, ihr werdet eine Zeit so arbeiten f\u00fcr uns, Helfen, dies, das.\u201c sagte \u0001 \u0002 sah ihn Sam mit forschenden Blicken an \u201eWer ist uns?\u201c fragte er ruhig.\u201eDas erf\u00e4hrst du wenn du es schaffst.\u201c sagte er mit ernster \u0001 \u0002 stand er auf und ging zu dem alten Schreibtisch der mindestens 10 Jahre auf dem R\u00fccken hatte und knarrte wo er nur \u0001 \u0002 \u00f6ffnete er die mittlere Schublade und holte 2 Handys raus die er den Zweien reichte.\u201eWenn irgendwas ist, oder wir euch brauchen, dann werden wir uns bei euch Melden. Ihr seit nicht befugt die Handys f\u00fcr pers\u00f6nliche Zwecke zu nutzen oder einen von uns anzurufen.\u201c erkl\u00e4rte er ruhig w\u00e4hrend er die Karten im inneren \u0001 \u0002 l\u00e4chelte \u201eAuf gute Zusammenarbeit.\u201c er reichte ihnen die Hand. Sam sch\u00fcttelte sie verbindlich, fester H\u00e4ndedruck, aussagekr\u00e4ftig f\u00fcr \u0001 \u0002 hatten ihre Seelen an den Teufel verkauft. \u0001 \u0002 was spielte das schon f\u00fcr eine Rolle? Sie waren eh verloren, Kinder der \u0001 \u0002 w\u00fcrde ihnen hinterher Trauern den keiner wusste um ihre \u0001 \u0002 die, die um die Existenz wussten, w\u00fcrden alles tun um sie auszul\u00f6schen wenn sich ihnen eine M\u00f6glichkeit bieten \u0001 \u0002 verlie\u00dfen, sich an den H\u00e4nden haltend den Laden und sahen sich vor der T\u00fcr kurz \u0001 \u0002 l\u00e4chelte kurz, ehe beide von der Bildfl\u00e4che verschwanden, wie ein Bleistiftstrich von einem Blatt Papier das Grade Bekanntschaft mit einem Radiergummi \u0001 \u0002 sah den alten Mann an.\u201eEndweder sie sterben bevor es losgeht. Oder sie werden wertvoll f\u00fcr uns Werden.\u201c er hatte die Arme vor der Brust verschr\u00e4nkt als er das \u0001 \u0002 Alte lachte ver\u00e4chtlich \u201eSie haben sich gut unter Kontrolle, ich hab keine Angst gesehen. Sie kennen die Regeln auch ohne das wir sie ihnen erkl\u00e4ren. Wenn sie nicht dumm handeln werden sie weit kommen.\u201c analysierte er die \u0001 \u0002 er hatte recht. Max und Sam kannten die Regeln, sie kannte alle Spielregeln des Lebens, In- und \u0001 \u0002 Sam arbeitete sa\u00df Max auf einer der B\u00e4nke in dem Jugendzentrum und kramte das Handy \u0001 \u0002 betrachtete es, ging noch mal gut durch im Kopf was ihr Pakt bedeutete. Sie wusste gut, worauf sie sich eingelassen hatte, und wenn sie vorsichtig w\u00e4ren, w\u00fcrden sie ein besseres Leben \u0001 \u0002 l\u00e4chelte und steckte es schnell wieder weg, damit keiner es ihr abnehmen \u0001 \u0002 lernte sie, neues, wissenswertes. Es half ihr nicht in dem was ihr Leben darstellte, jedoch k\u00f6nnte es nicht \u0001 \u0002 Geschwister lebten ihr Leben nach wie vor weiter, jeden Tag, als w\u00e4re nichts \u0001 \u0002 war nichts passiert, zumindest merkte man nichts, sie hatten lediglich den Pakt mit dem Teufel, mit ihrem Blut \u0001 \u0002 und Sam sa\u00dfen sich am Abend gegen\u00fcber und blickten sich verfroren in die Augen.\u201eWar das wirklich eine gute Idee?\u201c fragte sie ihn ruhig, jedoch ohne ihn anzugehen oder seine Entscheidung in Frage zu stellen.\u201eWas haben wir zu verlieren?\u201c fragte er sie und verschr\u00e4nkte ruhig die Arme.\u201eUns, unser Leben.\u201c sie blickte ihn an.\u201eWir haben eigentlich kein Leben, wir existieren nicht. Und WENN, sie uns finden, endet es genauso wie, dann bei einem Deal. D\u00fcrfen wir uns nicht ein w\u00fcrdiges Leben w\u00fcnschen?\u201c erwiderte er \u0001 \u0002 l\u00e4chelte lieb \u201eDu hast recht. Warum sollen wir nicht das Leben nicht etwas genie\u00dfen, wir k\u00f6nnten eh nie etwas offizielles machen...\u201cSam sah sie tr\u00f6stend an \u201eDu kannst nichts daf\u00fcr. Das wei\u00dft du.\u201c er ging mit diesen Worten auf sie zu und nahm sie in die Arme, eine Hand auf ihren R\u00fccken die andere auf die R\u00fcckseite ihres \u0001 \u0002 bahnten sich ihren Weg \u00fcber ihr Gesicht. Es war Hart. Das Leben \u0001 \u0002 endeten. Tage \u0001 \u0002 wie alle anderen \u0001 \u0002 Handys klingelten Synchron. Gleichzeitig wurde abgehoben.\u201eJa?\u201c ert\u00f6nten die Stimmen der Geschwister.\u201eAltes Hafenpier. SCHNELL!\u201c gellte es ihnen jeweils \u0001 \u0002 hatten gerade ihr Abendbrot zu sich enommen. Sie sahen sich an. Kurzes \u0001 \u0002 \u0001 \u0002 Geschwister waren schnell vor Ort. Was sie erblickten lie\u00df sie im ersten Moment \u0001 \u0002 Zweiten stieg ihnen der widerlich, eisenhaltige Geruch von Blut in die \u0001 \u0002 Punkt Zwei konnten sie sich denken das es Tote gab, es war zwar nicht das erste mal das sie welche sahen, aber es war nie \u0001 \u0002 bewegten sich vorsichtig, einander abschirmend, schleichend. Hielten Kontakt per Zeichensprache und sie verstanden sich und ihre \u0001 \u0002 sahen eine Gruppe von dunkel gekleideten M\u00e4nnern stand da, fixierte Black und den Alten mit einer Waffe. Um die Zwei herum, lagen 5 Tote M\u00e4nner und eine Frau, die aussah wie eine Leichte \u0001 \u0002 musterten genau die Gruppe. Es waren 4 St\u00fcck, gro\u00df, schm\u00e4chtig, nur einer von Ihnen hatte die Statur die auch Black vorwies. Er lag da, atmete hechelnd, aber er lebte definitiv, im Gegensatz zu den 5 Leichen um ihn herum. Hier war etwas schief gelaufen bei einem \u0001 \u0002 versteckten sich hinter einem Laster der beladen war mit H\u00f6lzernen Kisten. Eine von ihnen war offen, wahrscheinlich um die Ware zu pr\u00fcfen. Max und Sam blickten sich kurz an und \u0001 \u0002 wusste was zu tun war, sie nahmen sich Waffen, Sam eine MG, Max eine Shotgun mit \u0001 \u0002 schlichen sich im Schatten des Lasters an und da standen sie, Max links von der 4 Mann starken Gruppe, Sam rechts. Beide zielten auf die \u0001 \u0002 ert\u00f6nte Sam seine Stimme, rau, bestimmend, laut.\u201eAn ihrer Stelle w\u00fcrde ich die Waffe ganz schnell runter nehmen, ansonsten f\u00fchle ich mich gezwungen abzudr\u00fccken.\u201c die 4 drehten die K\u00f6pfe schlagartig um und starrten ihn an. Als sie merkten das er ein Kind war, ungl\u00e4ubig. \u201eEin Kind?\u201c dann sah er zu dem alten Grei\u00df hin\u00fcber.\u201eSeit wann heuert ihr Kinder an?\u201c fragte er fast schon \u0001 \u0002 ert\u00f6nte Max ihre Stimme, den sie fixierten nur Sam, sie hatten sie noch nicht gesehen.\u201eIch hab hier ne Shotgun in der Hand, geladen mit einem groben Streugeschoss. Ein einziger Schuss. Einer. Und ich treffe euch alle.\u201c Okay, damit hatte keiner gerechnet. Zwei Kinder, und beide hielten die Waffen so, das sie jederzeit abdr\u00fccken konnten. Sie hielten die Waffen nicht wie Kinder, so hielten nur Leute Waffen, die schon mal abgedr\u00fcckt hatten und wussten wie es funktionierte. Sams stimme ergriff wieder Partei \u201eRunter mit den Waffen. UND DU! Das Messer bitte auch. Schiebt die Waffen zu ihr r\u00fcber.\u201c es war ein Guter Zug, den so hatte er sie im Visier und entwaffnete sie. Das was an der Sache wirklich interessant war, er hatte das Messer gesehen, dabei trug der Mann es unter seiner Jacke. Max und Sam hatten ein Auge f\u00fcr so etwas, sie bemerkten solche Dinge schnell. Sie bemerkten Gefahr schnell, sie hatten daf\u00fcr einen sehr ausgepr\u00e4gten \u0001 \u0002 Alte sah sie schockiert an. Damit hatte er nicht gerechnet, er hatte sie als Sanit\u00e4ter \u0001 \u0002 merkte man, das eine Last von ihm ab viel. Damit hatte er nicht gerechnet, er hatte nicht damit gerechnet das sie so schnell da waren, das sie so gute Reflexe hatten, taktisch \u0001 \u0002 dachte sie w\u00fcrden ankommen wenn die 4 weg waren, er tot. Doch retteten sie gerade sein \u0001 \u0002 nickte kurz als alle Waffen bei ihr angekommen waren und Sam nickte dem Alten \u0001 \u0002 nahm eine Waffe und streckte ohne zu z\u00f6gern die 4 nieder, mit den Worten \u201eDas war euer letzter Fehler.\u201c lautes knallen, immer und immer wieder. Max hielt sich kurz das Geh\u00f6r, sie war in dieser Hinsicht sehr \u0001 \u0002 Alte l\u00e4chelte nach seinem Blutbad zufrieden, damit hatte er seine Kameraden \u0001 \u0002 konnten sie in Frieden ruhen. Ihr Blut war \u0001 \u0002 und Sam legten die Waffen nieder, um ihn in keinster weise zu Provozieren und damit rannte sie auch schon auf Black zu, dieser schien vollkommen benebelt zu \u0001 \u0002 hatte mehrere Schusswunden und verlor zu viel Blut, Max hatte sich \u00fcber ihn geb\u00e4ugt um den Schaden abzuw\u00e4gen. Sie nahm ihre Kapuzenjacke und dr\u00fcckte sie auf seine Schusswunden um die Blutung etwas zu stoppen, sie sah Sam hektisch an. \u201eWenn wir nicht dringend einen Arzt finden schafft er das nicht mehr.\u201c Sam nickte und sah dann den Alten an, der ebenfalls die Schaden abwog und sich seinen geplatzten Deal ansah. Jedoch schaute er auch die Zwei an, sie waren gut gewesen, es war keine Fehlentscheidung gewesen sie zu einen von ihnen zu \u0001 \u0002 er es nicht getan, w\u00fcrde er jetzt nicht mehr Atmen. Sie hatten, wie Black es schon gesagt hatte, ein au\u00dfergew\u00f6hnlich gutes Gesp\u00fcr und kannten die Regeln, und nach diesen spielten sie auch.\u201eErledigt das bitte.\u201c sagte er. \u201eFalls er es nicht schafft, ruft ihr die Nummer auf dem Handy an.\u201c erkl\u00e4rte er. \u201eIhr m\u00fcsst hier weg, versorgt ihn, ich muss mich um das hier k\u00fcmmern.\u201c erwiderte er ohne sie anzusehen und warf ihnen ein kleines B\u00fcndel Geld \u0001 \u0002 blickte v\u00f6llig unkoordiniert und benebelt immer umher. Auf einmal tauchte sie auf, vor seinen Augen, sie l\u00e4chelte, auf diese umwerfende Art und Weise, so sanft, so warm. Er schnappte immer wieder nach Luft, jedoch konnte er nicht aufh\u00f6ren sie anzusehen. Max st\u00fctzte sich mit ihrem ganzen Gewicht auf seine Wunden, wobei ihre Jacke vollgeblutet wurde. Sie sah ihn an als sie merkte das er sie anstarrte \u201eAlles wird wieder gut\u201c l\u00e4chelte sie und lachte komisch \u201eWir bringen das in Ordnung.\u201c gab sie von sich und schluckte kurz. Sam nahm das Handy und rief einen Arzt, einen den er kannte, von dem er wusste das er nicht reden w\u00fcrde, einer der auch Max und ihn \u0001 \u0002 praktizierte ohne Approbation jedoch war er gut, sehr gut. Er hatte sie verloren, als er etwas unethisches getan hatte. Keiner wusste was, es spielte auch keine Rolle, den er war gut, und redete \u0001 \u0002 bestellten ein Taxi, es kam schnell \u0001 \u0002 und Max schleiften Black zu einem Auto und steckten ihn rein. Es war ein Kampf so einen gro\u00dfen Kerl ins Auto zu \u0001 \u0002 wies ihn an in ein Motel am Stadtrand zu fahren. Dort angekommen, hievten sie ihn wieder raus, in ein Hotel. Sam sah den Fahrer an und gab ihm viel Geld, sehr viel \u201eSie waren nie dort, haben uns nie gesehen, und diese Fahrt get\u00e4tigt.\u201c sagte er mit eiskalten \u0001 \u0002 indischst\u00e4mmige Taxifahrer grinste und antwortete \u201eWer sind sie? Wo bin ich?\u201c Sam l\u00e4chelte eiskalt \u201eSehr gut.\u201c gab er \u0001 \u0002 Zwei tiegerten durch den Raum und starrten Black an der Bewusstlos auf dem Bett lag und es voll blutete. Skura tat das, was sie am besten konnte, Leben retten. Sie operierte in einer nicht sterilen Umgebung, einen Kerl den sie nicht \u0001 \u0002 sie den letzten Nadelstich tat um die Wunden zu schlie\u00dfen sah sie die Zwei an.\u201eEr wird wieder, aber er brauch Ruhe und muss das Auskurieren.\u201c sie betrachtete Max.\u201eWie geht\u2019s dir Kleines?\u201c sie kannten sich lange, seid Max dieses Leben f\u00fchrte, sie war die einzige die Max an sich ran lie\u00df. Sie l\u00e4chelte, auch weil sie sich freute sie wiederzusehen.",
            "wordcount": "2.415",
            "chapter_release": "04.07.2010",
            "chapter_number": "3"
        },
        "4": {
            "text": "\u201eGut, es tut nicht weh, nicht wenn ich sie drinnen lasse.\u201c antwortete \u0001 \u0002 erhob sich ruhig und packte ihre Sachen. Das erste mal in seinem Leben kam Sam auf sie zu und gab ihr Geld, viel Geld, zumindest f\u00fcr seine Verh\u00e4ltnisse. Skura nahm es und sah ihn an mit diesem schnippischen Blick \u201eIhr spielt also nun in einer anderen Liga mit. Passt auf euch auf.\u201c waren die letzten Worte ehe sie wieder so verschwand wie sie gekommen war, im \u0001 \u0002 Nebel des Highways. Zwischen all den Wagen und Trucks die ihr T\u00e4glich gut \u0001 \u0002 und Max blieben ebenfalls dort und passten auf Black auf, der immer noch bewusstlos dort auf dem Sch\u00e4bigen Bett lag. In dem Zimmer gab es Zwei Betten, auf eines setzte sie sich und sah Sam an. Sie verstanden sich ohne Worte, es war Heute knapp gewesen, es h\u00e4tte sie genauso gut ihr Leben kosten k\u00f6nnen. Dann l\u00e4chelten sie, den sie waren gut gewesen, und sie wussten \u0001 \u0002 wachten Tag und Nacht um ihren Kameraden, Tags\u00fcber musste Sam arbeiten, so das Max mit ihm alleine war und seine Wunden \u0001 \u0002 verband ihn T\u00e4glich mehrfach neu, gab ihm zu trinken, auch wenn das schwer war mit einem Mann der immer noch bewusstlos \u0001 \u0002 Tage hatte sie nicht mehr geschlafen und sich ununterbrochen um ihn gek\u00fcmmert, an seinem Fu\u00dfende stand ein Karton mit alten Verb\u00e4nden und diversen \u0001 \u0002 \u00f6ffnete die Augen, bei vollem Verstand, voller F\u00e4higkeit seine Schmerzen zu \u0001 \u0002 einem unergr\u00fcndlichen Grund war das nicht gut, seine Schmerzen voll wahrnehmen zu \u0001 \u0002 er erwachte und er sich dem Ausma\u00df seiner Verletzungen bewusst wurde sa\u00df Max an seinem Bett, sie l\u00e4chelte.\u201eWir haben dir schon Schmerzkiller gegeben, mehr geht nicht.\u201c l\u00e4chelte sie aufbauend.\u201eWas zur H\u00f6lle ist da alles passiert?\u201c fragte er benommen. Sie sah ihn verwirrt an \u201eHast du nix mehr mitbekommen?\u201c fragte sie ruhig. Er sch\u00fcttelte leicht seinen Kopf. \u201eWir sind aufgetaucht, haben sie entwaffnet und dann hat der Alte Mann sie alle Hingerichtet.\u201c antwortete sie mit einer gewissen K\u00e4lte in der Stimme. Er nahm es zur Kenntnis, aber vor allem hatte er sich gemerkt mit welcher K\u00e4lte sie dies gesagt \u0001 \u0002 M\u00e4dchen schien kein Problem mit dem Tot zu haben. In ihrem Alter sollte man das \u0001 \u0002 er sich versuchte zu setzen dr\u00fcckte sie ihn sanft wieder zur\u00fcck, was nicht schwer bei einem Kerl war der so durchsiebt wurde wie er. Normalerweise h\u00e4tte er sich noch aufsetzen k\u00f6nnen wenn sie auf ihm gesessen h\u00e4tte aber so, reichte das bisschen Kraft von ihr aus um ihn zur\u00fcck zu stupsen.\u201eDu musst noch liegen bleiben, die haben dir ziemlich \u00fcbel zugesetzt.\u201c l\u00e4chelte sie aufbauend.\u201eAber der Doc meinte das wird wieder!\u201c erhellte sie seine Stimmung \u201eNur ruhe brauchst du!\u201c sagte sie dabei merkte man erst wenn man sie ansah, das sie nicht geschlafen \u0001 \u0002 Tage lang war sie wach gewesen, es war f\u00fcr sie auch nicht das erste mal, das sie so lange durchziehen musste. Auf Fluchten musste sie l\u00e4nger durchhalten unter mehr Anstrengung.\u201eWie lange habe ich geschlafen?\u201c fragte er als er sie eingehend betrachtete. Sie sah ihn ruhig an und erwiderte \u201e2 Tage.\u201c er fixierte sie \u201eWarst du die ganze Zeit wach?\u201c sie l\u00e4chelte auf diese unheimlich Umwerfende Art wieder \u201eJepp!\u201c antwortete \u0001 \u0002 sie die neuen Verb\u00e4nde vorbereitete, betrachtete er sie die ganze Zeit, \u0001 \u0002, ein Flash back, er sah die letzten Minuten vor seinen Augen, die die er noch erlebt hatte bevor er vollends Bewusstlos geworden war. Sie l\u00e4chelte, warm, sanft und sagte ihm, alles w\u00fcrde wieder gut werden. In der Realit\u00e4t zur\u00fcck gekehrt, wurde er gerade von eiskalten Fingerspitzen ber\u00fchrt die sanft die Verb\u00e4nde \u0001 \u0002 ersten Moment hatte er sich erschreckt und kurz den Bach eingezogen, dann jedoch merkte er wie ihm der Schmerz ins Gehirn schoss, wie eine \u0001 \u0002 l\u00e4chelte etwas gequ\u00e4lt \u201eIch muss das machen damit sich das ganze nicht infiziert mit Bakterien\u201c sagte sie mit einem beschwichtigenden Ton in ihrer \u0001 \u0002, er lie\u00df es mit sich machen. Er starrte sie an, w\u00e4hrend sie sanft mit den Fingern \u00fcber seinen Oberk\u00f6rper glitt, die Wunden achtsam versorgte und ihn dabei immer wieder so beschwichtigend ansah. \u201eIch wei\u00df das tut weh\u201c sagte sie als sie seinen Blick bemerkte \u201eAber daran merkt man das man noch am Leben ist.\u201c l\u00e4chelte sie verlegen.\u201eUnd das ist ein gutes Zeichen.\u201c schmunzelte \u0001 \u0002 den Zwei Tagen die sie durch gezecht hatte hatte sie sich von Sam andere W\u00e4sche bringen lassen und sich in ruhe Geduscht. Sie trug kurze Socken, eine knie lange Jeans und ein schlichtes T-shirt mit der Aufschrift \u201eDu mich auch!\u201cAlles in allem sah sie ganz normal aus, wie jeder andere Teen \u0001 \u0002 noch starrte er sie an bei allem was sie tat. Noch nie hatte ihn jemand auf diese verdammte Art angel\u00e4chelt. Nicht \u0001 \u0002 gab einem das Gef\u00fchl das immer einer da war. Egal was man tat oder wo man \u0001 \u0002 geborgenes Gef\u00fchl vermittelte es.\u201eWarum tust du das alles?\u201c fragte er dann als er sie \u0001 \u0002 machte noch den letzten Verband fertig und starrte ihn an.\u201eWas meinst du?\u201c fragte sie vorsichtig und versuchte ihren Blick abzuwenden indem sie die alten Verb\u00e4nde in die Kiste an seinem Fu\u00dfende \u0001 \u0002 merkte es und lie\u00df trotzdem nicht von der Frage ab \u201eWarum du das hier f\u00fcr mich tust.\u201c gab er zur\u00fcck. Sie sah ihn an \u201eIch wei\u00df du h\u00e4ttest das selbe nicht f\u00fcr mich getan, aber ich denke keiner hat es verdient alleine Irgendwo im Nirgendwo zu sterben. Einsam.\u201c erkl\u00e4rte sie mit gesenktem Blick und holte etwas zu essen f\u00fcr ihn. Er ging nicht weiter auf die Frage ein und nahm die Antwort wie sie war, auch wenn er nur zu gerne Gewusst h\u00e4tte wieso eine 12 j\u00e4hrige so weit denkt, zumindest sch\u00e4tzte er sie auf das Alter, wenn nicht \u0001 \u0002 kam mit einem Milchbr\u00f6tchen wieder und reichte es ihm \u201eDu hast seit dem nichts gegessen. Ich konnte dir nur zu trinken geben\u201c erkl\u00e4rte sie ruhig. Er nahm es und a\u00df es \u0001 \u0002 hatte ein Buch dabei das sie las oder er versuchte den Inhalt f\u00fcr sich zu \u0001 \u0002 er a\u00df, sah er ihr dabei zu wie sie immer wieder einzelne Passagen markierte und wieder las. Er vermutete schon das sie nicht zur Schule ging, aber in diesem Business stellte man keine pers\u00f6nlichen Fragen, das war nun mal \u0001 \u0002 legte das Buch weg und l\u00e4chelte h\u00f6fflich \u201eSoll ich den Fernseher einschalten?\u201c gab sie piepsig von \u0001 \u0002 nickte still und beobachtete sie weiter. Die tat er den restlichen Tag, bis Sam hereinkam und gr\u00fc\u00dfend die Hand hob. \u201eWie geht es dir?\u201c fragte er. Black be\u00e4ugte ihn kurz und nickte \u201eEs geht, es muss gehen.\u201c wieder versuchte er sich aufzurichten, obwohl sie das Buch in der Hand hatte und las, sah sie es in ihrem Augenwinkel, sie sa\u00df schlie\u00dflich auf dem Bett nebenan. Ihr Fu\u00df kam hervor geschnellt, legte sich auf seine Brust, das sogar relativ sanft und dr\u00fcckte ihn \u0001 \u0002 auch nur eine Sekunde hoch zu schauen tat sie dies und erntete ein knurren seinerseits.\u201eDu sollst liegen bleiben.\u201c antwortete sie lediglich \u0001 \u0002 l\u00e4chelte beschwichtigend \u201eJa so ist sie halt\u201c fasste er sich verlegen an den \u0001 \u0002 Spielchen trieb sie ganze 3 Tage mit ihm und immer mehr knurrte er wenn sie ihn am Bett \u0001 \u0002, sie war ein Kind und er erwachsen, oder doch nicht? Sie verhielt sich wie eine erwachsene, klar, k\u00f6rperlich war sie es nicht, zumindest war sie grade erst in der \u0001 \u0002 Morgen sah er ihr zu, wie sie ihre Haare k\u00e4mmte, sich schminke. Sie zog sich immer im Badezimmer um deshalb konnte er das nicht mehr sehen. Jedoch studierte er sie eingehend, ihr verhalten, was sie tat, wie sie es tat. Sam blieb auch \u00fcber Nacht in dem Hotelzimmer, er schlief auf der Couch und koordinierte Abends den Tag durch. Der Alte Mann nahm ihn nun fast Standard M\u00e4\u00dfig \u00fcberall hin mit und weihte ihn \u00fcberall ein und zeigte ihm wie alles \u0001 \u0002 hatte sich f\u00fcr ihn als \u00e4u\u00dferst n\u00fctzlich erwiesen und als kompetent. Auch Max hatte dies, doch sie hatte die Aufgabe sich um Black zu k\u00fcmmern, der ebenfalls einen seiner besten M\u00e4nner darstellte und so schnell wie m\u00f6glich wieder fit werden \u0001 \u0002 Black wieder aufstehen durfte half sie ihm hoch. Im ersten Moment verlor er sein Gleichgewicht, weil sein Kreislauf nicht mitspielte, er schlug \u00fcber und landete auf der kleinen Max die ihm hoch geholfen hatte und ihn st\u00fctzen wollte. Als er mit voller Wucht auf sie viel, hatte sie gequickt und gestrampelt, den sie bekam keine Luft mehr, wild gestikulierte sie mit den Armen und dr\u00fcckte ihn panisch von sich herunter. Er rollte sich runter, wobei sie sich schnell auf die Seite warf und nach Luft japste. Die Tr\u00e4nen standen ihr in den Augen gestanden, den er hatte ihr damit viel Schmerz zugef\u00fcgt.\u201eEs tut mir leid\u201c sagte er w\u00e4hrend er sich aufsetzte und sie kurz an der H\u00fcfte ber\u00fchrte um sie umzudrehen und zu sehen ob sie Hilfe brauchte, dies schaffte er, wobei er wirklich sehr behutsam vorging, normalerweise faste er Frauen nicht so an, doch sie traute er sich fast nicht anzufassen, weil er angst hatte sie k\u00f6nne \u0001 \u0002 hatte sich etwas zusammen gerollt und hielt sich die H\u00e4nde vor den Mund und schnappte nach Luft. W\u00e4hrend ihre Rippen die Lungenfl\u00fcgel drangsalierten, nach seinem Aufsturz auf \u0001 \u0002 sie sich beruhigt hatte setzte sie sich auf.\u201eGeht schon\u201c kr\u00e4chzte sie und half ihm wieder auf die \u0001 \u0002 verlor kein Wort mehr \u00fcber den Vorfall oder irgendwelche Schmerzen. Sie war wirklich kein Kind \u0001 \u0002 er im Badezimmer stand und sich das Gesicht wusch, dachte er nach, \u00fcber sie, ihr \u0001 \u0002 er auf ihr Lag, hatte es sich gut angef\u00fchlt, auch wenn sie noch ein 'Kind' \u0001 \u0002!Begehrte er sie etwa grade? Mit gro\u00dfen Augen starrte er gen Spiegel und betrachtete den Mann in diesem. Das konnte nicht sein, er war keiner dieser Kranken Kerle die Kinder \u0001 \u0002 sollte das, warum f\u00fchlte es sich gut an wenn er an sie, oder ihr l\u00e4cheln dachte?Freute er sich etwa wenn sie ihn ber\u00fchrte um die Verb\u00e4nde zu wechseln?Das war \u0001 \u0002 beschloss das sofort aus seinem Ged\u00e4chtnis zu \u0001 \u0002 er raus kam stand sie schon in der T\u00fcr \u201eWir sollen alle in den Laden\u201c sie hielt das Handy symbolisch in die H\u00f6he. Er nickte stumm und folgte ihr. Er hatte sich wieder angezogen, eine schlichte Jeans und ein Rotes Shirt. Sie hatte ihn ja ausgezogen bis auf die \u0001 \u0002 dieses behagliche Gef\u00fchl. SCHLUSS! - Der n\u00e4chste \u0001 \u0002 kamen sie rein, Sam und der Alte standen schon im \u0001 \u0002 Greis begutachtete Black akribisch. \u201eDie haben dich gut zusammengeflickt.\u201c grinste er, wobei es mehr nach Halloween als nach einem grinsen aussah. Max fuhr ein kleiner Schauer \u00fcber den R\u00fccken. \u201eIch m\u00f6chte dich Max und Sam willkommenhei\u00dfen\u201c l\u00e4chelte \u0001 \u0002 sahen einander an \u201eWo?\u201c entkam es ihnen parallel.\u201eIm Syndikat.\u201c entkam es ihm so das es einem einen Schauer \u00fcber den R\u00fccken \u0001 \u0002 verbeugten sich h\u00f6flich und \u0001 \u0002 sah sie an l\u00e4chelte \u201eIhr habt es geschafft. Gl\u00fcckwunsch.\u201c entkam es ihm w\u00e4hrend er sich an den Alten wandte.\u201eHab ich viel verpasst?\u201c fragt er ruhig. \u201eNein ein paar Bestellungen hier, ein paar dort. Sam ist ein guter Junge.\u201c wieder entbl\u00f6\u00dfte er seine gelb angelaufenen Z\u00e4hne. \u201eEr lernt schnell\u201c f\u00fcgte er \u0001 \u0002 \u0001 \u0002 den n\u00e4chsten Deals waren beide immer Anwesend, standen immer hinter Black und dem \u0001 \u0002 beobachteten, die Leute, ihre Gesten, ihre \u0001 \u0002 mischten sie sich ein, Max kam hervor hinter den Zweien und l\u00e4chelte.\u201eWir w\u00fcrden es sehr begr\u00fc\u00dfen wenn sie die Waffe senken w\u00fcrden\u201c l\u00e4chelte sie einen Mann an, der ebenfalls hinter 3en versteckt stand. Ein \u0001 \u0002 Waffe die entsichert wurde, Sam trat vor und richtete sie auf den Mann.\u201eW\u00fcrden sie der Aufforderung folge leisten? Sonst sehe ich mich gezwungen ihnen eine Kugel zu verpassen\u201csagte er schon weitaus \u0001 \u0002 verhielten sich eingespielt zum \u0001 \u0002 und der Grei\u00df hatten nicht das gesehen das die Zwei gesehen hatten. Es war ein Segen das sie Zwei solch aufmerksame Kinder hatten die Acht gaben auf deren \u0001 \u0002 Deal endete mit einem Toten, den Sam gerichtet hatte, und einem erfolgreichem \u0001 \u0002 gab etliche \u00e4hnliche \u0001 \u0002 kam der Tag. Max hatte Geburtstag, sie l\u00e4chelte als Sam ihr eine kleine Torte \u0001 \u0002 hatten es geschafft, ein Dach \u00fcber dem Kopf, drei Mahlzeiten. Mehr hatten sie sich nie \u0001 \u0002 sang liebevoll 'Happy Birthday' f\u00fcr sie, wobei sie mit einem so sanften l\u00e4cheln \u0001 \u0002 war nun 13 geworden und freute sich, zwei Wochen zuvor hatte er gefeiert, sie waren in einem Vergn\u00fcgungspark gewesen und hatten Eis gegessen und sich am\u00fcsiert, er war 15 \u0001 \u0002 und der Alte hatten ihnen ebenfalls gratuliert, und \u00fcberlie\u00dfen immer mehr aufgaben ihnen und schenkten ihnen immer mehr \u0001 \u0002 war Max eines aufgefallen, Black beobachtete sie und sie verstand es \u0001 \u0002? Hatte sie etwas falsch gemacht? Sollte sie fragen?Sie entschloss ich nicht zu fragen und es auf sich beruhen zu lassen. Sie l\u00e4chelte immer, wenn er sie beobachtete, dann drehte er sich meist weg und konzentrierte sich auf seine \u0001 \u0002 Syndikat war gro\u00df, viele Leute die dort mitarbeiteten, und viel Geld, das sie bekamen f\u00fcr ihre Arbeit und ihr \u0001 \u0002 und Sam hatten nun eine Aufgabe und ein Leben. Ein Leben das sie W\u00fcrdig lebten, und nicht wie Zweim Geister die mal hier, mal dort \u0001 \u0002 doch \u0001 \u0002 waren 13 und 15 und schon schwer im Business und gefragt dazu, auch andere wollten sie bei ihren Deals, meist als stille \u0001 \u0002, trotz diesem Doppelleben gingen sie jeden Tag in die Jugendzentren, \u0001 \u0002 einzige was Sam nicht mehr tat waren Regale in Superm\u00e4rkten \u0001 \u0002 Bewegung, keine entging seinem Auge. Keine \u0001 \u0002 sie es bemerkte und sie ihn anl\u00e4chelte, drehte er sich weg und schaute schwer \u0001 \u0002 nahm sie weitaus intensiver wahr als sie es \u00fcberhaupt wahr nahm oder auch nur im Ansatz sich denken \u0001 \u0002 aber sicher. Langsam aber ganzsicher entwickelte er eine \u0001 \u0002 sie, ihr l\u00e4cheln, ihre Art. F\u00fcr \u0001 \u0002 war bei all ihren Deals dabei, passte auf sie auf, darauf das ihr keiner etwas \u0001 \u0002 irgendeinem Deal hatten sie einmal ein Foto von sich und Sam gemacht und ihm geschenkt, au\u00dfer Black l\u00e4chelten alle in die \u0001 \u0002 sah sich dieses Bild sehr sehr oft an. Immer wenn er sie nicht in natura \u0001 \u0002 war als w\u00fcrde ihr Geist immer neben ihm stehen und ihn anl\u00e4cheln.",
            "wordcount": "2.460",
            "chapter_release": "04.07.2010",
            "chapter_number": "4"
        },
        "5": {
            "text": "Sie standen zu 5 in einer alten Lagerhalle die einst f\u00fcr Zuckererzeugnisse genutzt \u0001 \u0002 und Sam hatten ihren Ruf weg, nicht jeder kannte sie, doch wer sie kannte, der wusste das er sich in acht zu nehmen \u0001 \u0002 ehe einige Reagieren konnte entschied sich einer, das Ass des Syndikats aus dem Weg zu r\u00e4umen, sie waren einfach eine zu gro\u00dfe \u0001 \u0002 standen sie, in dem Bruchteil einer Sekunde h\u00f6rte man Klick!, eine entsicherung der Waffe, BAMM! Ein \u0001 \u0002 kleine Staubwolke aus dem lauf der Waffe, eine Kugel, gerichtet auf Max ihren Sch\u00e4del Genau zwischen die Augen, keiner hatteso schnell reagieren k\u00f6nnen, geschweige den damit \u0001 \u0002 einer hatte nur auf Sie geachtet, ihr Leben, ihre Seele \u0001 \u0002 \u0001 \u0002 dem Moment, dieser Millisekunde in der die Kugel h\u00e4tte ihren Sch\u00e4del durchschlagen m\u00fcssen, spritzte ihr Blut ins Gesicht. Sie hatte reflexartig die Augen geschlossen und \u0001 \u0002 als sie was Warmes feuchtes Bemerkte \u00f6ffnete sie die Augen, die Pupillen, kleiner als eine Nadel\u00f6se. Mit gro\u00dfen Augen starrte sie Black an, der grade eben die Kugel mit seiner Hand abgefangen \u0001 \u0002 Waffen waren schon gerichtet und alle Anwesenden, die nicht zum Syndikat geh\u00f6rten, auch.\u201eD...D...D...Danke\u201c stammelte sie, sein Blut im Gesicht tragend. Ihre H\u00e4nde zitterten vor Angst, lange war sie dem Tot nicht mehr so nahe \u0001 \u0002 nickte und l\u00e4chelte, er hatte keinen mucks von sich gegeben oder sich \u00fcber Schmerzen \u0001 \u0002 hatte ihm notd\u00fcrftig die Hand verbunden und war mit ihm gegangen um die Wunde ordentlich zu versorgen, w\u00e4hrend Sam mit den anderen wieder die Laster belud.\u201eIch.. Ich versorge das\u201c hatte sie mit zittriger Stimme von sich gegeben mit piepsigen \u0001 \u0002 und sie waren alleine in dem kleinen Motelzimmer in dem die Beiden \u0001 \u0002 sa\u00df auf einem knarrenden Holz Stuhl, Max ihm \u0001 \u0002 nahm seine Hand und legte sie auf ihren Schoss. Er f\u00fchlte sich so wohl, von ihr ber\u00fchrt zu werden, ihr so nahe zu \u0001 \u0002 musste kurz l\u00e4cheln, doch bevor sie begann die Fleischwunde zu versorgen fing sie auf einmal an zu Zittern. Sie hatte den Kopf und den Blick gesenkt und auf einmal, kullerten tr\u00e4nen \u00fcber ihr Gesicht, sie suchten sich ihren Weg. Das war der Schock, den sie zur\u00fcck gehalten \u0001 \u0002 lie\u00df sie sich von niemand anderes als ihrem Bruder anfassen. Doch als Black sie in dem Moment in eine Umarmung zog, eine Hand auf ihren R\u00fccken, die andere auf ihren R\u00fccken legte, war es \u0001 \u0002 brauchte es, Zuviel Last erdr\u00fcckte die kleine \u0001 \u0002 weinte sie. Unkontrollierbar. Das passte so gar nicht zu \u0001 \u0002 hatte es getan, auch wenn er dabei andere Gedanken hatte. Ganz \u0001 \u0002 dr\u00fcckte sie Fest an sich, so nahe war er ihr nie gewesen, und es war angenehm, mehr als \u0001 \u0002 best\u00e4tigte nur das was sein Kopf ihm sagte.'Sie geh\u00f6rt dir.''Sie ist dein!''Kein anderer darf ihr so nahe kommen!'Doch das was in seinem Kopf vorging, konnte sie ja nicht mal Ansatzweise \u0001 \u0002 h\u00e4tte sie es, h\u00e4tte sie ihn sofort auf Abstand \u0001 \u0002 zu \u0001 \u0002 als sie ihre Arme etwas anspannte, um sich aus der Umarmung zu l\u00f6sen und einen Schritt zur\u00fcck \u0001 \u0002 sie.\u201eDanke.\u201c gab sie von sich und verbeugte sich \u0001 \u0002 der Sekunde, just in dieser war es, als w\u00fcrde ihm eine Synapse \u0001 \u0002 betrachtete sie, etwas in ihm schrie ihn immer wieder an 'NIMM ES DIR!'Eine schnelle Handbewegung, und eine bestimmender druck als er ihr Handgelenk packte und sie zu sich riss, waren der Anfang ihres \u0001 \u0002 schnell wie er war, hatte sie nicht reagieren k\u00f6nnen, und dann, k\u00fcsste er \u0001 \u0002 inniger wirklich ehrlicher \u0001 \u0002 weit aufgerissenen Augen starrte sie, sie war wie Stein in dieser \u0001 \u0002!Dann riss sie sich los und sah ihn entsetzt an. Eine neue Tr\u00e4ne, bahnte sich den Weg \u00fcber ihr bleiches \u0001 \u0002 zum Teufel war das gewesen?Sie ergriff sofort die Flucht, sie wusste was Sex war, und was meist auf einen Kuss \u0001 \u0002 war f\u00fcr sie in dem Moment die beste \u0001 \u0002 ganzen Sachen waren noch in dem Zimmer, aber das spielte keine Rolle, sie wollte nur noch weg. Weg von hier. Weg von \u0001 \u0002, vielleicht spielte es auch eine Rolle, das sie noch nie einen Jungen gek\u00fcsst hatte, aber immerhin war sie erst \u0001 \u0002 verkroch sich auf der Baustelle, dort wo sie sich einst eingerichtet hatten als sie in die Stadt gekommen \u0001 \u0002 Sam zur\u00fcck kam, war sie nicht da, das war ungew\u00f6hnlich, er hatte nach ihr Gerufen; Keine \u0001 \u0002 war er raus gegangen um weiter nach ihr zu \u0001 \u0002 einer war noch da gewesen. Jack. Er war im Badezimmer gewesen und hatte sich mehr oder minder ersteckt um keine unangenehmen Fragen gestellt zu \u0001 \u0002 einzige das er hier \u00fcberm\u00e4\u00dfig verd\u00e4chtig fand war das \u00fcberm\u00e4\u00dfig vorhandene \u0001 \u0002 eines war heute f\u00fcr ihn Geschehen, er hatte sie gek\u00fcsst und es hatte sich gut angef\u00fchlt, so befriedigend. Egal wie sie reagiert hatte, sie geh\u00f6rte ihm ja schlie\u00dflich. Das schrie ihm ja immer und immer wieder sein Kopf entgegen. Jack wollte mehr, es reichte nicht, es war wie eine Droge, es verlange nach \u0001 \u0002 suchte die halbe Stadt ab, bis er auf der Verlassenen Baustelle ankam und sie \u0001 \u0002 hatte sich zusammengekauert, die Knie an sich gezogen und weinte \u0001 \u0002 rannte zu ihr, viel vor ihr auf die Knie und sah sie an, seine Arme \u0001 \u0002 aus Verzweiflung weil er nicht wusste was sie so qu\u00e4lte. Immerhin lebte sie noch.\u201eSchhhhht\u201c s\u00e4uselte er w\u00e4hrend er sie in den Arm nahm und ihr sanft \u00fcber den R\u00fccken \u0001 \u0002 lehnte sich an ihn, suchte instinktiv bei ihrem Bruder Schutz, den sie war ja seine kleine \u0001 \u0002 und schwach. Einem Mann unterlegen. \u0001 \u0002 konnte es nicht erz\u00e4hlen, zu sehr sch\u00e4mte sie sich f\u00fcr das geschehene, zu tief sa\u00df die Angst vor dem gro\u00dfen schwarzen Mann. Zu sehr wurde ihre Seele von alle dem Erdr\u00fcckt.\u201eIch... kann morgen nicht Arbeiten, ich \u2026 ich hab Bauchschmerzen.\u201c winselte sie unter dem Wasserfall Tr\u00e4nen hervor.\u201eHey is ok... ich regel das, lass uns ins Hotel gehen.\u201c beruhigte er sie, eines gro\u00dfen Bruders w\u00fcrdig.\u201eNein\u201c entkam es ihr hastig womit sie von ihm schnellte und sich auf ihre wackeligen Beine bewegte.\u201eIch muss woanders hin.\u201c st\u00fcrzte sie hervor. \u201eAnderes Hotel?\u201c fragte er mit einer beruhigenden Stimme den das letzte was er wollte war sie zu verscheuchen. \u201eJa\u2026. Nein.... lass uns aussteigen, verschwinden und nie wieder kommen.\u201c sie sah ihn mit einem Blick voll Schmerz und angst an.\u201eWir werden es bereuen das wir das machen. Heute hatten wir Gl\u00fcck... Morgen vielleicht nicht mehr.\u201c sagte sie diesmal aber mit weit vern\u00fcnftigerem Ton.\u201eIch wei\u00df.\u201c sagte er und erhob sich. \u201eWir gegen den Rest.\u201c er l\u00e4chelte und reichte ihr die Hand.\u201eEgal wovor du Angst hast, ich werde es ausl\u00f6schen.\u201c mit diesen Worten l\u00e4chelte er und sie ergriff die ihr gereichte \u0001 \u0002 Hotel r\u00e4umte er die wenigen Sachen ein und sie zogen in ein anderes, alles wurde im voraus bezahlt, damit sie in ruhe gelassen wurden und Max sich wieder beruhigen konnte, warum sie so aufgew\u00fchlt war, wusste er nach wie vor \u0001 \u0002 verlor kein Wort \u00fcber das \u0001 \u0002 das sollte auch ihr Ende sein. Ihr \u0001 \u0002 jenem Tag traute sie sich nur noch gemeinsam mit Sam hin, trotz ihrer Bitte aufzuh\u00f6ren, die er ignorierte. Sie brauchten das Geld, sie konnten schlie\u00dflich nicht immer \u0001 \u0002 betrat sie mit ihm zusammen das Lager, auch Black war anwesend und auch der Alte Mann. \u201eAlles okay?\u201c fragte Black mit einem \u0001 \u0002 nickte verstohlen und Sam l\u00e4chelte \u201eKlar.\u201c diese Frage war verlogen, doch nur Black und Max wussten \u0001 \u0002 Lichter im Lager flimmerten, die alten, dreckigen und vergilbten Gl\u00fchbirnen flackerten, vermutlich gaben sie endlich auf. Oder die Spannung die zwischen Max und ihm bestand beeinflusste die Umgebung, wer wusste das schon. Es lief einem Eiskalt den R\u00fccken runter wie sie sich ansahen, den Max versuchte keine Angst zu zeigen, mehr versuchte sie Gnadenlosigkeit zu demonstrieren.\u201eFreut mich.\u201c er l\u00e4chelte und hob damit eine Ladung auf den Tisch, neueste Technik, Handgranaten.\u201eLadys & Gentleman.\u201c erhob der Alte Mann seine Stimme.\u201eDie neue Generation. Wir liefern heute Abend am Flughafen aus. Ich und Sam machen die \u00dcbergabe. Ihr 2 \u00fcbernehmt die Wache in der Umgebung.\u201c gab er die Anweisungen Raus, alle nickten bis auf Max.\u201eStimmt was nicht?\u201c fragte man sie.\u201eDoch doch.\u201c nickte sie heftig wobei sie brav geradeaus sah, nun trat genau das ein was sie nicht wollte, mit ihm alleine sein. Doch sie konnte sich auch nicht den Anweisungen von Oben widersetzen, Black l\u00e4chelte sympathisch und sagte nur \u201eIch bei\u00dfe auch nicht.\u201c es klang lustig, doch Max wusste es besser, bei dem versuch der zuletzt stattgefunden \u0001 \u0002 l\u00e4chelte in sich rein, bei ihrem Blick wusste er das sie den Braten l\u00e4ngst gerochen hatte, aber wen interessierte es schon? Sie hatte es anscheinend niemandem was erz\u00e4hlt was es f\u00fcr ihn leichter gestaltete. Doch ein Problem sah er, sie versuchte ihn zu meiden und nie alleine mit ihm zu \u0001 \u0002 eine Gewisse Art und Weise nervte es ihn, den ein paar einsame Momente waren doch ganz angenehm, warum auch nicht?Der Kuss war wie Adrenalin und LSD zugleich gewesen. Es machte s\u00fcchtig, man wollte mehr und viel weiter \u0001 \u0002 der Kuss schon so berauschend war, wie war es dann diese seltene Frucht zu ernten?Ein l\u00e4cheln zauberte sich auf seinen \u0001 \u0002 sah es und es lief ihr Eiskalt den R\u00fccken runter, den sie merkte wie er sie heimlich \u0001 \u0002 starrte krampfhaft geradeaus. Morgen w\u00fcrde es soweit sein, wenn es sein m\u00fcsste, w\u00fcrde sie ihn erschie\u00dfen. Sie w\u00fcrde es tun. Bei diesem Gedanken dr\u00fcckte sie fest die F\u00e4uste \u0001 \u0002 war das der einzige Weg...Der Abend r\u00fcckte n\u00e4her und mit jeder Minute die n\u00e4her heran r\u00fcckte, stieg auch der \u0001 \u0002 bemerkte ihre Anspannung \u201eStimmt was nicht?\u201c fragte er mit einem l\u00e4cheln.\u201eAlles okay\u201c l\u00e4chelte sie \u0001 \u0002 wollte sie nicht weiter dr\u00e4ngen, aber eines wusste er, das sie log. Mitten ins Gesicht, eigentlich war es nicht ihre Art und das wusste er. Wie hypnotisiert sah er ihr zu wie sie das Magazin ihrer 9mm wieder f\u00fcllte. Das ged\u00e4mmte Licht im Raum erinnerte leicht an den Vormittag des Vortages in der Lagerhalle wo die tristen Kisten im Licht die Farbe von Hell zu dunkel gewechselt hatten durch die Gl\u00fchbirnen. Es sah alles ein wenig wie in einem Sepia Film aus. Er bekam kurz G\u00e4nsehaut.\u201eOkay\u201c l\u00e4chelte \u0001 \u0002 trafen sich wie immer in der Zentrale, der Van war schon voll beladen, es fehlten nur noch die 4 Insassen. Max trat ihm selbstsicher entgegen und t\u00f6tete Black schon mit ihren Blicken, f\u00fcr diesen Moment hatte sie im Spiegel im Badezimmer lange ge\u00fcbt, sie versuchte ihre Furchtlosigkeit klar zu machen, wie gut sie das schaffte war eine andere Sache, aber versuchen konnte sie es \u0001 \u0002 musste es bel\u00e4cheln, ihr verhalten reizte ihn noch mehr. Sie zeigte keine angst, zumindest sah er da keine, aber irgendwas in seinem inneren sagte ihm, dass sie vor angst \u0001 \u0002 er sie dann anl\u00e4chelte und diesen Blick in seinen Augen trug, ersch\u00fctterte es irgendwie ihre Seele. Warum l\u00e4chelte er und vor allem was noch viel schlimmer war, warum hatte er dieses Etwas in seinen Augen was sie so ersch\u00fctterte. Ihr Instinkt schrie ihr entgegen das sie rennen sollte, rennen um ihr Leben. Rennen f\u00fcr ihre \u0001 \u0002 sie tat das entgegengesetzte, sie stieg in den Van, am Flughafen angekommen, stiegen sie und Jack aus um nun das Gebiet drum herum abzuriegeln.\u201eEs ist dunkel, ich begleite dich\u201c sagte er und folgte ihr, kaum waren sie au\u00dfer Reichweite der anderen zog sie ihre Waffe und sah ihn an, mit kleinen Katzenaugen. \u201eWenn du mich anfasst, bring ich dich um. Du wirst mich nie wieder anfassen du Kranker Perverser.\u201c zischte sie, jetzt sprudelten alle Emotionen aus ihr heraus, sie zitterte leicht. Klar, hatte sie angst, welche Frau h\u00e4tte das nicht \u0001 \u0002 hatte zur Sicherheit einen Pointer an die Waffe angebracht damit sie ihr Ziel nicht \u0001 \u0002 sah sie zugegeben \u00fcberrascht an, doch irgendwie machte es ihn an, mittlerweile wunderte er sich nicht mehr, er gab sich dem was er f\u00fchlte hin. Seine D\u00e4monen trieben mit ihm was sie wollten, er wollte sie, also w\u00fcrde er sie sich \u0001 \u0002 grinste \u201eDenkst du das du damit gegen mich ankommst? Mal im Ernst, das ist ein Witz. Abgesehen davon ist dein Verhalten wegen einem Kuss sehr kindisch.\u201c er zuckte fast schon provokativ mit den Schultern. Sie merkte das er keine angst hatte, nein seine Faust zitterte, doch nicht vor Angst, ihm gefiel was er sah. Jetzt steckte sie in Schwierigkeiten...BAMM! BAMM! BAMM!Sie schoss ihr Magazin leer, doch keine Kugel traf ihn, nur eine streifte sein \u0001 \u0002 l\u00e4chelte, hielt ihren Lauf in der Hand und sein Gesicht war ihr wieder so nahe wie im Hotel.\u201eSorry, von dir lass ich mich nicht \u00fcber den Haufen schie\u00dfen.\u201c grinste er \u0001 \u0002 lie\u00df sofort ihre Waffe los und rannte, doch das sollte sie nicht retten. Dies waren die letzten Sekunden in Freiheit... die sie versuchte ihrem Schicksal zu \u0001 \u0002 wer entkam schon dem Schicksal. . .FORTSETZUNG: DEAD END.",
            "wordcount": "2.235",
            "chapter_release": "04.07.2010",
            "chapter_number": "5"
        }
    },
    "title": "Dead Valley",
    "topic": "unspecified",
    "release": "\n04.07.2010\n\t\t\t\t\t\t",
    "author": "Maxim"
}