{
    "tags": [],
    "chapcount": "9",
    "wordcount": "12.211",
    "chapters": {
        "1": {
            "text": "Dies ist die erste Story die ich je Geschrieben habe. Seit 2005 habe ich diese Geschichte im Kopf und endlich hab ich mich entschieden diese Geschichte niederzuschreiben. Eine mischung aus Mystery und Humor.***********************************************************************************Es gibt Menschen auf dieser Welt, die sehen Dinge, die es eigentlich gar nicht geben sollte. Ich hab in den letzten Jahren mit meinen Freunden die merkw\u00fcrdigsten Sachen erlebt. Von den Witzigsten bis zu den Gruseligsten. Diese Geschichte wurde weit zwischen Leben und Tod geschrieben. Ein Abenteuer, das mit einer anscheinend Harmlosen Geisterbeschw\u00f6rung begann. Man muss einige Sachen beachten um so einen Geist Beschw\u00f6ren zu k\u00f6nnen, ansonsten ist dein Schicksal f\u00fcr immer \u0001 \u0002 NIEMALS eine Geisterbeschw\u00f6rung \u0001 \u0002 NIEMALS Zweifel daran, dass der Geist nicht \u0001 \u0002 NIEMALS wann eine Person \u0001 \u0002 NIEMALS eine Sitzung ab, selbst wenn ihr angst \u0001 \u0002 den Geist IMMER nach einer Sitzung zur\u00fcck in die \u0001 \u0002 man diese Regeln beachtet, kann man sich in Sicherheit wiegen. Aber man sollte dennoch die Finger davon lassen, wenn man sich in solchen Dingen nicht auskennt\u2026***********************************************************************************So weit so gut^^ das war der \u0001 \u0002 ist zwar kurz, aber ich hoffe es hat erst mal euer Interesse geweckt. lg Jessa-chan",
            "wordcount": "199",
            "chapter_release": "02.05.2010",
            "chapter_number": "1"
        },
        "2": {
            "text": "So ich Poste gleich noch dieses Kapitel hinterher. Viel spa\u00df beim Lesen^^***********************************************************************************Herbst 2005Es ist ein Goldener Herbst, die Bl\u00e4tter fangen an zu Boden zu fallen und sich dem Winter zu ergeben. Ich erinnere mich genau, dieser Tag war noch relativ Warm. Ein warmer Freitag, ein Perfekter Anfang f\u00fcr die Herbstferien. Meine Freunde und ich standen auf dem Pausenhof, wir unterhielten uns, aber ich hatte wie immer ein Buch in der Hand und versuchte mich ein wenig \u0001 \u0002 Clique:\u2022Susi - Eine witzige Person die sich mit allen versteht.\u2022Carina - Eine vorlaute Person die immer ihre Meinung sagt.\u2022Alice - Eine Person die noch auf der Suche nach sich selbst ist, Witzig, Zickig, wechselhaft (besonders die Haarfarbe).\u2022Und ich: Jessica - Eine Person die Mystisch veranlagt ist, still, denkt sich ihren Teil, Leseratte, \u0001 \u0002 war total in das Buch versunken\u2026bis ich ein Wort vernahm, dass unser bevorstehendes Schicksal total ver\u00e4ndern \u0001 \u0002: \u201eHabt ihr schon mal was von Gl\u00e4serr\u00fccken geh\u00f6rt?\u201cCARINA: \u201eNee was ist denn das?\u201c, fragte sie \u0001 \u0002: \u201eKeine Ahnung.\u201cJESSICA: \u201eDas ist ein Spiel in dem man Geister Beschw\u00f6rt.\u201c, sagte sie und klappte ihr Buch \u0001 \u0002: \u201eJa Genau. Ich hab gestern X-Faktor gesehen und da haben welche einen Geist Beschworen und es hat sich am Ende Herausgestellt, dass es eine wahre Geschichte ist.\u201cCARINA: \u201eCool. Ob das wirklich so Funktioniert?\u201cSUSI: \u201eLass es uns doch einfach ausprobieren.\u201cJESSICA: \u201eDazu brauchen wir ein Hexenbrett.\u201cCARINA: \u201eWei\u00dft du wie sowas Aussieht, Jessica?\u201cJESSICA: \u201eNat\u00fcrlich wei\u00df ich das.\u201c, sagte sie \u0001 \u0002: \u201eNa dann Basteln wir doch eins, wir haben in der n\u00e4chsten Stunde sowieso Kunst.\u201cSUSI: \u201eDas ist eine gute Idee, Carina.\u201cEs dauerte nicht lange da waren wir wieder in unserem Klassenzimmer. Alle redeten so laut, dass sein eigenes Wort darin Untergehen konnte und niemand bemerkte unsere kleine Lehrerin Frau K\u00fcpper die gerade das Zimmer betrat (Wie sollte man auch bei der Gr\u00f6\u00dfe?).FR. K\u00dcPPER: \u201eJETZT SEID ENDLICH STILL!\u201c, schrie \u0001 \u0002 Haut auf den Tisch der eindeutig gr\u00f6\u00dfer war als sie selbst. Als alle auf sie aufmerksam wurden und endlich stille eintraf, begann sie zu \u0001 \u0002. K\u00dcPPER: \u201eGuten Morgen, Kinder. In der Heutigen Kunststunde d\u00fcrft ihr eurer Kreativit\u00e4t freien Lauf lassen. Es ist kurz vor den Ferien und ihr d\u00fcrft euer Werk gleich mit nach Hause nehmen.\u201cJeder holte seine Sachen, die er zum Malen ben\u00f6tigte und setzte sich in Gruppen zusammen. Wir taten dasselbe. SUSI: \u201eAlso gut, dann erkl\u00e4r mal was wir drauf malen sollen.\u201c, sagte sie an Jessica \u0001 \u0002: \u201eJeder nimmt sich ein Blatt von dem Malblock, dann kleben wir sie zusammen und malen nur noch Buchstaben und Zahlen drauf. Das wars.\u201cALICE: \u201eGut, dann bearbeitet jeder eine Seite.\u201cCARINA: \u201eJa und jeder Schreibt auf einer Seite seinen Namen drauf, damit wir sp\u00e4ter wissen wer es gemacht hat.\u201c, sagte sie \u0001 \u0002 nickten und machten sich an die Arbeit. Die Stunde ging schneller rum als Gedacht, aber unser \u201eKunstwerk\u201c wurde dennoch Fertig und es sah gut aus. Die letzte Stunde zog sich wie Kaugummi an der Schuhsole, aber endlich waren die langersehnten Ferien da. Zusammen gingen wir ein St\u00fcck, wie jedes Mal eigentlich und wir sprachen dar\u00fcber wo die Geisterbeschw\u00f6rung stattfinden \u0001 \u0002: \u201eAlso bei mir w\u00e4r es schlecht, mein Zimmer ist zu klein.\u201cCARINA: \u201eBei mir auch, meine Mutter die w\u00fcrde es gar nicht wollen, wenn so viele bei uns sind.\u201cALICE: \u201eBei mir w\u00e4re es gut, mein Zimmer ist gro\u00df genug.\u201cJESSICA: \u201eMacht es am besten bei mir.\u201cALICE: \u201eDein Zimmer ist viel zu klein daf\u00fcr.\u201cJESSICA: \u201eIch sage ja nicht, dass wir es in meinem Zimmer machen, sondern in unserem Keller.\u201cALICE: \u201eStimmt, ihr habt ja einen Partyraum da unten, der w\u00e4re nat\u00fcrlich Perfekt.\u201cJESSICA: \u201eIch schlage vor, dass ihr morgen Abend zu mir kommt und wir den Geist beschw\u00f6ren.\u201cSUSI: \u201eAber warum machen wir es nicht morgen Mittag, es ist schlie\u00dflich Samstag.\u201cJESSICA: \u201eDas liegt doch auf der Hand. Weil es abends Gruseliger ist als Mittags, deshalb. Kommt am besten gegen 18 Uhr zu mir.\u201cJessica schnappte sich das \u201eKunstwerk\u201c und wandte sich zum \u0001 \u0002: \u201eAch und noch was. Lasst euch nicht im Schlaf Heimsuchen.\u201c, sagte sie in einem erschauernden Tonfall und \u0001 \u0002: \u201eManchmal glaube ich echt, die hat sie nicht mehr alle.\u201cSusi und Alice nicken zustimmend, als sie ihrer Freundin nachschauten.***********************************************************************************So das erste (bzw. zweite) Kapitel ist \u0001 \u0002 hoffe es gef\u00e4llt euch. Hinterlasst mir doch ein paar Reviews und sagt mir ob euch die Story bisher gefallen hat.*Schnuckelt\u00fcten dalass*lg Jessa-chan",
            "wordcount": "753",
            "chapter_release": "02.05.2010",
            "chapter_number": "2"
        },
        "3": {
            "text": "So hier kommt Kapitel 2^^Noch ein Dankesch\u00f6n an the faithful poet f\u00fcr das Review. ***********************************************************************************Der Samstagabend war angebrochen. Ich hatte alle Vorbereitungen getroffen. Im Partyraum hatte ich bereits Kerzen aufgestellt und den Raum abgedunkelt, um f\u00fcr die besondere Stimmung zu sorgen. Nun mussten nur noch meine Freunde kommen und ich musste nicht lange warten bis es an der T\u00fcr Klingelte. Ich \u00f6ffnete ihnen, f\u00fchrte sie aber direkt in den Keller hinunter, dort z\u00fcndete ich alle aufgestellten Kerzen an, es waren insgesamt 5 damit es nur das n\u00f6tigste \u0001 \u0002 setzte sich zu seinem Namen:http://jessa-\u0001 \u0002.com/art/Death-Angel-Witchboard-162659020ALICE: \u201eGut bevor wir anfangen m\u00fcssen wir Schw\u00f6ren, dass niemand etwas von dem hier erf\u00e4hrt. Jeder muss mit seinen Finger durch die Flamme, damit w\u00e4re unser Packt besiegelt.\u201cJede von uns hatte seinen Finger durch die Flamme gleiten lassen und Geschworen, so dass unser kleines Geheimnis f\u00fcr immer in uns Verborgen bleib. Wir gaben uns die H\u00e4nde und schlossen dabei die Augen, dabei hatte ich einen seltsamen Blauen Punkt vor meinem Geistigen \u0001 \u0002: \u201eDann bleibt nur noch die Frage wen wir Rufen sollen.\u201cCARINA: \u201eWie w\u00e4rs mit meiner Oma? Die ist schon l\u00e4nger Tot.\u201cALICE: \u201eGut, au\u00dfer jemand hat einen besseren Vorschlag.\u201cWir sch\u00fcttelten verneinend den \u0001 \u0002: \u201eDann lasst uns Beginnen. Carina. Da es deine Oma ist, solltest du sie auch rufen.\u201cCARINA: \u201eOk. Gut. (R\u00e4usper) Ich rufe dich du meine Verstorbene Oma Seifert. Wenn du da bist gib uns ein Zeichen.\u201cEinige Zeit Geschah nichts, bis dann etwas herunterfiel. Wir erschraken \u0001 \u0002: \u201eMamma.\u201cCARINA: \u201eWas war das?\u201cJESSICA: \u201eEine Kerze ist Heruntergefallen.\u201cALICE: \u201eMeinst du die rote Herzf\u00f6rmige?\u201cIch nickte. Die hatte ich Gottseidank nicht \u0001 \u0002: \u201eWir sollten weitermachen.\u201cCARINA: \u201eJa. Oma bist du da?\u201cWieder nur stille\u2026wieder fiel etwas hinunter, diesmal ein \u0001 \u0002: \u201eMamma!\u201c, rief sie \u0001 \u0002: \u201eAaaaaaaaaaaaaaaaaaaaaah!\u201c, schrie \u0001 \u0002 Starrten sie \u0001 \u0002: \u201eWas ist los hast du ein Geist Gesehen?\u201c, fragte sie \u0001 \u0002: \u201eD-da hat mich was Ber\u00fchrt.\u201c, sagte sie \u0001 \u0002: \u201eRuhig Blut. Ich hab nur meine Beine \u00fcbereinander geschlagen.\u201cALICE: \u201eDu Bl\u00f6de Kuh!\u201c, schrie sie und war dennoch \u0001 \u0002: \u201eOma? Bist du da?\u201c, wiederholte \u0001 \u0002 bewegte sich das Glas, auf dem wir jeweils beide Zeigefinger \u0001 \u0002: \u201eWird Ja nicht mit J geschrieben.\u201cALICE: \u201eEigentlich ja.\u201cCARINA: \u201eWas sollen wir Fragen?\u201cALICE: \u201eWei\u00df nicht. Irgendwas Sinnvolles?\u201cCARINA: \u201eNa gut. \u00c4h. Ich habs. Wann werden wir sterben?\u201cEine Schlechte Auswahl an einer Frage. Warum musste gerade diese Frage gestellt werden? H\u00e4tte sie nicht Fragen k\u00f6nnen ob wir einmal Reich sein werden? Es bewegte sich \u0001 \u0002: \u201eHat sich jemand die Buchstaben Gemerkt?\u201cJESSICA: \u201eJa ich. Aber das ergibt keinen Satz sondern nur ein Buchstabensalat.\u201cCARINA: \u201eOma was hat das zu bedeuten?\u201cDas Glas blieb still, aber daf\u00fcr fiel wieder etwas hinunter, diesmal ein Dartpfeil mit richtiger \u0001 \u0002: \u201eMamma! Ich kann nicht mehr lasst uns aufh\u00f6ren, bitte.\u201cALICE: \u201eWir k\u00f6nnen doch nicht einfach so Aufh\u00f6ren.\u201cSUSI: \u201eAber das war ein Pfeil mit Spitze! Das ist Gef\u00e4hrlicher als ich dachte.\u201cCARINA: \u201eIch bin auch daf\u00fcr, dass wir Aufh\u00f6ren.\u201cJESSICA: \u201eWenn wir es Angefangen haben, m\u00fcssen wir es auch zu Ende bringen.\u201c, sagte sie \u0001 \u0002: \u201eNein ich kann nicht mehr.\u201cCARINA: \u201eIch will auch nicht mehr, das h\u00e4tten wir doch nicht machen sollen, es ist total Gruselig.\u201cALICE: \u201eWenn ihr meint.\u201c, sagte sie \u0001 \u0002 bliesen die Kerzen aus, Alice nahm das \u201eKunstwerk\u201c an sich als sie gingen. Sie Verabschiedeten sich alle mit einem Mulmigen Gef\u00fchl. Irgendwie ahnte ich, dass es noch nicht vorbei war\u2026es fing gerade erst \u0001 \u0002 versuchte herauszufinden, was diese Buchstaben ergeben sollten, aber dies blieb erfolglos. Es ist und bleibt ein Buchstabensalat ohne Dressing, total Trocken. Das Wort h\u00f6rte sich Lateinisch an. Ich musste herausfinden was es Bedeutet, denn ich f\u00fchlte, dass irgendetwas sich ver\u00e4ndert hatte durch diesen einen Abend.***********************************************************************************So ende des 2ten Kapitels, hoffe es hat euch gefallen. hinterlasst mir doch ein paar Reviews *bestechungs Schoki hinstell*lg Jessa",
            "wordcount": "670",
            "chapter_release": "02.05.2010",
            "chapter_number": "3"
        },
        "4": {
            "text": "Das dritte Kapitel kommt \u0001 \u0002 Dankesch\u00f6n an meine bisherigen Review schreiber. Hoffe euch gef\u00e4llt diese (alte) Story von mir. Viel Spa\u00df beim Lesen.***********************************************************************************Ich telefonierte am n\u00e4chsten Tag mit Alice. Wir verabredeten uns f\u00fcr den darauffolgenden Tag und beschlossen in die \u00f6rtliche Bibliothek zu gehen, um Nachforschungen anzustellen. Irgendwo mussten wir ja Antworten auf unsere Fragen bekommen und es war nun mal unser einziger Anhaltspunkt, wir sind ja die totalen Asse in Latein weshalb wir auch ein W\u00f6rterbuch brauchten. Ich holte sie ab und wir gingen gemeinsam Richtung Stadt. An einer Gro\u00dfen Kreuzung bleiben wir wegen einer Roten Ampel stehen. Beide Seiten waren mit einer Menschenmasse \u0001 \u0002: \u201eHast du den Zettel mit den Buchstaben dabei?\u201cJESSICA: \u201eNat\u00fcrlich. Ich hab extra einen Block mitgenommen, damit wir jede M\u00f6glichkeit von \u00dcbersetzungen in Betracht ziehen k\u00f6nnen.\u201cALICE: \u201eWir m\u00fcssen echt herausfinden was das Bedeutet und den anderen sagen.\u201cJESSICA: \u201eSollten wir es ihnen wirklich sagen? Sie haben die Beschw\u00f6rung einfach so abgebrochen, sie sind Feiglinge.\u201c, dachte \u0001 \u0002: \u201eIch bin hier.\u201cJESSICA: \u201eHast du was Gesagt?\u201c, fragte sie \u0001 \u0002: \u201eIch? Nein wie kommst du darauf?\u201cJESSICA: \u201eAch ist nicht so wichtig.\u201cWir blickten beide auf die andere Stra\u00dfenseite und dort weckte etwas meine Aufmerksamkeit. Es war ein junger Mann. Er war sehr Blass und trug eine lange schwarze Kapuzen Kutte, seine schwarzen Haare fielen ihm einzeln ins Gesicht, was noch von seinen Eisblauen Augen abgehoben wurde. Normalerweise schauen die Menschen einen an, wenn man etwas Merkw\u00fcrdiges anhatte, aber bei ihm war es so als wenn er nicht f\u00fcr die anderen Existierte. Die Ampel schaltete auf Gr\u00fcn. Alice und ich gingen gleichzeitig los und vernahmen nur noch die Quietschenden Reifen eines Autos. Wir hatten richtig Gl\u00fcck gehabt, das Auto ist direkt vor uns stehen geblieben, nat\u00fcrlich gingen wir wieder zur\u00fcck zum B\u00fcrgersteig. Ich sah zur\u00fcck auf die Stelle wo der Mann gestanden hatte, aber er war Verschwunden, als w\u00e4re er ein \u0001 \u0002 schaltete die Ampel wirklich auf Gr\u00fcn und wir gingen wie alle anderen auch \u00fcber die \u0001 \u0002: \u201eNur mal so ne Frage. Das hast du doch eben auch Gesehen, oder?\u201cJESSICA: \u201eWenn du den Typen mit der Kutte meinst, dann ja.\u201cALICE: \u201eGott sei Dank, ich dachte ich w\u00e4re Verr\u00fcckt. Der war doch voll Unheimlich.\u201cDamals wusste ich die Antwort bereits, ich wusste wer dieser Mann war, nur hatte ich mich nicht getraut seinen Namen auszusprechen. Er war nicht wirklich ein Geist, auch keine billige Erscheinung wie die Leute denken w\u00fcrden. Normalerweise w\u00fcrde man diese Person nur ein einziges Mal in seinem Leben sehen und dann nie \u0001 \u0002 wir endlich an der Bibliothek ankamen suchten wir als erstes nach Lateinischen B\u00fcchern, die uns weiterhelfen konnten. Die ersten 3 Stunden blieben \u0001 \u0002: \u201eWie lange m\u00fcssen wir denn noch suchen?\u201cJESSICA: \u201eBis wir etwas passendes gefunden haben und wenn es den ganzen Tag dauern sollte.\u201cALICE: \u201eAber in den B\u00fcchern sind nur Buchstaben drin.\u201cJESSICA: \u201eIst ja auch kein Bilderbuch.\u201cALICE: \u201eDas ist mir schon klar. -.- Aber mir brennen langsam die Augen vom ganzen Lesen.\u201cJESSICA: \u201eDann mach eine Pause. Ich kann Stundenlang Lesen wenn ich will.\u201cALICE: \u201eDu bist ja auch nicht normal.\u201cJESSICA: \u201eJa. Ich wei\u00df.\u201cIch Bl\u00e4tterte noch einige B\u00fccher durch, ohne irgendetwas zu finden. Als ich das eine Buch wieder ins Regal stellen wollte, fiel ein anderes auf den Boden. Nat\u00fcrlich war ich neugierig und hob das Buch auf. Es war ein Buch \u00fcber Lateinische Grabspr\u00fcche, ich bl\u00e4tterte es durch und fand eine Seite mit einem Spruch, der mit den Buchstaben \u0001 \u0002 - MEMENTO MORI - GEDENKE, DASS DU STERBEN \u0001 \u0002: \u201eAlice! Komm schnell her, ich hab was gefunden.\u201cSie stand auf und kam zu mir. Ich zeigte ihr die Stelle mit dem Spruch und der \u00dcbersetzung. Alice war genauso erstaunt wie ich. Wir sahen auf das Buch \u0001 \u0002: \u201eMeinst du, dass es wirklich Carinas Oma war?\u201cJESSICA: \u201eNein. So wie es aussieht, haben wir etwas ganz anderes Beschworen und das ist ganz sicher kein einfacher Poltergeist.\u201cALICE: \u201eDu kennst dich doch mit so etwas aus, oder? Was war das nun?\u201cJESSICA: \u201eDas kann ich dir noch nicht sagen. Ich bin mir selbst noch nicht so ganz sicher.\u201cNach dieser Erkenntnis gingen wir noch eine Weile durch die Stadt um dar\u00fcber zu Diskutieren was wir jetzt machen sollten. Wir entschieden uns erst mal alle zu treffen um das Ganze zu Besprechen, nat\u00fcrlich sollte dies erst in meinem Keller stattfinden wo wir auch die Beschw\u00f6rung durchf\u00fchrten, aber Alice meinte, dass die zwei bestimmt nicht mehr in den Keller zur\u00fcckkehren w\u00fcrden und das Treffen lieber bei ihr Stattfinden sollte. Ich stimmte zu. Sie ging anschlie\u00dfend nach Hause und ich Verkr\u00fcmelte mich erst mal in einem Buchladen, wo ich mir wieder ein Buch gekauft hatte. Ein Buch mit schwarzem einband und von Geisterbeschw\u00f6rungen handelte. Ich fing nat\u00fcrlich gleich an zu lesen als ich zuhause \u0001 \u0002 n\u00e4chsten Tag ging ich wie verabredet zu Alice, aber ich war nicht die erste, die bei ihr auftauchte, Carina war bereits seit Stunden bei ihr. Wir warteten noch eine weitere Stunde auf Susi, sie kam aber nicht zu dem \u0001 \u0002: \u201eWas ist jetzt mit der Susi? Sie sollte jetzt schon seit \u00fcber einer Stunde hier sein.\u201c, sagte sie \u0001 \u0002: \u201eWas wei\u00df ich. Auf sie konnte man sich doch noch nie wirklich Verlassen.\u201cCARINA: \u201eRuf sie doch mal an.\u201c, keifte \u0001 \u0002: \u201eIst ja gut.\u201cAlice nahm ihr Handy und w\u00e4hlte Susis Nummer. Es klingelte eine ganze Weile bevor sie endlich \u0001 \u0002: \u201eHallo?\u201cALICE: \u201eHi. Ich bin\u2019s. Ich wollte nur fragen, wann du kommst, wir warten schon eine ganze Weile auf dich.\u201cSUSI: \u201eSorry. Das geht nicht. Meine Mutter hat gemeint, dass ich lieber zuhause bleiben sollte. Sie hat irgendwie ein ungutes Gef\u00fchl.\u201cALICE: \u201eDas kannst du jetzt nicht wirklich meinen. Nur weil deine Mutter ein ungutes Gef\u00fchl hat hei\u00dft das noch lange nicht, dass du dich nicht mit deinen Freunden weggehen kannst, oder?\u201cSUSI: \u201eTut mir leid. Aber morgen h\u00e4tte ich auf jeden Fall Zeit, meine Mutter ist n\u00e4mlich mit meiner kleinen Schwester unterwegs.\u201cALICE: \u201eSie sagt, sie h\u00e4tte erst morgen Zeit. Was ist mit euch?\u201cCARINA: \u201eSag ihr, sie soll ihren nicht Existierenden Hintern hierher bewegen.\u201c, sagte sie \u0001 \u0002: \u201eIch bin ganz ihrer Meinung. Vielleicht sollten wir uns in einem Cafe treffen, wenn sie sich dabei besser f\u00fchlt.\u201cALICE: \u201eSie sagen, dass du heute kommen sollst und wir treffen uns beim Tiffanys.\u201cSUSI: \u201eNa gut ich komme. Bin so in einer halben Stunde da.\u201cALICE: \u201eGut. Aber komm auch sonst wird noch ein Ungl\u00fcck geschehen.\u201cWir warteten vor dem Fast Food Restorant auf Susi und sie hielt Wort, sie kam. Sie schien nerv\u00f6s zu sein, zusammen betraten wir das Tiffanys und nach dem wir etwas Bestellt hatten, suchten wir uns einen Platz in der Ecke wo man uns nicht Belauschen konnte. Dass Restorant war bis auf uns, den Mitarbeiter und ein P\u00e4rchen auf der anderen Seite komplett leer, was f\u00fcr uns nat\u00fcrlich ein Vorteil \u0001 \u0002: \u201eGut und weshalb haben wir uns jetzt hier Versammelt?\u201c, fragte sie \u0001 \u0002: \u201eKeine Ahnung, sie haben mir auch noch nichts verraten.\u201c, sagte sie \u0001 \u0002: \u201eJessica und ich waren gestern in der Bibliothek und haben nachgeforscht.\u201cCARINA: \u201eUnd? Was habt ihr herausgefunden?\u201cJESSICA: \u201eBevor wir euch das erz\u00e4hlen, hab ich noch eine Frage. Ist in der Zwischenzeit irgendetwas bei euch Passiert?\u201cALLE: \u201eH\u00e4?\u201cCARINA: \u201eJetzt wo du es sagst. Meine Mutter ist am Sonntag die Treppen runtergefallen, das merkw\u00fcrdige dabei ist ja, dass sie weder ausgerutscht noch umgeknickt ist. Sie ist einfach gefallen.\u201cALICE: \u201eBei mir h\u00e4ngt im Schrank ein einzelner Kleiderb\u00fcgel, der mitten in der Nacht angefangen hat zu klappern, der hat sich einfach so Bewegt.\u201cSUSI: \u201eIch hab einen Schatten bei mir im Spiegel gesehen. Was ist mit dir.\u201cJESSICA: \u201eBei mir war es in der Nacht von Samstag auf Sonntag.\u201c, fing sie an.~FLASHBACK~Ich schlief in meinem Gem\u00fctlichen Bett, als mich ein leichtes Glimmern aufweckte (man Bemerke, ich hab einen sehr leichten Schlaf). Nat\u00fcrlich \u00f6ffnete ich meine Augen und sah ein wundersch\u00f6nes Blaues Licht in der Dunkelheit aufleuchten. Erst dachte ich es kommt von drau\u00dfen und rieb mir die Augen, um dann noch einmal auf dieses Mysteri\u00f6se Flammende Licht zu \u0001 \u0002: \u201eIrrlicht.\u201c, sagte ich kaum \u0001 \u0002 schwebte genau vor mir, war es ein Geist? Eine Seele? So genau wusste ich es nicht. Ich versuchte die Flamme zu Ber\u00fchren, aber es war nicht Hei\u00df, es war wohlig warm. Durch diese Zufriedenheit schloss ich meine Augen und sank in den Schlaf zur\u00fcck.~FLASHBACK ENDE~Ich erz\u00e4hlte ihnen was ich gesehen hatte. Ein Irrlicht war in meinem \u0001 \u0002: \u201eWir h\u00e4tten das mit der Beschw\u00f6rung lassen sollen. Jetzt haben wir den Salat.\u201cCARINA: \u201eWer hat denn davon angefangen?\u201cALICE: \u201eH\u00f6rt auf zu Streiten! Wie ich eben schon gesagt habe waren Jessica und ich gestern zusammen Unterwegs und uns ist etwas sehr merkw\u00fcrdiges Passiert.\u201cCARINA: \u201eWas denn?\u201cJESSICA: \u201eWillst du es erz\u00e4hlen?\u201cALICE: \u201eJa. Sie sollten es erfahren.\u201cSie erz\u00e4hlte ihnen was uns gestern an der Ampel passierte, besonders der Kerl mit der Kutte hatte ihnen einen Schreck eingejagt und das er danach pl\u00f6tzlich verschwand. Susi und Carina sind ihm zwar nicht begegnet, hatten aber Angst es k\u00f6nnte ihnen auch passieren. Wir vermuteten alle dasselbe, der Mann in der Kutte war f\u00fcr die einzelnen Ph\u00e4nomene \u0001 \u0002: \u201eDas kann nur so sein. Ich mein der ist wahrscheinlich ein B\u00f6ser Geist, den wir beschworen haben.\u201cSUSI: \u201eSagt mal habt ihr auch schon etwas \u00fcber die Buchstaben heraus gefunden?\u201cIch kramte ein Blatt heraus und entfaltete es und legte es auf den Tisch. Es war das St\u00fcck Papier, wo die Worte vom Gl\u00e4serr\u00fccken notiert waren. Beide schockierte die \u00dcbersetzung. Gedenke, dass du Sterben wirst. CARINA: \u201eIst das an uns alle gerichtet?\u201c, fragte sie \u0001 \u0002: \u201eWas machen wir jetzt? Es ist total Unheimlich, dass gerade uns solche Sachen passieren, oder?\u201cCARINA: \u201eAch wir sollten uns nicht so viel damit Besch\u00e4ftigen, das war alles nur Zufall und Einbildung.\u201cJESSICA: \u201eDu solltest nicht zu Leichtfertig damit umgehen.\u201c, sagte sie mit ernster \u0001 \u0002: \u201eWarum? Es war doch nur ein Spiel.\u201cSUSI: \u201eIch finde es trotzdem irgendwie Unheimlich.\u201cALICE: \u201eIch glaube nicht, dass es ein Zufall war.\u201cCARINA: \u201eDas ist doch totaler Schwachsinn. Ich geh Heim.\u201cCarina stand auf und ging aus dem \u0001 \u0002: \u201eCarina warte doch!\u201c, rief \u0001 \u0002: \u201eIch werde dann auch mal nach Hause gehen, meine Mama macht sich bestimmt schon Sorgen.\u201cIch blieb noch sitzen und \u0001 \u0002: \u201eIhr werdet noch sehen was ihr davon habt. Mors Certa, hora incerta. Der Tod ist sicher, nur die Stunde ist ungewiss.\u201cEin paar Tage verstrichen ohne, dass jemand Kontakt mit mir kn\u00fcpfte. Ich wartete nur darauf, dass irgendetwas passierte, denn ich wusste, dass etwas passieren \u0001 \u0002 erste Woche der Sommerferien Waren fast Verstrichen. Ich wartete am Fenster, als wenn ich jemanden erwarten w\u00fcrde, dann von weitem sah ich meine Freunde. Sie sahen Schrecklich aus. Anscheinend hatten Sie ein paar Tage lang kein Auge mehr zu bekommen. Bevor sie bei mir Klingelten, \u00f6ffnete ich bereits mit dem Summer die T\u00fcr. Sie kamen \u0001 \u0002: \u201eWoher wusstest du, dass wir kommen?\u201cALICE: \u201eJa wir haben uns doch gar nicht bei dir Angek\u00fcndigt.\u201cJESSICA: \u201eIch wusste es einfach. Jedenfalls seht ihr Schrecklich aus. Was ist passiert?\u201cSUSI: \u201eDas ist voll Schrecklich. Wir werden Heimgesucht. \u00dcberall wo wir Auftauchen passieren die Merkw\u00fcrdigsten Dinge.\u201cCARINA: \u201eJa. Uns w\u00e4re fast ein Stahltr\u00e4ger auf den Kopf gefallen.\u201cALICE: \u201eErinnere mich nicht daran. Das ist jedenfalls noch nicht alles, letztens ist ein Auto von der Stra\u00dfe abgekommen und h\u00e4tte uns fast erwischt.\u201cSUSI: \u201eOder die Ampeln schalten sich pl\u00f6tzlich alle auf Gr\u00fcn.\u201cCARINA: \u201eAber uns allen erscheint der Geist wenn wir Versuchen zu Schlafen. Am ersten Abend h\u00e4tte mich beinahe mein Regal erschlagen.\u201cALICE: \u201eJa er l\u00e4sst immer irgendwelche Gegenst\u00e4nde fallen, die uns Verletzen k\u00f6nnen.\u201cSUSI: \u201eSo wie damals dieser Dartpfeil. Ich glaube der war so etwas wie ein Vorbote oder so was.\u201cJESSICA: \u201eSo, so. Es ist also hinter uns her ja? Wir werden hier nicht Sicher sein. Hier werden nur weitere Unf\u00e4lle Passieren bis einer von uns Stirbt. Einer nach dem Anderen, bis es den Letzten von uns erwischt hat.\u201cALICE: \u201eWas sollten wir deiner Meinung nach tun?\u201cJESSICA: \u201eFliehen. Wir m\u00fcssen raus aus der Stadt. Hier sind zu viele Unfallobjekte.\u201cCARINA: \u201eUnd wo sollen wir bittesch\u00f6n hin? In den Wald oder was?\u201c, schrie sie \u0001 \u0002: \u201eDu sagst es.\u201c, antwortete sie mit einem Unheimlichen \u0001 \u0002: \u201eDas ist jetzt nicht dein ernst.\u201cJESSICA: \u201eWenn ihr fr\u00fchzeitig Sterben wollt, meinetwegen. Aber ich werde die Stadt verlassen. Wenn ihr mitkommen wollt, dann geht nach Hause und packt eure Sachen. Wir werden in K\u00fcrze abreisen.\u201cALICE: \u201eIch will noch nicht Sterben. Ich komme mit.\u201cSUSI: \u201eIch auch.\u201cCARINA: \u201eWenn Alice mitkommt, komm ich auch mit. Aber wo sollen wir denn hin?\u201cJESSICA: \u201eIch kenne einen Ort wo wir Sicher sind. Es gibt da eine Waldh\u00fctte und wir werden dort bestimmt eine Menge Spa\u00df haben.\u201c, grinste \u0001 \u0002: \u201eMit Spa\u00df kann man das echt nicht Vergleichen. Du tickst echt nicht mehr richtig.\u201cSUSI: \u201eWir sollten uns auf jeden Fall beeilen bevor sonst noch irgendwas passiert.\u201cALICE: \u201eDu hast recht. Wir m\u00fcssen so schnell wie m\u00f6glich wieder hier sein um Aufbrechen zu k\u00f6nnen.\u201cSie verabschiedeten sich schneller als sie gekommen waren. Ich konnte sich mir mein Grinsen nicht mehr \u0001 \u0002: \u201eIch hab ja auch jetzt schon meinen Spa\u00df mit euch. Ich bin mal gespannt wie sie sich in der freien Natur schlagen werden.\u201cNun war es Soweit, das was sie in der Stadt erlebt hatten, war nur der Anfang, jetzt w\u00fcrde die ganze erst richtig ernst \u0001 \u0002 trafen sich alle erneut zu bei mir, zusammen gingen wir zum Hauptbahnhof um von dort nach Runkel zu kommen. Alice hatte beschlossen, dass wir uns eine Gruppenkarte kaufen, weil dies Billiger war als wenn jede eine Karte Kaufen w\u00fcrde. Wir warteten auf den Zug und stiegen auch ein, bevor dieser Losfuhr. Eine Weile schon fuhren wir schon mit dem Zug bis jemand anfing zu \u0001 \u0002: \u201eSind wir schon da?\u201cJESSICA: \u201eNein.\u201cEin paar Haltestellen sp\u00e4ter \u0001 \u0002: \u201eSind wir schon da?\u201cJESSICA: \u201eNein.\u201cWieder ein paar Haltestellen \u0001 \u0002: \u201eSind wir schon da?\u201cALICE: \u201eJa.\u201cCARINA: \u201eWirklich?\u201cJESSICA: \u201eNEIN!\u201c, schrie sie \u0001 \u0002 war einen Moment ruhe bis der Zug zum stehen \u0001 \u0002: \u201eSind wir schon da?\u201cJESSICA: \u201eJa.\u201cCARINA: \u201eJa klar ihr Verarscht mich doch nur.\u201cAls der Zug weiterfuhr bemerkte Carina, dass ihre Freunde bereits Ausgestiegen \u0001 \u0002: \u201eHey! Das k\u00f6nnt ihr doch nicht mit mir machen!\u201cSchnaufend lief Carina hinter uns her, nachdem sie den Zugf\u00fchrer gebeten hatte noch mal \u0001 \u0002: \u201eIhr seid ja so was von Fies.\u201c, meckerte \u0001 \u0002: \u201eWenn du uns nicht nach jeder Haltestelle gefragt h\u00e4ttest, ob wir schon da sind, dann w\u00e4re das gar nicht erst passiert.\u201cCARINA: \u201eAch ja?\u201cALICE: \u201eJA!\u201c, sagte sie laut und fuchtelte mit ihren Armen \u0001 \u0002: \u201eNa toll. Jetzt streiten sie sich auch noch.\u201cJESSICA: \u201eIgnorier es einfach. Die Beruhigen sich schon wieder.\u201c, sagte sie ohne auf die anderen beiden zu \u0001 \u0002: \u201eUnd wo m\u00fcssen wir jetzt lang?\u201cIch zeigte nur in Richtung Br\u00fccke, wo wir unseren Weg fortsetzten. Wir gingen Gemeinsam durch die Stadt bis endlich der Rand eines Dunklen Waldes sichtbar \u0001 \u0002 und Carina h\u00f6rten abrupt auf zu streiten, nachdem sie das den ganzen weg \u00fcber getan \u0001 \u0002: \u201eUnd da\u2026sollen wir jetzt rein?\u201c, fragte sie \u0001 \u0002: \u201eIch glaub schon.\u201c, antwortete \u0001 \u0002: \u201eIn diesem Wald gibt es eine kleine H\u00fctte wo wir uns Verstecken k\u00f6nnen.\u201cCARINA: \u201eNicht mit mir. Ich geh da nicht rein, da gibt es bestimmt riesengro\u00dfe Viecher.\u201cALICE: \u201eJa die sind genauso gro\u00df wie dein Gehirn.\u201cCARINA: \u201eJetzt in echt?\u201c, sagte sie mit gro\u00dfen \u0001 \u0002: \u201eSo gro\u00df k\u00f6nnen sie ja dann auch wieder nicht sein.\u201cCARINA: \u201ePuh. Da bin ich aber Beruhigt\u2026Augenblick mal. Hey.\u201cWir fingen alle an zu lachen, so war die Stimmung wieder hergestellt. Unser Weg f\u00fchrte in den Dunklen Wald hinein, ich zeigte ihnen den Weg, da ich ihn schon als kleines Kind mehr als einmal gelaufen war. Na ungef\u00e4hr einer halben Stunde kamen wir endlich an der Waldh\u00fctte \u0001 \u0002: \u201eDies wird unser Zufluchtsort sein, f\u00fcrs erste.\u201c, grinste sie.***********************************************************************************So das wars mit diesem Kapitel. Hinterlasst mir doch ein paar Reviews.",
            "wordcount": "2.718",
            "chapter_release": "02.05.2010",
            "chapter_number": "4"
        },
        "5": {
            "text": "Es ist wieder Sonntag. Das bedeutet es gibt ein neues Kapi von mir. Hoffe euch gef\u00e4llt die Story bis hier \u0001 \u0002 Spa\u00df beim Lesen.***********************************************************************************Zwei Tage sind ohne irgendwelche Probleme verlaufen, es war still. Die Sonne ging allm\u00e4hlich unter. Niemand hatte etwas B\u00f6ses erwartet, als es pl\u00f6tzlich anfing zu Beben. SUSI: \u201eOh mein Gott. EIN ERDBEBEN!\u201c, schrie \u0001 \u0002 und Susi hielten sich beide fest. Ich hatte mich an dem Bein eines Tisches geklammert. Als das Erdbeben aufh\u00f6rte, merkten wir, dass jemand \u0001 \u0002: \u201eCarina?\u201c, fragte sie \u0001 \u0002 Stimme ert\u00f6nte aus dem Badezimmer (nat\u00fcrlich mit nur einer kleinen Dusche und einer Campingtoilette).CARINA: \u201eIch bin mit der Toilette umgefallen.\u201c, sagte sie \u0001 \u0002 schauten uns ungl\u00e4ubig an, \u00f6ffneten dann die T\u00fcr, die zum Badezimmer f\u00fchrte. Da sahen wir wie Carina tats\u00e4chlich auf der Umgekippten Campingtoilette sa\u00df. Das sah so Komisch aus, dass wir anfingen zu lachen, selbst Carina stimmte in das Lachen ein. Ja, ich wusste es schon immer, Lachen steckt \u0001 \u0002 Mond schien diese Nacht heller als sonst, es war Vollmond. Susi hatte die Glorreiche Idee, dass wir uns Geistergeschichten erz\u00e4hlen \u0001 \u0002: \u201eAls wenn wir nicht schon genug Probleme h\u00e4tten. Deinetwegen sind wir ja erst in diesen Schlamassel geraten.\u201cALICE: \u201eAch komm schon. Das kann uns wenigstens ein bisschen von unserer Situation ablenken, au\u00dferdem k\u00f6nnte das Witzig werden.\u201cCARINA: \u201eNa klasse, stellst du dich jetzt auf ihre Seite? Jessica sag doch auch mal was dazu.\u201c, schrie sie schon \u0001 \u0002: \u201eDa Suchst du dir echt die richtige Ansprechpartnerin.\u201cCARINA: \u201eJESSICA?\u201c, fragte sie \u0001 \u0002: \u201eIch bin f\u00fcr die Geistergeschichten.\u201cCARINA: \u201eDas kann doch nicht euer ernst sein, oder? Wo sind wir denn hier?\u201cJESSICA: \u201eDeath Angel, Kapitel 4, Seite 14.\u201c, sagte sie und hielt ein paar Zettel \u0001 \u0002: \u201eWo hast du das denn schon wieder her?\u201cSUSI: \u201eWarum wundert dich das? Sie schleppt doch immer irgendwelches Zeug mit sich rum.\u201cCARINA: \u201eLangsam glaub ich echt, die ist gest\u00f6rt.\u201cALICE: \u201eSag blo\u00df, das merkst du erst jetzt.\u201cIch wusste, dass ich nicht ganz normal bin, aber ich wei\u00df es auch ohne, dass man es mir sagen muss. Nat\u00fcrlich fing ich wieder an ein breites Grinsen im Gesicht zu kriegen. So etwas kann ich wirklich \u0001 \u0002 aber zur\u00fcck zum Thema. Wir erz\u00e4hlten uns die Gruseligsten Storys, die uns gerade einfielen, nat\u00fcrlich hatte ich die meisten auf Lager und viel zu erz\u00e4hlen. Wir hatten angefangen dar\u00fcber zu lachen und Witze \u00fcber Geister zu rei\u00dfen, ich wei\u00df selbst nicht mehr, wie wir dazu gekommen waren. Jedenfalls hatten wir uns Entspannt, bis dann pl\u00f6tzlich das Licht ausfiel, welches wir ged\u00e4mmt hatten um eine bessere Atmosph\u00e4re zu \u0001 \u0002: \u201eNa klasse jetzt das noch.\u201cSUSI: \u201eUnd was machen wir jetzt?\u201cJESSICA: \u201eIch geh mal nachsehen und schalte den Strom wieder ein.\u201c, sagte ich und ging \u0001 \u0002 ging zum Sicherungskasten und Versuchte das Licht wieder anzubekommen. Ein Rascheln erweckte meine Aufmerksamkeit. In einem der Geb\u00fcsche war etwas, es hatte Gl\u00fchende Augen in der Dunkelheit. Da ich ja so neugierig bin trat ich n\u00e4her Heran und dann\u2026Wechselten wir die Sicht auf meine Freunde. Dies ist die kurze Zeit in der ich nur die Erz\u00e4hlungen meiner Freunde hatte um diese Geschichte niederschreiben zu k\u00f6nnen, deshalb wird ab jetzt aus einer Allgemeinen Sicht \u0001 \u0002 Warteten im Wohnzimmer auf der Couch auf ihre Freundin, das Licht wurde immer noch nicht \u0001 \u0002: \u201eMan sie ist jetzt seit einer ganzen Ewigkeit da drau\u00dfen. Hat die sich Verlaufen oder was?\u201cSUSI: \u201eSollten wir nicht mal nachgucken gehen?\u201cALICE: \u201eJa. Nicht, dass ihr noch was passiert ist.\u201cCARINA: \u201eEher passiert demjenigen was, der ihr etwas antun will.\u201cALICE: \u201eStimmt auch wieder.\u201cDamit keiner alleine rausgeht und dabei noch verschwindet, hatten sie beschlossen, dass sie zusammen nach ihrer Freundin suchen. Sie gingen zu dem Sicherungskasten, wo sie eigentlich h\u00e4tte sein sollen, aber es war nichts von ihr zu \u0001 \u0002: \u201eJessica?\u201c, sagte sie \u0001 \u0002: \u201eDas hat sie gerade geh\u00f6rt. JESSICA!\u201c, schrie \u0001 \u0002 raschelte in einem \u0001 \u0002: \u201eMan Jessica erschreck uns doch nicht so. Lass diese Sp\u00e4\u00dfe endlich.\u201cDas Geb\u00fcsch raschelte erneut, aber nicht Jessica trat heraus, sondern ein Wolf, der gr\u00f6\u00dfer als Gew\u00f6hnlich war und fing an heftig zu \u0001 \u0002: \u201eMamma.\u201cALICE: \u201eEin. Ein. Ein. EIN WOLF:\u201cCARINA: \u201eOh mein Gott! Alice mach doch irgendwas.\u201c, schrie sie schon \u0001 \u0002: \u201eWas denn? Seh ich etwa so aus wie Sailor Moon?\u201c, sagte sie \u0001 \u0002 sah ihre Freundin an und stellte sie sich als Sailor Moon vor. Einen Augenblick lang sah sie das Bild von der Kriegerin vor \u0001 \u0002: \u201eIrgendwie schon.\u201c, antwortete sie \u0001 \u0002 Wolf horchte auf, auch die Freunde vernahmen etwas. Es klang wie ein Pfeifen im Wind und der Wolf drehte um, er verschwand in die Richtung in der das Ger\u00e4usch \u0001 \u0002 Freunde folgten dem Wolf (reine Neugier *hehe*), sie streiften durch den Wald zwischen \u00c4sten, B\u00fcschen und B\u00e4umen. Sie versuchten mit dem Tier mitzuhalten, sie verloren ihn, als eine Kr\u00e4he aufschrie und sie \u0001 \u0002: \u201eNa klasse jetzt haben wir das Vieh verloren.\u201cSUSI: \u201eWir m\u00fcssen unbedingt weitersuchen, der Wolf k\u00f6nnte uns auf Jessicas spur bringen.\u201cALICE: \u201eWas machen wir, wenn es sie Gefressen hat?\u201c, fragte sie \u0001 \u0002: \u201eDie l\u00e4sst sich nicht Fressen und jetzt kommt.\u201cSie gingen immer weiter Geradeaus, bis sie an eine Lichtung kamen. Das Gras wurde vom Mond erleuchtet, dort flogen Gl\u00fchw\u00fcrmchen entlang, aber das merkw\u00fcrdigste dabei war, dass sie in verschiedenen Farben \u0001 \u0002: \u201eDas ist ja Hammergeil.\u201cALICE: \u201eIch wusste gar nicht, dass es Gl\u00fchw\u00fcrmchen in so vielen verschiedenen Farben gibt.\u201c, schw\u00e4rmte \u0001 \u0002: \u201eSeht mal da dr\u00fcben steht jemand.\u201c, sagte sie und zeigte auf \u0001 \u0002 Person mit einem Langen Schwarzen Mantel und einer Kapuze, die das Gesicht verdeckte, stand inmitten eines Gl\u00fchw\u00fcrmchen Schwarms. Sie Beobachteten diese Person eine Weile, aber diese Bewegte sich nicht und scheint sie auch nicht Bemerkt zu \u0001 \u0002: \u201eOb wir den, die, es ansprechen sollten?\u201c, fragte sie \u0001 \u0002: \u201eWenn ihr noch weiter dort stehen bleibt, werdet ihr noch Wurzeln schlagen.\u201c, sagte eine ihnen Unbekannte weibliche \u0001 \u0002: \u201eTut uns leid f\u00fcr die St\u00f6rung. Eine unserer Freundin ist Verschwunden, haben Sie sie vielleicht gesehen.\u201cDie Frau streckte ihren Rechten Arm aus, eine Kr\u00e4he Flog direkt \u00fcber die K\u00f6pfe der drei Freunde hinweg, was Alice einen Schrei entlockte. Die Kr\u00e4he landete direkt auf dem Arm der Fremden \u0001 \u0002: \u201eNat\u00fcrlich habe ich sie gesehen. Sie ist dorthin zur\u00fcckgekehrt wo sie hingeh\u00f6rt.\u201c, sagte sie und streichelte die \u0001 \u0002: \u201eDankesch\u00f6n, sie ist also wieder in der H\u00fctte.\u201c, sagte sie \u0001 \u0002 drehten sich um, damit sie gehen konnten, aber als sie dies taten, stand die Frau nochmals vor ihnen. Sie \u0001 \u0002: \u201eWie haben Sie das gemacht?\u201c, fragte sie mit gro\u00dfen \u0001 \u0002: \u201eNiemand, der diesen Ort betreten hat, darf ihn jemals wieder verlassen.\u201cDie drei Freunde traten ein paar Schritte \u0001 \u0002: \u201eWir suchen eine Verr\u00fcckte und treffen auf eine Wahnsinnige, das ist irgendwie Schicksal, oder?\u201c, fragte sie ohne eine Antwort zu \u0001 \u0002 Frau fing an zu lachen, immer Lauter, bis diese sich Pl\u00f6tzlich in einem Schwarm aus Kr\u00e4hen aufl\u00f6ste. Alice schrie als die kr\u00e4hen \u00fcber sie hinweg Flogen. Dann war nur noch eine Stimme durch die Dunkelheit des Waldes \u0001 \u0002: \u201eNiemand entkommt dem Tod, selbst wenn ihr Fliehen solltet.\u201cSie starrten gebannt in den Wald hinein, immer noch \u00dcberrascht was passiert war. Selbst die Gl\u00fchw\u00fcrmchen waren \u0001 \u0002: \u201eIst das jetzt wirklich passiert?\u201cCARINA: \u201eDie sagte Tod, oder?\u201c, fragte sie die \u0001 \u0002 rannten Schreiend zur\u00fcck in die Holzh\u00fctte. Alice, die als letztes in der H\u00fctte ankam schlug sie heftig die T\u00fcr zu. Sie verschnauften eine kurze \u0001 \u0002: \u201eIch hab echt keine Ahnung wo wir hier rein geraten sind.\u201cCARINA: \u201eDas ist nur Jessicas Schuld. Wenn sie nicht alleine raus gegangen w\u00e4re, h\u00e4tten wir sie nicht suchen m\u00fcssen und w\u00e4ren diesem komischen etwas nie begegnet.\u201cSUSI: \u201eAber was ist, wenn Jessy bereits Tot ist?\u201cALICE: \u201eDer Tod hat Jessica geholt, weil sie alleine war. Sie war diejenige, die am meisten \u00fcber so was Bescheid wusste.\u201cSUSI: \u201eAber was ist, wenn sie noch am Leben ist und darauf wartet von uns gerettet zu werden.\u201cCARINA: \u201eIch sag sie ist tot und wir fahren wieder nach Hause.\u201cSUSI: \u201eIch bin ganz deiner Meinung, lasst uns nach Hause fahren.\u201cALICE: \u201eIch bin dagegen, sie ist Bestimmt noch am Leben. Wir m\u00fcssen sie finden.\u201cSUSI: \u201eIrgendwie hat sie recht.\u201cCARINA: \u201eKannst du dich mal entscheiden? Ich sage wir packen unsere Sachen und gehen. Dieses etwas, dass sich als \u201aTod\u2019 bezeichnet, hat gesagt das sie Jessica begegnet ist und sie zur\u00fcckgekehrt ist. Das hei\u00dft bestimmt, dass sie vom Tod geholt wurde.\u201cDie anderen beiden wussten nichts darauf zu erwidern und stimmten der Abreise zu, wenn auch nicht ganz Freiwillig. Nachdem sie alles gepackt hatten, gingen sie durch den dunklen Wald. Immer wieder schauten sie sich angstvoll um, sie f\u00fchlten sich beobachtet. Sie liefen und liefen, seit einer ganzen weile, aber sie hatten den Waldrand noch nicht erreichen k\u00f6nnen, obwohl sie dort vor einer Weile h\u00e4tten sein \u0001 \u0002: \u201eMan wie lange dauert es denn noch bis wir aus diesem Verdammten Wald drau\u00dfen sind?\u201c, meckerte \u0001 \u0002: \u201eDas wollte ich dich auch gerade Fragen.\u201cSUSI: \u201eLeute ich glaube ich habe diesen Baum dort dr\u00fcben schon mal gesehen.\u201cCARINA: \u201eSusi, das sind Baume, die sehen alle gleich aus.\u201c, sagte sie \u0001 \u0002 waren weiterhin unterwegs ohne auch nur einen Ton zu sagen, bis einer der B\u00fcsche vor ihnen anfing zu rascheln. Carina deutete ihnen mit einer Handbewegung, dass sie sich ruhig verhalten sollten. Sie hob einen dicken Stock vom Boden auf und warf es in das raschelnde Geb\u00fcsch, dann vernahmen sie nur noch einen Schrei. Die Freunde gingen auf das Geb\u00fcsch zu und sahen \u0001 \u0002: \u201eMan seid ihr von allen guten Geistern verlassen? Das tat weh.\u201c, sagte sie \u0001 \u0002: \u201eJessica!\u201c, sagte sie freudig und umarmte ihre Freundin \u0001 \u0002: \u201eAlice\u2026Du zerquetschst mich.\u201c, sagte sie ohne \u0001 \u0002 l\u00e4sst ihre Freundin mit einer Entschuldigung und einem Grinsen wieder \u0001 \u0002: \u201eSag mal wo hast du eigentlich gesteckt? Wir haben dich \u00fcberall gesucht.\u201c, sagte sie \u0001 \u0002: \u201eHa ha. Das ist eine Komische Geschichte.\u201c, fing sie an.~FLASHBACK~Ich ging zum Sicherungskasten und Versuchte das Licht wieder anzubekommen. Ein Rascheln erweckte meine Aufmerksamkeit. In einem der Geb\u00fcsche war etwas, es hatte Gl\u00fchende Augen in der Dunkelheit. Da ich ja so neugierig bin trat ich n\u00e4her Heran und dann stolperte ich regelrecht in diesen verdammten Busch rein und schlug mir den Kopf an. Irgendwann wachte ich wieder auf und merkte, dass meine Freunde nicht mehr da waren und ging sie suchen, bis mir pl\u00f6tzlich ein Stock an die Birne fiel.~FLASHBACK ENDE~JESSICA: \u201eJa so war das.\u201c, sagte sie \u0001 \u0002: \u201eNa toll. Du hast also die ganze Zeit hinter diesem Geb\u00fcsch gelegen und haben dich umsonst gesucht.\u201cJESSICA: \u201eWas wollt ihr eigentlich mit den Koffer?\u201c, fragte sie als sie diese \u0001 \u0002: \u201eWeil wir dich nicht mehr gefunden hatten, haben wir gedacht, du seist Tot und wollten heimfahren. Aber irgendwie finden wir den Weg nicht aus diesem Wald.\u201cALICE: \u201eJa wir h\u00e4tten doch nur von der H\u00fctte aus Geradeaus gemusst oder?\u201cJESSICA: \u201eJa. Das ist ja nicht weit bis zum Waldrand.\u201cALICE: \u201eAlso sind wir doch auf dem richtigen Weg gewesen.\u201cSUSI: \u201eHey Leute.\u201cCARINA: \u201eJa aber wir h\u00e4tten vor stunden im Zug sitzen k\u00f6nnen und w\u00e4ren vielleicht schon zuhause.\u201cSUSI: \u201eLeute.\u201c, versuchte sie auf sich aufmerksam zu \u0001 \u0002: \u201eAber warum haben wir den Waldrand noch nicht erreicht?\u201cSUSI: \u201eLEUTE!!!\u201c, schrie \u0001 \u0002 Freunde drehten sich zu ihr \u0001 \u0002: \u201eIch wei\u00df, dass klingt jetzt merkw\u00fcrdig, aber ich glaube wir sind im Kreis gelaufen.\u201cCARINA: \u201eWie kommst du auf so einen Quatsch? Wir sind die ganze Zeit Geradeaus gelaufen.\u201cSUSI: \u201eWegen dem Papier da. Ich hab es nach einer Weile in ein Busch geworfen und na ja es liegt immer noch da.\u201cALICE: \u201eUmwelt Verschmutzer.\u201c, sagte sie und zeigte auf \u0001 \u0002: \u201eAlice, du kommst vom Thema ab.\u201cALICE: \u201eMir f\u00e4llt da gerade etwas ein. Hatte die Frau nicht gesagt, dass wir den Wald nicht mehr verlassen k\u00f6nnen?\u201cJESSICA: \u201eWelche Frau?\u201c, fragte sie \u0001 \u0002: \u201eStimmt du warst ja nicht dabei.\u201cSusi erkl\u00e4rte mir was w\u00e4hrend meiner Abwesenheit passierte. Die anderen Beiden h\u00f6rten gespannt \u0001 \u0002: \u201eUnd was ist dann passiert?\u201cCARINA: \u201eDas wei\u00dft du doch, du warst dabei.\u201cALICE: \u201eUnd was bedeutet das jetzt?\u201cJESSICA: Wir kommen nicht mehr aus dem Wald heraus.\u201c, stellte sie \u0001 \u0002 Freunde liefen voran als ich noch einmal inne \u0001 \u0002: \u201eAlso ihr dachtet ich sei Tot und wolltet mich einfach so zur\u00fccklassen?\u201c, fragte sieAlice schaute Besserwisserisch zur \u0001 \u0002: \u201eIch hab dir ja gesagt, dass sie noch am Leben ist, aber nein. Du wolltest ja unbedingt nachhause.\u201cSUSI: \u201eJa wir wollten dich ja eigentlich suchen, aber Carina meinte wir sollten diesen verfluchten Wald schnellst m\u00f6glich wieder verlassen.\u201cJESSICA: \u201eIch hab euch ja alle ganz Dolle Lieb, aber dich Carina werde ich T\u00f6ten.\u201c, sagte sie s\u00fc\u00dflich mit einem L\u00e4cheln und ging zur\u00fcck Richtung \u0001 \u0002 lie\u00df meine drei Freundinnen auf dem Weg stehen die sich erstaunt \u0001 \u0002: \u201eDas meinte sie jetzt ernst oder Alice? Alice?\u201cSusi schaute sich hektisch nach ihrer Freundin um und sah wie sie bereits zu mir lief.***********************************************************************************mwahahahaha^^ so das ist das ende diesen \u0001 \u0002 mir doch ein paar Reviews^^*Kekese hinstell*",
            "wordcount": "2.223",
            "chapter_release": "02.05.2010",
            "chapter_number": "5"
        },
        "6": {
            "text": "Hi Leute! Hier ist wieder ein neues Kapitel von \u0001 \u0002 noch an meine Kommentarschreiber:The faithful poet caro (anonymer Nutzer)Viel Spa\u00df bei diesem Kapitel.***********************************************************************************Wieder in der H\u00fctte angekommen diskutierten wir wie wir aus dem Wald herauskommen. Uns wurde nun wirklich klar in welche Gefahr wir uns, durch das Gl\u00e4serr\u00fccken, gebracht hatten. ALICE: \u201eToll Susi. Wirklich ganz Toll!\u201c, sagte sie sarkastisch und leicht \u0001 \u0002: \u201eIch hab euch ja gesagt, dass ihr so etwas nicht leichtfertig hinnehmen solltet.\u201cCARINA: \u201eAls ob du alles besser w\u00fcsstest.\u201c, sagte sie \u0001 \u0002: \u201eIch wei\u00df es zumindest besser als du.\u201c, konterte \u0001 \u0002: \u201eWenn du alles besser w\u00fcsstest w\u00e4hren wir nicht in dieser Situation.\u201c, sagte sie und verlie\u00df Sauer den \u0001 \u0002 blieben zu dritt im Aufenthaltsraum w\u00e4hrend Carina im Nebenraum auf und ab ging und sich \u0001 \u0002: \u201eWie kann diese Bl\u00f6de Kuh nur so ruhig bleiben in so einer beschissenen Situation?\u201cSie versuchte angestrengt einen Ausweg zu finden, dabei bemerkte sie einen Spiegel, der an der Wand hing. Dieser sah noch \u00e4lter aus, als die H\u00fctte \u0001 \u0002: \u201eDen hab ich bisher noch gar nicht bemerkt.\u201cNeugierig ging sie auf den Spiegel zu und schaute hinein. Erschreckend bemerkte sie den Schatten hinter sich. Sie drehte sich ruckartig um, aber dort war nichts zu sehen. Ihr kam die Idee, dass sie den Geist, den sie beschworen hatten, wieder in die Geisterwelt zur\u00fcckschicken k\u00f6nnte. Carina durchw\u00fchlte die Koffer ihrer Freunde, um nach dem selbstgemachten Hexenbrett zu suchen und wurde bei Alice \u0001 \u0002 hatte sie bei Jessica gefunden und z\u00fcndete sie an. Das Hexenbrett breitete sie auf dem Boden, direkt unter dem Spiegel, aus. Einen kurzen Moment Konzentrierte sie \u0001 \u0002: \u201eIch rufe dich, du der uns ins Ungl\u00fcck gest\u00fcrzt hast. Ich befehle dir, dass du wieder ins Jenseits zur\u00fcckkehrst.\u201cIn diesem Moment fiel der Spiegel von der Wand zu Boden, ging aber nicht Kaputt. Im Spiegel wurde eine Person sichtbar, es war die Frau von der \u0001 \u0002: \u201eEs ist zu Sp\u00e4t. Es gibt kein Entkommen.\u201c, h\u00f6hnte sie und \u0001 \u0002 Nebenzimmer diskutierten wir derweil immer noch. Carina hatte sich ohne einen Laut verschanzt. Ich bekam pl\u00f6tzlich heftige Kopfschmerzen, was Alice \u0001 \u0002: \u201eWas ist? Geht es dir nicht gut?\u201cJESSICA: \u201eEs sind nur Kopfschmerzen, k\u00f6nntest du mir die Kopfschmerztabletten aus meinem Koffer holen?\u201cAlice nickte zustimmend und ging in den Raum, wo Carina sich aufhielt. Als sie die T\u00fcr \u00f6ffnete sah sie ihre Freundin auf dem Boden vor einem Spiegel \u0001 \u0002: \u201eWas machst du denn da?\u201cCARINA: \u201eIch versuche wenigstens etwas zu unternehmen, im Gegensatz zu euch.\u201cALICE: \u201eHast du etwa versucht diesen Geist nochmal zu Beschw\u00f6ren?\u201cCARINA: \u201eJa hab ich.\u201cALICE: \u201eBist du Bescheuert? Willst du uns noch mehr in die Schei\u00dfe reiten?\u201c, meckerte \u0001 \u0002 ging aufgebracht zu Carina, entriss ihr das Papier Hexenbrett und zerriss es, danach schmiss sie es in den \u0001 \u0002: \u201eWas soll das? Das war unsere einzige M\u00f6glichkeit den Geist wieder zur\u00fcck zu schicken.\u201cALICE: \u201eDu treibst uns nur noch mehr in die Schei\u00dfe.\u201cSusi und ich bemerkten, dass sie sich stritten und gingen neugierig zu den \u0001 \u0002: \u201eWas ist denn hier los?\u201cALICE: \u201eCarina hat versucht, den Geist noch mal zu Beschw\u00f6ren.\u201cSUSI: \u201eWas? Das hast du doch nicht wirklich getan, oder?\u201cCARINA: \u201eIch sitze zumindest nicht tatenlos rum so wie ihr!\u201c, sagte sie \u0001 \u0002: \u201eDu wei\u00dft schon, dass es f\u00fcr die R\u00fcckf\u00fchrung des Geistes bereits zu sp\u00e4t ist. Der Geist hat die volle Kontrolle \u00fcber das geschehen, es kann tun und lassen was es will.\u201cALICE: \u201eOh Gott! Oh Gott! Oh Gott! Was machen wir jetzt?\u201d, fuchtelte sie mit ihren armen \u0001 \u0002: \u201eWir werden STERBEN!!!\u201c, schrie \u0001 \u0002: \u201eBleibt ruhig!\u201c, sagte sie \u0001 \u0002: \u201eSeht ihr was ich meine? Sie ist vollkommen Verr\u00fcckt!\u201c, stellte sie \u0001 \u0002: \u201eNein ich bin Wahnsinnig. Aber das wusstet ihr sicher schon. Wir h\u00e4tten den Geist damals im Keller bereits zur\u00fcckschicken m\u00fcssen, aber irgendjemand wollte ja die Beschw\u00f6rung abbrechen. Wir wollen ja niemanden ansehen.\u201c, sagte sie sarkastisch und schaute ihre beiden Freundinnen \u0001 \u0002: \u201eTut mir leid.\u201c, sagte sie \u0001 \u0002: \u201eAch auf einmal ist es unsere Schuld oder was?\u201cALICE: \u201eNat\u00fcrlich! Ihr wolltet doch unbedingt abbrechen.\u201cCARINA: \u201eKlar wollten wir abbrechen! Du hattest doch auch Angst.\u201cALICE: \u201eJa klar hatte ich Angst, aber ich h\u00e4tte weitergemacht und zumindest den Geist h\u00e4tten wir zur\u00fcckschicken m\u00fcssen. Du hattest mehr Angst als ich oder wer war diejenige, die mich geschlagen hat als die Kerze herunter fiel.\u201cJESSICA: \u201eStimmt, das hab ich ja total vergessen.\u201c (und vergessen zu erw\u00e4hnen ^.^;)SUSI: \u201eNiemand von uns hatte geahnt, dass es soweit kommen w\u00fcrde und dass wir jetzt in diesem Wald feststecken. - WIR WERDEN STERBEN!!!!\u201cALICE: \u201eSUSI! Niemand wird hier sterben. Wir kommen h\u00f6chstens in die Klapse, aber wir werden nicht sterben.\u201c, sagte sie mit zusammengebissenen \u0001 \u0002: \u201eHm. Ich habe geh\u00f6rt, dass das essen dort ziemlich gut sein soll.\u201c, bemerkte sie Grinsend und ging zur\u00fcck in den \u0001 \u0002 war Dunkel, die Sonne h\u00e4tte bereits aufgehen m\u00fcssen, aber seit Stunden hatte sich nicht der leiseste Sonnenstrahl gezeigt. Der Wald war still bis auf die \u00fcblichen Ger\u00e4usche. Wir versuchten mit allen Mitteln zu Schlafen, aber nach dem letzten Vorfall mit dieser Geheimnisvollen Frau auf dieser Lichtung, welches man mir ausf\u00fchrlich erz\u00e4hlt hatte, konnte keiner auch nur ein Auge zudr\u00fccken, nat\u00fcrlich mit einer Ausnahme\u2026ich konnte seelenruhig und eingemummt in meinem Schlafsack \u0001 \u0002 lautes knacken lies meine Freunde aufschrecken, auch ich vernahm es, wachte dadurch auf und blieb ruhig \u0001 \u0002: \u201eWas war das?\u201c, fl\u00fcsterte sie in den \u0001 \u0002: \u201eIch glaube da ist jemand.\u201c, stellte sie leise \u0001 \u0002: \u201eDas glaub ich doch jetzt wohl nicht. Schaut euch die an. Wie kann die nur in so einer Heiklen Situation Schlafen?\u201c, fl\u00fcstert sie \u0001 \u0002: \u201eWir sollten nachschauen was das war.\u201c, schlug sie \u0001 \u0002: \u201eD-das war bestimmt nur ein kleines unschuldiges Kaninchen, dass sich in der Nacht verlaufen hat.\u201c, sagte sie \u0001 \u0002: \u201eNat\u00fcrlich. Kaninchen sind ja auch nachtaktiv. Ich bin auch daf\u00fcr, dass wir nachschauen.\u201cSUSI: \u201eSollten wir Jessica nicht Wecken?\u201cALICE: \u201eDas w\u00fcrde ich an deiner stelle nicht machen.\u201cSUSI: \u201eWieso?\u201cALICE: \u201eNa ja. Ich kenne sie gut genug um zu sagen, dass sie ziemlich ausflippt, wenn man sie wegen nichts weckt.\u201cCARINA: \u201eAls wenn dieses knacken nichts war.\u201cALICE: \u201eStimmt schon, aber wenn es wirklich nur ein kleines Tier war und sie geweckt haben macht sie uns die H\u00f6lle hei\u00df.\u201cCARINA: \u201eAls wenn sie sich gegen uns durchsetzen k\u00f6nnte.\u201c, sagte sie \u0001 \u0002: \u201eGehen wir jetzt nachschauen oder nicht?\u201c, fragte sie vorsichtig in die \u0001 \u0002 entschieden sich mich Schlafen zu lassen und traten nach drau\u00dfen, nur mit einer Taschenlampe bewaffnet. Der Wald sah im Dunkeln unheimlich aus und \u00fcberall waren nachtaktive Tiere unterwegs, die durch das Licht der Taschenlampe aufschreckten und \u0001 \u0002 aneinander suchten sie die Umgebung ab, sahen dennoch nichts Verd\u00e4chtiges. Ein Geb\u00fcsch nach dem anderen raschelte kurz auf, die Freunde erschraken. Auf einem Ast sa\u00df eine Kr\u00e4he, die alles beobachtete und einen Schrei \u0001 \u0002: \u201eAAAAAAAAAAAAAAAHHHHHHHHHHHHHHHHHH!!!!!\u201c, schrie sie und dieser Schrei hallte durch den Dunklen \u0001 \u0002: \u201eBist du Bescheuert? Erschreck mich doch nicht so.\u201cSUSI: \u201eWir sollten wieder zur\u00fcck zur H\u00fctte. Jessica wei\u00df ja nicht wo wir sind und macht sich bestimmt schon sorgen um uns.\u201c, schlug sie \u0001 \u0002: \u201eDie hat bestimmt noch nicht mal gemerkt, dass wir weg waren.\u201c, bemerkte \u0001 \u0002 liefen den ganzen weg wieder zu der Waldh\u00fctte zur\u00fcck, dort angekommen setzten sie sich auf ihre Schlafs\u00e4cke und unterhielten \u0001 \u0002: \u201eIch hab ja gesagt, dass sie es noch nicht mal gemerkt hat.\u201cSUSI: \u201eJa du hast recht.\u201c, sagte sie \u0001 \u0002 schaute auf die Schlafende und merkte, dass etwas nicht stimmte, ihre Freunde bemerkten \u0001 \u0002: \u201eAlice? Ist alles in Ordnung?\u201cALICE: \u201eIch hab irgendwie ein merkw\u00fcrdiges Gef\u00fchl, irgendwas stimmt hier nicht.\u201c, sagte sie \u0001 \u0002: \u201eWas soll hier nicht stimmen? Es ist doch alles in Ordnung. Wir sind hier nur in einer Gott verdammten H\u00fctte in einem Gott verdammten Wald!!!\u201c, sagte sie und wurde immer \u0001 \u0002 ging zu Jessicas Schlafsack, aber sie lag nicht wie angenommen darin, sie war \u0001 \u0002: \u201eSie ist gar nicht da.\u201c, sagte sie \u0001 \u0002 fing jemand an zu lachen, aber nirgendwo war etwas zu sehen. Die drei Freunde stellten sich n\u00e4her beieinander und schauten sich \u0001 \u0002: \u201eNiemand wird diesen Wald Lebend verlassen. Ha, ha, ha.\u201cSUSI: \u201eMamma.\u201cCARINA: \u201eOh Sch\u2026eibenkleister.\u201cALICE: \u201eWas hast du mit unserer Freundin gemacht?\u201c, fragte sie \u0001 \u0002 Person trat aus dem Schatten, es war die Frau von der \u0001 \u0002: \u201eIch habe mit ihr das gemacht, was euch nun Bl\u00fcht.\u201c, sagte sie und zeigte auf die \u0001 \u0002 Freunde schauten erschrocken, rannten so schnell sie konnten an die T\u00fcr und hinaus in den Dunklen \u0001 \u0002: \u201eTze. Als wenn ihr dem Tod entkommen k\u00f6nntet.\u201c, sagte sie belustigt und leckte sich \u00fcber die \u0001 \u0002 trat nur langsam aus der H\u00fctte, der Wind kam auf und eine Kr\u00e4he kam aus dem Wald geflogen, landete dann auf ihrer Schulter. Der Tod hielt dem Vogel die Hand hin worauf es anschlie\u00dfend \u0001 \u0002: \u201eFlieg und beobachte sie. Ich werde in K\u00fcrze zu euch sto\u00dfen.\u201c, sagte sie und der Vogel erhob sich mit einem Kr\u00e4hen in die \u0001 \u0002 Mond war Hell und Beleuchtete alles, es war eine warme Nacht die seit Tagen nicht verschwand, dennoch hatte niemand etwas gemerkt. Ein Knurren lie\u00df den Tod aufhorchen, es war der Wolf der den drei Freunden bereits \u0001 \u0002: \u201eSoll ich sie Zerfleischen?\u201c, fragte \u0001 \u0002: \u201eNein. Ich werde es H\u00f6chstpers\u00f6nlich tun.\u201c, antwortete diese und ging Richtung \u0001 \u0002, Alice und Susi rannten tiefer in den Wald hinein, bis diese schlie\u00dflich auf der Lichtung \u0001 \u0002: \u201eWir sind schon wieder hier Gelandet.\u201cCARINA: \u201eAls wenn wir das nicht mitbekommen h\u00e4tten.\u201c, keifte \u0001 \u0002: \u201eWas machen wir denn jetzt? Wir k\u00f6nnen nicht aus dem Wald heraus und Jessica hat sie auch noch entf\u00fchrt.\u201cCARINA: \u201eDu hast doch geh\u00f6rt, dass sie sie Umgebracht hat.\u201cALICE: \u201eNein! Sie hat nicht mit einem Wort erw\u00e4hnt, dass sie sie Umgebracht hat. Das erste Mal war es auch so als wir das gedacht hatten.\u201cDie Lichtung fing an zu Gl\u00fchen, auf dem Gras sa\u00dfen viele Gl\u00fchw\u00fcrmchen, die in die Luft Flogen und alles erstrahlte wieder wie damals als sie diese Lichtung \u0001 \u0002: \u201eEs ist genauso wie damals, als wir das erste Mal hier waren.\u201c, bemerkte \u0001 \u0002: \u201eDas ist irgendwie Gruselig.\u201cCARINA: \u201eWir haben gr\u00f6\u00dfere Probleme als diese Gl\u00fchw\u00fcrmchen.\u201c, sagte sie \u0001 \u0002: \u201eStimmt, der Tod ist schlie\u00dflich hinter euch her.\u201c, sagte eine Stimme hinter \u0001 \u0002: \u201e Genau der Tod ist hinter uns her und\u2026\u201cSie brach mitten im Satz ab und drehte sich langsam um. Dort stand ihre verschwundene \u0001 \u0002: \u201eJessica!\u201c, rief sie \u0001 \u0002: \u201eGott sei Dank dir geht es gut.\u201cCARINA: \u201e Du hast echt nerven mich einfach so zu erschrecken.\u201cJessica sch\u00fcttelte nur ihren \u0001 \u0002: \u201eH\u00f6rt mir gut zu, denn ich sag es nur ein Mal.\u201c, sagte sie und hob dabei mahnend den \u0001 \u0002: \u201eWas hast du jetzt schon wieder f\u00fcr einen Mist angestellt?\u201cJESSICA: \u201eSei vorsichtig was du Sagst sonst hast du sp\u00e4ter ziemliche Probleme.\u201c, sagte sie \u0001 \u0002: \u201eDu kannst ihr wenigstens ein Mal richtig zuh\u00f6ren und die Sache ernst nehmen.\u201c, sagte sie \u0001 \u0002: \u201eAls wir damals diesen Geist Beschworen hatten, haben wir einige Fehler gemacht. Das was wir Beschworen hatten war nicht Carinas Oma, wir h\u00e4tten keinen Namen angeben d\u00fcrfen, das hat einen B\u00f6sen Geist angelockt. Und dieser H\u00e4lt uns hier im Wald fest.\u201cCARINA: \u201eMoment mal. Und was ist mit dieser Frau? Ist das dieser Geist?\u201cJESSICA: \u201eNein. Sie ist der Tod. Sie ist nur hier um eure Verfluchten Seelen einzusammeln.\u201cSUSI: \u201eOh mein Gott! Wir werden doch Sterben.\u201cALICE: \u201eSusi. Kannst du sie nicht ausreden lassen?\u201c, sagte sie und stemmte die H\u00e4nde in die \u0001 \u0002: \u201eOh Man. Jedenfalls gibt es eine M\u00f6glichkeit eurem Schicksal zu entkommen. Findet den Geist und Versiegelt ihn.\u201cCARINA: \u201eUnd wie sollen wir das bitte sch\u00f6n machen?\u201cJESSICA: \u201eIn dieser Richtung gibt es eine H\u00f6hle. Dort h\u00e4lt sich die Wurzel allen \u00dcbels auf. Nehmt diesen Bannzettel und heftet es an seinen K\u00f6rper, dann wird er Automatisch Versiegelt.\u201cAlice nahm den Zettel an sich und steckte ihn in ihre \u0001 \u0002: \u201eUnd so kommen wir aus dem Wald heraus?\u201c, fragte sie \u0001 \u0002: \u201eWarum hast du uns das nicht schon fr\u00fcher Gesagt?\u201c, meckerte \u0001 \u0002: \u201eWeil ihr mich nicht Gefragt habt deshalb und jetzt geht.\u201cDie drei Freundinnen wandten sich in die Richtung in die Jessica gezeigt hatte. Sie gingen los, aber Alice hielt inne, Carina uns Susi blieben ebenfalls stehen, sie sahen Alice \u0001 \u0002: \u201eWas ist denn schon wieder Alice?\u201cALICE: \u201eWillst du nicht mitkommen?\u201c, fragte sie \u0001 \u0002: \u201eJa du k\u00f6nntest uns zur Abwechslung auch mal helfen.\u201cJESSICA: \u201eIch w\u00fcrde wenn ich k\u00f6nnte. Vorerst kann ich diesen Ort nicht verlassen, ich muss hierbleiben.\u201cCARINA: \u201eBl\u00f6de ausrede. Kommt lasst uns gehen.\u201c, sagte sie zu den \u0001 \u0002 gingen ein St\u00fcck durch den Wald. Alice schaute noch ein Mal zur\u00fcck wo ihre Freundin gestanden hatte, aber sie war schon wieder \u0001 \u0002 Zeit liefen sie schon durch den Wald, bis sie endlich diese H\u00f6hle gefunden hatten, wo sie dieser \u201eB\u00f6se Geist\u201c sein Unwesen treiben \u0001 \u0002: \u201eMeint ihr, das war eine gute Idee?\u201cCARINA: \u201eDu willst doch auch nach Hause oder nicht?\u201c, fragte sie \u0001 \u0002 nickte ihr nur \u0001 \u0002: \u201eDann lasst uns reingehen.\u201c, sagte sie mit zittriger \u0001 \u0002 kramte eine Taschenlampe aus ihrem Beutel, den sie mitgenommen hatte, sie machte diese an und erleuchtete ein Teil der \u0001 \u0002 gingen sie tiefer in die H\u00f6hle hinein. Das ein oder andere Mal h\u00f6rte man sie schreien, wenn eine Fledermaus \u00fcber ihren K\u00f6pfen hinweg flog. Je Tiefer sie in die H\u00f6hle gingen, bekamen sie immer mehr Angst diesen Geist zu sehen. Ein weiterer Schwarm Flederm\u00e4use wurde von dem Licht aufgeschreckt und sie Flogen nach drau\u00dfen, dabei erschraken die M\u00e4dchen und Carina hat dabei die Taschenlampe fallen \u0001 \u0002: \u201eNa klasse, jetzt m\u00fcssen wir im Dunkeln rumlaufen. Gut Gemacht, Carina.\u201cCARINA: \u201eWas kann ich denn jetzt daf\u00fcr? Die Flederm\u00e4use haben mich erschreckt.\u201cSusi bemerkte, dass in einer der G\u00e4nge ein schwaches Licht \u0001 \u0002: \u201eLeute seht euch das mal an.\u201cDie anderen zwei bemerkten ebenfalls das Licht und gingen langsam darauf zu. Die Lichtquelle bewegte sich weiter, als wolle sie die Freunde irgendwo hin f\u00fchren. Nat\u00fcrlich f\u00fchrte es sie nach \u0001 \u0002: \u201eNa klasse, jetzt sind wir wieder drau\u00dfen angekommen. Kommt wir m\u00fcssen wieder in die H\u00f6hle zur\u00fcck.\u201cALICE: \u201eNein wartet. Wir sind zwar wieder drau\u00dfen, aber wir sind nicht dort wo wir reingekommen sind.\u201c, bemerkte \u0001 \u0002: \u201eWoher willst du das wissen?\u201c, fragte \u0001 \u0002: \u201eSeht euch doch mal um. Wir waren in einem Wald, aber jetzt sind wir in einer Art verstecktem Tal.\u201cSUSI: \u201eDu hast recht. Wir sind von Felsen umgeben und dort oben gibt es gar keine Decke.\u201cCARINA: \u201eDas hei\u00dft wir sind auf dem richtigem weg.\u201c, sagte sie \u0001 \u0002 Gl\u00fchw\u00fcrmchen schwirrte durch die Freunde hindurch, nach ein paar Metern flog es wirr auf einer stelle und schien auf sie zu \u0001 \u0002: \u201eDas Gl\u00fchw\u00fcrmchen hat uns anscheinend hier her gef\u00fchrt.\u201cCARINA: \u201eDas ist doch jetzt nicht dein ernst.\u201c, sagte sie \u0001 \u0002: \u201eIch glaub schon, dass es die Lichtquelle war und uns gef\u00fchrt hat. Gott ist uns gn\u00e4dig.\u201cCARINA: \u201eNa klasse, ne Gottesanbeterin.\u201c, sagte sie und klatschte sich an die \u0001 \u0002: \u201eLos gehen wir! Immer nur hinter F\u00fcnkchen her.\u201cCARINA: \u201eF\u00fcnkchen?\u201cALICE: \u201eKlar. Unser Helferchen braucht schlie\u00dflich auch einen Namen.\u201c, sagte sie \u0001 \u0002 gingen langsam und sicher hinter dem Gl\u00fchw\u00fcrmchen her, bis sie an einen Riesigen Baum zum stehen kamen. Der Baum war riesig und dick, es hatte etwas Heiliges an sich. Viele Gl\u00fchw\u00fcrmchen schwirrten drum herum, unten an der Wurzel war eine H\u00f6hle. Am Eingang der H\u00f6hle gab es eine Treppe, die in die Tiefe f\u00fchrte. Der Ganze Baum wurde nicht nur von au\u00dfen, sondern auch von innen Beleuchtet. Es ging sehr tief in die Erde hinein, tiefer und immer tiefer stiegen sie die Treppe hinab, bis sie endlich am Ende ankamen. Sie trauten ihren Augen nicht, was sie dort sahen. Ihre Freundin Jessica hing leblos am Eingang einer Weiteren H\u00f6hle, die von einer Felswand Blockiert wurde. Jedes Glied war vom K\u00f6rper Gestreckt, so wie bei einem Stern. ALICE: \u201eOh mein Gott.\u201c, brachte sie nur stockend \u0001 \u0002: \u201e Wie kann das sein?\u201c, fragte sie \u0001 \u0002: \u201eJessica! Lass diese Spielchen, wir haben endg\u00fcltig genug von deinen Bl\u00f6den Spielchen.\u201c, sagte sie \u0001 \u0002 Jessica regte sich nicht. Carina ging schnurstracks auf sie zu und Packte sie am Hals, aber sie lie\u00df gleich wieder von ihr \u0001 \u0002: \u201eSie. Sie ist Tot.\u201c, sagte sie ohne Atem nachdem sie keinen Puls sp\u00fcren konnte.***********************************************************************************So jetzt geht es langsam dem ende \u0001 \u0002 k\u00f6nnt in meinem Profil das Datum der n\u00e4chsten Kapitel anschauen und was als n\u00e4chstes geplant \u0001 \u0002 mir doch ein paar Kommis. *S\u00fcsigkeiten dalas*Lg Jessa",
            "wordcount": "2.823",
            "chapter_release": "02.05.2010",
            "chapter_number": "6"
        },
        "7": {
            "text": "Hier bin ich wieder mit dem n\u00e4chsten \u0001 \u0002 ein herzliches Dankesch\u00f6n an meine Review schreiber:caro (anonymer Nutzer)The faithful poet ich w\u00fcnsche euch viel spa\u00df beim lesen.***********************************************************************************Alle wurden bei Jessicas Leiche Blass und Carina musste sich \u00fcbergeben, bei dem Gedanken, dass sie eine Leiche angefasst \u0001 \u0002: \u201eDas kann doch unm\u00f6glich sein. Wir haben doch eben noch mit ihr geredet. Sie kann noch nicht so lange Tot sein.\u201cCARINA: \u201eIch glaube, dass sie schon seit l\u00e4ngerer Zeit Tot ist. Sie ist Eis kalt.\u201cSUSI: \u201eDer Tod hat sie geholt. Uns wird es genauso ergehen, wenn wir diesen Geist nicht Versiegeln.\u201c, sagte sie fast Verzweifelt und sinkt zu \u0001 \u0002: \u201e Lasst euch nicht unterkriegen. Wir m\u00fcssen das nur schnell zu Ende bringen und dann k\u00f6nnen wir nach Hause.\u201c, sagte sie \u0001 \u0002: \u201eUnd was machen wir mit Jessica? Wir k\u00f6nnen sie doch nicht einfach hier lassen.\u201cCARINA: \u201eWas sollen wir deiner Meinung nach tun? Sollen wir sie etwa aus dem Wald schleppen und der Polizei die Story mit dem Gl\u00e4serr\u00fccken und den Geistern erz\u00e4hlen? Die werden uns f\u00fcr Verr\u00fcckt erkl\u00e4ren.\u201cSUSI: \u201eCarina hat recht. Man k\u00f6nnte uns den Mord anh\u00e4ngen.\u201cSTIMME: \u201eIch hab euch bereits erwartet.\u201c, hallte eine unheimliche Stimme durch die \u0001 \u0002 drei Freunde schauten sich erschrocken um, konnten aber nichts entdecken. Dann fiel ihr Blick auf die Tote. Pl\u00f6tzlich verschwand der K\u00f6rper, hinter dem K\u00f6rper war ein blutiges Pentagramm zu sehen und dann schob sich die Felswand beiseite, ein Gang kam zum Vorschein. Nat\u00fcrlich gingen sie hindurch, sie kamen in einen riesigen Raum, dieser Schimmerte in verschiedenen Farben. Genau wie die Gl\u00fchw\u00fcrmchen es \u0001 \u0002: \u201eHa, ha. Das ihr wirklich her gekommen seid, obwohl eure Freundin es nicht \u00fcberlebt hatte und ihr Menschen normalerweise nicht an so etwas wie Geister Glaubt. Das ist wirklich Beeindruckend.\u201c, h\u00f6hnte \u0001 \u0002: \u201eWas willst du eigentlich von uns? Wir haben dir doch gar nichts getan.\u201c, sagte sie \u0001 \u0002: \u201eIhr habt michgerufen und bei meinem Schlaf gest\u00f6rt. So eine Frechheit lass ich mir von euch Menschen nicht bieten. Deshalb werde ich mir eure Seelen nehmen, auch wenn es mit Gewalt sein muss.\u201c, knurrte er \u0001 \u0002: \u201eAlso warst du es die ganze Zeit. Du hast uns in der Stadt verfolgt und Gejagt.\u201cSTIMME: \u201eHa, ha. Genau. Ihr habt nicht den Hauch einer Chance ohne eure kleine Tote Freundin.\u201cCARINA: \u201eWieso sollten wir ohne sie keine Chance haben?\u201c, fragte sie \u0001 \u0002: \u201eWeil sie die meiste Spirituelle Kraft hatte und viel \u00fcber so etwas Bescheid wei\u00df, deshalb musste ich sie als erstes Beseitigen.\u201c, lachte \u0001 \u0002: \u201eLos Zeig dich, wir haben keine Angst vor dir.\u201c, sagte sie \u0001 \u0002: \u201eBist du Wahnsinnig? Provozier es doch nicht noch.\u201c, fl\u00fcstert sie Alice \u0001 \u0002 antwortete ihrer Freundin nicht und wartete ab. Der Geist materialisierte sich vor ihnen, es war kein Menschliches Wesen, sondern eine riesige feurige zweischw\u00e4nzige Katze. Alle staunten nicht schlecht, als dieser Geist vor ihnen \u0001 \u0002: \u201eVerdammt. Ich hab ne Katzen Allergie.\u201c, sagte sie mit gro\u00dfen \u0001 \u0002: \u201eWas?\u201c, fragte sie \u0001 \u0002: \u201eStimmt doch gar nicht. Du hast doch selbst ne Katze zu Hause.\u201cSUSI: \u201eStimmt, aber nicht so eine gro\u00dfe.\u201c, sagte sie \u0001 \u0002: \u201eSeid ihr fertig mit Diskutieren?\u201c, fauchte er \u0001 \u0002 schauten ihn an und bemerkten sein geh\u00e4ssiges und Mord l\u00fcsternes Grinsen. Er stand direkt in voller Gr\u00f6\u00dfe vor ihnen. Man sp\u00fcrte, dass sie Angst vor so einem Gro\u00dfen Geist hatten, aber um aus diesem Wald herauszukommen mussten sie dieses Ding Versiegeln und das w\u00fcrde nicht einfach werden. Alice holte den Bannzettel aus ihrer Tasche, sie \u00fcberlegte wie sie dem Geist den Bannzettel so schnell wie m\u00f6glich anheften k\u00f6nnen. Sie rief ihre Freundinnen zu sich um sich mit ihnen zu beraten, Alice hatte anscheinend eine \u0001 \u0002 zerteilten sie sich, jede rannte in eine andere Richtung und Versuchten so in die N\u00e4he des Geistes zu kommen, dieser konnte sie aber immer wieder abwehren. Der Katzengeist war von dem \u201aKatz und Maus\u2018 Spiel so gefangen, dass er nicht merkte wie sich Alice mit dem Bannzettel von hinten anschlich und ihm auf einer seiner Hinterl\u00e4ufe heftete, welches den Geist sofort, mit einem Schrei dieser Katze, Versiegelte. Nur noch der Nebel war \u00fcbrig \u0001 \u0002: \u201eDas war ja einfach. Das war wirklich eine gute Idee.\u201cSUSI: \u201eDas nennst du einfach? Wir w\u00e4ren fast als Katzenfutter geendet.\u201c, schrie sie \u0001 \u0002: \u201eIch wei\u00df nicht, irgendwie war es zu einfach.\u201c, sagte sie \u0001 \u0002: \u201eDu solltest dich lieber Freuen. Wir haben es \u00fcberstanden und k\u00f6nnen endlich nach Hause.\u201c, sagte sie \u0001 \u0002 etwas anderes forderte ihre Aufmerksamkeit. In der Dunkelheit der Nacht fing pl\u00f6tzlich jemand an Psychopatisch zu Lachen. Nebel zog auf und schien sie zu Verschlingen, alle schlossen vor Angst ihre Augen und als sie diese Schwei\u00dfgebadet wieder \u00f6ffneten waren sie im Ort des Geschehens, in Jessicas Keller wo sie die Geisterbeschw\u00f6rung durchgef\u00fchrt hatten. Und vor bzw. neben ihnen sa\u00df \u0001 \u0002: \u201eGeht es euch gut?\u201c, fragte sie \u0001 \u0002: \u201eJessica! Oh mein Gott du bist am Leben.\u201c, sagte sie und umarmte \u0001 \u0002: \u201e\u00c4h! Ja?\u201c, sagte sie \u0001 \u0002: \u201eHaben wir uns das nur alles eingebildet?\u201cSUSI: \u201eScheint so.\u201c, sagte sie \u0001 \u0002: \u201eIst mit euch alles in Ordnung? Soll ich die Leute im wei\u00dfen Kittel schon einmal Bestellen?\u201c, fragte sie mit einem undefinierbaren \u0001 \u0002: \u201eSpinnst du? Wir sind doch nicht Verr\u00fcckt.\u201cJESSICA: \u201eHi, hi. Was ist schon normal? Hi, hi. Wahrheit und Wahnsinn liegen n\u00e4her beieinander als man glaubt.\u201c, sagte sie mit einem Wahnsinnigen \u0001 \u0002 legte besorgt eine Hand auf Jessicas Schulter und ihre Umgebung l\u00f6ste sich auf, genau wie ihre Freundin. Die Haut l\u00f6ste sich langsam und lie\u00df das Fleisch und dann die Knochen blicken, die dann zus\u00e4tzlich zu Staub verfielen. Sie lie\u00dfen alle einen entsetzten Schrei von sich \u0001 \u0002: \u201eWas ist hier eigentlich los?\u201c, fragte sie sich und hielt sich den \u0001 \u0002 hallte dieses Psychopatische Lachen den nicht vorhandenen Schwarzen \u0001 \u0002: \u201eWer bist DU!!!\u201c, schrie sie \u0001 \u0002: \u201eIch bin das was ihr F\u00fcrchtet. Ich bin das was euch erwartet. Ich bin das was euch erl\u00f6st.\u201c, fl\u00fcstert die unheimliche \u0001 \u0002: \u201eWarum l\u00e4sst du uns nicht in Ruhe? Du hast doch schon unsere Freundin, reicht dir das denn nicht?\u201c, schrie sie und hielt sich immer noch ihren \u0001 \u0002: \u201eNiemand entkommt mir, au\u00dfer ich will es. Lasst mich noch ein bisschen mit euch Spielen. Schreit. Schreit nur so Laut ihr k\u00f6nnt, es wird euch niemand H\u00f6ren.\u201c, h\u00f6hnte die Stimme \u0001 \u0002: \u201eNein! Das kann doch nicht alles Wirklich Passieren. Ich will nach Hause.\u201c, fing sie an zu \u0001 \u0002: \u201eDas kann nicht die Wirklichkeit sein.\u201cSTIMME: \u201eEs ist auch nicht die Wirklichkeit. Ihr seid bereits alle Tot, schon als ihr mir das erste Mal begegnet seid.\u201cCARINA: \u201eNEIN! NEIN! NEIN!\u201c, schrie \u0001 \u0002: \u201eDu bist der Tod.\u201c, sagte sie kaum \u0001 \u0002: \u201eStimmt genau. Und ihr werdet sch\u00f6n brav mein kleines Spiel mitspielen bevor ich euch in der H\u00f6lle abliefere.\u201cALICE: \u201eWarum in die H\u00f6lle? Wir haben doch nichts B\u00f6ses getan! Wir sind einfach normale M\u00e4dchen, die in die Schule gehen.\u201cTOD: \u201eIhr habt Versucht Geister zu Beschw\u00f6ren.\u201cALICE: \u201eWas ist so schlimm daran? Einen Geist zu Beschw\u00f6ren. Wir haben unseren Geist Versiegelt und du kannst ihn gerne haben, aber lass uns gehen.\u201c, flehte \u0001 \u0002: \u201eNarren! Nur weil ihr einen kleinen D\u00e4mon gefangen habt hei\u00dft das nicht, dass man eure Seelen begnadigt. Jede Geisterbeschw\u00f6rung hat einen Preis. In eurem fall kostet es eure Seele.\u201c, sagte sie \u0001 \u0002: \u201eBitte. Die zwei sind am Ende und meine beste Freundin hast du mir auch genommen. Es ist einfach genug!!!\u201c, schrie sie und die schw\u00e4rze um sie herum l\u00f6ste sich langsam \u0001 \u0002 standen wieder auf der Lichtung in dem sie dem Tod mit den vielen Gl\u00fchw\u00fcrmchen getroffen hatten. Der Mond schien immer noch sehr hell. Aus dem Schatten der B\u00e4ume trat eine Person mit einer Kutte heraus, es war der \u0001 \u0002: \u201eIch wiederhole mich nicht gerne. Eure Seelen sind verflucht und geh\u00f6ren demnach dem Teufel.\u201cSUSI: \u201eIch will nicht sterben.\u201c, heulte \u0001 \u0002: \u201eDas ist alles nur ein Traum. Ein ganz b\u00f6ser Traum.\u201cALICE: \u201eKommt zu euch!!! Ihr wollt doch auch nach Hause, nehmt euch zusammen!!!\u201c, schrie sie ihre Freunde \u0001 \u0002: \u201eSie werden nie mehr so sein wie fr\u00fcher, sie hat der Wahn bereits gepackt. Angst leitet sie und l\u00e4sst sie immer mehr in der Dunkelheit versinken. Und das alles nur weil ihr einen Geist beschworen habt.\u201c, grinste \u0001 \u0002: \u201eNein! Kommt schon Leute. Das kann doch nicht euer ernst sein. Wir haben Jessica bereits verloren. Wir k\u00f6nnen es schaffen nach Hause zu kommen.\u201c, ermutigte sie ihre \u0001 \u0002: \u201eNiemand kann diesem Wald noch entkommen.\u201c, sagte eine Vertraute Stimme hinter \u0001 \u0002 schaute sich um, sah aber nur ihre beiden Freundinnen und den Tod, der sein Haupt anhob und das Gesicht ihrer Freundin Jessica preisgab, welches vom Mondlicht angestrahlt \u0001 \u0002: \u201eDas kann nicht sein. Du bist Tot.\u201c, sagte sie leicht zitternd und Trauer in der \u0001 \u0002: \u201eGanz genau. Ich bin aber DER TOD.\u201cALICE: \u201eHei\u00dft das etwa\u2026wir gehen\u2026nicht mehr Shoppen?\u201cJESSICA: \u201eIch erledige nur meinen Job.\u201c, antwortete sie ohne irgendeine Regung im Gesicht. Jessica erhob ihre rechte Hand und eine Sense erschien aus dem Nichts. Die Sense war etwas Gr\u00f6\u00dfer als sie selbst. Der Stock war genauso wie die Klinge Schw\u00e4rzer als die Dunkelste Finsternis, auf der Klinge waren Blutrote Zeichen zu sehen. Jessica rannte auf ihre Freundin zu und schwang ihre Sense Alice \u0001 \u0002: \u201eNEIN!!!!!!!!!!!!!!!!!!!\u201c, schrie sie verzweifelt und hob automatisch sch\u00fctzend die H\u00e4nde.***********************************************************************************Heute wei\u00df ich nat\u00fcrlich, dass der zweischw\u00e4nzige Katzengeist in der Japanischen Mytologie \"Nekomata\" genannt wird.^^Ja ja. Das war das vorletzte Kapitel. Das ende meiner ersten Story naht. Ich hoffe, dass es euch bis hier her gefallen hat. Hinterlasst mir doch ein paar \u0001 \u0002 Jessa",
            "wordcount": "1.630",
            "chapter_release": "02.05.2010",
            "chapter_number": "7"
        },
        "8": {
            "text": "Hier kommt das Letzte Kapitel dieser \u0001 \u0002 hezliches Dankesch\u00f6n an meine bisherigen Reviewschreiber:The faithful poet caro (anonymer Nutzer)Viel Spa\u00df beim Lesen.***********************************************************************************Nachdem sie ihre H\u00e4nde erhoben hatte um sich zu sch\u00fctzen, wartete sie darauf, dass zugeschlagen wird. Aber da dies nicht geschah, schaute sie auf, die Klinge war direkt vor ihrem Kopf und immer noch auf sie \u0001 \u0002: \u201eW-was?\u201c, fragte sie und schaute \u0001 \u0002 schaute ihre Freundin an, die auf dem Boden sa\u00df und auf den Todessto\u00df \u0001 \u0002: \u201eWarum hast du es nicht zu Ende gebracht?\u201c, fragte sie \u0001 \u0002: \u201eIhr h\u00e4ttet es zumindest verdient, aber ich wollte euch nur eine kleine Lektion erteilen. So eine Geisterbeschw\u00f6rung kann sehr gef\u00e4hrlich werden, wenn man \u00fcber gewisse Dinge nicht Bescheid wei\u00df.\u201cALICE: \u201eAber warum gerade wir? Warum hast du uns daf\u00fcr ausgesucht?\u201cJESSICA: \u201eIch habe euch nicht ausgesucht, das war Schicksal.\u201cALICE: \u201eUnd was war mit diesem Geist? Hast du ihn Beschworen?\u201cJESSICA: \u201eNein. Er war nur einer meiner Trugbilder mit denen ich die Menschen in den Wahnsinn treibe. Bei Carina und Susi hat es anscheinend angeschlagen.\u201cALICE: \u201eSoll das etwa hei\u00dfen, dass wir uns alles nur eingebildet haben?\u201c, schrie \u0001 \u0002: \u201eJa und Nein. Dieses Erlebnis war genau so echt wie du und ich.\u201cALICE: \u201eDas ergibt irgendwie keinen Sinn.\u201cJESSICA: \u201eAlles hat seinen Sinn und Zweck. Wahrheit und Wahnsinn, Licht und Schatten. Was meinst du warum gibt es auf der Welt so viele Geistergeschichten? Es gibt einige die zum Spa\u00df Geister in ihrer Ruhe st\u00f6ren, sie beschw\u00f6ren sie um Fragen beantwortet zu bekommen oder um jemanden zu Verfluchen.\u201cALICE: \u201eUnd was Passiert wenn man das macht?\u201cJESSICA: \u201eIm schlimmsten Fall kann so etwas zum Tode f\u00fchren. Die Seele kann bei einer Beschw\u00f6rung Verflucht werden, das Bedeutet, dass man in sehr vielen Dingen Pech haben kann. Freundschaft, Liebe, Arbeit und so weiter und so weiter. Es gibt eine Endlose Liste.\u201cALICE: \u201eUnd was wird jetzt aus uns?\u201cJESSICA: \u201eNimm die Beiden da und Verschwinde aus MEINEM Wald.\u201c, sagte sie monoton und zeigte auf die anderen \u0001 \u0002: \u201eDu l\u00e4sst uns gehen?\u201cJESSICA: \u201eF\u00fcrs erste. Eure Zeit ist noch nicht gekommen, au\u00dferdem muss ich wieder zur\u00fcck an die Arbeit.\u201cALICE: \u201eUnd was hast du dann die ganze Zeit \u00fcber gemacht?\u201c, fragte sie \u0001 \u0002: \u201eMir war Langweilig und mit euch Menschen kann man wunderbar Spielen.\u201c, sagte sie mit einem leichten L\u00e4cheln und kaltem \u0001 \u0002: \u201eSoll das etwa hei\u00dfen, dass du nur mit uns Gespielt hast?\u201cJESSICA: \u201eDas k\u00f6nnte man so sagen, obwohl\u2026meine Freundschaft war das einzige was nicht gespielt war. Und jetzt geh. Wir werden uns fr\u00fch genug wiedersehen.\u201cAlice versuchte mit Ihren beiden Freundinnen auf die Beine zu Bekommen. Als sie dies geschafft hatte drehte sie sich um, um zu gehen beide Freunde konnten gerade noch so stehen und lie\u00dfen sich von ihr hinterher \u0001 \u0002: \u201eAch du solltest noch eine Kleinigkeit wissen.\u201c, sagte sie \u0001 \u0002 stand pl\u00f6tzlich direkt hinter \u0001 \u0002: \u201eEure Seelen werden dennoch verflucht sein, auch wenn ich euch nun gehen lasse. Wenn eure Zeit gekommen ist werden wir uns wiedersehen und dann geh\u00f6ren eure Seelen mir.\u201c, sagte sie l\u00e4chelnd in ihr Ohr und \u0001 \u0002 blieb einige Momente geschockt stehen. Sie drehte sich um wo Jessica stehen sollte. Aber siemusste an ihre Freunde Denken, die Wie Zombies rechts und links neben ihr standen. Sie konnte sie nach einer Weile wieder in die Waldh\u00fctte zur\u00fcckbringen. Alice fing sofort an die Sachen von ihr und ihren beiden Freundinnen einzupacken, die dazu nicht in der Lage waren, sie reagierten einfach nicht. Jessicas Sachen waren bereits verschwunden, so als w\u00e4re sie nie da \u0001 \u0002 ging das ganze Erlebnis nochmals durch den Kopf. Es gab so einiges was sie nicht Verstand, warum hatte Jessica sich gerade mit ihr angefreundet und warum lebte sie unter Menschen? Alles Fragen, die nie Beantwortet \u0001 \u0002 lief Alice durch die H\u00fctte und an dem M\u00fclleimer vorbei, in dem immer noch das selbstgemachte Hexenbrett weilte. Sie kramte die gro\u00dfen Papierfetzen heraus und legte sie zusammen, aber sie musste feststellen, dass ein Teil \u0001 \u0002: \u201eWo ist Carinas Teil?\u201cSie schaute nochmals in den Abfalleimer und dort wo das fehlende St\u00fcck Papier liegen sollte, aber nicht drin lag. Verwundert suchte sie in der ganzen H\u00fctte danach, fand es aber trotzdem nicht. Eigentlich konnte es ihr egal sein wo es lag, sie musste ihre beiden Freundinnen so schnell wie m\u00f6glich aus dem Wald bringen. So schnell es ging tat sie es auch, sie Atmete erleichtert aus, als sie \u00fcber den Waldrand \u0001 \u0002 ihre beiden Freundinnen haben die erste Regung seit langen gezeigt, Carina ging auf die \u0001 \u0002: \u201eGott sei Dank sind wir sind aus diesem Verdammten Wald drau\u00dfen.\u201c, heulte sie schon \u0001 \u0002: \u201eWir haben es geschafft.\u201c, sagte sie kaum \u0001 \u0002: \u201eJa jetzt k\u00f6nnen wir endlich wieder nach Hause.\u201c, sagte sie mit einem \u0001 \u0002 gingen zusammen den Weg zur\u00fcck zum Bahnhof den sie auch gekommen waren, dort stiegen sie in den n\u00e4chsten Zug der in ihre Stadt fuhr. Niemand verlor auch nur ein Wort w\u00e4hrend der Fahrt, sie sa\u00dfen einfach nur \u0001 \u0002 dauerte nicht lange bis sie am Hauptbahnhof ihrer Heimatstadt ankamen und dort \u0001 \u0002: \u201eFehlt da nicht jemand? Wo ist Jessica?\u201cCarina zuckte bei dieser Frage \u0001 \u0002: \u201eDu wei\u00dft ganz genau was Passiert ist und wir sollten es auch nie wieder ansprechen.\u201c, keifte \u0001 \u0002: \u201eCarina?\u201c, fragte sie \u0001 \u0002: \u201eSie ist Tot! Und das wird sich auch nicht \u00e4ndern.\u201c, sagte sie mit zusammengebissenen \u0001 \u0002: \u201eWas sollen wir jetzt tun?\u201cCARINA: \u201eWir werden gar nichts tun au\u00dfer die ganze Sache zu vergessen. Wir haben alles bis hierher geschafft, aber es w\u00e4re das Beste, wenn sich unsere Wege hier trennen.\u201cSie ging einfach und lie\u00df ihre Freunde dort \u0001 \u0002: \u201eIch glaube sie hat recht.\u201cALICE: \u201eWas? Willst du mich etwa auch stehen lassen?\u201cSUSI: \u201eTut mir leid, aber Carina hat recht die Sache einfach zu Vergessen und getrennte Wege zu gehen.\u201c, sagte sie und ging \u0001 \u0002: \u201eGanz toll. Dann geht doch. Ihr seid doch alles nur Angsthasen. Dies sollte nicht vergessen werden, sondern Dokumentiert. Ich werde daf\u00fcr sorgen, dass niemand der eine Geisterbeschw\u00f6rung macht sein Leben lassen muss.\u201c, sagte sie.***********************************************************************************So das war das Letzte gro\u00dfe Kapitel und ich werde noch einen kleinen Epilog dranh\u00e4ngen^^lg Jessa.",
            "wordcount": "1.050",
            "chapter_release": "02.05.2010",
            "chapter_number": "8"
        }
    },
    "title": "Death Angel - dem Tod entkommst du nicht",
    "topic": "unspecified",
    "release": "\n02.05.2010\n\t\t\t\t\t\t",
    "author": "LadyChaos"
}