{
    "tags": [],
    "chapcount": "4",
    "wordcount": "10.677",
    "chapters": {
        "1": {
            "text": "Wird man in Hampton Village geboren, stirbt man in Hampton Village und ein niemand w\u00fcrde es wagen, diesen ewig w\u00e4hrenden Kreislauf zu \u0001 \u0002 Menschen dieser apathischen Kleinstadt sind die Wurzeln, welche die Botanik unserer Tr\u00e4ume, W\u00fcnsche und unsere Pers\u00f6nlichkeit verankern, von h\u00f6chster Bedeutung und so w\u00fcrden sie \u00fcber den k\u00fchnen Kleingeist nur spotten, der es wagt, seine Wurzeln mithilfe seiner Willenskraft und der Neugierde gegen\u00fcber neuen Ufern herauszurei\u00dfen. Rituale bauen auf der Moral auf, welche man vertritt oder in die man, wie in diesem Fall, hineingeboren wird. Jene sind respektierend zu beachten und auszuf\u00fchren, wobei dies wie ein Gef\u00e4ngnis des Lebens ist, indem die Stabilit\u00e4t nicht durchbrochen werden kann, da Stahl und Mauerwerk den Mutigen von der Freiheit trennt. So wird es als Therapie gesehen, die Neugeborenen lang genug von der Au\u00dfenwelt abzuscheiden, sodass die Sonderbarkeit dieser Festung zu einem Ort der Normalit\u00e4t und zu dem wird, was man in ihm sehen sollte, es aber nicht ist: Nicht ist es die eigene Zelle f\u00fcr den Geist des Denkenden, sondern die Sicherheit, welche ungebetene und neue Gedanken von dem \u00c4ngstlichen trennt, sodass das Gef\u00e4ngnis letztendlich alles Neue einsperrt und man vor dem Schatten der Vernunft gerettet zu glauben \u0001 \u0002 diese Moral, dieser Keim, einmal in den K\u00f6pfen der Menschen, w\u00e4chst er unaufhaltsam, schl\u00e4gt seine Wurzeln und verbreitet seine Giftstoffe bis man an seiner Infektion zu sterben \u0001 \u0002 Kreislauf wiederholt sich bei der Nachkommenschaft der N\u00e4chsten, wobei die Alten schelmisch grinsend die Perversit\u00e4t betrachten, wohl wissend, dass ihre Hybride nicht in den n\u00e4chsten Jahren sterben werden und jene ungesunde Z\u00fcchtung bis \u00fcber ihren eigenen Tode hinausreichen wird. Denn die Menschen, die in jenem unheilvollen Provinznest hervorkommen, scheinen keiner Gattung der menschlichen Rasse anzugeh\u00f6ren, da ihr Verstand und ihre Moral \u00fcber Grenzen eines rational Denkenden \u0001 \u0002 niemand w\u00fcrde es vorziehen, in Hampton Village ein kl\u00e4gliches Leben voller Stabilit\u00e4t und gemeinschaftlichen Hass zu f\u00fchren, obwohl es f\u00fcr einen selbst keine reelle Gefahr birgt, sondern einen lediglich einengt. Wobei, liebe Leserschaft, die Begrifflichkeit \u201elediglich\u201c nicht in meinem Interesse derartig definiert wurde \u2026 Ein vergleichbar d\u00fcsteres Portrait, erzeugt durch fl\u00fcsternde D\u00e4monen in Gedanken eines K\u00fcnstlers wie Kubin, h\u00e4tte niemals diesen Zugang zur H\u00f6lle beschreiben k\u00f6nnen, welcher sich hinter der Stadtgrenze zu Hampton Village auftat. Denken Sie nicht verkehrt von mir, wenn ich Ihnen nun mitteile, dass auch meine Wenigkeit aus diesem verschrobenen Scho\u00df entsprungen ist, denn von Stolz kann hier keinesfalls die Rede sein \u2026 Jedoch habe ich die Axt bereits vor langer Zeit in die H\u00e4nde genommen und habe mich dieser verseuchten Ideologie abgewandt und auch wenn jede Bewohnerschaft munkelt, die scheu\u00dfliche Verbindung zu jener Anh\u00e4ngerschaft l\u00e4ge mir f\u00fcr immer im Blut, kann ich sie jedoch beruhigen, indem ich ihnen sage, die Wurzeln seien schon vor geraumer Zeit \u0001 \u0002, wenn ich an dieses Getratsche \u00fcber Seelenverbindung und solcherlei Humbug keine Gehirnzelle verschwende, zitiere ich den \u00fcblichen Schwachsinn, den ich seit Gezeiten auswendig beherrsche, damit mich die Menschen in Ruhe \u0001 \u0002 der Nebel Hampton Village\u00b4s ist von dem Vorort Danville immer noch erkennbar und die Menschen haben ihn zu f\u00fcrchten gelernt, obwohl sie die Gestalten der Stadt nur aus zusammengew\u00fcrfelten Erz\u00e4hlungen Einzelner kennen. Ich habe bis zu jenem Augenblick geschwiegen, jedoch habe ich eine Brandmarke jener schadhaften Stadt davongetragen, welche nun wie ein Abdruck auf meiner Seele liegt und wie ein Sch\u00f6nheitsfleck meine Sinne betr\u00fcbt. Zur abendlichen Stunde, wenn meine Gestalt Scotch nippend auf der Terrasse \u00fcber die wolkenverhangene Himmelssph\u00e4re blickt, scheint die Szenerie mild und weich, fast schon friedlich. Ein jemand wie ich wei\u00df jedoch, was sich auf der anderen Seite des Blickfeldes befindet \u2013 eine schleierhafte, sekten\u00e4hnliche Stadt, welche ihre Z\u00fcchtung ausweitet, um Unbekanntes zu eliminieren. Dieses Volk mag harmlos wirken, wenn man es nicht kennt, doch habe ich es verlassen als ein Kennender ihrer Riten, Sitten und \u0001 \u0002 ich \u00fcber meine Erfahrungen nun spreche, fragen Sie sich?Verzeihen Sie mir, wenn meine Eindr\u00fccke und Gedanken Sie langweilen, doch m\u00f6chte ich sicher gehen, dass Sie ganz genau das Bild vor Ihren Augen haben, welches ich vor Urzeiten mit meinem eigenen Blut gezeichnet habe. Malen Sie sich ein gottverlassenes, kleines St\u00e4dtchen aus, welche abgeschottet von dem Rest der Bev\u00f6lkerung einem Ritus nachgeht, dessen Ursprung nicht mehr bekannt weder einzuordnen ist, denn glauben Sie nicht, dass auch nur eine Seele seine blasphemischen Urahnen kennt, die sich einst vermehrten wie die Ratten, um ihre Herde gegen die eigentliche Staatsform aufzuziehen, welche uns vor Urzeiten Augustinus \u0001 \u0002 sagte auch, dass der v\u00f6llige Frieden erst herrsche, wenn sich alle Menschen zu Gott bekennen, sodass es nicht gen\u00fcgt, die Brut Satans einfach zu ignorieren und stille Gebete zu \u0001 \u0002 meinen k\u00fchnsten Tr\u00e4umen hatte ich mir erhofft, einen Eingeborenen durch das Stadttor laufen zu sehen, mit festen Gang, durchdringenden Augen \u2026 Jemand, der zur\u00fcckblickt und von sich behaupten kann, er habe die Kreatur Satans \u0001 \u0002 es jedoch ein Au\u00dfenstehender sein sollte, der dieses Unget\u00fcm zu Fall bringen sollte, brachte mich im Nachhinein jedoch eher zum \u0001 \u0002 gern h\u00e4tte ich die Gesichter der Menschen an jenem Tage erblickt, an dem eine fremde Kutsche das Tor passierte und wie selbstverst\u00e4ndlich durch die Kleinstadt fuhr. Laut munkelnder Klatschbase geschah dies jeden Donnerstag zur gleichen Uhrzeit, denn sie hatten sich eifrig diesen Termin in ihre Kalender notiert. Nach mehreren Wochen ward die Person in der Kutsche immer noch nicht gesehen, sodass weitere Vermutungen durch die Gassen der Stra\u00dfen strichen, j\u00e4mmerlicher Weise jedoch nicht fassbar waren f\u00fcr die neugierigen Eingeborenen. Alte Weiber pl\u00e4dierten aber inbr\u00fcnstig darauf, jene Gestalt w\u00fcrde sich mit dem noch \u00e4lteren Geizhals Kredget treffen, sodass die Vermutung, Gesch\u00e4fte liefen au\u00dferhalb dieser Stadtmauern, schleunigst eine Emp\u00f6rung \u0001 \u0002 Neuigkeiten trugen sich alsbald \u00fcber die Stadtmauern hinweg in unsere Provinz und lastete \u00fcber unsere Stadt wie ein mephistischer Gestank, welcher partout nicht weichen \u0001 \u0002 machte es uns Angst. Solange man diese nat\u00fcrliche Ordnung der Krankhaften in Ruhe lie\u00df, blieb diese Ruhe auch bei uns. Wirbelte man jene nicht klar denkenden Sinne auf, so kehrte nirgendwo eine Ordnung ein. Hinzu kam, dass auch wir nicht wussten, welche Gestalt sich in der mysteri\u00f6sen wei\u00dfen Kutsche befand, welche jeden Donnerstag ger\u00e4uschlos hinein und am sp\u00e4ten Abend wieder \u0001 \u0002 verschwendete ich an diesen Bl\u00f6dsinn nicht, da ich vermutete, hinter jener Geschichte verberge sich nichts und aber nichts und so brach ich beruhigt zu einer Gesch\u00e4ftsreise auf, nur um in eine tr\u00fcbe Absteige voller bet\u00e4ubt umher wandelnden Gestalten heimzukehren. Denn was ich zuvor als v\u00f6llige Dramatisierung angesehen habe, hatte sich nun zu gespitzt: Jemand hatte doch tats\u00e4chlich das kleine leerstehende Gesch\u00e4ft in einer Seitenstra\u00dfe Hamptons aufgekauft. Ein Geb\u00e4ude, welches von niemand geringerem als Kredget verwaltet worden \u0001 \u0002 Fremder wagte es, sich in Hampton niederzulassen und das beunruhigte \u0001 \u0002 wusste er nicht \u00fcber diese Eigenbr\u00f6tler Bescheid, doch wieso gestaltete er seine Besuche in jener Stadt dann so geheimnisvoll? F\u00fcrchtete er jene Anwohner? Oder hatte diese Schattengestalt selbst etwas zu verbergen? Ich entschied, jene Angelegenheit nicht weiter zu behandeln, doch nach einigen Tagen, als das unerm\u00fcdliche Ger\u00fccht sich verbreitete, getragen und gemunkelt von den Waschweibern, die nie gesehen, doch \u00fcberall geh\u00f6rt waren, ein alter Mann habe einen Spielwarenladen in jenem Gem\u00e4uer er\u00f6ffnet, wanderten meine Gedanken doch zur\u00fcck in die verseuchte Stadt \u0001 \u0002 sagte, er stelle seine Spielzeuge selbst her und schm\u00fccke seinen Laden mit allerlei neumodischen Waren, die kein anderer Verk\u00e4ufer herstellte. Au\u00dferdem habe sein Gesch\u00e4ft eine merkw\u00fcrdige Aura, in der man sich unbehaglich und derma\u00dfen tr\u00e4umerisch verliere, dass man in einer mechanisch - Menschen fremden Welt eingeschlossen war, in der nur der seltsam wirkende Puppenmacher den Ausweg kannte. Seine Geschichtsz\u00fcge zwangen den normalen Menschen in die Flucht, da sie undefinierbar k\u00fchl, aber auch ausdrucksstark \u0001 \u0002 Schaufenster, welche grell und farbenfroh dekoriert waren, brachte die Kinderschar alsbald dazu, ihre Eltern flehend an den H\u00e4nden ziehend, doch bitte den Laden mit ihnen zu betreten, um vielleicht nicht einmal etwas zu kaufen, aber wenigstens einmal diese so isolierte magische Welt betrachten zu k\u00f6nnen, von der jeder nur ahnen konnte. Merkw\u00fcrdiger Weise munkelte man, wenn die Kinder gerade nicht lauschten, er habe Geld unterschlagen und sei aus dem Abendland geflohen und verstecke sich nun in Hampton unter einem falschen Vorwand. Doch wie, erwiderten andere Alte, habe er dann dieses unglaubliche Talent erworben, derart au\u00dfergew\u00f6hnliche Spielzeuge zu entwickeln? Nein, er muss ein Puppenmacher gewesen sein, denn auf seine Genauigkeit und sein Feingef\u00fchl waren manch N\u00e4htanten \u0001 \u0002 man seine Arbeit im Stillen bewunderte, hatte niemand etwas gekauft. Menschen, die jemals den Laden betreten haben, waren niemals \u0001 \u0002 kamen dann jene detailgetreuen Informationen? Aus kranken K\u00f6pfen jener Hinterw\u00e4lder? Oder von Mutigen, die nicht zugeben wollten, etwas Ausl\u00e4ndisches besucht zu haben?Die Antwort ward nie gefunden, doch eines war sicher: so p\u00fcnktlich der Alte seinen Laden morgens um Punkt 8 Uhr er\u00f6ffnete, so schloss er jene T\u00fcre wieder um genau 6 Uhr ohne jene Ausnahme. Dabei sah er sich verr\u00e4terisch \u00fcber die Schulter, als verfolge etwas den Puppenmacher oder als habe er etwas zu verbergen. Diese Information beruht jedoch auf Sichtungen der Einheimischen, welche vermutlich aus nur fehlerhaften Deutungen entstammten, die sich im Kreise drehten oder von Illusion und Glaube beherrscht waren. Man mied aber seine Blicke, wechselte schleunigst die Stra\u00dfenseite bei einer seltenen Begegnung und niemand konnte seine genaue Bleibe ausmachen. Der seltsame Alte wandelte zu Fu\u00df und trotzdem verschwand seine tr\u00fcbe Gestalt im Nebel der Stra\u00dfen, sodass er bis zum n\u00e4chsten Tage nicht mehr gesehen wurd.",
            "wordcount": "1.554",
            "chapter_release": "03.01.2020",
            "chapter_number": "1"
        },
        "2": {
            "text": "Nach wenigen Wochen hie\u00df es, ein niemand besuche seinen \u0001 \u0002 Monaten vermutete man den Sieg der \u0001 \u0002 so viel Zeit auch vergehen mochte, der Puppenmacher blieb an Ort und \u0001 \u0002 es \u00e4nderte sich \u0001 \u0002 meine Wenigkeit wurde zunehmend neugierig, denn woher nahm er so viel Geld, als dass er den Laden h\u00e4tte halten k\u00f6nnen? Es mochte sein, dass er ein verm\u00f6gender Mann war, der seine letzten Tage in Frieden in einer \u00fcberschaubaren Stube verbringen wollte, um den Kindern au\u00dferhalb der Stadt eine Freude zu zaubern, aber dieses Szenario passte nicht in den Zusammenhang, da seine Auff\u00e4lligkeiten ihn als zu \u2026 andersartig auswiesen. Eines Tages beschloss ich, seinen Laden besuchen zu \u0001 \u0002 wei\u00df, was Sie sich nun denken m\u00f6gen: Wieso tut er das? Immerhin habe ich doch seit Jahren nichts mehr mit dieser sektenhaften Ortschaft zu tun gehabt und da ich der einzige war, der zugeben w\u00fcrde, er habe den Laden je betreten, w\u00fcrde ich so etwas wie eine regionale Pers\u00f6nlichkeit \u0001 \u0002 ich war abgeneigt und es fr\u00f6stelte mich zu wissen, dass ich bereits am sp\u00e4ten Nachmittag in den G\u00e4ngen des omin\u00f6sen Puppenmachers wandeln w\u00fcrde wie eine verlorene Seele des Kerberos. Es war ein regnerischer Donnerstag und eigentlich war ich auf der Arbeit zugegen, doch meine Konzentration war derma\u00dfen benebelt, sodass ich keinen klaren Kopf kriegen \u0001 \u0002 Sinne tanzten derma\u00dfen geisterhaft in meinem Verstand herum, sodass ich drohte, Wahnsinnig zu werden. Eilig begab ich mich nach meiner Arbeit nach Hause und \u00fcberdachte mein Vorhaben nochmals eingehend, doch wenn ich nicht ging, war meine Nervosit\u00e4t, die mich schon den ganzen \u00fcber Tag plagte, umsonst gewesen. Also beschloss ich, zu \u0001 \u0002 einem mir nicht bekannten Grund lie\u00df ich meinen Geldbeutel im Haus, was mir jedoch erst auf der Fahrt in den Sinn kam. War dies unterbewusst geschehen, weil ich bereits wusste, dass ich nichts kaufen w\u00fcrde? Hatten mich die M\u00e4rchen meiner Stammesgenossen erneut eingenommen und verstreuten bereits wieder ihre Saat in meinem Kopf?Nein, beruhigte ich mich, es war ein Spielwarenladen! Was sollte ich schon gro\u00df dort erwerben, da ich doch kinderlos war \u2026 Ich starrte aus dem Fenster der Kutsche und betrachtete die D\u00e4cher und H\u00e4user, die Fassaden und leeren Stra\u00dfen. Wir waren definitiv in Hampton. Diese Trostlosigkeit gab es sonst nirgends eindringlich und pr\u00e4sent wie in dieser Stadt. Es war, als seien die Menschen urpl\u00f6tzlich alle verschwunden und man w\u00e4re der einzige Mensch jener Ortschaft, doch so war es nicht. Sie h\u00f6rten dich, beobachteten jede deiner Schritte und reimten sich die Gedanken zusammen, die du noch gar nicht zu denken vermochtest. Wenn man ganz genau hinsah, sah man ein undeutliches und schemenhaftes Gesicht hinter den Fenstern huschen, was aber auch aus deiner Einbildung h\u00e4tte stammen k\u00f6nnen, da dieser Sekundenbruchteil nicht genug war, um jene geisterhafte Gestalt auch nur erahnen zu \u0001 \u0002 regnete es, sodass die Stra\u00dfen leerer waren, doch trotzdem umgab es Hampton anders, als jede andere Stadt auf eine nicht definierbare Art und \u0001 \u0002 die Kutsche nach einer mir so lang erschienenen Fahrt in einer Seitenstra\u00dfe hielt, schluckte ich schwer, denn ein unsinniger Teil meiner Selbst hatte gehofft, auf ewig diese Reise antreten zu k\u00f6nnen ohne jemals am Ziel \u0001 \u0002 seltsames Gef\u00fchl der Ironie ich doch empfand, als der Kutscher die T\u00fcr \u00f6ffnete, Tr\u00e4nen gro\u00dfe Regentropfen auf mich einschlugen und ich mir nichts sehnlicheres w\u00fcnschte, als diesen verdammten Laden betreten zu k\u00f6nnen, um mich wenigstens vor dem Unwetter sch\u00fctzen zu k\u00f6nnen. Denn jenes war immerhin real im Gegensatz zu jener geisterhaften Angst, die mich \u00fcberfallen hatte \u2026 Kaum hatte ich den Boden Hamptons unter meinen F\u00fc\u00dfen, fluchte ich innerlich \u00fcber das heimische Gef\u00fchl, welches sich aber schon nach wenigen Metern zu Unbehagen und Unruhe \u00fcberschlug. Es war, als habe man erneut eine Zelle betreten, die einem einst zum Sterben gegeben wurd\u00b4und man nach der Befreiung dessen nie wieder betreten wollte. Aber man betritt sie erneut. Und dieses Gef\u00fchl, welches man schon vollkommen vergessen hatte, zeigte sich nun in seiner v\u00f6lligen Existenz; das gr\u00e4ssliche Haupt aus den verbrannten Gedanken erhebend, grinsend \u00fcber einen gebeugt. Die H\u00e4user schienen sich \u00fcber mich lustig zu machen, denn ich h\u00f6rte geisterhafte Gluckslaute in meinem Kopf hallen. An sich sahen die Fassaden gew\u00f6hnlich, fast normal, aus, doch konnte ein jeder, der diese Stadt wirklich kannte, sofort Auff\u00e4lligkeiten ausmachen, die es sonst so nicht gab. Die G\u00e4rten schienen von einem Nebelschleier, ja, fast gr\u00e4ulich wirkend, umh\u00fcllt und ihre Vogelscheuchen darin schienen mit ihren entsetzlichen Knopfaugen jeder deiner Bewegungen zu folgen. Wenn man mal nicht hin sah, staunte ein jeder, denn so wirkte es doch gerade noch, als sei die Vogelscheuche weiter weg aufgestellt gewesen, nun aber be\u00e4ngstigend nahe. Der Putz der H\u00e4user bl\u00e4tterte ab, als wollte die Stadt ihr wahres Haupt nicht l\u00e4nger verstecken und die Maske fallen lassen, die von Rissen \u00fcberzogen schon halb vom Gesicht gerutscht \u0001 \u0002 ganze Stadt wirkte wie eine kranke Version eines Horrormaskenballs. Gestalten drehten Pirouetten und s\u00e4uselten ihrem Partner furchtbare Albtr\u00e4ume zu, w\u00e4hrend der Nichtsahnende Besucher niemanden zuordnen, aber genug sehen konnte, sodass er zu ahnen f\u00e4hig war, etwas Seltsames zu versp\u00fcren. Ein niemand sollte dieses T\u00e4nzchen wagen, doch ich konnte die Hand, welche mir aufdringlich angeboten wurde, von dieser grinsenden verzogenen Teufelsgestalt, nicht abschlagen. Und so tanzte auch ich bis es zu sp\u00e4t war und die Lichter erloschen wurden und die Flammen leise z\u00fcngelnd und flackernd an des T\u00e4nzer Beine kroch, um als Brand \u0001 \u0002 wanderte die Stra\u00dfen entlang und suchte das Gesch\u00e4ft jenes ber\u00fcchtigten Puppenmachers, als mir ein altes durchl\u00f6chertes Flugblatt an einer Laterne auffiel. Das Bild einiger Spielsachen bedeckte den Gro\u00dfteil der Fl\u00e4che, jedoch hatte jemand dieses mit einem roten Marker durchkreuzt. \u00dcber und unter dem Bild haftete der Slogan \u201eMagischer Spielwarenladen f\u00fcr Klein und Gro\u00df! Besuchen Sie Apate\u00b4s Puppenladen!\u201c.Die Schrift wirkte verblichen, sodass ich mich wirklich fragen musste, ob dies an dem Wetter ausgesetzten Flyer oder an der Schrift selbst \u0001 \u0002 linken unteren Rand war die Anschrift fast v\u00f6llig verschwunden, jedoch konnte ich sie mir gl\u00fccklicherweise selbst zusammenreimen und fand das Gesch\u00e4ft unerwartet schnell, obwohl jedes Geb\u00e4ude Hamptons fast g\u00e4nzlich gleich \u0001 \u0002 wirkte von au\u00dfen entt\u00e4uschend winzig, doch was meine Aufmerksamkeit sofort erregte, waren die beleuchteten Schaufenster voller bunter Spielzeuge und Puppen. Es sah, w\u00fcrde ich es objektiv betrachten, wirklich behaglich und friedlich wirkend aus. Als Elternteil h\u00e4tte ich keinen Zweifel daran gehegt, mein Selbst in diesen Laden, getrieben von gierigen Kinderaugen, schleifen zu lassen, doch ein Gl\u00fcck bin ich, wie gesagt, kinderlos \u2026Ich dr\u00fcckte aufgeregt die T\u00fcrklinke hinunter, mit einer fast schon kindlichen Aufregung und hoffte zugleich, dass der Laden vielleicht doch schon geschlossen war, doch die T\u00fcr glitt auf und so betrat ich fluchend die Pforte in das unbekannte Land, welches sich hier erstreckte. Ein merkw\u00fcrdiger Ton verschreckte mich, doch als mein Blick nach Rechts wanderte, entdeckte ich einen Springclown, welcher mich schelmisch anzugrinsen schien. Sein Hals schien aus gelbem gedrehten Papier zu sein, doch seltsamerweise schien jener Bau stabil und fest wie Plastik zu sein, obwohl ich, als ich ihn zaghaft ber\u00fchrte, Papier sp\u00fcrte. Jene Spiralform m\u00fcndete an einem gro\u00dfen runden violetten Kopf, welcher gr\u00fcne Seitenhaare aufwies und dunkle Wackelaugen aufgeklebt hatte, die jene Figur etwas dusselig aussehen lie\u00df (nicht, dass die anderen Bastelutensilien jenen Effekt nicht schon l\u00e4ngst gezeigt hatten, doch jene untermauerten es blo\u00df). Sein Mund schien zu einem breiten Grinsen verzogen, welches sich unnat\u00fcrlich \u00fcber das gesamte Gesicht erstreckte. Dies schien die Quelle jenes Ger\u00e4usches, welches mich gerade noch verschreckt hatte, zu sein und gleichzeitig fragte ich mich, wie es jemandem gelingen konnte, ein solches Zusammenspiel von Papier und Technik zu \u0001 \u0002 dann packte der Raum, \u00fcber den ich bis jetzt nur spekulieren konnte, meine v\u00f6llige Aufmerksamkeit. Das Gesch\u00e4ft schien gr\u00f6\u00dfer zu sein, als es von au\u00dfen den Anschein machte, obwohl ich hierbei nicht \u00fcbertreiben w\u00fcrde, da die Behausung immer noch klein wirkte. Auf eine seltsame Art und Weise war der Laden voll gestellt, aber nicht \u00fcberf\u00fcllt, doch dies betonte blo\u00df die gem\u00fctliche Atmosph\u00e4re des Gesch\u00e4fts. Die seltsamsten Erfindungen, so w\u00fcrde ich sie nennen, waren auf den Regalen und Schr\u00e4nken pr\u00e4sentiert. Auch hingen bunte Luftschlangen und Modellflugzeuge an der hell gestrichenen Decke hinunter, sodass zwei Augen allein \u00fcberfordert waren, sich auf einen Punkt zu konzentrieren. Ein erwachsener Mann, wie ich es war, konnte seine Augen nicht mehr von den Spielsachen und Kreationen abwenden, die der Puppenmacher in M\u00fche und Arbeit hergestellt haben musste, sodass die Wirkung auf Kinderaugen eine unvorstellbare Dimension annehmen \u0001 \u0002 von Puppen l\u00e4chelten mich mit erwartungsvollen Blicken an und obwohl ihre Herstellung kaum voneinander abwich, so schien jede einzelne Puppe eine Eigenart zu besitzen. Ob in Form eines Blickes, eines \u00e4u\u00dferlichen Details oder durch das Gef\u00fchl, welches bei jenem Anblick geweckt wurde \u2013 die Spielsachen wirkten individuell wie Menschen und von gro\u00dfer und erstaunlicher Qualit\u00e4t stammend. So erstaunlich sie auch angefertigt waren und so echt sie auch wirkten, so gruselte es mich auch, da ihre Blicke mich zu verfolgen schienen. Die Szenerie wirkte jedoch seltsamerweise paradox. So wirkte die Farbgebung sonderlich verwaschen und abgebl\u00e4ttert, jedoch aus einem anderen Blickwinkel wiederum au\u00dfergew\u00f6hnlich strahlend, intensiv und \u0001 \u0002 konnte es nicht verleugnen: Diese T\u00fcrschwelle brachte das Individuum in eine andere Welt. Nichts schien wie die Welt au\u00dferhalb dieses Gem\u00e4uers. Als trug man eine Brille, welche die Umwelt ver\u00e4nderte, als trug man Handschuhe, welche den Tastsinn manipulierten und als sei der Boden unter den F\u00fc\u00dfen wackelig und \u0001 \u0002 lief auf ein Regal zu, welches voller Puppen war und musterte mit zusammengekniffenen Augen ihre Gesichtsz\u00fcge. Eine unsichtbare Kraft meines Gehirns riet mir zu einer schleunigen Flucht, doch meine Faszination wuchs nur noch weiter, als ich verschiedene Wandteppiche, Figuren und Stoffe erblickte, die allesamt magisch und vertr\u00e4umt wirkten. Ich erwartete fast, dass sich eine der Feen erhob und zu fliegen begann, um mich in eine Welt wie des Nimmerlandes zu entf\u00fchren, doch es geschah nichts. Ich sp\u00e4hte um die Ecke und stellte verdutzt fest, dass ich mich in einem Gang befand, den ich so gar nicht bemerkt h\u00e4tte. M\u00e4rchen und allerlei B\u00fccher wurden in jenem ausgestellt und unwillk\u00fcrlich staunte ich \u00fcber die handgefertigten Buchdeckel, welche die fantastischsten Szenerien in den strahlendsten Farben \u0001 \u0002 lief ich um die Ecke und schnaufte emp\u00f6rt auf, als auch diese Abteilung mir so v\u00f6llig fremd vorkam. Panik schn\u00fcrte mir pl\u00f6tzlich meine Kehle zu und ich f\u00fchlte mich seltsam unwohl und erdr\u00fcckt. Nur mit M\u00fche brachte ich meine Beine zum Laufen, meine H\u00e4nde klammerten sich dabei hilflos an den Regalen fest. Es war, als hielt sich eine Schreckgestalt an meinem Halse fest, sich freuend \u00fcber jedes bisschen Angst, welches mich nun zu qu\u00e4len begann w\u00e4hrend ich Dummkopf mich hilflos an der wackligen Hoffnung festhielt, welche die staubigen Regale boten. Alle m\u00f6glichen Ger\u00fcche von unbeschreiblicher Art drangen in meine Nase, als sei ich in einer anderen Welt geschl\u00fcpft, alsbald ich eine neue Biegung nahm. So schien mir jener Laden gerade noch so winzig, so hatte er nun kolossale Ausma\u00dfe angenommen und es brachte nichts jene unausweichliche Tatsache zu verdr\u00e4ngen \u2013 ich hatte mich verlaufen.\u201eHilfe! So hilf mir doch jemand, verdammt!\u201c, schrie ich nun, als das Labyrinth sich immer weiter zu verzweigen begann. Meine Stimme schien an den W\u00e4nden widerzuhallen, mich daran zu erinnern, wie l\u00e4cherlich das doch eigentlich war, da ich doch die einzige lebende Person inmitten dieser Spielzeugschlacht war. Die Wege schienen immer grauer, dunkler und einsamer zu werden und mit jenen Eindr\u00fccken schienen auch die Spielsachen an mehr Eigenst\u00e4ndigkeit und Selbstbewusstsein zu gewinnen, denn es wirkte fast so, als haderten sie lediglich damit, wer von ihnen zuerst seine kleinen gierigen Stoffh\u00e4nde um meinen K\u00f6rper schlingen durfte. Ihre Augen schienen etwas gottloses widerzuspiegeln, es war purer Hass. Jene Gewissheit hatte ich, da ich jenen Ausdruck vor den Besuchen der Familie schon oft genug gesehen hatte, als ich in den Spiegel starrte, mich fragend, ob ihn noch eine andere Seele erblicken k\u00f6nnte, diesen Blick, hoffend, dass es aber niemand \u0001 \u0002 verloren meine F\u00fc\u00dfe an Halt, sodass ich der Nase lang hinfiel. Als w\u00e4re der Boden aus Eis, denn so war er nicht nur glatt, sondern auch unglaublich kalt und eisig. Ich meinte Schneeflocken an meinem Nacken schmelzen zu sp\u00fcren und Eis, welches auf meiner Handfl\u00e4che schmolz, doch es war, als habe sich ein grauer Nebel um meine Augen gelegt, sodass ich die tanzenden Schneeflocken nur erahnen konnte. Ich l\u00fcge nicht, wenn ich nun verk\u00fcnde, eine winzige h\u00f6lzerne Hand gesp\u00fcrt zu haben, als pl\u00f6tzlich eine alte fremde Stimme erklang, welche einen seltsamen britischen Akzent aufwies, und jene Gefahr verscheucht zu haben schien.\u201eDesaparece! Desaparece, Bonecas!\u201cEine menschen\u00e4hnliche Hand legte sich auf meinem Arm und bei Gott \u2013 ich ergriff sie, als h\u00e4nge von ihr mein Leben ab!Kaum stand ich wieder auf meinen Beinen, rieb ich mir die Augen und musste freilich feststellen, wieder deutlicher sehen zu k\u00f6nnen. Die Regale schienen besiedelt von unschuldig aussehenden Spielsachen, nichts deutete auf einen \u00dcbergriff an und verdutzt bemerkte ich die kleine Gestalt vor \u0001 \u0002 war ein Mann, welcher mickrig und alt schien, geh\u00fcllt in bunten Gew\u00e4ndern. Eine winzige Brille sa\u00df schr\u00e4g auf seiner Nase, jedoch sah dies seltsamerweise nicht belustigend an ihm aus. Seiner Haut und den dunklen Stoppeln auf seinem Kopf nach zu urteilen, schien er aus dem S\u00fcden zu kommen, wie es viele Menschen prophezeit \u0001 \u0002 hatte etwas griechisches und oder indisches an sich ohne dass ich es h\u00e4tte wirklich benennen k\u00f6nnen. Und trotzdem: er hatte mich vor was auch immer \u0001 \u0002 kann sich fragen: tja, vor was eigentlich? Vor einer Spielzeuginvasion? Vor meinem l\u00e4dierten Verstand? Ich konnte es damals noch nicht einmal in einem primitiven Wortschatz versuchen auszudr\u00fccken \u2013 heute wage ich, es zu definieren, wenn auch nicht zu \u0001 \u0002 herrschte eine mir lang andauernde Stille zwischen uns, obwohl sie nur wenige Momente anhalten konnte, da ich mich noch daran erinnere, schnell aus den G\u00e4ngen, angef\u00fchrt von dem merkw\u00fcrdigen Leiter jener schr\u00e4g erbauten Welt, geflohen zu sein, denn bis heute erinnere ich mich mehr an den Eindr\u00fccken, als an den Anblick selbst.\u201eEine fremde Welt kann einem das f\u00fcrchten lehren.\u201c, sagte er pl\u00f6tzlich, als mir gewisse G\u00e4nge wieder bekannt vorkamen. Dieser britische Akzent wollte irgendwie nicht zu ihm passen \u2026\u201eSie haben sich da aber eine ziemlich seltsame Welt erbaut, wenn ich das mal so sagen darf \u2026 Sie wissen also, dass dort etwas \u2026 sonderbares geschieht zwischen den Regalen ihrer Welt?\u201c\u201eSie ist lediglich fremd, nicht seltsam.\u201c, belehrte der alte Mann mich grinsend. Erst jetzt fiel mir der Gehstock in seiner Rechten auf \u2013 hatte er ihn gerade etwa auch schon in den knochigen Fingern gehalten?\u201eMenschen neigen dazu Unbekanntes zu f\u00fcrchten. Ich finde gefallen daran, ihnen jene Fremdheit zu erbauen und ihnen T\u00fcren zu geben, damit man sie kennenlernen kann \u2013 denn dann sind sie einem ja nicht mehr fremd, nicht wahr?\u201c\u201eDann sind sie definitiv in der falschen Stadt, mein Herr. Die Leute hier \u00f6ffnen keine T\u00fcren. Sie mauern sie zu.\u201cAllm\u00e4hlich begriff ich, dass dies hier Apate selbst war, der da vor mir stand. Sein bildhaftes Reden hatte etwas anziehendes und weises an sich, doch jener Eindruck h\u00e4tte auch von seinem hohen Alter her stammen k\u00f6nnen, doch irgendwie gab er mir ein Gef\u00fchl von Geborgenheit und Sicherheit, was aber zuletzt auch daran liegen konnte, dass er seine fremde Welt kannte und ich nicht.\u201eIch habe bereits bemerkt, dass die Menschen hier zugegen etwas eigenwillig sind. Sie sind von hier, nicht wahr?\u201cAls er stehen blieb, standen wir wieder am Empfang. Verwundert war ich, als ich mich an den Weg, den wir gerade erst gegangen waren, gar nicht mehr erinnern konnte. Seine Bemerkungen \u00fcber mich ignorierte ich, da ich gedanklich zu benebelt war, um darauf eine passende Erwiderung zu finden.\u201eSie sind also Apate? Der Spielzeugmacher?\u201c, fragte ich stattdessen mit br\u00fcchiger \u0001 \u0002 grinste f\u00f6rmlich, als er sanft widersprach: \u201eIch nenne mich eher \u201eApate der Puppenmacher\u201c, denn Puppen sind das, was ich am besten herstellen kann. Sie sehen alle so \u2026 individuell aus, meine Bonecas.\u201cDa hatte er recht. Und echt sahen sie aus. So echt, dass ich wie ein Kind auf dem Boden hockte und um Hilfe schrie, weil ich f\u00fcrchtete, von einer wilden Puppenschar verfolgt zu \u0001 \u0002 Scham kroch an mir hoch und pl\u00f6tzlich f\u00fchlte ich mich unbeschreiblich unwohl.\u201eIch danke Ihnen f\u00fcr Ihre Hilfe, doch so dankbar ich bin, hoffe ich doch, dass jener Vorfall unter uns bleibt?\u201c Ich dachte erst daran, ihm als Bestechung etwas abzukaufen, doch dann fiel mir wieder mein Geldbeutel ein, welcher mutterseelenallein auf meiner K\u00fcchenanrichte \u0001 \u0002 Lachen hallte urpl\u00f6tzlich an den W\u00e4nden wider und ich zuckte zusammen, da ich ihm ein solches Organ nicht zugetraut h\u00e4tte.\u201eIch schweige wie ein Grab, Mister ...\u201c\u201eCarter. Lionel Carter.\u201c\u201eMister Carter ...\u201c. Es schien, als kaue der Puppenmacher auf meinem Namen herum und sei am \u00dcberlegen, ob er ihn nun mochte oder doch lieber ausspucken sollte.\u201eSie scheinen nicht wie die anderen Eigenbr\u00f6tler, Carter. Denn immerhin haben Sie mich besucht. Ob aus Neugierde oder Eigeninitiative spielt keine Rolle, die Tatsache an sich z\u00e4hlt ja ...\u201c\u201eWieso kommen die anderen Menschen nie?\u201c\u201eIch dachte, das k\u00f6nnten Sie mir beantworten.\u201c, erwiderte er schnippisch, \u201eDie Leute reden mehr, als es ihnen gut tut, wissen Sie? Deshalb leben Sie auch nicht mehr hier ...\u201cMein Gesicht erstarrte. \u201eWoher wissen Sie das?\u201c\u201eWas wissen?\u201c\u201eDass ich nicht mehr hier lebe.\u201c, fl\u00fcsterte ich und erhob meinen Zeigefinger, um ihn gegen die Brust des Mannes zu richten. \u201eDas habe ich mit keiner Silbe erw\u00e4hnt!\u201c\u00dcberraschenderweise l\u00e4chelte der Mann erneut und ich musste mich wirklich fragen, welche Gedanken und Launen in ihm w\u00fcteten. \u201eDas ist offensichtlich. Sie denken weiter als ihre Blutsverwandten. Au\u00dferdem tragen Sie einen feinen Anzug, sodass ich mir erlaube die Mutma\u00dfung anzunehmen, dass Sie ein reicherer Mann sind. Stadtmensch also. Sonst w\u00fcrde ich Ihren Namen kennen. Die meisten Menschen in Hampton leben bescheiden. Aber das muss ich Ihnen ja nicht erz\u00e4hlen ...\u201c\u201eWieso machen Sie so ein Geheimnis aus ihrem Laden? Ihr Gesch\u00e4ft w\u00fcrde jedes Kinderherz h\u00f6her schlagen lassen -\u201c\u201eDas ist \u00fcberaus freundlich, ihr Kompliment.\u201c,unterbrach mich Apate l\u00e4chelnd. \u201eDoch mache ich wirklich so ein Geheimnis um mich oder machen mich die Menschen zu einem?\u201cAn diesen Worten war etwas Wahres dran und erst jetzt bemerkte ich eine gewisse Nostalgie um den Puppenmacher herum. Als sei er einst ein warmer Mensch gewesen, der nun aber allein vor sich hin lebte, versto\u00dfen von den Mitmenschen.\u201eIch verstehe, dass Sie viele Fragen um meine Person haben und vielleicht sogar eine gewisse Abneigung hegen, doch im Grunde bin ich nur verhasst, weil ich etwas Fremdes darstelle, was die Menschen verschreckt. Kredget hat mich vor den Menschen hier gewarnt, aber ich schere mich nicht um die stumpfsinnigen \u00c4ngste anderer ...\u201c\u201eSie wollen sich den Menschen in der Kleinstadt also bald pers\u00f6nlich vorstellen?\u201c, fragte ich mit einem leisen Funken von Aufregung, doch jene wurde durch das Kopfsch\u00fctteln des kleinen Mannes zerschlagen. \u201eNein, wo denken Sie hin? Die Menschen werden die T\u00fcren von allein \u00f6ffnen und damit beginnen, in fremde Welten aufzubrechen! Sie m\u00fcssen nur den Schl\u00fcssel ergreifen, welchen ich Ihnen schon bald bieten werde ...\u201cMit jenen Worten machte der Puppenmacher auf dem Absatz kehrt und verschwand in einem Hinterzimmer des \u0001 \u0002 f\u00fcrchtete mich, erneut zwischen den Regalen zu st\u00f6bern. Die Puppen schienen mir missbilligend hinterherzublicken, als ich nach einer kurzen Zeitspanne das Gesch\u00e4ft \u0001 \u0002 ich zwei Wochen sp\u00e4ter die Zeitung kaufte, las ich von dem ersten Verschwinden einer Frau in Hampton. Ihr Mann und ihre drei Kinder konnten nach einem Spaziergang daheim keine Spur von der Mutter finden. Sie erblickten nur eines: Eine exakte Nachbildung jener verschwundenen Frau, welche mit Stoffhaaren, Knopfaugen und Holzh\u00e4nden auf dem Familienesstisch sa\u00df und sie verschmitzt anzublicken schien.",
            "wordcount": "3.247",
            "chapter_release": "06.01.2020",
            "chapter_number": "2"
        },
        "3": {
            "text": "Au\u00dferhalb Hamptons gab es keinen anderen Diskussionsfaden als die verschwundene Frau aus \u0001 \u0002 Hampton schwiegen die Menschen und raunten sich Verschw\u00f6rungen zu und selbst die zur\u00fcckgebliebenste alte Schachtel wandte sich dem Gedanken zu, dass es der Puppenmacher war, der die Frau entf\u00fchrt oder sogar ermordet hatte. Nur ohne Leiche gab es kein \u0001 \u0002 wer sonst konnte eine Puppe so pr\u00e4zise und genau anfertigen? Laut Zeitungsberichten und Zeugen sei jene Puppe so detailliert angefertigt worden, dass Kleidung, Gesichtsz\u00fcge und andere physische Auff\u00e4lligkeiten, die nur die Familie selbst kannte, entsetzt eingeordnet und identifiziert worden waren. Erst Tage sp\u00e4ter durchsuchte die Polizei Apate\u00b4s Gesch\u00e4ft und zogen ohne Hinweise und Verhaftung wieder ab. Manche sagten, sie haben bewusst zu lange gewartet, um den Zorn des alten Hexers nicht auf sich zu ziehen, andere sagten, dass es eben auch keine wirklichen Indizien gegen ihn gab, da an der Puppe selbst nichts war, was den Puppenmacher mit ihr in Verbindung \u0001 \u0002 meisten Menschen f\u00fcrchteten sich umso mehr vor ihm, die M\u00e4nner hatten Angst, dass auch ihre Frauen verschwinden k\u00f6nnten oder sogar ihre Kinder!Doch war es wirklich der mysteri\u00f6se Puppenmacher gewesen?Ich hegte meine Zweifel, jedoch hatte sich ein Motiv auf jene Frage \u201eWarum?\u201c in meinen Gedanken zusammen gesponnen: Um sie die T\u00fcren \u00f6ffnen zu lassen in seine verschobene fremde Welt \u2013 um ihnen jenen Schl\u00fcssel zu \u00fcberreichen ...Ich hatte \u00fcberlegt, Apate nochmals aufzusuchen und ihn zur Rede zu stellen, doch jedes Augenpaar war an die T\u00fcre jenes Gem\u00e4uers geheftet, sodass ich f\u00fcrchtete, aufzufallen oder noch mit irgendwelchen Machenschaften verbunden zu \u0001 \u0002 ich an seine Unschuld? Nein. Aber das Gegenteil \u00fcberzeugte mich auch nicht. Ich \u00fcberlegte verzweifelt, wie ich Kontakt mit dem Alten aufnehmen konnte ohne selbst an Aufmerksamkeit zu \u0001 \u0002 schrieb ihm daher einen Brief, in dem ich mich als seinen Freund ausgab und ihm versicherte, dass ich von seiner Unschuld \u00fcberzeugt sei. Ich erhoffte mir somit eine Antwort, denn ich vermutete stark, dass, falls er denn unschuldig sei, er nicht mit einem zweifelnden Menschen sprechen m\u00f6chte, sondern mit einem neutralen oder sogar gut gesinnten Menschen. Und ich war ihm, wenn ich es so formulieren darf, von allen Bewohnern Hamptons am \u0001 \u0002 wusste nicht, wie lange ich dem Puppenmacher Zeit geben sollte, so waren die Ereignisse eigentlich dringend. Doch als ich nach mehreren Tagen immer noch keine Antwort erhielt, bef\u00fcrchtete ich bereits, dass ich auch keine bekommen w\u00fcrde. Erneut sendete ich ihm daher \u2013 dieses mal per Express \u2013 einen Brief, um meine Dringlichkeit zu \u0001 \u0002 nach einigen Wochen erneut ein M\u00e4dchen, dieses mal wesentlich \u0001 \u0002 Jahre alt, verschwand und man erneut eine Nachbildung ihrer Person fand, stiegen mein Bedenken sowie die Angst der \u0001 \u0002 ich nach einigen Tagen dann pl\u00f6tzlich einen Brief in meinem Postfach entdeckte, stieg mein Puls rapide an und Schwei\u00df perlte mir in dicken Tropfen den Nacken hinab. Jene kindliche Aufregung wandelte sich jedoch schleunigst in Verwirrtheit um, denn der Brief war keineswegs von dem verhassten Spielzeugh\u00e4ndler \u2013 er war von meiner Schwester, welche ebenfalls in Hampton lebte. Erst als ich v\u00f6llig verlassen von jeglichen Mitmenschen zuhause war, wagte ich, mir den Brief genauer anzuschauen. Denn es gefiel mir gar nicht, dass meine Schwester, die mich zwar liebte, aber f\u00fcr keinen Rubel der Welt genug Auftrieb aufbringen w\u00fcrde, die Schreibfeder auch nur in die Hand zu nehmen, genau zu jenem Zeitpunkt einen Eilbrief an mich sendete, in der ich den Kontakt mit dem seltsamen Puppenmacher \u0001 \u0002 ich ihn \u00f6ffnete, schindete ich Zeit, indem ich Gegenst\u00e4nde unn\u00f6tigerweise umstellte und Papiere pr\u00fcfte, die l\u00e4ngst das Siegel enthielten, um versendet zu \u0001 \u0002 sp\u00e4ten Abend, als meine Glieder wieder zu zittern begannen, setzte ich mich vor den Kamin und \u00f6ffnete das schlichte Briefkuvert, welches sogar irgendwie verschmutzt und verblichen schien wie das Flugblatt, welches ich noch vor wenigen Wochen in der verregneten Stadt in den H\u00e4nden hielt, sodass ich mich unwillk\u00fcrlich daran erinnerte, dass jeder Bewohner Hamptons irgendwie von der Stadt selbst verschluckt zu sein schien und selbst Kleinigkeiten, die jene Ortschaft repr\u00e4sentieren, an all ihren Bewohnern \u0001 \u0002 besten f\u00fcge ich einige Ausz\u00fcge und Zitate in meine Aufzeichnungen ein, um das Ausma\u00df der dunklen und primitiven Gedanken jener Bewohnerschaft und einer Eingeborenen von der Vergangenheit herf\u00fchrend zu verdeutlichen. Dabei lasse ich Dialekte, Wortwahl und Gedanken so, wie sie mir einst geschrieben \u0001 \u0002 \u0001 \u0002 ward ich aber in Eil\u00b4, als ich des Menschen Geraune h\u00f6rt\u00b4. Mei gesitteter Bruder soll ja wahrhaft mit dem Hexer selbst gebabbelt haben! H\u00e4tt\u00b4ich dir nie zugetraut! [\u2026]Mei Wort is nich verschwendet! Sperre die Lauscher auf, die Leut\u00b4reden \u2026 Auch Papps und Ma. Ganz viel. Da werd ich glatt neidisch! [\u2026]Jemand hat dein Briefe vor des Hexers verschlossene T\u00fcre geseh\u00b4n und das tr\u00e4gt sich rum!Es verschwinden Leut\u00b4 hier \u2013 ich wei\u00df, dass du damit nix zu tun has\u00b4, also lass es lieber Ruh\u00b4n! Angst um uns brauchst du nich\u00b4 haben, der Hof von Papps ist voller Vieh und das wird uns sch\u00fctzen beim Angriff. [\u2026]Ich wei\u00df nich\u00b4, was du gedenkst zu tun, aber solang\u00b4es keiner von uns is\u00b4, is\u00b4es uns auch egal! Lass den P\u00fcppchenmacher seine P\u00fcppchen machen und lenk\u00b4niemandes Aufmerksamkeit auf uns! Wir sind nich\u00b4wie du in der Stadt \u2026 Aber mach dir keine Sorgen!Mach mir eher welche um dich! [\u2026]Papps und Ma wissen nix um des Brief und das is\u00b4auch gut so. Belass es dabei und besuch\u00b4uns mal auf\u00b4m Hof!Bis zum Wiederseh\u00b4n mit ganz viel Lieb\u00b4,Lorray CarterMeine Liebe Schwester Lorray ist nur wenige Jahre j\u00fcnger als ich und hatte nie die Bildung erhalten, die sie bitter n\u00f6tig gehabt h\u00e4tte. Dass tun sie alle nicht, diese Hinterw\u00e4lder \u2013 das liegt ganz und gar nicht daran, dass Lorray zum weiblichen Geschlecht geh\u00f6rt \u2026 Wissen eignet man sich nur hinter jener grausigen Stadtmauern an und ebenso die Kunst der Sprache und Kenntnisse um die Moral und da es jene zu umgehen galt, war das Ergebnis erschreckend \u0001 \u0002 war ihre M\u00fche und Heimlichtuerei nicht an mir vorbeigegangen \u2013 sie wollte mich warnen und anscheinend hatten die Leute bereits den Kontakt zwischen mir und dem Puppenmacher gewittert. Was w\u00fcrde da ein weiterer Besuch in seinem Laden schon anrichten?Besser jetzt bevor sie mir eine Rolle in ihrem kranken B\u00fchnenst\u00fcck zugeteilt haben und meine Figur den L\u00f6ffel abgeben muss! Was sollte meine Schwester auch anrichten k\u00f6nnen? Allein nichts und wenn sie mich verriet, dann k\u00e4me auch ihr Brief an die \u00d6ffentlichkeit, wor\u00fcber unsere Eltern bestimmt nicht allzu gl\u00fccklich \u0001 \u0002 lebt schlie\u00dflich noch bei ihnen, denn sie ist ja noch nicht verheiratet und ist somit mehr an ihre Beine gekettet, als ein Vieh an seinen Stall! Nat\u00fcrlich tat es mir leid, doch Lorray weigerte sich, mit mir zu kommen, denn ihr gefielen die ausgekl\u00fcgelten Gedankenspinnereien ihrer Vorfahren, welche \u00fcberwuchert und ver\u00e4stelt in ihrem Verstand eingebettet \u0001 \u0002 sollte ich da schon tun?Trotz all meinen Bedenken rief ich am n\u00e4chsten Tag einen Kutscher, welcher mich daher erneut in die Stra\u00dfe jenes Mannes bringen und bitte keine Fragen stellen sollte. Auch bat ich ihn niemandem \u2013 keiner Seele \u2013 etwas davon zu erz\u00e4hlen. Ich bemerkte seinen Argwohn prompt, jedoch scherte es mich herzlich wenig, da Menschen zu verschwinden drohten und man immer noch keinen blassen Schimmer hatte, was mit ihnen geschehen war. Und so wenig ich meine Familie leiden konnte, da ihre Gedanken immer noch besudelt waren von Aberglaube und Hass, so f\u00fcrchtete ich doch um sie, denn mittlerweile wusste jeder, dass niemand mehr sicher war \u2013 Lorray\u00b4s verzweifelter Versuch mir ihre Sicherheit zu best\u00e4tigen, prallten sichtlich von mir \u0001 \u0002 mal regnete es nicht, jedoch schien ein schleierhafter, schwerer Nebel \u00fcber Hampton zu liegen, welcher sich unbarmherzig mit seinen durchscheinenden Krallen an den D\u00e4chern klammerte, was mich unweigerlich daran erinnerte, wie sehr die Einwohner genau das gleiche mit all ihren Riten und Traditionen \u0001 \u0002 die Nebelwand schien durchl\u00e4ssig, da die umgebende Atmosph\u00e4re etwas Neuartiges mit sich brachte, was sie jedoch nicht zu verarbeiten vermochte. Es war der widerw\u00e4rtige Gestank der Angst, welcher seinen Besitzer gewechselt hatte und somit auch die Empf\u00e4nger. Denn die Menschen aus Hampton kannten es nicht, eine bedrohlich nahe Angst so direkt zu versp\u00fcren, vor allem nicht in ihrem engsten Kreis. Fast taten sie mir \u0001 \u0002 neugierigen Blicke der Waschweiber waren nicht mehr gediegen, sondern offensichtlich besorgt, die M\u00e4nner starrten mir b\u00f6se hinterher, als br\u00e4chte ich die Pest zur\u00fcck in ihre abgeschottete Welt und die Frauen und Kinder schienen leise Gebete zu murmeln, alsbald sich unsere Blicke \u0001 \u0002 sagte mir, dass sie wussten, dass ich kein Feind war, den es zu bezwingen galt und ihr Hass nur eine Angewohnheit war, doch jene These war selbstverst\u00e4ndlich eben nur eine These, sodass ich mich weiterhin bedeckt \u0001 \u0002 die Kutsche in die Stra\u00dfe des Puppenmachers bog, herrschte hohes Treiben. Meine \u00dcberraschung war kaum zu verbergen, als ich sah, dass jene Menschenmassen doch tats\u00e4chlich Kinder mit sich schleppten, die Stoff-, Holzpuppen und andere Spielsachen in ihren kleinen unschuldigen H\u00e4nden \u0001 \u0002 Pferde trabten noch, als ich die T\u00fcr von selbst aufstie\u00df \u2013 die Aufregung nagte f\u00f6rmlich an mir \u2013 und mir meinen Weg durch die Mengen bahnte. Ich erntete zu meinem gro\u00dfen Erstaunen nur wenige argw\u00f6hnische Blicke, ignorierte herumstehende M\u00fc\u00dfigg\u00e4nger und dr\u00fcckte jene T\u00fcre in die Welt eines Wahnsinnigen \u0001 \u0002 mal erschreckte ich nicht wegen des eigenartigen Tons des grinsenden Springclowns (was mich innerlich mehr erfreute, als es sollte) und reckte meinen Hals \u0001 \u0002 hatte M\u00fche, irgendeinen Fleck erkunden zu k\u00f6nnen, welcher nicht von Menschenmassen beladen war, denn jenes gottverlassenes Gesch\u00e4ft, welches ich kannte, existierte in dieser Form nicht \u0001 \u0002 tummelten sich herum, begutachteten die verzweigten G\u00e4nge und Tunnel und verglichen die Spielzeuge miteinander, um eine Schlacht mit ihnen \u0001 \u0002 Eltern schauten jedoch nicht ganz so ermutigt wie ihre Kinder \u2013 irgendetwas stimmte nicht. Als trugen sie jene Angst mit sich wie einen unerforschten Virus, der nicht weichen wollte. Eine Welle der Verzweiflung riss mich ins Innere des Monsters und erneut packte mich der Schwindel, da ich unter einer aufkeimenden, nicht sonderlich, aber vorhandenen, Platzangst litt und ich wie eingeschlossen mitten diesen Massen \u0001 \u0002 M\u00fche zog ich meine Beine in Richtung Theke, an welcher ich den schmunzelnden S\u00fcdl\u00e4nder ausmachen konnte, welcher gerade einem M\u00e4dchen eine Puppe \u00fcberreichte. Ihre Mutter zog sie sanft an ihrer Kapuze zur\u00fcck und machte gerade Anstalten in meine entgegengesetzte Richtung zu laufen, als sie mich mit ihren glasigen Augen anzuflehen schien, etwas zu \u0001 \u0002 sagten die Leute nicht nur etwas schlechtes in Hampton \u00fcber mich und sahen mich als eine Art Vermittler zwischen der Realit\u00e4t und Apate\u00b4s Aberglauben?\u201eCarter! Mit Ihrem Besuch habe ich ja gar nicht mehr gerechnet ...\u201c Er sagte dies in einem solch ruhigen und abgesenkten Ton, sodass ich f\u00f6rmlich nach der Ironie greifen konnte. Nat\u00fcrlich wusste er, dass ich vorbeikommen w\u00fcrde \u2013 er hatte meine Briefe erhalten \u2026\u201eSie haben mich erwartet, nicht?\u201c\u201eWie kommen Sie nur darauf?\u201c, gab der Puppenmacher sp\u00f6ttisch zur\u00fcck. \u201eMan sollte nie etwas im Leben erwarten. Das sollten Sie doch am besten wissen, Lionell ...\u201c\u201eWo sind die Frauen?\u201c, fragte ich nun direkt und erhoffte mir eine ehrliche Reaktion, welche ich gehofft hatte, in seinem Gesicht entziffern zu k\u00f6nnen \u2013 jedoch schienen sich seine Muskeln lediglich zu entspannen.\u201eSie h\u00e4tten nicht den weiten gef\u00e4hrlichen Weg auf sich genommen, wenn Sie nicht auch irgendwie an meine Unschuld glauben w\u00fcrden ...\u201c\u201eDas mag sein.\u201c, gab dieses mal ich sp\u00f6ttisch zur\u00fcck. \u201eDoch was ich glaube und denke, ist nicht relevant. Relevant ist, dass Menschen verschwinden und es eindeutige Spuren gibt, die Sie mit den Ereignissen verbinden ...\u201c\u201eF\u00fcrchten Sie sich nicht?\u201c, fragte Apate bei\u00dfend. \u201eWovor? Mir kann nichts nachgetragen werden. Ich rede ehrlich und spiele mit offenen Karten. Sie sind es, der jeden Abend nach 20 Uhr im Nebel verschwindet und erst am fr\u00fchen morgen wieder aus irgendeinem Nest aufersteht. Wenn Sie wirklich unschuldig sind, bem\u00fchen Sie sich um Anh\u00e4nger! Der fahle Nebel hat noch niemandem ein gutes Alibi verschafft \u2026 F\u00fcrchten Sie sich nicht?\u201cEine dr\u00fcckende Stille legte sich \u00fcber den alten Mann, sodass sein Alter und auch seine Gebrechlichkeit besonders betont wurden. Ich hatte in der ganzen Zeit fast wieder vergessen, wie alt er eigentlich war \u2013 war er physisch \u00fcberhaupt zu solchen Taten f\u00e4hig?\u201eNein,\u201c, durchbrach der Puppenmacher pl\u00f6tzlich jene Stille. \u201eich f\u00fcrchte mich nicht. Manchmal, da sehen Schatten mehr als Menschen. Sie k\u00f6nnen ihre Sinne uneingeschr\u00e4nkt ausfahren und sind allgegenw\u00e4rtig. Was Menschen erhoffen zu sehen, entspricht f\u00fcr sie die Wahrheit und dabei ist es uninteressant, ob es wirklich wahr ist oder nicht. Im Res\u00fcmee sieht das unverf\u00e4lschte Bild \u2013 das Puzzle \u2013 eigentlich ganz anders aus, aber was tut das zur Sache, wenn man die Puzzleteile solange verformen kann, bis sie einem so passen, wie man sie gerne h\u00e4tte?\u201c\u201eSie wollen mir also derart ihre Unschuld begr\u00fcnden?\u201c, hakte ich ungl\u00e4ubig nach und runzelte entsetzt meine Stirn. \u201eWelchen Richter wollen Sie damit \u00fcberzeugen? Den Richter ihres Gewissens oder den Scharfrichter, wenn er mit dem Strick vor Ihnen steht? Weil, verstehen Sie mich nicht falsch, das v\u00f6llig unterschiedliche Dinge sind.\u201c\u201eDas Problem, mein Lieber Freund, ist die Rationalit\u00e4t des Menschen.\u201c, sagte er nun wieder v\u00f6llig ernst und gelassen, mit einer Hand auf meinen Schultern (wof\u00fcr er sich doch tats\u00e4chlich auf die Zehnspitzen stellen musste). \u201eDie Menschen ertragen nur Sachen, die erkl\u00e4rbar sind mit ihren ausgedachten Definitionen und Regeln \u2013 von Wissenschaftlern und Heuchlern \u2013 jedoch das Unglaubliche v\u00f6llig au\u00dfen vor lassen. Auch meine Meinung tr\u00e4gt nichts zu dem Gedanken der breiten Bev\u00f6lkerung bei, doch m\u00f6chte ich eines sagen: Jeder Staatsmann oder Staatsfrau, welcher diese nicht wenig von Bedeutung stehende Aspekte verachtet, ist irgendwo in seinem Herzen ein Staatsangeh\u00f6riger Hamptons, ob man nun je hier gelebt hat oder nicht.\u201cEr r\u00fcckte seine Brille zurecht, die heute auff\u00e4llig gerade auf seiner Nase sa\u00df (wahrscheinlich, weil er Kundschaft hatte) und lief an mir vorbei zu den aufgeregten Kindern in der Puppenabteilung. \u201eEntschuldigen Sie mich, Carter, aber ich muss mich wieder um meine Kundschaft k\u00fcmmern.\u201cUnd dies war das letzte mal, dass ich den Puppenmacher je wieder zu Gesicht \u0001 \u0002 heute erinnere ich mich schauderhaft, aber mit einer gewissen Prise von Wehmut, zur\u00fcck an den gro\u00dfartigen Puppenmacher. Sein runzliges Gesicht, seine buschigen dunklen Augenbrauen, seine spr\u00f6den Lippen, der kahle Kopf, die bunten Gew\u00e4nder, die schr\u00e4g sitzende Brille \u2026 All dies sind Schatten, Erinnerungen aus Nebel und Dunst, nicht fassbare Bestandteile, doch was sagte Apate einst? Schatten sehen mehr als Menschen und sind allgegenw\u00e4rtig \u2026 Vielleicht war er dies bereits zu Lebzeiten? Ich wei\u00df es nicht, doch was ich glaube \u2013 nein, mit Sicherheit wei\u00df \u2013 ist, dass der gro\u00dfartige Apate nicht mehr lebt. Wieso ich dies vermute, fragen Sie sich?Das Ende der Geschichte sieht so aus, dass ich jeglichen Kontakt zu dem Spielzeugmacher einstellte und mich verbissen in meine Arbeit vertiefte. Keine weiteren Vermisstenf\u00e4lle erreichten die Zeitungen, meine Familie suchte keinen weiteren auff\u00e4lligen Kontakt zu mir und es wirkte fast, als habe der Alltag sich heimt\u00fcckisch zur\u00fcck in mein Leben \u0001 \u0002 Vorstellung w\u00e4re nat\u00fcrlich zu sch\u00f6n \u0001 \u0002 Mundpropaganda trug sich die Nachricht weiter, dass der Puppenmacher seit einigen Tagen unauffindbar war, jedoch am letzten Tag, an dem er gesehen wurde, nie beim Verlassen des Gesch\u00e4fts erblickt wurd\u00b4. Nat\u00fcrlich h\u00e4tte man einfach die Klinke des Gesch\u00e4fts hinunterdr\u00fccken und einen Rundgang durch das dunkle Labyrinth aus Knopfaugen, Stoff \u2013 und Holzpuppen aufnehmen k\u00f6nnen, doch wer brachte diesen Mut ohne fremden Zwang schon auf?Mich erreichte ein Brief, in dem fremde Bewohner Hamptons sich auszudr\u00fccken versuchten und um meine Hilfe baten, da ich doch eine ausgepr\u00e4gtere K\u00fchnheit aufwies. Erneut besuchte ich die Stadt, jedoch reiste ich in das beliebte Restaurant eines alten P\u00e4rchen, welches mich herzlich willkommen hie\u00df. Dort versammelten sich dutzende von Menschen, die \u00fcberraschenderweise keine wilden Spekulationen noch andere Vorw\u00fcrfe aufwirbelten, sondern sich auf das rationale \u00dcberlegen und methodisches Handeln \u0001 \u0002 von ihnen brachten alte B\u00fccher hervor, welche sie mir nichtsahnend in die H\u00e4nde dr\u00fcckten, da sie die unbekannten Worte nicht zerpfl\u00fccken konnten, um ihren Inhalt erneut schl\u00fcssig \u0001 \u0002 der Wille zur Bildung zeichnete sich deutlich ab \u2013 dieses Vorgehen verwirrte sie wahrscheinlich mehr als mich, jedoch war es \u00e4u\u00dferst komisch diese jungen Menschen so stirnrunzelnd \u00fcber einfache Sachb\u00fccher gebeugt zu beobachten, da sich doch die meisten Vertreter ihres Alters in den Universit\u00e4ten herumschlichen und dies tagt\u00e4glich \u0001 \u0002 lernten sie \u00e4u\u00dferst schnell, als seien sie voller Wissen, welches lediglich verstaubt in irgendeiner Ecke ihres Verstandes schlummerte. Bei einem R\u00fcckfall, in dem sie sich auf vorschnelle Ergebnisse oder Prognosen klammerten, ertappten sie sich alsbald selbst und bissen sich ver\u00e4rgert auf die Unterlippe bis sie \u0001 \u0002 einigen Wochen hatte ich wahrhaftig das freudige Gef\u00fchl, ihre Geister seien erwacht \u2013 selbstverst\u00e4ndlich gab es immer noch gro\u00dfe Bildungsl\u00fccken, jedoch war die Entwicklung immens, sodass es eine Schande w\u00e4re, jene nicht gro\u00dfspurig zu \u0001 \u0002 der Puppenmacher immer noch kein Lebenszeichen von sich gegeben hatte und wir uns sicher waren, dass kein anderer Mensch in der Stadt fehlte, setzte ich mich mit einigen tapferen Bewohnern Hamptons zusammen. Drei \u2013 mit mir waren es vier - M\u00e4nner und eine Frau war das Ergebnis nach wochenlangen Gespr\u00e4chen und Untersuchungen, denn jene hatten sich wahrhaftig freiwillig gemeldet, mit mir den Spielzeugladen zu betreten. Zwei der M\u00e4nner waren Polizeibeamte, der eine Mann ein gro\u00dfgewachsener H\u00e4ndler und die Frau der Runde bildete eine \u0001 \u0002 bewunderte zutiefst ihre Tapferkeit und verga\u00df beinahe jedes F\u00fcnkchen von Angst, welches mein Gehirn fest umklammerte, da ich das Geb\u00e4ude ja nicht allein betreten musste. Inwiefern uns das retten k\u00f6nnte, konnte ich nicht sagen, doch manchmal galt es, den Verstand auszuschalten \u2013 und sei es mit primitiven Versprechungen!An einem Donnerstag Abend um circa 18 Uhr versammelten wir uns vor dem \u0001 \u0002 von uns schluckte schwer, wir warteten schweigend auf den Rest der Gruppe und vermuteten alle, dass h\u00f6chstwahrscheinlich mindestens einer nicht mehr kam \u2013 jene Vermutung blieb zwar unausgesprochen, jedoch las ich es in den blassen Gesichtern meiner \u0001 \u0002 dann jeder eingetroffen war, nickten wir uns gegenseitig zu, umklammerten eine Waffe (von Pistolen bis Brechstange war alles dabei) bis die Fingerkn\u00f6chel wei\u00df hervorstachen und stampften missmutig zur T\u00fcr. Einer der Polizisten setzte gerade das Brecheisen an, als wir v\u00f6llig verdutzt feststellen mussten, dass die Eingangst\u00fcr nicht verschlossen war. Dies bedeutete also tats\u00e4chlich, dass der Puppenmacher sein Gesch\u00e4ft vielleicht wirklich nie verlassen haben k\u00f6nnte \u2013 jene Information lie\u00df mein Herz unwillk\u00fcrlich h\u00fcpfen und ich konnte auch an den Gesichtern der anderen erkennen, dass ihnen jene Vorstellung Angst \u0001 \u0002 hatte er sich auch das Leben genommen und wir w\u00fcrden seine verweste und von Maden zerfressene Leiche finden?Oder er war einfach fort gegangen?Er dr\u00fcckte die T\u00fcrklinke hinunter und komischerweise waren die einzigen Worte, die mir damals in den Sinn kamen: \u201eAchtung, Springclown!\u201cUnd da war es wieder: Dieser erschreckende Ton des schelmisch grinsenden Unget\u00fcm!\u201eWas ist das denn f\u00fcr ein Kapess?\u201c, schrie der H\u00e4ndler auf und versetzte dem Teil einen ordentlichen Schlag auf den Kopf. Als k\u00f6nnte es denken, streckte es eine violette Zunge heraus und rollte mit den aufgeklebten Augen, sodass es dieses mal einen noch heftigeren Schlag erntete. Der Kasten fiel um und bleib reglos auf dem Boden \u0001 \u0002 jetzt bemerkte ich, dass die einzige Lichtquelle von der untergehenden Sonne stammte, denn alle Lichter waren ausgeschaltet, sodass es fast finster wirkte. Gl\u00fccklicherweise entdeckten wir keine Leiche \u2013 zumindest auf den ersten Blick, denn wir waren ja kaum Schritte \u0001 \u0002 lie\u00dfen zur Vorsicht, vielleicht auch mehr zur inneren Beruhigung, die T\u00fcr halb ge\u00f6ffnet und verk\u00fcndeten streng, niemand w\u00fcrde zu weit zwischen den G\u00e4ngen herumgeistern, da gerade ich wusste, wie harmlos sie wirkten, doch wie heimt\u00fcckisch sie eigentlich \u0001 \u0002 wenigen Metern schloss uns bereits die Dunkelheit ein \u2013 ich hielt mich an der jungen \u00c4rztin, sodass wir gemeinsam durch die Reihen der Regale st\u00f6berten, auf der Suche nach dem Unbekannten.\u201eDiese Puppen sehen so lebensecht aus \u2026 Es ergibt keinen Sinn, aber -\u201c\u201eGewissen Dinge m\u00fcssen auch keinen Sinn ergeben.\u201c, schnitt ich ihr lediglich das Wort ab, da ich seltsamerweise bef\u00fcrchtete, irgendeine unsichtbare Kraft w\u00fcrde von unseren Stimmen \u0001 \u0002 liefen alle so vorsichtig, dass sich unsere Schritte so leise wie die von M\u00e4usen anh\u00f6rten. Durch das fahle Licht erahnte ich lediglich die Umrisse der Puppen, die mir nachzustarren schienen und sich jede meiner Bewegungen \u0001 \u0002 k\u00fchler Luftzug lie\u00df die nun ergraute Deckenbeleuchtung aufwirbeln und erzeugte ein \u00e4chzendes Ger\u00e4usch. Es wirkte fast, als tanze der angesammelte Staub auf den Fl\u00fcgeln der Dekoration, um uns zu ihrem Geisterkabinett willkommen zu \u0001 \u0002 vernahm ich ein leises fl\u00fcstern, was wahrscheinlich von den M\u00e4nnern stammen musste, denn die \u00c4rztin stand stillschweigend neben mir. - Zumindest betete ich, dass es Menschen waren, die dort leise vor sich hin s\u00e4uselten \u2026Ich begab mich wieder in die vorderen Reihen der Regale und sp\u00fcrte nun umso mehr die eiserne K\u00e4lte au\u00dferhalb dieser Stube und es schien, als kratze sie \u00fcber meine Haut, um h\u00e4ssliche Narben zu hinterlassen. Ein pl\u00f6tzliches Quietschen lie\u00df mich aufatmen. Ich vollf\u00fchrte eine halbe Drehung und h\u00f6rte es erneut. Es war ein kontinuierliches Ger\u00e4usch, welches von dem Zusammenspiel der alten T\u00fcr und des Windes erzeugt wurde und mir fast einen Herzinfarkt beschert \u0001 \u0002 ich wirklich so empfindlich oder war jenes Gef\u00fchl der Angst wirklich berechtigt?\u201eAUTSCH, VERDAMMT!\u201cIch wirbelte herum wie alle anderen und starrte auf die dunkle schlanke Silhouette der \u00c4rztin \u2013 sie hielt ihren Arm weit weg von ihrem K\u00f6rper gestreckt, als sei er etwas Gottloses oder \u0001 \u0002 j\u00fcngere der beiden Polizisten war in einer erstaunlichen Geschwindigkeit herbeigeeilt und erkundigte sich, was geschehen war.\u201eEtwas hat meinen Arm umklammert und pl\u00f6tzlich hat sich etwas in mein Fleisch gebohrt! Erst ganz leicht wie eine Stecknadel und pl\u00f6tzlich hat sich der Schmerz ausgedehnt, als habe sich eine ganze Hand in meinen Arm gebohrt!\u201cWir liefen n\u00e4her zur T\u00fcr, um den Arm zu begutachten \u2013 zuerst hatte ich vermutet, sie leide unter einer Panikattacke, doch als das langsam verblassende Tageslicht den Arm erreicht hatte, sahen wir entsetzt, dass jene Erz\u00e4hlung ganz und gar nicht aus Gedankenspinnereien entsprungen war \u2013 winzige Kratz - und Bissspuren verzierten ihren Unterarm, sodass ich mich wirklich fragte, wieso die Frau eigentlich noch so ruhig geblieben war, da jene Verletzungen doch bestimmt h\u00f6llische Schmerzen verursachten mussten!\u201eDas ist kein ...\u201c\u201eNein, das ist kein Zahnabdruck ...\u201c, beendete ich den Satz des Polizisten und blickte ihn mit weit aufgerissenen Augen an. \u201eVielleicht ein herumstreunendes Tier ...\u201c, versuchte es die \u00c4rztin, doch wir wussten, dass dies nicht die passende Antwort \u0001 \u0002 der Verletzungen gingen wir alle zur\u00fcck. Pl\u00f6tzlich hatte ich einen anderen Einfall.\u201eDer Puppenmacher hatte ein Hinterzimmer. Vielleicht finden wir dort etwas \u2013 ich habe ihn dort einmal verschwinden sehen, als ich den Laden zum ersten mal besucht hatte.\u201c, schlug ich vor und die anderen nickten \u0001 \u0002 winzige Raum versteckte sich hinter der Ladentheke zwischen einer Biegung. Die T\u00fcr war derart in die Wand eingeflochten, dass man sie kaum erkannte und ich einige male die Wand abtasten musste. Nun mussten wir jedoch eine \u00d6llampe entz\u00fcndeten, da es immer dunkler und unheimlicher wurde \u2013 und dies, obwohl wir doch zu f\u00fcnft waren. Oder zu sechst \u2026 ?Die wohlige W\u00e4rme streichelte mein Gesicht, als wollte sie mich beruhigen vor dem, was hinter dieser T\u00fcr verborgen \u0001 \u0002 atmete einmal tief durch, schloss die Augen und genoss noch einmal den privilegierten Moment der Unwissenheit und dr\u00fcckte anschlie\u00dfend die T\u00fcrklinke \u0001 \u0002 traten alle gemeinsam ein, auf den ersten Blick sahen wir keine Besonderheit, doch pl\u00f6tzlich schrie der H\u00e4ndler auf \u2013 ich werde jenen Schrei auf ewig in meinen Albtr\u00e4umen h\u00f6ren. Genauso den von der \u00c4rztin, den der Polizisten und den \u0001 \u0002 uns sa\u00df eine winzige Holzpuppe, geh\u00fcllt in bunten Gew\u00e4ndern, mit sch\u00fctterem dunklem Haar und einer schiefen Brille auf der Nase. Es war die exakte Nachbildung des Puppenmachers \u0001 \u0002 ihm selbst fehlte jede Spur. Bis \u0001 \u0002 sp\u00e4ter r\u00e4umte man seinen Laden aus und \u00fcberreichte mir einen Packen Briefe, die allesamt an mich adressiert waren, ein Siegel enthielten, jedoch nie abgeschickt worden waren. Ich werde Ausz\u00fcge von ihnen wiedergeben, sodass Sie sich selbst eine Meinung bilden \u0001 \u0002 mich angeht: Glaube ich an Apates Unschuld oder an eine Intrige?Ich wei\u00df es nicht. Aber eins wei\u00df ich: Der Puppenmacher hat Hampton ver\u00e4ndert und mit ihm waren M\u00e4chte am Werk, die es so nicht mit dem irdischen Wortschatz zu erl\u00e4utern \u0001 \u0002 vergessen Sie eins nie: Meine Meinung tr\u00e4gt nichts zu dem Gedanken der breiten Bev\u00f6lkerung bei, doch m\u00f6chte ich eines sagen: Jeder Staatsmann oder Staatsfrau, welcher diese nicht wenig von Bedeutung stehende Aspekte verachtet, ist irgendwo in seinem Herzen ein Staatsangeh\u00f6riger Hamptons, ob man nun je hier gelebt hat oder nicht.",
            "wordcount": "4.036",
            "chapter_release": "30.01.2020",
            "chapter_number": "3"
        },
        "4": {
            "text": "- Es folgen Ausz\u00fcge aus den Briefen Apate\u00b4s pers\u00f6nlich. Unn\u00f6tige Details, sowie unleserliche Passagen, wurden ausgelassen. -Lieber \u0001 \u0002 habe unsere Zusammenkunft nochmals Revue passieren lassen und erkenne, dass unser Gespr\u00e4chsaustausch relativ Wortkarg war \u2026 So mag ich es doch, neue Welten zu betreten, doch verachte es, wenn Menschen sie nicht w\u00fcrdigen. Das zeige ich nicht gern und offen gesagt, bin ich kein Freund der Kritik, doch Akzeptanz ist bekanntlich ihre Schwester \u2026 Ich muss weder betr\u00fcbt \u00fcber andere Worte sein noch irgendetwas ver\u00e4ndern \u2013 ich muss es nur akzeptieren. Akzeptieren, dass Sie etwas zu sagen hatten und ich mich dem nun ansehe. [\u2026]Ich m\u00f6chte mich nach all dem Geschwafel dazu bekennen, mich den Menschen vorzustellen! [\u2026]Ich sehe Sie als feinen Kerl, Carter. Sie sind in meinem Laden gekommen, standhaft und ehrlich, und haben jenen aus freien St\u00fccken wieder so verlassen. Was zwischen den Regalen geschehen ist, entspringt reiner Einbildung \u2013 um Ihren Ruf zu wahren, verliere ich kein Wort \u00fcber das Geschehene und das schw\u00f6re ich bei Gott. [\u2026]Ich freue mich auf einen weiteren Besuch von Ihnen! Ich bezweifel, dass Sie auf den Tratsch Ihrer Stammesf\u00fchrer h\u00f6ren, denn Sie sind weit genug in die Zivilisation gekehrt, um die gegebenen Strukturen einordnen zu \u0001 \u0002 eindrucksvoller \u0001 \u0002 Puppenmacher Jener Brief ist k\u00fcrzer und etwas rasant geschrieben worden, sodass gewisse Passagen unleserlich wirken. -Lieber \u0001 \u0002 bin unschuldig!Ich f\u00fcrchte mich vor dem Urteil Gottes nicht, weil er wei\u00df, welches Schicksal mich zeichnet und bis zu welchem Grad mein Geist die Schuld auf seinen wehleidigen Schultern tr\u00e4gt. Wohl aber f\u00fcrchte ich mich vor Ihrem Urteil. Denn Sie sind doch die einzige Person, die mich hier in diesem verlassenen \u00d6rtchen kennt! [\u2026]Ich verletzte keine Seele au\u00dfer meiner eigenen und verschleppe auch niemanden in ein Verlies, in dem ich sie leiden lasse!Dies kann mir nicht angeh\u00e4ngt werden und obwohl Ihr Eindruck doch nur kurz von mir ist \u2013 so bitte ich Sie doch: Erz\u00e4hlen Sie den Menschen, dass ich nicht zu einer solchen Tat f\u00e4hig w\u00e4re![\u2026]Glauben Sie mir! Ich habe nicht vor, jemanden zu verletzen und hatte jene Absicht auch nie gehegt! Ich wollte ihnen den Schl\u00fcssel zu meiner Welt geben, zu meinem Leben, jedoch mit einer friedlichen Ma\u00dfnahme! Vertrauen Sie \u2013 wenigstens nur Sie \u2013 auf meine Worte! In Ihrem Brief haben Sie sich zu mir positioniert, doch bitte ich Sie nur um eines: Meinen Sie es ehrlich damit ...Ihr besorgter \u0001 \u0002 Puppenmacheres folgt ein 10 seitiger Brief bzw. ein Gest\u00e4ndnis, welcher unbeschreiblich unleserlich, vergilbt und por\u00f6s wirkt, als sei er bereits seit Dekaden existent -Lieber \u0001 \u0002 ist der letzte Brief von mir an \u0001 \u0002 Sie es als Gest\u00e4ndnis auf und verbreiten Sie jenes, denn ich kann dies bald nicht mehr tun. Es ist alles zeitlich begrenzt. Und meine Zeit ist wahrscheinlich bereits abgelaufen, wenn Sie dies hier lesen [\u2026]. Ich beginne am Anfang meiner Geschichte, denn ich versuche inbr\u00fcnstig, offene Fragen zu vermeiden! Meine Herkunft ist der weit entfernte Orient. [\u2026] Nach jener anstrengenden Jugend, in der mich die Menschen verachteten und tuschelten, meine Spielzeuge w\u00fcrden kein Kinderauge verz\u00fccken, reiste ich in den Westen, um wenigstens mich selbst vom Gegenteil \u00fcberzeugen zu k\u00f6nnen und in jahrelanger Hingabe meine Qualit\u00e4ten zu \u0001 \u0002 wie London oder Berlin sagten mir zu, die Menschen verbrachten Stunden, meine Kreationen und K\u00fcnste zu betrachten, die ich tagelang mit einem Monokel und in einem sp\u00e4rlich beleuchtenden Raum angefertigt hatte und meine Bindung zu den Menschen war so weit gewachsen, dass ich sie alle beim Namen nennen konnte! [\u2026]Doch ich hatte schon immer bemerkt, dass etwas mit meinen Puppen nicht stimmte.[\u2026]Sie waren lebensecht. Man erkannte eine Form von Individualismus in ihren Augen und Gesichtsz\u00fcgen. Ihre Blicke schienen mich zu strafen, wenn ich sie ankleidete oder anmalte, als seien sie unzufrieden mit meiner Gestaltungsauswahl. [\u2026]Irgendwann konnte ich den Menschen meine Puppen nicht mehr verkaufen, denn ich f\u00fcrchtete, sie w\u00fcrden die Menschen au\u00dferhalb des Gesch\u00e4fts verletzen \u2013 ich wollte niemals, dass dies geschieht, denn ich hatte diese Vorahnung, die mir prophezeite, dass genau dies eintreffen w\u00fcrde, wenn ich bleiben w\u00fcrde und so reiste ich \u0001 \u0002 war die Herstellung von Spielwaren meine einzige Perspektive, sodass ich gezwungen war, neue Kreationen zu erschaffen und jene verkaufte ich in einer mir wieder fremden Stadt \u2013 Paris. Von jener hatte ich vorher nur lesen d\u00fcrfen, doch sie \u00fcbertraf jede Wortbeschreibung, welche mir jemals vorgesetzt wurde, denn manche Dinge kann man nicht mit Worten beschreiben. [\u2026] Ich verbrachte dort viele gl\u00fcckliche Jahre und verga\u00df meine P\u00fcppchen fast, doch irgendwann entdeckte ich auch Unebenheiten bei meinen anderen Spielzeugen \u2013 auch sie fingen an, einen eigenen Verstand zu entwickeln!Ich dachte, ich w\u00fcrde in v\u00f6lliger Panik versinken! [\u2026]Ich wollte Paris nicht verlassen, doch ich \u0001 \u0002 f\u00fchlte mich nicht mehr sicher, wusste, dass meine Tage in Wohlstand gez\u00e4hlt \u0001 \u0002 Lebensfreude verlie\u00df mich, stundenlang schrie ich die leblosen Dinger an und verlangte, sie w\u00fcrden mit mir sprechen, doch es geschah selbstverst\u00e4ndlich nichts \u2026 Ob sie nicht wollten oder konnten, war mir damals noch ein R\u00e4tsel, welches sich jedoch bald schon l\u00f6sen lie\u00df.[\u2026]Mir wurde irgendwann jedoch bewusst, dass ich keine Spielzeuge herstellen musste, obwohl dies meine gro\u00dfe Leidenschaft war. Also gab ich meine so geliebte T\u00e4tigkeit schmerzlich \u0001 \u0002 konnte ich in Paris bleiben und musste mir nur eine Ausrede f\u00fcr die trauernden Kinder \u00fcberlegen, doch dies war das kleinste \u0001 \u0002 eines Tages h\u00f6rte ich ein Kratzen aus dem Keller, dann ein Lachen \u2013 kindlich und kaum h\u00f6rbar, doch laut genug, um zu wissen, dass ich es mir nicht \u0001 \u0002 brachte mich fast um den Verstand, jedoch fiel mir Wochen sp\u00e4ter ein Brief auf, welcher beim Sortieren meiner Akten zuf\u00e4llig in meine Finger \u0001 \u0002 Gott, dachte ich, w\u00fcrde ich nun den Verstand verlieren?Carter, ich glaube an Gott, aber nun auch an das Gegenteilige \u2013 denn ich schw\u00f6re bei den Engeln, dem Guten und beim Heiligen: Die Spielzeuge hatten mit ihren Stoffh\u00e4nden einen teuflischen Brief mit einer fast schon kindlichen krakeligen Schrift verfasst, welcher lediglich die Worte: \u201eVerkauf uns!\u201c beinhalteten, doch mehr brauchte es nicht, um ihren Ursprung zur\u00fcckzuverfolgen und die aggressive Art und Weise des Schriftzuges gefiel mir gar nicht \u2026 ![\u2026]Ich verlie\u00df Paris nicht gleich, sondern schrieb noch eine lange Zeit mit einem Mann namens Kredget. Durch Mundpropaganda hatte ich erfahren, dass er Geb\u00e4ude in kleineren St\u00e4dten und D\u00f6rfern verwaltete und verlangte ein winziges Gesch\u00e4ft in einer seiner kleinsten \u0001 \u0002 ich Hampton das erste mal besuchte, wusste ich sofort, dass dies der ideale Standort war. Niemals hatte ich die Absicht meine lieben Kinderlein in Paris zu entt\u00e4uschen, sodass ich ihnen all meine Spielzeuge \u0001 \u0002 Menschen in Hampton jedoch schienen auf eine fast schon religi\u00f6se Art und Weise diabolisch und sektenhaft, sodass ich kein schlechtes Gewissen hatte, ihnen meine Puppen zu verkaufen. Verstehen Sie mich nicht falsch, Carter \u2013 die Kinder in Paris sind nicht besser, als die in Hampton, jedoch hatte ich eine menschliche Bindung zu ihnen, die \u00fcber Freundschaft hinaus ging \u2013 ich liebte sie, als seien es meine Kinder![\u2026]Doch in meinen Laden kam keine Seele. Ich erhielt keine Nachrichten mehr von ihnen, doch ich sp\u00fcrte ihre Ungeduld. Sie wurden st\u00f6rrisch, begannen, mir den Pinsel aus der Hand zu schlagen, wenn ihnen die Farbe nicht gefiel und setzten sich in den Regalen um. Au\u00dferdem errichteten sie Tunnel, G\u00e4nge und undefinierbare Wege zwischen den Regalen in denen sie \u0001 \u0002 sie sich zwischen ihnen bewegten \u2013 Carter, ich habe gelogen, als ich sagte, sie seien verr\u00fcckt \u2013 durften Sie als erster Au\u00dfenstehender in jene gottverdammte Welt eintauchen. Sie haben Stoffh\u00e4nde gesp\u00fcrt, weil sie Sie ber\u00fchrt haben, Sie haben Eis unter ihren H\u00e4nden ertastet, weil der Boden gefroren war und Sie haben keinesfalls an einem Fieber gelitten, als die G\u00e4nge sich immer mehr verzweigt hatten und Sie die Orientierung verloren. All dies ist real, mein Freund.[\u2026]Erw\u00fcnscht waren Sie in meinem Laden nie gewesen [\u2026] ich wollte nie, dass sie zur\u00fcckblicken zu mir oder dass andere Menschen ihnen betraten, weil ich mir \u00fcber die Folgen bewusst war. Sie sollten fliehen und mit Ihnen all die armen, zur\u00fcckgebliebenen Hinterw\u00e4lder, denn wie auch immer sie mich anblickten, sie taten mir nie etwas, sodass ich auch nicht das Bed\u00fcrfnis hatte, ihnen zu schaden. [\u2026]Ich hoffte lediglich sie beruhigt zu haben, doch dann geschah etwas fatales! Die Puppen verlie\u00dfen \u2013 wie auch immer sie dies anstellten \u2013 den Laden und trieben sich zwischen den verlassenen Gassen Hamptons herum. Die armen Menschen, die sich nachts im Bett erhoben, weil sie ein imagin\u00e4r geglaubtes Rascheln vernahmen, sich jedoch in dem gleichen Moment wieder hinlegten, weil sie sich sicher glaubten \u2026 Obwohl Stoff- und Holzh\u00e4nde m\u00fchsam an den T\u00fcren und Fenstern zogen, um grinsend in das Schlafzimmer zu taumeln und den Besitzern dessen einen Herzanfall zu bescheren.[\u2026]Nachdem das die erste Frau verschwunden war, ahnte ich bereits, was geschehen sein musste, konnte dies jedoch nicht glauben, denn so hie\u00df es ja, dass sie selbst Spielzeuge herstellen konnten und somit \u00fcber ein so komplexes Denkverm\u00f6gen verf\u00fcgen mussten, dass es mir das Blut in den Adern \u0001 \u0002 Mundwinkel waren an dem Morgen danach noch verzogener und schelmischer, als sonst und so bleib mir nichts anderes \u00fcbrig, als meine Vermutung als Wahrheit und Fakt zu \u0001 \u0002 Akzeptanz \u2026 [\u2026]Sie hatten es geschafft \u2026 Die Menschen betraten nun Generationen\u00fcbergreifend meinen Laden und ich hatte zum ersten mal seit so vielen Jahren wieder das, was mein Leben so gepr\u00e4gt und voller Liebe und Gl\u00fcck beschert hatte \u2013 zumindest dachte ich das vorerst, denn genau so war es nat\u00fcrlich \u0001 \u0002 unterschwellige Geruch von Angst mischte sich mit dem Geruch von Plastik und Bastelkleber und ergab einen solchen Gestank, dass ich w\u00fcnschte, mich \u00fcbergeben zu \u0001 \u0002 Holzpuppen hatten mir nicht nur das genommen, was mich zum Leben bewegt hatte \u2013 nein, sie gaben mir eine Prise davon, um mir aber genau dies zu zerst\u00f6ren \u2026 [\u2026]doCh sIE werDen gierig, deNn ICH h\u00f6ree sie schmieden und lachEN und weI\u00df, daSS bald ich sterben werde \u2026 OH GOTT, mein Leeeeben geht zu ENDE \u2026 ES TUT MIR LEID ICH -Carter, ich bitte [Der Rest ist so unleserlich und rasant verfasst, worden, dass bis heute niemand die folgenden Seiten \u00fcbersetzen, \u00fcbertragen oder gar verstehen konnte. Hiermit endet der Brief bis hin zum Verstandenen. Das Gericht entschied, dass, wann auch immer man den Puppenmacher findet, er unverz\u00fcglich in ein Asyl eingewiesen werden soll. Er ist unzurechnungsf\u00e4hig, aber auch schuldig gesprochen, an dem Verschwinden von zwei, bis heute nicht aufgetauchten Frauen beteiligt bzw. der Alleinverantwortliche gewesen zu \u0001 \u0002 ward bis heute noch nicht wieder gesehen. Zur\u00fcckgelassene Spielzeuge wurden von den nun entwickelten und modern denkenden Bewohnern Hamptons verbrannt und \u00e4u\u00dferten sich, als die Polizei sie wegen ihrer verbotenen Tat zur Rede stellte, so, dass man Keime niemals v\u00f6llig loswerde und gewisse Dinge niemals aussterben werden, sodass der Drang zur Sicherheit, welcher von den \u00c4sten der Paranoia getragen wird, dazu f\u00fchrte, dass man gewisse, als abgestorben geglaubte Wurzeln, keine Chance geben wollte, da die Kraft der Untersch\u00e4tzung niemals verkannt werden sollte. Manche Wurzeln sterben folglich nicht von allein und m\u00fcssen von fremder Hand vernichtet werden. Und gewisse Keime ruhen in ewig in den K\u00f6pfen ihrer Besitzer, wenn sie auch schlummern und sich erst noch im Verborgenem halten.]",
            "wordcount": "1.840",
            "chapter_release": "30.01.2020",
            "chapter_number": "4"
        }
    },
    "title": "Der Puppenmacher",
    "topic": "unspecified",
    "release": "\n03.01.2020\n\t\t\t\t\t\t",
    "author": "NickiWayne"
}