{
    "tags": [],
    "chapcount": "2",
    "wordcount": "10.097",
    "chapters": {
        "1": {
            "text": "Autoren: Neko & She SeyaE-Mail: sumeragi_subarukun@\u0001 \u0002 & sheseya@\u0001 \u0002~~~~~~~~~~~~~~~~~~~~~~~~~~~~~~~~~~~~~~~~~~~~~~~~~~~~~~~~~~~~~~~~~~~~~~~~~~~Peter James Doyle wuchtete den n\u00e4chsten Sack auf seine Schultern und ging die schmale Treppe hinauf, die ihn aus dem Bauch des Schiffes brachte. Das L\u00f6schen der Ladung dieses Schiffes sicherte ihm sein Einkommen f\u00fcr drei ganze Tage, wenn er Gl\u00fcck hatte und wenn er schnell genug war, dann gab es sogar noch einen Zuschlag. Auf den hoffte er ganz fest. Er wollte sich davon eine neue Jacke holen. Seine alte war schon ziemlich fadenscheinig und hundertmal geflickt. Aber so sahen hier jeder aus: Zumeist kr\u00e4ftige Kerle in sch\u00e4biger Aufmachung, die Gesichter gezeichnet von Wind, Wetter, Alkohol und Alter. Man redete w\u00e4hrend der Arbeit nicht viel, aber niemand hier hatte sich auch etwas zu sagen. Jeder machte seine Arbeit, und am Abend traf man sich zumeist in den selben Hafenkneipen \u0001 \u0002 sah hoch zum bleiernen Himmel. Es konnte nicht mehr lange bis zum Feierabend sein - seine Taschenuhr war dem Salzwasser zum Opfer gefallen - aber der Gedanke war dennoch nicht sehr tr\u00f6stlich. Es lag an dem immer gleichen Einerlei. Keine Chance, dieser Knochenm\u00fchle jemals zu entkommen. Sein Vater war schon Hafenarbeiter gewesen, hatte sein Geld in der Hafenkneipe gelassen und war dann schlie\u00dflich gestorben, als ein Schiffsanker ihm das Bein wegriss. James lud seinen Sack auf das Netz ab, welches dann mit dem Kran vom Schiff gehoben wurde. Das sparte Zeit und \u0001 \u0002 schnaufte wieder in den Bauch des Schiffes. Immer wieder, bis endlich alle Ladung an diesem Tag gel\u00f6scht war.\"So, ihr Landratten, Schluss f\u00fcr heute!\", br\u00fcllte der st\u00e4mmige Vorarbeiter \u00fcber den Pier. Aber sein Blick blieb auf James und ein paar anderen h\u00e4ngen. \"He, Doyle, Smith, Rogerson und Pierce, ihr k\u00f6nnte heute \u00dcberstunden machen. Bringt die Kisten im Hof in den Bereich C2 der Lagerhalle! Und Vorsicht damit!\"James h\u00fcpfte das Herz, obwohl er schon jetzt fix und fertig war. Das hie\u00df Extra-Geld. Seinen Kollegen ging es da nicht anders. Eine Mischung zwischen Freude und M\u00fcdigkeit zeigte sich auf ihren Gesichtern. Ein steifer Grog oder ein Humpen Bier war auch nicht schlecht. Aber wenn sie sich beeilten, w\u00fcrden sie schnell fertig \u0001 \u0002 anderen Arbeiter hoben die Hand zum Gru\u00df und schlurften von Dannen. Auch der Vorarbeiter machte sich auf den Weg zum Hafenmeister, um die Papiere zu vervollst\u00e4ndigen. Aber nicht ohne vorher noch dreimal das Schloss am Haupttor \u00fcberpr\u00fcft zu haben. James und seine Kollegen w\u00fcrden sp\u00e4ter den Seiteneingang vom Lagerhaus nehmen, f\u00fcr den sie ausnahmsweise sogar den Schl\u00fcssel bekommen hatten.\"Los, Jungs, sehn ma zu, dass ma fertich wern\", brummte Rogerson, ein grauhaariger, ehemaliger Seemann, und sie folgten ihm in den Innenhof des Lagerhauses. Die Sonne, oder das wenige, was von ihr unter Wolken und Industriequalm zusehen gewesen war, war schon fast untergegangen. Sie besahen sich die Kisten. Es waren gut drei\u00dfig St\u00fcck, die von zwei Mann jeweils getragen werden konnten. Der Holzgeruch war noch intensiv, als w\u00e4re das Holz frisch gewesen, als man es zu Brettern und Kisten verarbeitet hatte. Dunkel hoben sich die aufgebrannten Zeichen des Eigners ab.\"Wenn wir uns beeilen, sind wir in einer Stunde damit fertig\", meinte James. Die anderen nickten. Je zwei Mann griffen sie nach einer Kiste, die bedeutend schwerer waren, als sie aussahen, und in den es verd\u00e4chtig klapperte.\"Sicher Protzellan f\u00fcr die Reichen\", knurrte Smith ver\u00e4chtlich zu James hin\u00fcber, w\u00e4hrend sie ihre Last vorsichtig absetzten. \"Der Boss frisst uns zum Fr\u00fchst\u00fcck, wenn da wat passiert.\"\"Kann sein\", antwortete James einsilbig. Die Kisten hatten es echt in sich. Das hier w\u00fcrde ihnen die letzte Puste aus den Leib \u0001 \u0002 wer Geld sehen wollte, musste auch etwas daf\u00fcr tun, da war nichts zu machen. Schnaufend m\u00fchten sich die M\u00e4nner die n\u00e4chste Stunde mit den Kisten ab und schafften doch nur ann\u00e4hernd die H\u00e4lfte; jede Kiste schien schwerer zu sein als die vorherige. \"Jungs, lasst uns ma ne Pause machen!\", bat Rogerson und zog einen Flachmann unter der Jacke \u0001 \u0002 lehnte sich keuchend neben ihm. Er hatte trotz des kaltaufkommenden Windes von Seeseite die Jacke ge\u00f6ffnet. \"Was ist da nur drin?\", schnappte er.\"Kannst ja rinnegucken, aber dann bekommen ma alle \u00c4rger vom Boss\", meinte Smith und wischte sich die Stirn. \"Ich geh mal ein paar Bierchen ausm Geheimlager holen, ja?\" Der Vorschlag wurde gleich mit Zustimmung quittiert. Die M\u00e4nner zerstreuten sich ein bisschen, nur James blieb wo er war, an eine Kiste gelehnt. Er streckte sich gelenkknackend. Das tat gut und weckte die \u0001 \u0002 er ein anderes Ger\u00e4usch h\u00f6rte, blieb er mitten in der Bewegung. Aber es wiederholte sich nicht, so dass er es als Rattengetrabbel \u0001 \u0002 was gut zehn Meter \u00fcber dem Kopf des Hafenarbeiters auf einer der Metallverstrebungen der Lagerhausdecke hockte und die Luft vor Anspannung anhielt, war alles andere als eine Ratte. Cedric Ainsley verfluchte sich innerlich f\u00fcr seine Unvorsicht. Wer sich auf Metalluntergrund zu schnell bewegte, der verdiente es, geschnappt zu werden. Aber warum mussten ausgerechnet heute noch ein paar Muskelpakete von Arbeitern in diesem Lagerhaus sein? Kurz spielte Cedric mit dem Gedanken, seinen Beutezug wieder aufzugeben. Aber er war schon zu weit gekommen. Die M\u00fche sollte sich auch lohnen. In Zeitlupe schob Cedric sich auf dem Stahltr\u00e4ger weiter, den Mann unter sich nicht aus den Augen lassend. Pl\u00f6tzlich ging das Licht aus. W\u00e4hrend Cedric die Luft anhielt, fluchten James und die anderen Arbeiter auf. \"Smith, mach das Licht an!\", br\u00fcllte er von ihnen.\"Ja, mach Lich an!\", bekr\u00e4ftigte \u0001 \u0002 bekamen keine Antwort. \"Smith, lass den Bl\u00f6dsinn!\", wurde der alte Seemann lauter, \"Wir wissen, dassde dahinten den Lichtschalter hast! Los, mach wieder an!\" Wieder nur \u0001 \u0002 kniff die Augen zusammen, um im schwachen Licht, das von drau\u00dfen durch die fleckigen Fenster drang, noch etwas erkennen zu k\u00f6nnen. Er sah drei der Arbeiter und einer ging nun nach hinten, um nach dem vermissten Vierten zu sehen. Wenn er jetzt die Chance nutzte und nach unten...?Ein erstickter Schrei zerriss die Stille des Lagerhauses. \"Das war Smith\", zischte James und ging einige Schritt in die Richtung, woher der Schrei kam und wohin Smith verschwunden war. Aber er stolperte scheppernd \u00fcber einen Eimer. Fluchend hielt er sich im Gleichgewicht. \"Smith!\", br\u00fcllte er. \"Was zum Teufel ist los?\"Erneut kam keine Antwort. Vorsichtig tastete James nach der Wand, f\u00fchlte br\u00f6ckeligen Stein unter seinen Fingern und ging langsam weiter. \"Sei vorsichtig, Doyle\", wisperte Pierce hinter ihm. Doch dann prallte James auch schon gegen ein weiches Hindernis. \"Verdammich, Junge, erschreck mich doch nich so!\", fluchte Rogerson. \"Ich finde diesen Idioten nicht\", brummte er und rieb sich ungesehen die Brust. \"Er ist weg und der Lichtschalter scheint hin\u00fcber. Die ganze Lampen k\u00f6nnen ja schlie\u00dflich nicht von allein kaputt gegangen sein.\"\"Dann ist der ganze Strom weg. Vielleicht ein Stromausfall\", schloss James. Wo hier die Sicherungsk\u00e4sten waren, wusste keiner von ihnen; davon abgesehen waren sie sicher verschlossen. Und von andere Lichtquellen wussten sie nichts. \"Besser, wir verdr\u00fccken uns\", Pierces Stimme klang deutlich \u00e4ngstlich, \"Mir geht der Scherz hier langsam zu weit.\"Den gleichen Gedanken hatte auch Cedric, der noch immer die drei Arbeiter beobachtete. Er war sicher niemand, der sich vor der Dunkelheit f\u00fcrchtete. Ganz im Gegenteil! Aber er konnte das Gef\u00fchl des st\u00e4rker werdenden Unbehagens nicht absch\u00fctteln. Wo war der andere Mann hin verschwunden? War das wirklich nur ein Scherz?Leise schob sich Cedric \u00fcber die Verstrebungen zur\u00fcck zu der Dachluke, durch die er in das Lagerhaus eingestiegen war. Aber sie war verschlossen. Lautlos fluchend stemmte Cedric sich dagegen, aber die Klappe r\u00fchrte sich keinen Millimeter. Dabei hatte er schw\u00f6ren k\u00f6nnen, dass sie sich bei seinem Einstieg ganz einfach hatte bewegen \u0001 \u0002 wie in ihm die Panik wuchs, so erging es den M\u00e4nnern am Boden auch nicht besser. Sie suchten immer noch ihren vierten Mann und stolperten durch die verstellten G\u00e4nge. \"Er kann nicht weit sein\", meinte James.\"Wir kommen ja kaum vorw\u00e4rts.\"\"Vielleicht hat er sich ja das Genick gebrochen\", jammerte Pierce.\"Ich brech' DIR gleich das Genick, wenn du weiterheulst wie'n Waschweib!\", brauste Rogerson auf. \"Der verdammte Kerl hat sich garantiert schon l\u00e4ngst aus'm Staub gemacht und findet es lustig, uns hier herumstolpern zu lassen!\" Immer wieder polterten sie gegen einzelne Kisten, aber eigentlich h\u00e4tten sie den Ausgang an der hinteren Wand schon l\u00e4ngst erreichen m\u00fcssen. Dort war jedoch nichts.\"Ich bin mir sicher, dass hier der Ausgang war\", murmelte James. Er drehte sich um. \"Kann es sein, dass die Lichter drau\u00dfen auch ausgegangen sind?\", fragte er. Es war nicht dunkler geworden. Aber es gab kein Licht mehr, was durch die Fenster floss. Die anderen brummten zustimmend und sahen nach oben. \"Wahrscheinlich is' im halben Hafen kein Strom mehr\", knurrte Rogerson. \"Los, finden wir endlich diese verdammte T\u00fcr!\"Cedric hatte einen Augenblick lang Angst gehabt, dass man ihn jetzt entdeckt hatte, aber dann wurde ihm klar, dass er mit dem fehlenden Licht von drau\u00dfen ein weitaus gr\u00f6\u00dferes Problem hatte. Der Stahltr\u00e4ger, auf dem er immer noch hockte war kaum 30 Zentimeter breit, und er w\u00fcrde ziemlich tief fallen. Und Licht machen konnte er nat\u00fcrlich nicht, weil man ihn sonst wirklich sehen w\u00fcrde. Cedric biss die Z\u00e4hne zusammen und stemmte sich erneut mit aller Kraft gegen die \u0001 \u0002 schaute nach oben, als er wieder ein Ger\u00e4usch h\u00f6rte. \"H\u00f6rt ihr das auch?\", fragte er. Die anderen verneinten. \"Lass uns die verdammte T\u00fcr finden und nicht Ratten jagen\", fluchte der \u0001 \u0002 bezweifelte langsam stark daran, dass er da eine Ratte geh\u00f6rt hatte, zumal das Ger\u00e4usch definitiv \u00fcber ihm gewesen war, aber er schwieg. Vorsichtig tasteten sich die M\u00e4nner an der Wand entlang, stie\u00dfen aber nur auf rauen Verputz.\"Was ist mit der Hauptt\u00fcr? Kommen wir da vielleicht raus?\", fragte Pierce. Seine Stimme klang leicht schrill.\"Die hat doch der Vorarbeiter abgeschlossen\", knurrte James. \"Wenn wir hier nicht raus kommen, dann m\u00fcssen wir eben halt \u00fcbernachten. Morgen wird wieder aufgeschlossen.\" James wurde langsam w\u00fctend wegen diesem Hasenbein. Er konnte Feiglinge nicht ausstehen und Pierce war definitiv einer.\"Morgen fr\u00fch? Ich will hier sofort raus, h\u00f6rt ihr mich? Hier stimmt doch was nicht!\" In beginnender Panik kratzte Pierce an der Wand.\"Jetzt reicht's!\", erkl\u00e4rte Rogerson. Er packte Pierce und sch\u00fcttelte ihn so kr\u00e4ftig durch, dass dem anderen Mann die Z\u00e4hne klapperten. \"Jetzt rei\u00df dich zusammen, du verdammtes Weichei! Oder ich verpass dir eine, dassde friedlich bis morgen fr\u00fch schl\u00e4fst. W\u00e4r' mir auch recht, dann muss ich dein Gejammer nicht mehr h\u00f6ren!\"Pierce wurde tats\u00e4chlich ruhiger, wimmerte nur noch leise. James war froh. Er tastete sich wieder ein St\u00fcck weiter. \"Wir sollten eine Stelle finde, wo...\" Wieder gellte eine Schrei auf. Dieses Mal jedoch genau hinter ihnen. \"Pierce\", br\u00fcllte Rogerson, \"Halt endlich...\" Er kam auch nicht weiter. \"Wo ist er hin?\", fragte er. \"Ich habe ihn doch hinter mir schreien h\u00f6ren!\"\"Pierce?\", fragte James in die Dunkelheit. Stille. Nur seine und Rogersons Atemz\u00fcge. Die beiden M\u00e4nner tasteten sich wieder ein St\u00fcck zur\u00fcck, fanden aber \u0001 \u0002 Meter \u00fcber ihnen k\u00e4mpfte Cedric mit dem Gleichgewicht. Bei dem Schrei hatte er sofort hinunter gesehen in der vagen Hoffnung, noch irgend etwas zu erkennen... und hatte f\u00fcr Sekundenbruchteile etwas aufblitzen sehen. Es war viel zu schnell gegangen, um genau erkennen zu k\u00f6nnen, was es war, aber es war genau an der Stelle gewesen, an der der soeben verschwundene Mann sich befunden hatte. Die beiden Arbeiter standen fassungslos nebeneinander.\"Es ist heller geworden\", fl\u00fcsterte James hei\u00dfer. \"Was immer hier auch los ist: Es ist nicht gut, dass wir hier sind.\" James hatte eine G\u00e4nsehaut. Er wusste nicht, ob es dem alten Seeb\u00e4ren anders erging, aber er hatte Angst. Vorsichtig sah er sich um, konnte endlich wieder schemenhaft die Umrisse der Kisten ausmachen. Die W\u00e4nde blieben jedoch undurchdringliche schwarze Mauern, die er nur f\u00fchlen, aber nicht sehen \u0001 \u0002 hatte es derweil aufgegeben, die Dachluke \u00f6ffnen zu wollen. Wie auch immer sie verschlossen war, er h\u00e4tte zumindest ein Brecheisen gebraucht, das er nat\u00fcrlich nicht zur Hand hatte. Also blieb ihm nur der Weg nach unten. Etwas ermutigt durch die Tatsache, dass er zumindest wieder etwas sehen konnte, kroch Cedric direkt \u00fcber eine der h\u00f6heren Kisten und kletterte auf sie. Die beiden Arbeiter waren noch an der hinteren Wand, er w\u00fcrde also sehr leicht hin\u00fcber zum kleinen Ger\u00e4teraum kommen, um dort ein Brecheisen zu suchen. Als er jedoch dorthin schleichen wollte, h\u00f6rte er ein R\u00e4uspern hinter sich. James hatte sich hinter ihm aufgebaut und seine Arme \u00fcber den breiten Brustkorb verschr\u00e4nkt. \"Du bist wohl demnach die Ratte, die ich die ganze Zeit geh\u00f6rt habe. Bist du daf\u00fcr verantwortlich? Wenn ja, dann sag uns, wo Smith und Pierce sind und mach die T\u00fcren auf, oder du wirst dein blaues Wunder erleben\", drohte er Cedric ganz \u0001 \u0002 zuckte zusammen. In seiner ganzen Laufbahn als Dieb war ihm so etwas noch nicht vorgekommen! Langsam drehte er sich um und musterte den Mann, der von seinem Kollegen Doyle gerufen wurde. Im Halbdunkel war nicht viel zu erkennen, aber die muskul\u00f6se Statur und die finster zusammengezogenen Augenbrauen sahen nicht sehr vielversprechend aus.\"Mal langsam. Ich habe nichts damit zu tun, dass deine Kollegen weg sind. Und wenn ich k\u00f6nnte, w\u00fcrde ich hier selber gerne raus\", erkl\u00e4rte Cedric so ruhig wie m\u00f6glich und versuchte, harmlos auszusehen.\"Ach, du hast nichts damit zu tun. Und was suchst du dann hier, Bursche? Bist wohl ein Scherzkeks, oder was?\", donnerte er los. Seine Stimme trug unangemessen weit und James wurde das auch bewusst. Was immer hier f\u00fcr diese seltsame Sachen verantwortlich war, sie sollten es aber vielleicht doch nicht unbedingt hierher locken, schoss es ihm etwas sp\u00e4t durch den \u0001 \u0002 wich Cedric ein wenig zur\u00fcck. Das sah nicht gut aus. \"Was ich hier mache, geht dich nichts an, Gro\u00dfer\", erkl\u00e4rte er, \"Aber mal im Ernst: Sehe ich so aus, als k\u00f6nnte ich zwei von euch kr\u00e4ftigen Typen verschwinden lassen? Ich habe doch nicht mal eine Waffe.\" Ob das wirklich so klug war, zuzugeben, bezweifelte Cedric schon im n\u00e4chsten Augenblick, aber jetzt war es heraus. James und Rogerson sahen ihn stumm an. \"Ich glaube, er sagt die Wahrheit\", brummte der Seemann. \"Das ist der Falsche am falschen Ort. Genauso wie wir es sind. Aber wenn er es nicht ist, stecken wir wohl in noch gr\u00f6\u00dferen Schwierigkeiten. Hast du denn etwas gesehen?\" Die Frage richtete er direkt an Cedric und er wirkte nicht so, als ob er Ausfl\u00fcchte gelten \u0001 \u0002 zuckte mit den Schultern, um seine Erleichterung nicht sichtbar zu machen. \"Nur ein kurzes Aufblitzen, als euer zweiter Kollege verschwunden ist\", erz\u00e4hlte er, \"Aber es war gleich wieder weg. Keine Ahnung, was es war. Habt ihr eigentlich endlich die T\u00fcr gefunden?\"\"Ach, das wollte ich dich gerade fragen\", knurrte James, \"Von da oben hast du die bessere Aussicht!\"\"Von wegen. Nur Wand, nichts weiter. Und die Dachluke, durch die ich rein bin, ist auch wieder zu.\" Cedric sah keinen Grund, zu l\u00fcgen. Und vielleicht kamen sie ja zusammen hier heraus. Dann konnte Cedric immer noch das Weite suchen, falls sich die Arbeiter entschieden, die Polizei zu \u0001 \u0002 sah nach oben. Rogerson jedoch rubbelte sich durch die Haare. \"Da ist kein Dach mehr\", meinte James mit unheimlicher Ruhe in der Stimme. Im Inneren jedoch glaubte er, langsam den Verstand zu verlieren. Was geschah hier mit ihnen? Das war doch nicht normal! Die Beiden anderen blickten ebenfalls nach oben. Cedric traute seinen Augen kaum; die Verstrebungen, auf denen er vorhin noch balanciert war, waren nicht mehr zu sehen. Nur noch stumpfe, tiefste Schw\u00e4rze \u00fcber ihnen. Es war wohl eine weise Entscheidung gewesen, hier herunter zu kommen - aber die Dachluke konnte er jetzt auch als m\u00f6glichen Fluchtweg vergessen. Was ging hier blo\u00df vor?Im n\u00e4chsten Augenblick verlor die Welt ihre Konturen. Sie zerfloss und zerbarst zugleich. Die M\u00e4nner strauchelten und fielen zu Boden. Doch es war kein Stein, der ihren Fall stoppte, sondern nackte Erde. Ein erb\u00e4rmlicher Gestank vernebelte kurzzeitig ihre Sinne, dann blendete Licht auf. James stockte der Atem, als er sah, was er noch nie in seinem Leben gesehen hatte. Pures Grauen erfasste ihn. Sie waren umzingelt von einer Zweimann hohen Hecke aus nackten Dornen. Darin hingen wei\u00dfe Knochen, faules Fleisch und anderes, was ehemals lebte. Ob es Mensch oder Getier war, lie\u00df sich nicht immer sagen. Aber zweifellos war es von allem etwas. Dazwischen funkelte Gold. Allerlei Schmuck und Steine glitzerten. James Augen weigerten sich, zu verstehen, was er sah. Er schloss sie mit einem Keuchen und bekam nicht mit, wie es den anderen zwei \u0001 \u0002 hatte sich etwas schneller gefasst - der ehemalige Seemann hatte schon einiges gesehen und war ein wenig abgebr\u00fchter, aber auch er war erschrocken. Cedrics Blick hingegen driftete, sobald er wieder fokussieren konnte, direkt auf die Sch\u00e4tze, die zwischen den Dornen hingen. Als er aber der ehemaligen Besitzer dieser Reicht\u00fcmer ansichtig wurde, wandte auch er sich ab. \"Verdammt, wo sind wir?\", fl\u00fcsterte er. Er glaubte nicht, dass die anderen ihm wirklich eine Antwort geben konnte, doch der Klang seiner eigenen Stimme bewies ihm, dass er nicht \u0001 \u0002 \u00f6ffnete seine Augen. \"Es sieht wie die H\u00f6lle aus\", antwortete er dumpf. \"Aber es ist ganz sicher nicht das Lager. Und wir sind auch nicht im Hafen.\"\"Und wie kommen wir hierhin? Dass das hier nich mehr der Hafen is, seh ich auch, Schlaumeier\", brummte Rogerson und k\u00e4mpfte sich auf die Beine. Cedric folgte seinem Beispiel. Wo auch immer sie waren: Hier war zumindest fast taghell, wenn auch der Himmel dr\u00fcckend bleiern war. So konnte er zumindest seine unfreiwilligen Gef\u00e4hrten besser betrachten. Rogerson sah wirklich jeden Zoll, wie der Seeb\u00e4r aus, der er war. Aber der andere wirkte nicht wirklich wie die typische heruntergekommene Existenzen, die normalerweise die untersten Stelle der Hackordnung im Hafen \u0001 \u0002 drehte sich um seine Achse. Die Luft war zu Schneiden und h\u00e4tte er etwas im Magen gehabt, dann h\u00e4tte er sich \u00fcbergeben. Im Hafen war man so einiges gewohnt, aber selbst der Seeb\u00e4r hatte seine Probleme und der Dieb sah auch nicht sonderlich gesund im Gesicht aus. James wich ein wenig zur\u00fcck, als er in die verfaulte Fratze eines Skeletts in Augenh\u00f6he sah.\"Ich w\u00e4re daf\u00fcr, wenn wir hier wieder rausfinden\", murmelte er. Rogerson wies hinter ihn. \"Da scheint es einen Ausgang zu geben.\" Er h\u00f6rte sich nicht wirklich sicher an, ging aber dorthin, um nachzuschauen. \"Es scheint eine Art Gang zu sein\", rief er dann jedoch James und Cedric zu.\"Besser als nichts\", kommentierte Cedric. Mit G\u00e4nsehaut auf dem R\u00fccken ging er hinter Rogerson her. Es war tats\u00e4chlich eine schmale \u00d6ffnung in all dem Gestr\u00fcpp, wirklich vertrauenerweckend sah sie aber nicht aus. Um sich abzulenken, fragte er laut: \"'Hey du' ist auf Dauer bl\u00f6d. Wie soll ich euch anreden?\" Die Nachnamen der beiden M\u00e4nner kannte er zwar schon, aber irgendetwas normales musste er sagen, sonst nahm die Angst in ihm wirklich noch \u00fcberhand.\"Hey du?\" Rogerson sah ihn schief an. James schaute ihn nicht minder seltsam an. \"Meine Name ist James\", antwortete er dann jedoch.\"Und ich hei\u00dfe Rogerson, Junge\", brummte der Seeb\u00e4r.\"Ich bin Cedric\", stellte er sich ebenfalls vor. Zwar galt unter Dieben die Regel, niemals seinen Namen zu verwenden und sein wahres Gesicht zu zeigen, aber die Umst\u00e4nde waren nicht wie sonst. Davon abgesehen geh\u00f6rten die beiden Hafenarbeiter sicher nicht zu einer der gro\u00dfen Gilden, die Cedric schon l\u00e4nger auf ihrer Abschussliste hatten, weil er sich weigerte, einer von ihnen beizutreten.\"Gut, Cedric, dann lauf mal vor, dass du den Weg ausmachst. Bist schlie\u00dflich ein Dieb\", brummte Rogerson geh\u00e4ssig.\"Hey, jeder muss leben, Opa!\", brummte Cedric, schob sich aber widerwillig an die Spitze. Zwischen dein beiden breiten M\u00e4nnern hatte er sich deutlich sicherer gef\u00fchlt, aber seine Augen waren wohl wirklich die sch\u00e4rfsten. Vorsichtig schob er sich zwischen den Dornenranken vorbei. Die beiden Hafenarbeiter hatten da wesentlich gr\u00f6\u00dfere Schwierigkeiten. Die Dornen rissen an ihren Kleider und hinterlie\u00dfen an diesen Stellen nur Fetzen. James und Rogerson bluteten an mehrere Stellen, die h\u00f6llisch brannten. \"Wir leben auch\", hielt James Cedric entgegen. \"Aber wir stehlen nicht.\"\"Alles Ansichtssache.\" Cedrics bissige Worten waren aber so leise, dass man ihn kaum verstand. Der Gang war nach zwei weiteren ungem\u00fctlichen Metern zuende, aber was dahinter lag, war nicht sehr viel erfreulicher: Aus einem sumpfigen, stinkenden Boden wuchsen riesige, umwucherte B\u00e4ume, soweit das Auge reichte. Die Luft roch nach Krankheit, und einzeln kreischten irgendwelche Lebewesen markersch\u00fctternd in den Wipfeln. Zwischen den B\u00e4umen waren ebenfalls halbverweste Leichen wie zur Abschreckung aufgeh\u00e4ngt. Die M\u00e4nner keuchten. Die Szenen war so surreal, dass keiner von ihnen wirklich glaubte, was sie vor Augen hatten. James \u00fcbergab sich. Rogerson w\u00fcrgte und Cedric k\u00e4mpfte hart mit sich selbst.\"Wir m\u00fcssen hier raus\", fl\u00fcsterte James rau. \"Sonst enden wir wie diese hier.\"\"Und wie, verdammt? Siehst du hier vielleicht einen Ausgang?\", fauchte Cedric ihn an. Wut war ein gutes Mittel gegen Panik. \"Wir k\u00f6nnten \u00fcberall sein!\"James sah sich in dem Horrorszenario um. \"Ich wei\u00df es auch nicht. Ich sehe nichts. Es gibt hier nur Tod und diese verdammten Dornen.\"\"Dann erz\u00e4hl uns nichts, was wir nicht schon wissen, Gro\u00dfer! Oder geh die Herren da dr\u00fcben in den B\u00e4umen fragen, vielleicht wissen die ja was!\" Leise fluchend kramte Cedric in den Taschen seiner schwarzen Kluft und zuckte sein Klappmesser. Jetzt f\u00fchlte er sich ein bisschen sicherer in diesem Alptraum.\"Willst du ihnen damit das Fleisch von Knochen schaben\", fragte Rogerson \u00e4tzend.\"Nein, ich fange bei dir an, Opa, wenn mir die Vorr\u00e4te ausgehen!\", zischte Cedric. \"Los, wir sollten hier nicht so rumstehen! Wer wei\u00df, was uns noch sieht.\" Cedric wandte sich um und suchte sich vorsichtig einen Weg \u00fcber den matschigen Boden.\"Wir sollten uns nicht trennen\", meinte James und folgte ihm. \"Aber ehrlich gesagt: Mir geht das Herz auf Grundeis.\" Rogerson brummte eine Zustimmung, aber Cedric sagte dazu nichts. Nat\u00fcrlich ging es ihm nicht besser, aber er wollte um jeden Preis ruhig bleiben. Wenn er die anderen beiden davon \u00fcberzeugen konnte, dass ihm all das hier nichts ausmachte... dann glaubte er es zum Schluss vielleicht auch \u0001 \u0002 suchten sich durch das Gestr\u00fcpp einen Weg. Es gab G\u00e4nge, manchmal aber auch nur solche L\u00f6cher, wo sie sich durchzw\u00e4ngen mussten. Irgendwann rochen sie den Gestank nicht mehr. Um die Anblicke der Toten nicht mehr ertragen zu k\u00f6nnen, verschleierten sie instinktiv ihre Augen. Doch die dr\u00fcckende Stille lie\u00df sich nicht vertreiben. Sie lastete \u00fcber allen. Wenn wenigstens eine Kr\u00e4he ihr heiseres Lied passend zu der Umgebung gesungen h\u00e4tte, dann w\u00e4re der Eindruck eines unheiligen Friedhofes komplett gewesen. So aber war es nur eine stille Mar, die sie innerlich ersch\u00fctterte. Fast w\u00e4re es ihnen lieber gewesen, wenn irgend etwas passiert w\u00e4re, denn dieses atemlose, nervenzerm\u00fcrbende Warten wurde fast unertr\u00e4glich. Der Wald, oder besser Dschungel, durch den sie sich bewegten, schien kein Ende zu nehmen, und obwohl sie wussten, dass sie vorw\u00e4rts gingen, sah doch alles gleich aus. Schlie\u00dflich blieb Cedric schwer atmend stehen. F\u00fcr Gewaltm\u00e4rsche hatte er einfach nicht die Kondition, und die schwere Luft dr\u00fcckte auf seine Lungen.\"Wir sollten uns ausruhen\", schlug James vor. Rogerson nickte nur und lie\u00df sich fallen. Er sah so aus, wie Cedric sich f\u00fchlte. Frische Luft war auch das, was er vermisste. Der Boden war zum Hinsetzen nicht sehr einladend nach Cedrics Meinung, also setzte er er sich auf einen umgefallenen morschen Baum. Er war m\u00fcder, als er zugeben wollte, aber Einschlafen war hier sicher keine gute Idee. James setzte sich zu ihm. \"Ich habe kein gutes Gef\u00fchl\", murmelte \u0001 \u0002 sah ihn von der Seite an. \"Man m\u00fcsste vollkommen wahnsinnig sein, um sich hier wohl zu f\u00fchlen\", gab er zur\u00fcck. \"Aber mit etwas Gl\u00fcck werden wir das bald sein.\"\"Ja, ich nehme das erste Ticket daf\u00fcr\", fl\u00fcsterte James. \"Dabei siehst du nicht so aus, als ob dir was leicht Angst macht, Gro\u00dfer\", gab Cedric halb im Scherz \u0001 \u0002 sah ihn leidend an. \"Ich schlage mich und ich weiche vor keinem Kampf zur\u00fcck. Aber das hier raubt mir den Atem. Mir ist \u00fcbel. Tote kratzen mich nicht. Aber sie sollten nicht in Dornenb\u00fcschen h\u00e4ngen.\"\"Kann ich nur zustimmen. Mir kommt es vor, als w\u00fcrden wir durch einen fremden Alptraum laufen - und ich habe keine Lust, dem zu begegnen, der uns hierher geschickt hat. was immer es auch war.\" Cedric drehte sein kleines Messer in den H\u00e4nden.\"Das wird uns nicht helfen\", meinte James mit einem Blick darauf.\"Besser als nichts\", erwiderte Cedric, \"das Ding hat mich schon ein paarmal aus ungem\u00fctlichen Situationen gerettet.\"\"Bist du ein M\u00f6rder?\"Jetzt war Cedric ernsthaft beleidigt. \"Na h\u00f6r mal! Ich mag nicht auf deine sogenannte ehrliche Art Geld verdienen, aber umbringen tue ich deswegen noch lange keinen. Nicht mal aus Notwehr. und ich hoffe, dass bleibt so.\" James hob nur seine breiten Schultern und lie\u00df sie wieder fallen. \"Woher soll ich das wissen. Ich habe kein Zeugnis angefordert.\"\"Selbst unter Dieben gibt es so etwas wie Ehre, merk dir das. T\u00f6ten ist unprofessionell.\" Cedric r\u00fcmpfte die Nase. \"Und du? Immer ein Hafenarbeiter gewesen? Du siehst nicht so aus.\"\"Ich war Student\", gab James einsilbig zur Antwort. \"Was ist passiert?\", bohrte Cedric weiter. Ein halbwegs normales Gespr\u00e4ch war seinen Nerven sehr zutr\u00e4glich.\"Das Geld ging aus. Mein Vater wurde krank und so habe ich Arbeit gesucht. Aber du wei\u00dft ja wohl selbst, dass das nicht so einfach ist.\"Ein vielsagendes Schulterzucken war die Antwort. \"Es gibt immer M\u00f6glichkeiten. Aber jeder muss selber wissen, zu was er bereit ist.\"\"Gut, dann habe ich wohl kein H\u00e4ndchen f\u00fcr Diebst\u00e4hle.\"Cedric grinste und sah dadurch weitaus j\u00fcnger und harmloser aus, als er war. \"Ist ja nicht jeder ein herausragendes Talent. Auch wenn du verdammt scharfe Augen hast, Gro\u00dfer, mich hat noch keiner so kalt erwischt wie du vorhin.\"\"Es war eher h\u00f6ren.\" James zuckte mit der Schulter. \"Ich hatte au\u00dferdem das Gef\u00fchl, dass wir beobachtet wurden.\"\"Da war trotzdem noch was mit uns im Lager, ganz sicher.\" Cedric schielte zwischen den B\u00e4umen hindurch. Zu gerne h\u00e4tte er sich einfach zusammengerollt und w\u00e4re eingeschlafen. Aber hier? Das grenzte an Selbstmord. Er sah, wie Rogerson in seiner Tasche suchte und eine Dose mit Kautabak hervor holte. Ein Priem wanderte routiniert in dessen Mund und wurde sorgf\u00e4ltig gekaut, w\u00e4hrend die hellen Augen unabl\u00e4ssig die Gegend absuchten. Aber sie waren so eng von diesen Mauern aus Dornen umgeben, dass die Augen irgendwann schmerzten. Und die unheimliche Stille war bedr\u00fcckender denn je. Unruhig rutschte Cedric hin und her, aber er wusste auch nicht mehr, was er sagen sollte. Immer wieder sah er sich um und blinzelte. War er schon so m\u00fcde oder warum wurde alles undeutlicher? Nein, es war Nebel, der aufgezogen war. Unmerklich, aber immer dichter begann der wei\u00dfe Dunst sie zu umgeben. Unwillk\u00fcrlich zog Cedric die Beine an und blickte zu Rogerson hin\u00fcber, der wenige Meter neben ihnen sa\u00df. Aber da war nichts mehr. Nur noch Nebel. \"James...\" Unbehaglich r\u00fcckte Cedric n\u00e4her an James heran. Dieser versteifte seinen R\u00fccken.\"Rogerson\", rief James alarmiert. Es antwortete jedoch niemand. Die Stille wurde klebrig wie kalter Schwei\u00df. \"Rogerson\", schrie er \u0001 \u0002. Der Nebel war nun so dicht, dass die beiden den Boden nicht mehr sehen konnten. Instinktiv griff Cedric nach James' Arm und hielt sich fest oder den anderen, er wusste nicht genau, was. Er wurde hochgerissen, als James einfach aufstand. Blind tasteten sie sich vorw\u00e4rts bis sie an die Stelle kamen, wo Rogerson gesessen hatte. James Fu\u00df stie\u00df an etwas. Er b\u00fcckte sich, um es aufzuheben. \"Seine Kautabakdose\", stellte James bet\u00e4ubt fest.\"H\u00f6lle nochmal\", fluchte Cedric, um nicht auf der Stelle hysterisch in Tr\u00e4nen auszubrechen. Jeden Augenblick konnte das was-auch-immer einen von ihnen verschwinden lassen. Und sie konnten nichts dagegen tun. Ungl\u00e4ubig sahen sie, wie sich der Nebel verzog und alles so aussah, als w\u00e4re nicht eben noch einer von ihnen verschwunden. James jedoch keuchte er stickt auf. H\u00e4tte er gekonnt, so h\u00e4tte er geschrieen. Er stolperte r\u00fcckw\u00e4rts und deutete auf die Dornen. Blut tropfte herab und ganz oben hing Rogerson. Die Augen weit aufgerissen, starrte er sie anklagend an, w\u00e4hrend die Dornen durch seinen Leib \u0001 \u0002 fest krallte Cedric sich in James' Arm und starrte ebenso fassungslos nach oben. Nur noch ein einziger klarer Gedanke hatte bestand in seinem Kopf. \"Weg hier!\"Es war, als h\u00e4tte er damit das Signal gegeben. Die Starr fiel von ihnen ab und sie rannten wie von Teufeln gejagt einfach davon. Sie schauten weder nach links noch nach rechts. James weinte und er hatte soviel Angst wie noch nie in seinem Leben und wenn er Cedric kurz ansah, der nach einer Weile neben ihm lief, dann erging es diesem auch so. Sie mussten eine Ausweg finden. Sonst waren sie genauso verloren. Keiner von ihnen rechnete damit, dass Smith oder Pierce noch am Leben war. Nicht mehr, nachdem sie Rogerson so gesehen \u0001 \u0002 nach eine Ewigkeit hielten sie an, ihre Herzen bis an die Belastungsgrenze getrieben. Keuchend sackte Cedric in sich zusammen. Weder er noch James hatten bemerkt, dass sich die Landschaft um sie herum ver\u00e4ndert hatte. Der Boden war wieder fester, fast felsig. Und anstatt der B\u00e4ume ragten bizarr geformte Steine empor, die an altert\u00fcmliche Kultst\u00e4tten erinnerten. Einige von ihnen trugen seltsam verschwungene, mit Blut gemalte Muster. Aber nach ein paar ruhiger werdenden Atemz\u00fcge konnten sie ihre Umgebung nicht mehr ignorierten.\"Ich wei\u00df nicht, ob mir das besser gef\u00e4llt\", murmelte James und zeigte hoch. Die Muster bildeten einen Mann ab, dem gerade das Herz herausgerissen worden war. Das Blut leuchtete frisch, rot und lebendig. Cedric sah ebenfalls hoch und schloss gleich wieder die Augen. \"W\u00e4re vielleicht besser, es w\u00e4re sofort vorbei.\"\"Meinst du sterben?\"\"Denkst du wirklich, wir kommen hier lebend weg?\" James schluckte. \"Die Hoffnung stirbt zuletzt!\"Cedric lachte bitter. \"Dann wird sie uns wohl \u00fcberleben.\" Aber er stand trotzdem auf, rieb sich die vom Laufen schmerzenden Knie und musterte James. \"Und jetzt?\"\"Wenn ich das w\u00fcsste, w\u00fcrde ich es tun oder zumindest sagen.\" James erhob sich auch. Er f\u00fchlte sich m\u00fcde und zerschlagen. Cedric sah furchtbar aus und er vermutete, dass es um ihn nicht besser stand. Sie waren blutig, schmutzig, in zerrissenen Sachen mit einer Spur Wahnsinn in den Augen.\"Stehen bleiben ist jedenfalls keine gute Idee. Dabei passiert nur immer wieder was\", murmelte Cedric und wischte sich ein paar verschwitzte Haarstr\u00e4hnen aus dem Gesicht. Das Adrenalin war verbraucht, er f\u00fchlte sich wieder todm\u00fcde.\"Die Frage ist, wohin wir gehen k\u00f6nnen.\"\"Keine Ahnung. Wenn es hier keinen Ausgang gibt, ist es eh egal und wenn es ihn doch gibt - vielleicht finden wir ihn ja doch. Was wei\u00df ich.\"James suchte die Gegend mit den Augen ab. \"Ich glaube, es gibt keinen. Das ist ein einziges Labyrinth ohne Ausweg. Es ist wie die Lagerhalle. Es ver\u00e4ndert sich und man sieht nicht, wo man hinaus k\u00f6nnte. Die Luke ist verschlossen, genauso wie die T\u00fcr. Wir sind hier nur noch Futter oder Jagdwild f\u00fcr irgendetwas.\"\"Tolle Aussichten!\", brummte Cedric, \"Ich frage mich nur, wann dieses etwas sein Spielchen auch mit uns Leid ist. Soll es lieber gleich kommen!\" Er zog die Augenbrauen zusammen. W\u00fctend sein, nicht \u00e4ngstlich, ermahnte er sich immer wieder.\"Wollen wir ihn, es oder sie rufen?\", fragte James ihn entsetzt.\"Es wird doch so oder so kommen, um uns zu holen, oder? Da ist es besser, wir bestimmen den Zeitpunkt selber!\"\"Also schreien wir jetzt? Das ist doch verr\u00fcckt!\"\"Wenn du eine bessere Idee hast, bitte! Ich werde hier jedenfalls nichts brav sitzen bleiben und warten!\" Cedric richtete sich zum ersten Mal seit Beginn dieses ungl\u00fcckseligen Abenteuers zu seiner vollen Gr\u00f6\u00dfen auf und starrte James in Augenh\u00f6he \u0001 \u0002 blinzelte. \"In Ordnung. Dann rufen wir was auch immer. Aber wenn das, was dann kommt, dir nicht gef\u00e4llt, dann mach mich nicht daf\u00fcr verantwortlich. Wir sollten dann aber wohl sehr gut laufen k\u00f6nnen.\"\"Einverstanden.\" Cedric umklammerte sein Taschenmesser fester, wohlwissend, wie wenig es ihm n\u00fctzen w\u00fcrde gegen dieses unbekanntes Wesen. Aber an irgend etwas musste er sich ja festhalten. Dann br\u00fcllte er aus Leibeskr\u00e4ften: \"Los, komm her, du Vieh, wenn du dich traust! Wenn du denkst, du kannst mit uns Katz und Maus spielen, hast du dich geirrt! Zeig dich, du feiges Etwas!\"James legte die Stirn in Falten. \"Feiges Etwas\", murmelte er. Er verzog das Gesicht. Dann rief auch er Beleidigungen, auch wenn ihm nicht im geringsten danach \u0001 \u0002 dauerte eine Weile, bis ihnen die Beschimpfungen und die Stimme ausgingen. Aber nichts passierte. Die Landschaft, blieb, wie sie war, und kein Lebewesen zeigte sich. Cedric sah zu James. \"Sch\u00e4tze, du hattest recht\", meinte er, \"hier ist...\" Weiter kam er nicht. Nebel bildete sich zwischen ihnen und den blutigen Mauern. Doch dieser war schwarz.\"Meinst du\", fl\u00fcsterte James, \"Dass ist besser ist, jetzt zu fliehen oder wollen wir mutig sein?\"\"Wohin willst du denn laufen?\", wisperte Cedric zur\u00fcck. Die hohen Steine hatten wie von selbst einen Kreis um sie geschlossen und bildeten zusammen mit dem Nebel eine dunkle Wand. Die Luft wurde eisig.\"Aber schreien ist doch drin, oder?\" In James Stimme flackerte Panik und \u0001 \u0002 erwiderte nichts; ihm hatte die Angst die Kehle endg\u00fcltig zugeschn\u00fcrt. Unwillk\u00fcrlich r\u00fcckte er n\u00e4her zu James und starrte in die Dunkelheit um sie herum, konnte aber nichts erkennen. Kalter Schwei\u00df tropfte ihm von der \u0001 \u0002 schluckte. Der Nebel wurde dichter und nahm die vagen Formen eines Tieres an und er glaubte, so etwas wie Augen zu erkennen. Doch immer wieder \u00e4nderten sich die Konturen, so dass er sich nicht sicher war.\"Wer bist du? Was bist du?\", fragte er. James hatte nicht wirklich mit einer Antwort gerechnet, aber pl\u00f6tzlich durchriss ein markersch\u00fctternder Klang die atemlose Stimme. James und Cedric hielten sich instinktiv die Ohren zu, h\u00f6rten aber noch immer ganz deutlich die Stimme - denn eine Stimme war es, verzerrt, bis an die Schmerzgrenze getrieben, mit dem Echo tausender verlorener Seelen, die nur ein Wort rief: \"TOD!\"James und Cedric keuchten. Sie hatten dieses Wort eigentlich nicht verstehen k\u00f6nnen. Die Sprache war eine, die sie nicht kannten. Und doch wussten sie genau, wer sich ihnen hier gerade vorgestellt hatte.\"Und was willst du?\", fragte James, indem er seinen ganzen restlichen Mut \u0001 \u0002 wabernde Nebelform kam n\u00e4her und verdichtete sich. Das Gesch\u00f6pf, das nun zu erkennen war, konnte nur aus dem dunkelsten aller Alptr\u00e4ume stammen: Riesig, schwarz, weder Mensch noch Tier, mit gl\u00fchenden leichenfahlen Augen, die unverwandt die beiden M\u00e4nner anstarrten. Und wieder erklang die unertr\u00e4gliche Stimme aus einem z\u00e4hnestarrenden Maul: \"Will, dass ihr vor Angst sterbt.\"\"Vor Angst? Warum nicht zerrei\u00dfen?\", schrie James.\"W\u00e4re zu einfach!\" Ein schauerliches Lachen folgte, und James und Cedric hielten sich erneut die Ohren zu, um nicht auf der Stelle taub zu werden. Das Wesen trat noch einen Schritt n\u00e4her, verschmolz wieder halb mit der Dunkelheit, die sie von allen Seiten umgab wie ein erstickendes Netz. Cedric schloss die Augen und klammerte sich an seinen letztes rationalen Gedanken: Keine Angst zeigen! Wenn sie in Panik ausbrachen, war alles vorbei. Das Problem war nur, dass hier irgendeiner zitterte. Entweder war er es oder James. Er schaute in dessen Augen, die dunkel vor Angst waren. James zitterte. Aber als er seine eigene Hand sah, musste er feststellen, dass es ihm auch nicht besser erging. James erwiderte endlich wenigstens kurz seinen Blick.\"Was ist, wenn wir nicht vor Angst sterben? Sterben wir dann vor Hunger oder Durst?\", rief sein unfreiwilliger Begleiter. Offenbar steckte in diesem Hafenarbeiter ein Prakmatiker mit Sinn f\u00fcr schwarzen \u0001 \u0002 Wesen erwiderte nichts. Spielten die Nerven Cedric einen Streich oder wirkte es tats\u00e4chlich so, als w\u00e4re das dunkle Gesch\u00f6pf verwirrt? Eine vage Idee begann unter all den wirren Gedanken zu keimen. Cedric zupfte an James' \u00c4rmel. \"Sag noch was. Irgend was! Aber zeig keine Angst!\", wisperte er atemlos.\"Was? Das ich dringend mal muss und mir spei\u00fcbel ist?\" James sah ihn fragend an. Er verstand nicht, was Cedric wollte.\"Verstehst du nicht? Das Biest erwartet, dass wir Angst haben. Es h\u00e4tte uns schon l\u00e4ngst fressen k\u00f6nnen oder sonst was, aber das tut es nicht!\" Cedrics leise Stimme \u00fcberschlug sich fast.\"Und wenn wir keine Angst haben, dann frisst es uns nicht?\", hielt ihm James entgegen. \"Dann pinnt es uns irgendwohin. Von daher: Welchen Sinn macht das?\"\"Wei\u00df ich nicht! Vertrau mir trotzdem!\" Cedric machte einen Schritt auf das dunkle Wesen zu, alles in ihm darauf gespannt, sich nicht einsch\u00fcchtern zu lassen. \"Wir wissen, dass du uns nichts tun kannst! Du kannst uns hier ewig festhalten, aber wenn die letzten Stunden uns nicht wahnsinnig vor Angst gemacht haben, werden es die n\u00e4chsten hundert Jahre auch nicht tun!\"James versuchte ihn zur\u00fcckzuhalten, aber er lie\u00df das nicht zu. Das Wesen verbreitete schaurige K\u00e4lte.\"Wenn ihr keine Angst habt, dann werdet ihr eben so sterben\", fl\u00fcsterte \u0001 \u0002 ballte die F\u00e4uste so fest, dass die N\u00e4gel die Haut blutig rissen, aber er merkte es nicht.\"Versuch es doch, du feiges Biest!\", zischte er, \"Iich wette, ohne deinen Nebel und deine Dunkelheit bist du gar nicht so m\u00e4chtig, wie du tust!\"\"Du bist sehr dumm!\", war die ruhige Erwiderung. Doch dann brach die H\u00f6lle los. Wie ein Sturm war das Wesen um Cedric herum. Dieser schrie auf. Aber ehe auch nur einer verstand, was eigentlich geschehen war, war Cedric wieder frei. Er taumelte. Wunden klafften an seinem K\u00f6rper und sein eigenes Blut verklebte jeden noch heilen Zentimeter seiner Haut. James schnappte nach Luft. Er musste sich befehlen, zu Cedric zu gehen und als er dann doch bei ihm war, konnte er nur dessen fallenden K\u00f6rper \u0001 \u0002 k\u00e4mpfte mit aller Kraft gegen die K\u00e4lte an, die sich unaufhaltsam in ihn schlich, seinen Atem gefror, sein Herz vereiste. Doch er verlor.\"James? Tut mir leid... ich dachte wirklich... wir k\u00f6nnten...\" Cedrics Stimme versagte. Die Augen weit aufgerissen starrte er in bodenloses Dunkel. Und fiel...James sah fassungslos die Augen brechen. \"Nein\", fl\u00fcsterte er, \"Nein, du kannst jetzt nicht sterben! Cedric!\"Aber er bekam keine Antwort mehr. Cedrics helle Augen starrten leblos ins Leere.\"Auf welche Art willst du sterben?\", zischte die widerliche Stimme des Wesens James \u0001 \u0002 schaute auf. \"Habe ich denn eine Wahl?\", fragte er \u0001 \u0002 dunkle Gesch\u00f6pf belauerte ihn mit seinen fahlen Augen. \"Gib mir deine Angst freiwillig. Oder stirb wie er. Allein in der Dunkelheit.\"\"Was willst du mit meiner Angst und wie soll ich sie dir \u00fcberhaupt geben?\"\"Gib alle Hoffnung auf. Du stirbst, so oder so.\" Das Wesen kam n\u00e4her, und James f\u00fchlte eine Welle der K\u00e4lte von ihm ausgehen. Schwarze Krallen streckten sich nach ihm \u0001 \u0002 l\u00e4chelte schmal. \"Du magst die Hoffnung wohl nicht!\"Ein nervenzerfetzendes, fast w\u00fctendes Kreischen erklang, und James schn\u00fcrte es die Luft ab. Dunkle Schleier engten sein Blickfeld immer weiter ein. Er blinzelte den Tr\u00e4nen weg und l\u00e4chelte. \"Tut mir leid\", wisperte er. \"Aber die Hoffnung stirbt zuletzt.\"Damit war sein letzter Atem verbraucht. Die K\u00e4lte und Dunkelheit durchdrangen James, und das letzte, was er sah, war der w\u00fctende - entt\u00e4uschte - Blick der dunklen Kreatur.+++Hafen von Dover, 15. M\u00e4rz 1909, ausf\u00fchrende Polizisten Brown und Dothan: Gegen \u0001 \u0002 Uhr meldete der Hafenvorarbeiter Nichols den Tod von vier Hafenarbeitern und einem unbekannten Mann. Die Untersuchung des Tatortes l\u00e4sst keinen eindeutigen Schluss \u00fcber die Art des Verbrechens und das Motivs zu. Die Indizien weisen auf ein Verbrechen unter Verwendung wilder Hunde \u0001 \u0002 Personen kamen gewaltsam zu Tode:- Thomas Smith. 49 Jahre alt. T\u00f6dliche Bisswunden wie von einem wilden Tier.- Andrew Pierce. 37 Jahre alt. Tod durch Erw\u00fcrgen. Leiche wie von einem wilden Tier angefressen.- Frederik Rogerson. 54 Jahre alt. Tod durch Stichwunden am ganzen K\u00f6rper, unbekannte Waffe.- Peter James Doyle. 29 Jahre alt. Keine erkennbaren Verletzungen, vermutlich Tod durch Schock.- f\u00fcnfter Toter: Cedric Ainsley. 28 Jahre alt. Gesuchter Dieb und Einbrecher. Tod durch Blutverlust unz\u00e4hliger Schnittwunden und \u0001 \u0002 keine Verd\u00e4chtigen. Ermittlungen...ENDE",
            "wordcount": "7.790",
            "chapter_release": "29.07.2005",
            "chapter_number": "1"
        },
        "2": {
            "text": "Autoren: Neko & She SeyaE-Mail: sumeragi_subarukun@\u0001 \u0002 & sheseya@\u0001 \u0002~~~~~~~~~~~~~~~~~~~~~~~~~~~~~~~~~~~~~~~~~~~~~~~~~~~~~~~~~~~~~~~~~~~~~~~~~~~\"Du musst in die Vertiefung treten, dann den Zaun hoch. Wenn du dich am untersten Ast festh\u00e4ltst, dann d\u00fcrftest du dich eigentlich hochziehen k\u00f6nnen\", meinte Peter. Sein Blick streifte begehrlich die roten Fr\u00fcchte \u00fcber ihren K\u00f6pfen. Dieser rohe, grob gehobelte Zaun hielt sie davon, seinen Stamm zu erklimmen. \"Und warum muss ich das schon wieder machen?\", maulte Cedric und musterte den Zaun kritisch. Wenn man nicht vorsichtig war, konnte man sich ganz schnell ein halbes Dutzend Splitter in der Hand zuziehen. Und an sein letztes Abenteuer dieser Art erinnerten immer noch ein paar Pflaster am Arm. \"Du bist ein Tollpatsch\", schimpfte Peter. Er zog Cedric zur Seite und kletterte selbst hinauf. Tats\u00e4chlich erreichte er den untersten Ast und zog sich daran hoch. \"Komm schon, du Feigling\", zog er seinen Freund auf. \"Du Hasenfu\u00df!\" \"Gar nicht!\", verteidigte Cedric sich und folgte Peter mit einer Flinkheit, die ihm sein Freund sonst nicht zugetraut h\u00e4tte, weil er in der Regel zu faul f\u00fcr derartige Anstrengungen war. \"Ich habe nur wieder keine Lust auf Schimpfe und blaue Flecken.\" Die \u00fcberreifen Kirschen, die nun direkt vor seiner Nase baumelten, stimmten Cedric jedoch sofort milder. \"Er ist nicht da. Ich habe den ganzen Tag das Haus beobachtet.\" Peter grinste frech und schob sich die ersten Kirschen in den Mund. \"Hattest du sonst nichts zu tun?\" Cedric angelte sich ebenfalls ein paar Kirschen und stopfte sie sich in den Mund. Die n\u00e4chsten zwei, noch am Stiel zusammenh\u00e4ngend, kamen als Reserve \u00fcber das Ohr. \"Klar! Was denn sonst? Ich muss hier immer die Zeitung austragen. Ist mein Gebiet, daher wei\u00df ich alles!\", informierte ihn Peter und legte sich einen Moment sp\u00e4ter mit einer Amsel an, die ihm eine Kirsche vor der Nase wegklauen wollte. Cedric grinste und streckte den Arm nach ein paar hoher h\u00e4ngenden Kirschen aus. \"W\u00e4re mir zu anstrengend\", erkl\u00e4rte er, \"da lese ich lieber ein gutes Buch.\" \"Ach, dann h\u00e4ttest du wohl jetzt Kirschen in Papierform gegessen\", zog ihn Peter auf. \"Pah!\" Cedric tippte Peter auf die Nase und hinterlie\u00df dort einen knallroten Saftflecken. Nun wurde auch sein Grinsen wieder breiter. \"\u00c4h, lass das!\", rief Peter und wischte sich ver\u00e4rgert die Nase ab. \"Los, wir packen uns noch ein paar Kirschen ein, dann verschwinden wir wieder von hier.\" Umst\u00e4ndlich zog er eine Zellophant\u00fcte aus seiner Tasche. Derweil pfl\u00fcckte Cedric noch ein paar mehr Kirschen und gab sie zum Einpacken an Peter weiter, schielte zwischendurch aber immer wieder in Richtung Haus. \"Sicher, dass er nicht da ist?\", fragte er und kniff die Augen zusammen, \"ich meine, da war jemand hinter der Gardine vom Wohnzimmerfenster.\" \"Kann nicht sein. Aber beeil dich trotzdem!\" Peter f\u00fcllte seinerseits die T\u00fcte und bald hatten sie die H\u00e4lfte davon voll. Gerade als sie noch ein paar besonders sch\u00f6ne Kirschen aus den oberen \u00c4sten angeln wollten, h\u00f6rten sie eine T\u00fcr quietschten. \"Verflixt, das ist doch der Alte!\", wisperte Cedric und turnte hin\u00fcber zu den \u00c4sten \u00fcber dem Zaun. Peter fluchte leise. \"Warte auf mich!\", rief seinem Freund hinterher. Peter hatte f\u00fcr einen Moment den Halt verloren und hangelte sich wieder auf einen festen Ast. \"Los, gib die Kirschen runter und halt dich blo\u00df fest!\", kam die wenig hilfreiche Anweisung von unten. Cedric war bereits wieder \u00fcber den Zaun und stand sicher auf dem Gehweg dahinter. Peter warf ihm den Beutel zu. \"Und wehe, du isst alles allein!\" \"Ich doch nicht!\" Cedric grinste. \"Los, komm r\u00fcber, du lahme Ente!\" Vom Haus her h\u00f6rten sie eine weitere T\u00fcr und dann das Schlurfen von Schritten \u00fcber dem Kiesweg. Peter schaute zur\u00fcck. Der alte Mann war doch da. Er kniff die Augen zusammen. Peter wusste, dass er schlecht sah. Wenn er leise war, dann w\u00fcrde ihn der Mann gar nicht bemerken. Vorsichtig zog er sich zum Zaun und drehte sich um, so dass er in die Vertiefung kam. F\u00fcr einen Moment stand er fest, aber dann verlor Peter den Halt am Zaun. Reflexartig wollte Cedric ihn auffangen, aber durch den Schwung verlor er ebenfalls das Gleichgewicht. Mit einem \"Uff\" landeten die beiden Jungen unsanft auf dem Gehweg. Peter prustete. \"Los, lass uns verschwinden, ehe wir doch erwischt werden!\" \"Ja, nichts wie weg hier.\" \u00c4chzend rappelten die beiden sich auf und rannten die Stra\u00dfe hinunter. Erst am anderen Ende und weiter au\u00dferhalb der Sichtweite des Hauses machten sie halt. \"Hier, ich hab sie gerettet!\" Triumphierend hielt Cedric die T\u00fcte mit den Kirschen hoch. Sie waren ein wenig zerdr\u00fcckt, aber essbar. Zufrieden mit sich r\u00e4uberten Cedrik und Peter die T\u00fcte bis auf den Grund. \"Wir k\u00f6nnen morgen noch mal hin, wenn du magst\", schlug Peter vor. Cedric grinste und wischte sich den Fruchtsaft aus den Mundwinkeln. \"Klar. Aber dann sollten wir sichergehen, dass der Alte auch wirklich weg ist. Du solltest echt mal deine Augen untersuchen lassen, du Blindfisch!\" Dem Vorwurf folgte eine freundschaftlicher Knuff in die Rippen. Sie beide waren recht unterschiedliche Freunde. Cedric war 12 Jahre alt und Peter 14. Sie hatten sich per Zufall kennen gelernt. Peter war in die Nachbarschaft von Cedric gezogen und sie hatten einander gleich von Anfang an gemocht. Normalerweise hatte sich Peter immer mit Gruppen von Jungs zusammengetan, die \u00e4lter waren als er selbst. Doch bei Cedric war es etwas anderes. Sie hatten eine Wellenl\u00e4nge und sie stellten in der Folgezeit jede Menge Unsinn an in einer Kleinstadt, die nicht h\u00e4tte langweiliger sein k\u00f6nnen. Peter grinste wieder. \"Ich sags dir, er war nicht da. Wahrscheinlich ist er heute wieder gekommen.\" \"Ja ja, red du nur! Morgen spiele ich bestimmt nicht wieder Kissen f\u00fcr dich, wenn du Flugstunden machen willst!\", gab Cedric frech zur\u00fcck. Dabei w\u00fcrde er morgen sowieso wieder irgend etwas mit Peter zusammen anstellen, das stand jetzt schon fest. Zuhause war es sowieso trostlos; als Cedrics Mutter vor 6 Jahren starb, war sein Vater in eine Weinflasche gekrochen und seitdem nicht mehr herausgekommen. Die meiste Zeit erinnerte er sich kaum daran, dass er noch einen Sohn hatte. \"Musst du ja nicht. Wenn du dich in den Weg wirfst!\" Peter rannte los und erwartete, dass Cedric folgte. \"Lass uns noch Milchshakes abstauben. Dann ist es ein Kirschmilchshake im Magen.\" \"Hey, ich wollte nur deinen Hintern retten, und was ist der Dank?\" Cedric lief ihm nach und holte Peter lachend ein. \"Ja, ja, das soll ich dir glauben. Stellst dich einfach in den Weg und ich soll dir dankbar sein.\" Sie liefen direkt zur Milchbar. Hier bekamen sie, wenn sie es klug anstellten, f\u00fcr ein paar Cent einen Milchshake. Das war sehr viel billiger, als er normalerweise kostete. Daf\u00fcr mussten sie nur ein paar Handreichungen machen. Nichts Gro\u00dfartiges und erst recht nichts Schweres. M\u00fcll raustragen oder den Raum ausfegen. Jedenfalls hatte die rundliche, \u00e4ltliche Dame hinter dem Tresen eine Schw\u00e4che f\u00fcr Kinder, die so gro\u00dfe Augen machen konnten wie Peter und Cedric - bei Bedarf. Auch heute wurden die beiden mit einem L\u00e4cheln begr\u00fc\u00dft. \"Na, ihr zwei? Durst?\" \"Ja, m\u00e4chtig. Aber wir haben nur einen Dollar.\" Peter sah sie mit einem herzerweichenden L\u00e4cheln an. Und wie immer gab Mrs. Fries nach. \"Na sch\u00f6n. Kommt rein und sp\u00fclt mir die paar Gl\u00e4ser dahinten, ja? Dann gibt es auch einen doppelten Schokoshake.\" Cedric und Peter sahen sich verschw\u00f6rerisch an. \"Ja, gut!\", damit war der Deal perfekt. Sie teilten sich wie immer die Arbeit auf. Dieses Mal sp\u00fclte Peter und Cedric trocknete ab. Obwohl sie die Arbeit sorgf\u00e4ltig machten, waren sie sehr schnell fertig. Und prompt wurde ihnen von der freundlichen Frau zwei gro\u00dfe, sch\u00e4umende Schokoshakes vor die Nase gestellt. \"Hier, ihr Racker. Lasst es euch schmecken. Aber sagt mal, wo habt ihr euch die ganzen Kratzer geholt?\" Fragend deutete sie auf Peters Arm. Cedric musste ein Grinsen unterdr\u00fccken. \"Ich bin hingefallen. Nichts gro\u00dfes. Da war was auf der Stra\u00dfe und ich bin ausgerutscht. Cedric zieht mich schon die ganze Zeit damit auf.\" Cedric fing sich bei diesen Worten einen spielerischen Schlag. \"Naja, jetzt passen wir wenigstens wieder zusammen.\"Cedric deutete auf seine verpflasterten Arme. Mrs. Fries lachte herzlich. \"Racker, ich sage es ja. Genie\u00dft diese Zeit blo\u00df, so lange ihr k\u00f6nnt, Jungs. ich beneide euch fast.\" \"Klar, Mrs. Fries.\" Mit Appetit machten sich die Beiden \u00fcber ihre ergatterten Shakes her, w\u00e4hrend der wohlwollende Blick der Inhaberin immer auf ihnen ruhte. Es dauerte nicht lange, und die Gl\u00e4ser waren restlos leer getrunken. \"Bis bald!\", verabschiedeten die beiden Jungen sich. \"Kommt jederzeit wieder!\", rief ihnen Mrs. Fries hinterher, wie sie es immer tat. Cedric sah auf seine Uhr; es war noch lange nicht Abend und Zeit, nach Hause gehen zu m\u00fcssen. \"Was machen wir jetzt noch?\", fragte er Peter. \"Wei\u00df ich nicht\", meinte Peter. Er wirkte satt und zufrieden. Mit der Kraft seiner Jugend streckte er sich und g\u00e4hnte herzhaft. Cedric nutzte das und piekte Peter in die Rippen. \"Hab noch keine Lust nach Hause\", meinte er. \"Habe ich doch gar nicht gesagt!\" \"Dann sag was! Ich hab zuviel Schokoshake im Bauch, um noch nachdenken zu wollen.\" Cedric grinste frech. Peter leckte sich \u00fcber die Lippen. \"War lecker. Aber wer sagt, dass ich besser denken kann, als du?\" \"Habe ich nicht behauptet. Ich hab nur keine Lust\", gab Cedric zur\u00fcck. \"Au\u00dferdem will ich ja nicht, dass du verdummst, wenn ich immer nur nachdenke.\" \"H\u00f6?\" Peter kniff die Augen zusammen. \"Willst ins Krankenhaus?\" \"Und willst du etwa deinen besten Freund schlagen, der viel schw\u00e4cher als du und zudem noch einen halben Kopf kleiner ist?\" Auf einmal bestand Cedrics Gesicht nur noch aus zwei gro\u00dfen Augen. \"So ein Schw\u00e4chling bist du nicht, also mach dir nicht in die Hosen. Bist du ein Feigling?\" Peter baute sich auf. Cedric verdrehte die Augen. \"Nicht mit vollem Magen! Frag mich in einer Stunde wieder.\" Peter zuckte nur mit den Schultern und wandte sich ab. So, wie es aussah, wollte er in den Park. Dort hatten sie ihre Lieblingsbank. Cedric, noch immer grinsend, folgte ihm. Um diese Uhrzeit war im Park wenig los, nur ein paar alte Leute f\u00fchrten ihre Hunde spazieren. Die beiden lie\u00dfen sich auf die Bank unter einer gro\u00dfen alten Kastanie fallen und streckten sich aus. Vereinzelt blitzte ein Sonnenstrahl durch das dicke Bl\u00e4tterdach und kitzelte sie an der Nase. \"Ich liebe diesen Ort\", murmelte Peter. \"Schade, dass ich weg muss!\" Cedric setzte sich auf und starrte ihn an. \"Was?\" \"\u00c4hm\", Peter kratzte sich verlegen am Kopf. \"Ist mir so raus gerutscht\", versuchte er sich aus der Situation zu retten. \"H\u00f6r mal, wir kennen uns seit Ewigkeiten, du kannst mir nichts erz\u00e4hlen!\", fauchte Cedric ihn an. \"Du erz\u00e4hlst mir jetzt auf der Stelle die ganze Geschichte!\" \"Nun, mein Vater hat eine neue Stelle bekommen. Wir werden wohl im Herbst umziehen m\u00fcssen\", erkl\u00e4rte Peter mit deutlichem Z\u00f6gern. \"Und... wohin?\" \"Nun, etwa 300 Meilen Richtung Norden.\" Cedric wollte etwas sagen, aber dann bemerkte er, dass er nicht wusste, was. Also starrte er wieder in die Baumkrone \u00fcber ihnen. \"Schreibst du mir?\", fragte er schlie\u00dflich. Peter schaute im Gegensatz zu ihm auf seine Schuhspitzen, \"Ich werds probieren. Aber mein Vater glaubt nicht, dass wir lange dort bleiben. Du wirst mich wohl vergessen, sch\u00e4tze ich. Bei unserem vorigen Haus war das auch so. Die Freunde dort haben mich auch vergessen. So ist das eben.\" \"Na h\u00f6r mal. Ich bin zwar nie aus diesem Kaff herausgekommen und wei\u00df nicht, wie das ist, wenn man st\u00e4ndig umzieht, aber ich vergesse dich sicher nicht! Und mit wem soll ich denn herumh\u00e4ngen, wenn du weg bist? Die anderen Jungs in unserem Alter sind alle Baseball-besessene Idioten, und mit M\u00e4dchen kann man ja wohl nicht reden.\" Cedric verschr\u00e4nkte die Arme. \"Und irgendwann komme ich hier auch mal weg. Dann sehen wir uns bestimmt wieder.\" Peter glaubte es nicht. Er kannte das. Wie mal seine Mutter sagte: \"Aus den Augen aus dem Sinn.\" Trotzdem nickte er. \"Sicher\", meinte er einsilbig. Cedric zog die Augenbrauen zusammen. \"Hey, ganz bestimmt! Und wenn wir nur noch diesen Sommer haben, dann m\u00fcssen wir eben den ganzen Quatsch f\u00fcr die n\u00e4chsten Jahre machen, okay?\" \"Das ist nicht dein ernst.\" \"Doch, klar. Wenn doch schon weg musst, dann k\u00f6nnen wir vorher doch nochmal einen drauf machen! Jetzt ist es doch eh egal, oder?\" Cedric hatte sein Grinsen wiedergefunden, auch wenn ihm nicht wirklich danach zumute war. Aber er war entschlossen, das vorerst zu verdr\u00e4ngen. \"Den ganzen Sommer? Hey, das artet ja in Arbeit aus.\" Auch Peter lachte \u00fcber diese Idee. Aber er konnte dem Gedanken einiges abgewinnen. \"Wir haben doch sonst nichts zu tun, oder? Au\u00dferdem will ich nicht, dass am Ende du... das alles hier vergisst.\" \"Okay, hast du schon eine Idee? Ich w\u00fcrde gern noch mal ...\" F\u00fcr den Rest des Nachmittags sa\u00dfen die beiden Jungen auf der Bank und planten f\u00fcr die ihnen verbleibende Zeit. Noch war es nicht Herbst, noch konnten sie alles tun, wozu sie Lust hatten... und noch konnten sie es zusammen anstellen. Dar\u00fcber, wie es danach werden w\u00fcrde, beschlossen sie, vorerst nicht nachzudenken. ENDE",
            "wordcount": "2.307",
            "chapter_release": "29.07.2005",
            "chapter_number": "2"
        }
    },
    "title": "Der dunkle Gott",
    "topic": "unspecified",
    "release": "\n29.07.2005\n\t\t\t\t\t\t",
    "author": "Dana Brandt"
}