{
    "tags": [],
    "chapcount": "19",
    "wordcount": "13.774",
    "chapters": {
        "1": {
            "text": "AltenpflegerEs war mal wieder so weit. Tom sa\u00df mit ein paar Freunden an einem Freitagabend in seiner Lieblingskneipe. Die Musikanlage spielte schon gem\u00fctlichen Bluesrock anstatt Heavy Metal. Jeder nippte nur noch an seinem Bier, anstatt es mit kr\u00e4ftigen Schl\u00fccken zu genie\u00dfen. Ohne etwas zu sagen nahm jeder die obligatorische letzte Zigarette aus den fast leeren Schachteln, um das Ende des Abends einzuleiten. Nachdem jeder sich eine Kippe angesteckt hatte, fragte Bastian, einer von Toms langj\u00e4hrigen Freunden: \"Und, Tom, was macht die Karriere?\" Er grinste breit, wobei seine Augen jedoch dem Pegel entsprechend m\u00fcde wirkten. \"Was soll sie schon machen? Ich such mir denke ich erstmal einen Job, und wenn ich irgendwann die richtige Ausbildung finde, greif ich zu. So einfach ist das.\" Nico, der links von ihm sa\u00df, verschluckte sich an dem Rauch, den er gerade inhalieren wollte. \"Gott, was soll aus dir blo\u00df noch werden? Wieso brichst du dein Studium \u00fcberhaupt ab? Du h\u00e4ttest doch zumindest einfach wechseln k\u00f6nnen. Machs wie Bastian. Studier BWL, da bist du wenigstens auf der sicheren Seite.\" Tom wollte nicht darauf eingehen. Er l\u00e4chelte nur schwach, murmelte irgendetwas vor sich hin, und zog kr\u00e4ftig an seiner Kippe. Er hatte diese Zukunftsgespr\u00e4che allm\u00e4hlich satt, die immer erst angesprochen wurden, wenn die Hochphase des Betrunkenseins \u00fcberschritten war. Vorher unterhielt man sich \u00fcber Musik, dar\u00fcber wie betrunken man am letzten Wochenende ja war, wen man gerne knallen w\u00fcrde und wen auf gar keinen Fall. Aber diese ganzen Prophezeiungen, \u00fcber Berufschancen und wo man gutes Geld verdienen kann, wurden f\u00fcr Tom einfach zur Plage. Gott, er hasste sie. Auch wenn ihm ein klassischer kaufm\u00e4nnischer Beruf sehr wahrscheinlich liegen w\u00fcrde - er war ausgezeichnet in Mathe und verstand wirtschaftliche Zusammenh\u00e4nge relativ schnell -, konnte er sich nicht mit dem Gedanken abfinden sp\u00e4ter im B\u00fcro zu hocken und irgendwelche Bilanzen auszuwerten. Klar, die Vorstellung von solchen Berufen war mehr als oberfl\u00e4chlich. Doch sah er sich einfach nicht so. Er als Unternehmensleiter oder einfacher Finanzbuchhalter? Nein, da suchte er sich lieber einen Beruf der zu ihm passt. Auch wenn er schon zwei Jahre in den Augen seiner Eltern vergeudet hatte - was eigentlich totaler Quatsch ist, er hatte Lebenserfahrung gesammelt und viel gelesen, nur stand das ja dummerweise nicht in seinem Portfolio. Schlie\u00dflich rauchten sie ihre letzten Zigaretten runter, leerten ihr Bier mit einem letzten, gro\u00dfen Schluck und bezahlten ihre Deckel. Nachdem sie sich auf die \u00fcbliche Art und Weise verabschiedeten - n\u00e4mlich mit g\u00e4ngigen Beleidigungen -, wollte Tom auf andere Gedanken kommen. Er hatte noch einen zwanzigmin\u00fctigen Fu\u00dfweg vor sich und in solchen Momenten der Einsamkeit \u00fcberkam ihm stets das Bed\u00fcrfnis seine, mehr oder weniger, Freundin anzuschreiben. Also z\u00fcckte er sein Handy, tippte konzentriert und mit zusammengekniffenen Augen das \u00dcbliche - Hey, wie geht's, bla bla, was machst du so? -, obwohl er wusste, dass Katarina gerade mit ihren Freundinnen einen Film schaute. Und obwohl er wusste, dass sie eh erst morgen Mittag antworten w\u00fcrde, da sie nicht so der \"Handytyp\" sei. Also watschelte Tom, mit dem Handy in der Tasche, nach Hause. Vergiss nicht, Wasser ans Bett zu stellen, sonst wird der Kater wieder \u00fcbel, dachte er. Zu oft verga\u00df er die eigentlich goldene Regel, wenn man unterwegs und trinken war. Er war sich dennoch ziemlich sicher, dass der morgige Samstag ein normaler Gammeltag werden w\u00fcrde. Fr\u00fcher h\u00e4tte er noch zwei Tage hintereinander trinken k\u00f6nnen, doch nicht mehr mit seinen gerade mal einundzwanzig Jahren. Doch er t\u00e4uschte sich. Denn ein kurzer Anruf w\u00fcrde sein Leben auf den Kopf stellen.",
            "wordcount": "594",
            "chapter_release": "01.12.2013",
            "chapter_number": "1"
        },
        "10": {
            "text": "10 \"Tom, das ist mein Vater, Herr Heinrich Petras. Vater, das ist Tom, dein zuk\u00fcnftiger Gehilfe...\" Tom wunderte sich zun\u00e4chst \u00fcber die Wortwahl, hakte aber nicht nach. \"Guten Tag, Herr Petras\", sagte Tom, und f\u00fchlte sich sofort unwohl. Normalerweise w\u00fcrde er aufstehen, aber Herr Petras hat sich erst vor einem Moment hingesetzt und w\u00fcrde er als einziger aufstehen, g\u00e4be das ein schr\u00e4ges Bild ab. Nat\u00fcrlich w\u00e4re es auch noch unh\u00f6flich, da er den alten Herren indirekt auffordern w\u00fcrde, aufzustehen. Er traute sich auch nicht sich r\u00fcberzubeugen und ihm die Hand zu geben. Herr Petras sa\u00df einfach nur in seinem Sessel, die H\u00e4nde ruhig im Scho\u00df, schaute auf den Tisch, als ob er erwarten w\u00fcrde, dass jeden Moment Kaffee und Kuchen aufgetischt werden w\u00fcrden. Hilfesuchend suchte er den Blickkontakt zu dem jungen Herrn Petras. Sein Blick aber, war alles andere als beruhigend. Er sagte eher: Jetzt tun Sie doch was! Reden Sie mit ihm! \"Ich freue mich darauf, Ihnen zur Seite stehen zu d\u00fcrfen.\" Was war blo\u00df los mit ihm? Ihm zur Seite stehen? W\u00fcrde er in K\u00fcrze in eine Schlacht ziehen? Rei\u00df dich doch einfach zusammen, Tom! Es vergingen f\u00fcnf Sekunden, die Tom wie eine Ewigkeit vorkamen. Es waren die Art von Sekunden, wenn man alleine mit einer Person im Raum war, die man nicht leiden kann, aber man situationsbedingt gezwungen war, sich zu unterhalten, oder eben doch zu schweigen. Aber nach diesen f\u00fcnf Sekunden, nickte Heinrich Petras. Zwar suchte sein Blick noch immer den Kuchen, aber er nickte. Petras Junior schien f\u00f6rmlich erleichtert und sprang fast mit einem Satz vom Sofa. \"Gut, da Ihr euch nun kennt, zeige ich Tom am besten direkt das Haus. Kommen Sie bitte?\" Er stand schon in der T\u00fcr. Tom wollte aufstehen, aber gleichzeitig noch ein paar Worte sagen. Er f\u00fchlte sich einfach unwohl. Sollte der alte Mann einfach hier sitzen bleiben, w\u00e4hrend Tom und sein Sohn durch sein hart erarbeitetes Heim stolzieren? Tom schaute erst nichtssagend zu dem jungen, anschlie\u00dfend zu dem alten Herrn Petras. Und pl\u00f6tzlich trafen sich ihre Blicke. Sie schauten sich nur eine Sekunde gegenseitig in die Augen. Aber Tom wurde in dieser Sekunde von v\u00f6llig fremden Gef\u00fchlen \u00fcberw\u00e4ltigt. Er sieht aus, wie jeder andere alte Mann in seinem Alter, dachte Tom, doch was zum... Tom versp\u00fcrte unweigerlich Mitleid, Zuneigung und Selbstzweifel. Herr Petras Blick strahlte Ersch\u00f6pfung aus. Schw\u00e4che. Fast Hilfe rufend schaute er Tom an. Im n\u00e4chsten Augenblick wanderten seine Augen weiter in Richtung Fenster. Diese glasigen Augen... jeder Mann, der in die Jahre kam, hat solche Augen, Mann! \"Herr F\u00fcrst? Kommen Sie? Es gibt einiges zu sehen.\" Tom wurde wieder in die Wirklichkeit gerissen. Er stand auf, und merkte wie seine Knie zitterten. Seine H\u00e4nde waren ungew\u00f6hnlich kalt. Das Gef\u00fchl, v\u00f6llig \u00fcberrumpelt zu werden, was jeder Mensch versp\u00fcrt, wenn ihm mitgeteilt wird, dass eine geliebte Person verungl\u00fcckt ist, war so fremd f\u00fcr Tom. Dabei kannte er noch nicht einmal die Ursache. Vielleicht hat sein K\u00f6rper just in diesem Moment, wo sich ihre Blicke trafen, einfach den Geist aufgegeben. Musste herunter- und wieder hochgefahren werden, wie man so sch\u00f6n sagt. Und das hatte diesen... Sto\u00df verursacht. Er machte kleine Schritte auf die Flurt\u00fcr zu. Er nahm die T\u00fcrklinke und merkte, wie schwitzig seine H\u00e4nde waren. Jeder vern\u00fcnftige Mensch w\u00fcrde in dieser Situation Sachen sagen wie: Danke nochmals! Oder... Bis sp\u00e4ter, Herr so und so. Doch Tom zog die T\u00fcr, mit auf den Boden gerichteten Blick, zu. \"Stimmt etwas nicht mit Ihnen?\", fragte Herr Petras, der vor der Treppe auf ihn wartete. \"Alles in Ordnung. Nur ein bisschen Nerv\u00f6s, verstehen Sie?\" Herr Petras neigte sein Kopf leicht zur Seite, l\u00e4chelte wie eine Mutter, die ihr Kind erkl\u00e4rte, wie stolz sie auf es war, und sagte: \"Machen Sie sich mal keine Sorgen. Mein Vater h\u00e4tte Sie schon l\u00e4ngst rausgeschmissen, wenn er Sie nicht m\u00f6gen w\u00fcrde. Nun kommen Sie.\" Ja, er w\u00e4re aufgesprungen, h\u00e4tte mich gepackt und wie Bud Spencer \u00fcber den Tisch gezogen. Tom l\u00e4chelte nur, und folgte Herrn Petras nach oben.",
            "wordcount": "695",
            "chapter_release": "01.12.2013",
            "chapter_number": "10"
        },
        "11": {
            "text": "11 Das erste Stockwerk unterschied sich kaum von dem Erdgeschoss. Die Einrichtung war schlicht. Am Ende der Treppe f\u00fchrte ein langer Flur nach links und nach ein paar Metern nach Rechts. Es befanden sich zwei Fenster auf der linken, und eine T\u00fcr auf der rechten Seite des Ganges. In der Biegung stand ein kleiner Tisch mit einer einzelnen Vase bedeckt. Daneben stand ein Holzstuhl, dessen R\u00fccken durch Holzschnitzereien verziert war. Die beiden M\u00f6belst\u00fccke machten einen einsamen Eindruck, aber sie waren sehr wahrscheinlich nicht mehr als Dekoration. Tom nahm die letzte Stufe und wandte sich nach rechts und begutachtete die Wandkommode. Wie er feststellte war auch sie voll mit Porzellan. Doch zwischen den verzierten Tellern und Vasen standen ein paar Fotos, die Personen abbildeten. Tom konnte nicht genau erkennen, wer diese Personen waren, da das Licht ungl\u00fccklich auf das Glas spiegelte. Am Ende des Ganges befand sich lediglich eine T\u00fcr. Vermutlich ein Abstellraum. Herr Petras ging mit langsamen Schritten den Flur entlang. \"Sooo... das ist, wie Sie h\u00f6chstwahrscheinlich sehen, der Flur. Nichts besonderes. Er erf\u00fcllt seinen Zweck, wie das Flure eben so an sich haben, oder?\" Er wirkte eher angespannt, als locker und lustig. \"Folgen Sie mir doch einfach bitte, ich zeig Ihnen das wichtigste.\" \"Aber klar doch\", sagte Tom, und auch er bewegte sich unwillk\u00fcrlich behutsam. Bei einem Schritt merkte er, wie der Boden knarrte - nicht bei jedem Schritt, aber doch bei manchen. Vermutlich sollte Heinrich, der wahrscheinlich eingeschlafen war, nicht gest\u00f6rt werden. Alte H\u00e4user waren eben hellh\u00f6rig und unten bekam man einfach jeden Schritt mit. Junior Petras bog nach rechts, und Tom wollte schon fragen, was sich denn in der T\u00fcr zu ihrer Rechten befand, lie\u00df es aber bleiben. Ihm w\u00fcrde das Wichtigste ja gezeigt werden. Der Flur schien kein Ende zu nehmen, was daran lag, dass es zum Ende des Ganges fast vollkommen dunkel war. War am Ende kein Fenster? \"Einen Moment, ich schalte sofort das Licht an.\" Herr Petras ging ein paar Schritte. Dann erhellte der Flur. Ein winzig kleiner Tisch stand an der Seite und darauf stand eine alte Lampe, die ihren Zweck aber voll und ganz erf\u00fcllte. Jetzt erkannte auch Tom, was es mit dem Fenster auf sich hatte. \"Sie haben wahrscheinlich moderne Deckenbeleuchtung erwartet, und ich muss gestehen, dass ich mich auch oft genug f\u00fcr moderne Deckenbeleuchtung ausgesprochen habe. Eine mit Bewegungsmelder verstehen Sie? Damit mein Vater nicht immer erst, diese Lampe suchen muss. Im Notfall nat\u00fcrlich. Normalerweise ist es ihr Job, dass Heinrich sich nicht im Dunkeln verl\u00e4uft.\" Er kicherte ein wenig zu hoch. \"Aber normalerweise... \", dabei zog er das a bis ins scheinbar unendliche, \"... scheint unsere gute alte Sonne durch das Fenster dort. Aber durch ein kleines Ungl\u00fcck ist die Scheibe zerbrochen. Nat\u00fcrlich habe ich sofort jemanden angerufen. Es kam auch jemand, nur faselte er irgendwas von passen und nicht passen und setzte diese Korkplatte ein. Ich warte schon seit mehreren Wochen auf das Fenster... aber nun ja. Sie wissen, wie das ist... oder eben nicht. Ist auch egal. Gehen wir weiter.\" Tom kannte sich jetzt nicht in der Branche aus, aber was war schon dabei, einen Fensterrahmen auszumessen und das dementsprechende Glas zu bestellen? War das Haus etwa zu alt und die Fensterrahmen entsprachen nicht mehr den heutigen Standards? Alles Quatsch, dachte Tom, doch was kann ich schon machen? Auf beiden Seiten des Flures waren jeweils zwei T\u00fcren. Herr Petras \u00f6ffnete die erste auf der rechten Seite. \"Hier haben wir das Schlafzimmer meines Vaters. Sie k\u00f6nnen gerne eintreten.\" Wie k\u00f6nnte es auch anders sein, auch dieses Zimmer war von der Schlichtheit her nicht zu \u00fcbertreffen. Es gab ein Bett, extra tief, links und rechts davon kleine Nachtschr\u00e4nkchen, und direkt gegen\u00fcber vom Bett einen gro\u00dfen Kleiderschrank mit Spiegel. Aber kein Fernseher, was Tom ein wenig verwunderte. Ein Fernseher im Schlafzimmer war heutzutage doch quasi ein must have. Aber der alte Heinrich hielt sich bewusst ein seine Generation. \"Eigentlich m\u00fcssen Sie hier nur das Bett machen, und sicherstellen, dass mein Vater abends auf dem Bett liegt und nicht daneben, hehe... \" Junior ging aus dem Zimmer. Tom blickte sich noch einmal um und folgte. Selbst im Schlafzimmer hingen dicke, alte Vorh\u00e4nge vor den Fenstern. Gab es Menschen, die morgens nicht gerne mit strahlendem Sonnenlicht aufwachen? Herr Petras \u00f6ffnete die T\u00fcr neben dem Schlafzimmer. \"Hier haben wir das Badezimmer. Nichts besonderes, erkl\u00e4rt sich von selbst. Ein paar Sicherheitsmatten, hier und da ein Griff zum festhalten. Aber keine Angst, mein Vater ist bisher noch nicht schwer gest\u00fcrzt.\" Ohne dass Tom einen wirklichen Blick in das Badezimmer werfen konnte, schloss Herr Petras die T\u00fcr und wandte sich dem Zimmer in der hinteren linken Ecke zu. War das hier schon das Ende des Hauses? Tom kam das Haus von drau\u00dfen viel enormer vor. Die T\u00fcrklinke wurde mit einem leisen Quietschen heruntergedr\u00fcckt. \"Und hier haben wir das Arbeitszimmer... \"",
            "wordcount": "840",
            "chapter_release": "01.12.2013",
            "chapter_number": "11"
        },
        "12": {
            "text": "12 Von allen Zimmern war das Arbeitszimmer das imposanteste. Nicht von der Gr\u00f6\u00dfe her, sondern eher von dem Gesamtbild, das es abgab. Ein m\u00e4chtiger Schreibtisch, aus edlem Holz und An der R\u00e4ndern und Kanten verziert, stand vor einem Panoramafenster. Was Tom sofort auffiel, war, dass die Vorh\u00e4nge weit ge\u00f6ffnet waren. Das Zimmer strahlte hell, trotz bew\u00f6lktem Himmel. In der hinteren, rechten Ecke stand ein kleiner Tisch und selbst die Tischdecke sah mehr als teuer aus. Auf dem Tisch stand, wie Tom unschwer erkennen konnte, ein Plattenspieler. Mehre Platten waren neben dem Tisch sorgf\u00e4ltig in einer passenden Kommode gestapelt. Tom wollte am liebsten sofort die Sammlung durchst\u00f6bern - er liebte den alten Retrosound von Plattenspielern, erst recht wenn guter, alter Chigaco-Blues lief -, doch er hatte daf\u00fcr bestimmt ein anderes Mal Zeit genug. \"Beeindruckend, nicht wahr?\", fragte Herr Petras leise, nahezu ehrf\u00fcrchtig. \"Ehm... Ja, auf jeden Fall. Der Schreibtisch sieht \u00fcberragend aus!\", sagte Tom, und hoffte nicht allzu ironisch zu klingen. \"Sie fragen sich sicher, ob mein Vater dieses Zimmer noch wirklich nutzt. Woran sollte er denn noch arbeiten? Aber er kommt tats\u00e4chlich \u00f6fter hier rein. In diesen Schr\u00e4nken... \", er zeigte auf die Schr\u00e4nke, die fast die gesamte linke Zimmerseite f\u00fcllten, \"... bewahrt er nicht nur alte Arbeitsmaterialen auf - er hat \u00fcbrigens, wie ich, f\u00fcr eine Zeitung gearbeitet -, sondern nat\u00fcrlich auch alte Familienfotos und Tageb\u00fccher, Aufzeichnungen von Verwandten. Er betrieb in den letzten Jahren viel Ahnenforschung. Verbrachte Stunden im hiesigen Stadtarchiv. Ob er wirklich erfolgreich war, wollte er mir noch nicht sagen. Er murmelte steht's 'Sobald ich fertig bin mein Sohn... sobald ich fertig bin', nur wann war man denn bitte mit Ahnenforschung fertig? Na ja, egal. Er war, was seine Arbeit angeht, teilweise einfach ziemlich eitel und perfektionistisch. Ver\u00f6ffentliche erst etwas, wenn er zu hundert Prozent zufrieden war... Aber gut, dies ist das Arbeitszimmer. Ich bitte Sie, es sauber zu halten. Damit meine ich abstauben, und nochmals abstauben. Den Rest erledigt mein Vater. Komischerweise wei\u00df er noch ganz genau, wo welcher Ordner hingeh\u00f6rt...\" Herr Petras schaute vertr\u00e4umt auf die Schr\u00e4nke,\"... w\u00e4re er doch mal bei anderen Dingen bei so klarem Verstand.\" Tom nickte nur h\u00f6flich. Er wollte gerade fragen, ob er eine Platte auflegen d\u00fcrfte, wenn er das Zimmer sauber machen w\u00fcrde, hielt es aber doch f\u00fcr unh\u00f6flich. Er musste es ja nicht wissen. \"Gut, dann kommen Sie mal wieder mit, Herr F\u00fcrst.\" Tom folgte dem Herrn hinaus in den Flur. Als die T\u00fcr zum Arbeitszimmer geschlossen wurde, war es pl\u00f6tzlich wieder ungew\u00f6hnt dunkel. Nachdem Herr Petras sich vergewisserte, dass sein Vater im Wohnzimmersessel eingeschlafen war, f\u00fchrte er Tom in die K\u00fcche, die direkt am Wohnzimmer grenzte. Die K\u00fcche strotzte nicht vor Glanz, noch war sie auff\u00e4llig dekoriert oder verziert. Die Einrichtung beschr\u00e4nkte sich ganz auf die Funktionen einer K\u00fcche. Die K\u00fcchentheke war schlicht. Jedes einzelne K\u00fcchenutensiel war genauestens einger\u00e4umt, oder aufgeh\u00e4ngt worden. An der Wand stand ein kleiner Tisch, bedeckt mit einer kleinen Blumenvase. Der Tisch bot Platz f\u00fcr gerade mal drei Personen. Eine weitere T\u00fcr f\u00fchrte in den Hintergarten, auf den Tom besonders gespannt war. Aber auch hier war das kleine Fenster, wegen eines Vorhangs, nicht zu durchblicken. \"Was das Essen angeht, hinterlasse ich Ihnen einfach ein Zettel. Sie m\u00fcssen nicht viel einkaufen. Es sollte haupts\u00e4chlich immer frisches Rosinenbrot vorr\u00e4tig sein. Und Erbsensuppe. Klingt zwar seltsam, aber das reicht meinem Vater v\u00f6llig. Zu einem St\u00fcck Fleisch mit Kartoffeln und Gem\u00fcse sagt er nat\u00fcrlich auch nicht nein, aber die Zubereitung lohnt sich fast nie. Er wird zu schnell satt, verstehen Sie?\" \"Klar, kenne ich. Fleisch, Kartoffeln und Gem\u00fcse wird auch irgendwann langweilig. Also... bei uns ist das so, weil meine Mutter es fast t\u00e4glich macht und... Sie wissen schon.\" Herr Petras schaute ihn l\u00e4chelnd an. Dem Anschein nach, erwartete er, dass Tom noch etwas sagen w\u00fcrde, dass noch eine Art Pointe Toms Gestammel einen Sinn verleihen w\u00fcrde. Nach ein paar peinlichen Sekunden sagte Herr Petras: \"Gehen wir in den Garten. Danach sind wir soweit durch. Es gibt zwar noch einen Keller, aber da steht nur altes Ger\u00fcmpel. Alte M\u00f6bel und Sachen meiner Gro\u00dfeltern, teilweise noch aus dem zweiten Weltkrieg, die mein Vater nicht wegschmei\u00dfen m\u00f6chte. In fr\u00fcheren Jahren war er eben ein kleiner Nostalgiker.\" Herr Petras und Tom betraten die Terrasse, die aus einem kleinen Vordach und ein paar Quadratmetern Fliesen bestand. Ein kleiner Zaun trennte die Terrasse von dem Garten. \"Oh Gott... das ist mir jetzt aber unangenehm. Das soll so nicht sein.\" Tom fiel zuerst nicht auf, was Herr Petras meinte. Er verfolgte seinen Blick und dann sah auch er die zwei Gartenm\u00f6bel. Ein kleiner Tisch und ein Stuhl. \u00c4hnlich wie die vor dem Haus. Nur waren sie mehr als dreckig. Das wei\u00df war fast schon gr\u00fcn. Ein Teebeutel lag mit mehreren, bis zum Filter runter gerauchten Zigaretten im Aschenbecher. Tom unwillk\u00fcrlich l\u00e4cheln. Denn auch er lie\u00df \u00f6fter einen Teebeutel im Aschenbecher liegen. Er mochte es einfach die Zigaretten daran auszudr\u00fccken. \"Das soll wirklich nicht sein. Und der Rasen...\" F\u00fcr einen Moment dachte Tom wirklich, dass Herr Petras kurz vor einem kleinen Anfall stand, denn seine Mimik verlor wirklich jegliche Spannung. Doch nur einen Augenblick sp\u00e4ter, l\u00e4chelte er wieder und sagte zu Tom: \"Na da haben Sie schon einiges zu tun.\" Er packte Tom an der Schulter und f\u00fchrte ihn zur\u00fcck ins Haus. \"Der Garten muss stets in einem guten Zustand sein. Es m\u00fcssen jetzt nicht die sch\u00f6nsten aller Blumen gepflanzt werden; doch auch ein Garten spiegelt die Pers\u00f6nlichkeit und den Charakter eines Menschen wieder, oder nicht?\" Tom erinnerte sich daran, wie er \u00f6fters samstags am Vormittag, mit einem monstr\u00f6sen Kater, seinem Vater im Garten helfen musste. Hilfe, wie er das hasste. \"Nat\u00fcrlich, nat\u00fcrlich\", sagte Tom und gab wieder sein bestes L\u00e4cheln zur Schau. Herr Petras ging ohne Worte durch das Haus zur\u00fcck in den Eingangsflur, \u00f6ffnete die T\u00fcr und deutete Tom an hinauszugehen. Kurz darauf standen sie erneut auf der Auffahrt. \"Also, Herr F\u00fcrst, was sagen Sie? Sie k\u00f6nnen gleich \u00fcbermorgen anfangen zu arbeiten. Mein Vater h\u00e4tte sie l\u00e4ngst hinterm Mond bef\u00f6rdert, w\u00fcrde er Sie nicht dulden\", sagte Herr Petras und wirkte seltsam gespannt.",
            "wordcount": "1.061",
            "chapter_release": "01.12.2013",
            "chapter_number": "12"
        },
        "13": {
            "text": "13 \"Wissen Sie, Herr Petras, es ist doch schon eine gewisse Verantwortung, f\u00fcr ihren Vater zu sorgen, oder nicht? Ich m\u00f6chte nicht behaupten, dass ich damit nicht umgehen k\u00f6nnte, aber bisher konnte ich einfach noch keine \u00e4hnlichen Erfahrungen machen, verstehen Sie?\" \"Nat\u00fcrlich, nat\u00fcrlich. Aber solange Sie davon \u00fcberzeugt sind, dass sie mit der Arbeit klarkommen, bin auch ich davon \u00fcberzeugt. Mein Vater ist keine Schildkr\u00f6te, die auf den R\u00fccken liegt, oder \u00e4hnliches. Er ist immer noch ein Mensch, der durchaus f\u00fcr sich selbst sorgen kann, aber hin und wieder einfach Hilfe braucht. Auch wenn er nicht immer akzeptieren will, dass er Hilfe ben\u00f6tigt; sein M\u00e4nnerstolz eben\", sagte Herr Petras, und zwinkerte kumpelhaft. \"Also, sind wir im Gesch\u00e4ft? Es w\u00e4re mir eine Freude!\" Tom hatte noch viele Fragen. Unter anderem, ob er nicht mit dem vorherigen Pfleger, oder wie man den Job auch nennen mag - Unterst\u00fctzter? -, in Kontakt treten sollte. Vielleicht gab es ja Kleinigkeiten, auf die Heinrich Petras besonders reagieren w\u00fcrde. Irgendwelche Zubereitungsarten der Erbsensuppe. Wie der Rasen gem\u00e4ht sein soll. Wie viel Staub sich auf den Wohnzimmmertisch sammeln darf. Nur Tom dachte, dass er das wohl selbst herausfinden w\u00fcrde. Es auch herausfinden wollte. Er wollte endlich etwas alleine angehen, ohne dass seine Eltern ihm st\u00e4ndig \u00fcber die Schulter schauen w\u00fcrden. \"Jap. W\u00fcrde ich sagen. Wann soll anfangen? Donnerstag sagten Sie? Um wie viel Uhr?\" Herr Petras klatschte einmal in die H\u00e4nde. \"Prima! Seien Sie um 8 Uhr genau an diesem Fleck, wo sie gerade stehen. Ich werde alles noch einmal mit Ihnen durchgehen. Nat\u00fcrlich bereite ich f\u00fcr alles noch gewisse Notizzettel vor. Haben wir eigentlich schon \u00fcber die Arbeitszeiten gesprochen?\" Tom \u00fcberlegte kurz. Hatten sie das? Er konnte sich zumindest nicht erinnern, wahrscheinlich weil er davon ausging, bis ca. siebzehn oder achtzehn Uhr zu arbeiten. Er sch\u00fcttelte den Kopf. \"Es sind eigentlich recht flexible Arbeitszeiten. Morgens bis Mittags werden sie ganz einfach das Haus in Ordnung bringen, und zum Mittag das Essen machen. Sie sollten auf alle F\u00e4lle immer kurz vor acht erscheinen, da um genau 8 Uhr der Wecker klingelt. Mein Vater steht stets alleine auf... nur kann es halt hin und wieder Komplikationen geben. Beschwerden... Sie verstehen schon.\" Tom nickte einfach, ohne \u00fcber diverse Beschwerden nachzudenken. \"Gut. Nach dem Mittag schaut er entweder im Fernsehen, geht in den Garten, durchbl\u00e4ttert alte Familienalben, was man halt so macht. Oder er d\u00f6st einfach in seinen Sessel ein.\" Als Tom den Mund \u00f6ffnete, um etwas zu fragen, sagte Herr Petras knapp: \"Ja, Sie m\u00fcssen im Haus bleiben. Nat\u00fcrlich nicht die ganze Zeit bei ihm, aber in seiner N\u00e4he. Ich wei\u00df, wie das ist. Niemand verbringt gern viel Zeit mit alten Menschen. Sie k\u00f6nnen sich im G\u00e4stezimmer aufhalten, oder im Garten. Wenn Sie im Garten sein sollten, und mein Vater ebenfalls etwas Zeit an der frischen Luft verbringen will, m\u00fcssen Sie nicht gleich verschwinden aber... Wenn Heinrich seine Ruhe will, l\u00e4sst er Sie das wissen.\" \"Klar - kein Problem.\" \"Wunderbar. Zum Abend, so gegen achtzehn Uhr, machen Sie das Essen. Ganz einfach oder? Anschlie\u00dfend haut sich der Alte meist vor die Glotze. Guckt Nachrichten, oder irgendwelche Dokumentationen. Gegen 8 Uhr, aller sp\u00e4testens um 9 Uhr, soll mein Vater ins Bett. Er geht meist selbstst\u00e4ndig, aber auch er kann launig sein. Aber das kommt wirklich selten vor, er ist um die Zeit auch meistens schon sehr m\u00fcde.\" Tom sah sich gerade, wie er den alten Heinrich die Treppe hochzog, w\u00e4hrend der Alte wie ein Baby nach seiner Milch schrie. Er grinste, was Herrn Petras nicht entging. \"Sie scheinen alles verstanden zu haben, richtig? Wenn es keine Fragen mehr gibt w\u00fcrde ich vorschlagen, dass Sie jetzt nach Hause radeln, heile ankommen, ihren Eltern selbstverst\u00e4ndlicher Weise von alledem... \" er wedelte kurz mit seinen Armen in Richtung des Hauses, \"... erz\u00e4hlen. Sie werden bestimmt erfreut sein, dass Sie endlich aus den Puschen kommt, wie man so sch\u00f6n sagt.\" Woher sollte er wissen, dass sich Tom in einer Art Nichts-Tuer-Trott befand? \"Also, eine gute Nacht w\u00fcnsche ich.\" \"Ehm - ja, gute Nacht, Herr Petras.\" Tom erwartete eigentlich noch einen H\u00e4ndedruck, aber Herr Petras verschwand schon wieder ins Haus. Als die T\u00fcr ins Schloss fiel, bemerkte Tom erst, wie angenehm still die Abendd\u00e4mmerung war. Dazu schlich sich das Gef\u00fchl von Zufriedenheit und sogar ein gewisser Stolz. Es war l\u00e4cherlich, doch Tom sah sich in den letzten Wochen selbst in einer Art early-life-crisis. Die war nun vorbei. Was seine Eltern von dem Job halten w\u00fcrden, war ihm auf jeden Fall egal. Sie konnten sagen, was sie wollen. Tom w\u00fcrde den Job durchziehen. Ein Nebenjob mit solch einer Verantwortung kam doch eh immer gut in einem Bewerbungsportfolio, oder? Ja, ja... das Bewerbungsportfolio. Er hoffte allerdings, dass Katarina positiv reagieren w\u00fcrde. Sollte er erw\u00e4hnen, dass er mit dem verdienten Geld schon bald ein eigenes Auto besitzen w\u00fcrde? Oder w\u00fcrde sie da selbst drauf kommen? Wahrscheinlich schon. Noch wahrscheinlicher war es, dass es sie gar nicht interessieren w\u00fcrde. Aber da sprach nur der kleine Pessimistd\u00e4mon aus ihm. Ja, so etwas gab es wirklich. Gerade was Gedanken \u00fcber eine Partnerschaft anging. Tom setzte sich auf sein Rad. Eine Sekunde reichte, um den Schatten im oberen Fenster zu erblicken. Unterwegs blickte Tom zweimal \u00fcber die Schulter.",
            "wordcount": "909",
            "chapter_release": "01.12.2013",
            "chapter_number": "13"
        },
        "14": {
            "text": "14 Auch wenn Katarina schrieb, dass sie sich f\u00fcr Tom freute, konnte das Tom nicht wirklich glauben. Es war mehr als einfach Freude per SMS auszudr\u00fccken. Tom fragte sich, wie Katarina wohl pers\u00f6nlich reagiert h\u00e4tte. Er war jetzt nicht der beste Menschenkenner oder Verh\u00f6rspezialist, aber es gab so typische Anzeichen daf\u00fcr, dass gewisse Gestiken oder Reaktionen einfach k\u00fcnstlich waren. Nur w\u00e4hrend Tom so dar\u00fcber nachdachte, ob seine Freundin sich jetzt wirklich freute, oder einfach nur so tat und sich in Wirklichkeit gar nicht f\u00fcr seine Neuigkeiten interessierte, da sie, wie Tom immerzu dachte, sich neu orientierte, sich nach einem anderen Partner umschaute - jemanden mit Sixpack und einer fetten Karre! -, \u00e4rgerte er sich wieder \u00fcber sich selbst. Warum \u00fcberkamen ihn andauernd solche Gedanken? Konnte er ihr einfach nicht mal Vertrauen und ihr nicht auf simple Art und Weise alles abkaufen? Was musste passieren, damit er in Zukunft nicht mehr von solchen Vorstellungen geplagt werden w\u00fcrde? Musste sie etwas \u00e4ndern? Oder lag alles an ihm? \u00dcberraschenderweise schlug Katarina vor am morgigen Tag, also auch an seinem letzten, freien Tag, etwas zu unternehmen. Da sie beide nicht die Unternehmertypen waren, entschieden sie sich f\u00fcr den guten, alten DVD Abend. Sie hatten schon etliche Filme zusammen geguckt. Von s\u00e4mtlichen Horrorfilmen, bis hin zu den Klassikern der P\u00e4rchen-DVD-Abende. Die Klassiker waren, zumindest in ihren Freundes- und Bekanntenkreises, Filme wie Der Herr der Ringe oder, ganz klar, Harry Potter. Gerade Harry Potter schaffte es immer wieder, diese gewisse Stimmung zu erzeugen. Nicht nur Gem\u00fctlichkeit oder Geborgenheit. Irgendetwas, was von der gemeinsamen Begeisterung f\u00fcr die Reihe - B\u00fccher, sowie die Filme -, und der einfachen Liebe kam. Vielleicht war gerade das der Knackpunkt. Dass die Filme sie daran erinnerten, was sie gemeinsam, und was sie bisher erlebt haben. Die gl\u00fccklichen Momente nat\u00fcrlich. Ein Cocktail aus Nostalgie und Vorfreude, auf das, was noch eventuell kommen mag. Sie sagte, sie w\u00fcrde gegen fr\u00fchen Abend da sein. Sie wolle auf jeden Fall asiatisch bestellen; Tom gefiel es wenn sie sagte, was ihr gefallen w\u00fcrde, anstatt dass sie fragt, ob es okay w\u00e4re dies oder das zu tun. Das zeigte ihm einfach, das schon ein gewisser Punkt, besser gesagt, eine gewisse Phase der Beziehung erreicht war. Sie redeten anschlie\u00dfend \u00fcber das \u00fcbliche, machten Scherze, und sie gab Tom das Gef\u00fchl, dass sie sich wirklich auf den morgigen Abend freuen w\u00fcrde. Dass alles in Ordnung sei. Trotz allem. Was auch immer das beinhalten sollte. Tom hatte einen schrecklich, merkw\u00fcrdigen Traum. Er tr\u00e4umte eigentlich jede Nacht, auch sehr lebhaft; entweder wurde das vererbt, oder das kam vom vielen Lesen und das sein Gehirn einfach irgendwelche Verflechtungen, in irgendwelchen Hirnarealen ausarbeitete. Doch es war dieses Mal mehr ein Bild, als nur irgendwelche, v\u00f6llig abstrakte, zusammengef\u00fcgte Szenen. Er lag, mit Katarina im Arm, in seinem Bett. Lediglich der Fernseher spendete Licht. Nur schienen er und Katarina v\u00f6llig hypnotisiert. So sahen keine Menschen aus, die einen spannenden Film genossen. Vielmehr waren sie zwei Personen, die alles an Kraft und Wahrnehmung verloren hatten. Sie reagierten nicht auf die Millionen von Reizen, die auf sie in Sekundenbruchteilen einschlugen. Tom konnte sich, nachdem er aufgewacht war, noch genau daran erinnern, wie lang ihm dieser Traum vorkam. Nicht, das man sowieso \u00fcber ein Zeitgef\u00fchl verf\u00fcgte, w\u00e4hrend man tr\u00e4umte. Doch er war nach dem Erwachen richtig ersch\u00f6pft. Wie nach einer mehrst\u00fcndigen Klausur. Und als Tom bemerkte, wie durchgeschwitzt er war, und er die Decke mit einem Schlag von sich warf, \u00fcberkam ihm der Traum erneut, jedoch nur f\u00fcr einen Augenblick. Das Bild war glasklar. Er und Katarina lagen v\u00f6llig willenlos im Bett. Schauten auf den Fernseher, schauten ihn, den tr\u00e4umenden Tom an. Der Fernseher flimmerte, und f\u00fcllte den Raum in s\u00e4mtlichen Farben. Erhellte ihn jedoch nicht. Sein Zimmer schien in einer fremden Dunkelheit geh\u00fcllt. Und in dieser Dunkelheit, sah Tom einen schwarzen Umriss, eine menschliche Gestalt, die nach Katarina zu greifen schien. Doch weder sie, noch Tom reagierten. Dann sah Tom wieder sein Zimmer aus der Sicht seines Betts. Der Raum wurde leicht von der Morgensonne erhellt. F\u00fcr einen Moment erwartete er, Katarina neben sich liegen zu sehen, doch er war alleine. Er blickte einmal durch den Raum. Anschlie\u00dfend lachte er \u00fcber sich selber, da er sich wie ein Kleinkind vorkam. Er stand auf und ging unter die Dusche.",
            "wordcount": "719",
            "chapter_release": "01.12.2013",
            "chapter_number": "14"
        },
        "15": {
            "text": "15 W\u00e4hrend des Tages blieb Tom relativ ungest\u00f6rt. Daraus schloss er, dass seine Eltern f\u00fcrs erste mit ihm zufrieden waren. Endlich w\u00fcrde er wieder einen vern\u00fcnftigen Alltag nachgehen und mit nicht allzu schlechtem Gewissen abends ins Bett fallen. Nach dem Duschen ging er hinunter um etwas zu essen. Es war schon fast 10 Uhr, eine Zeit, die f\u00fcr Tom leider nicht un\u00fcblich war. Seine Eltern waren arbeiten, also war das Haus ruhig und verlassen, was er sehr mochte. Er z\u00fcckte sein Handy und lie\u00df ein wenig Musik laufen, w\u00e4hrend er sein Fr\u00fchst\u00fcck zubereitete. Anschlie\u00dfend setzte er sich aufs Sofa und schaltete den Fernseher ein. Er k\u00f6nnte zwar auch in seinem eigenen Zimmer fernsehen, doch seine Eltern hatten f\u00fcr unten einen riesigen, modernen 3D-Fernseher, von dem ihm zwar die Augen tr\u00e4nten, doch die Qualit\u00e4t war ja so gut! Und Sein Zimmer wollte er f\u00fcrs erste meiden. W\u00e4hrenddessen scrollte er \u00fcber sein Handy in Facebook rauf und runter. F\u00fcr einen Moment kam ihm der Gedanke, der sozialen Netzwerkwelt mitzuteilen, dass er endlich einen Job gefunden hatte, den er morgen beginnen w\u00fcrde. Doch Tom hatte, und da war er mehr als stolz drauf, seinen Mitteilungsdrang was das anging, voll und ganz unter Kontrolle. Er legte das Handy weg und dachte an Katarina. Seine Vorfreude auf den Abend war riesig, dennoch beschlich ihn irgend ein seltsames Gef\u00fchl. Katarina und er w\u00fcrden sich haupts\u00e4chlich anschweigen, auf den Fernseher starren und nat\u00fcrlich den \u00fcblichen Smalltalk austauschen. Und sobald der Abend kurz vor dem Ende stand, w\u00fcrde er es mit Ann\u00e4herungsversuchen probieren, um den Abend eine gewisse romantische, oder was auch immer, Note zu verleihen. Katarina w\u00fcrde sich geschmeichelt f\u00fchlen, lachen, ihn erst gew\u00e4hren lassen, aber dann nach ungef\u00e4hr zehn Minuten einen R\u00fcckzieher machen. Sie w\u00fcrde sagen, dass es schon sp\u00e4t sei und nach Hause fahren. Das einzige was er dann noch von ihr h\u00f6ren, oder lesen w\u00fcrde, war eine gute Nacht. Du denkst viel zu pessimistisch, Mann!, dachte er. Wie oft hattest du schon solche Bef\u00fcrchtungen, und der Abend ist immer ganz anders verlaufen! Sein Handy vibrierte. Es war Katarina mit einem einfachen: \"Hey :)\" Tom fand es teilweise seltsam, dass Katarina immer in den Moment schrieb, in denen er an sie dachte. Er glaubte dann fast sogar an eine \u00fcbernat\u00fcrliche Verbindungen zwischen ihnen. Doch nicht vor allzu langer Zeit hat irgend eine Wissenssendung, Galileo h\u00f6chst wahrscheinlich, ihn aufgekl\u00e4rt, und es sei, mehr oder weniger, ein Fehler des Gehirns, und das er in dem Moment verga\u00df, wie oft er an sie dachte, und sie aber nicht geschrieben hat. Wie auch immer. Er antwortete ihr, wie immer mit einem l\u00e4ssigen Hey, alles cool?, und schon waren seine Sorgen verflogen. Wie auch am Abend, als sie endlich da war. Er konnte sich so viele Gedanken \u00fcber sie machen wie er wollte. Ob sie auch wirklich treu und vertrauensw\u00fcrdig war, wie es denn mit ihnen weitergehen w\u00fcrde und ob das alles denn noch einen Sinn so hat; das konnte er sich alles fragen. Doch immer in den Moment, wenn er die T\u00fcr \u00f6ffnete und sie mit einem leichten L\u00e4cheln - nicht strahlend, sondern einfach nur ein leicht grinsend -, vor ihm stand, war es, als w\u00fcrden solche Probleme auf der Erde gar nicht existieren. Tom war sich fast sicher, dass Katarina ihm blitzschnell eine Spritze verabreichte und ihn diverse Drogen verabreichte. Doch es war leider nur er, der verr\u00fcckt spielte. Auch wenn sie nebeneinander lagen, fast kaum ein Wort wechselten und sich angeblich von irgend einen Teenie-Horrorfilm in den Bann ziehen lie\u00dfen, verga\u00df er, dass er sie seit mehr als zwei Wochen nicht gesehen hat, weil irgendwo irgendein Schlussverkauf war, oder sie eine ihrer, wie viel auch immer, besten Freundinnen lange nicht mehr gesehen hatte. Schlimm war das. Sehr, sehr schlimm. Doch leider gewann stets der verliebte Tom. Der wirkliche Tom, der fast vor Sorgen erstickte, wurde innerhalb von Sekunden niedergeschlagen und f\u00fcr ein paar Stunden weggeschlossen. Erst wenn Katarina wieder weg war, und sein Hormonhaushalt wieder auf Normalbetrieb fuhr, kam auch der normale Tom zu sich. Dieser Abend jedoch, verlief anders. Sie lagen zwar gem\u00fctlich nebeneinander im Bett, doch der verliebte Tom war nicht anwesend. Irgendetwas hat ihn verscheucht.",
            "wordcount": "707",
            "chapter_release": "01.12.2013",
            "chapter_number": "15"
        },
        "16": {
            "text": "16 \"Stimmt irgendetwas nicht?\", fragte Katarina, und nahm sich eine handvoll Kartoffelchips - der Film hatte sie wieder voll und ganz in seinen Bann gezogen. Sie fragte, da Tom ohne Pause mit seinen Fingern auf ihrer Schulter rumtippelte. \"Nein, wieso?\" \"Du wirkst angespannt. Deine Finger nerven ehrlich gesagt ein wenig, du kommentierst nicht irgendwelche Szenen, die stilistisch anscheinend schlecht sind, und du hast noch keinen Bissen meiner Chips genommen! Also, was ist los?\" Sie richtete sich auf und schaute ihn an. \"Hey, guck nicht mich an! Da ist der Fernseher!\" \"Ach, die reden doch nur.\" \"Wie oft habe ich dir schon gesagt, dass es trotzdem wichtig ist, den Film zu verfolgen, selbst wenn nur geredet wird?\" \"Oft genug\", sagte Katarina, wandte sich wieder dem Fernseher zu und legte ihr Bein auf seines. \"Es ist alles in Ordnung, glaube mir.\" \"Magst du den Film nicht?\" Oh mein Gott, du redest gerade von Quentin Tarantino!, wollte Tom br\u00fcllen. \"Klar, der ist cool.\" \"Denkst du gerade an deinen Job?\" Ja, irgendwie schon. Ich habe Angst zu versagen, Angst vor der Best\u00e4tigung, dass ich ein Versager bin, der nichts geschissen bekommt, und Angst dich zu verlieren, Katarina, dachte er. Tom sagte: \"Na ja, ich bin schon gespannt, wei\u00dft du? Ob alles so klappt, wie es klappen soll. Und so ...\" \"Ach, du bekommst das schon hin\", sagte sie im m\u00fcden Ton. \"Wie hei\u00dft der gute Herr noch gleich?\" \"Petras. Heinrich Petras.\" \"Ah, genau, ja. Ich glaube, eine aus meinem Jahrgang hei\u00dft Petras.\" \"Es gibt viele Leute, die so hei\u00dfen.\" \"Ja, da hast du wahrscheinlich recht.\" Tom merkte zwar, wie gelangweilt und abwesend er klang, doch er wie sollte er sonst reagieren? Fr\u00f6hlich und gelassen? Nachdem der Film vorbei war, schaute Tom auf die Uhr. F\u00fcr ihn kam jetzt die gro\u00dfe Frage, ob Katarina bald nach Hause fuhr, was sehr wahrscheinlich war, oder ob sie bis zum n\u00e4chsten Tag blieb, was wiederum unwahrscheinlich war. Tom hasste dieses Augenblick. W\u00fcrde sie gehen, w\u00fcrden wieder tausende Gedanken auf ihn einpreschen, in seinen Kopf eindringen und jeglichen Optimismus zerschlagen. Sie w\u00fcrden sich einnisten und f\u00fcr die n\u00e4chsten Tage wie Parasiten in seinem Kopf leben. Katarina seufzte und lie\u00df sich mehr ins Bett fallen. Sie r\u00fcckte n\u00e4her an ihn ran, durchstrich sanft seine Haare. Obwohl der Fernseher noch lief, h\u00f6rte Tom sie langsam atmen. \"Katarina?\" \"Ja?\" \"Es ist sp\u00e4t.\" Jetzt fordere sie doch nicht auch noch heraus!, sagte er sich. Doch irgendetwas musste er einfach sagen. \"Ich wei\u00df.\", antwortete sie, aber in einem Ton, als w\u00fcrde sie die Zeit nicht k\u00fcmmern. Auch Tom seufzte und glitt weiter ins Bett, streichelte ihre Schulter. Nach ein paar Sekunden glitt seine Hand auf ihren Oberarm und er dr\u00fcckte sie. Ganz leicht, auch nur beil\u00e4ufig. Katarina erwiderte seinen Impuls und legte ihr Bein mehr auf sein eigenes. Fast, nein, genau im selben Moment drehten sich ihre Gesichter zueinander. Ihre Lippen fanden sich, kannten sich, in und auswendig. Sie riefen voller Verlangen und Sehnsucht. Tom schlang seinen anderen Arm um Katarinas K\u00f6rper, und zog sie mit einem Ruck auf sich. Ihre K\u00f6rper bewegten sich voller Hingabe und in voller Harmonie. Ihre K\u00fcsse wurden schneller, intensiver. Das gegenseitige Verlangen wuchs von Sekunde zur Sekunde. Katarinas Handy vibrierte. Katarina richtete sich auf, zog Tom mit. Sie schlang ihre Arme um ihn, vergrub ihre H\u00e4nde in seinen Haaren und gab ihn einen langen, festen Kuss. Tom wusste, was dieser Kuss bedeutete. Dieser Kuss schwang nicht nur Liebe mit sich, sondern auch eine Art Entt\u00e4uschung. Sie nahm ihr Handy, tippte in Sekunden schnelle - las sie \u00fcberhaupt? -, und sagte: \"Ich muss looooos ...\" Tom atmete schwer. Nach ein paar Sekunden fl\u00fcsterte er: \"Okay, alles klar\" Er gab ihr einen kurzen, schnellen Kuss. Innerhalb einer Minute war Tom alleine. Er nahm die Fernbedienung und zappte durch s\u00e4mtliche Kan\u00e4le, ohne wirklich etwas zu suchen.",
            "wordcount": "715",
            "chapter_release": "01.12.2013",
            "chapter_number": "16"
        },
        "17": {
            "text": "17 \"Gefr\u00fchst\u00fcckt hat er bereits. R\u00e4umen sie einfach die K\u00fcche auf, halten sie das Haus in Schuss, so wie ich es Ihnen erkl\u00e4rt habe. Das Mittagessen steht im K\u00fchlschrank. Sie k\u00f6nnen einfach alles in eine Pfanne schmei\u00dfen und anschlie\u00dfend einfach aufw\u00e4rmen. Machen Sie den Teller nicht allzu voll. Wenn alles klappt bin ich gegen sp\u00e4ten Nachmittag wieder da. Was Pausen angeht, k\u00f6nnen Sie - na ja, wenn nichts zu tun ist, ist nichts zu tun, Sie verstehen schon. Also, viel erfolg!\" Und schon war Herr Petras Junior aus dem Haus. Die Haust\u00fcr fiel ins Schloss und es wurde schlagartig Still. Ganz leise vernahm Tom den Fernseher aus dem Wohnzimmer. Bleib einfach cool, sagte Tom sich, viel kannst du nicht falsch machen. Tom ging ins Wohnzimmer um Heinrich zu begr\u00fc\u00dfen. \"Guten Morgen, Herr Petras\", sagte Tom, w\u00e4hrend er die T\u00fcr zum Flur schloss. Keine Reaktion. Entweder nimmt er mich nicht wahr, oder er m\u00f6chte es einfach nicht. Tom stellt sich vor Heinrich, aber so, dass er nicht den Blick zum Fernseher versperrte. Sollte er ihm jetzt die Hand reichen? Herr Petras schaute weiterhin zum TV Ger\u00e4t, nickte aber einmal kurz. Jedenfalls dachte Tom, dass er das tat. \"Gut, dann... mache ich mich mal an die Arbeit. Wenn Sie etwas brauchen, lassen Sie mich es bitte umgehend wissen.\" Tom ging mit behutsamen Schritten in Richtung K\u00fcche. Du klingst ja wirklich wie ein originaler Arschkriecher, Mann. Herr Petras schnaubte. Tom drehte sich um. \"Ja? Stimmt etwas nicht?\" Keine Reaktion. \"Herr Petras?\" Vielleicht m\u00f6chte er doch gar nichts von dir. Geh einfach in die K\u00fcche, rief seine innere Stimme, genauer gesagt, der Tom, der einfach nur den Tag ohne Komplikationen \u00fcberstehen wollte. Heinrich hustete einmal kr\u00e4ftig und sagte: \"Das Fenster, Junge, das Fenster!\", als w\u00fcrde er gerade eine schwere Kiste hochstemmen. Tom wusste erst nicht, was Herr Petras meinte. Er wollte sagen, dass doch mit den Fenster alles in Ordnung sei. Zuerst dachte er, Heinrich w\u00fcrde nur fantasieren, doch dann fiel ihm auf, dass der Vorhang des hintersten Fensters Licht durchlie\u00df, das auf den Fernseher strahlte. Heinrich konnte einfach nicht viel vom Fernseherbild erkennen. Nachdem Tom den Vorhang vern\u00fcnftig zugezogen hatte, fragte er: \"So besser, Herr Petras, sehen Sie etwas?\" Heinrich presste nur die Lippen kurz aufeinander, was Tom einfach als Ja akzeptierte. Es lief, das Familienduell. Tom \u00f6ffnete schon den Mund, um irgendwelche Smalltalk Floskeln loszuwerden, dass seine Gro\u00dfmutter diese Sendung schon seit Jahren liebte, behielt es aber f\u00fcr sich. Erneut ging er auf die K\u00fcche zu, um endlich mit der Arbeit zu beginnen. Als er die K\u00fcche betrat, horchte er noch f\u00fcr einen Moment, ob Heinrich sich wieder meldete, doch er blieb, Gott sei dank, f\u00fcrs erste ruhig. Gro\u00dfartige Arbeit erwartete ihn jedoch nicht. Lediglich zwei Teller mit Besteck standen auf dem K\u00fcchentisch. Und noch etwas Marmelade. Tom r\u00e4umte die Sachen weg und wischte einmal kurz \u00fcber den Tisch. Er blickte durch den Raum. Eigentlich war er hier schon fertig. Ein kurzer Blick auf die Uhr verriet ihm, dass gerade einmal f\u00fcnfzehn Minuten vergangen waren. Er hatte wahrlich noch einiges an Zeit vor sich.",
            "wordcount": "539",
            "chapter_release": "01.12.2013",
            "chapter_number": "17"
        },
        "18": {
            "text": "18 Den Vormittag verbrachte Tom damit, den Rasen zu m\u00e4hen, hier und da Unkraut zu zupfen und hin und wieder nach Herrn Petras zu schauen, der den Vormittag haupts\u00e4chlich im Wohnzimmer verbrachte. Zwischendurch genehmigte Heinrich sich sogar eine Zigarette. Tom vermied bisher mit ihm zu reden. Er dachte, wenn er was br\u00e4uchte, w\u00fcrde er sich melden. Und er sei ja nur daf\u00fcr da, ihm beim Haushalt unter die Arme zugreifen, und nicht um mit ihm \u00fcber Gott und die Welt zu diskutieren. Wobei das sehr interessant sein k\u00f6nnte. Gegen Mittag servierte Tom in der K\u00fcche die Erbsensuppe, genehmigte sich vorher selbst sein Brot, was er am Tag zuvor vorbereitet hatte, und sagte Herrn Petras, dass er nun essen k\u00f6nnte. Heinrich erhob sich, murmelte etwas was wie \"ja, ja\" klang, und schlurfte in die K\u00fcche. \"Alles so in Ordnung, Herr Petras?\", fragte Tom. Heinrich musterte den K\u00fcchentisch, jedenfalls dachte Tom, dass er das tat, und murmelte: \"Alles bestens, alles bestens.\" Er setzte sich, nahm den L\u00f6ffel und begann zu essen. Tom hatte extra ein paar Minuten gewartet, bevor er das Essen servierte, damit die Suppe nicht zu hei\u00df war, wenn Herr Petras sie a\u00df. Er sollte sich ja nicht die Zunge verbrennen. \"Wenn Sie etwas brauchen, ich bin wieder im Garten. Mache nur eben eine Raucherpause, wenn das okay ist. Anschlie\u00dfend bin ich oben.\" Heinrich nickte. \"Wunderbar\", sagte Tom, und ging auf die Terrasse, setzte sich, und genehmigte sich eine Pall Mall. Es war gerade erst Mittag, dachte er. Vergeht die Zeit hier langsamer? Ich war doch stundenlang im Garten. Mir kommt es vor, als w\u00e4re schon l\u00e4ngst Nachmittag. Hoffentlich war oben viel zu tun. Sonst w\u00fcrde ihm der Tag wie eine Ewigkeit vorkommen. Sein Handy vibrierte - eine SMS von Katarina. \"Wie lange musst du arbeiten? Soll ich dich heute Abend abholen?\" Tom war v\u00f6llig verbl\u00fcfft. So kannte er sie gar nicht. Er tippte: \"Wei\u00df ich nicht genau. Ich glaube bis ca. 8. Ich schreib dir, wenn ich mehr wei\u00df.\" Der Gedanke, Katarina noch nach der Arbeit zu sehen ermutigte ihn ein wenig. Vielleicht w\u00fcrden sie das nachholen, was sie bei ihm im Bett leider abbrechen mussten. Ein Ger\u00e4usch aus der K\u00fcche. Ist Heinrich schon fertig? Tom ging in die K\u00fcche um nachzusehen. Herr Petras stand vor dem Tisch. Sein Teller war leer und es sah so aus, als w\u00fcrde er den Teller abr\u00e4umen wollen. \"Ich mach das schon\", sagte Tom und ging auf den K\u00fcchentisch zu. \"Gehen Sie ruhig wieder ins Wohnzimmer. Ich r\u00e4um hier auf.\" Heinrich griff dennoch nach seinem Teller. Vermutlich hatte er Tom nicht geh\u00f6rt. Tom streckte ebenfalls seine Hand nach dem Teller aus, und ergriff ihn. \"Ich mach das schon\", sagte er erneut, dieses mal lauter. Er zog, doch \u00fcberraschenderweise lie\u00df Herr Petras nicht los. Er nahm Tom nicht einmal wahr. \"Herr Petras!\" Tom erschrak fast, wegen seiner eigenen Lautst\u00e4rke. Selbst der Versuch, Blickkontakt herzustellen, scheiterte. Herr Petras Blick war steif auf den Teller gerichtet. Na gut, wenn er so will. Tom lie\u00df den Teller los. Im selben Augenblick l\u00f6ste sich auch Heinrichs Hand. Der Teller fiel, und zerschellte am Boden. Tom reagierte sofort. \"Oh, das tut mir Leid. Ich dachte... ich regele das. Gehen sie einfach ins Wohnzimmer.\" Er wollte sich gerade in der K\u00fcche nach einen Handbesen umschauen, doch dann bemerkte er wie Herr Petras ihn anschaute. Er sah blass aus. Und irgendwie entsetzt. Seine Lippen zitterten. Er stammelte: \"Das, das, das... \" Unverst\u00e4ndliche W\u00f6rter folgten. Tom wusste nicht, was er sagen sollte. Wollte er sich entschuldigen? Oder Tom ermahnen? Er konnte doch sonst auch reden. Herr Petras Junior h\u00e4tte einen Schlaganfall oder \u00e4hnliches erw\u00e4hnt, oder zumindest, dass es vorkommen k\u00f6nnte, dass es Heinrich hin und wieder schwer fiele, S\u00e4tze zu formen und sich auszudr\u00fccken. Aber das hatte er nicht. Tom und Herr Petras schauten sich weiterhin an. Dann wandte sich Herr Petras ab, und trat durch die K\u00fcchent\u00fcr. Ohne weiter \u00fcber diesen Vorfall nachzudenken, beseitigte er die Tellerscherben und wischte den Fu\u00dfboden",
            "wordcount": "709",
            "chapter_release": "01.12.2013",
            "chapter_number": "18"
        },
        "19": {
            "text": "19 Nachdem er mit der K\u00fcche fertig war, wollte Tom nach Heinrich sehen und sich f\u00fcr den Vorfall entschuldigen. Er wollte seine Arbeit gut machen und ein vern\u00fcnftiges Bild von sich hinterlassen. Jedoch fand er Heinrich nicht im Wohnzimmer vor. W\u00e4re er in den Garten gegangen h\u00e4tte Tom das nat\u00fcrlich mitbekommen. Also ging er direkt in den Flur und anschlie\u00dfend ins gro\u00dfe Esszimmer, um von da aus auf die Auffahrt zu blicken. Es h\u00e4tte ja sein k\u00f6nnen, das Heinrich an dem kleinen Tisch sitzt und eine Zigarette raucht. Doch der kleine Stuhl war unbesetzt. Er musste also oben sein. Der hintere Teil des Flur war, wie es laut Herr Petras Junior unbedingt sein soll, von der Tischlampe leicht beleuchtet. Als Tom stehen blieb, h\u00f6rte er leise und ged\u00e4mpft Musik. Das Arbeitszimmer. Tom hielt vor der T\u00fcr zum Arbeitszimmer und klopfte drei mal stark. Er erwartete nicht, dass er hereingebeten werden w\u00fcrde, also erlaubte Tom sich einzutreten. Heinrich sa\u00df an seinem enormen Schreibtisch. Seiner K\u00f6rperhaltung nach zu urteilen, beugte er sich gerade \u00fcber ein Buch. \"Entschuldigen Sie, Herr Petras?\", sagte Tom, und hoffte, dass er laut genug war. Zur Toms Erleichterung richtete sich Heinrich auf. Drehte sich aber nicht zu ihm um, oder machte Anstalten aufzustehen. Ein \"Mh?\" war alles, was Tom h\u00f6rte. \"Ich wollte mich nur entschuldigen. Wegen dem Teller, der zu Bruch ging. Es war meine Schuld, und es wird nicht wieder vorkommen. Ich war unkonzentriert und wissen Sie, ich... \" Heinrich wedelte leicht mit seiner rechten Hand. Er sagte: \"Ja, ja, alles in Ordnung, alles in Ordnung.\" Ohne ein weiteres Wort beugte er sich wieder \u00fcber sein Buch. Er musste wirklich kurzsichtig sein, seiner K\u00f6rperhaltung nach zu urteilen. \"Gut, ich werde dann wieder in... \" \"Ja, ja, machen Sie das\", sagte Heinrich, dieses Mal \u00fcberraschend laut. Fast schon gehetzt. Tom war schlau genug, um zu kapieren, dass er Herrn Petras st\u00f6rte. Vermutlich las er in irgendwelchen Archivb\u00fcchern, die er sich geliehen hatte, und stand kurz davor, ein weiteres Glied in der Familienkette zu entdecken. Bevor Tom jedoch die T\u00fcr schloss, blickte er sich nochmals um. Eine Schrankt\u00fcr stand offen, was nat\u00fcrlich verst\u00e4ndlich war. Er verwahrte das Buch wahrscheinlich darin. Was Tom nicht verstand, war, dass fast alle Schubladen des Schreibtisches offen standen. Entweder, war Heinrich Petras doch nicht der ordentliche Mann, f\u00fcr den Tom ihn hielt, oder er hat etwas in v\u00f6lliger Eile gesucht, und hatte nicht die Zeit, die Schubladen wieder zu schlie\u00dfen. Oder aber, Tom hatte es mit einem alten, senilen Kerl zu tun, der mit der Zeit seines Lebens immer schussliger wurde.",
            "wordcount": "457",
            "chapter_release": "01.12.2013",
            "chapter_number": "19"
        },
        "2": {
            "text": "2Der Samstagmorgen, oder besser gesagt der Tag danach, verlief wie gewohnt. Erst schlief er wieder ein, als er zum ersten Mal wach wurde, schaltete dann den Fernseher ein und d\u00f6ste noch eine halbe Stunde, und schlie\u00dflich raffte er sich auf, um ohne in den Spiegel zu blicken in die Dusche zu gehen. Das Haaretrocknen war wegen seiner mittellangen Haare eine Qual. Als w\u00fcrden zwei Z\u00fcge gleichzeitig an ihm vorbeirauschen. Nachdem er sich aber die Z\u00e4hne putzte und sich kaltes Wasser ins Gesicht spritzte, f\u00fchlte er sich einigerma\u00dfen wie neugeboren. Auch der Hei\u00dfhunger blieb nicht aus. Wie jeden Samstag gab es frische Br\u00f6tchen. Naja, f\u00fcr Tom waren sie nie wirklich frisch, da er meist bis Mittags schlief. Er ging in die K\u00fcche und schmierte sich drei oder vier, wobei immer eins nicht anger\u00fchrt wurde. Als er gerade mit dem Brett Br\u00f6tchen und einer Tasse schwarzen Kaffee wieder in sein Zimmer wollte, um weiter gem\u00fctlich auszukatern, kam seine Mutter in die K\u00fcche. \"Na, wieder von den Toten auferstanden? War es denn gut?\", fragte sie, und ging in Richtung Wohnzimmer. Fr\u00fcher hatte sie noch den Atemtest gemacht, um seinen Alkohol- und Zigarettenkonsum einzusch\u00e4tzen. Aber ihr wurde das ganze Gehabe vermutlich zu l\u00e4stig. Oder sie behandelte Tom in der Hinsicht ein wenig erwachsener. \"Wie immer. Nichts besonderes\", sagte Tom. \"Wo ist denn Katarina? War sie nicht dabei?\" Tom seufzte. Die Neugier seiner Mutter, was M\u00e4dchen angeht, war kaum auszuhalten. Als Tom Katarina das erste Mal mit nach Hause brachte, durchbohrte sie ihn mit l\u00e4stigen, typischen Mutterfragen. \"Nee, die war auf 'n M\u00e4dchenabend.\" \"Oh, ach so. Hast du schon Pl\u00e4ne f\u00fcr heute Abend? Wir wollten eventuell Essen gehen.\" Ohne zu \u00fcberlegen sagte Tom: \"\u00c4h, Katarina und ich wollten uns ein Film ansehen und vorher asiatisch essen gehen.\" Er nahm schon die erste Treppenstufe nach oben und h\u00f6rte nur noch wie seine Mutter fragte: \"Ihr k\u00f6nnt ja mitkommen!\" Doch sie beide wussten, dass das nur aus Spa\u00df gemeint war. Tom hatte definitiv vor, Katarina zu fragen ob sie nicht endlich mal wieder Zeit h\u00e4tte. Sie sahen sich h\u00f6chstens einmal die Woche, obwohl sie beide Zeit hatten wie Sand am Meer. Er war mehr oder weniger arbeitslos, und sie hatte gerade ihr Abitur. Er nahm sich vor, ihr gegen Nachmittag eine SMS zu schreiben. Vielleicht w\u00fcrde sie ihn ja vorher fragen, wobei das wiederum ziemlich unwahrscheinlich war. Aber so war das eben mit dem Frauen. Gegen Nachmittag lag Tom auf seinem Sofa. Ein Brett mit einem angebissenen Br\u00f6tchen und zwei leeren Wasserflaschen standen auf dem Tisch. Im Fernsehen lief irgend eine amerikanische Teenisendung, von denen es leider viel zu viele im deutschen Fernsehen gab, wie er fand. Die ganzen pubert\u00e4ren Kinder waren immer viel zu schlagartig von den ganzen amerikanischen Jugendglanz beeindruckt. Sie taten alles daf\u00fcr, um genauso makellos und sexy zu sein, wie die Jugendlichen in den Filmen. Und wenn sie dann dachten, dass sie einen gewissen Stand erreicht h\u00e4tten, landeten unz\u00e4hlige Fotos auf Facebook oder auf sonstigen sozialen Netzwerken. Tom h\u00f6rte das Telefon von unten l\u00e4uten. Er warte ein paar Sekunden, da seine Eltern jeden Moment abnehmen m\u00fcssten, doch ihm fiel ein, dass sie Einkaufen gefahren waren. Er raffte sich auf, ging f\u00fcr seine Verh\u00e4ltnisse schnell die Treppe runter und ging zum Telefon. Unbekannte Nummer. Nachdem er sich kurz r\u00e4usperte, mit einem mozart'schen mimimimiii, nahm er ab. \"Hallo, hier ist Tom F\u00fcrst.\" \"Ja, einen sch\u00f6nen, guten Tag. Petras mein Name. Spreche ich da mit... Tom F\u00fcrst?\" Der Mann am anderen Ende der Leitung wirkte ihm zu seri\u00f6s. Hatte er gestern Abend irgendetwas verbrochen? Nein, so voll war er nun auch nicht. Seine Freunde? Nico oder Bastian? Ja, das k\u00f6nnte allerdings sein. Sie reizten oft und gerne ihre Grenzen aus, nur um im Nachhinein damit prahlen zu k\u00f6nnen. \"Ja, genau. Der ist dran. Was kann ich f\u00fcr sie tun?\" Wow, Tom, f\u00fcr deinen Zustand h\u00f6rst du dich echt gut an, dachte er. \"Sie sind zur Zeit arbeitslos. Ich habe... Arbeit f\u00fcr sie. Nur einen Nebenjob. H\u00e4tten sie Interesse?\" Es war sicherlich merkw\u00fcrdig, auf diese Art und Weise an Arbeit zu kommen. Woher wusste dieser Herr Petras \u00fcberhaupt, dass er nichts zu tun hatte? Der Gedanke, endlich aus dem Trott herauszukommen, endlich etwas Geld zu verdienen, und wieder einen Alltag zu haben, gefiel ihm jedoch. \"\u00c4hm... ja, klar. Also, ich bin durchaus an Arbeit interessiert. Nur... worum geht es denn?\" \"Kommen sie Montagabend um 20Uhr einfach zu der Kreuzung Ecke Rosen- Blumenstra\u00dfe\", sagte er knapp und legte auf. Kann ja nicht schaden, dachte Tom, und legte sich wieder aufs Sofa.",
            "wordcount": "804",
            "chapter_release": "01.12.2013",
            "chapter_number": "2"
        },
        "3": {
            "text": "3 Das restliche Wochenende verlief relativ normal. Er verbrachte den Samstag alleine, da Katarina mit ihren Freundinnen shoppen war. Mal wieder. Woher hatten die blo\u00df das ganze Geld? Tom deutete in ihrem SMS Gespr\u00e4ch nur an, dass er sich dar\u00fcber \u00e4rgerte, dass sie schon wieder etwas anderes unternahm. Es war ja jetzt auch nur fast einen Monat her, dass sie sich wirklich gesehen hatten. Okay, am letzten Wochenende haben sie sich gesehen, aber nur auf einer Party. Okay, sie haben auch anschlie\u00dfend miteinander geschlafen, nur war Katarina am darauffolgenden Tag schon wieder weg. F\u00fcr Tom war das kein miteinander Zeit verbringen. Schon so was \u00e4hnliches, aber langfristig gesehen, ist das doch keine Beziehung, oder? Am Sonntag verlie\u00df ihn endlich sein guter alter Freund, der Kater. Zwar verlief der Sonntag nicht gro\u00dfartig anders wie der Tag davor, doch war Tom mehr bei Verstand. Er dachte \u00fcber den Anruf von Herrn Petras nach. Es war immer noch ungew\u00f6hnlich, auf diese Art und Weise an Arbeit zu kommen, doch war es immerhin noch eine Art und Weise, sagte er sich. Ecke Rosen- und Blumenstra\u00dfe... warum gerade da? Es war gar nicht so weit von hier. Nur eine gew\u00f6hnliche Siedlung, wo sich haupts\u00e4chlich alte Ehepaare zur Ruhe setzten; relativ abseits gelegen und ruhig. Da kam ihm der Gedanke. Alte Leute. Alte Leute, die nicht mehr in der Lage waren den Haushalt zu f\u00fchren, ohne dass sie sich gleich in Lebensgefahr begaben. So unsch\u00f6n das auch alles sein mag; Tom sah sich nicht als jemanden, der gut mit dem \u00e4lteren Volk klar kam. Er sollte wahrscheinlich Rasen m\u00e4hen oder das Essen zubereiten. Ihnen die F\u00fc\u00dfe massieren und die Windeln wechseln. Er bekam bei dem Gedanken eine G\u00e4nsehaut. Doch je nach Bezahlung, w\u00fcrde er sich auf so einen Job einlassen, beschloss er. Wenn er Gl\u00fcck hatte, war dieser Herr Petras nur ein Vater einer angehenden Abiturienten, die Nachhilfe in Mathe brauchte. Doch dann viel ihm ein, wie er vor ein paar Jahren einer Realsch\u00fclerin Nachhilfe in Mathe gab, und sie einfach die einfachsten Bruchrechnungen nicht verstand. Weil sie sie nicht verstehen wollte! Er sah sie noch genau vor sich. Frische f\u00fcnfzehn Jahre, das Gesicht vollgeschmiert mit Make-up - viel Spa\u00df damit im Alter, S\u00fc\u00dfe! -, und einen Ausschnitt bis nach China. Und dann dieser Satz. Einen Satz, bei dem ihm sich alle Eingeweide drehten, einen Satz, wo er nicht nur G\u00e4nsehaut bekam, sondern f\u00f6rmlich zu Eis erstarrte. \"Ich muss ja auch kein Mathe k\u00f6nnen, schlie\u00dflich bin ich ein M\u00e4dchen. Hihihi\". Am liebsten h\u00e4tte Tom sich in diesem Moment ein Kissen geschnappt, um sich von dieser Pein zu befreien. Geh erstmal hin, frag den Herrn Petras was er dir anbieten kann, und fertig. Pubert\u00e4ren Kindern Nachhilfe geben, stundenlanges Rasenm\u00e4hen, was auch immer, das alles w\u00e4re immer noch besser, als Zuhause rumzusitzen und nichts zu tun. Gott, wenn seine Eltern ihm diese Einstellung blo\u00df abkaufen w\u00fcrden! Er nahm sich ein Buch, trauriger Weise den zehnten und erstmal letzten Teil, der Das Lied von Eis und Feuer Reihe von George R. R. Martin, und legte sich mit der dritten Tasse schwarzen Kaffee ins Bett.",
            "wordcount": "520",
            "chapter_release": "01.12.2013",
            "chapter_number": "3"
        },
        "4": {
            "text": "4Um halb acht radelte er auf dem alten Damenrad seiner Schwester los. Es war angenehm warm und man merkte, dass der Sommer sich dem Ende zuneigte. Man roch in fast allen Siedlungen den Geruch von gegrilltem Fleisch, und gem\u00e4htem Rasen. Kurz bevor er den vereinbarten Treffpunkt erreichte, fiel im ein, dass es sogar die letzte Kreuzung der Siedlung war. Fuhr man weiter, sah man links und rechts von sich nichts als Getreidefelder. Als Tom ankam, schaute er auf sein Handy. Er war genau p\u00fcnktlich. Wurde dieses Talent, oder was es auch immer war, schon langsam unter den Deutschen weitervererbt? Die Stra\u00dfen waren so gut wie leer. Lediglich ein Trecker kam an ihm vorbeigetuckert. Nach zehn Minuten fragte sich langsam, ob das alles nicht ein schlechter Scherz von seinen Freunden war, die sich \u00fcber seine momentane Situation lustig machten. Das alles ist gar nicht so lustig, Leute! Ich hab' verdammte Zukunfts\u00e4ngste, ihr Pisser!, wollte er ihnen am liebsten ins Gesicht br\u00fcllen. F\u00fcnfzehn Minuten. Er hatte seiner Mutter nur gesagt, er sei mal eben kurz weg. Was f\u00fcr sie vermutlich hie\u00df, dass er sich mal wieder nicht unter Kontrolle hatte, und Zigaretten holen war. Er hatte sich auf jeden Fall unter Kontrolle. Zumindest war er davon voll und ganz \u00fcberzeugt. Er beschr\u00e4nkte das Rauchen nur auf das Wochenende; und das schon seit Jahren! Na ja, seit drei Jahren genauer gesagt. Doch er fing erst mit siebzehn an, und je sp\u00e4ter man anfing, desto leichter fiel einem der Umgang. Tom erblickte einen kleinen Eck-Kiosk auf der anderen Stra\u00dfenseite. Ein oder zwei Zigaretten hast du dir aber verdient, beschloss er. Er ging r\u00fcber. Der Kioskbesitzer, ein Mann mit langen, grauen Haaren, sa\u00df in dem kleinen Raum und schaute auf seinen Laptop eine Serie. \"Hey, ehm... eine Schachtel Pall Mall f\u00fcr f\u00fcnf Euro bitte\", sagte Tom auf seiner h\u00f6flichsten Art und Weise, was so viel bedeutet wie, die Stimmfrequenz um eine handvoll Hertz zu erh\u00f6hen. \"Die Roten?\", fragte der Mann, nachdem er sich aus seinem Klappstuhl gequ\u00e4lt hatte. \"Jep, genau die.\" Tom tastete seine Hosentaschen schnell ab. \"Und ein Feuerzeug, bitte. Eins von den billigsten, die sie haben.\" Er nahm die Zigaretten und das Feuerzeug mit einem Dankesch\u00f6n entgegen, und stellte sich wieder auf die andere Stra\u00dfenseite. Maximal zwei w\u00fcrde er rauchen und dann verschwinden. Er nahm eine Kippe, pustete kurz gegen den Filter, obwohl er immer noch nicht wusste warum - anscheinend ist da irgend ein Zeug dran -, und hielt die kleine Flamme gegen die Spitze. Als er aufsah und den Rauch inhalierte, stand pl\u00f6tzlich ein Mann vor ihm. \"Sch\u00f6nen guten Abend Herr F\u00fcrst\", sagte der Mann, und reichte ihm die Hand. \"\u00c4h... Ja, guten Tag, Herr Petras?\", entgegnete ihm Tom und hoffe, dass er nicht all zu erschrocken wirkte. Bleib cool, es geht ums Gesch\u00e4ft. \"Ganz genau. Wir haben telefoniert. Ich wei\u00df, das mag ihn vielleicht merkw\u00fcrdig vorkommen, das ganze mit dem pl\u00f6tzlichen Anruf, und so weiter, aber ich bin mir sicher, dass ich ihnen weiterhelfen kann.\" \"Weiterhelfen? Sie meinen den Job, richtig?\" Tom klang zum Gl\u00fcck gefasst und selbstsicher. Er war ziemlich verwirrt. H\u00e4tte er ihn nicht zumindest h\u00f6ren m\u00fcssen? Herr Petras war ein Mann mittleren Alters. Die ersten grauen Haare zeigten sich in seiner zersausten Kurzhaarfrisur. Er trug einen Anzug, jedoch einen alten, braunen Tweed-Anzug mit Aufn\u00e4hern an den Ellenbogen. Das machte ihn irgendwie sympathisch. Er wollte seri\u00f6s wirken, jedoch nicht gleich so B\u00e4nker-Schicki-Micki m\u00e4\u00dfig. \"Sehr wohl. Es w\u00e4re mir eine Freude wenn.. \" \"Wieso gerade ich? Woher haben sie meine Nummer und kennen meinen Namen?\" Herr Petras wirkte f\u00fcr einen kurzen Moment verdutzt, doch schon l\u00e4chelte er wieder. \"Es ist sehr verst\u00e4ndlich, dass sie fragen, Herr F\u00fcrst. Ich habe ganz einfach hier bei der \u00f6rtlichen Schule angerufen und denen geschildert, was f\u00fcr eine Art Person ich suche. Und darauf haben.. \" Tom unterbrach in erneut. \"Was f\u00fcr eine Art Person bin ich denn?\" Tom wollte nicht unh\u00f6flich sein. Doch hielt er es von Vorteil, zu zeigen, dass er sich nicht herumschubsen lie\u00dfe. \"Nun ja, man versicherte mir, einer ihrer Lehrer zumindest, dass Sie... mit gewissen Situation umgehen k\u00f6nnen. Sie behalten die Fassung, verstehen Sie?\" \"Ooookay... und von welcher Art Situation reden wir hier?\" \"Das wollte ich Ihnen nun genauer erkl\u00e4ren. Es geht, kurz gesagt, um meinen Vater. Mein Vater ist alt, und er braucht Hilfe. Nicht die Art von Hilfe an die Sie jetzt denken m\u00f6gen, aber.. \" \"Ich soll ihn vermutlich waschen und f\u00fcttern; das denke ich.\" Tom konnte sich das Grinsen nicht verkneifen. Als Herr Petras sein L\u00e4cheln wahrnahm, schien sich die Situation zu entspannen. \"Nein, nein, nicht direkt. Sie sollen... bei ihm sein. Er kommt durchaus alleine zurecht, wissen Sie. Nur gibt es Tage oder besser gesagt Momente, in denen er nicht zurecht kommt. Meine Mutter, Gott, oder wer auch immer, habe sie gn\u00e4dig, ist vor einigen Monaten verstorben. Seit dem hat er sich ver\u00e4ndert. Redet nur noch sehr wenig oder ist einfach bockig\", erkl\u00e4rte er Tom und l\u00e4chelte stets. Tom \u00fcberlegte kurz. \"Also... muss ich in erster Linie nur in seiner N\u00e4he sein? Und falls er... durchdreht, oder was auch immer, muss ich einschreiten und ihn wieder beruhigen? Und wie lange denn \u00fcberhaupt? Sie m\u00fcssen verstehen, trotz Ihrer Erkl\u00e4rung ist das alles hier schon recht merkw\u00fcrdig.\" Herr Petras erl\u00e4uterte ihm die Einzelheiten. Von Arbeitszeiten bis hin zu der Bezahlung. Als ist um die Bezahlung ging, schienen Toms Ohren um das dreifache zu wachsen.",
            "wordcount": "958",
            "chapter_release": "01.12.2013",
            "chapter_number": "4"
        },
        "5": {
            "text": "5Tom w\u00fcrde sich selbst nicht als geldgierig bezeichnen. Er hielt sich f\u00fcr jemanden, der mit weniger materiellem Besitz auskam. Er war mit F\u00fcnfzig-Cent-halbe-Liter-Bier vollkommen zufrieden - da schmeckt das teure Markenbier doch eh viel besser, wenn man es denn mal trinkt -, beschr\u00e4nkte seine Kleidung auf alte Jeans, Band T-Shirts - nat\u00fcrlich auch Hemden oder etwas feineres f\u00fcr diverse Familienfeiern -, und l\u00f6chrige Schuhe, die erst weggeschmissen werden, wenn sie ihre Funktion als Schuhe nicht mehr erf\u00fcllen k\u00f6nnen. Als er aber von dem Stundenlohn h\u00f6rte, der ihm von Herrn Petras angeboten wurde, sah er einen alten, mindestens zehn Jahre alten Gebrauchtwagen, vollgestopft mit Tom Waits CD's und \u00fcbervollen Aschenbecher. Selbst das Gel\u00e4chter und die dummen Spr\u00fcche schossen ihm schon durch den Kopf. Was f\u00fcr 'ne alte Ranzkarre das denn sei, und dass sie ja so perfekt zu ihm passen w\u00fcrde. Doch Tom mochte genau solche Autos. Solange er von A nach B kam, und er nicht viel Geld in Reparatur investieren m\u00fcsste, war ihm sogar das Modell total egal. Nat\u00fcrlich w\u00e4re so ein amerikanischer Wagen mehr als ideal. Die, die man in den alten Filmen immer sah. Worauf er sich ebenfalls freute war, dass er endlich mehr Zeit mit Katarina verbringen konnte, die leider mehr als zwanzig Kilometer entfernt wohnte. Nat\u00fcrlich gab es \u00f6ffentliche Verkehrsmittel, aber Katarina war was Zeiten angeht mehr als unflexibel, da sie oft spontan arbeiten musste. Ein Auto w\u00fcrde alles \u00e4ndern. Er k\u00f6nnte sie spontan besuchen, mit ihr \u00f6fters spontan ins Kino fahren, oder sie k\u00f6nnten sogar spontane Roadtrips unternehmen. Einfach spontan und flexibel sein, mehr w\u00fcnschte sich Tom zur Zeit nicht; abgesehen von einer sicheren Zukunft nat\u00fcrlich. Nachdem Herr Petras mit den Gesch\u00e4ftsbedingungen durch war, sagte er: \"Wenn Sie noch etwas Zeit haben, k\u00f6nnte ich Ihnen meinen Vater vorstellen.\" Dieses Angebot kam ein wenig pl\u00f6tzlich, dachte Tom. Es war zwar erst kurz nach neun, wie er nach einem kurzen Blick feststellte, doch h\u00e4tte er eher erwartet, dass Herr Petras ihn zumindest zu einer anderen Zeit einl\u00e4dt. Trotz des ungew\u00f6hnlichen Angebots, f\u00fchlte sich Tom wohl in Herr Petras' Gegenwart. Das stetige L\u00e4cheln, das bodenst\u00e4ndige, nicht zu seri\u00f6se Auftreten; er war einfach jemand, der Hilfe f\u00fcr seinen Vater suchte. \"Klar, warum nicht? Wo wohnt ihr Vater denn? Und ist es nicht ein wenig zu sp\u00e4t? Also... nicht, dass ich denke.. \" \"Selbstverst\u00e4ndlich denken Sie das. Viele \u00e4ltere Leute schlafen wohlm\u00f6glich schon l\u00e4ngst, und sind morgens um 6 wieder auf den Beinen. Doch mein Vater hat einen anderen Rhythmus. Nicht den ges\u00fcndesten, aber immerhin hat er einen Rhythmus, oder?\" Sein Grinsen breitete sich \u00fcber das ganze Gesicht aus. \"Fahren sie einfach hier die Stra\u00dfe entlang aus der Stadt raus, und anschlie\u00dfend auf die erste Auffahrt der rechten Seite. Da m\u00fcsste auch ein Steinklotz mit eingravierten Namen stehen, wenn er nicht zugewuchert wurde. Sie m\u00fcssten in f\u00fcnfzehn Minuten da sein. Ich komme dann nach.\" \"\u00c4h... Okay, machen wir das so. Dann bis gleich, w\u00fcrde ich sagen.\" Tom wollte ihm die Hand geben, zog sie aber direkt wieder zur\u00fcck. Sie w\u00fcrden sich ja gleich eh noch sehen. Herr Petras stolzierte in die entgegen gesetzte Richtung, w\u00e4hrend Tom auf sein Fahrrad stieg. Er \u00fcberlegte kurz, ob er seiner Mutter nicht noch eben eine SMS schreiben sollte, dachte dann aber, dass es ja nicht allzu lange dauern w\u00fcrde. Ein kurzes Hallo, ein H\u00e4ndedruck, hier und da, und schon w\u00e4re er wieder weg. Nervosit\u00e4t machte sich pl\u00f6tzlich ihn ihm breit. Bilder und Szenarien schossen ihm durch den Kopf. Wie Herr Petras die Treppe runter st\u00fcrzte oder an seinem Essen erstickte, und Tom f\u00fcr alles verantwortlich gemacht wurde. Es geht hier immerhin um einen Menschen, und nicht um irgendwelche Zeitungen, die er austragen musste. Konnte er mit so einer Verantwortung umgehen? Gott, du bist einundzwanzig. Es gibt Zw\u00f6lfj\u00e4hrige, die schon erwachsener sind als du, und f\u00fcr drei Generationen sorgten. Rei\u00df dich zusammen. Es wird alles hinhauen. Du wirst verdammt gutes Geld verdienen und dir ein Auto kaufen, mit Katarina wird alles wieder gut. Du wirst eine Ausbildung finden, ausziehen und dein eigenes Leben f\u00fchren. So. Jetzt z\u00fcnd dir 'ne Kippe an und fahr zu dem Grundst\u00fcck. Ach, er liebte es, wenn sein Unterbewusstsein, oder was auch immer es war, mit ihm kommunizierte.",
            "wordcount": "726",
            "chapter_release": "01.12.2013",
            "chapter_number": "5"
        },
        "6": {
            "text": "6Die Auffahrt war lediglich an den beschrifteten Marmorstein zu erkennen. Die schon fast v\u00f6llig \u00fcberwucherten Pflastersteine erweckten eher den Eindruck einer kaum benutzten Nebenstra\u00dfe. B\u00e4ume, die an beiden Seiten aufragten, verwehrten das Sonnenlicht jegliches Eindringen. Als Tom in die Auffahrt einbog, schienen die Ger\u00e4usche der Stra\u00dfe pl\u00f6tzlich kilometerweit weg. Nicht einmal Vogelgezwitscher war zu h\u00f6ren. Er fuhr mehr als f\u00fcnf Minuten, und als er schon dachte, doch nur auf einer weiteren Stra\u00dfe zu sein, machte der Weg einen starken Linksbogen. Mit quietschenden Reifen hielt Tom an, und betrachtete in Ruhe das Haus. Fast die komplette Fassade war von Ranken bewuchert. Na toll, Ungeziefer. Drei Stockwerke war es hoch. Alte, graue Ziegel schm\u00fcckten das Dach. Es sah aus wie ein typisches Rentnerhaus. Die Fenster, allein drei in einer Reihe auf einer Seite, pro Stockwerk, waren weitestgehend dunkel. Da kein Licht auf die Fenster fiel, konnte Tom nicht genau erkennen, in welchem Zustand die Fenster waren. Dem Anschein nach w\u00fcrden auch sie verstaubt sein, so wie der kleine Gartentisch, der vor der Eingangst\u00fcr stand, auf dem ein leerer Aschenbecher stand. Was sich hinter dem Haus befand, oder wie gro\u00df die Gesamtfl\u00e4che letztendlich war, konnte Tom nicht sehen, da auch hier alles von B\u00e4umen umringt wurde. Ein enger Gartenweg f\u00fchrte am Haus vorbei, doch es w\u00e4re mehr als unh\u00f6flich sich einfach das Grundst\u00fcck alleine anzusehen. Er w\u00fcrde vor der Eingangst\u00fcr warten. F\u00fcr einen Moment dachte er dar\u00fcber nach, sich an den Gartentisch zu setzen und eine zu rauchen. Doch er wollte keinen schlechten Eindruck machen. Du k\u00f6nntest aber auch einfach wieder ein St\u00fcck die Auffahrt entlang fahren und dir da eine Kippe anstecken, dachte er. Wer wei\u00df wie lange Herr Petras noch braucht? Nicht allzu lange vermutete er. Es m\u00fcsste Herrn Petras doch unangenehm sein, jemanden um diese Zeit noch warten zu lassen. Tom beschloss, vor der T\u00fcr zu warten. Nach kurzer Zeit merkte er, wie frisch es tats\u00e4chlich war. Klar, er trug ja nur ein T-Shirt und die Sonne, die sowieso von den B\u00e4umen verdeckt wurden, ging langsam unter. Mit den H\u00e4nden in der Tasche stolzierte er im Kreis. Was Katarina wohl gerade macht? Er z\u00fcckte sein Handy hervor. Keine Nachrichten, aber auch kein Empfang. Na klasse. Ein Arbeitsplatz, der quasi von der Au\u00dfenwelt abgeschottet ist. Schlimm, wie abh\u00e4ngig er vom mobilen Internetzugang schon war. Er hatte erst seit kurzem eine Internetflat, kam auch lange ohne solchen Luxus zurecht, doch seitdem er immer und \u00fcberall Facebook oder Spiegel-Online checken konnte, machte es pl\u00f6tzlich schon einen Unterschied, wenn man keinen Zugang mehr hatte. Aber was sollte er schon verpassen? Irgendwer ist irgendwo mit irgendwen gerade essen. Irgendein entfernter Bekannter, mit dem er sich vielleicht einmal kurz auf einer Party unterhalten hatte, oder der nur der Freund eines Freundes war, \u00e4nderte gerade seinen Beziehungsstatus oder teilte der Onlinewelt mit, wie schlecht es ihm doch mit seiner Erk\u00e4ltung gehe. Zehn Minuten wartete er bereits. Wenn er nicht kommt, gehst du einfach. Du bist ja anscheinend der Richtige f\u00fcr diesen Job, also wird er sich wohl wieder melden. Vermutlich ist ihm nur was dazwischen gekommen. Irgendwelche Kurse sind gest\u00fcrzt oder seine Frau sucht vergeblich die Fernbedienung, dachte sich Tom. Weitere f\u00fcnf Minuten, die ihm wie die Ewigkeit vorkamen, verstrichen. Ihm kam der Gedanke, dass Herr Petras schon l\u00e4ngst im Haus bei seinem Vater sei und ganz einfach auf ein Klingeln wartete. Doch er kannte doch die Entfernung von ihrem Treffpunkt bis zu dem Haus. Er h\u00e4tte schon lange mit Tom gerechnet und sich gemeldet, oder zumindest mal nach drau\u00dfen geblickt, um sich zu vergewissern, ob er nicht, wie es gerade der Fall war, vor der T\u00fcr wartete. Tom musterte erneut das Haus. Es war inzwischen schon so gut wie dunkel. Das Geb\u00e4ude wirkte Grau. Es wirkte nicht nur grau, sondern auch verlassen. Tom war sich sicher, dass er richtig war, immerhin lag der Marmorstein an der Stra\u00dfe, genau so, wie Herr Petras es beschrieben hatte. War \u00fcberhaupt der richtige Name eingraviert? Er hatte sich nicht vergewissert. Das Einzige, wonach er Ausschau gehalten hatte, war dieser Stein. Und es gab sicherlich mehrere Leute auf diesen Planeten, die sich einen Marmorstein an die Auffahrt stellten, wobei ein Briefkasten, zumindest f\u00fcr den Postboten, sinnvoller w\u00e4re. Ach, was soll's, dachte Tom. Eine Kippe, und du f\u00e4hrst einfach. Nachdem er sich eine ansteckte, f\u00fchrte er sein Gewatschel \u00fcber den Hof fort und kickte einen Stein. Irgendein Freund von ihm behauptete mal, dass bei fast allen M\u00e4nnern das Hirn aussetzte, wenn sie einen Stein, oder etwas \u00e4hnliches vor sich sahen, und es einfach wegtraten. Die Zigarette war so gut wie aufgeraucht. Nicht die letzten beiden Z\u00fcge, Freundchen, da steckt der Krebs drin, das wei\u00df wirklich jeder! Er inhalierte einmal stark und trat den Stein, aus Entt\u00e4uschung \u00fcber die ganze Situation, in der er steckte, gegen das Haus. Pl\u00f6tzlich ert\u00f6nte ein stumpfer Laut. Tom erschrak so sehr, zu seiner eigenen \u00dcberraschung, dass er sich an dem Rauch verschluckte. Er hustete und Tr\u00e4nen traten ihm in die Augen. Was hatte er blo\u00df getroffen? Er m\u00fcsste nur die Wand erwischt haben und so h\u00f6rte sich definitiv nicht der Laut an, der entstand, wenn ein kleiner Stein gegen eine Hauswand prallt. Er versuchte den kleinen Klotz in der Dunkelheit auszumachen. Vielleicht stand da eine M\u00fclltonne, die er \u00fcbersehen hatte? Oder er war ein so schlechter Kicker, dass der Stein in eine v\u00f6llig andere Richtung flog? Tom rieb sich mit beiden H\u00e4nden die Augen und ging ein Schritt auf die Hauswand zu. Er \u00f6ffnete wieder die Augen und ... jemand stand am Fenster, direkt ein, zwei Meter vor ihm. Er trat unwillk\u00fcrlich ein Schritt zur\u00fcck, wollte etwas sagen, doch ihm fehlten die Worte. War da \u00fcberhaupt jemand, oder war das nur ein Spiel der Schatten? Er hat nur Umrisse gesehen. Das Fenster war vollkommen dunkel. Es war unm\u00f6glich, dass er \u00fcberhaupt irgendetwas dahinter sehen konnte. Was, wenn sich das Mondlicht f\u00fcr einen kurzen Augenblick den Weg durch die Baumkronen gebahnt hatte? W\u00e4re es dann nicht ... pl\u00f6tzlich erhellte der gesamte Hof. Tom war so durcheinander, dass er die Autoger\u00e4usche gar nicht bemerkt hatte. Herr Petras stieg aus dem Auto. \"Entschuldigen Sie ... Ich war verhindert ... Ich ...\" Auch wenn das Licht des Wagens aus, und es so dunkel war wie zuvor, konnte Tom sehen, wie blass Herr Petras war. Er konnte es sp\u00fcren. Seine Angespanntheit. Er wollte fragen, was passiert, warum er so sp\u00e4t war, was das denn hier alles soll. Doch er schwieg. Herr Petras atmete tief durch. \"Es tut mir au\u00dferordentlich Leid, Herr F\u00fcrst. Sie haben vermutlich jetzt einen schlechten Eindruck, doch ich vergewissere Ihnen, dass wir alles hinbekommen. Kommen Sie doch bitte morgen Nachmittag wieder. Der Weg war ja nicht allzu kompliziert, oder? Nat\u00fcrlich nicht. Also, bis morgen und eine angenehme Nacht!\" Herr Petras verschwand, ehe Tom etwas sagen konnte. Er ging nicht durch die Vordert\u00fcr, sondern den schmalen Weg entlang. Tom war durcheinander. Er wollte einfach nur noch nach Hause und den Abend hier vergessen. Er nahm erneut eine Zigarette aus der Schachtel, komm blo\u00df deinen Eltern gleich nicht zu nah, dachte er sich, und stieg auf sein Fahrrad. Bevor er los fuhr, warf noch einen letzten Blick auf das Haus. Morgen sieht bestimmt alles freundlich aus. Der Schuppen hier k\u00f6nnte deutlich mehr Liebe vertragen.",
            "wordcount": "1.229",
            "chapter_release": "01.12.2013",
            "chapter_number": "6"
        },
        "7": {
            "text": "7 \"Und du bist sicher, dass das was f\u00fcr dich ist?\", fragte Toms Mutter mit dem typischen - Ich zweifele voll und ganz an dir, aber du hast meine volle Unterst\u00fctzung -, Blick. \"Du wei\u00dft, du hast meine volle Unterst\u00fctzung, was das angeht. Aber... \" - Tom h\u00e4tte zeitgleich mitreden k\u00f6nnen -, \"... ich m\u00f6chte nicht, dass du Dinge machst, nur um uns etwas zu beweisen, obwohl du daran kein Spa\u00df hast. Denn das steht immer noch ganz oben auf der Priorit\u00e4tenliste.\" Der Subtext lautete in etwa: Gott sei dank, gehe endlich arbeiten sonst wird aus dir nie etwas. \"Ja, ich wei\u00df Mama. Wenn mir der Herr Petras, ob Junior oder Senior, irgendwie krumm kommt, breche ich einfach ab. Bin ja an keinen Arbeitsvertrag, oder so, gekuppelt.\" Toms Mutter widmete sich wieder ganz ihrem Solit\u00e4rspiel. Es war bereits Nachmittag. Der bisherige Tag verlief wie gewohnt. Gegen Neun Uhr aufstehen und duschen um wach zu werden. Ohne Dusche war dies quasi unm\u00f6glich; vom Kaffee mal ganz abzusehen. Mit ein paar Broten und einem Buch, legte er sich dann f\u00fcr eine Stunde ins Bett. Darauf folgte das obligatorische, fast schon essentielle Websiten absurfen. Vielleicht widmete er sich auch mal seiner alten Gitarre, um die Blues-Tonleiter nicht zu vergessen. Aber im groben wiederholten sich diese Schritte, und das von Tag zu Tag. Der Nachmittag raste dahin, und der Abend, somit auch das hoffentlich erfolgreiche Treffen mit Herrn Petras, r\u00fcckte n\u00e4her. Von Katarina hatte er noch nichts geh\u00f6rt. Am letzten Abend hatten sie vor dem Schlafen wie gewohnt Kontakt. Also, SMS ausgetauscht. Man telefonierte ja nicht mehr. Toms Generation war die ungef\u00e4hr die erste, die die Kommunikation voll und ganz auf das SMS schreiben beschr\u00e4nkte. Selbst mit den eigenen Eltern, oder auch eben mit der eigenen, festen Freundin. Fr\u00fcher hatte man sich noch besucht, um die Geschehnisse der letzten Party Revue passieren zu lassen; ein kurzes Telefonat, nur f\u00fcr den \u00fcblichen Smalltalk, das \u00fcbliche: Alter, was war da gestern mit dir los? Wenn heutzutage etwas erw\u00e4hnenswertes auf Partys oder sonst so passierte, muss man nur hin und wieder Facebook aktualisieren. Da traf man dann auf Beitr\u00e4ge wie: Alter, wo ist meine Hose? Alter, wo war ich gestern? Oder auch Klassiker wie: Wei\u00df jemand wie ich nach Hause gekommen bin? Etliche Kommentare wie lol oder \u00fcbertrieben h\u00e4ufige Lachsmileys waren daraufhin Indikatoren des Unterhaltungswertes. Ja, ja, die Kommunikation. So war es eben auch bei Tom und Katarina. \u00dcblicher Smalltalk \u00fcber den erlebten Tag, Witze, die man schon x mal gerissen hatte, und Liebesspielereinen und Andeutungen, die sich nur leider auf die ersten Wochen einer Beziehung beschr\u00e4nkten. Mittlerweile w\u00fcnschten Tom und Katarina sich gar nicht mehr eine gute Nacht; nicht einmal ein Ich liebe dich fiel. Einer von beiden schlief einfach ein. Meistens nat\u00fcrlich Katarina. Aber Tom tolerierte das. Dummerweise. Er wollte schon seit Wochen mal, gemeinsam und pers\u00f6nlich mit Katarina, den so called Beziehungsstatus abrufen. Er wollte sie direkt fragen, was ihr nicht gefiel, was sie sich w\u00fcnschen w\u00fcrde, und wie sie selbst das ganze Tohuwabohu sah. Jedoch sah Tom dieses Szenario direkt vor sich. Sie w\u00fcrde den Blick abwenden, l\u00e4cheln und alles verneinen, was Tom kritisierte, ihm sagen, dass alles gut sei, und nat\u00fcrlich, was auch sonst, dass sie einfach noch mehr Zeit br\u00e4uchten. Bl\u00f6derweise war Tom nur nicht so mutig. Noch eine halbe Stunde, und Tom w\u00fcrde sich auf sein Fahrrad setzen, und zu dem Haus von Herrn Petras fahren. Er versicherte sich alle f\u00fcnf Minuten, wie es um den Himmel stand. Er war klar. Das Haus w\u00fcrde nicht im Schatten getaucht vor ihm aufragen. Er wird durch die Fenster sehen k\u00f6nnen. Und er wird seinen k\u00fcnftigen Arbeitgeber/Kunden kennenlernen. Ja, das wird er.",
            "wordcount": "622",
            "chapter_release": "01.12.2013",
            "chapter_number": "7"
        },
        "8": {
            "text": "8 Herr Petras stand kerzengerade vor der Haust\u00fcr, um Tom zu empfangen. Er begr\u00fc\u00dfte ihn mit dem \u00fcblichen, zu h\u00f6flichen Smalltalk. Anschlie\u00dfend \u00f6ffnete er die T\u00fcr, und als sie eintraten, wurde Tom, v\u00f6llig unerwartet, nerv\u00f6s. Eine v\u00f6llig fremde Angespanntheit legte sich \u00fcber ihn. Seine Schultern waren hochgezogen, und als er die T\u00fcrklinke fassen wollte, um die T\u00fcr zu schlie\u00dfen, stellte er fest, wie sehr seine Finger zitterten. Er vergrub seine H\u00e4nde schleunigst in den Hosentaschen, die ein paar Augenblicke sp\u00e4ter anfingen zu schwitzen. Also nahm er sie wieder raus, und klopfte stetig auf seinen Oberschenkeln herum und summte dazu irgend einen Rhythmus, um gelassen und cool zu wirken. Die Einrichtung des Haus \u00fcberraschte ihn jedoch kaum. Alte Marmorfliesen bildeten den Fu\u00dfboden. In dem langen Flur hin auf der rechten Seite ein gro\u00dfer, edel umrahmter Spiegel. Direkt darunter, wie konnte es anders sein, stand eine Holzkommode, auf der exotische Dekorationen standen. Vermutlich ist der alte Herr Petras viel in seiner Vergangenheit verreist. Eine weite, breite Treppe f\u00fchrte zum oberen Stockwerk. Die Treppenwand war mit unz\u00e4hligen Fotos beschm\u00fcckt. Schwarz, wei\u00dfe, als auch Farbfotos. Tom konnte jedoch nichts genaueres erkennen. Es waren wahrscheinlich die \u00fcblichen Familien- und Urlaubsfotos. Nat\u00fcrlich nur die Besten der Besten, es w\u00e4ren bestimmt noch etliche Fotos in verschiedenen Familienalben. Was Tom aber ungew\u00f6hnlich fand, war die pl\u00f6tzliche Stille, die er erst wahrnahm, nachdem sie beide eingetreten waren, und f\u00fcr zwei oder drei Sekunden niemand etwas sagte. Tom drehte sich reflexartig zu der T\u00fcr um, als w\u00fcrde er eine Panzert\u00fcr erwarten, die die pl\u00f6tzliche Stille erkl\u00e4rte. Doch es war nur eine \u00fcbliche T\u00fcr. Eine h\u00fcbsche und teure T\u00fcr, aber gew\u00f6hnlich. Relativ, versteht sich. \"So, da w\u00e4ren wir also. Kommen Sie doch bitte mit. Bitte verhalten Sie sich f\u00fcrs Erste ruhig. Ich werde ihnen meinen Vater vorstellen, anschlie\u00dfend sagen Sie kurz und knapp etwas \u00fcber sich, und dann zeige ich Ihnen das Haus. Einverstanden?\" Herr Petras Juniors gewohntes L\u00e4cheln schien dieses Mal doch etwas angespannt zu wirken. Tom kam unwillk\u00fcrlich ein Gedanke. Er w\u00fcrde sich h\u00f6flich vorstellen, sich von seiner besten Seite zeigen, als w\u00e4re Herr Petras Senior der Papst pers\u00f6nlich. Darauf w\u00fcrde eine kurze Pause folgen, und Herr Petras Senior w\u00fcrde ihn mit Ach und Krach aus dem Haus schmei\u00dfen, seinen Sohn als Versager abstempeln, und - Toms Fantasie musste nat\u00fcrlich auch das zeigen -, seine vorher pr\u00e4parierte Schrotflinte z\u00fccken. Tom nickte nur, merkte wie steif sein Nacken war. Doch es kam anders.",
            "wordcount": "409",
            "chapter_release": "01.12.2013",
            "chapter_number": "8"
        },
        "9": {
            "text": "9 Sie durchquerten die T\u00fcr am Ende des Flurs und betraten das Wohnzimmer. Gem\u00e4lde hingen an den W\u00e4nden. Zwei schwarze Ledersofas standen zu den Seiten und dazwischen stand ein schwerer Tisch, lediglich bedeckt mit einer Vase. Ein alter R\u00f6hrenfernseher befand sich am einen Ende des Tisches und direkt daneben f\u00fcllte ein gro\u00dfer, dunkler Schrank, voll mit Porzellan den Rest der Wand. Am anderen Ende des Tisches stand, nat\u00fcrlich passend zu der sonstigen Einrichtung, ein schwarzer Ledersessel. Zu Toms Rechten befand sich eine weitere T\u00fcr. Die zwei Fenster auf Toms gegen\u00fcberliegender Seite waren geschlossen, und dunkle Vorh\u00e4nge lie\u00dfen den gesamten Raum im dunkeln. \"Oh\", sagte Herr Petras, \"ich h\u00e4tte jetzt erwartet, meinen Vater hier anzutreffen. Er ist vermutlich oben in seinem Arbeitszimmer. Ich ... werde nachsehen, und ihn holen. Setzen Sie sich doch bitte.\" Ohne, dass Tom noch etwas erwidern konnte, verschwand Herr Petras zur\u00fcck in den Flur und schloss behutsam die T\u00fcr hinter sich, als w\u00fcrde jeglicher L\u00e4rm einen Alarm ausl\u00f6sen. Tom h\u00f6rte ihn noch nicht einmal die Treppe hochgehen. Tom setzte sich auf einen der Sofas und versuchte sich zu entspannen. Die Stille bereitete ihm Unbehagen. Die ganze Situation bereitete ihm kein gutes Gef\u00fchl. Irgendwie schien ihm der Gedanke, dass er einen wildfremden Menschen in der n\u00e4chsten Zeit mehr auf den Keks gehen w\u00fcrde, als ihn zu unterst\u00fctzen, total schwachsinnig. Er \u00fcberlegte f\u00fcr einen Moment, ob er nicht einfach aufstehen und gehen sollte. Sollte sich Herr Petras doch einen anderen Knecht suchen... Doch der Gedanke an das Geld hielt ihn auf dem Sofa. Tom nutzte die Gelegenheit, um sich ein Bild von dem alten Herrn zu machen. Die Gem\u00e4lde sagten jedoch kaum etwas aus. Es waren typische Landschaftsportais. Hier mit einer alten M\u00fchle, da ein einfacher Waldbach. Das ganze Porzellan war normales Porzellan. Okay, welche Junge in seinem Alter kannte sich schon mit Porzellan aus? Vielleicht war es hunderte von Euros wert, vielleicht gab es das aber mal als Angebot bei einem Billigdiscounter. Der R\u00f6hrenfernseher. Entweder war Herr Petras in der Hinsicht eine Art Nostalgiker, oder war sich gar nicht bewusst, dass es weitaus bessere, und auch Strom sparende Flatscreens gab. Tom stellte sich einen Moment vor, wie er Herrn Petras darauf hinweisen w\u00fcrde, dass er sich doch einen Flaaaatscreen bei Eeeeebay ersteigern k\u00f6nnte. Aber was k\u00fcmmerte ihn das eigentlich? Kein einziger Einrichtungsgegenstand schien etwas \u00fcber die Pers\u00f6nlichkeit des Bewohners zu sagen. Was soll's dachte Tom. Selbst wenn Herr Petras ein alter, zickiger Greis war, der bei jeder Gelegenheit versuchte der ach so hoffnungslosen Jugend etwas beizubringen, \u00e4nderte das gar nichts an dem Verdienst, oder? Tom zuckte zusammen, als sich die T\u00fcr pl\u00f6tzlich \u00f6ffnete, und Herr Petras Junior eintrat. Entweder d\u00e4mmten die T\u00fcren s\u00e4mtliche Ger\u00e4usche ab, oder er bewegte sich wirklich behutsam durchs Haus. Herr Petras l\u00e4chelte Tom an und setzte sich mit einen \u00fcbertriebenen Seufzer. \"Sooooo...\", sagte er, \"mein Vater kommt sofort.\" Und tats\u00e4chlich. Ein alter Mann, mit l\u00e4nglichen, nach hinten gek\u00e4mmten Haaren und kleinen Bierbauch stand auf einmal in der T\u00fcr. Das Hemd in der Hose, wie es sich geh\u00f6rte, einen Gehstock an der Seite. Er steuerte direkt auf den Sessel zu, ohne Tom anzuschauen. Sah er mich eigentlich?, fragte sich Tom in dem Moment. Herr Petras setzte sich, seufzte aber nicht. Dann begann die Vorstellung.",
            "wordcount": "561",
            "chapter_release": "01.12.2013",
            "chapter_number": "9"
        }
    },
    "title": "Der Altenpfleger",
    "topic": "unspecified",
    "release": "\n01.12.2013\n\t\t\t\t\t\t",
    "author": "JenniRo"
}