{
    "tags": [],
    "chapcount": "1",
    "wordcount": "10.094",
    "chapters": {
        "1": {
            "text": "Hallo, dies ist eine etwas \u00e4ltere Geschichte von mir und der Versuche, im Horrorgenre mal was zu schreiben. Urspr\u00fcnglich sollte es eine Geschichtenreihe werden. Mal sehen, vielleicht irgendwann mal. --------------------------------Schaudernd stand der junge Polizist vor dem Bett und konnte nur mit M\u00fche die Welle der \u00dcbelkeit bek\u00e4mpfen, die \u00fcber ihn hereinschlug. So etwas grausames hatte er noch nie gesehen. Auch die anderen Anwesenden wirkten sichtlich angeekelt. Der Grund des n\u00e4chtlichen Auflaufs lag dem Bett, um das sich alle scharrten. Ein junger Mann, nur mit einer Unterhose bekleidet, lag auf den weichen Laken. Arme und Beine hatte er von sich gestreckt. Fast schon grotesk lag er auf dem R\u00fccken, den Kopf tief in die Kissen gegraben. Sein Nacken war \u00fcberstreckt. Die Augen standen weit offen und starrten ins \u0001 \u0002 dem weit aufgerissenem Mund quoll eine blaue Zunge und sein Gesicht war zu einer bizarren Maske verzerrt. An seinem Hals waren deutlich die blauen Handabdr\u00fccke zu erkennen. \u201eEindeutig erw\u00fcrgt.\u201c H\u00f6rte der junge Polizist aus einem Nebel der \u00dcbelkeit heraus. Das ist ja auch nicht schwer zu erraten, dachte er mit bitterem Blick auf die Leiche. Und er wusste, was nun kam. Wie er das hasste. Angeh\u00f6rigen zu sagen, dass ein von ihnen geliebter Mensch ermordet wurde, geh\u00f6rte nicht zu seinen Lieblingsaufgaben. Doch sein Partner McTavish hatte schon fast perverse Freude daran, O\u00b4Melleay den Todesboten spielen zu lassen. Nur mit zaudern dachte er an den Spitznamen, den man ihm auf dem Revier gegeben hatte. Todesengel wurde er genannt, da er trotz seiner kurzen Zugeh\u00f6rigkeit schon mehr Morde erlebt hatte, als so mancher alter Hase. Aber jetzt war keine Zeit f\u00fcr dumme Gedanken. Hier war ein Mord geschehen und es galt herauszufinden, wer das getan \u0001 \u0002 lange stand Sean O\u00b4Melleay an dem Bett und starrte auf die Stelle, wo noch vor kurzem der K\u00f6rper des jungen Mannes lag. Nerv\u00f6s knetete er sein Kinn durch, denn irgendetwas gefiel ihm an diesem Fall nicht. John Toger war ein junger, kr\u00e4ftiger Mann gewesen, der mit Mitte 20 in der Bl\u00fcte seiner Jahre gestanden hatte. Mit fast 2 Metern K\u00f6rpergr\u00f6\u00dfe war er nicht gerade klein und sein sehniger und muskul\u00f6ser K\u00f6rper verrieten, dass er nicht der Typ war, der sich ohne Gegenwehr erw\u00fcrgen lie\u00df. Und doch hatte man weder Abwehr- noch Kampfspuren entdeckt. Es war fast, als sei er im Schlaf \u00fcberrascht worden. Aber das w\u00e4re eigentlich nur m\u00f6glich gewesen, wenn er v\u00f6llig stoned gewesen w\u00e4re, da die T\u00fcr beim \u00f6ffnen so derbe knarzte, dass man selbst Tote damit wecken konnte. Vielleicht hatte er ja wirklich Drogen genommen, dieser Gedanke war Sean als erstes durch den Kopf geschossen, doch die Analyse hatte nur ergeben, dass er sowohl n\u00fcchtern, als auch frei von jeglichen Medikamenten oder Opiaten war. Also fielen diese 3 M\u00f6glichkeiten schonmal \u0001 \u0002 war geschehen? O\u00b4Melleay tappte v\u00f6llig im Dunkeln. Wahrscheinlich wieder so ein Cold Case, dachte er verbittert. Immer noch in Gedanken versunken schlich er um das Bett und ging dann aus dem Zimmer. Kurz vor verlassen des Raumes durchzuckte ihn einen kalte Welle, fast wie ein Blitz. Nerv\u00f6s drehte er sich noch einmal um, aber da war nichts...Darbendy Castle, so nannte man jenes Anwesen, dass irgendwo au\u00dferhalb der Stadt Darbney lag. Wie so viele andere alte Schl\u00f6sser in Schottland, war dieses als Geisterschloss bekannt und gef\u00fcrchtet. Wann genau es gebaut wurde, wusste man nicht, aber es war bekannt, dass es schon im 12. Jahrhundert schriftlich erw\u00e4hnt wurde. Ebenso bekannt und protokolliert war, dass in diesem Schloss unz\u00e4hlige Menschen gefoltert wurden. Wie viele unter grausamen Umst\u00e4nden in den Kellergew\u00f6lben des Schlosses gestorben waren, vermochte niemand wirklich zu sagen. Seit Jahrzehnten gingen Ger\u00fcchte um, in und um das Schloss w\u00fcrde es spuken. Deswegen war es auch lange Zeit unbewohnt. Erst vor 4 Jahren hatte es einen neuen Besitzer gefunden, der es zu seinem Hotel umgebaut hatte. Seitdem gingen hier Leute ein und aus, die versessen darauf waren, den Spuk zu erleben. Sean stand vor dem Haupteingang des wuchtigen Hauptgeb\u00e4udes und blickte an der massiven grauen Steinmauer hoch. Ihm war dieses Schloss mit seinen vielen T\u00fcrmern und Erkern, den riesigen Kellergew\u00f6lben und der bedrohlichen Atmosph\u00e4re schon immer unheimlich gewesen. Kein Wunder, dass alle Welt denkt, hier spukt es, schoss es ihm durch den \u0001 \u0002 dem Revier war die H\u00f6lle los. Ein Mord in so einer ruhigen Stadt war schon etwas ungew\u00f6hnliches, aber noch dazu ein Fremder und das in einem Spukschloss, so etwas sorgte f\u00fcr Aufruhr. O\u00b4Melleay schaffte es kaum, sich zwischen den Schaulustigen und Journalisten hindurch zu quetschen und er bemerkte, dass sein Captain alle M\u00fche damit hatte, die aufrdinglichen Neugierigen in der Presseerkl\u00e4rung abzuwimmeln. Drinnen war es nicht besser. \u00dcberall standen oder sa\u00dfen Leute herum. Das lag allerdings weniger daran, dass so viele Leute verh\u00f6rt werden mussten, dass Geb\u00e4ude war schlichtweg zu klein. Nur mit M\u00fche konnte er sich an seinen Platz k\u00e4mpfen. Dort lie\u00df er sich laut seufzend auf seinen Stuhl fallen und schlug die H\u00e4nde \u00fcber dem Kopf zusammen. Er vermisste seine alte Stelle in Edinburgh, aber weil er da jemanden auf der Wache zu unbequem geworden war, wurde er in die Provinz versetzt. Hier hatte er gehofft, so schnell nicht mehr mit Todesf\u00e4llen konfrontiert zu werden, aber wie zum Hohn hatte sein jetziger Partner herausgefunden, dass Sean auf seiner alten Dienststelle immer daf\u00fcr verantwortlich gewesen war, Angeh\u00f6rige zu informieren und wenn es irgendwo in der Provinz um Darbney zu Todesf\u00e4llen kam, musste er die Angeh\u00f6rigen informieren. Ihm graute davor, die Eltern des jungen Mannes anzurufen, da er sie nicht sehen konnte und sich in seinem Kopf schlimme Szenen abspielten, wenn er die Leute am Telefon weinen h\u00f6rte. Aber nicht nur deswegen w\u00fcrde ihm der Fall viel Kopfzerbrechen bereiten. Er wusste nichtmal, wo er anfangen sollte mit der T\u00e4tersuche. Bisher waren alle Verh\u00f6re ergebnislos geblieben. Die Freunde des Opfers waren es nicht. Man roch ihre Alkoholfahne noch Stunden sp\u00e4ter und keiner von ihnen wirkte wirklich fit. Sie alle beteuerten, dass John sich nicht gut gef\u00fchlt hatte und sich vorzeitig von der Party verabschiedet hatte. Der Hotelmanager war nicht im Hotel gewesen und die anderen Hotelg\u00e4ste und die Nachtangestellten kannten das Opfer allerh\u00f6chstens vom sehen. Die Fingerabdr\u00fccke vom Hals der Leiche waren ergebnislos geblieben und das Opfer stammte aus England. Sean bezweifelte, dass ein m\u00f6glicher T\u00e4ter extra aus London angereist war, nur um Toger in einem abgelegenen Hotel zu ermorden und dann wieder abzureisen. Das klang irgendwie \u0001 \u0002 drei Tagen tappte er im dunkeln. Die Polizei wusste einfach nicht weiter. Jeglicher Suchansatz war schon nach kurzer Zeit im Sand verlaufen und so langsam zweifelte Sean daran, ob dieser Fall jemals aufgekl\u00e4rt w\u00fcrde. An diesem Abend sa\u00df er im \u00f6rtlichen Pub und hatte seine Nase in seinen Laptop vertieft. Er recherchierte \u00fcber Darbendy Castle, fand aber eigentlich nichts heraus, was er nicht irgendwo schonmal geh\u00f6rt oder gelesen hatte. Bis auf ein paar Dinge. In den letzten Jahren oder Jahrzehnten kam es immer wieder zu ungekl\u00e4rten Ungl\u00fccksf\u00e4llen. Auf einer Internetseite \u00fcber paranormale Ph\u00e4nomene las er, dass John Toger nur der Letzte in einer ganzen Reihe ungl\u00fcckseeliger Opfer war, die entweder in dem Schloss starben oder verletzt wurden. Auch las er von seltsamen Vorkommnissen in und um das Schloss. So gab es Berichte von St\u00f6hnger\u00e4uschen, poltern und anderen unerkl\u00e4rlichen Ph\u00e4nomenen. Beim Umbau zum Hotel war ein Bauarbeiter, im wahrsten Sinne des Wortes, vom Himmel gefallen. Er st\u00fcrzte 10 Meter tief von einem Ger\u00fcst und war mit voller Wucht auf den harten Steinboden aufgeschlagen, dass es ihm jeden Knochen zerschmettert und jedes Organ zerfetzt hatte. Sean schauerte beim Gedanken daran und er sp\u00fcrte, wie sich sein Magen zu einem Kn\u00e4uel verkrampfte. Das Bier, dass vor ihm auf dem Tisch stand, verschalte langsam vor sich hin, aber sein Durst war pass\u00e9. Er las lieber weiter und fand einen Augenzeugenbericht, wonach ein Mann am oberen Ende einer steilen Treppe ein kleines M\u00e4dchen gesehen hatte, das ihn um Hilfe bat. Ihm war der Schreck aber so tief in die Knochen gefahren, dass er einfach davongelaufen war. Nachdenklich knetete er sein Kinn durch. Ihm war aufgefallen, dass solange das Schloss existierte, es Berichte \u00fcber seltsame Ereignisse gab. Vielleicht war ja doch \u00dcbersinnliches im Spiel. Aber daran mochte der junge Polizist und von Natur aus Vernunftmensch nicht glauben. \u201eIch wei\u00df, wer es war.\u201c Eine Stimme riss ihn aus seinen Gedanken und um ein Haar w\u00e4re ihm der Laptop aus der Hand gefallen. Erschrocken sah er auf und blickte in ein blass geschminktes Gesicht, mit den durchdringensten blauen Augen, die er je gesehen hatte. Sie geh\u00f6rten zu einer jungen Frau mit schwarzen, glatten Haaren, die ihr weit \u00fcber die Schultern reichten. Feuerrote Str\u00e4hnen stachen aus dem schwarz heraus. In ihrem Gesicht fand sich das ein oder andere Piercing und sie trug ein dunkelblaues, halb zerrissenes Oberteil. \u201eNiemand wei\u00df, wer es war.\u201c Brummte O\u00b4Melleay stinkig. Doch das w\u00fctende Aufblitzen in den Augen seines Gegen\u00fcbers sagte ihm, dass er lieber seinen Mund gehalten h\u00e4tte. \u201eIch wei\u00df, wer es war.\u201c Ihr Ton wurde sch\u00e4rfer und ihr Blick lie\u00df keinen weiteren Widerspruch zu. Also klappte O\u00b4Melleay mit einem genervten Schnaufen den Laptop zu, stellte ihn auf den Tisch und blitzte die Frau herausfordernd an. \u201eSchonmal was von Allaister Ramsey geh\u00f6rt?\u201c Unger\u00fchrt zog sie eine Zigarette aus ihrem Ausschnitt und z\u00fcndete sie an. Irgendwie reizte ihn ihr Anblick, dennoch zog er die Stirn kraus. Ramsey? Dieser Name war ihm v\u00f6llig unbekannt. \u201eEs gibt hier keinen Allaister Ramsey.\u201c Knurrte er er nur noch missgelaunter. Doch diese Erwiderung wollte sich sein Gegen\u00fcber nicht gefallen\u201c Los, googeln Sie nach ihm.\u201c Mit diesen Worten schob sie ihm den Laptop hin und nach einem unwilligen Knurrend tat er, was sie sagte. Doch was er dann fand, lie\u00df ihn an seinem und vor allem ihren Verstand zweifeln. Es gab einen Allaister Ramsey, allerdings war der schon vor \u00fcber 600 Jahren gestorben. Ungl\u00e4ubig starrte er sie an, doch sie gab ihm wortlos zu verstehen, weiterzulesen.\u201eAllaister Ramsey, geboren 1346 in Darbney, gestorben um 1384 in Darbendy Castle. Ramsey war ein Freibauer und M\u00fcller gewesen, der sich Zeit seines Lebens gegen den Lehnsherren der Region, Lord Wesley Darbendy, aufgelehnt hatte. Darbendy galt als Raffzahn, der alle freien Bauern und B\u00fcrger unterjochte und ausbeutete. Seine Steuers\u00e4tze waren unmenschlich hoch und die Gegend litt unter seiner Gier. Ramsey war der Anf\u00fchrer eine Aufstandes gegen den Lord und sorgte daf\u00fcr, dass etliche Darbendy treue Bauernh\u00f6fe, M\u00fchlen und D\u00f6rfer ein Raub der Flammen wurden und viele Leute j\u00e4mmerlich starben. Ramseys Hass auf den Lord nahm solche Ausma\u00dfe an, dass er eines Nachts in das Schloss eindrang und in den Turm, in dem Darbendy seinen j\u00fcngsten Sohn und seine Tochter aus Angst vor dem Aufr\u00fchrer versteckt hatte. Ramsey z\u00fcndete das Zimmer des M\u00e4dchens an. Diese sei verbrannt und habe lange um Hilfe gerufen. Darbendys f\u00fcnfj\u00e4hriger Sohn Brian allerdings wurde von Ramsey aus 10 Metern H\u00f6he in den Tod geworfen. Als die alarmierten Wachen Ramsey schlie\u00dflich fanden, stand er auf dem Turm und lachte wie ein Wahnsinniger. Er wurde festgenommen und in den Kerker gesteckt, wo er vermutlich auch starb.\u201c Seans Gesicht war w\u00e4hrend des Lesens merklich erbleicht. Jedes Haar an seinem K\u00f6rper stand zu Berge. Aber eines wunderte ihn, der aprubte Abbruch des Berichts. Verwirrt zog er die Stirn kraus. Sein Gegen\u00fcber bemerkte das. \u201eManche Internetfuzis sind einfach zu feige, die ganze Wahrheit zu schreiben. Wundert es Sie nicht, dass Ramsey \u00fcberhaupt wusste, wo die Kinder waren?\u201c Unwillk\u00fcrlich bejahte Sean die Frage. Seine Gespr\u00e4chspartnerin zog kr\u00e4ftig an ihrer Zigarette und fuhr dann fort. \u201eEin Knecht des Lords war ein Verb\u00fcndeter Ramseys. Er schmuggelte ihn ins Schloss und zeigte ihm, wo die Kinder waren. Als man Ramsey festsetzte, br\u00fcllte er den Namen des Knechts heraus. Der wurde daraufhin festgenommen und nach einer kurzen Verhandlung ausgepeitscht, gebrandmarkt und dann gek\u00f6pft.\u201c Sie hielt kurz inne, um etwas zu trinken und ihren Worten Nachdruck zu verleihen. \u201eRamsey hingegen wurde von Jonathan Togrin in das tiefste Kellerverlies geworfen, wo er nur Wasser bekam. Ab und an warf man ihm auch altes Brot hin, um ihn noch mehr zu qu\u00e4len. Er sollte ganz langsam verhungern. Jede Nacht h\u00f6rte man ihn st\u00f6hnen und fluchen, doch weder Darbendy noch Togrin lie\u00dfen sich erweichen. Irgendwann h\u00f6rte das st\u00f6hnen auf und als man die Zelle \u00f6ffnete, fand man Ramsey tot am Boden sitzen. Er hatte sich in seiner Verzweiflung die H\u00e4nde abgefressen. Man nahm die Leiche und verscharrte sie im Schlosspark unter einer abgestorbenen Eiche. Es sollte als Abschreckung f\u00fcr all jene dienen, die sich gegen Darbendy auflehnen wollten.\u201c Ihre Worte hatten ihre Wirkung nicht verfehlt. Sean kr\u00fcmmte sich beinahe vor \u00dcbelkeit. Aber er verstand den Zusammenhang zu John Togers Tod immer noch nicht. \u201eGanz einfach,\u201c es war, als ob sie seine Gedanken gelesen hatte. \u201eRamsey starb mit sehr viel Wut und Zorn. Er soll noch geschrien haben: Meinen K\u00f6rper k\u00f6nnt ihr zermartern, aber meine Seele wird euch nie geh\u00f6ren! Au\u00dferdem soll er einen Priester, der ihm die Beichte abnehmen und ihm die letzte \u00d6lung geben sollte, so w\u00fcst verflucht haben, dass sich dieser weigerte und Darbendy auch sagte, er werde diesen Mann nie in geweihter Erde bestatten.\u201c Sie seufzte h\u00f6rbar auf. \u201eSeitdem sagt man, Ramseys b\u00f6ser Geist sei in dem Schloss gefangen und man w\u00fcrde ihn bei Vollmond st\u00f6hnen h\u00f6ren. Es hei\u00dft au\u00dferdem, seine H\u00e4nde w\u00fcrden nachts herumirren, um etwas essbares zu finden oder um sich zu r\u00e4chen.\" Daf\u00fcr erntete sie verwunderte Blicke. Sie seufzte abermals. \u201eOh Mann, Sie haben anscheinend wirklich keine Ahnung, oder?\u201c Sean sch\u00fcttelte den Kopf und die Frau schnaufte nunmehr genervt auf. \u201eDas Sie sich das auch nicht denken k\u00f6nnen. Ramseys Seele ist in dem Schloss gefangen. Er starb mit soviel Hass im Herzen, dass sein Geist einfach keinen Frieden findet. Und so wie es aussieht, r\u00e4cht er sich an allen, von denen er glaubt, es seien seine Peiniger.\u201c Das wiederum klang schl\u00fcssig. Nachdenklich wiegte Sean den Kopf hin und her. \u201eAlso glauben Sie, der Geist dieses Ramsey ist f\u00fcr den Mord verantwortlich?\u201c Sie nickte eifrig. \u201eAber was soll ich in meinen Bericht schreiben? Wildgewordene Geisterh\u00e4nde erw\u00fcrgten ihn, weil er so \u00e4hnlich hie\u00df, wie der Peiniger von Allaister Ramsey? Nein, nein, dass geht nun wirklich nicht, die w\u00fcrden mich alle f\u00fcr bescheuert halten.\u201c \u201eNun, wie Sie meinen. Aber sie werden den M\u00f6rder nicht in dieser finden.\u201c Mit diesen Worten stand sie auf und \u0001 \u0002 den n\u00e4chsten Tagen gr\u00fcbelte O\u00b4Melleay intensiv. Sein Kinn war irgendwann rot geknetet. Die Frau ging ihm nicht mehr aus dem Kopf. Sie hatte etwas an sich, dass ihn auf die ein oder andere Art faszinierte. Mittlerweile bereute er es, sie nicht nach ihrem Namen gefragt zu haben, aber er ging davon aus, dass sie ihn sowieso nicht preisgegeben h\u00e4tte. Schade, sie hatte ihn wirklich auf eine gute Idee gebracht. M\u00f6glich w\u00e4re es ja gewesen. Aber das konnte er keinem sagen. Nach 2 Wochen des Gr\u00fcbelns beschloss er, die Sache auf eigene Faust zu kl\u00e4ren. Wenn es diese durchgeknallten Spukh\u00e4nde wirklich gab, dann wollte er es mit eigenen Augen sehen. Und wenn es doch ein Mensch aus Fleisch und Blut war, w\u00fcrde er ihn verhaften und einsperren. Aber wenn es doch ein Geist war, w\u00fcrde er den Beweis daf\u00fcr bildlich festhalten. Vielleicht w\u00fcrde ihm dann doch einer glauben...Allerdings lief es nicht so, wie er sich das vorgestellt hatte. Obwohl ihm der Hotelbesitzer erlaubt hatte, dass Geb\u00e4ude unauff\u00e4llig zu observieren, kam er nicht voran. Zum Schein hatte er sich in eines der Zimmer im Turm eingemietet, denn dort war die Aktivit\u00e4t ja angeblich am gr\u00f6\u00dften. Doch es geschah... nichts. Die ganze Nacht \u00fcber lag er auf dem bequemen Bett und lauschte in die Dunkelheit. Dar\u00fcber schlief er irgendwann schlichtweg ein. Erst ein klopfen, dass sich durch ein w\u00fcstes Traumgebilde k\u00e4mpfte, weckte ihn schlie\u00dflich. Als er sich aufrichten wollte, sp\u00fcrte er einen stechenden Schmerz im Nacken. Er hatte wohl sehr unbequem gelegen. Einen kurzen Fluch aussto\u00dfend, qu\u00e4lte er sich auf die Beine und schlurfte zur T\u00fcr. Innerlich verfluchte er den St\u00f6rer. Er hatte gar nicht bemerkt, dass es weit nach 10 Uhr morgens war und er vergessen hatte, dass er hier verdeckt ermittelte und nicht Urlaub machte. Nach abermaligem Klopfen riss er die T\u00fcr auf und wollte dem St\u00f6renfried gerade einige gepfefferte Worte ins Gesicht schmettern, als er die Frau aus dem Pub erkannte und jegliches Schimpfwort in seinem Hals stecken blieb. Stattdessen stie\u00dfen die beiden wie aus einem Munde ein entsetztes \u201eSie?\u201c hervor. Um ein Haar h\u00e4tte er sein Gegen\u00fcber gar nicht erkannt. Statt des halb zerrissenen Oberteils, dem kurzen Rock und den Stiefeln trug sie ein fast schon biederes, beiges Kost\u00fcm und ihre Haare waren zu einem Pferdeschwanz zusammengebunden. Nur ihr scharfer und klarer Blick war unverwechselbar. Sie fing sich jedoch als erstes und blinzelte ihn provozierend an. \u201eIch wusste zwar, dass ein Cop hier undercover ermittelt, aber nicht, dass Sie das sind. Also scheinen Sie mir ja doch zu glauben.\u201c Sean sch\u00fcttelte tr\u00e4ge den Kopf. \u201eIch will wissen, wer den Jungen umgebracht hat. Und ich glaube nicht an wildgewordene Gespensterh\u00e4nde. Der T\u00e4ter war aus Fleisch und Blut und ich werde das beweisen.\u201c Um seine Worte zu unterstreichen, stampfte er mit dem Fu\u00df auf. Sein Gegen\u00fcber wollte gerade auffahren, als ihr jemand von hinten auf die Schultern packte. \u201eAmi meine S\u00fc\u00dfe,\u201c zwitscherte der Hotelmanager Joshua Rathaford in honigs\u00fc\u00dfen T\u00f6nen, \u201ewie sch\u00f6n, dass du unseren speziellen Gast Mister O\u00b4Melleay bereits kennengelernt hast.\u201c \u201eIch hei\u00dfe Amelia.\u201c Zischte sie gereizt. Doch ihr Vater schien das zu \u00fcberh\u00f6ren. Mit noch besserer Laune wandte er sich an Sean. \u201eMr. O\u00b4Melleay, ich kann Ihnen gar nicht genug danken. Einen Mord kann ich in meinem Hotel absolut nicht gebrauchen und ich hoffe, Sie finden den Schuldigen.\u201c Sean nickte nur und dachte sich, dass dieser Mensch ein ziemlicher Schleimer war. Bei diesem Gedanken zuckte ihm ein kurzes L\u00e4cheln \u00fcber die Mundwinkel. Rathaford schien das nicht zu bemerken, sondern plapperte fr\u00f6hlich weiter. \u201eMeine Tochter denkt ja, dass ein Geist der M\u00f6rder ist, aber das ist nat\u00fcrlich himmelschreiender Unfug.\u201c Als sie auffahren wollte, krallte er ihr so schmerzhaft in die Schultern, dass sie nur mit M\u00fche ein einen Schmerzensschrei unterdr\u00fcckte. \u201eSie hat \u00fcberall Steine und so einen Hokuspokuskram verteilt. Aber keine Sorge, ich habe das Zeug heute morgen entfernen lassen.\u201c Amelia wurde ganz bleich, als sie das h\u00f6rte. \u201eAber das waren Bannzauber gegen die Geister im Haus.\u201c Stammelte sie ungl\u00e4ubig. \u201eAch das ist dummer Firlefanz.\u201c Schnaufte ihr Vater mittlerweile genervt. Er verdrehte kurz die Augen und fuhr dann gewohnt schleimerisch fort. \u201eSie wird Ihnen alles zeigen und erz\u00e4hlen, was Sie wollen. Unsere Gruftibraut ist n\u00e4mlich ein wandelndes Lexikon.\u201c \u201eIch bin eine Hexe, du alter Idiot.\u201c Keifte sie \u0001 \u0002 Protest hatte keine Fr\u00fcchte \u0001 \u0002 Vater hatte sie O\u00b4Melleay zur Seite gestellt und nun zeigte sie ihm schon seit 2 Stunden den gesamten Geb\u00e4udekomplex. Immer wieder fragte er nach dem Grab Ramseys und da sie f\u00fcrchtete, Sean k\u00f6nne sich bei ihrem Vater beschweren, gab sie irgendwann kleinbei. Noch mehr \u00c4rger konnte sie sich wirklich nicht erlauben. Schweigend f\u00fchrte sie ihr Anh\u00e4ngsel durch den weitl\u00e4ufigen Park. Rathaford hatte mit der Herrichtung des Anwesens nicht gerade gegeizt. 10 G\u00e4rtner wuselten durch die Gr\u00fcnanlagen und hegten und pflegten alles, dass es so aussah, wie in einem kitschgef\u00fcllten Liebesfilm. Alles war perfekt, bis auf eine kahle Stelle unter einem Eichenbaum. So wie es schien, machte diese Rathaford ganz sch\u00f6n \u00c4rger, denn gleich zwei G\u00e4rtner standen davor und beschimpften sich w\u00fcst. Sie bezichtigten sich gegenseitig der Unf\u00e4higkeit und der eine trat immer wieder auf die kahle Stelle und fluchte, dass es einem die Schamesr\u00f6te ins Gesicht trieb. Amelia runzelte die Stirn. \u201eIch w\u00fcrde nicht so auf die Toten schimpfen.\u201c Raunte sie un\u00fcberh\u00f6rbar in die Richtung des G\u00e4rtners. Der spitzte die Ohren, spuckte provokant auf die kahle Stelle und lie\u00df dann eine ziemlich derbe Schimpftirade auf sie herniederprasseln. Als es Sean zuviel wurde, packte er den Grobian am Arm und vergrub seine Finger schmerzhaft darin. \u201eSei gef\u00e4lligst etwas h\u00f6flicher zu der Dame.\u201c Zischte er mit einem eiskalten Blick. Der Mann erstarrte kurz, doch dann riss er sich energisch los, brummelte etwas unverst\u00e4ndliches und zog von dannen. Amelia sch\u00fcttelte nur den Kopf. \u201eDieser T\u00f6lpel wird es nie lernen.\u201c Stie\u00df sie laut seufzend hervor. \u201eEr ist hier seit drei Wochen und macht das jeden Tag. Ich f\u00fcrchte, dass ihm das irgendwann zum Verh\u00e4ngnis wird.\u201c Ihre Worte waren bewusst zweideutig gew\u00e4hlt, aber Sean wusste genau, was sie meinte. Der gellende Schrei h\u00e4tte selbst Tote aus den Gr\u00e4bern geholt. V\u00f6llig schlaftrunken stolperte Sean aus dem Bett. Als er auf seine Uhr blinzelte, sah er, dass es erst kurz nach 5 Uhr war. Welcher Idiot schreit zu so einer Zeit nur so rum? Fuhr es ihm durch den Kopf. Laut g\u00e4hnend zog er sich seinen Morgenmantel \u00fcber und wankte aus dem Zimmer. Nicht nur er war auf den Beinen. Fast das ganze Hotel war unterwegs. Das schreien hatte wirklich jeden, der hier untergebracht war, auf die Beine gejagt. Auch Amelia war wach. Trotz der doch recht frostigen Temperaturen trug sie nur ein hauchzartes, schwarzes Neglig\u00e9 und schwarze Pantoffeln. Der Schrei kam un\u00fcberh\u00f6rbar aus der Parkanlage. Als sich Sean endlich zu der wie von Sinnen schreienden Angestellten durchgek\u00e4mpft hatte, gefror ihm das Blut in den Adern. Wortlos gab er der ebenso schockierten Amelia zu verstehen, die Frau irgendwie zu beruhigen und als das schreien verstummte, breitete sich eine t\u00f6dliche Stille aus. Amelia trat neben den jungen Polizisten und klammerte sich instinktiv an ihm fest. Vor ihnen, an der Eiche gelehnt, sa\u00df jener G\u00e4rtnerw\u00fcstling in einer so bizarren Pose, dass es einem den Atem verschlug. Sein rechtes Bein stak dem Mann im Mund. Der Fu\u00df war komplett in der Mundh\u00f6hle verschwunden. Der ganze Kopf war blau angelaufen und die Augen quollen f\u00f6rmlich aus ihren H\u00f6hlen. Angewidert blickte Sean weg. Abermals sp\u00fcrte er diese \u00fcberm\u00e4chtige \u00dcbelkeit in sich hochkriechen, doch er schluckte die bitter schmeckende Galle immer wieder herunter. Andere waren nicht so beherrscht. Hinter sich h\u00f6rte Sean, wie sich mindestens ein Mann sehr lautstark \u00fcbergab. Das setzte seinem geschundenen Magen zus\u00e4tzlich zu und es fiel ihm immer schwerer, die Beherrschung zu bewahren. Schlie\u00dflich atmete er tief durch, schluckte noch einmal das hinunter, was da seine Speiser\u00f6hre hinaufkroch und drehte sich zu den Schaulustigen um. \u201eIch m\u00f6chte Sie bitten, den Tatort zu r\u00e4umen.\u201c Als keine Reaktion kam, wurde er deutlicher. \u201eR\u00e4umen Sie den Tatort. Wer in 10 Minuten immer noch hier steht, gilt als Tatverd\u00e4chtiger.\u201c Zwar stimmte das nicht, aber er pokerte mit der Naivit\u00e4t der Leute und gewann. Die meisten zogen schimpfend und missgelaunt \u0001 \u0002 strafenden Blicken seiner Kollegen konnte er sich nur schwer entziehen. Er hatte zwar gefunkt dass eine weitere Leiche in Darbendycastle gefunden worden war, aber er hatte ihren Zustand verschwiegen und das ganz bewusst. Sie waren immer so akribisch darauf bedacht, ihn ins offene Messer zu sto\u00dfen und die Drecksarbeit machen zu lassen, dass er sich diese Gelegenheit der Rache einfach nicht nehmen lassen wollte. Und im Gegensatz zu ihm waren sie nicht so beherrscht gewesen und hatten sich zu seiner diebischen Freude beim Anblick der Leiche lautstark \u00fcbergeben. Daf\u00fcr straften sie Sean mit tiefster Verachtung, doch der genoss seinen Triumph zu sehr, als das er sich das nehmen lie\u00df. Auch die Zetertiraden seines Captains ertrug er stillschweigend. Gemeinsam mit ihm, Rathaford und Amelia sa\u00df er in einem der Salons an einem Tisch, um abzukl\u00e4ren, wie es denn nun weitergehen sollte. Das war zumindest die offizielle Version, doch Sean wusste, dass in diesem Fall seine schwarzgekleidete Begleiterin als Verd\u00e4chtige galt. Amelia war, als ihr das offenbart wurde, gelinde gesagt, erz\u00fcrnt. Demonstrativ fl\u00e4tze sie in dem gro\u00dfen Stuhl, ihre d\u00fcnnen Beine, die in kniehohen Plateustiefeln steckten, lagen auf der Tischplatte. Ihre Blicke waren vernichtend. Sie konnte es einfach nicht fassen, dass man ihr \u00fcberhaupt so etwas zutraute. Sie war ja nun nicht gerade die Kr\u00e4ftigste. Mit einer K\u00f6rpergr\u00f6\u00dfe von gerade mal \u0001 \u0002 Meter und einem Gewicht von sage und schreibe 48 kg war sie eher schm\u00e4chtig, denn m\u00e4chtig. Aus ihren im Smokey Eyes Stil geschminkten Augen, blinzelte sie Sean permanent b\u00f6se an. Der w\u00e4re am liebsten im Boden versunken, denn er wusste, das sie unschuldig war. Und in diesem Moment hasste sie ihn daf\u00fcr, dass er sich nicht f\u00fcr sie einsetzte. \u201eGeisterh\u00e4nde?! Ich glaube langsam, die Highlandluft bekommt Ihrer Tochter nicht, Rathaford!\u201c Wie durch einen Nebel drang die schon schrille Stimme seines Captains an Seans Ohr. \u201eSie wollen mich wohl verarschen, Sie Proletenspinner?!\u201cZeterte er munter weiter. \u201eZ\u00fcgeln Sie Ihre Zunge, Sie, Sie, Provinz Sherlock Holmes!\u201c Sean konnte gar nicht glauben, dass Rathaford \u00fcberhaupt zu irgend einer Art Wutausbruch, geschweigedenn Schimpfworten in der Lage war. \u201eHier sind 2 Menschen gestorben und ich will wissen, wer das war. Und da ist es mir egal, ob es ein Mensch aus Fleisch und Blut, ein Geist oder gar der Nikolaus war!\u201c W\u00e4hrend er das sagte, gestikulierte er so wild herum, dass Sean schon dachte, er w\u00fcrde irgendwann abheben. Doch seinen Captain schien das nicht zu beeindrucken. \u201eDieses M\u00e4dchen wurde belauscht, wie sie sagte, das Opfer w\u00fcrde es noch bereuen und dann ist es einen Tag sp\u00e4ter tot? Ganz eindeutig war sie es.\u201c \u201eUnd wie?\u201c Mischte sich Sean regungslos ein. \u201eSie hat kein Motiv und keine M\u00f6glichkeit. Oder mutiert sie, wenn sie w\u00fctend wird, zur Hulkine?\u201c Diese Einmischung passte seinem Captain gar nicht und er gab mit Sean mit Blicken zu verstehen, dass er das noch bereuen w\u00fcrde. Amelia musste hingegen schmunzeln, als sie sich das mit der Hulkine bildlich vor Augen \u0001 \u0002 Ende war Seans kleine Rache nur halb so erfolgreich verlaufen, wie erhofft. Sein Captain war stinksauer, weil seine Autorit\u00e4t in Frage gestellt wurde und so, wie er diesen alten Platzhirsch einsch\u00e4tzte, w\u00fcrde er ihn daf\u00fcr bluten lassen. Wenigstens war Amelia nicht mehr w\u00fctend, weil er sie doch besch\u00fctzt hatte. Aber was half Sean das schon? Er kam einfach nicht weiter und jede Faser seines K\u00f6rpers str\u00e4ubte sich dagegen, dass der M\u00f6rder ein Geist war. Gedankenverloren streunte er durch die langen Korridore des Hauptgeb\u00e4udes. Von innen gefiel ihm dieses \u201eDing\u201c noch weniger als von au\u00dfen. Obwohl sich Rathaford alle M\u00fche damit gegeben hatte, dass Schlo\u00df so behaglich wie m\u00f6glich einzurichten, fl\u00f6\u00dfte es Sean Unbehagen ein. Es war aber nicht die Einrichtung, sondern das Geb\u00e4ude selbst, dass ihm eisige Schauer \u00fcber den R\u00fccken jagte. Nerv\u00f6s und irgendwie auch neugierig besah er sich die Einrichtung des Korridors genauer. Der Gang wurde ges\u00e4umt von kleinen Tischchen und regalen, die sich schon fast zwanghaft gegen die W\u00e4nde pressten. Bemusterte Tapeten klebten an den W\u00e4nden, schwere Samtvorh\u00e4nge an noch schwereren Haltestangen, die die massiven Holzt\u00fcren \u00fcberspannten. An den W\u00e4nden prangte allerei Firlefanz. Waffen, Schilde, diverse Tierk\u00f6pfe- ausgestopft oder skelletiert -, Bilder aller Art und er ein oder andere Wandteppich. \u00dcberall standen Tiegel und T\u00f6pfe auf den Regalen, einige blank polierte Ritterr\u00fcstungen bewachten die mit Nummern versehenen T\u00fcren und von der holzvert\u00e4felten Decke hingen auf antik getrimmte Sparlampen, die den ganzen Flur in ein erzwungen orange- gelbes Licht tauchten, dass irgendwie ungesund wirkte. Am Ende des langen Flures fand Sean eine Reihe alter Gem\u00e4lde. Rathaford legte wirklich enorm viel Wert auf Authenzit\u00e4t, denn sie zeigten die Ahnenreihe der Darbendys. Stolze Recken auf hei\u00dfbl\u00fctigen Pferden, Portraits der ehemaligen Hausherren, v\u00f6llig \u00fcberschminkte Frauen in steifen Posen an und gegen alles m\u00f6gliche lehnten, starrten ihn aus leeren Augen an. Und pl\u00f6tzlich f\u00fchlte er sich in eine Zeit zur\u00fcckversetzt, in der es weder Handys, noch Internet gab. Eine Zeit, als das Schlo\u00df nicht von sensationshaschenden Touristen bewohnt war. \u00c9r starrte nur auf die Bilder und pl\u00f6tzlich war ihm, als ob sie sich bewegten. Eine Frau mit F\u00e4cher blinzelte ihn an und deutete mit ihrer freien Hand nach rechts. Warum er diesem Hirngespinst folgte, wusste er nicht. Wie hypnotisiert folgte er dem Zeigefinger. Und dann dem n\u00e4chsten und dem n\u00e4chsten, bis er das Ende er Bildergallerie erreicht hatte. Da hingen sie. Festgehalten in einem Moment f\u00fcr die Ewigkeit. Brian und Emeley Darbendy. Sean schauerte es bis ins Mark. Da waren sie. Emely stand links hinter ihrem Bruder, der im Vordergrund sa\u00df. Ihr braunes, lockiges Haar war zu einer kunstvollen Hochsteckfrisur frisiert und mit einer kleinen Haube gekr\u00f6nt. Ihr linker Arm ruhte auf der Schulter ihres Bruders. In der rechten Hand hielt sie eine Puppe an ihre Brust geschmiegt. Der Blick der beiden Kinder schwiff irgendwo in die Ferne. Sean starrte das Bild lange an. In seinem Kopf arbeitete es auf Hochtouren. Ein Gef\u00fchl der Beklommenheit machte sich in ihm breit. Er f\u00fchlte sich beobachtet. Schlimmer noch, er dachte er h\u00f6re Stimmen. Und auf einmal sah er, wie die Augen des M\u00e4dchens ihn anstarrten. Sein Grauen war in diesem Moment kaum in Worte zu fassen. Noch weniger, als das Gesicht des M\u00e4dchens sich zu ihm drehte, der Mund sich \u00f6ffnete und einen lautlosen Schrei ausstie\u00df. Sean bekam dar\u00fcber so einen Schreck, dass er zur\u00fcckprallte und mit dem Hinterkopf gegen die gegen\u00fcberliegende Wand stie\u00df. Impulsiv presste er seine H\u00e4nde gegen die schmerzende Stelle. Er sp\u00fcrte, wie etwas warmes, nasses durch seine H\u00e4nde sickerte. Blut. Anscheinend hatte er sich den Kopf an einer Kante gesto\u00dfen. Taumelnd drehte er sich um. Er war mit dem Kopf gegen die Ecke eines Bilderrahmens geknallt. Ein Bild, dass ihm vorher gar nicht aufgefallen war. Verwirrt sah er es an. Es passte so gar nicht zu den \u00fcbrigen Bildern, die \u00fcberall hingen. Auf dem Bild war ein Kerker zu sehen, oder zumindest sein Inneres. In einer Ecke sa\u00df ein Mann am Boden. Sein ganzer K\u00f6rper war v\u00f6llig schlaff. Der Kopf hing nach unten. Die H\u00e4nde lagen hinter dem rechten Bein, das er vor seinem K\u00f6rper abgelegt hatte. Ramsey ist hier! Diese Erkenntnis traf Sean wie ein Blitz. Und noch ehe er wirklich begriff, was passierte, hob sich der Kopf des Mannes und gab eine schauerliche Grimasse preis. Die Augenh\u00f6hlen waren leer, das Gesicht war nicht mehr, als ein mit lederner Haut \u00fcberzogener Sch\u00e4del. Von dem, was einmal die Lippen waren, troff unabl\u00e4ssig Schaum. Mit weit ge\u00f6ffneten Mund starrte die Todesfratze Sean an. Ein stechender Schmerz jagte durch sein Herz. Es war, als ob es jemand gepackt h\u00e4tte und jetzt zusammenpresste. Schwer atmend und eine Hand in sein Hemd gekrallt, st\u00fcrzte er zu Boden und da sah er sie. Diese gr\u00e4sslichen, halb skelettierten gr\u00fcnen H\u00e4nde, die durch das Bild schwebten Sie legten sich um seinen Hals und dr\u00fcckten zu. Er sp\u00fcrte, wie es ihm die Luft aus den Lungen trieb. Er h\u00f6rte eine Stimme, dann wurde es \u0001 \u0002 lachen klang hell und klar in seinen Ohren. M\u00e4dchen konnten so sch\u00f6n lachen. Besonders dieses. Um ihn herum wirkte alles neblig und verschwommen. Wo war er? War er tot? Er f\u00fchlte sich seltsam leicht irgendwie fluffig. \u201eDu bist nicht tot.\u201c Die Stimme eines M\u00e4dchens lie\u00df ihn zusammenzucken. Er fuhr herum und entdeckte Emely, die hinter ihm stand. Sie sah genauso aus, wie auf dem Bild. In ihren H\u00e4nden hielt sie eine edle Porzellanpuppe. \u201eich bin nicht tot?\u201c Gab er \u00fcberrascht zur\u00fcck. Sie sch\u00fcttelte den Kopf. \u201eEs tut mir leid dass ich das getan habe, aber meine anderen Kontaktversuche hast du ja immer ignoriert.\u201c Ignoriert? War sie etwa dieser frostige Hauch, den er immer wieder sp\u00fcrte? \u00c4rgerlich wischte Sean diesen absurden Gedanken beiseite. Wahrscheinlich war er nur ohnm\u00e4chtig und sein \u00fcberreiztes Hirn spielte ihm Streiche. \u201eDu denkst immer noch, dass ich irreal bin, oder?\u201c Das M\u00e4dchen sah ihn traurig an. Anscheinend konnte sie seine Gedanken lesen. Dean konnte darauf nicht antworten. \u201eDu musst Ramsey vernichten.\u201c Ihre Worte lie\u00dfen ihn aufhorchen. \u201eIch?\u201c Sie nickte. \u201eWenn du es nicht tust, wird er alle t\u00f6ten, die sich in diesem Schloss befinden.\u201c Ein dumpfes Grummeln unterbrach sie. Mit angsterf\u00fcllten Augen sah sie sich um. \u201eDu musst gehen, er darf nicht wissen, dass du hier bist.\u201c Noch ehe Sean etwas erwidern konnte, stie\u00df ihn etwas weg und um ihn herum es \u0001 \u0002 schreckte \u0001 \u0002, er war definitiv nicht tot, sonst w\u00fcrde sein Kopf nicht so schmerzen. Zu seinem Erstaunen lag er in dem Hotelzimmer, dass er seit Tagen bewohnte. Vielleicht kam dieses fluffige Gef\u00fchl ja von dem Bett. Neben dem Bett sa\u00df Amelia und l\u00e4chelte s\u00fcffisant. \u201eDu redest im Schlaf.\u201c Bemerkte sie knapp. Ihr L\u00e4cheln wurde noch herablassender, als sie seinen wirren Gesichtsausdruck bemerkte. \u201eSoso, da hat unser Herr Vernunftsmensch also seine erste Begegnung mit einem Geist hinter sich. Schade, ich dachte, er setzt dir mehr zu. Das n\u00e4chste Mal warte ich, bevor ich ihn banne.\u201c Sie grinste ihn frech an. \u201eSo ein Quatsch, Geist. Ich habe mir nur den Kopf gesto\u00dfen.\u201c Sean rieb sich den Kopf, der mit einem dicken Verband umwickelt war. Amelias Grinsen gefror zu Eis. \u201eEmely hat mich gerufen. Ich h\u00e4tte sie ja auch ignorieren k\u00f6nnen, aber dann w\u00e4rst du jetzt sicher tot. Das n\u00e4chste Mal werd ich mir das \u00fcberlegen.\u201c \u201eEmely? Du meinst Emely Dabendy?\u201c Gab Sean verwirrt zur\u00fcck. Hatte er doch nicht getr\u00e4umt? \u201eNat\u00fcrlich meine ich Emely Darbendy.\u201c Entgegnete Amelia halb entgeistert. Sie beugte sich leicht nach vorn, wodurch die gro\u00dfe Kette um ihren Hals leicht raschelte. \u201eWas ist passiert?\u201c Fragte sie eindringlich. Und ohne das Sean es wirklich kontrollieren konnte, sprudelte alles aus ihm \u0001 \u0002 herrschte zwischen ihnen, nachdem Amelia ihm erz\u00e4hlt hatte, dass auch sie schon Kontakt mit Emely hatte und von ihr um das gleiche gebeten wurde. Seitdem gr\u00fcbelte Sean. Schlie\u00dflich brach er das Schweigen. \u201eSeit wann kommt es zu diesen Vorf\u00e4llen?\u201c \u201e\u00c4hm,\u201c Amelia kratzte sich gr\u00fcbelnd den Kopf. \u201eDer erste Vorfall war der Bauarbeiter, der vom Ger\u00fcst fiel. Ich glaube, das war kurz nachdem der Keller wieder ge\u00f6ffnet wurde.\u201c \u201eWie, wieder ge\u00f6ffnet?\u201c Sean horchte auf. \u201eNun ja, der letzte Schlossbesitzer lie\u00df den Teil des Kellers zumauern, in dem sich der Kerker befand. Doch mein Vater lie\u00df es wieder \u00f6ffnen. Er will aus dem gesamten Keller ein Museum f\u00fcr Foltermethoden machen.\u201c Warum, dass war ihm nicht klar, aber als er ihre Worte vernahm, wich ihm s\u00e4mtliches Blut aus dem Gesicht. Ihm schwante \u00fcbles. \u201eIch will den Keller sehen.\u201c Amelia starrte ihn nur verwirrt an. Den Keller? Wieso um alles in der Welt wollte er in den Keller? Sean fragte gar nicht lang nach, sondern sprang auf und rannte aus dem \u0001 \u0002 es sie doch interessierte, was er im Keller suchte, war sie ihm gefolgt. Vielmehr zeigte sie ihm den Weg, denn alleine neigte Sean noch immer dazu, sich in dem weitl\u00e4ufigen Geb\u00e4ude zu verirren. Auch wenn er es nicht laut aussprach, so war er ihr doch dankbar daf\u00fcr, dass sie ihm half. Diese ganze Situation war f\u00fcr ihn sehr bizarr und befremdlich. Anfangs hatte er noch geglaubt, irgend ein halbseidener Irrer hatte den Jungen wegen was auch immer umgebracht, aber je l\u00e4nger er an diesem Fall arbeitete, umso gr\u00f6\u00dfer wurden seine Zweifel.\u201cSag mal, was bist du eigentlich f\u00fcr eine Hexe?\u201c Auf ihr erstauntes \u201eWie?\u201c wusste Sean im ersten Moment keine richtige Antwort. Und was er dann hervorbrachte, war mehr ein Gestammel. \u201eNun ja also, ich, \u00e4h, ich hab mal geh\u00f6rt, dass es b\u00f6se und gute Hexen gibt und ich wollte wissen, ob du gut oder b\u00f6se bist.\u201c Amelia sagte nichts, sondern brach in schallendes Gel\u00e4chter aus. Sean wurde ganz rot vor Scham. \u201eEs es tut mir leid.\u201c Stammelte sie kichernd, \u201eaber sowas habe ich noch nie geh\u00f6rt.\u201c Sie wischte sich die Lachtr\u00e4nen aus dem Gesicht und beruhigte sich langsam wieder. \u201eTut mir leid, aber ich finde es immer wieder lustig, wie Leute \u00fcber Hexen denken.\u201c Sie r\u00e4usperte sich. \u201eAlso wenn \u00fcberhaupt, dann bin ich eine gute Hexe. Eigentlich haben wir aber keine Gesinnung, dass ist eine Erfindung der Kirche.\u201c Als Sean leicht verwirrt dreinschaute, erkl\u00e4rte sie es ihm genauer. \u201eFr\u00fcher, als es noch keine oder kaum \u00c4rzte gab, vor allem in den l\u00e4ndlichen Regionen, \u00fcbernahmen Kr\u00e4uterkundige das, was wir heute aus Apotheken kennen. Und das Geburtshilfe schon seit Urzeiten Frauensache ist, gab es viele Hebammen, die um die Heilmacht der Natur wussten. Sie fertigten Salben, Tinkturen und Tr\u00e4nke.\u201c Amelia starrte kurz ins Leere. \u201eDoch je m\u00e4chtiger die Kirche wurde, umso verp\u00f6nter wurde diese Kunst. Normale Frauen wurden zu Hexen gemacht. Ihnen wurden Dinge angedichtet, die gegen jedes Naturgesetz verstie\u00dfen und es gab genug M\u00e4nner, die so ungeliebte Ehefrauen, Schwestern, M\u00fctter, aber auch Frauen, die sie verschm\u00e4ht hatten, loswurden. Die Fantasie der Kirchenm\u00e4nner kannte keine Grenzen, wenn es darum ging, Gest\u00e4ndnisse aus den Menschen herauszupressen. Tausende von Unschuldigen landeten nach Folter und Qual auf den Scheiterhaufen Europas. Und das nur, weil Gott es angeblich so wollte.\u201c Ihr Gesicht war rot gef\u00e4rbt und in ihren Augen stand ein b\u00f6sartiges Funkeln. Es war nicht schwer zu erraten, dass ihr Zorn auf die Kirche echt war und man sie besser bei diesem Thema in Ruhe lie\u00df. Doch sie erz\u00e4hlte weiter. Davon, dass die b\u00f6se Hexe auch eigentlich nur eine Erfindung sei und das die meisten Hexen sich mit wei\u00dfer Magie befassten. Freigiebig erz\u00e4hlte sie Sean alles, was er wissen wollte, bis sie die Treppe zum Keller erreicht \u0001 \u0002 schluckte. Normalerweise war er kein Feigling, aber diese Treppe jagte ihm kalte Schauer \u00fcber den R\u00fccken. Das fand er schon seltsam, denn eigentlich war es nur eine Treppe. Eine Steintreppe, die an einer Holzt\u00fcr endete. Gut ausgeleuchtet. Die W\u00e4nde, die sie umgaben, waren in einem sandigen Gelb verputzt und lie\u00dfen den Aufgang gr\u00f6\u00dfer wirken, als er war. Und doch f\u00fchlte er sich unwohl. Als er sich zu Amelia dreht, bemerkte er, dass es offensichtlich nicht nur ihm so ging. Sie zitterte leicht und hielt die gro\u00dfe Kette mit dem klobigen Gl\u00fccksstein fest umklammert. \u201eSp\u00fcrst du das auch?\u201c Fl\u00fcsterte sie leise. Er antwortete nicht, dass brauchte er auch gar nicht. Ja, er sp\u00fcrte es. Deutlicher, als ihm lieb war. Dieses dunkle und b\u00f6se, dass da die Treppe auf und ab kriechen zu schien. Er schluckte. Amelia packte seinen Arm und krallte sich darin fest. Eine Weile standen sie so da und starrten die Treppe hinunter. Schlie\u00dflich fasste Sean all seinen Mut zusammen und trat auf die erste \u0001 \u0002 Keller war... unspektakul\u00e4r, um nicht zu sagen, entt\u00e4uschend. Das alte Steingew\u00f6lbe war eine Baustelle. Jede noch so kleine Ritze war von dem kotzwei\u00df der Baulampen ausgeleuchtet. Es war so unnat\u00fcrlich. Vor allem wenn man an die b\u00f6se Aura im Treppenaufgang dachte, die sie auch jetzt noch zu verfolgen schien. Und tats\u00e4chlich war es so, als ob diese b\u00f6se Aura noch immer da war, aber unterdr\u00fcckt wurde. Amelia f\u00fchlte sich sichtlich unwohl. Immer wieder fragte sie Sean, was er eigentlich hier suche, doch er selbst wusste keine Antwort darauf. Vorbei an aufgeklappten Tapeziertischen, beladen mit Mal- und Tapezierzeug, Werkzeugkisten und Absperrband, drangen sie immer weiter in die alten Gew\u00f6lbe vor. Das ungute Gef\u00fchl blieb. Von fernen h\u00f6rten sie ein Radio, das schrille Popmusik pl\u00e4rren lie\u00df. Der Hall der Musik lie\u00df alles nur noch seltsamer wirken. Wo war er da blo\u00df hineingeraten? Das fragte sich Sean immer und immer wieder. H\u00e4tte es nicht einfach ein Durchgeknallter sein k\u00f6nnen? So dieser typische \u201eich t\u00f6te dich, weil mir danach ist\u201c Killer. Das w\u00e4re Sean wesentlich lieber gewesen. Er seufzte laut und tief. Amelia warf ihm einen halb zweifelnden Blick zu. Es war, als k\u00f6nne sie seine Gedanken lesen und irgendwie tat er ihr \u0001 \u0002 weiter, immer tiefer wurden sie in den Keller gezogen. Etwas zog sie defintiiv, denn Sean f\u00fchlte sich immer unwohler und doch musste er weitergehen. Er musste einfach, seine Beine wollten ihm einfach nicht mehr gehorchen. Irgendwann, nachdem sie unz\u00e4hlige Windungen, Kurven und Baustellen \u00fcberwunden hatten, standen sie vor einer dicken Holzt\u00fcr. Vom Alter fast schwarz gef\u00e4rbt, prangte sie direkt vor ihnen, umfasst von einer nicht minder dicken Steinwand. Es war fast, als wolle man etwas dahinter verbergen. Eine dicke, schmiedeeiserne T\u00fcrklinke lockte ihn, einzutreten, doch er widerstand. Irgendetwas stimmte hier nicht. Nachdenklich knetete er sein Kinn. \u201eWas ist?\u201c Wollte Amelia schlie\u00dflich wissen. \u201eWar das hier schon immer so?\u201c Er deutete auf die T\u00fcr. \u201eWarum fragst du?\u201c Amelia wusste nicht so wirklich, worauf er hinaus wollte. \u201eWenn das schon so war, als Ramsey hier eingesperrt war, dann h\u00e4tte ihn h\u00f6chstens eine Fledermaus geh\u00f6rt.\u201c Er klopfte gegen die Wand. \u201eWie ich mir dachte, massiver Stein. Kein Mensch der Welt kann so laut schreien, dass man ihn oben im Hauptgeb\u00e4ude geh\u00f6rt h\u00e4tte. Selbst nicht, wenn au\u00dfer dieser alle T\u00fcren sperrangelweit offen gestanden h\u00e4tten.\u201c \u201eWas willst du nun damit sagen?\u201c Sean blickte Amelia sehr ernst an. \u201eDas hier etwas nicht stimmt. Ich bezweifle, dass T\u00fcr und Wand so alt sind. Ich bin zwar kein Architekt, aber selbst ich wei\u00df, dass alles irgendwann mal ein Opfer der Zeit wird.\u201c Mit pr\u00fcfenden Fingern strich er \u00fcber T\u00fcr und Wand. \u201eDie Wand wurde erst neu verputzt und die T\u00fcr stammt aus dem 17. oder 18. Jahrhundert. Und du bist dir sicher, dass dies hier Ramseys Zelle ist?\u201c Sie nickte. \u201eLaut Lageplan ja.\u201c Sean schnalzte mit der Zunge. Sollte er es tats\u00e4chlich wagen? Seine Neugier trieb ihn schier in den Wahnsinn. Schlie\u00dflich ergriff er die T\u00fcrklinke und riss die T\u00fcr auf. F\u00fcr eine Sekunde hielt er den Atem an. Vielleicht wartete dahinter das absolute Grauen. Die T\u00fcr schwang quietschend auf und dahinter war... nichts. Nur ein leerer Raum mit einem winzigen Fenster, durch das das Licht hereinstr\u00f6mte. Entt\u00e4uscht schloss Sean die T\u00fcr \u0001 \u0002 lie\u00df ihn das Stadtarchiv nicht im Stich. Hier und in der Bibliothek sa\u00df er nun Tag um Tag und durchforstete die alten Dokumente nach Darbendy Castle. Und er fand etwas, dass seine Vermutung best\u00e4tigte. Einer der Schlo\u00dfbesitzer lie\u00df im 18. Jahrhundert die Eisengitter und die Eisent\u00fcr entfernen und durch jenes Gebilde ersetzen, dass er gesehen hatte. Aber wozu? Diese Frage wurde ihm nirgends beantwortet. Er las sehr viel interessantes \u00fcber das Schlo\u00df und seine Besitzer. Aber irgendwie half ihm nichts weiter. \u201eSie haben das B\u00f6se aus dem Keller befreit.\u201c Als er Amelias Stimme vernahm, fuhr er wie vom Blitz getroffen hoch. \u201eHerr Gott nochmal, gew\u00f6hn dir das ab!\u201c Fauchend sammelte er seine durcheinander gewirbelten Notizen zusammen. Schmunzelnd setzte sich Amelia ihm gegen\u00fcber. \u201eDa drin wirst du nicht finden, was du suchst.\u201c \u201eAch ja? Ist mir gar nicht aufgefallen.\u201c Zischte er. Amelia runzelte die Stirn. \u201e Wenn du deine Tage hast, geh ich lieber.\u201c Gab sie schnippisch zu ihm r\u00fcber. Sean starrte sie verbl\u00fcfft an. Was meinte sie mit Tage? \u201eNicht nur du hast nachgeforscht. Ich habe auch meine Quellen bem\u00fcht und die waren offensichtlich ergiebiger.\u201c Auf seinen fragenden Blick hin l\u00e4chelte sie erneut. \u201eIhr Name ist Mrs. Dunham und sie ist wahrscheinlich so alt, wie einige dieser B\u00fccher. Jedenfalls kennt sie sich bestens mit Darbendy Castle aus. Und sie sagte, dass der letzte Darbendy siebzehnhundertundschlagmichtot den Kerker von Ramsey zumauern lie\u00df, um das B\u00f6se dort zu bannen. Ein Geistlicher weihte das gesamte Schlo\u00df vom Keller bis zur Turmspitze. Und so wie es schien, h\u00f6rten an diesem Punkt alle Spukberichte auf.\u201c \u201eAber..?\u201c Sean sah sie kritisch an. In solchen Geschichten gab es immer ein aber. Amelia seufzte. \u201eAber als der letzte Darbendy starb und man keinen Erben auftreiben konnte, wurde das Schlo\u00df verkauft. Der K\u00e4ufer baute die T\u00fcr ein, die du heute gesehen hast, weil er wissen wollte, wie Ramseys letzter Ort aussah.\u201c \u201eUnd...?\u201c \u201eMan fand ihn ein paar Wochen sp\u00e4ter. Tot, erw\u00fcrgt, um genauer zu sein. Mrs. Dunham sagte, dieser Tor h\u00e4tte das B\u00f6se eingemauert lassen sollen. Als er die T\u00fcr einbaute, konnte Ramseys Geist entkommen und wieder sein Unwesen treiben.\u201c \u201eKlingt ziemlich pragmatisch.\u201c Bemerkte Sean. \u201eSei es, wie es sei. In jedem Fall h\u00e4ufen sich seitdem die Un- und Todesf\u00e4lle in Darbendycastle. Mrs. Dunham meinte auch, sie setzt keinen Fu\u00df in das verfluchte Schlo\u00df und das es in den zehnten Kreis der H\u00f6lle verbannt geh\u00f6rt.\u201c \u201eGanz sch\u00f6n harte Worte f\u00fcr eine alte Frau.\u201c Amelia zuckte mit den Schultern. \u201eDas kann ich nicht beurteilen, aber ich wei\u00df, dass sie Darbendycastle meidet. Und sie sagte, wir sollten das auch tun.\u201cIhre Worte lie\u00dfen ihn nicht mehr los. Das Schloss meiden? Was meinte sie damit? Nun gut, dass Gem\u00e4uer war ihm immer noch nicht geheuer und w\u00fcrde es wohl auch nie werden. Die Atmosph\u00e4re hier war seltsam, irgendwie vergiftet. Vielleicht war es doch besser fortzugehen. Nun ja, seine Zeit hier war so oder so beendet. Da man bis jetzt weder T\u00e4ter, noch Motiv hatte, sollten die F\u00e4lle zu den Akten gelegt werden. \u00dcbermorgen w\u00fcrde er hier abgezogen werden. Er ahnte, was ihm bevorstand. Es hatte schon Andeutungen gegeben, dass man ihn versetzen wollte. Er sei zu respektlos gegen\u00fcber seinen Vorgesetzten hie\u00df es. Aber Sean wusste, was dahintersteckte. Es war wie auf seiner letzten Dienststelle. Aber wie sollte er Respekt entwickeln, wenn man ihm keinen entgegenbrachte? Es stimmte schon, er war noch jung, gerade mal Ende zwanzig, aber hatte er nicht auch Respekt verdient? Die einzige, die ihm den entgegenbrachte, war Amelia. Nun ja, was auch immer geschah, er w\u00fcrde seine letzten Tage hier genie\u00dfen. Er l\u00fcmmelte sich auf sein Bett und fiel in einen tiefen, traumlosen \u0001 \u0002 musste etwa zwei Uhr sein, als etwas ihn weckte. Etwas oder jemand? Er h\u00f6rte wieder dieses lachen. Und er sp\u00fcrte die seltsame K\u00e4lte, die sich um ihn herum ausbreitete. Irgendetwas stimmt nicht. Im ganzen Schloss war sonst kein Laut zu vernehmen. Schlaftrunken tastete Sean nach dem Schalter seiner Nachttischlampe. Er knipste, keine Reaktion. Er knipste abermals. Drei-, vier-, f\u00fcnfmal, es blieb dunkel. Umgehend war er wach. Na super, dachte er, Stromausfall. Knurrend stand er auf und tastete in der Dunkelheit nach seinem Smartphone. Dieser kleinen Geisterlady w\u00fcrde ER jetztmal das f\u00fcrchten lehren. Er tastete weiter, wo war dieser verfluchte Tisch? Ein lauter Knall uns ein stechender Schmerz in seinem Fu\u00df beantworteten seine Frage. Er war mit seinem gro\u00dfen Zeh gegen eines der massiven Tischbeine gesto\u00dfen. \u201eVerflucht!\u201c Fauchte er, w\u00e4hrend er sich den schmerzenden Zeh hielt. Nachdem der Schmerz verflogen war, tastete er weiter und fand sein Smartphone auf dem Tisch. Er zog es aus der Schutzh\u00fclle und tippte auf den Touchscreen. Das grelle Licht des Displays blendete ihn im ersten Moment. Wenigstens das funktionierte noch. Fragte sich nur, wie lange. Soweit es ihm m\u00f6glich war, leuchtete er das Zimmer aus und fand einen Kandelaber, der dekorativ auf einer der Kommoden stand. Das passte ja! Nerv\u00f6s fingerte Sean in seiner Jacke herum und suchte nach dem Feuerzeug, dass er immer f\u00fcr eine Stresskippe parat hielt. Als er es schlie\u00dflich fand, jubelte er still und z\u00fcndete die Kerzen \u0001 \u0002 Strom war Darbendy Castle noch unheimlicher, als mit. Das fahle, goldig schimmernde Licht der Kerzen spendete ihm zwar etwas Licht, aber es bot den Schatten noch mehr Platz. Mehrmals hatte Sean das Gef\u00fchl, beobachtet zu werden, oder ein Schemen huschte an einer Wand entlang. Er lief durch den langen Flur und folgte dem lachen, dass ihn zu locken schien. Wenn es doch wenigstens eine hei\u00dfe Frau w\u00e4re. Dachte er verkniffen. Aber er ging weiter. Er wollte in Erfahrung bringen, was Emely von ihm wollte. Langsam und vorsichtig ging er weiter durch den Flur, der sich immer mehr in die L\u00e4nge zu strecken schien. Wie ein riesiger Schlund g\u00e4hnte ihm die Dunkelheit aus dem Korridor entgegen. Fast wie ein hungriges Monster, dass nur darauf wartete, ihn zu verschlingen. Sean wurde es ganz bang und kalt, am liebsten h\u00e4tte er umgedreht. Doch wieder wurde er gegen seinen Willen weitergezogen, bis er in der Dunkelheit einen verschwommenen Schemen wahrnahm. Neugierig geworden ging er weiter, der Schemen wurde zu einer Silhouette, die schlie\u00dflich menschliche Formen annahm. Doch, was da stand, war kein Mensch. Blass und durchscheinend war sie, von einer Art tr\u00fcben Licht umh\u00fcllt. Sie stand an einem Fenster und blickte nach drau\u00dfen. Sean fr\u00f6stelte es bis ins Mark. Sie war echt und war es doch wieder nicht. Vor ihm stand Emely. In ein langes Nachthemd geh\u00fcllt, die F\u00fc\u00dfe nackt, das lange braune, lockige Haar offen. Als sie ihn bemerkte, drehte sie sich langsam zu ihm hin und er schauderte noch \u0001 \u0002 Gesicht war wie Porzellan. Die brauen Augen aber waren nichts anderes, als glanzlose Perlen. Einen so toten Blick hatte er noch nie gesehen. Und auch keinen, der soviel Leid und Qual erz\u00e4hlte. Wie musste dieses arme M\u00e4dchen gelitten haben, bevor der Tod es erl\u00f6ste. Obwohl man in ihrem Fall wohl nur schwer von Erl\u00f6sung sprechen konnte, denn sonst w\u00e4re sie kein Geist. \u201eDu hast also diesesmal meine Bitte erh\u00f6rt. Das ist gut.\u201c Ihre Stimme klang fast wie ein Wiederhall und im Gegensatz zu ihrer ersten Begegnung bewegte sie ihre Lippen nicht. \u201eDein Auftreten ist zwar faszinierend, trotzdem glaube ich auch weiterhin nicht an Geister. Was willst du also von mir?\u201c Fragte Sean schroffer als beabsichtigt. \u201eIch will, dass du verstehst.\u201c \u201eVerstehen, was?\u201c Emely trat einen Schritt auf ihn zu und legte ihre Hand auf seine Wange. Ein k\u00fchler, aber wohliger Schauer durchfuhr ihn. \u201eVerstehst du es jetzt?\u201c Hilflos sch\u00fcttelte er den Kopf. Mit ihren traurigen Augen durchbohrte sie ihn regelrecht. \u201eDas ich kein Hirngespinst bin. Mein K\u00f6rper starb und zwar vor lange Zeit, aber meine Seele blieb hier gefangen. Solange Ramseys b\u00f6ser Geist hier im Schloss weilt, finde ich keine Ruhe. Du besitzt eine besondere Gabe. Nur du kannst ihn bannen. Bitte, die Zeit dr\u00e4ngt. Denn Ramsey hat schon sein n\u00e4chstes Opfer gefunden. Wenn du nichts tust, wird er Amelia t\u00f6ten.\u201c Als er den Namen h\u00f6rte, gefror ihm s\u00e4mtliches Blut in den Adern zu Eis. Er brachte kein Wort hervor, doch sein Blick sagte mehr, als ihm vielleicht bewusst war. Ein lautes rumpeln lie\u00df den Korridor erzittern. \u201eEr will nicht, dass ich mit dir rede. Uns bleibt keine Zeit mehr. Du musst einen Weg finden, ihn zu bannen!\u201c Erneutes rumpeln. Unwillk\u00fcrlich wich Sean zur\u00fcck. \u201eGeh!\u201c Schrie sie mit schriller Stimme und Sean gehorchte. Er war keine zwanzig Schritt weit gekommen, als er h\u00f6rte, wie sie schrie. Wie gebannt sah Sean zur\u00fcck und er stellte mit Schrecken fest, dass sie lichterloh in Flammen stand. Er wusste, dass war kein normales Feuer, denn war so durchscheinend wie Emely und umschloss nur sie. Und dennoch ging von diesem Feuer eine unheimliche Hitze aus. Schon sp\u00fcrte Sean, wie die Flammen auf ihn \u00fcbergriffen. Uns\u00e4glicher Schmerz breitete sie in ihm aus. Er sp\u00fcrte, wie seine Kleidung brannte und sein Fleisch schmolz. Immer hei\u00dfer und hei\u00dfer wurde es. Sein Atem setzte aus. Die kalte Hand des Todes griff nach \u0001 \u0002 vom Donner gesch\u00fcttelt fuhr er hoch. Angstschwei\u00df stand ihm auf der Stirn. Sein Atem ging so schnell, dass er f\u00fcrchtete, ihm w\u00fcrde die Lunge aus der Brust springen. Hatte er das nur getr\u00e4umt? Sean war sich nicht sicher. Die Bilder in seinem Kopf hallten noch nach und es brauchte einige Minuten, bis er begriff, dass er in seinem Bett lag und es Morgen war. Nerv\u00f6s zupfte er an seinem Schlafshirt herum. Gut, es klebte nur vor Schwei\u00df an seinem K\u00f6rper. Sean ging ins Bad und zog das Shirt aus. Nichts. Nirgendwo war auch nur die Spur einer Verbrennung zu sehen. Nur die Narbe an seiner linken Schulter war da. Gro\u00df und blass war sie und prangte dort gut sichtbar. Hastig zog er sich an und verdr\u00e4ngte die aufkeimenden Erinnerungen. Als er wieder das Zimmer betrat, fiel sein Blick auf den Tisch und den Kandelaber. Die Kerzen waren v\u00f6llig heruntergebrannt. Also doch kein Traum? Aber was war es dann? Unschl\u00fcssig ging er zum Fenster und riss es auf. Vielleicht w\u00fcrde die k\u00fchle Morgenluft seine Gedanken ordnen. Doch was ihm dann entgegenschlug, war alles andere als k\u00fchl. Die Luft war hei\u00df und stickig. In der Ferne sah Sean eine schwarze Wolkenmauer, die langsam auf Darbney und das Schloss zuwalzte. Dieser Sturm w\u00fcrde sehr heftig werden, wenn die Luft jetzt schon so dick war, dass man sie schneiden konnte. In der Ferne h\u00f6rte er es bereits rumpeln. Immer wieder erhellte sich die dunkle Wolkenwand blitzartig. Und dem folgte ein lautes knallen. War das ein Omen? Widerwillig sch\u00fcttelte Sean den Kopf. Nein, an so etwas glaubte er nicht. Und doch...Wie der Teufel war er zu seinem Auto gerannt. Irgendwie hatte er ein ungutes Gef\u00fchl. Etwas braute sich zusammen. Im Internet hatte er sich schlau gemacht. Und nun raste er zu der einzigen Person, die diesem Wahnsinn ein Ende machen konnte. Es regnete Sturzb\u00e4che. Daumendicke Regentropfen knallten auf die Windschutzscheibe. Um ihn herum toste ein Sturm, der vom nahenden Weltuntergang h\u00e4tte k\u00fcnden k\u00f6nnen. Es blitzte und donnerte in einem fort. Ein starker Wind dr\u00fcckte immer wieder gegen den kleinen Smart und drohte ihn wegzudr\u00fccken. Doch Sean war es gleich. Er raste durch das Unwetter, nur vor Augen, was passieren \u0001 \u0002 Blitzschlag riss Amelia aus dem Schlaf. Es war sp\u00e4ter Vormittag und sie wunderte sich, dass es so dunkel war. Vor ihrem Fenster toste jenes Unwetter, dass sich schon am Morgen angek\u00fcndigt hatte. Sie f\u00fchlte sich unwohl. Dabei wusste sie nichtmal, warum. Schon ihre Nacht war von bizarren Tr\u00e4umen gepr\u00e4gt gewesen und mehrmals hatte sie das Gef\u00fchl gehabt, Stimmen w\u00fcrden sie verfolgen. Als sie aus dem geschlossenen Fenster auf den Parkplatz sah, fiel ihr auf, dass Seans Auto weg war. Schade , dachte sie bei sich, der erste interessante Mann in meinem Leben und er haut ab. Traurig wandte sie sich vom Fenster ab und bemerkte mit Schrecken, dass sie nicht alleine \u0001 \u0002 quietschenden Reifen brachte Sean sein Auto zum stehen. Es regnete noch immer in Str\u00f6men. Ungeachtet des Wetters st\u00fcrmte er hinaus in den Regen und zur \u00f6rtlichen Kirche. Wie ein Wahnsinniger h\u00e4mmerte er gegen die T\u00fcr der Kirche, bis sie sich knarzend \u00f6ffnete. \u201eHallo, wie kann ich helfen?\u201c Ein dicklicher, \u00e4lterer Mann mit Brille auf der Nase lugte durch den T\u00fcrspalt. \u201eWir m\u00fcssen reden!\u201c Sean st\u00fcrmte an dem Priester vorbei in die Kirche. Er tropfte den ganzen Teppich voll und der Priester blickte ihn kritisch an. \u201eSie sind ganz sch\u00f6n unversch\u00e4mt, junger Mann.\u201c \u201eJa ja ja.\u201c Winkte Sean ab. \u201eIch brauche Ihre Hilfe. Sie kennen sich doch mit diesem ganzen Kirchenhokuspokus aus. Wie werde ich einen b\u00f6sen Geist los?\u201c Der Priester sah ihn verwirrt an. \u201eKirchenhokuspokus? Also wirklich.\u201c Dann \u00fcberlegte er. \u201eNun es gibt das eine M\u00f6glichkeit. Wenn dieser \u201eGeist\u201c zu Lebzeiten keine Absolution erhalten hat, k\u00f6nnte es durchaus sein, dass seine Seele keine Ruhe findet.\u201c \u201eAbsolu-was?\u201c \u201eAbsolution. Das hei\u00dft, s\u00e4mtliche S\u00fcnden werden einem erlassen und die Seele kann in den Himmel aufsteigen.\u201c Sean machte gro\u00dfe Augen. \u201eBraucht man dazu viel?\u201c Der Priester \u00fcberlegte kurz. \u201eEigentlich nicht. Man braucht eine Bibel und Weihwasser.\u201c \u201eGut, holen Sie das. Darf ich mal ihr Telefon benutzen?\u201c Der Priester nickte verwirrt und zeigte Sean, wo es sich befand. Sean t\u00e4tigte einen wirren Anruf auf dem Revier und zwang dann den Priester, \u0001 \u0002 wich Amelia zur\u00fcck. Sie trug keines ihrer Schutzamulette. Und auch ihr Zimmer war v\u00f6llig schutzlos. In diesem Moment verfluchte sie ihren Vater, der alle Schutzzauber entfernt hatte. Sie wusste, dass ihr nichts mehr w\u00fcrde helfen k\u00f6nnen. Nichtmal Sean, denn der war ja \u0001 \u0002 Anruf hatte seine Kollegen zutiefst verunsichert. Er hatte gesagt, er wisse, wer der M\u00f6rder ist und das sie Schaufeln mitbringen sollten. Dann hatte er aufgelegt und hatte den Priester gezwungen, Weihwasser und Bibel einzupacken und ihn dann ins Auto gezwungen. Dann war er zur\u00fcck nach Darbendy Castle gerast. Der Sturm toste noch immer wie ein b\u00f6ses Omen \u00fcber ihnen hinweg. \u201eSie m\u00fcssen mir helfen. Sie m\u00fcssen eine Absolution erteilen.\u201c Sean zerrte den Priester zu dem Baum, unter dem Ramsey begraben lag. Einige seiner Kollegen waren bereits da, mit Schaufeln und Regenschirmen bewaffnet. Sie sahen ihn extrem b\u00f6se an. \u201eGut, ihr seit hier. Grabt, grabt schnell.\u201c Mit diesen Worten griff er selbst nach einer Schaufel und buddelte sich durch die durchweichte \u0001 \u0002 wusste nicht wie, aber sie war entkommen. Kopflos rannte sie durch das Schloss und wusste doch, dass es kein Entkommen gab. Denn das, was hinter ihr her war, war kein Mensch. Eine grauenhafte Schreckgestalt, v\u00f6llig abgemagert, fast ein Skelett. Die dunklen Haare waren lang und reichten ihr bis \u00fcber die Brust. Das Gesicht war eine Todesfratze, ohne Augen oder Mund. Dort, wo seine H\u00e4nde h\u00e4tten sein sollen, waren nur Stummel. Aber sie waren da. Sie flogen neben ihm her und gierten nach Amelias Hals. Instinktiv suchte sie in ihrem Ged\u00e4chtnis nach Abwehrzaubern, fand aber keinen. Sie w\u00fcrde sterben, dass wusste \u0001 \u0002 war gereizt. Es dauerte eine gef\u00fchlte Ewigkeit, in dem v\u00f6llig durchweichten Boden ein Loch zu graben. Immer wieder rutschte das Erdreich ab und nach dem 5. Fehlversuch fluchte Sean \u00e4u\u00dferst unchristlich und so, dass ihn der Priester b\u00f6se anstarrte. Irgendwann jedoch hatten sie es geschafft und eine halb verottete Kiste mit ausgeblichenen Gebeinen stierte ihnen entgegen. \u201eLos, erteilen Sie die Absolution!\u201c Befahl Sean den \u00fcberrumpelten Priester. \u201eNIEMALS!\u201c Sein Aufschrei wurde von Blitz und Donner untermauert. \u201eDiese h\u00f6llische Kreatur wird von mir niemals den letzten Segen bekommen.\u201c Sprach es und wandte sich zum \u0001 \u0002 sa\u00df in der Falle! Es gab keinen Ausweg mehr. In ihrer Verzweiflung schnappte sich Amelia eine Tischlampe, die als Deko auf der Kommode stand und warf sie nach der Kreatur. Doch die Lampe schleuderte durch sie hindurch, wie durch eine Schicht Wasser, nur um dahinter laut krachend am Boden zu zerschellen. Amelia schrie, sie schrie so laut sie nur konnte. Vielleicht w\u00fcrde sie jemand h\u00f6ren und retten. Und tats\u00e4chlich, der Polizeicaptain und einige seiner Leute kamen um die Ecke gest\u00fcrmt, wie die ber\u00fchmte Kavallerie. Doch die Kreatur st\u00f6rte sich nicht daran. Er hob die Arme und die grauenhaften, wachsartigen H\u00e4nde legten sich um Amelias Hals und dr\u00fcckten zu. Verzweifelt packte sie danach und versuchte, sie loszuwerden. \u201eSchei\u00dfe, Sean hatte recht. Das ist der M\u00f6rder.\u201c Stammelte Seans Partner ungl\u00e4ubig. \u201eHe du Dreckschwein! Lass das M\u00e4dchen los!\u201c Schrie der Captain wie von Sinnen. Doch Ramsey tat nicht dergleichen. \u201eAlso gut M\u00e4nner, schie\u00dft!\u201c Und ein wahrer Kugelhagel ging auf ihn hernieder. Doch es war, wie wenn man in eine Wachspuppe schoss. Sie drangen in den K\u00f6rper ein und purzelten auf der anderen Seite wieder hinaus. Eine Wirkung blieb aus. Ramsey drehte sich langsam um. Etwas d\u00e4monisches lag auf der Todesfratze. Er schwang einen Arm und die Polizisten flogen wie Legom\u00e4nnchen durch die Luft und gegen die Wand. Dann widmete er sich wieder seinem \u0001 \u0002 Priester hielt inne. Er hatte das klacken hinter sich trotz des Sturmes geh\u00f6rt. Langsam drehte er sich um und blickte in den Lauf einer Pistole. \u201eSie werden die Absolution vornehmen.\u201c Zischte Sean mit einem Blick, der dem Priester eine G\u00e4nsehaut machte. \u201eich, ich kann das nicht.\u201c Stammelte er nerv\u00f6s, den Blick auf den gl\u00e4nzenden Lauf geheftet. \u201eEr, er wurde auf unheiligem Boden bestattet.\u201c \u201eDoch, Sie k\u00f6nnen. Und Sie werden, sonst blase ich Ihnen das Hirn raus!\u201c Sean achtete gar nicht auf seine Kollegen, die ihre gezogenen Waffen auf ihn gerichtet hatten. Er w\u00fcrde das zu Ende bringen, egal wie. Hauptsache, er wieder seine Ruhe. \u201eAlso gut, also gut, ich tue es. Aber nehmen Sie dieses Ding runter.\u201c Der Priester ging zur\u00fcck zum Grab, r\u00e4usperte sich und suchte eine passende Stelle in der Bibel. Dann begann er mit bebender Stimme zu sprechen. \u201eIm Namen des Vaters, des Sohnes und des heiligen Geistes! Hiermit spreche ich dich von all deinen S\u00fcnden frei.\u201c Bei diesen Worten sprenkelte er immer wieder Weihwasser ins offene \u0001 \u0002 hatte keine Kraft mehr. Sie sp\u00fcrte ihren K\u00f6rper nicht l\u00e4nger. Ihr Blick war verschwommen. Unerbittlich dr\u00fcckte Ramsey zu, es war nur noch eine Frage von Augenblicken, bis sie tot w\u00e4re. Sie hatte schon abgeschlossen, als der Druck nachlie\u00df. Die H\u00e4nde, die sie eben noch m\u00fchelos in die Luft gehoben hatten, verloren ihre Kraft und Amelia st\u00fcrzte r\u00f6chelnd und nach Luft ringend zu Boden. Das n\u00e4chste bekam sie nur schemenhaft mit. Ramsey wankte. Er stie\u00df grauenhafte Laute aus. Sein K\u00f6rper begann sich aufzul\u00f6sen. Die H\u00e4nde hatten sich in blubberndes, glibbriges Ektoplasma aufgel\u00f6st, das jetzt an Amelia herunterlief und sich aufl\u00f6ste. Auch um den Rest Ramseys stand es nicht besser. Unter unverst\u00e4ndlichen Lauten schmolz die Kreatur dahin, bis nichts mehr davon \u00fcbrig war. Ein junger Polizist, der sich als erstes wieder gefangen hatte, st\u00fcrzte zu Amelia, um ihr zu helfen. Ein lauter Knall toste \u00fcber das Gewitter hinweg. Sean, der Priester und die anwesenden Polizisten waren allesamt von den F\u00fc\u00dfen gerissen worden. Als der Priester sein Gebet beendet hatte, hatte man erst ein gurgeln und dann den Knall geh\u00f6rt. Die folgende Druckwelle hatte sie allesamt zu Boden gerissen. Es dauerte einige Minuten, bis Sean begriff, was passiert war. Der Regen h\u00f6rte so pl\u00f6tzlich auf, wie er angefangen hatte und blaue Fetzen rissen in die graue Wolkendecke. Das Grab war weg. Es war fast so, als h\u00e4tte es nie eins gegeben. Das Gras gr\u00fcnte vor sich hin, als w\u00e4re es nie anders gewesen. Er hatte es geschafft! Dieser Gedanke lie\u00df Sean tief \u0001 \u0002 dem Weg zum Schloss sah er den Notarztwagen. Aber er war zu ersch\u00f6pft, um sich dar\u00fcber Gedanken zu machen. Wie paralysiert lief er um den Wagen herum und sah Amelia darin sitzen, wie sie in eine Sauerstoffmaske atmete. Er war erleichtert, sie zu sehen. Kurz und knapp berichtete Sean ihr, was passiert war. Amelias Ez\u00e4hlung war um einiges spannender. Als Seans Captain wutenbrannt auf ihn zugestr\u00f6mt kam, nahm er Marke und Waffe und warf sie ihm vor die F\u00fc\u00dfe. \u201eIch k\u00fcndige.\u201c Er l\u00e4chelte seinen Captain schief an und ging. Nie wieder wollte er etwas mit diesem Mist zu tun haben.",
            "wordcount": "10.094",
            "chapter_release": "08.06.2019",
            "chapter_number": "1"
        }
    },
    "title": "Die Geisterh\u00e4nde",
    "topic": "unspecified",
    "release": "\n08.06.2019\n\t\t\t\t\t\t",
    "author": "Myrabelle"
}