{
    "tags": [],
    "chapcount": "11",
    "wordcount": "35.397",
    "chapters": {
        "1": {
            "text": "Inhalt:\u201e...Still liegst du da, bewegst dich nichtDer Schwarze Mann zerkratzt dir dein Gesicht...\u201cDieses Lied, monoton und klanglos, verfolgte mich. Jagte mir einen Schrecken ein. Und dabei hatte ich gedacht, dass es nur ein paar sch\u00f6ne Tage in den Bergen sein sollten. Ein wenig sp\u00e4ter Sommer, bevor der November mit seinen St\u00fcrmen das letzte Laub von den B\u00e4umen pfl\u00fcckte. Ein wenig Erholung in der Halloween-Zeit f\u00fcr mich und meine Familie...Kommentar: Halloween ist ein Fest der Alten Welt, welches mit den Auswanderern in die Neue Welt gebracht wurde. Es bekam einen eigenen Touch und einen anderen Namen. Vermischte sich mit etwas Erntedankfest, dem Herbstfest der Indianer und wurde zusammen mit dem Truthahn, dem Ruf nach S\u00fc\u00dfem und den Geistern etwas, was als Ur-Amerikanisch gilt. Langsam, aber stetig, kommt dieses Fest nun zur\u00fcck zu den Orten, woher es vielleicht einmal kam. Ein wenig ver\u00e4ndert, vielleicht ein anderer Tag. Vielleicht ein wenig mehr Ernst bei der Sache als ihn die Amerikaner in der Regel an den Tag legen, wenn es um diesen Tag geht. Aber ansonsten ein Fest, welches von den Geistern, D\u00e4monen, Kobolden, Feen, Toten und s\u00fc\u00dfigkeitens\u00fcchtigen Kindern mit am liebsten gefeiert \u0001 \u0002 in der Alten Welt gibt es noch weitaus mehr \u201ewei\u00dfe\u201c Geschichte als in der Neuen. In der Neuen sind Geschichten alt, wenn sie 200 Jahre z\u00e4hlen und die Geschichten der Indianer z\u00e4hlen nicht dazu. In der Alten Welt kann auch schon mal ein Geist auftauchen, der seine 500 und manchmal auch seine 1000 Jahre hinter sich \u0001 \u0002 Geschichte ist \u00fcbrigens keine Song-Fiction, wie sie im Yaoi-Genre gern geschrieben wird. Es ist eine vollst\u00e4ndige Geschichte mit allem Drum und Dran. Anfang, Mitte und \u0001 \u0002: Der hier zitierte Liedtext stammt von den \u00c4rzten, einer gro\u00dfartigen Band, die viel daf\u00fcr getan hat, dass man heute nicht nur englische Musik in den Top Ten h\u00f6rt oder deutsche Schlager- und Volksmusik. Die Melodie, die jedoch in dieser Geschichte hinterlegt wurde, ist wesentlich monotoner und stimmloser als es von den \u00c4rzten gesungen wird. Sollte jemand also das Original h\u00f6ren: So klingt es nicht. Dennoch: Die Geschichte ist dieser Gruppe gewidmet und einem Fan, der mich darauf gebracht hat, die Geschichte zu schreiben. Ihr Name ist \u0001 \u0002 habe ich die Geschichte Neko.(Dis)Claimer-Erg\u00e4nzung: Das zitierte Lied geh\u00f6rt den \u00c4rzten und bleibt auch in der zitierte (erg\u00e4nzten) Form deren Eigentum. ~~~~~~~~~~~~~~~~~~~~~~~~~~~~~~~~~~~~~~~~~~~~~~~~~~~~~~~~~~~~\u201eSandra! Sandra! Dreh das Karussell nicht so heftig. Du f\u00e4llst sonst runter!\u201cIch sah, wie meine Frau wieder einmal versuchte, unser Kind zu b\u00e4ndigen. Es war ein Wildfang und reich von Gott gesegnet. Mein Sonnenschein war eine Sch\u00f6nheit, voller Tatendrang, ausgestattet mit dem Mut eines Jungen. Ich war stolz auf Sandra und ich war stolz auf meine Frau, die sich niemals wirklich aus der Ruhe bringen lie\u00df. Ich w\u00fcnschte mir wie sie noch ein zweites Kind. Aber leider war uns dieses Gl\u00fcck nicht verg\u00f6nnt. Ich konnte nur schlecht Kinder zeugen und so war Sandra eher ein unvermutetes Geschenk, das ich umso heftiger liebte. Karin, meine Frau, lief mit ihren ausgetretenen Sportschuhen durch das nasse Gras und fing gerade unsere Tochter auf und lachte. Sandra wurde in drei Monaten sieben Jahre \u0001 \u0002 n\u00e4chsten Jahr kam sie in die Schule und ich freute mich darauf, sie mit ihrer gro\u00dfen Schult\u00fcte zu sehen. Kinder wurden zu schnell gro\u00df, stellte ich einmal mehr fest. Nur an den Kindern konnte man sehen, wie schnell die Zeit wirklich verging. Sie lebten in der Gegenwart, dachten nicht an den n\u00e4chsten Morgen und lernten, was sie zwischen ihre Finger bekamen. Kinder konnten einem viel beibringen und die Welt zeigen, weil man selbst vergessen hatte, sie mit unschuldigen Augen zu sehen. Diese Weisheit hatte ich durch Sandra gelernt und ich betete sie fast t\u00e4glich. Ich gebe zu, es klingt pathetisch und eindeutig \u00fcberzogen. Aber das kann eben nur jemand nachvollziehen, der selbst Kinder \u0001 \u0002 selbst arbeitete als Vertreter bei einer gro\u00dfen Versicherungsgesellschaft und bekam nur selten so viel freie Zeit, wie ich gern gewollt h\u00e4tte. Doch jetzt hatten wir ganze zwei Wochen Urlaub. Es war nicht das, was sich Karin gew\u00fcnscht hatte. Minimum eine Woche in der Karibik. Aber der Schwarzwald war im Herbst einfach nur gro\u00dfartig. Leider musste ich trotz Urlaub f\u00fcr meine Versicherung erreichbar sein. Manchmal w\u00fcnschte ich mir, einen anderen Beruf ergriffen zu haben. Aber nun war es nicht mehr zu \u00e4ndern und die Gleise, die ich in meiner Jugend gestellt hatte, fuhren unerbittlich und unab\u00e4nderlich in eine \u0001 \u0002 Frau hatte es da besser. Sie ging wieder seit dem vierten Lebensjahr von Sandra arbeiten. Sie hatte sich nach der Schwangerschaft entschieden, doch noch zu studieren. Sie hatte die drei Jahre genutzt und Volkswirtschaft studiert. Jetzt arbeitete sie in einer gro\u00dfen Firma und war f\u00fcr die langfristige Orientierung des Unternehmens auf dem Weltmarkt zust\u00e4ndig, entwarf Strategien und \u00fcberwachte die Durchf\u00fchrung. Sie arbeitete den Tag \u00fcber. Sandra besuchte in der Zeit den Kindergarten. Es hatte deswegen gro\u00dfe Streitigkeiten in unserer beider Familien gegeben. Nach Meinung unserer Eltern hatte Karin bis zu dem Tag, wo Sandra zur Schule ging, f\u00fcr das Kind da zu sein und dann vielleicht einen Halbtagsjob annehmen k\u00f6nnen. Aber auch nur vielleicht. Schlie\u00dflich brachte ich als Mann und Ern\u00e4hrer der Familie mehr als genug Geld nach Hause. Sie konnte sich daher voll und ganz auf Sandras Erziehung und Fortkommen konzentrieren. Ich hatte aber schon lange vorher gemerkt, dass die Liebe meines Lebens so nicht lange halten w\u00fcrde. Karin war eine gro\u00dfartige Frau, die einen gro\u00dfen Teil des Temperaments an unsere Tochter weiter gegeben hatte. Sie beide wussten sehr genau, was sie wollten und wie sie es bekamen. Weder Sandra noch ich kamen dabei zu kurz. Im Gegenteil, schon in der Probezeit des Kindergarten konnte ich sehen, dass Sandra ganz gern mal nichts mit ihren Eltern zu tun hatte. Am Anfang gab es noch Heimweh, aber dann war alles nur noch ein riesiges Abenteuer und da st\u00f6rten wir einfach nur. Am Abend kam sie dann regelm\u00e4\u00dfig voller neuer Ideen, Fragen und Anregungen nach Hause, dass ich regelm\u00e4\u00dfig \u00fcberfordert war. Zudem war ich sowieso nur sehr sp\u00e4t bei meiner Familie und immer wieder st\u00f6rten mich Kundenanrufe auf. Es war Karin, die das alles abfing. Manchmal machte mich ihre Leichtigkeit neidisch. Aber auch das war eines der Gr\u00fcnde gewesen, warum ich mich damals in sie Hals \u00fcber Kopf verliebt hatte.\u201ePapa, Papa!\u201cMit einem Schrei lief Sandra auf mich zu. Sie lachte \u00fcber das ganze Gesicht. Ihre Arme waren ausgebreitet, bereit, sich von mir auffangen zu lassen. Immer wieder bewies mir meine Tochter das Gesp\u00fcr, mich aus Gr\u00fcbeleien zu zerren und mich in der Gegenwart willkommen zu hei\u00dfen. Etwas langsamer kam Karin hinterher. Auch sie l\u00e4chelte. Ich konnte sehen, wie sie immer wieder tief durchatmete. Genau das war es: Einen Augenblick, wo wir tief durchatmen konnten und die Zeit f\u00fcr uns stehen blieb. Ich bedauerte es in den letzten Tagen zu oft, dass mich meine Arbeit am Abend so einspannte, dass ich kaum noch mitbekam, wie sich alles um mich \u00e4nderte.\u201eMein Sonnenschein\u201c, begr\u00fc\u00dfte ich Sandra, als h\u00e4tten wir uns lange nicht gesehen. Dabei waren wir gerade erst aus dem Auto gestiegen. Sie grinste. Sandra mochte es, wenn ich sie so nannte. Ich wusste nicht, wie lange dieser Zustand hielt \u2013 sp\u00e4testens mit der Pubert\u00e4t musste ich mich damit wohl zufrieden geben, dass sie eine andere Anrede w\u00fcnschte. Aber bis dahin nutzte ich die Gelegenheit meinem Herzen nachzugeben und sie mit Koseworten zu rufen.\u201ePapa, kann ich noch weiter spielen? Mama sagt, dass wir erst im Hotel ein... ein...\u201c Sie verzog das Gesicht, weil sie das schwere Wort nicht \u00fcber die Lippen bekam.\u201eEinchecken?\u201c, bot ich an. Sie nickte. \u201eJa, genau das. Sie sagt, dass ich erst dann wieder spielen kann. Wir m\u00fcssen die Koffer auspacken und dann wollen wir etwas essen. Aber es ist doch so sch\u00f6n!\u201cIch sah zu Karin her\u00fcber, die mir nonverbal zu verstehen gab, ihre Erziehungsbem\u00fchungen nicht zu torpedieren. Wir hatten ganz zu Anfang vereinbart, dass, egal wie falsch eine Entscheidung f\u00fcr den anderen Partner aussah, wir vor den Augen unseres Nachwuchses niemals Uneinigkeit zeigten. Ich neigte durchaus dazu, wie ich in den Jahren nach Sandras Geburt feststellen musste, ihren Flirtbem\u00fchungen und ihren Augenaufschl\u00e4gen nachzugeben, mit denen sie mich regelm\u00e4\u00dfig um den kleinen Finger wickeln konnte. Ich war meiner Tochter verfallen und sie wusste es. Aber Karins Konsequenz und unsere Vereinbarungen halfen, dass mein kleiner Sonnenschein uns nicht gegeneinander aufbrachte. Dabei hatte sie es ein paar Mal schon geschafft. Aber Karin und ich vertrugen uns ganz schnell wieder und dann mussten wir uns augenzwinkernd eingestehen, dass unsere kleine Tochter uns ab und an \u00fcberlegen \u0001 \u0002 ging daher davon aus, dass Karin Sandra gesagt hatte, was diese eben mir erz\u00e4hlte. Ich h\u00e4tte Sandra gew\u00e4hren lassen und sie h\u00e4tte weiter spielen d\u00fcrfen. Aber dann konnte ich auch eine gewisse Besorgnis in Karins Augen erkennen. Nach einem kurzen Moment waren mir auch die Gr\u00fcnde klar. Die Gegend war uns Dreien fremd. Besser war es, wenn wir uns erst einmal gemeinsam alles anschauten und wir dann ganz genau wussten, wohin Sandra es eventuell ziehen konnte, wenn wir einmal nicht hinschauten. Zudem war das Hotel mit einer Kindergruppe angeboten worden, wo bei kindgerechten Veranstaltungen die Phantasie unserer Kleinen gefesselt werden w\u00fcrde. Wir hatten im Prospekt gelesen, dass es Nachtwanderungen gab, gro\u00dfes Puppentheater und Kinobesuche. Alles, was man sich so w\u00fcnschen konnte. Gemeinsam hatten wir uns ausgesucht, dass wir mindestens drei Tage im Freizeitpark sein und wirkliches Karussell und Fahrgesch\u00e4ft probieren w\u00fcrden. Sandra freute sich ungemein darauf. Vor der Nachtwanderung f\u00fcrchtete sie sich ein wenig. Aber sie wollte auch ganz mutig sein. Nach der Nachtwanderung gab es n\u00e4mlich f\u00fcr jeden einen gro\u00dfen Kn\u00fcppelkuchen. Ich hatte ihr ausf\u00fchrlich erkl\u00e4ren m\u00fcssen, was ein Kn\u00fcppelkuchen war. Jetzt wollte sie ihn ganz bestimmt probieren. Dass sie ihn ganz sicher auch ohne Nachtwanderung bekommen w\u00fcrde, hatte ich ihr auch erkl\u00e4rt. Aber sie meinte, dass es wohl zusammen geh\u00f6rte und sie wollte zudem mutig sein. Und au\u00dferdem sei sie schon gro\u00df und w\u00fcrde bald in die Schule gehen. Also wollte sie mitmachen. Vom Reiseveranstalter wusste ich, dass das Hotel mit zwanzig Familien und ihren Kindern belegt war. Das lag daran, dass der Betreiber des Hotels ganz besondere Angebote f\u00fcr Familien anbot und vor allen Dingen zu Halloween mit Besonderheiten \u0001 \u0002 war dieses Geisterfest eine Seltsamkeit aus Amerika. Doch irgendwie hatte sie wie Valentins den Sprung \u00fcber den atlantischen Ozean geschafft und sorgte jetzt auch in der Alten Welt f\u00fcr einigerma\u00dfen Verwirrung. Dennoch, so ganz war nicht alles kopiert worden. Und in der typischen Manier der Europ\u00e4er, alles etwas ernster zu nehmen, war daraus ein richtiges Gruselfest geworden. Die Kinder freuten sich \u00fcber S\u00fc\u00dfigkeiten, aber die Erwachsenen hatten manchmal etwas mehr vor. Diese quietschbunte Dekoration gab es jedoch nur in den Kaufh\u00e4usern. Bis jetzt wurde zumindest bei uns zu Hause das Fest nicht weiter gefeiert. Ich hatte nur im letzten Herbst einen K\u00fcrbis ausgeh\u00f6hlt und ihn in den Eingang gestellt. Sandra war von dem flackernden Licht und dem sch\u00f6nen Schatten an der Wand fasziniert gewesen. Dieses Jahr hatte sie sich ein richtiges Halloweenfest gew\u00fcnscht. Und hier konnte wir es nun feiern. Das Prospekt vom Hotel hatte eine ganz besondere Zeit versprochen, die den \u00dcbergang vom Herbst in den Winter symbolisierte. Geister und Hexen w\u00fcrden ihre Aufwartung machen und die kleinen und gro\u00dfen G\u00e4ste mit allerlei Attraktionen unterhalten werden. Karin war \u00e4hnlich Feuer und Flamme gewesen, als sie das gesehen hatte. Zumindest f\u00fcr diesen Moment war die Karibik vergessen gewesen, auch wenn sich sp\u00e4ter noch ein kleiner Wermutstropfen in die Stimmung gemischt hatte, als sie die Kataloge f\u00fcr die S\u00fcdsee verbannte. Jetzt dachte sie jedoch ganz sicher nicht daran. Ich umarmte Sandra und sch\u00fcttelte den Kopf.\u201eWir wollen doch sehen, wie das Hotel aussieht\u201c, machte ich ihr Hoffnung auf ein Erlebnis. Sandra schaute zum Haus hinauf. Es war ein Fachwerkhaus. Sehr gro\u00df und mit einem weiten Hof. Ich wusste, dass es den alten Bauernh\u00f6fen nachempfunden war, aber trotzdem erst knapp 15 Jahre alt. Es bestand aus mehreren Geb\u00e4uden, die von unserer Stelle aus nicht zu sehen waren. Einige Nebengeb\u00e4ude, Stallungen mit Tieren darin und eben dem gro\u00dfen Haupthaus. Die D\u00e4cher waren zum Teil strohgedeckt, zum Teil mit Schiefer. Die Mauern leuchteten wei\u00df und das Holz war tiefschwarz.\u201eGut\u201c, meinte Sandra gro\u00dfm\u00fctig. \u201eIch will sehen, was f\u00fcr ein Bett ich habe. Und was f\u00fcr Kinder da sind.\u201c Ich hatte mehr oder weniger gewonnen. Karin l\u00e4chelte. Gemeinsam gingen wir zur\u00fcck zum Auto und fuhren das kleine St\u00fcck weiter. Wir hatten nur angehalten, weil der Anblick der bewaldeten H\u00fcgel und der fernen Berge, die alle jetzt feuerrot leuchteten und des Hotelkomplexes, der sich unter die B\u00e4ume schmiegte, einfach nur perfekt wirkte und wir uns das genauer hatten ansehen \u0001 \u0002 fuhren die Auffahrt zum Hotel hoch. Der Kies knirschelte unter den Reifen unseres Autos. Ein Mann trat aus der T\u00fcr heraus. Er trug eine gr\u00fcne Leinensch\u00fcrze, ein wei\u00dfes Hemd und dunkle Hosen.\u201eGuten Tag und herzlich Willkommen im Hotel \u201eZum Schwarzen Wirt\u201c. Mein Name ist Jonas. Soll ich Ihnen beim Gep\u00e4ck helfen?\u201c, gr\u00fc\u00dfte er mit laut dr\u00f6hnender und gutm\u00fctiger Stimme. Sandra machte gro\u00dfe Augen und f\u00fcr einen Moment f\u00fcrchtete sie sich. Sie sah zu dem Mann auf und \u00f6ffnete staunend den Mund. Jonas strich ihr \u00fcber die Haare und grinste. \u201eWas f\u00fcr eine h\u00fcbsche, junge Dame\u201c, meinte er. \u201eBrauchst keine Angst zu haben. Wie hei\u00dft du denn?\u201c\u201eIch habe keine Angst\u201c, erwiderte meine Tochter und wirkte ganz entr\u00fcstet. \u201eUnd ich hei\u00dfe Sandra!\u201c Jonas lachte und nickte.\u201eNat\u00fcrlich hast du keine Angst.\u201c Er sah zu mir auf und nickte dann meiner Frau zu. \u201eSie sind die Kapprinsky. Wir haben sie schon erwartet. Das Wetter zieht sich zusammen und heute Nacht wird es wohl ein Unwetter geben. Dann wird es ungem\u00fctlich auf der Stra\u00dfe. Es ist gut, dass Sie jetzt da sind. Es ist alles vorbereitet.\u201cIch reichte Jonas die Hand und lie\u00df sie damit buchst\u00e4blich in der Pranke des Mannes verschwinden. \u201eEs ist doch eine wunderbare Luft und es weht \u00fcberhaupt kein Wind\u201c, sprach ich. Auch Karin meinte das ein wenig verwundert. \u201eJa, da haben Sie Recht. Nur, diese Luft tr\u00e4gt die Unruhe eines Sturms mit sich. Vorhin kam es auch in den Nachrichten. Vertrauen Sie mir. Es wird sehr ungem\u00fctlich, wenn es in den Bergen gewittert.\u201c Das glaubte ich ihm ungesehen. Jonas f\u00fchrte uns ins Foyer oder genauer gesagt in die Deele des Hotels. Er hatte uns zwei gro\u00dfe Koffer abgenommen und neben einem langen Tisch gestellt. Mit Selbstverst\u00e4ndlichkeit bediente er den Computer, der darauf stand und tippte etwas hinein. \u201eSo, dann sind alle da. Halloween kann beginnen.\u201c Er wandte sich zu mir und meiner Frau und reichte uns einen der Schl\u00fcssel, die an einem Bord hingen. \u201eSie haben das Zimmer 17. Es zeigt genau ins Tal. Wenn es gewittert, werden sie sehen k\u00f6nnen, wie die Wolken und der Regen hin und her wandern. Es ist ein gro\u00dfartiges und ehrfurchtgebietendes Schauspiel. Ich bringe sie zum Zimmer.\u201c Freundlich bedankte ich mich. Meine Frau suchte Sandra. Die hatte sich ganz Kind in der Betrachtung der gro\u00dfen Deele verloren. Sie sah zu den vielen Bildern, die in b\u00e4uerlicher Manier auf das gehobelte und geschliffene Holz der Deckenverkleidung gemalt worden waren. Der Boden bestand aus gebrannten und unglasierten Ziegeln, die in roten und schwarzen Mustern ausgelegt worden waren. An einem gro\u00dfen Kamin standen gem\u00fctliche, samtgr\u00fcne Sessel. Dazwischen ein schwarzer Holztisch mit Metallbeschl\u00e4gen. Teppiche lagen darunter, die von einer gro\u00dfen Eisenplatte vor dem Kamin gesch\u00fctzt wurden. \u00dcberall hingen Bilder aus allen m\u00f6glichen Epochen. Mal mit Portraits, mal mit Motiven christlicher Fr\u00f6mmigkeit. Dazwischen gab es aber auch Bilder, die ich nicht so einzuordnen vermochte. An Halloween erinnerte jedoch erst einmal gar nichts. Es war nur ein Hotel in einem Bauernhof mit nobler Atmosph\u00e4re und der typischen b\u00e4uerlichen Gem\u00fctlichkeit dieser Gegend, wie man es als Tourist nicht anders erwartete. Nicht mehr und aber auch nicht weniger. Ich ging davon aus, dass noch alles geschm\u00fcckt werden w\u00fcrde, auch wenn ich es ein wenig ungew\u00f6hnlich fand, das erst zu machen, wenn die G\u00e4ste schon da waren. Denn so wie es aussah, waren nur Familien gekommen, die genauso wie wir Halloween feiern wollten. Jonas sah uns erwartungsvoll an und l\u00e4chelte. \u201eEs ist sch\u00f6n hier\u201c, best\u00e4tigte ich anerkennend. Auch Sandra war sichtlich beeindruckt. Karin zeigte sich jedoch pragmatisch und meinte, dass wir wohl erst einmal auf unsere Zimmer gehen sollten. Jonas ging vor und brachte uns in die erste Etage des Haupthauses. Es war die Nummer 17, vor der er hielt. Ich schloss auf und atmete wie im ganzen Haus schon den Duft von Holz und Bienenwachs ein. Das Zimmer steuerte noch die Note von frischer W\u00e4sche bei und dem ersten noch weit entfernten Regen. Die Ank\u00fcndigung wehte durch die angekippten Fenster und gab Jonas Recht mit seiner Warnung. Er ging zu den Fenstern und verschloss sie.\u201eHeute Abend gibt es ein gro\u00dfes Diner. Sie sind herzlichst eingeladen. Das Diner ist auf der gro\u00dfen Deele. Wir w\u00fcrden uns freuen, wenn wir sie erwarten d\u00fcrfen\u201c, lud Jonas uns ein. Karin wirkte sichtlich entspannt bei dieser Nachricht. \u201eAber nat\u00fcrlich kommen wir\u201c, rief sie. Jonas nickte zufrieden und lie\u00df uns dann allein. Sandra war nun nicht mehr zu halten. Aufgeregt lief sie durch das Hauptzimmer mit unseren Betten und erkundete dann alle anderen R\u00e4ume. In einer kleinen Nebenkammer war ihr Bett untergebracht. Wie alles hier waren die M\u00f6bel und die Verkleidung der W\u00e4nde aus hellem Holz gefertigt. Kopfkissen und Bettdecke waren mit wei\u00dfer Bettw\u00e4sche bezogen worden. Am Fu\u00dfende des Bettes befand sich eine rote Satindecke, in der das Bettzeug eingeschlagen und festgesteckt worden war. Obenauf lag feins\u00e4uberlich zusammen gelegt ein Bademantel. Wir, das hei\u00dft, meine Frau und ich, hatten auch jeder einen eigenen Bademantel, aber ein ganze St\u00fcck gr\u00f6\u00dfer. Es war wirklich sch\u00f6n und die liebevollen Details machten es perfekt. Wir verstauten unsere Sachen in einem Bauernschrank und in einer Kommode. Dann g\u00f6nnten wir uns das Gef\u00fchl des Angekommenseins. Aber nur bis zu dem Zeitpunkt, wo mir einfiel, dass ich das Auto noch von der Auffahrt wegfahren musste. Ich gab Karin einen Kuss und ermahnte Sandra, nicht auf die Fensterbank zu klettern, da diese doch ein ganzes St\u00fcck oberhalb ihrer Reichweite lag und sie gerade einen Stuhl heranschob, um sich auf diese Weise zu \u0001 \u0002 Elan lief ich die Treppe hinab und wunderte mich: Die Deele war fast fertig geschm\u00fcckt. Wie schnell hatten die Leute des Hotels das nur machen k\u00f6nnen? Ich sah, wie zwei Frauen einen K\u00fcrbis auf eines der gro\u00dfen Fensterbretter hoben. Eine andere Frau schm\u00fcckte den Kaminsims. Ein junger und ein alter Mann k\u00fcmmerten sich um Strohballen, Kerzen und andere Dekoration. Jonas war am Eingang besch\u00e4ftigt und sorgte mit k\u00fcnstlichen Spinnennetzen f\u00fcr die richtige Atmosph\u00e4re.\u201eHerr Kapprinsky\u201c, gr\u00fc\u00dfte er. \u201eSie wollen wohl an Ihr Auto? Sie sollten sich beeilen. Es wird wohl bis zum ersten Regenschauer nicht mehr lange dauern!\u201cJonas hatte Recht. Schon auf dem kurzen Weg vom Eingang zum Auto bekam ich drei Regentropfen ab. Ich fuhr auf den Hotelparkplatz und spurtete dann zur\u00fcck ins Hotel. Jonas war schon nicht mehr im Eingang. Daf\u00fcr half er gerade dabei, eine gro\u00dfe Tafel aufzubauen, die dann von schneller Hand mit einer langen, wei\u00dfen Tischdecke bedeckt wurde. Ich ging zur\u00fcck in die erste Etage zur Nummer \u0001 \u0002 blieb stehen, als ich jemanden singen h\u00f6rte. Es klang, als w\u00fcrde ein M\u00e4dchen singen.\u201e..Still liegst du da, bewegst dich nichtDer schwarze Mann zerkratzt dein GesichtStill liegst du da, bewegst dich nichtDer schwarze Mann zerkratzt dein GesichtStill liegst du da, bewegst dich nichtDer schwarze Mann zerkratzt dein Gesicht\u201cZiemlich monoton. Den Text konnte ich kaum verstehen. Aber da, wo Kinder waren, sangen sicher auch mal welche. Ich freute mich schon, die anderen G\u00e4ste zu sehen und kennen zu lernen.~*~",
            "wordcount": "3.275",
            "chapter_release": "09.08.2008",
            "chapter_number": "1"
        },
        "2": {
            "text": "Weihrauchduft, wie ich ihn aus der Kirche kannte, der Geruch von verbrennendem Wachs, der Duft von trockenem Stroh, Brat\u00e4pfeln und Schokopudding lagen in der Luft. \u00dcberall brannten die Kerzen in den ausgeh\u00f6hlten K\u00fcrbissen. Spinnenweben hingen von den Decken und den Leuchtern. Die Spinnen selbst waren aus Gummi und klebten an den W\u00e4nde. Schaurig gr\u00fcnes und rotes Licht verbreitete im k\u00fcnstlichen Nebel eine dr\u00fcckende \u0001 \u0002 hielt meine Hand ganz fest in der ihren. Sie schien nicht loslassen zu wollen. Ich sah sie l\u00e4chelnd an. \u201eKeine Angst, mein Sonnenschein\u201c, fl\u00fcsterte ich. \u201eIch bin ganz nahe bei dir.\u201c Karin sah mich liebevoll an. Mein gro\u00dfer Held, stand in ihrem Gesicht geschrieben. Es war nicht sp\u00f6ttisch gemeint, sondern ernst. Sie wusste wie ich, dass die Angst unserer Tochter unbegr\u00fcndet war. Dennoch w\u00fcrde ich sie mit meinem Leben besch\u00fctzen. Auch vor imagin\u00e4ren Gefahren, wenn es sein musste. Im Moment war es ihre eigene Angst. Aber Sandra hielt sich trotz ihres Unbehagens \u0001 \u0002 war auf einmal zu h\u00f6ren. Ich wurde vage an die Munster-Family erinnerte. Aber irgendjemand schien die doch sehr eing\u00e4ngige Melodie neu abgemischt zu haben. Ihren flotten Charakter mit Comedy-Einlage hatte sie eindeutig \u0001 \u0002 anderen G\u00e4ste hatten sich zu uns auf den Flur gesellt und gemeinsam strebten wir der Galerie zu, die sich \u00fcber der Deele befand. Der Anblick, der sich zu unseren F\u00fc\u00dfen auftat, war gruselig und erhebend \u0001 \u0002 Schloss h\u00e4tte man nicht beeindruckender mit einer solchen Atmosph\u00e4re ausstatten k\u00f6nnen, wie die Deele dieses b\u00e4uerlichen Hotels. Alles, jedes Detail, sah so aus, als w\u00e4re es nicht neu, sondern schon Hunderte von Jahren alt. Die Angestellten hatten ein Bankett gezaubert, von dem die G\u00e4ste in Eile die Feier verlassen hatten. Doch das, war wie schon gesagt, vor einigen Hundert Jahren gewesen. Danach hatte die Zeit ihre Spuren hinterlassen. Die Tischdecken, die Kerzenleuchter, die Teller, Gl\u00e4ser und Tassen, das Besteck, ja selbst die Speisen wirkten uralt und alles andere als appetitlich. Aber sie rochen irgendwie ziemlich lecker. \u201eSollen wir das essen?\u201c, fragte meine Tochter mit berechtigtem Zweifel. Meine Frau dachte \u00e4hnlich, denn sie sah mich mit diesem Blick an, wie Lass mich ja nicht allein und Wenn eine echte Spinne kommt, dann schrei ich!Ich hatte nicht vor, ihr und meiner Tochter das anzutun. Aber wir hatten eine echte Halloweenparty gewollt, jetzt bekamen wir sie auch. Ich nahm meine beiden Frauen bei der Hand und gemeinsam gingen wir die Treppe hinab. Wir waren die Ersten und damit wohl auch die Mutigsten. Die anderen Familien folgten uns - mit deutlichen Zweifeln in den Gesichtern.\u201eWillkommen, willkommen\u201c, t\u00f6nte es auf einmal von allen Seiten. Es war jedoch nur die Stimme eines einzigen Mannes. Ich tippte auf verborgene Lautsprecher. Tats\u00e4chlich trat ein einzelner Mann aus der Dekoration. Er war bisher keinem aufgefallen und die, die seine Bewegung nicht gesehen hatte, erschraken mit einem deutlichen Seufzer oder Ausruf. Sandra und Karin hielten nur meine Hand fester. Ich war stolz auf sie. Zugegeben, mein Herz hatte auch einen Hopser gemacht. Der Effekt war doch ziemlich beeindruckend gewesen.\u201eMein Name ist Gwendolin. Ich bin \u00fcber tausend Jahre alt. Ich werde ihr unwillkommener Begleiter in der Nacht der Geister sein. Alle Jahre wieder treffen wir uns an diesem Ort, wo wir, das hei\u00dft, meine Herrschaft mitsamt ihrem Gesinde, verflucht worden sind. Doch ich allein bereite alles vor, bis die hohen G\u00e4ste kommen. Ich bin der Zeremonienmeister. Setzen Sie sich doch, setzten Sie sich doch! So lange die hohen Herrschaften nicht da sind, werde ich Ihnen Gesellschaft leisten oder Sie wohl eher mir.\u201cEr lachte blechern und jagte mir einen Schauer ein. Ich erkannte zwar Jonas. Aber mir kam er so vollkommen ver\u00e4ndert vor, dass ich geschworen h\u00e4tte, es w\u00e4ren zwei verschiedene M\u00e4nner gewesen und keiner hatte mit dem anderen zu tun. Nur seine Augen und seine riesenhafte Statur verrieten ihn. Seine Stimme hingegen war ver\u00e4ndert wie das restliche \u00c4u\u00dfere, das irgendwie an eine vergangene Epoche erinnerte und ziemlich alt und verschlie\u00dfen wirkte. Selbst er war mit Spinnweben dekoriert und gr\u00fcnliche Schatten erinnerten an Schimmel und Moosen, die sich auf seiner Kleidung festgesetzt hatten. Er wirkte perfekt. Wie echt! Einen besseren vermoderten Hauswart h\u00e4tten sie auch in Hollywoods Traumfabrik nicht herrichten k\u00f6nnen, dessen war ich mir sicher.\u201eBis zur Nacht von Hallows, wenn die Hexen tanzen, die Geister singen und der Teufel sich die H\u00e4nde reibt, ist es noch ein wenig. Daher setzen Sie sich. Setzen Sie sich alle an die Tische. Ich w\u00e4re doch ein schlechter Gastgeber, t\u00e4te ich nichts f\u00fcr ihr Wohl unter diesem Dach\u201c, lie\u00df Jonas, oder besser Gwendolin, wie er jetzt hie\u00df, vernehmen. Wir, das hei\u00dft, alle eng versammelten G\u00e4ste mit deutlichem Unbehagen im Gesicht oder auch mit Aufregung, wenn ich einige Mienen n\u00e4her betrachtete, sahen uns kurz an. Nur z\u00f6gernd setzten sich die ersten an die Tafel, dann jedoch taten es alle. Es sah so aus, als wollte niemand lange allein auf einem Fleck stehen, als f\u00fcrchtete er, dort verloren gehen zu k\u00f6nnen. Karin und ich nahmen Sandra in unsere Mitte. Sie sa\u00df mit gro\u00dfen Augen auf ihrem Stuhl. Der Tisch reichte ihr gerade bis zur Brust, so dass sie alles aus einer sehr viel unheimlicheren Perspektive sehen musste. Es gab todwirkende Krabbeltiere auf dem Tisch, angeschlagenes Glas, ru\u00dfende Kerzen. Alles aus der N\u00e4he betrachtet, wirkte noch intensiver. Karin stierte auf eine Spinne, die sich nicht bewegte. Ich tippte sie an. Sie f\u00fchlte sich gummiartig an. Karin wirkte dennoch skeptisch. Aber sie wusste jetzt, dass das Tier sie nicht anspringen w\u00fcrde. Als Sandra sah, dass einige der anderen Kinder es mir nach taten und die Tiere ber\u00fchrten, war auch bei ihr der Bann gebrochen. \u201eDas f\u00fchlte sich komisch an\u201c, beschied sie mir dann ganz leise. \u201eAber das Fell ist toll.\u201c Ich sah, dass da tats\u00e4chlich Fell festgemacht worden war. Es war eine nachgemachte Vogelspinne, was ich ihr dann auch erkl\u00e4rte. Sie kicherte hinter vorgehaltener Hand. Eine Vogelspinne. So ein Tier gab es doch gar nicht! Wie Recht sie hatte. Wer hatte schon jemals davon geh\u00f6rt, dass ein Spinne Fl\u00fcgel hat? Dass das nur ein Name sei und dass dieser wohl woanders herr\u00fchrte, als dass es sich um eine Spinne handelte, die wie die V\u00f6gel fliegen konnte, w\u00fcrde ich ihr sp\u00e4ter einmal erkl\u00e4ren. Heute war nicht ganz die passende Umgebung daf\u00fcr. Zudem wollten wir uns richtig gruseln und eine Lehrstunde h\u00e4tte die Atmosph\u00e4re nur \u0001 \u0002 schepperte es und jegliche Entspannung, die sich bis jetzt bei dem einen oder anderen eingestellt hatte, war wieder vergessen. Wie gebannt schauten alle in die Richtung, aus der der L\u00e4rm kam. \u201eDas kommt aus der K\u00fcche\u201c, h\u00f6rte ich jemanden wispern. Wir, dass hei\u00dft, meine Familie, wir wussten nicht, wo die K\u00fcche war. Die anderen G\u00e4ste hatten da wohl schon eher die Gelegenheit gehabt, sich ein wenig mehr umzuschauen. Wieder schepperte es, als h\u00e4tte jemand etwas fallen lassen. Oder besser, als w\u00fcrde jemand es darauf anlegen, etwas fallen zu lassen. Es entwickelte sich geradezu ein Konzert der schr\u00e4gen Art. Unsere Tochter hatte ihre Augen aufgerissen, schaute ungl\u00e4ubig. Gleiches galt f\u00fcr meine Frau und mich. Etwas bewegte sich auf uns zu. Anders war der L\u00e4rm nicht zu deuten, denn es wurde immer lauter. Dann war auf einmal Stille! So, als h\u00e4tte jemand einen Schalter umgelegt.\u201eHaben Sie sich erschreckt?\u201c, fragte Gwendolin.\u201eNein!\u201c, antwortete ein kleiner Junge, der am anderen Tischende sa\u00df. \u201eSo etwas mache ich immer in der K\u00fcche meiner Mama. Aber sie schimpft dann immer. Dabei macht es doch Spa\u00df!\u201c Den letzten Satz hatte er kleinlaut hinzugef\u00fcgt und erntete daf\u00fcr ein paar Lacher. Auch Gwendolin lachte. \u201eDu bist ein mutiger Junge\u201c, f\u00fcgte er hinzu. \u201eUnd es tut mir ja ausgesprochen leid, wenn sie das doch erschreckt haben sollte. Ich werde wohl mal mit dem Personal reden m\u00fcssen. Fr\u00fcher war das anders. Aber jetzt, wo wir alle so in die Jahre kommen, f\u00e4llt dann auch schon mal die halbe K\u00fccheneinrichtung runter.\u201c Gwendolin sch\u00fcttelte bek\u00fcmmert den Kopf und humpelte in Richtung K\u00fcche. Ich wusste, dass Jonas keine Probleme mit seinen Beinen hatte. Doch so, wie Gwendolin jetzt lief, war ich mir sicher, dass er ein verk\u00fcrztes Bein haben musste. Es wirkte t\u00e4uschend echt. Gwendolin verschwand hinter einem schweren Vorhang. Wir schauten und warteten. Auf einmal ging ein Luftzug durch das Haus. Er war kalt und feucht. Irgendjemand musste eine T\u00fcr ge\u00f6ffnet haben. Meine Frau erschauerte. Sie rieb sich unbewusst die Arme, wo ich deutlich eine G\u00e4nsehaut sehen konnte. Sie war jedoch nicht die einzige und auch bei mir stellten sich die Nackenhaare auf. Kalt wir mir jedoch \u0001 \u0002 Kerzen flackerten ru\u00dfig, dann brannten sie wieder ruhig. Wir schauten uns an. Gwendolin stand wieder an seinem alten Platz. Ich hatte nicht gesehen, wie er dahin gekommen war. Er stand eine Weile ganz ruhig da, ehe er still anfing eine Pfeife zu stopfen. Er lie\u00df sich dabei Zeit. Sandra schaute ihm sichtlich ungeduldig dabei zu. Sie h\u00e4tte wohl gern selbst in der K\u00fcche nachgeschaut. Sie hatte oft mehr Mut, als man ihr zugestanden h\u00e4tte. Doch sie scheute kaum ein Abenteuer, auch wenn sie recht schreckhaft \u0001 \u0002 paffte eine kleine Rauchwolke in die Luft und sah uns aus stechend dunklen Augen an. \u201eDieser Ort war nicht immer von Geistern bewohnt\u201c, erz\u00e4hlte er. \u201eDas ist schon lange her und der erste Geist, der hier an diesem Ort gefangen wurde, und seitdem seine unz\u00e4hligen Tage z\u00e4hlt, ist so alt, dass selbst ich noch jung bin.\u201cIch erinnerte mich, dass er sagte, \u00fcber tausend Jahre alt zu sein.\u201eDer Grund, warum wir alle hier sind, jeder einzelne unruhige Geist, ist immer derselbe gewesen. M\u00f6chte jemand den Grund in unserer illustren Runde erfahren?\u201c\u201eWas hei\u00dft illustbrunde?\u201c, fragte mich Sandra leise und zupfte mir am \u00c4rmel. \u201eNette G\u00e4ste, kleine Dame\u201c, rief Gwendolin. Sandra schaute erschrocken. Sie hatte doch ganz leise gesprochen. Ich l\u00e4chelte sie an und zuckte mit der Schulter. Erleichtert l\u00e4chelte sie zur\u00fcck. \u201eDanke\u201c, sagte sie zu Gwendolin, der sich \u00fcbertrieben verneigte. \u201eGern geschehen, kleine Dame.\u201cSandra wurde ganz rot, aber sie sagte nichts mehr. \u201eDoch du erinnerst mich an meine vernachl\u00e4ssigten Gastgeberpflichten. Den weiten Weg ist ein jeder gekommen und ich biete niemanden hier etwas an. Welch Schande! Greifen Sie zu! Es ist reichlich aufgetragen worden. In den Karaffen steht Wein, Bier, Wasser und f\u00fcr die Kleinen hei\u00dfer Kakao. In den Schalen ist Fleisch, kandiertes Obst und Pudding. Karamellso\u00dfe gibt es hier und s\u00fc\u00dfe Sahne da. Von allem ist reichlich. Nun, ich gebe zu, die Zeit hat alles ein wenig, sagen wir, reifen lassen. Aber ich verspreche dennoch einen Hochgenuss.\u201cWir schauten uns einander zweifelnd \u0001 \u0002 nahm probehalber den Deckel von einer der warmgehaltenen Speisen. Es duftete k\u00f6stlich, aber der Anblick war grauenhaft. Sandra und einige andere Kinder quiekten, wirkten aber nicht sonderlich erschrocken. Es waren tats\u00e4chlich Spinnennetze und Spinnen unter der Haube, darunter war irgendetwas, das wie Auflauf aussah. Wie es sich herausstellte, waren die Spinnen kleine Fleischk\u00fcgelchen, die man mit Beinen versehen hatte. Es war witzig, das herauszufinden. Die Spinnennetze waren etwas fester und schmeckten ganz leicht s\u00fc\u00df. Ich hatte keine Ahnung, was es war, aber es war eine witzige Idee. So kam es, dass eine Speise nach der anderen sozusagen enttarnt wurde und damit als das erkannt wurde, was sie eigentlich \u0001 \u0002 lie\u00df uns diese Zeit und bald war leises Lachen von allen G\u00e4sten zu h\u00f6ren.\u201eWie ich sehe, gef\u00e4llt es Ihnen allen\u201c, bemerkte er. \u201eNun, wo Sie den Speisen so zugetan sind, lassen Sie sich ein wenig unterhalten von mir. Es ist eine kleine Geschichte \u00fcber diese Herberge. Sie nennen es Hotel, wenn ich mich recht erinnere. Nun, fr\u00fcher waren solche Hotels Herbergen, wo der Reisende Obdach, Speisen, Bier im \u00dcberfluss und ein Bett vorfand. Sollte sein Geldbeutel kleiner gewesen sein, dann durfte er f\u00fcr ein paar Kupferst\u00fccke im Stall n\u00e4chtigen.\u201c Gwendolin schaute in die Runde und er durfte sich sicher sein, dass jeder an seinen Lippen klebte. \u201eInteresse, dass ich Ihnen davon allen erz\u00e4hle?\u201c, fragte er mit fast kaum h\u00f6rbarer Stimme. \u201eJa\u201c, riefen die Kinder. Wir Erwachsenen waren damit wohl \u0001 \u0002 l\u00e4chelte hintergr\u00fcndig. Er schob seinen Stuhl noch ein wenig zur\u00fcck, dann r\u00e4usperte er sich theatralisch, ehe er begann: \u201eEs geschah vor vielen, vielen Jahren. Ungez\u00e4hlt sind sie vor\u00fcbergegangen und niemand mag sich heute mehr an sie erinnern. Da gab es an dieser Stelle schon einmal eine Herberge.\u201cMelodramatisch knarrte es irgendwo im Haus. Es war, als w\u00fcrde jemand seinen Fu\u00df auf die Dielung setzen und dann wieder still werden \u0001 \u0002 hatten unbewusst die Luft angehalten. Sogar ich. Dabei sollte ich doch meinem Sonnenschein Zuversicht geben. Aber der Effekt, so minimal er auch eingesetzt wurde, war beeindruckend. Da kam selbst das Fernsehen oder das Kino mit den aufwendigen Spezialeffekten nicht nach. Sandra schaute zu mir auf, als wollte sie sich meiner Anwesenheit versichern. Ich dr\u00fcckte ihre Hand und nickte ihr zu. Das gen\u00fcgte und sie schaute wieder auf Gwendolin, der die kleine Pause genutzt hatte, um h\u00e4misch zu grinsen. Mir war gar nicht aufgefallen, dass er eine Zahnl\u00fccke hatte. Seine \u00fcbrigen Z\u00e4hne leuchteten geradezu gespenstisch hell und machten die schwarze L\u00fccke noch furchterregender.\u201eDiese Herberge hie\u00df \u201eWirtshaus zum Schwarzen Soldaten\u201c. Aber eigentlich wurde sie hinter vorgehaltener Hand und ganz leise, wenn niemand anderes es h\u00f6ren konnte, das \u201eWirtshaus zum Schwarzen Wirt\u201c genannt. Und wirklich, es gab hier immer wieder Wirte, deren Haare so schwarz wie die Nacht waren. Sie trugen immer struppige B\u00e4rte und ihre Augen waren stechend und b\u00f6se. Aber nicht, dass es immer derselbe Wirt war, der im Laufe der Jahrhunderte hier lebte. Nein, nein! Darauf schworen die Leute Eide. Es war immer ein anderer. Der eine war gro\u00df und m\u00e4chtig, der n\u00e4chste klein und schm\u00e4chtig. Der gleiche Wirt konnte es nicht sein. Doch jeder schwor, wer diese Herberge auch immer betrieb, der war alsbald mit dem Teufel im \u0001 \u0002 f\u00e4rbte Haupt und Bart so schwarz wie die b\u00f6se und gierige Seele. Denn, und das war das seltsame, die Herberge war reich. Kein Unheil traf sie, keine Soldaten machten sie den Erdboden gleich, kein schlechtes Jahr ereilte sie. Immer wieder kamen G\u00e4ste, blieben, zahlten gut und gingen dann wieder. So recht konnte niemand dem \u201eSchwarzen Wirt\u201c, wie man auch mal hier und da nannte, nichts nachweisen. Doch die Frau des M\u00fcllers unten um Ort schwor, dass sie gesehen hatte, wie der Wirt Teufelsgold z\u00e4hlte. St\u00fcck f\u00fcr St\u00fcck f\u00fcr St\u00fcck!\u201cIch atmete merklich flacher und war \u00e4u\u00dferst dankbar, dass Jonas eine kleine Pause machte. Er bannte jedoch jeden mit seinem Blick, indem er die Augen merkw\u00fcrdig rollte. Anders konnte ich es nicht beschreiben. Aber sie schienen wirklich zu rollen. Ein kalter Hauch hatte sich ausgebreitet. Es war, als h\u00e4tte der Winter ausgeatmet und alles mit Raueis \u00fcberzuckert. Doch mehr als eine G\u00e4nsehaut konnte ich nicht ausmachen. Das Feuer im Kamin flackerte fr\u00f6hlich und untermalte die Atmosph\u00e4re mit leisem Knacken.\u201eSo erz\u00e4hlten es sich die Leute von Generation zu Generation weiter bis in die heutige Zeit. Aber eines Tages, so lange ist das noch gar nicht her, geschahen noch merkw\u00fcrdigere Dinge.\u201cJonas zog laut scharrend einen Stuhl zum Feuer. Er lie\u00df sich schwer auf ihn fallen und sah uns alle an, als wollte er uns fressen. Breitbeinig sa\u00df er da, die Arme auf den Knien gest\u00fctzt, der Hut verwegen \u00fcber dem Ohr. Seine Haare waren verfilzt, wie ich jetzt erkennen konnte. Das Kost\u00fcm, es war eine einzige Augenweide und absolut f\u00fcr den Anlass perfekt. Offenbar waren sogar Goldf\u00e4den im Stoff, denn diese glitzerten jetzt im Schein des Feuers. Im \u00dcbrigen wirkte er mal mehr mal weniger wie ein unheilvoller Schatten.\u201eMan wei\u00df zu berichten\u201c, wisperte er mit rauer Stimme, die dennoch \u00fcberall in alle Ritzen und in jedes Ohr drang, \u201edass es die 13te Generation von Schwarzen Wirten war. Man hatte zwar nie gesehen, wie der Wechsel sich vollzog, doch die Leute drunten im Orte z\u00e4hlten genau mit. In der Ferne hallte in diesen Tagen der Donner der Kanonen des Krieges. Bis hierher w\u00fcrde er nicht dringen, zu unwichtig war das Tal und seine Berge. Zu unwegsam f\u00fcr die Panzer und Gesch\u00fctze. Doch ob der Krieg nun kam oder nicht, es lag ein Kribbeln in der Luft. Der Geruch von Schie\u00dfpulver und Blut. Es war Herbst. Die Ernten waren eingeholt und man bereitete sich auf den Winter vor. Ein kleiner versprengter Trupp von Soldaten hatte sich verirrt und suchte den Weg zur\u00fcck. Konnte auch sein, dass sie geflohen waren, um dem Tod zu entrinnen. Die Herberge wirkte verlassen, als sie hierher kamen. Keine Menschenseele lie\u00df sich blicken. Die Fenster waren staubig und der Hof war mit Unkraut zugewuchert. Der Krieg war es, der die G\u00e4ste ausbleiben lie\u00df. Man munkelte sogar schon, der Schwarze Wirt w\u00e4re verschwunden. Doch die Soldaten wurden eines besseren belehrt!\u201cKaum hatte Gwendolin das gesagt, knallte in der oberen Etage ein Fensterladen auf. Der Wind pfiff pl\u00f6tzlich und die Kerzen flackerten nerv\u00f6s. Mancher fasste sich vor Schreck an die Brust. Auch Sandra hielt meine Hand fester und hatte Mund und Augen aufgerissen. Jonas war davon nicht sonderlich beeindruckt. Er lachte meckernd und brach damit den Bann. Knarrend wurde oben der Fensterladen wieder geschlossen. Dann h\u00f6rten wir es leise an der T\u00fcr \u0001 \u0002 schwiegen. Nicht einmal die Kleidung der G\u00e4ste raschelte. Nur das Knistern des Kaminfeuers \u0001 \u0002 klopfte es an der T\u00fcr. Es war das Haupttor der \u0001 \u0002 schaute in die Richtung und bangte, wer das wohl sein w\u00fcrde. Das Unwetter, welches drau\u00dfen tobte, war auf einmal wieder voll in mein Bewusstsein gedrungen. Irgendwie hatte ich die Vorstellung von hin- und herschwankenden B\u00e4umen, die der Sturm fast auseinander riss und sich jagenden Blitzen, die vom Donner verfolgt wurden. Aber es war anders. Irgendwie unwirklicher. Wieder klopfte es und niemand schien dem sp\u00e4ten Gast \u00f6ffnen zu wollen. Der gro\u00dfe Regulator neben der T\u00fcr schlug und die Zeiger zeigten auf \u0001 \u0002 ich zu Gwendolin am Kamin schaute, war ich jedoch noch einmal erschrocken. Er war weg. Nur noch der Stuhl stand da. Ich war nicht der einzige, der das bemerkte. Ein Mann fasste sich endlich und ging mutig zur T\u00fcr. Er \u00f6ffnete. \u201eDa ist niemand!\u201c, bemerkte er, als er sichtlich vom Regen bespr\u00fcht wieder zur\u00fcck ins Haus trat. Er sch\u00fcttelte sich und wirkte reichlich verwirrt.\u201eHei\u00dft das, wir k\u00f6nnen essen?\u201c, fragte eine kindliche \u0001 \u0002 ein Moment herrschte Schweigen, dann lachten alle. Tats\u00e4chlich, niemand hielt uns auf, uns dem Essen zu widmen, welches warm gehalten von zahlreichen Brennern noch unber\u00fchrt auf den Tischen stand. Eine gute halbe Stunde dauerte das n\u00e4chtliche Speisen, dann zeigten die Kinder die ersten deutlichen Erm\u00fcdungserscheinungen. Auch Sandra, satt von Pudding mit Weintrauben und Braten mit So\u00dfe, sank mir fast vom Stuhl. Ich nahm sie auf meine Arme und fragte, ob sie ins Bett wollte. Sie nickte.\u201eJonas war komisch\u201c, fl\u00fcsterte sie mir ins Ohr. \u201eSo richtig gruslig.\u201cIch grinste verschw\u00f6rerisch. \u201eSag ihm nicht, dass du ihn erkannt hast\u201c, sagte ich ihr und schenkte Karin schnell ein Zwinkern, dass ich unseren Sonnenschein ins Bett bringen \u0001 \u0002 l\u00e4chelte versonnen und nickte. \u201eVersprochen!\u201c, wisperte sie mir ins Ohr.~*~",
            "wordcount": "3.142",
            "chapter_release": "09.08.2008",
            "chapter_number": "2"
        },
        "3": {
            "text": "Der n\u00e4chste Morgen lie\u00df die Seltsamkeiten der Nacht ein wenig verblassen. Die Sonne ber\u00fchrte den dunstigen Horizont und tauchte das Rot der Laubb\u00e4ume in tanzendes Gold. Der Anblick war schmerzhaft sch\u00f6n und lie\u00df das eigene Herz vor Lebendigkeit fast zerspringen. Ich h\u00e4tte nie gedacht, dass ein Sonnenaufgang mich so bewegen w\u00fcrde und ich hatte auch nicht erwogen, in meinem Urlaub so fr\u00fch aufzustehen. Karin legte ihre Arme um mich und leistete mir Gesellschaft. Sie schwieg wie ich. Es war einfach \u0001 \u0002 zwei Stunde sp\u00e4ter stieg unsere kleine Tochter aus dem Bett und begr\u00fc\u00dfte den neuen Tag auf ihre Weise. Sie gab jedem von uns einen dicken Kuss, wuselte mit ihrem gro\u00dfen Teddy ins Bad und wusch sich, wobei sie immer wieder laut Kinderlieder sang, die sie aus dem Kindergarten \u0001 \u0002 mussten dar\u00fcber l\u00e4cheln. Es war wohl offensichtlich, dass es unserem Sonnenschein blendend ging. Gemeinsam gingen wir dann hinunter in die Deele. Sie war noch immer so geschm\u00fcckt wie in der Nacht, doch jetzt wirkte die Dekoration eher kurios als erschreckend. Auch wenn ich mich nicht wirklich erschrocken hatte. Ich fand es jedoch faszinierend, die vielen liebevollen Details jetzt bei Tag zu betrachten. Die Betreiber des Hotels hatten sich wirklich M\u00fche gegeben. Es war \u0001 \u0002 ging von einer S\u00e4ule zur anderen und schaute mutig zu jeder hinauf. Auch sie freute sich und ahmte mich dabei in meiner Analyse und der Haltung, die ich bei solchen Gelegenheiten einnehme, nach. Sie hatte eine ernste Miene aufgezogen und gr\u00fcbelte ein wenig herum, w\u00e4hrend sie ihre H\u00e4nde auf den R\u00fccken verschr\u00e4nkte und mit \u00e4u\u00dferst geradem R\u00fccken mal hierhin mal dorthin lief.\u201ePapa\u201c, rief sie nach einer Weile nach mir und ich kam zu ihr. \u201eWarum sind es K\u00fcrbisse?\u201c Sie deutete auf einen besonders Gro\u00dfen. Er war ausgeh\u00f6hlt, eine Fratze war hineingeschnitten worden, die wohl besonders gruslig wirken sollte, und er lag auf einer Art Podest. Gestern Nacht hatten da noch Kerzen drin gebrannt und ein schauriges Licht verbreitet. Auf mich hatte es auch noch heimelig \u0001 \u0002 hockte mich zu meinem Sonnenschein und sah den K\u00fcrbis ernst hat. Ich hatte mir dar\u00fcber noch nie Gedanken gemacht. \u201eWarum K\u00fcrbisse?\u201c, wiederholte ich. \u201eWei\u00dft du\u201c, erkl\u00e4rte ich nach einigen Augenblicken, \u201eich vermute, dass es daf\u00fcr mehrere Gr\u00fcnde gibt. In alter Zeit hat man \u00f6fters Zeichen gegen b\u00f6se Geister an H\u00e4usern angebracht. Manche waren furchterregend und sollte sie abschrecken. Andere waren unsichtbar wie eine Art Mauer, die nur sie sehen k\u00f6nnen. Und warum das jetzt hier ein K\u00fcrbis ist. Ich denke, das hat damit etwas zu tun, dass der K\u00fcrbis aus Amerika kommt. Die ersten Einwanderer nach Amerika brachten ihren Glauben mit und der K\u00fcrbis bot sich als sichtbares Zeichen an. Wenn der Oktober zu Ende geht, dann ist die Ernte eingeholt. Der K\u00fcrbis ist wohl mit einer der letzten Fr\u00fcchte. Er ist \u00e4u\u00dferst haltbar und riesig. Erinnerst du dich an die Maiskolben, \u00c4hren und \u00c4pfel in der Kirche?\u201cMeine Tochter nickte eifrig. Sie konnte sich an das Erntedankfest erinnern. \u201eIch glaube, es ist eine Mischung zwischen Abwehr, ein wenig sp\u00e4ter Erntedank an das gute Jahr und weil es auf einem K\u00fcrbisfeld einfach ein ganzer Haufen solcher Fr\u00fcchte gibt, die sich daf\u00fcr anbieten, dass man sie auf diese Weise versch\u00f6nert, hat man einfach sie daf\u00fcr verwendet. Sie sehen doch beeindruckend aus, nicht wahr?\u201c Sandra nickte noch einmal eifrig. \u201eIch finde sie sch\u00f6n\u201c, sagte sie. \u201eAber warum jetzt? Gibt es nur jetzt Geister?\u201cDas war eine schwere Frage und innerlich seufzte ich. Ich kramte nach meinen Erinnerungen, was es denn mit diesen Geisterfestern auf sich hatte, die \u00fcberall auf der Erde gefeiert wurden. Zudem, ich musste es so erkl\u00e4ren, dass es einerseits keine neuen Fragen nach sich zog, wollten wir heute noch fr\u00fchst\u00fccken, andererseits musste es auch einigerma\u00dfen richtig sein. \u201eMhm\u201c, machte ich, um ein wenig Zeit zu gewinnen. \u201eIch denke, dass es immer Geister gibt, wenn es sie gibt. Das wei\u00df ich n\u00e4mlich nicht so genau. Aber die, die das wissen, sagen, dass in dieser Jahreszeit die Geister am st\u00e4rksten sind.\u201cMeine Tochter machte ein recht wissendes Gesicht und ich dachte mir, dass ich wohl nun die plausibelste Antwort gegeben habe, die sie zufrieden stellte. Sie l\u00e4chelte zum K\u00fcrbis hinauf und freute sich sichtlich. \u201eSind alle Geister b\u00f6se?\u201c, fragte \u0001 \u0002 Magen knurrte f\u00fcrchterlich bei dieser Frage. Offensichtlich hatte ich den zweiten Teil meiner Intention nicht geschafft. \u201eNein\u201c, meinte ich ernsthaft, \u201esind sie nicht alle. So, wie es b\u00f6se Menschen gibt, gibt es auch b\u00f6se Geister.\u201c Das war ein Allgemeinplatz, aber etwas Besseres fiel mir nicht ein. Ich nahm Sandra bei der Hand und ging mit ihr zum Fr\u00fchst\u00fcckssaal. Eigentlich war es eher eine Stube, die gr\u00f6\u00dfer gehalten war, als das normalerweise in solchen H\u00e4usern der Fall war. In der Ecke bollerte ein gro\u00dfer Kachelofen. Er war ganz aus gr\u00fcn-glasierten Kacheln gemacht, hatte an den zwei zum Raum hin offenen Seiten B\u00e4nke, auf denen man gut sitzen konnte. Im Moment hatte es sich die Katze des Hauses gem\u00fctlich gemacht und beobachtete uns G\u00e4ste aus halbge\u00f6ffneten Augen. Mein Sonnenschein entdeckte sie nat\u00fcrlich sofort. Ich lie\u00df sie los, damit sich die beiden bekannt machen konnten. Ich rief ihr nur nach, dass sie bald zum Tisch kommen sollte, weil sie sonst ohne Fr\u00fchst\u00fcck sein w\u00fcrde. Sie lachte. Sehr beeindruckt war sie von meiner Ermahnung nicht. Meine Frau gab mir das auch gleich zu verstehen und milderte den Stich mit einem kleinen Kuss. Ich musste zugeben, meine Frauen k\u00f6nnen mich um den kleinen Finger wickeln und mir gef\u00e4llt es sogar. Daf\u00fcr liebte ich sie zu sehr und b\u00f6se meinte es keine von \u0001 \u0002 goss mir Kaffee ein und ich nahm mir ein Br\u00f6tchen. Die Auswahl an Aufschnitt und Marmelade war gro\u00df. Dazu gab es Eier, Spiegelei, Pfannkuchen und was man noch so begehren konnte. Mit Verwunderung sah ich, dass sich Karin mit Genuss \u00fcber einen Teller Haferschleim hermachte. Ich konnte dem nichts abgewinnen. Aber sie grinste mich nur an, als h\u00e4tte sie meine Gedanken gelesen. Sicher waren sie auch gut sichtbar in meinem Gesicht gewesen. Ich selbst biss herzhaft in mein Br\u00f6tchen und bekam eine G\u00e4nsehaut. Ich verharrte irritiert. Die Stube war warm und ein Zug war nicht zu sp\u00fcren. T\u00fcren und Fenster waren geschlossen und au\u00dfer mir hatte offenbar niemand diese Empfindung gehabt. Schulterzuckend wollte ich endlich abbei\u00dfen und endlich essen, als ich wieder eine G\u00e4nsehaut bekam.\u201eWas ist, Schatz?\u201c, fragte mich Karin. \u201eSchmeckt es dir nicht?\u201c Deutlich war der Zweifel zu h\u00f6ren. Das Essen war k\u00f6stlich. Was gab es daran schon auszusetzen? Aber mehr M\u00f6glichkeiten sah meine Frau einfach nicht, was mich wie erstarrt dasitzen und meine Hand, die das Br\u00f6tchen immer noch hielt, langsam wieder vom Mund weg sinken lie\u00df. Der Abdruck meiner Z\u00e4hne war deutlich in der Schokoladencreme zu sehen. Darunter war die Butter und dann kam das Br\u00f6tchen selbst.\u201eNein, nichts!\u201c, meinte ich. \u201eAlles in Ordnung. Mir ist nur auf einmal etwas kalt.\u201cIch bekam jetzt wirklich einen zweifelnden Blick. Karin sah besorgt aus. \u201eBist du krank? Hier ist es wirklich warm und ich wollte schon fragen, ob die anderen G\u00e4ste etwas dagegen haben, wenn ich das Fenster \u00f6ffne.\u201c\u201eNein, nein\u201c, wehrte ich ab. \u201eIch glaube, es ist eher ein Zug gewesen, sicher unter der T\u00fcr entlang. Ich habe nur eine G\u00e4nsehaut bekommen.\u201c Karin lie\u00df mich nicht aus den Augen. \u201eIst wirklich alles in Ordnung\u201c, versicherte ich. Soweit kam es noch, dass sie glaubte, ich w\u00fcrde wieder im Urlaub krank werden. Das hatten wir schon einmal, seitdem war sie aufmerksam wie ein Luchs. Wehe, ich zeigte auch nur die Anzeichen von Schnupfen, Husten oder anderen Unp\u00e4sslichkeiten. Ich konnte mir dann sicher sein, dass sie im n\u00e4chsten Moment in die Apotheke sprintete oder wahlweise im Hotel nachfragte, ob der eine oder andere Tee zu haben war, irgendwelchen obskuren Medikamente oder etwas anderes, was sich zu Bek\u00e4mpfung von Bakterien und Viren eignete. Damit kam sie dann zur\u00fcck und traktierte mich im Halbstunden-Takt. Ihre Augen sagten mir, dass mir genau das bl\u00fchte, k\u00e4me sie auf die Idee, dass ich gelogen hatte. Damit war das Thema aber erst einmal durch. Haupts\u00e4chlich deshalb aber nur, weil Sandra kam und zu uns an den Tisch kletterte.\u201eSie hei\u00dft Minka\u201c, kr\u00e4hte sie freudig. Im ersten Moment war ich verwirrt. Dann verstand ich. Die Katze trug den Allerweltskatzenname Minka. Ich l\u00e4chelte. \u201eHabt ihr euch angefreundet?\u201c, fragte ich \u00fcberfl\u00fcssigerweise. Karin goss unserem Sonnenschein Kakao in die Tasse und schmierte ihr ein Br\u00f6tchen.\u201eJa, haben wir. Sie hat geschnurrt und das hat sich toll angef\u00fchlt.\u201cIch erinnerte mich, dass meine letzte Begegnung mit einer Katze schon ziemlich lange her war. Aber so ein Tier zu streicheln, war immer etwas Besonderes. Manche Katzen schnurrten so laut, dass die Hand zu vibrieren schien. Manche waren leiser. Mit denen konnte man auch schon mal zum Mittag zusammen d\u00f6sen. Als ich noch Student gewesen war, hatte ich eigentlich fast st\u00e4ndig so einen Stubentiger gehabt. Nach meiner Heirat mit Karin hatte das irgendwie aufgeh\u00f6rt. Woran es lag, konnte ich nicht sagen. Karin liebte Katzen. Aber irgendwie waren wir nie auf das Thema Haustier gekommen. Doch so, wie es jetzt schien, w\u00fcrde das nicht mehr lange der Fall sein. Sandras Augen glitzerten, als sie mit Begeisterung erz\u00e4hlte, was die Katze alles gemacht hatte. Sie lie\u00df dabei kein Detail aus. Nicht mal die Farbe der Barthaare. Ich konnte sie verstehen. Karin sah mich an mit einem Blick, der mir sagte, dass sie dieselbe Vermutung hegte wie ich. Ein Haustier stand wohl wirklich bald an.\u201e...und ich m\u00f6chte auch eine Katze haben...\u201c, h\u00f6rte ich im selben Augenblick. Der Wunsch war doch ein wenig schneller ausgesprochen, als ich gedacht hatte. Oder auch gehofft. Ich l\u00e4chelte. \u201eDu willst also eine Katze? So etwas musst du dir aber ganz genau \u00fcberlegen. Eine Katze bedeutet gro\u00dfe Verantwortung. Da bleibt weniger Zeit zum Spielen\u201c, warf ich die \u00fcblichen Bedenken ein, die man gegen ein Haustier gegen\u00fcber seinen Kindern aussprach. Doch meinte ich es wirklich \u0001 \u0002 konnte mich daran erinnern, dass meine Eltern Recht damit hatten: Je nach Haustier war der Faktor Aufwand einmal mehr oder weniger gro\u00df. Dazu geh\u00f6rte zudem noch die Reife, \u00fcberhaupt zu verstehen, was ein Tier \u0001 \u0002 Katze war einerseits anspruchslos andererseits anspruchsvoll. Es kam auf die Sichtweise an. Eine normale Hauskatze pflegte sich selbst. Das Katzenklo - eine recht unangenehme Sache - musste sauber gemacht werden, die N\u00e4pfe t\u00e4glich gereinigt und gef\u00fcllt, die Akzeptanz, dass sie unbedingt immer dann Aufmerksamkeit von einem will, wenn man eigentlich gar keine Zeit hat. Und das Lesen an f\u00fcr sich und \u00fcberhaupt und sowieso nur Verschwendung war und man sich daher als Katzentier bequem auf Zeitungen, B\u00fccher und Zeitschriften legen konnte, wenn Herrchen und Frauchen diesen Abschnitt gerade lesen wollten, geh\u00f6rte genauso dazu wie noch einige andere \u0001 \u0002 kannte mich damit \u0001 \u0002, mein T\u00f6chterchen w\u00fcrde diese Erfahrung erst machen m\u00fcssen, um das zu verstehen. Soviel wusste ich auch. Aber erst einmal galt es Zeit zu gewinnen, das Kind zum \u00dcberlegen anregen und den Versuch zu starten, die Quengelphase recht kurz zu gestalten. An der war auch fast messbar, wie ernsthaft der Wunsch war und die damit verbundene Reife. So, zumindest meine Theorie. Reines Quengeln war zu jung. Quengeln mit Argumenten war vielbesprechend. Zu viele Argumente lie\u00dfen eher einen Anwalt vermuten. Und das war wiederum weniger \u0001 \u0002 schaute mich an, dann Karin. Sie sah sichtlich entt\u00e4uscht aus. \u201eHei\u00dft das, dass ich keine Katze bekommen kann?\u201c, fragte sie. Karin und ich sch\u00fcttelten einhellig den Kopf. \u201eNein, mein Schatz\u201c, sagte meine Frau, \u201eDas hei\u00dft nur, was Vati gesagt hat. Du musst dir das ganz genau \u00fcberlegen. Was bedeutet es, wenn du die Katze hast? Bist du dann bereit, wegen der Katze einmal Dinge, die du ganz lieb magst, einmal nicht zu machen, weil sie dich braucht? Das ist es, was du dir \u00fcberlegen musst.\u201c Sandra zog eine Schnute und ich h\u00e4tte sie daf\u00fcr k\u00fcssen m\u00f6gen. Aber ihr jetzt zu unterliegen, h\u00e4tte mir einen b\u00f6sen Blick meiner Liebsten eingebracht. Das wollte ich nicht. Zudem, es war kontraproduktiv, dachte mein Sonnenschein in dem Fall ja, dass sie die Katze auch so \u0001 \u0002 a\u00dfen wir weiter. Die G\u00e4nsehaut war vergessen. Aber nur bis zu dem Augenblick, wo ich mich erheben wollte. Dieses Mal hatte ich das ungute Gef\u00fchl, als h\u00e4tte mich ein kalter Hauch ber\u00fchrt, der mehr Konsistenz hatte als das bei Luft normalerweise der Fall war. Karin schaute mich fragend an. Ich l\u00e4chelte nur, sagte jedoch nichts. \u201eIch werde nachher zur Apotheke m\u00fcssen\u201c, murmelte sie. Innerlich st\u00f6hnte ich. \u201eEs ist wirklich nichts, Schatz\u201c, versicherte ich. \u201eGar nichts.\u201cKarin ber\u00fchrte meinen Hals. \u201eDu hast \u00fcberall G\u00e4nsehaut. Du frierst und das bei gut dreiundzwanzig Grad. Ich werde Tee kaufen. Du wirst ihn trinken.\u201cIch seufzte und ergab mich meinem Schicksal. Ich hoffte nur, dass sie dieses Mal nicht so ein elendiges Ges\u00f6ff anschleppte wie beim letzten \u0001 \u0002 dich nicht umDer Tod geht umDie Geister, sie singenDie M\u00e4dchen, die springen...Ich wurde \u0001 \u0002 konnte sp\u00fcren, wie das Blut aus meinem Gesicht \u0001 \u0002 hatte diese Stimme schon einmal geh\u00f6rt: Es war das M\u00e4dchen, das gestern gesungen hatte. So glaubte ich. Doch jetzt war dieser monotone Singsang so nahe, dass ich mich umgeschaut hatte. Nur, au\u00dfer den G\u00e4sten war niemand hier. Kein Kind hatte gesungen. Sie waren allesamt mit anderen Dingen besch\u00e4ftigt. Eine Halluzination, stammelte mein Verstand und konnte mich damit wieder beruhigen, wahrscheinlich aufgrund \u00fcberanstrengter Nerven. Aber unterschwellig blieb etwas, was sich nicht beruhigen lie\u00df. Sei es, dass es mein Instinkt war, sei es, dass es etwas noch Urspr\u00fcnglicheres gab, als der Instinkt eines an Verfolgungswahn leidenden Menschen. Karin hatte zu meinem Gl\u00fcck davon nichts mitbekommen. Ich setzte meine harmloseste Miene auf, zu der ich in dem Moment f\u00e4hig war und folgte meiner \u0001 \u0002 ich es konnte, sah ich mich verstohlen um. Vielleicht war es doch nur eines der Kinder gewesen. Leider erf\u00fcllte sich mein hoffnungsvoller Gedanke nicht und zerstreute meine Zweifel an dem, was ich geh\u00f6rt hatte.",
            "wordcount": "2.306",
            "chapter_release": "09.08.2008",
            "chapter_number": "3"
        },
        "4": {
            "text": "Jonas begegnete uns auf dem Flur zu unseren Zimmern. Er l\u00e4chelte und wirkte ausgesprochen fr\u00f6hlich. Kein Vergleich zu dem Mann, der gestern Nacht Schauergeschichten erz\u00e4hlt hatte. Die Fortsetzung dessen w\u00fcrden wir ja heute Nacht zu h\u00f6ren bekommen. Eigentlich war es ein ziemlich bekanntes Thema. Sagen und M\u00e4rchen, das war die Kategorie, die hier ausgiebig bedient wurde. Die bekannteste Geschichte war wohl die von dem Gasthaus im Spessart. Vor Jahren hatte ich mir mal den Film angetan. Sonderlich begeistert war ich nicht gewesen. Jetzt im Nachhinein erinnerten mich einige Elemente aus Jonas\u00b4 Schauergeschichte doch sehr stark daran. Die anderen von ihm bedienten Elemente waren diese Gespenster, die Reisende vom Wege abbrachten, eine schlimme Untat, die ges\u00fchnt oder vergeben werden musste und noch einige andere, deren Sinn oder Unsinn mir eher verborgen blieb.\u201eGuten Morgen\u201c, gr\u00fc\u00dfte Jonas und schenkte Sandra ein besonders fr\u00f6hliches L\u00e4cheln. \u201eWie geht es Ihnen und dir, kleine Dame?\u201c, fragte er. Sandra sah ihn etwas verlegen an und l\u00e4chelte zur\u00fcckhaltend, w\u00e4hrend Karin \u201eSehr gut\u201c, fl\u00f6tete. \u201eAber leider wird wohl mein Mann krank und ich wollte in die Apotheke, um etwas zu besorgen\u201c, setzte sie zu meinem Leidwesen hinzu. Ich behielt eine stoische Miene auf. Ich hasste solche Situationen. Aber entgehen konnte ich ihnen sowieso nie. Damit stand lediglich \u201eAusharren\u201c auf dem Plan.\u201eOh, das ist bedauerlich!\u201c Jonas sah mich an, als w\u00fcrde ich im Sterben liegen. \u201eDie Wirtin will nachher sowieso in den Ort fahren. Da kann Sie Ihnen ja das mitbringen, was Sie ben\u00f6tigen\u201c, meinte er zu meiner Frau. Ich war eindeutig entm\u00fcndigt.\u201eSo schlimm ist es gar nicht\u201c, wehrte ich ab. \u201eMeine Frau macht sich nur Sorgen. Ich denke nicht, dass es notwendig ist, solch einen Aufwand zu betreiben.\u201cJonas winkte ab. \u201eDas ist kein Problem. Besser, Sie tun jetzt etwas dagegen, als dass Sie den ganzen Spa\u00df verpassen. Das w\u00e4re n\u00e4mlich \u00e4u\u00dferst schade.\u201cDas fand ich auch - das Schade. Doch meine Gedanken dazu waren ganz andere. Ich l\u00e4chelte und wirkte reichlich gottergeben. Aber damit war ich dann erl\u00f6st, denn Karin stimmte zu. Sie war im Gegenteil, sogar dar\u00fcber hocherfreut. \u201eWir wollten in den Wald. Ich fotografiere f\u00fcr mein Leben gern. Und das Wetter ist ja nach dem Gewitter einfach nur umwerfend.\u201cJonas begl\u00fcckw\u00fcnschte sie zu ihrem Entschluss. Er schlug jedoch vor, dass wir Sandra hier lassen sollten. F\u00fcr die Kinder g\u00e4be es ein ganz eigenes Programm. Ich erinnerte mich. \u201eK\u00fcrbisschnitzen, Kost\u00fcme...\u201c, z\u00e4hlte ich auf. \u201eJa, genau!\u201c, rief Jonas. \u201eHast du denn dazu Lust, Sandra?\u201c, wandte er sich direkt an unsere Tochter. Nat\u00fcrlich hatte \u0001 \u0002 fand sie schlicht in kindlicher Mundart ausgedr\u00fcckt doof und langweilig. Ich hingegen hatte einiges daf\u00fcr \u00fcbrig und ich freute mich schon auf die neuesten Kunstwerke von Karin. Es waren wirklich welche, sofern sie nicht Schnappsch\u00fcsse von Familienfeiern machte. Das war dann immer ein Unterschied wie Tag und \u0001 \u0002 Sandras Zustimmung war der Vormittag dann entschieden. Wir trennten uns von unserem Sonnenschein. Sie lief mit zu den anderen Kindern in die nahegelegene Scheune, ich ging mit Karin mit und jeder freute \u0001 \u0002 Stunde sp\u00e4ter verfolgte ich, wie Karin auf einer Felsengruppe herumkletterte. Die kostbare Kamera war gut verpackt und befand sich in einem Rucksack auf ihrem R\u00fccken. Sie wollte erst an bestimmten Orten, die sie von unten ausgemacht hatte, fotografieren, was sie sah. Ich entspannte mich derweil auf halber H\u00f6he in der Sonne. Das Licht war wie gemacht f\u00fcr einen Fotografen. Die Bl\u00e4tter leuchteten in Gelb, Braun und Rot. Hier und da gab noch ein wenig Gr\u00fcn. Meine Frau w\u00fcrde sicher sagen, dass der Wald in Gold, in allen T\u00f6nen von Rost, Purpur, Karmesin- bis Purpur, und allen Schattierungen von Gr\u00fcn leuchtete. Wenn sie von Farben sprach, dann geschah das meist auf eine sehr schw\u00e4rmerische Art, die, wenn es nicht Farben gewesen w\u00e4re, mich zweifellos in die Eifersucht getrieben h\u00e4tte. So aber konnte ich ihren Anblick genie\u00dfen, wie sie stolz und frei unweit \u00fcber mir ihren Blick in die Ferne schweifen lie\u00df, um sich inspirieren zu lassen.\u201eEs ist fantastisch hier!\u201c, rief sie mir zu. \u201eJa!\u201c, rief ich schlicht zur\u00fcck. F\u00fcr eine komplizierte Konversation waren wir doch ein wenig weit entfernt.\u201eIch kann das Hotel sehen\u201c, informierte sie mich. Von meinem Standort aus war das weniger m\u00f6glich. Aber wenn ich das richtig einsch\u00e4tzte, dann waren wir ziemlich weit oben. Ein Raubvogel flog \u00fcber uns, kreiste im unendlichen Blau des Himmels. Es war ein einzigartiger Anblick. Neugierig erhob ich mich und kletterte die letzten Meter nach oben, um auch ein wenig mehr zu sehen, als die Baumkronen. Karin hatte begonnen zu fotografieren. Ihr Blick wurde abwesend - wie meist, wenn sie sich v\u00f6llig auf ihre Umgebung einlie\u00df und sie auf Zelluloid bannte. Ich hatte vor, ihr zu Weihnachten eine Digitalkamera zu kaufen. Ich wusste, dass sie dann immer noch Filme nehmen w\u00fcrde. Aber Fotos in digitaler Form hatten auch durchaus ihren Reiz und ihren \u0001 \u0002 erklomm die letzte Ebene und setzte mich auf den nackten Felsen. Er war durch die Sonne aufgeheizt und sehr angenehm. Das war wie ein Hauch von Sommer, w\u00e4hrend der Abschied schon lange in der Luft lag. Vor ein paar Wochen hatten wir fast jeden Tag Pilze gegessen. Freilich, auf dem Markt gekauft und nicht selbst gesammelt. Aber \u0001 \u0002 bastelte im Kindergarten mit bunten Laubbl\u00e4ttern Herbstkollagen und auf der Anrichte sammelten sich Tiere, gefertigt aus Eicheln, Kastanien und Streichh\u00f6lzern. Doch in diesem Moment wurde mir der Abschied erst richtig bewusst. Wenn ich den Urlaub gebraucht hatte, so war es wegen dieses Augenblicks der Erkenntnis. Es spielte dabei nicht die geringste Rolle, dass der n\u00e4chste Sommer eigentlich gar nicht mehr so lang in weiter Ferne lag. Im Moment war \u0001 \u0002 Kamera klickte seit einiger Zeit, wo ich meinen Gedanken nachhing, fast ununterbrochen. Karin war Feuer und Flamme. Ich konnte es au\u00dferdem in ihren Augen sehen, wenn sie die Kamera kurz senkte, um nicht eingeengt durch das Objektiv, das Motiv ihrer Wahl quasi in Natura zu betrachten und einzusch\u00e4tzen.\u201eDas werden tolle Fotos\u201c, murmelte sie mehr zu sich, weniger f\u00fcr mich. Aber ich nickte und glaubte ihr \u0001 \u0002 blieben fast eine halbe Stunde im gemeinsamen Schweigen auf den Felsen. Erst, als sie jedes Motiv hatte, setzte sie sich zu mich. Sie schlang ihren Arm unter meinen und lehnte sich an mich. \u201eEs war doch eine gute Idee, hierher zu kommen\u201c, murmelte sie. Ihr Wollpullover schabte auf der Haut meiner Hand. Karin selbst war warm und dabei wie der Sommer. Jedoch im Vergleich zum Sommer war ihre Kraft ungebrochen. Ich sah sie an und suchte ihren Blick. \u201eWir werden hier wunderbare Tage verleben\u201c, versprach ich leise. \u201eAber ich werde versuchen, dass wir dennoch noch ein wenig Urlaub in der Karibik machen k\u00f6nnen. Vielleicht n\u00e4chstes Jahr sofort.\u201cKarin gab mir einen Kuss. \u201eVersprich nichts, was du nicht halten kannst. Du wei\u00dft doch gar nicht, wie du n\u00e4chstes Jahr Urlaub bekommst. Es war schon schwer genug, diesen hier zu machen. Wir genie\u00dfen am besten, was wir haben. Der Rest wird sich ergeben.\u201cDarauf wusste ich nichts zu \u0001 \u0002 hatte Recht. Manchmal glaubte ich, dass sie eine Weisheit besa\u00df, die mich recht blass erscheinen lie\u00df. Aber dann l\u00e4chelte sie immer und ich f\u00fchlte mich als Mittelpunkt ihrer Welt. \u201eLass uns wieder zum Hotel gehen\u201c, meinte sie. \u201eIch finde sicher noch einige wundersch\u00f6ne Motive auf dem Weg.\u201c Sie packte ihre Kamera ein, ohne auf eine Antwort von mir zu warten. Aber das war auch eher \u00fcberfl\u00fcssig, w\u00fcrden wir doch fr\u00fcher oder sp\u00e4ter den Felsen verlassen \u0001 \u0002 atmete noch einmal tief durch - atmete die Freiheit, die reine, erdige Luft und den Hauch ihres Parfums ein - dann kletterte ich \u0001 \u0002 Felsen abw\u00e4rts zu nehmen, war ein Problem, wie ich bald feststellen musste. Zudem, es gab lose Brocken und wenn mir Karin folgte, rieselten Steine auf mich. \u201eDas ist gef\u00e4hrlich\u201c, rief ich ihr zu. Sie klammerte sich in den Felsen und sah zu mir hinab. \u201eOkay\u201c, meinte sie, kletterte ein St\u00fcck von mir fort und suchte sich einen festen Untergrund, auf dem sie warten konnte, bis ich aus ihrem Gefahrenbereich war. Jetzt, wo ich es mir \u00fcberlegt, war es dumm gewesen, einfach hochzuklettern, obwohl es so einfach aussah. Nach oben war es immer einfacher. Das Problem lag darin, wieder hinunter zu klettern. Jetzt jedoch zu lamentieren, brachte recht wenig, so das sich mich darauf konzentrierte, nicht abzust\u00fcrzen. Als ich endlich festen Untergrund unter meinen eigenen F\u00fc\u00dfen hatte, war ich einfach nur erleichtert. Ich sah zu Karin auf. Sie schaute mich an. Sollte ich an einem einfachen Abstieg geglaubt haben, so wurde mir auf einmal himmelangst. Ich l\u00e4chelte jedoch tapfer und lie\u00df mir nichts \u0001 \u0002 stand auf einem kleinen Plateau, welches sie nicht mehr lange tragen w\u00fcrde, so meine Einsch\u00e4tzung. Ich konnte mich auch irren. Aber vertrauenserweckend sah es nicht aus. Ich trat ein wenig zur\u00fcck und rief, dass sie jetzt vorsichtig anfangen k\u00f6nnte. Karin schien in meiner Stimme etwas zu h\u00f6ren, sie sah mich noch einmal \u0001 \u0002 l\u00e4chelte und hoffte, dass ich zuversichtlich wirkte. Jeden Schritt und jedes Festkrallen ihrer H\u00e4nde verfolgte ich mit Bangen. Warum waren wir so leichtsinnig gewesen? Mein Herz schlug vor Angst schneller, trotzdem blieb ich auf dem Platz, wo ich war. Stein rieselten herab, so wie es bei mir gewesen war. Doch von hier unten wirkte das einfach nur noch bedrohlich. Als Karin endlich unten war, war ich nur noch erleichtert. Ich zog sie in meine Arme. Sie l\u00e4chelte. \u201eAlles in Ordnung\u201c, meinte \u0001 \u0002 \u0001 \u0002 leichte Stimmung, die auf dem Gipfel noch geherrscht hatte, war allerdings verflogen. Als wir keine zwanzig Schritte entfernt waren, polterte es hinter uns laut. Erschrocken drehte wir uns um. Das kleine Plateau, auf dem Karin gestanden hatte, war weggebrochen. Jetzt, wo die Gefahr vorbei war, erfasste mich die Panik noch k\u00e4lter als die Angst und lie\u00df mich zittern. Wir sahen uns an. Karins Hand war genauso klamm wie meine. Wir wechselten kein Wort miteinander; war doch jedes Wort \u00fcberfl\u00fcssig. Erst, als wir die abgem\u00e4hten und verwaisten Weiden erreichten, hob sich unsere Stimmung wieder ein wenig. Karin l\u00e4chelte sogar \u0001 \u0002 Wolken \u00fcber uns zogen in wahnwitziger Geschwindigkeit \u00fcber den Himmel. Immer wieder wechselten Schatten und Sonne. Merklich wurde es dabei immer etwas k\u00fchler. Die Wiesen waren nass. Pfosten zeigten die Grenzen der Sommerweiden, aber die Absperrungen hatte man alle paar Meter entfernt. Mein Schatz z\u00fcckte wieder ihre Kamera und begann zu fotografieren. Entgegen meiner Vermutung wurde ich auch mehrfach zum Motiv. Ich freute mich.\u201eWas meinst du? Was wird der Geisterr\u00e4uber uns heute erz\u00e4hlen?\u201c, fragte ich Karin Sie knipste weiter und senkt dann die Kamera. \u201eWei\u00df nicht. Ich habe mich gestern \u00f6fter gegruselt. Also eines kannst du denen lassen: Sie wissen, wie man einem kr\u00e4ftig einheizt und gleichzeitig frieren l\u00e4sst.\u201cDem konnte ich nur zustimmen. \u201eSeltsam, dass er einfach so verschwunden ist.\u201cKarin lachte leise. \u201eIch vermute, das lag daran, dass erst in zwei Tagen Halloween ist. Er wird wohl die Geschichte auf drei N\u00e4chte aufteilen. Der H\u00f6hepunkt ist die Nacht am \u0001 \u0002. Ich sch\u00e4tze, da hole ich mir einen Herzkasper.\u201cIch lachte mit. So, wie die Herrschaften das aufteilten, konnte man gut davon ausgehen. \u201eIch hoffe nur\u201c, meinte ich, \u201edass sie auch an die Kinder denken. Es sind sehr viele kleine dabei und auch unsere Tochter ist noch recht klein. Nicht, dass sie das ganze n\u00e4chste Jahr nicht mehr allein schlafen mag, weil sie ein Trauma bekommt.\u201cKarin sah mich nachdenklich an. \u201eIch werde am besten fragen. Ich habe auch schon \u00fcberlegt. Wenn du das auch so siehst, werde ich mal schauen, dass ich etwas in Erfahrung bringe.\u201cDamit war das Thema erst einmal \u0001 \u0002, Hand in Hand, gingen wir zur\u00fcck zum Hotel. Jonas erwartete uns schon. Er teilte Karin zu ihrer Zufriedenheit mit, dass die Wirtin einen guten Tee mitgebracht hatte, der garantiert bei Erk\u00e4ltung half. Viren und Bakterien h\u00e4tten da nicht die geringste Chance, versicherte er. Und wahrscheinlich schmeckte er grauenhaft, vermutete ich.\u201eIch sehe mal nach Sandra\u201c, murmelte ich. Karin sagte, dass sie etwas mit Jonas besprechen wollte und damit war ich f\u00fcrs Erste dem Teeaufguss entronnen. Ich fand Sandra unter zwei Dutzend anderen Kindern in der Scheune. Sie bastelten allesamt frei unter dem Motto Halloween. Ein paar \u00e4ltere Kinder standen auf einer provisorischen B\u00fchne und schienen ein St\u00fcck einzustudieren. Als man meiner ansichtig wurde, gab es gro\u00dfes Geschrei. Mit entr\u00fcsteten Gesichtern und unter lautem Geschimpfe wurde ich buchst\u00e4blich rausgeschmissen. Ein wohl etwa zw\u00f6lf oder dreizehn Jahre z\u00e4hlendes M\u00e4dchen mit dunkelbraunen Haaren, einem Gesicht voller Sommersprossen und mindestens vier Zahnl\u00fccken baute sich vor mir auf. Ich war eindeutig belustigt \u00fcber diesen Anblick, belie\u00df es aber bei einem L\u00e4cheln, das man sehr wohl als Entschuldigung ansehen konnte. Sie zeigte mit dem Finger auf ein Schild: \u201eF\u00fcr Erwachsene verboten!\u201c stand da. \u201eK\u00f6nnen Sie nicht lesen?\u201c, fragte sie mich Kraft ihres Amtes wohl als \u00c4lteste der hier versammelten Kinder.\u201e\u00c4hm, nein, habe ich nicht gesehen\u201c, stammelte ich und war noch mehr belustigt. Sie zog w\u00fctend die Augenbrauen zusammen. Typisch Erwachsene, stand ihr ins Gesicht geschrieben. \u201eHier d\u00fcrfen nur Kinder rein und die Leute vom Hotel. Eltern d\u00fcrfen hier nicht rein. Sie wollten wohl spionieren, oder was?\u201c\u201eWas f\u00fcr eine komische Idee!\u201c, entfuhr es mir.\u201eDas ist nicht komisch. Wir proben hier f\u00fcr Halloween und Sie wollen herausfinden, was wir machen!\u201c, rief sie voller ehrlicher Emp\u00f6rung.\u201eEntschuldige, war nicht so gemeint. Ich wusste nicht, dass es hier Proben gibt. Ich wollte nur mal nach meiner Tochter sehen. Aber ich habe sie eben gesehen. Kannst du ihr sagen, dass wir wieder zur\u00fcck sind?\u201cMich traf ein Blick voller Zweifel. Sie glaubte mir kein Wort. Ganz sicher hatte ich spionieren wollen. Schlie\u00dflich, was wollten Erwachsene sonst, dachte sie wohl in ihrer kindlichen Vorstellungskraft, die schon einige Erfahrungen mit sich brachte. \u201eW\u00fcrdest du das bitte tun? Sie findet uns hier. Wahrscheinlich sind wir im Foyer oder in der Schwimmhalle.\u201c\u201eOkay\u201c, meinte die kleine W\u00e4chterin gedehnt. \u201eWie sieht sie denn aus?\u201c, fragte \u0001 \u0002 beschrieb Sandra. Blonde Haare zu frechen Z\u00f6pfen hochgebunden, rote Latzhose mit einem Rosa-Panther darauf, schwarze Schuhe und ein wei\u00dfes Sweatshirt. So ausgestattet, verschwand die Kleine hinter der T\u00fcr. Ich las das Schild und verleierte die Augen. Es war wirklich nicht zu \u00fcbersehen gewesen. Wieder \u00f6ffnete sich die T\u00fcr. Meine Tochter stand dort, hielt die Klinke fest und sah zu mir hoch. \u201eIch komme sp\u00e4ter\u201c, teilte sie mir mit und verschwand dann \u0001 \u0002, wenn Kinder einen nicht vermisst hatten, dann tat das weh und man freute sich gleichzeitig dar\u00fcber. Ich zuckte mit den Schultern und trottete als geschlagener Vater von dannen. Sicher wartete Karin schon auf \u0001 \u0002 tat sie das. Sie sa\u00df in der Deele am Kamin und hatte vor sich zwei Tassen mit dampfenden Tee. Sie sahen identisch aus und rochen ganz passabel.\u201eKein Kr\u00e4utertee?\u201c, l\u00e4sterte ich. Karin l\u00e4chelte. \u201eEs ist Kr\u00e4utertee und er schmeckt sehr gut. Daher trinke ich auch eine Tasse.\u201cDamit hatte sie mich erwischt. Solidarit\u00e4t konnte man ja schlecht zur\u00fcckweisen. Aber sie hatte Recht: Der Tee schmeckte gut. Immerhin etwas, dachte ich bei \u0001 \u0002 suchte uns bis in den Abend nicht mehr auf. Sie war wohl mit der ganzen Kindertruppe besch\u00e4ftigt genug. Erst als es Abendbrotzeit war, kam sie wieder mit einem \u00e4u\u00dferst verschlossenen Gesicht. \u201eDarf nichts sagen\u201c, nuschelte sie, dabei platzte sie fast sichtbar dabei, alles das nicht zu erz\u00e4hlen zu d\u00fcrfen, was sie heute erlebt hatte. Ich kannte das vom Kindergarten. Holte ich sie ab, konnte ich sicher sein, bis zum Ende des Weges alles zu wissen, was an dem Tag passiert war. Sandra kaute auf ihrer Unterlippe. Ich gab ihr einen Kuss und einen Klaps auf den Hintern. \u201eWasch dir die H\u00e4nde\u201c, sagte ich ihr. \u201eWir gehen gleich runter.\u201cKarin und ich hatten einen recht angenehmen Nachmittag hinter uns. Vollkommene Entspannung und alles solche Dinge, die Kinder reinweg gar nicht interessierte. Dazu geh\u00f6rten auch ausgiebige Saunag\u00e4nge, eine Massage, ruhige Bahnen in dem kleinen Schwimmbad von einem Ende des Beckens zum anderen. Danach hatten wir zu Mittag gegessen und geschlafen. Dann gab es Kaffee und Kuchen und wir sind noch einmal ein wenig spazieren gewesen. Die Kinder waren extra versorgt worden. Tats\u00e4chlich wurden die Mahlzeiten und einiges an S\u00fc\u00dfigkeiten und Kuchen in die Scheune gebracht und schmutziges Geschirr wieder abgeholt. Es war der perfekte Kinderurlaub. Mal etwas ganz anderes, als Ferien auf einem normalen \u0001 \u0002 kam wieder und wirkte noch immer leicht angespannt. Aber das Abendbrot lenkte sie schnell von ihrer Seelenqual ab. Wieder war es recht d\u00fcster, als wir auf den Flur traten. Dieses Mal kamen die G\u00e4ste eher in kleinen Gruppen und nach und \u0001 \u0002 als die letzten G\u00e4ste in ihren Zimmer bemerkten, dass es soweit war, waren alsbald alle wieder um die Tafel versammelt. Jetzt wussten wir schon, dass das Essen nur so alt aussah, es aber nicht war. Der Kamin verbreitete eine anheimelnde Stimmung und die Spinnen wurden von allen Phobikern tapfer ignoriert. Als niemand kam, fingen die ersten nach einem gut h\u00f6rbaren \u201eMahlzeit\u201c und \u201eGuten Appetit\u201c oder auch \u201eAmen\u201c die Deckel zu l\u00fcften. Auch Sandra hatte m\u00e4chtigen Hunger, obwohl sie sicherlich an diesem Tag reichlich gegessen \u0001 \u0002 w\u00fcnschten uns auch einen guten Appetit und reichten Kartoffeln, Gem\u00fcse, Salat und Fleisch weiter, taten uns etwas auf die eigenen Teller und begannen zu essen. Noch immer war niemand zu sehen. Ich rechnete mit einem aufsehend erregenden Auftritt. Die G\u00e4ste mit Essen abzulenken, war die beste Methode daf\u00fcr. Ich tat Sandra Kartoffeln und ein sch\u00f6nes Schnitzel auf. Sie bat noch um etwas, das aussah, wie alter Salat. Es entpuppte sich als S\u00fc\u00dfspeise. Eine Art Bl\u00e4ttermandelgeb\u00e4ck mit wohl reichlich Lebensmittelfarben in Gr\u00fcn, Rot und Braun eingef\u00e4rbt. Karin bediente sich selbst und tat mir \u0001 \u0002 wollten wir anfangen zu essen, knallte laut es laut, so dass einige G\u00e4ste ihr Besteck vor Schreck fallen lie\u00dfen. Es klirrte und polterte. Ich hatte es fast irgendwo erwartet, dennoch blieb auch mein Herz ein wenig stehen. Wir waren auf einmal allesamt mucksm\u00e4uschenstill. Auch die Kinder lauschten gespannt. Es gab jedoch niemanden, der irgendwie wirklich Angst versp\u00fcrte. Nur ein kleiner Junge sah sich etwas vorsichtiger um als die anderen Kinder. Ich hoffte, er w\u00fcrde nichts auszustehen haben. Wegen eines Urlaubscherzes ein Trauma einzufangen, war ersten ungemein traurig und zweitens sehr teuer. Denn zu den Urlaubskosten konnte man die Kosten f\u00fcr den Psychiater gleich dazuaddieren.",
            "wordcount": "3.029",
            "chapter_release": "09.08.2008",
            "chapter_number": "4"
        }
    },
    "title": "Die Nacht von Hellows",
    "topic": "unspecified",
    "release": "\n09.08.2008\n\t\t\t\t\t\t",
    "author": "Dana Brandt"
}