{
    "tags": [],
    "chapcount": "19",
    "wordcount": "13.081",
    "chapters": {
        "1": {
            "text": "Die Horrorparty - Jede Party hat ein Ende1. Kapitel\u201eNa, Zwerg, willst du sie wiederhaben? Na komm, hol sie dir!\u201c Caroline lachte laut auf. Sie hob meine CD weit in die H\u00f6he - sie war ziemlich gro\u00df - und am\u00fcsierte sich dabei pr\u00e4chtig. \u201eLass es sein, Carol! Gib sie her oder ich hole Mum! Lass die CD los.\u201c, schrie ich. Mein Kopf war rot vor Anstrengung, weil ich seit 15 Minuten in meinem Zimmer herumsprang, um mit meine CD - und es war meine absolute Lieblings-CD - zur\u00fcckzuholen. Caroline war meine Schwester und sie liebte es mich zu \u00e4rgern und zu dem\u00fctigen. Meistens vor ihren Freunden, aber oft kam sie einfach wenn wir zuhause waren und trieb mich in den Wahnsinn. Es war nicht wie bei normalen Streitigkeiten unter Geschwistern - nein! Caroline hatte kein nettes Wort zu mir gesagt, seit ich 6 Jahre alt war und ich verachtete sie abgrundtief. Warum sie mir das alles antat, wusste ich nicht. Vielleicht dachte sie, dass Mum mich lieber mochte. Das hatte sie sich aber selbst zuzuschreiben. Erst schmei\u00dft sie die Schule- sie w\u00e4re fr\u00fcher oder sp\u00e4ter sowieso geflogen - , dann s\u00e4uft sie st\u00e4ndig und zuletzt ist sie jede Nacht in irgendeiner Kneipe. Sie war ein echtes Partygirl. Mum hatte ihr nicht verbieten k\u00f6nnen in der Wohnung zu rauchen. \u201eUnd wenn ich es nicht tue?\u201c Caroline grinste. \u201eAber was soll\u2019s? Ich werde loslassen.\u201c Sie \u00f6ffnete das Fenster und hielt die CD hinaus. \u201eHast du Lust die f\u00fcnf Stockwerke hinunterzurennen und sie heraufzuholen? Soll ich loslassen, Ally?\u201c In ihren Augen war jene Zufriedenheit, die sie hatte, wenn ich ihr wieder ausgeliefert war. Sie genoss es, Macht \u00fcber mich zu haben. \u201eJetzt gib schon her. Das ist nicht witzig.\u201c, schrie ich sie an. Diesmal w\u00fcrde ich sie nicht bitten. Sie w\u00fcrde nicht wieder \u00fcber mich siegen. Das durfte einfach nicht sein. \u201eSag \u201ebitte\u201c zu mir, Ally. Dann \u00fcberlege ich es mir vielleicht.\u201c Sie l\u00e4chelte und war mir mal wieder \u00fcberlegen. Es hatte doch keinen Zweck. \u201eGib mir meine CD wieder.\u201c, sagte ich und f\u00fcgte leise hinzu: \u201eBitte, Carol!\u201c Caroline setzte ihren \u201eWarum-denn-nicht-gleich-so\u201c - Blick auf und schloss das Fenster. \u201eGut so!\u201c, meinte sie nur, setzte mir im Vorbeigehen die Cappy auf und verschwand aus meinem Zimmer. Wenn sie erreicht hatte, was sie wollte, ging sie immer und verbreitete die Nachricht dann \u00fcberall. Meine Schwester Caroline Steward war 17 - fast 18 Jahre alt. Sie hatte blondes, gewelltes Haar, das ihr bis zur Schulter reichte und war gro\u00df und schlank. Jeder in unserem Viertel in Paris kannte und mochte sie. Alle fanden sie cool und sie war die Anf\u00fchrerin in ihrem Freundeskreis. Ich war erst 14 und hatte r\u00f6tliche Haare, die etwas l\u00e4nger waren als Carolines. Ich lebte mit Caroline und Mum - einer Alkoholikerin- in einem 5-st\u00f6ckigen Mietshaus, das einer Ruine glich, die kurz vor dem Einsturz war, in einem Drecksviertel in Paris. Caroline hatte immer Geld, da sie meines Wissens klaute. Nachts war sie meistens nicht daheim, weil sie mit ihrer Clique die Clubs von Paris unsicher machte. Unser Dad war gegangen, als ich acht gewesen war. Er hatte ein Verh\u00e4ltnis mit seiner Sekret\u00e4rin gehabt und war dann mit ihr nach Sydney gezogen. Er war Architekt und als er noch da gewesen war, hatten wir mit ihm in einer gro\u00dfen Villa in London gelebt und waren sehr angesehen gewesen. Doch er hatte uns einfach sitzen gelassen - ohne Geld. Wir waren dann nach Paris gezogen, weil Mum, die als Malerin gearbeitet hatte, dort bessere Auftr\u00e4ge bekommen hatte. Doch dann hatte sie begonnen zu trinken und bald gab es keine Bilder mehr zu malen. Nun arbeitete sie im Supermarkt und trank den ganzen Tag Whisky.",
            "wordcount": "609",
            "chapter_release": "11.02.2009",
            "chapter_number": "1"
        },
        "10": {
            "text": "10. Kapitel\u201eIch bin m\u00fcde, Carol. Ruhen wir uns aus!\u201c Meine F\u00fc\u00dfe brannten schrecklich, denn wir waren schon lange unterwegs. \u201eEs ist schon halb eins. Setzen wir uns hin.\u201c, best\u00e4tigte sie. Wir lie\u00dfen uns nieder. \u201eCaroline?\u201c, fl\u00fcsterte ich nach einigen Minuten. Ihre Augen waren geschlossen. \u201eWas gibt\u2019s?\u201c \u201eIch habe deine Spinne aus dem Fenster geworfen, als du heute weg warst.\u201c Sie seufzte. \u201eIch besorge mir schon wieder eine Neue.\u201c Ein L\u00e4cheln huschte \u00fcber ihr Gesicht. \u201eIst das dein Ernst?\u201c, fragte ich etwas verunsichert. \u201eNein, Ally.\u201c Zufrieden schloss ich die Augen und schlief ein.",
            "wordcount": "95",
            "chapter_release": "11.02.2009",
            "chapter_number": "10"
        },
        "11": {
            "text": "11. Kapitel\u201eLass mich los, du Monster!\u201c Ein lauter Schrei riss mich aus meinem Schlaf und ein ekliger Geruch stieg mir in die Nase. Irgend etwas kniete \u00fcber Caroline und dr\u00fcckte ihr die Kehle zu. Ihre Schreie wurden immer leiser und erstickter. Egal wer das war \u2013 er wollte sie erw\u00fcrgen. Ich hob einem Stein auf und warf ihn. Die Gestalt drehte sich um. Abstehende Hautfetzen, gelbe Z\u00e4hne und \u00fcberall Blut. Er war es \u2013 der Untote! Caroline hatte die Wahrheit erz\u00e4hlt. Das war kein M\u00e4rchen, um kleine Kinder zu erschrecken, sondern Wirklichkeit. Der Untote torkelte auf mich zu. Darauf hatte ich mich nicht \u0001 \u0002 schaute zu Caroline. Sie hatte die Augen weit aufgerissen und starrte mich an. Der Untote beugte sich \u00fcber mich. Sein s\u00e4uerlicher Atem str\u00f6mte mir ins Gesicht. \u201eGeh bitte weg!\u201c Er \u00f6ffnete den Mund. (Was hat das Vieh vor?). Seine spitzen Z\u00e4hne schimmerten gelblich und kamen mir immer n\u00e4her. Caroline versuchte vergeblich aufzustehen. Ihre Lippen bewegten sich, doch sie brachte kein Wort heraus. Ich wand mich wieder dem Untoten zu. \u201eLass mich in Ruhe!\u201c, flehte ich. \u201eWo seid ihr?\u201c Viktor kam um die Ecke. \u201e Hilf mir!\u201c, bat ich ihn. Der Untote wand sich von mir ab und starrte Viktor an. Bei Caroline hatte sich nichts ver\u00e4ndert. Sie stand immer noch unter Schock. \u201eDas ist unm\u00f6glich!\u201c, staunte Viktor. Die Bestie stie\u00df ein lautes Br\u00fcllen aus. \u201eIch geh dann mal wieder.\u201c Viktor rannte davon und der Untote wand sich wieder mir zu. Ich schlug um mich. (So verfault...). Ich versuchte mich loszurei\u00dfen. (Du bist verloren!) die Stimme in meinem Kopf klang \u00fcberzeugt. \u201eCarol, hilf mir! Ich will nicht sterben!\u201c, rief ich. Der Untote grunzte und legte seine Hand um meinen Hals. In ein paar Minuten w\u00fcrde ich erw\u00fcrgt am Boden liegen. Doch da fiel mir in letzter Sekunde noch das Messer ein. Ich hatte es eingesteckt. Ich zog es aus meiner Tasche und stach blind zu. Der Griff um meinen Hals lockerte sich. Der Untote schrie auf und schwankte zur\u00fcck. Blut floss aus einigen Wunden \u2013 br\u00e4unliches Blut. Seine Augen f\u00e4rbten sich rot zu einem \u201eIch-komme-wieder\u201c-Blick. Ich sah noch, wie er in einen Seitengang einbog, dann wurde ich ohnm\u00e4chtig.",
            "wordcount": "363",
            "chapter_release": "11.02.2009",
            "chapter_number": "11"
        },
        "12": {
            "text": "12. KapitelIch fand mich alleine in einem niedrigen, dunklen Gang wieder. Es gab keine Seiteng\u00e4nge und der Gang hatte die Form einer R\u00f6hre. Langsam stand ich auf. Hinter mir h\u00f6rte ich schwere Schritte. Sie kamen immer n\u00e4her. Ich konnte den Untoten noch nicht sehen, doch ich sp\u00fcrte, dass er hier war. Ich musste mich in Sicherheit bringen. Also rannte ich los. Der Untote knurrte bedrohlich nah hinter mir. Je schneller ich lief, desto n\u00e4her kam er. Ich kam zu einer T\u00fcr. Sie war die einzige M\u00f6glichkeit, doch sie lie\u00df sich nicht \u00f6ffnen. Ich r\u00fcttelte wie wild daran. (Bitte geh auf!). Der Untote war fast unmittelbar hinter mir. (Bitte. Ich tue alles, nur geh auf!). Der s\u00e4uerliche Geruch stieg mir in die Nase. Ich wollte nach dem Messer greifen, doch es war weg. Pl\u00f6tzlich flog die T\u00fcr von selbst auf. Schnell st\u00fcrzte ich hinein und sah mich um. Von den W\u00e4nden floss Blut herab und \u00fcberall lagen tote Menschen. Pl\u00f6tzlich fiel ein Schatten \u00fcber mich. Der Untote stand mit einer Sense vor mir. Ich wollte wegrennen, aber es war zu sp\u00e4t. Seine Augen strahlten, als er ausholte und zuschlug.",
            "wordcount": "190",
            "chapter_release": "11.02.2009",
            "chapter_number": "12"
        },
        "13": {
            "text": "13. Kapitel\u201eAlly, wach auf! Du hast geschrien!\u201c Caroline erschien vor meinem Gesicht. Der blutige Raum war weg und ich lag wieder in dem Gang direkt neben dem Messer. Ich konnte mich daran erinnern, dass ich den Untoten niedergestochen hatte. \u201eIst er weg?\u201c, fragte ich unsicher. \u201eDank dir!\u201c, entgegnete Caroline l\u00e4chelnd und streifte mir \u00fcber die Haare. Ich setzte mich auf. Alles tat mir weh. \u201eWarum hast du mir eigentlich nicht geholfen? H\u00e4tte ich das Messer nicht dabei gehabt, h\u00e4tte er mich erw\u00fcrgt!\u201c, warf ich Caroline vor. \u201eIch habe es doch versucht. Aber irgendwie ging es nicht. Das war wahrscheinlich ein Schock.\u201c, verteidigte sie sich. \u201eNa toll. Du h\u00e4ttest Steine auf ihn werfen k\u00f6nnen oder irgend etwas anderes.\u201c Ich sah zu ihr hin\u00fcber. Es schien ihr nicht mal leid zu tun.\u201eDann w\u00e4re er wieder zu mir gekommen. Du wei\u00dft nicht wie lange ich schon mit ihm gek\u00e4mpft habe, als du noch seelenruhig geschlafen hast.\u201c Ich hatte mich geirrt. Caroline war kein guter Mensch. \u201eDann h\u00e4ttest du wohl seelenruhig zugesehen, wie er mich umgebracht h\u00e4tte. Du bist so egoistisch.\u201c Mit diesen Worten stand ich auf und humpelte davon. \u201eWarte!\u201c Caroline hinkte hinterher. \u201eRenn nicht schon wieder davon. Damit haben unsere Probleme erst angefangen..\u201c \u201eJetzt fang doch nicht schon wieder damit an. Ich bin nicht Schuld.\u201c, erwiderte ich trotzig und versuchte schneller zu gehen als Caroline.\u201eIch wollte dir ja verzeihen, aber du siehst es nicht mal ein. Entschuldige dich, dann \u00fcberlege ich es mir.\u201c Carolines Augen funkelten mich an. Bisher hatte sie immer das letzte Wort gehabt. Das hatte mich schon immer an ihr gest\u00f6rt. \u201eDu musst mich immer \u00e4rgern. H\u00e4ttest du nicht damit angefangen, w\u00e4re jetzt noch alles in Ordnung.\u201c \u201eReiz mich doch nicht immer dazu, Schwesterchen.\u201c, antwortete sie und zog die letzte Zigarette aus ihrer Packung. \u201eMir reicht es. Ich habe genug. Jetzt rede ich nicht mehr mit dir.\u201c Caroline verdrehte die Augen. \u201eDu bist so kindisch. Das hast du schon immer gemacht, wenn dir nichts mehr eingefallen ist.\u201c Ich schwieg. \u201eFeigling. Ich bin schlauer als du. Gib es zu!\u201c Ich spielte gelangweilt und schaute weg. Pl\u00f6tzlich sah ich etwas, was mich von einer Sekunde auf die andere in Panik versetzte. \u201eEine Blutlache.\u201c, murmelte Caroline. (Wieso h\u00f6rt das denn nie auf?). Wie gel\u00e4hmt stand ich vor dem Blut. \u201eWillst du hier anwachsen?\u201c, fragte Caroline ungehalten. Ich streckte ihr die Zunge heraus und ging weiter. \u201eSiehst du das, Ally? Eine Schleifspur! Jemand hat sich mit letzter Kraft weitergeschleppt \u2013 oder der Untote nimmt seine Beute mit, um sie zu verspeisen.\u201c Caroline nutzte meine Angst wieder voll aus. Ihre eigene merkte man ihr gar nicht an. Wir kamen zu einer Wackelbr\u00fccke, die \u00fcber ein Loch f\u00fchrte. Es war nicht sonderlich tief, aber wenn man hineinfiel, kam man nicht mehr so leicht heraus. Langsam n\u00e4herte ich mich und kniete mich an den Rand. Genau hier endeten die Blutspuren. Mit einem Schrei wich ich zur\u00fcck. In dem Loch lag der Mann, dessen Schwester wir tot am Boden gefunden hatten. \u201eDa liegt einer!\u201c, wisperte ich und schaute Caroline an, die ihre Stirn runzelte und schlie\u00dflich erwiderte \u201eBitte nicht schon wieder.\u201c \u201eIst das alles, was du dazu zu sagen hast?\u201c, fragte ich entsetzt. \u201eDa ist jemand gestorben und es ist dir egal!\u201c \u201eDu spinnst wohl! H\u00f6r auf mich als gef\u00fchlskalt darzustellen. Sei froh, dass ich dich vorhin gesucht habe, als du weggerannt bist. Du w\u00fcrdest immer noch alleine herumrennen und heulen!\u201c, giftete Caroline. \u201eDie einzige, die geheult hat bist du. Der Finger...\u201c, machte ich sie nach, wodurch Caroline rot anlief. \u201eFrieden?\u201c, bot sie mir an. Widerstrebend willigte ich \u0001 \u0002 Gespr\u00e4ch wurde von einem lauten Husten unterbrochen. Ich drehte mich um zu dem Mann, den ich eigentlich f\u00fcr tot gehalten hatte. Langsam stand er auf und \u00f6ffnete die Augen. Sie funkelten blutrot. Er streckte die Hand aus \u2013 ein Finger fehlte. Ich sah Angst in Carolines Augen. Der Mann stie\u00df ein lautes Knurren aus. \u201eWer bist du und was willst du von uns?\u201c, fragte ich forsch. (Was tust du da? Du solltest rennen!). \u201eMeine Schwester war nicht tot. Sie ist auferstanden und hat mir von einer Bestie erz\u00e4hlt, die sie erw\u00fcrgt und ihr den Finger herausgerissen hat. Dann hat sie mich zu sich geholt.\u201c, stie\u00df der Mann hervor, auf dessen Pullover gro\u00df der Name Mark stand. \u201eEs ist nicht schlimm. Ihr werdet auch zu uns geh\u00f6ren.\u201c Mit diesen Worten st\u00fcrzte er sich auf \u0001 \u0002 und rechts von uns gingen Seiteng\u00e4nge weg, doch wir rannten immer geradeaus. Das ging leider nicht so schnell, da wir beide verletzt waren. \u201eDer Kerl ist auch untot. Genau wie seine Schwester Susann.\u201c, rief mir Caroline erkl\u00e4rend zu. \u201eHab ich gerade gemerkt.\u201c Ich erschrak f\u00fcrchterlich, als aus einem Seitengang Susann hervorst\u00fcrzte. \u201eKommt her! Es ist wundervoll und tut nicht weh \u2013 wenn ihr euch wehrt allerdings schon.\u201c, kreischte sie mit schriller Stimme. Ihr anfangs so bezauberndes Haar stand ihr zu Berge und anstelle ihrer Augen waren nur wie dunkle L\u00f6cher. Vor Entsetzen wurde ich etwas langsamer. Susann hatte leichtes Spiel und packte mich am Kn\u00f6chel. Ich st\u00fcrzte zu Boden. Als ihren Mund \u00f6ffnete, kamen ihre messerscharfen Z\u00e4hne zum Vorschein. Langsam n\u00e4herte sie sich meinem Hals. So etwas abartiges war mir noch nie passiert.\u201eIch bin ganz sanft!\u201c Susann kicherte. \u201eCarol, hilf mir bitte!\u201c, schrie ich, w\u00e4hrend ich Mark um die Ecke kommen h\u00f6rte. \u201eLass meine Schwester in Ruhe!\u201c, Caroline st\u00fcrzte sich auf Susann. Die beiden pr\u00fcgelten sich. Ich stand auf und \u00fcberlegte was ich gegen Mark tun konnte. Ich hob einige kleine Steine vom Boden auf und zielte auf seine Augen. Zum Gl\u00fcck traf ich gut und das leuchtende Rot verschwand aus seinen Augen. Er erblindete, drehte sich orientierungslos im Kreis und krachte gegen sie Wand. Dabei fiel ihm ein Arm ab und er landete bewusstlos am Boden. Ich wandte mich Caroline und Susann zu. Irgendwie hatte meine Schwester es geschafft Susann zu besiegen. \u201eDie ist f\u00fcr eine Weile ruhig \u2013 hoffe ich!\u201c Sie stand auf und wischte sich den Dreck vom Kleid (was leider nicht mehr so viel brachte). \u201eKomm mit. Wir d\u00fcrfen keine Zeit verlieren.\u201c So schnell es unsere Beine zulie\u00dfen rannten wir davon.",
            "wordcount": "1.014",
            "chapter_release": "11.02.2009",
            "chapter_number": "13"
        },
        "14": {
            "text": "14. KapitelWir kamen in einem Raum an. Er war ziemlich gro\u00df und ganz leer. Vorne und links gingen G\u00e4nge weg. Caroline lie\u00df sich am Boden neben dem Eingang nieder. \u201eIch habe Angst!\u201c, gab sie zu, als ich mich neben sie setzte. Ich beschloss unseren Streit von vorhin beizulegen und etwas nettes zu antworten. \u201eIch auch.\u201c, antwortete ich. Einmal wollte ich \u00fcber meinen Schatten springen. \u201eEs tut mir leid, dass ich dich vorhin angeschrien habe, Carol.\u201c, f\u00fcgte ich leise hinzu und wartete ihre Reaktion ab. \u201eIst schon gut. Ich h\u00e4tte dich auch nicht beschuldigen sollen. Eigentlich...\u201c Sie holte tief Luft. \u201e... bist du ganz in Ordnung.\u201c Das war die Reaktion, die ich am wenigsten erwartet hatte. Wir schwiegen eine Weile. Wei\u00dft du noch? Als ich f\u00fcnf war hast du manchmal mit mir Puppen gespielt, wenn Mum nicht da war.\u201c Es war mir gerade so eingefallen. Damals war sie noch lieb gewesen und hatte oft auf mich aufgepasst. Doch als ich in die Schule gekommen war, hatte sich das ge\u00e4ndert. Seitdem behandelt sie mich so schrecklich. \u201eDas wei\u00dft du noch?\u201c, staunte Caroline. \u201eIch musste immer deine benutzen, weil ich meinen eigenen immer den Kopf mit der Schere abgehackt habe, wenn ich zornig war.\u201c Ich lachte. \u201eUnd dann hast du versucht sie mir Uhu wieder zusammenzukleben.\u201c Caroline \u00fcberlegte kurz. \u201eDas kannst du gar nicht wissen. Ich hatte sie immer im Schrank versteckt.\u201c Erwartungsvoll schaute sie mich an.\u201eDu wei\u00dft ja gar nicht wie oft ich in deinem Zimmer war, um nach S\u00fc\u00dfigkeiten zu suchen. Da habe ich zuf\u00e4llig die Puppen entdeckt. Sie waren wirklich \u00fcble verst\u00fcmmelt.\u201c Caroline winkte ab. \u201eLassen wir das!\u201c Ich musste lachen und nach einigen Sekunden stimmte sie mit ein. Es war ein offenes, frohes Lachen, welches wir zuvor noch nie geteilt hatten. Es war neu f\u00fcr mich, mich so gut mit meiner Schwester zu verstehen. Doch unsere Freude sollte nicht lange anhalten. Aus dem linken Gang kam uns der Untote entgegen. Er knurrte und kam mir immer n\u00e4her. Ich erinnerte mich an die Szene die sich im Gang abgespielt hatte, die Hautfetzen, der s\u00e4uerliche Atem. Pl\u00f6tzlich war alles wieder in meinem Ged\u00e4chtnis noch einmal w\u00fcrde ich ihm nicht entkommen. Caroline packte mich am Arm und zog mich mit sich. Wir rannten den Gang nach vorne, wo wir jedoch sofort von Mark gestoppt \u0001 \u0002 drehten um. Ich entkam dem Untoten um Haaresbreite. Er riss ein St\u00fcck meines gr\u00fcnen Sommerkleides ab. Wir beschlossen den Gang zu nehmen, aus dem wir gekommen waren. \u201eDas haben die wohl geplant oder was?\u201c, regte sich Caroline auf. Da kam uns Susann entgegengeschwebt. \u201eEndstation!\u201c, kreischte sie. Ihre F\u00fc\u00dfe ber\u00fchrten den Boden nicht, das war faszinierend. Wir gingen wieder in den Raum zur\u00fcck. \u201eIhr habt uns lange genug zum Narren gehalten! Jetzt ist es aus!\u201c, rief Mark, dessen Augen sich scheinbar immer noch nicht erholt hatten. Wir waren von allen drei Seiten eingesperrt. \u201eEs ist aus!\u201c, seufzte ich. (Du wirst sterben. Der Rest deines k\u00fcmmerlichen Daseins wird aus Qualen bestehen. Viel Spa\u00df dabei!) Die Stimme irgendwo tief in meinem Kopf ging mir langsam auf die Nerven, doch ich sah es ein: Ich w\u00fcrde sterben. Doch als der Untote mich am Arm packte und seine scharfen Z\u00e4hne sich behutsam meinem Hals n\u00e4herten, stie\u00df mein Fu\u00df gegen etwas hartes und es quietschte laut. Ich verlor den Boden unter den F\u00fc\u00dfen und fiel in ein tiefes Loch, das nie zu enden schien. Erst als ich unten auf dem Boden aufschlug und mein Kopf sich anf\u00fchlte wie nach einem Wirbelsturm, realisierte ich, dass ich dem Tod entkommen war. Caroline, die neben mir lag, stand gerade auf und wischte sich den Dreck von ihrem Kleid. \u201eEs war neu! Ich habe es mir vorgestern erst gekauft!\u201c, erkl\u00e4rte sie mir, w\u00e4hrend wir uns umsahen. Ein Gang, kahle W\u00e4nde und eine Treppe! \u201eLicht!\u201c, fiel mir auf. Als ich die ersten drei Stufen erklommen hatte, h\u00f6rte ich etwas am Boden aufschlagen. Mark und Susann waren gesprungen. Also war es noch nicht vorbei. Susann stand als erste auf und folgte uns. Sie war ziemlich schnell, da sie ja schwebte. Ich schaute nach oben \u2013 nichts als Stufen. Nun war auch Mark zu sich gekommen. Susann war dicht hinter mir. \u201eGebt auf! Ihr kommt da nicht raus! Ihr werdet die Katakomben nie wieder verlassen. Sie werden euer Zuhause sein!\u201c, br\u00fcllte Susann. \u201eDas kannst du vergessen!\u201c, Caroline warf einen gro\u00dfen Stein auf Susann, der diese zwar verfehlte, daf\u00fcr jedoch Mark am Kopf traf. Dieser fiel sofort bewusstlos um und rollte die Treppe wieder hinunter. Unterwegs blieb sein gro\u00dfer Zeh liegen. \u201eEr ist ein wenig verletzlich, aber kommen wir nicht vom Thema ab.\u201c, lachte Susann! Ich sah zu ihr hin\u00fcber. \u201eWoher kommt denn die Axt so pl\u00f6tzlich?\u201c, wunderte ich mich. \u201eSchei\u00dfe!\u201c, entgegnete auch Caroline, als sie die \u00fcberdimensionale Waffe in der Hand der Untoten sah. Wir waren nun am Ende der Treppe angekommen und erreichten einen Gullideckel. Caroline dr\u00fcckte. \u201eEr l\u00e4sst sich nicht \u00f6ffnen!\u201c Ich h\u00f6rte das Ger\u00e4usch von Autos, die durch die Innenstadt von Paris fuhren und das Gerede von Leuten. Die Freiheit war doch so nah. Wieso konnte ich nicht entkommen?Susann holte aus und schleuderte die Axt auf mich. Sie flog direkt auf mich zu. Ich konnte mich nicht bewegen. Sie kam mir immer n\u00e4her und n\u00e4her und flog schlie\u00dflich \u00fcber meinen Kopf hinweg direkt in die Ecke. Ohne lange dar\u00fcber nachzudenken was ich tat, schnappte ich sie mir und schleuderte sie auf Susann, w\u00e4hrend Caroline immer noch versuchte, den Gullideckel zu bewegen. Die Axt landete direkt in Susanns Hand \u2013 mit dem Stiel nach oben. Susanns Hand fiel zu Boden. Caroline drehte sich gerade um und teilte mir mit, dass der Deckel sich nicht \u00f6ffnen lie\u00df. Sie f\u00fcgte wegen der Hand hinzu: \u201eWarst du das?\u201c Ich nickte nur stumm. (Du hast jemandem die Hand abgehackt, aber das ist nicht so schlimm. Es war nur eine Leiche) \u201eCool!\u201c, erwiderte Caroline. \u201eSchlag ein.\u201cMeine Schwester und ich sahen uns an und wussten sofort, dass es nur einen Weg gab, Susann zu entkommen. \u201eAuf sie!\u201c, br\u00fcllten wir und st\u00fcrzten uns auf Susann. Zu dritt purzelten wir die Treppe hinunter. Am Boden angekommen landeten wir genau auf Mark, der sich gerade aufgerichtet hatte und gleich wieder ohnm\u00e4chtig wurde. Caroline nutzte die kurze Zeit, die uns blieb, schnappte sich die Axt und zog mich mit sich hinter die Treppe. Dort ging ein kleiner, niedriger Gang weg. Wir st\u00fcrzten hinein. Doch in dem Gang wartete schon der n\u00e4chste Schock auf mich. Von der Decke seilte sich eine riesengro\u00dfe Spinne ab, die ungef\u00e4hr so gro\u00df wie ein ausgewachsenes Kaninchen war. Sie landete direkt auf meiner Schulter. Ich hatte in den letzten Stunden so viel erlebt, dass mir die Spinne dagegen ganz harmlos vorkam. Ich hatte nicht mal so viel Angst. Vielleicht w\u00fcrde mir diese Spinne sogar noch mal etwas nutzen. Ich setzte sie also leicht angeekelt von meiner Schulter ab und steckte sie in Carolines Handtasche. \u201eF\u00fcr alle F\u00e4lle!\u201c, erkl\u00e4rte ich ihr und wir mussten lachen. Der Gang ging immer gerade aus und er war so nieder, dass sogar ich mich ein bisschen b\u00fccken musste. Vermutlich war ich in meinem eben noch niemals so viel gerannt. Die Lage war total aussichtslos. Diese Bestien waren hinter uns her und es war kein Ende in Sicht.",
            "wordcount": "1.201",
            "chapter_release": "11.02.2009",
            "chapter_number": "14"
        },
        "15": {
            "text": "15. KapitelSogar nach weiteren 30 Minuten h\u00f6rten wir nicht auf zu rennen. Ich h\u00f6rte Susann und sie war auch nicht in Sichtweite, doch ich sp\u00fcrte ihre Anwesenheit genauso deutlich, wie ich Carolines keuchenden Atem h\u00f6rte. Ich warf einen pr\u00fcfenden Blick in ihre Handtasche. Die Spinne hatte sich \u00fcber den Lippenstift hergemacht und diesen schon fast komplett abgefressen. Ich machte den Reisverschluss zu. Die Decke war nun etwas h\u00f6her geworden und wir konnten wieder aufrecht gehen. Nach einigen Metern bog ein Seitengang nach links ein. Vielleicht bildete ich mir das nur ein oder ich war von der ganzen Sache verr\u00fcckt geworden, aber ich h\u00f6rte Schritte \u2013 ganz deutlich! Sie kamen direkt auf uns zu. Hatte der Untote das alles geplant und wartete nun sehns\u00fcchtig auf unsere Ankunft? Hilflos sah ich zu Caroline hin\u00fcber. Diese umklammerte die Axt ganz fest. Da fiel ein Schatten auf den Boden. Gleich w\u00fcrde der Untote sich knurrend auf uns st\u00fcrzen. Er w\u00fcrde sich an uns r\u00e4chen und uns bis auf die Knochen... Ich wurde von einer mir bekannten Stimme aus den Gedanken gerissen. \u201eDa seid ihr ja Leute! Ich habe euch \u00fcberall gesucht!\u201c Richie kam auf uns zugeschlendert. Zum ersten mal in meinem Leben freute ich mich so richtig, einen von Carolines Freunden zu sehen. Er machte sich zwar gerne \u00fcber mich lustig, aber solange er uns hier herausbrachte, war ich bereit, ihm das zu verzeihen. Richie kam aus Iowa in den USA und nahm nichts und niemanden ernst. Der Anblick von Caroline mit der Axt in der Hand schien ihn jedoch leicht zu verunsichern. \u201eGeil! Wo habt ihr denn dieses Teil her?\u201c, wollte er begeistert wissen und betrachtete die Waffe n\u00e4her. \u201eDas spielt keine Rolle.\u201c, antwortete ihm Caroline. \u201eWichtig ist nur, wo du herkommst und wie es hier raus geht.\u201c \u201eAlso...\u201c, begann Richie, doch ich war zu nerv\u00f6s, um ihn ausreden zu lassen. \u201eIch dachte, die Polizei hat euch erwischt. Viktor hat uns das erz\u00e4hlt, als wir ihm begegnet sind. Er ist dann aber auch wieder verschwunden.\u201c Richie setzte ein ver\u00e4rgertes Gesicht auf. \u201eLass mich blo\u00df mit Viktor in Ruhe. Dieser kleine Arschkriecher hat uns den Bullen ausgeliefert. Ich habe dann gesagt, wir w\u00e4ren von der Schulgruppe Architektur des 19. Jahrhundert und wollten hier eine Besichtigung machen.\u201c \u201eHaben sie dir das abgekauft?\u201c, interessierte ich mich. Richie lachte auf. \u201eNat\u00fcrlich nicht, aber ich hatte noch ein paar von Belindas Bohnen aus dem Scherzartikelladen in der Hosentasche. Die hatten es in sich!\u201c Auf Richies Gesicht breitete sich ein breites Grinsen aus. \u201eKeine Details, bitte!\u201c, bat ich. Ich hatte schon einmal etwas von Belindas Bohnen geh\u00f6rt. Sie wurden sackweise in einem Hinterzimmer von Colettes Imbiss verkauft und man konnte mit ihnen fast alles machen. Sie waren als Juckpulver, Bomben und eine Art Feuerwerk einsetzbar. \u201eDie anderen sind schon alle weg. Nur ich bin hier geblieben, um nach euch zu suchen.\u201c \u201eHast du dir wohl Sorgen um mich gemacht? Das ist aber lieb von dir.\u201c, s\u00e4uselte Caroline und ging einen Schritt auf Richie zu. Diesen machte ihre N\u00e4he so Angst \u2013 ob nun wegen der Axt oder wegen ihrer sch\u00f6nen blauen Augen wusste ich nicht -, dass er sch\u00fcchtern zur\u00fcckwich und kleinlaut hinzuf\u00fcgte: \u201eUm dich und deine Schwester \u2013 zu gleichen Teilen.\u201c Richie war froh, sich aus dieser brenzligen Situation gerettet zu haben.\u201eWas ist eigentlich mit euch passiert?\u201c, erkundigte sich Richie und musterte uns von oben bis unten. \u201eIhr seht etwas zerzaust aus.\u201c \u201eDa waren solche schrecklichen...\u201c, begann ich zu erz\u00e4hlen, doch Caroline trat mir auf den Fu\u00df, was bei ihren hohen Schuhen ganz sch\u00f6n schmerzte, und erg\u00e4nzte. \u201eGanz genau! So schreckliche Weggabelungen, dass wir uns ja verlaufen mussten!\u201c Kurz fragte ich mich, warum sie Richie nicht einweihte, doch das wurde mir schnell klar: Er h\u00e4tte uns f\u00fcr verr\u00fcckt erkl\u00e4rt. Wir hatten schon fast die Hoffnung aufgegeben. Du hast uns das Leben gerettet!\u201c, bedankte sich Caroline und gab Richie einen Kuss auf die Backe. Dieser lief sofort knallrot \u0001 \u0002 diesem Zeitpunkt an interessierte sich Caroline nicht mehr f\u00fcr mich. Sie war viel zu besch\u00e4ftigt damit, mit Richie zu flirten. Dieser zeigte sich ihr gegen\u00fcber aber auch nicht mehr so abweisend. Und ich musste mir dieses Geschwafel auch noch anh\u00f6ren. Richie war zum Beispiel total versessen darauf, Carolines Tattoo zu sehen. (Sie war am Oberschenkel t\u00e4towiert.) Also ging ich still neben den beiden her. Richie behauptete, sich auszukennen, aber nachdem er uns schon hundert mal gesagt hatte, dass wir in f\u00fcnf Minuten im Partysaal waren, wurde mir klar, dass wir uns schon wieder verlaufen hatten. Wir waren alle sehr m\u00fcde und wollten schlafen, doch wir hatten ausgemacht, noch weiterzugehen. Als wir um die n\u00e4chste Ecke bogen, h\u00f6rten wir eine wundersch\u00f6ne Frauenstimme. Sie sang ein Lied, das ich nicht kannte. Langsam gingen wir n\u00e4her heran. Eine blonde Frau sa\u00df uns abgewandt auf einem Stein. Ihr Gesang versetzte Richie in eine Art Trance. Er stand wie angewachsen da und starrte die Frau an, deren Haar golden zu gl\u00e4nzen schien. \u201eKomm zu mir! Ich werde dich verw\u00f6hnen!\u201c, rief die Frau, ohne sich umzudrehen. Langsam ging Richie einen Schritte auf die Frau zu. Caroline legte ihm die Hand auf die Schulter, doch er reagierte nicht. Kurz kam mir Susann in den Sinn. (Sie kann es nicht sein. Sie ist viel zerfetzter!) Richie stand nun dicht bei der Frau. Als sich diese umdrehte, schien sie sich zu ver\u00e4ndern. Ihr goldenes Haar stand ihr zu Berge und ihr Gesicht verfaulte. Als sich ihre sch\u00f6ne Singstimme in ein heiseres Kr\u00e4chzen verwandelte, sah ich in ihre leeren Augenh\u00f6hlen und war mir sicher, dass es Susann war.\u201eKomm her, damit ich dich zerfleischen kann!\u201c, kreischte sie und packte Richie am Hals. Caroline fackelte nicht lange und st\u00fcrzte sich auf Susann. \u201eLass ihn, du Monster!\u201c Diese riss Caroline zu Boden und w\u00fcrgte sie. \u201eIch werde dich zerdr\u00fccken, h\u00f6rst du? Du wirst leiden und sterben.\u201c, fl\u00fcsterte Susann ihr zu. Caroline schlug um sich, konnte Susann jedoch nicht entkommen. Ich konnte nicht einfach so zusehen, wie meine Schwester get\u00f6tet wurde. Ich sah Richie an. In seinen Augen sah ich Entschlossenheit. Er schleuderte Susann mit einem Schlag von Caroline weg. Sie keuchte und ich sah, dass sie weinte. Auch Susann erholte sich langsam wieder. Ich machte die beiden darauf aufmerksam, dass wir es eilig hatten und so machten wir uns wieder auf den Weg. Caroline blieb noch einmal kurz stehen. Sie rannte zur\u00fcck und setzte Susann die Spinne in den Nacken. Dann holte sie uns wieder ein. Wir beschlossen, Pause zu machen, wenn wir in Sicherheit waren.",
            "wordcount": "1.075",
            "chapter_release": "11.02.2009",
            "chapter_number": "15"
        },
        "16": {
            "text": "16. KapitelIch wurde von Stimmen aus dem Schlaf geweckt, als ich neben Caroline und Richie am Boden eines Seitenganges erwachte. Die Stimmen stammten nicht von den beiden, sondern von viel mehr als zwei Personen. Vorsichtig \u00f6ffnete ich die Augen. Caroline lag in Richies Armen. So viel Harmonie war schon fast widerlich. Ich wandte mich wieder den Stimmen zu. Sie wurden immer lauter. G\u00e4hnend stand ich auf. Ich musste der Sache auf den Grund gehen. Caroline hatte mir zwar verboten, alleine herumzulaufen, aber das war mir im Moment egal. Irgendwie h\u00f6rte es sich an, als ob die Stimmen hier ganz in der N\u00e4he waren. Vorsichtig bog ich um die Ecke. Alles war still. Wahrscheinlich hatte ich mir das alles nur eingebildet. Nach den ganzen Dingen, die hier unten geschehen waren war es ja kein Wunder, wenn man verr\u00fcckt wurde. Trotzdem schaute ich bis um die n\u00e4chste Biegung. Ich stand direkt vor dem Untoten. Das war keine Einbildung \u2013 leider. Er hatte eine Horde von bestimmt hundert Zombies oder noch mehr bei sich. (Hoffentlich haben sie mich nicht gesehen.)Ich rannte zur\u00fcck zu Caroline und Richie. Ich musste die beiden sofort warnen. Erst nun fiel mir auf, wie weit ich gegangen war und ich w\u00fcnschte, ich w\u00e4re gar nicht erst aufgewacht. Als ich ankam war Caroline gerade aufgewacht und gab Richie einen Kuss. \u201eCaroline...\u201c, stammelte ich und bekam f\u00fcr einige Sekunden keine Luft mehr. \u201eAlly! Hab ich dir nicht verboten hier alleine herumzurennen. Du wei\u00dft doch, dass dich jemand sehen k\u00f6nnte. Bitte leg dich wieder hin.\u201c \u201eNein!\u201c, fuhr ich fort und ruderte mit den Armen. Irgend etwas schien meinen Kopf zu blockieren. \u201eDa hinten... der Untote... ganz viele von ihnen!\u201c, versuchte ich ihr zu erkl\u00e4ren, doch scheinbar glaubte sie mir nicht. \u201eKomm mal her zu mir, Kleine. Hast du schlecht getr\u00e4umt?\u201c Ich ging zu ihr und zerrte sie am Arm. Sie riss sich los. \u201eIst ja schon gut. Ich komme schon. Nur weil du Alptr\u00e4ume hast muss ich wieder...\u201c Als sie die Ecke erreicht hatte, brach sie ihren Satz ab und starrte direkt einem Untoten ins Gesicht, der anscheinend schon l\u00e4nger tot war als die anderen. Caroline stie\u00df einen lauten Schrei aus und trat einen Schritt zur\u00fcck. Richie wachte dadurch auch auf und lief zu uns hin\u00fcber. Wie angewurzelt standen wir der Zombie-Gruppe gegen\u00fcber. Richie machte den ersten Schritt. Er stellte sich vor uns (ich konnte sehen wie seine Beine zitterten) und stotterte kleinlaut: \u201eLasst meine Freunde in Ruhe... sofort!\u201c \u00c4ngstlich stand er direkt vor Mark, dessen Augen immer noch erblindet waren.\u201eSpiel nicht den Helden! Renn lieber!\u201c Caroline warf die Axt, die sie zuf\u00e4llig in der Hand hatte, auf den Untoten, der sie geschickt auffing. Er warf sie direkt auf mich zu. Ich war nicht f\u00e4hig mich zu bewegen, weil ich mich darauf nicht vorbereitet hatte. Gleich w\u00fcrde sie einschlagen und das alles w\u00e4re endlich zu ende. Caroline warf sich auf mich, sodass die Axt nur meinen Arm streifte und klirrend am Boden landete. Caroline und ich sahen uns f\u00fcr einen Moment in die Augen und rannten augenblicklich los. Die Untoten folgten uns. Der Untote kam mir in den Sinn und ich schauderte. Ich stolpert \u00fcber einen Stein, fiel, schlug mir das Knie auf, rappelte mich wieder auf und rannte weiter. Blut rann mein Bein hinab, doch die Schmerzen gingen unter in der Tatsache, dass ich von einer Horde Monster verfolgt wurde und wahrscheinlich bald in den Tod gehen w\u00fcrde. Was tat Mum wohl gerade? Machte sie sich Sorgen um uns? War sie betrunken? Pr\u00fcgelte sie sich wieder mit dem T\u00fcrsteher vor Maurices Caf\u00e9, weil der sie nicht durchlie\u00df? Wahrscheinlich bemerkte sie \u00fcberhaupt nicht, dass wir nicht da \u0001 \u0002 und Verzweiflung lie\u00dfen meine Schritte langsamer werden. Ich sp\u00fcrte wie ich langsam aber sicher den Verstand verlor. Es war als ob ich in ein tiefes Loch fiel \u2013 eine Schlucht, die niemals endete. Wir stoppten, denn vor uns tat sich ein Abgrund auf. Ich stellte mich an den Rand und blickte hinab. Ewige Dunkelheit blickte mir entgegen und lud mich ein. \u201eQu\u00e4l dich nicht. Ein Sprung und du bist deine \u00c4ngste los!\u201c F\u00fcr einen Moment schien mir dieser Gedanke gar nicht so abwegig. Doch als ich Caroline ansah, die mich aufmerksam musterte, verwarf ich den Gedanken schnell. Die einzige M\u00f6glichkeit, die ich hatte, war, einen Ausweg zu suchen und nicht aufzugeben. \u201eGeh lieber ein St\u00fcck weg, Ally. Nicht, dass du da noch reinf\u00e4llst.\u201c, warnte mich meine Schwester. Ich leuchtete mit der Taschenlampe in den Abgrund und konnte verdrecktes, gr\u00fcnliches Wasser erkennen. Ich sah mich nach Richie um. Er ging ein paar Schritte zur\u00fcck und nahm Anlauf. \u201e Was tust du da? Es ist doch viel zu weit.\u201c, protestierte Caroline, doch Richie h\u00f6rte nicht auf sie. Er sprintete los und sprang \u00fcber das Loch. Mit einem lauten Aufschlag landete er auf der anderen Seite, sprang auf und rieb sich das Bein. \u201eKommt!\u201c, ermutigte er uns. \u201eEs ist gar nicht so schwer.\u201c Ich sprang als n\u00e4chstes und schaffte es ebenfalls. Richie half mir beim aufstehen. \u201eCaroline. Komm schon!\u201c Ich sah zu meiner Schwester hin\u00fcber. \u201eDas geht nicht. Es ist viel zu weit.\u201c, antwortete diese und r\u00fchrte sich nicht. Da bog Susann um die Ecke, gefolgt von den anderen Untoten. \u201eSchnell!\u201c, schrie Richie. Hundert Zombies oder der Sprung \u00fcber eine Schlucht. F\u00fcr Caroline scheinbar eine schwere Entscheidung. Z\u00f6gernd rannte sie auf das Loch zu und sprang dar\u00fcber. Sie schaffte es nicht bis zum Rand und hielt sich gerade noch fest. \u201eHilfe! Zieht mich rauf!\u201c, bat sie. Ich beugt mich \u00fcber den Rand zu Caroline hinunter und versuchte sie hochzuziehen, doch ich war zu schwach. Ger\u00f6ll st\u00fcrzte in die Schlucht und riss Caroline ein bisschen tiefer in Richtung des Abgrundes. Sie schrie laut auf. \u201eHilf mir sie hochzuziehen, Richie!\u201c, rief ich, doch gerade als er sich umdrehte, sprang Mark vom Rand ab und h\u00e4ngte sich von unten an Carolines F\u00fc\u00dfe. \u201eLass los!\u201c, schrie sie entsetzt und versuchte Mark, der sich fest an ihre Beine klammerte, abzusch\u00fctteln. Richie hielt sie mit beiden H\u00e4nden fest. Er zog mit aller Kraft. (Bitte! Lass Caroline nicht abst\u00fcrzen. Sie ist doch meine Schwester.) Caroline sch\u00fcttelte so heftig die Beine umher, dass sich Mark nur noch mit einer Hand an ihr festhielt. Ihre H\u00e4nde wurden immer schwei\u00dfiger und Richie konnte sie nicht mehr festhalten. Da l\u00f6ste sich Marks Griff und er st\u00fcrzte in die Tiefe. Unten h\u00f6rte man einen dumpfen \u0001 \u0002 Richie Caroline hinaufgezogen hatte, machten wir uns aus dem Staub. Die anderen Untoten waren f\u00fcr eine Weile aufgehalten, denn ich vermutete, dass keiner von ihnen so enden wollte wie Mark. \u201eOhne dich w\u00e4re ich abgest\u00fcrzt!\u201c, bedankte sich Caroline nach einer Weile bei Richie und lehnte sich an ihn. Im Grunde waren die beiden ein s\u00fc\u00dfes Paar. Und Richie passte viel besser zu meiner Schwester als dieser bl\u00f6de Viktor, der immer nur an sich dachte. \u201eViktor h\u00e4tte mich bestimmt nicht gerettet.\u201c, vervollst\u00e4ndigte Caroline meine Gedanken. \u201eDu bist so gut zu mir.\u201c Ich erkannte sie nicht wieder. Sie war zu einem zahmen K\u00e4tzchen geworden. \u201e Du solltest nicht immer so b\u00f6se \u00fcber Viktor reden.\u201c, belehrte Richie Caroline. Ich verstand nicht was er da sagte. Richie konnte Viktor doch \u00fcberhaupt nicht ausstehen. Wieso nahm er ihn nun in Schutz? Caroline und ich sahen ihn verwundert an. \u201eSo schlimm wie du immer denkst ist er n\u00e4mlich gar nicht. Na gut. Mal abgesehen davon, dass er sich einfach so aus dem Staub gemacht hat.\u201c Caroline funkelte ihn an. \u201eEr hat mich mit Monique betrogen.\u201c, verteidigte sie ihre Abneigung. \u201eWoher willst du das wissen? Hat dir Monique das gesagt? Sie war doch nur entt\u00e4uscht, dass Viktor sie abgewiesen hat. Da hat sie ihn bei dir angekreidet und sich als die Schuldbewusste dargestellt. Ich habe das gestern zuf\u00e4llig geh\u00f6rt, als die beiden dar\u00fcber gestritten haben.\u201c, erkl\u00e4rte Richie. \u201eUnd warum hat er mir das nicht gleich gesagt?\u201c, fragte sich Caroline und sah skeptisch zu Richie hin\u00fcber, der so tat, als ob er w\u00fcsste wo wir hingehen mussten.\u201eGib es zu.\u201c, entgegnete er. \u201eIhm h\u00e4ttest du doch sowieso nicht geglaubt und ihn angeschrien.\u201c Caroline gab ein leises \u201edu hast Recht\u201c von sich und lie\u00df sich auf den kalten Boden nieder. Wir taten es ihr gleich. \u201eVielleicht h\u00e4tte ich nicht so hart zu ihm sein d\u00fcrfen.\u201c, \u00fcberlegte sie. So ein Quatsch. Viktor war ein arroganter Idiot und wahrscheinlich hatte er Caroline eben nicht mit Monique, sondern mit irgendeiner Anderen betrogen. \u201eIch will hier endlich raus.\u201c, mischte ich mich in das Gespr\u00e4ch der beiden ein. \u201eIch auch, Schwesterchen.\u201c, erwiderte meine leicht ungepflegt wirkende Schwester und rutschte zu mir hin\u00fcber.",
            "wordcount": "1.418",
            "chapter_release": "11.02.2009",
            "chapter_number": "16"
        },
        "17": {
            "text": "17. Kapitel\u201eGehst du zu Viktor zur\u00fcck?\u201c, fragte ich vorsichtig. Caroline und ich sa\u00dfen seit zwei Stunden neben einander, weil wir nicht schlafen konnten, und redeten. Richie war schon ziemlich fr\u00fch eingeschlafen. \u201eIch wei\u00df es nicht. Wir waren so lange zusammen und ich mag ihn schon sehr, obwohl er manchmal wirklich r\u00fccksichtslos ist.\u201c Manchmal? \u201eUnd was ist mit Richie?\u201c, wollte ich wissen. Ich hoffte, dass sie sich f\u00fcr ihn entscheiden w\u00fcrde. Caroline sah zu dem leise vor sich hin schnarchenden Richie hin\u00fcber. \u201eEr ist so s\u00fc\u00df wenn er schl\u00e4ft.\u201c Sie seufzte. \u201eWillst du meinen Rat h\u00f6ren?\u201c, fragte ich. \u201eDa bin ich jetzt aber gespannt.\u201c, entgegnete Caroline mit verschlafener Stimme. \u201e Ich will dich nur daran erinnern, dass Richie \u2013 ganz im Gegenteil zu Viktor \u2013 immer zu dir steht. Du warst doch nur mit Viktor zusammen, weil du auf muskul\u00f6se Typen stehst.\u201c Caroline err\u00f6tete leicht. \u201eGar nicht wahr.\u201c, antwortete sie verlegen. \u201eUnd was war dann mit dem Profiboxer und dem Typen aus dem Fitnessstudio?\u201c, setzte ich dagegen und wunderte mich dar\u00fcber, wie viel ich \u00fcber meine Schwester wusste. Ich hatte das Gef\u00fchl, dass ich durch die undurchdringliche Dunkelheit ein Grinsen auf Carolines Gesicht erkennen konnte. \u201eDer Boxer war s\u00fc\u00df, aber dieser Fitness-Typ war eine Pleite.\u201c, erinnerte sie sich. \u201eWieso?\u201c, erkundigte ich mich neugierig. \u201eWie soll ich sagen?\u201c, meinte Caroline. \u201eEr war nicht zufriedenstellend..\u201c Ich kickerte und nach einigen Sekunden stimmte sie mit ein. \u201eWie ist es eigentlich bei dir? Warst du schon mal verliebt?, erkundigte sich Caroline. Als sie meinen unsicheren Blick sah, f\u00fcgte sie hinzu: \u201eStell dich nicht so an. Ich interessiere mich eben.\u201c Erst wusste ich nicht so recht was ich ihr erz\u00e4hlen sollte, doch schlie\u00dflich erinnerte ich mich an etwas, was noch nicht mal so lange her war. \u201eErinnerst du dich noch an Lenny aus der neunten Klasse? Ein Freund von Richie.\u201c Caroline w\u00fcrde wissen, was ich meinte. Da war ich mir sicher. \u201eOh, Ally. Das tut mir wirklich leid.\u201c, entschuldigte sie sich. Es war ungef\u00e4hr drei Monate her. Lenny hatte mich endlich auf ein Eis eingeladen und ich war so aufgeregt gewesen. Ungl\u00fccklicherweise hatte Caroline, die mich bis dahin nat\u00fcrlich noch gehasst hatte, davon Wind bekommen. Sie war sofort zu ihm gerannt und hatte ihm von meinem Pl\u00fcschhund Fluffi erz\u00e4hlt (den ich selbstverst\u00e4ndlich schon seit Jahren nicht mehr verwendete). Seitdem hatte mich Lenny nur noch \u201eFluffi\u201c genannt und das Date hatte er nat\u00fcrlich auch abgesagt. \u201eWenn das alles hier vorbei ist, wird sich alles \u00e4ndern. Wir k\u00f6nnen zusammen irgendwohin gehen und ich kann dich von der Schule abholen.\u201c Im Moment schien sie total besessen darauf zu sein, mir eine gute Schwester zu sein. \u201eDas w\u00e4re sch\u00f6n.\u201c, antwortete ich und konnte mich nicht l\u00e4nger wachhalten. Mein Kopf sank auf Carolines Schulter und ich schlief ein.",
            "wordcount": "458",
            "chapter_release": "11.02.2009",
            "chapter_number": "17"
        },
        "2": {
            "text": "2. KapitelAls ich am n\u00e4chsten Morgen aufwachte, erschrak ich f\u00fcrchterlich: Vor mir auf der Decke sa\u00df eine riesengro\u00dfe, haarige Spinne. Ich bewegte mich nicht und atmete laut ein und aus. \u201eGeh weg! Geh bitte weg!\u201c, flehte ich sei leise an. Und die Spinne bewegte sich- direkt auf mich zu! \u201eMum!\u201c, schrie ich laut. \u201eBitte komm ganz schnell!\u201c Sonst bat ich Mum um nichts. Durch ihre Sauferei war ich ziemlich selbstst\u00e4ndig, aber das war eine Ausnahme. Die Spinne kam immer n\u00e4her. Ihre haarigen Beine glitten \u00fcber die Bettdecke. Ich war nicht f\u00e4hig mich zu bewegen. Wahrscheinlich war meine Mutter gar nicht da. Entweder sie war betrunken oder kaufte gerade neuen Alkohol. Da flog die T\u00fcr auf. \u201eKannst du vielleicht mal die Klappe halten?\u201c Caroline stand in der T\u00fcr.(Genau der falsche Moment! Warum kommt sie unbedingt jetzt?) \u201eWas ist denn das?\u201c, fragte sie scheinheilig und kam zu meinem Bett. Sie deutete auf die Spinne, die nun direkt vor mir sa\u00df und scheinbar schlief. Ich war w\u00fctend. \u201eTu doch nicht so. Du hat sie doch da hingelegt.\u201c, rief ich. Caroline sch\u00fcttelte emp\u00f6rt den Kopf. \u201eAlso so was. Das w\u00fcrde ich dir doch nie antun, wo ich doch wei\u00df, dass du dir dabei fast in die Hose machst. Aber ich k\u00f6nnte sie ja wegmachen!\u201c Ein Augenblick voller Hoffnung. Doch sie seufzte und fuhr fort: \u201eAber was habe ich denn davon?\u201c \u201eWas willst du?\u201c, fragte ich nerv\u00f6s, denn die Spinne bewegte sich nun wieder- hin und her, hin und her. \u201eKommt darauf an, was du mir geben w\u00fcrdest.\u201c Sie grinste \u00fcberlegen. \u201eAlles was du willst, nur bitte, mach sie weg!\u201c, bat ich sie. \u201eOkay. Lassen wir das mit dem geben! Tu in n\u00e4chster Zeit einfach das, was ich dir sage.\u201c Cool lehnte sie sich an die Wand. \u201eIch hasse dich, Caroline!\u201c, regte ich mich auf und verga\u00df die Spinne, die auf meiner Decke einen merkw\u00fcrdigen Tanz auff\u00fchrte, f\u00fcr einen Moment. \u201eDas wei\u00df ich doch, Ally! Also, ja oder nein?\u201c Sie sah mich herausfordernd an. \u201eJa, aber bitte beeile dich!\u201c Caroline zog eine Plastikbox hervor und setzte die Spinne mit der blo\u00dfen Hand hinein. \u201eWie gruselig!\u201c, wisperte ich vor mich hin. \u201eUnd die hebe ich mir auf, falls du dein Versprechen vergisst!\u201c, warnte meine Schwester mich und verschwand aus meinem Zimmer. Jetzt musste ich wahrscheinlich bis zum Ende meines Lebens meiner Schwester gehorchen. Ich stand auf und zog mich an. Dann ging ich in die K\u00fcche. Das reinste Chaos! Whiskyflaschen lagen zerschlagen am Boden. K\u00e4seauflauf klebte an der Theke und am Boden.(Mum hatte gestern nach zwei Flaschen Alkohol noch versucht zu kochen.) Ich setzte mich an den K\u00fcchentisch und schmierte mir ein Butterbrot. Gerade hatte ich einmal abgebissen, da klingelte es an der Wohnungst\u00fcr. \u201eLos, mach schon die T\u00fcr auf, Ally!\u201c, br\u00fcllte Caroline von ihrem Zimmer her\u00fcber. Seufzend \u00f6ffnete ich die T\u00fcr. Es war Mum. Sie zuckte mit den Schultern. \u201eWohnungsschl\u00fcssel vergessen!\u201c, entschuldigte sie sich und trat ein. Sie trug zwei Flaschen Whisky in der Hand, schien aber noch n\u00fcchtern zu sein. Da kam Caroline aus ihrem Zimmer. Sie trug ein blaues Top und einen schwarzen Minirock. In ihrer Hand hatte sie eine schwarze Handtasche, die sie sich um die Schulter h\u00e4ngte. \u201eIch gehe dann mal los.\u201c, rief sie uns zu. \u201eWohin denn?\u201c, wollte Mum wissen. \u201eIch gehe zu Viktor. Um drei Uhr bin ich wieder da.\u201c Viktor war ihr Lover. Sie traf sich oft mit ihm. Manchmal kam er auch hierher - ich mochte ihn nicht. Wir gingen in die K\u00fcche. \u201eIst es immer noch so schlimm mit Carol?\u201c, fragte Mum beim Essen (Fertigsuppe \u2013 schon etwas lauwarm).! Naja, sie \u00e4rgert mich eben st\u00e4ndig. Ich wei\u00df nicht mal genau wieso!\u201c, antwortete ich missmutig und beobachtete Mum dabei wie sie ihre Whiskyflasche \u00f6ffnete. \u201eIch finde, ihr solltet mal etwas zusammen unternehmen und mehr Zeit mit einander verbringen.\u201c, gr\u00fcbelte sie und nahm einen gro\u00dfen Schluck aus ihrer Flasche. \u201eDabei werdet ihr euch bestimmt an einander gew\u00f6hnen.\u201c \u201eBitte nicht! Das ist keine so gute Idee!\u201c Um ehrlich zu sein war es die schlechteste Idee, die Mum jemals gehabt hatte. \u201eUnd wieso nicht?\u201c, fragte sie mit gereiztem Unterton. Es regte sie auf, wenn ihre Vorschl\u00e4ge nicht bedingungslos angenommen wurden. Wenn sie trank, zerbrach sie schon mal eine Porzellanvase oder irgend etwas flog in hohem Bogen durch die Luft. In solchen Situationen zog ich es vor zu gehen, weil man mit Mum nicht diskutieren konnte.",
            "wordcount": "728",
            "chapter_release": "11.02.2009",
            "chapter_number": "2"
        },
        "3": {
            "text": "3. KapitelEs war kurz vor 15 Uhr und ich schlich aus meinem Zimmer. Vorsichtig betrat ich den Flur und sah mich um. Kurz z\u00f6gerte ich, doch dann \u00f6ffnete ich Carolines Zimmert\u00fcr. Ich hatte nicht lange Zeit, denn sie w\u00fcrde bald nach Hause kommen. Links im Zimmer stand das Bett. Es war sehr zerw\u00fchlt und voll mit Kleidern und Chips. Daneben der Schrank - noch offen. Auf der rechten Seite des Zimmers befand sich der Schreibtisch mit dem Laptop, den sich Caroline illegal beschafft hatte. Nun durchw\u00fchlte ich die Schubladen ihres Schreibtisches. Hier musste sie sein. Wo denn sonst? Ich \u00f6ffnete die mittlere Schublade \u2013 Briefe von Viktor, voll mit Zeug, das ich nicht wissen wollte. In einer weiteren Schublade befand sich mein alter Lieblingsrock, den Caroline mir vor Jahren gestohlen hatte. F\u00fcnf vor drei! Wo war dieses schei\u00df Vieh? Ich riss die unterste Schublade auf und da war sie: Die Box mit der Spinne! Als ich sie anfassen wollte, sch\u00fcttelte es mich. Ich nahm die Box also mit Daumen und Zeigefinger und ging zum Fenster gegen\u00fcber der T\u00fcr. Schritte... nur Mum! Ich beruhigte mich etwas und \u00f6ffnete es. Im Hinterhof des Nachbarhauses war ein riesengro\u00dfer Hund. Echt eine tolle Aussicht! Als er mich sah, begann er zu bellen. Ich schleuderte ihm die Schachtel entgegen. Sie landete direkt neben ihm. Der Hund jaulte vor Angst auf und verzog sich. Schnell schloss ich das Fenster wieder und wandte mich der T\u00fcr zu. Jetzt konnte mich Caroline nicht mehr erpressen. Doch meine zufriedenen Gedanken wurden durch Stimmen unterbrochen. \u201eHi, Mum!\u201c Eine T\u00fcr fiel ins Schloss. Caroline kam auf ihr Zimmer zu. Es gab Dinge, die Caroline als sehr schlimm empfand und Dinge, die an einen Weltuntergang grenzten - und in ihr Zimmer zu gehen ohne sie zu fragen war so eine Sache. Die T\u00fcrklinke wurde heruntergedr\u00fcckt. Sie hatte mich oft gewarnt. Nun war es zu sp\u00e4t. Doch da h\u00f6rte ich Mums Stimme. \u201eCaroline, hilfst du mir mal?\u201c Die T\u00fcrklinke ging langsam wieder nach oben. \u201eWenn es denn sein muss.\u201c, h\u00f6rte ich Caroline antworten Sie entfernte sich. Als ich mich sicher f\u00fchlte, st\u00fcrmte ich aus dem Zimmer und ging ins Badezimmer, um mich zu Duschen.",
            "wordcount": "360",
            "chapter_release": "11.02.2009",
            "chapter_number": "3"
        },
        "4": {
            "text": "4. KapitelAls ich abends vor dem Fernseher sa\u00df, kam Caroline herein. Sie rief mir ein \u201eHi Zwerg!\u201c zu und machte es sich im Sessel gem\u00fctlich. Ich hasste es, wenn sie mich \u201eZwerg\u201c nannte. Ich nannte sie doch auch nicht \u201ePartyschlampe\u201c oder \u201eAlkoholikerin\u201c. Wahrscheinlich war ich einfach zu nett. Da kam Mum ins Zimmer. \u201eIch muss mit euch reden. Es ist wichtig!\u201c \u201eDa bin ich aber gespannt!\u201c, seufzte Caroline und z\u00fcndete sich demonstrativ eine Zigarette an. \u201e Ach halt doch die Klappe!\u201c, entgegnete ich ihr. \u201eAlso, ihr zwei!\u201c, fuhr Mum unbeirrt fort. \u201eWir wissen alle, dass ihr euch gegenseitig das Leben zur H\u00f6lle macht.\u201c Gegenseitig? Was sollte das bitte hei\u00dfen? \u201eUnd deshalb sollt ihr mehr zusammen unternehmen.\u201c Caroline verdrehte genervt die Augen. \u201eSteck die Kleine doch ins Heim. Dann sind wir all unsere Probleme los.\u201c Als sie mein verletztes Gesicht sah, grinste sie zufrieden. \u201eSei still!\u201c, fuhr ich sie an, doch es beeindruckte sie nicht. \u201eMeinetwegen mach ich mal was mit ihr, aber nicht heute. Ich gehe noch auf eine Party!\u201c \u201ePerfekt! Nimm Ally gleich mit. Ihr werdet viel Spa\u00df haben!\u201c, frohlockte Mum. Wir st\u00f6hnten beide gleichzeitig auf. \u201eIch blamiere mich doch blo\u00df.\u201c, protestierte Caroline. \u201eUnd ich will nicht auf irgendeine Party gehen. Wer wei\u00df mit welchen Asozialen sie sich dort trifft.\u201c, gab ich von mir und schaute meine Schwester vernichtend an. Das schien sie zu reizen. \u201eLass meine Freunde in Ruhe, du kleines Monster!\u201c Sie w\u00e4re fast auf mich losgegangen, \u00fcberlegte es sich dann doch noch mal anders. \u201eKeine Diskussion!\u201c, befahl Mum und verlie\u00df das Zimmer. Ich kam mir vor wie bei einer Gerichtsverhandlung. Das Urteil: Verbringe die schrecklichste Nacht deines Lebens.",
            "wordcount": "273",
            "chapter_release": "11.02.2009",
            "chapter_number": "4"
        },
        "5": {
            "text": "5. KapitelEs war acht Uhr und ich hatte ein gr\u00fcnes Sommerkleid angezogen. Eigentlich hatte ich mich nicht besonders h\u00fcbsch gemacht. Wof\u00fcr auch? Ich hatte keine Lust auf diese Party. Sie w\u00fcrden mich verspotten und wieder alle \u00fcber mich lachen. Ich w\u00fcrde wieder den ganzen Abend irgendwo herumsitzen und mir dumme Witze \u00fcber mich anh\u00f6ren. Schrecklich! Ich ging aus meinem Zimmer. \u201eKomm jetzt endlich, Ally! Ich will hier nicht anwachsen!\u201c Caroline stand vor mir in einem knappen, roten Kleid und einer langen Perlenkette. Ich wollte den Gedanken verdr\u00e4ngen, aber ich konnte es nicht! Caroline war wundersch\u00f6n \u2013 das war aber auch schon alles. \u201eGlaub ja nicht, dass ich das gerne tue.\u201c, n\u00f6rgelte ich und folgte ihr aus der Wohnung. \u201eOkay, machen wir es so : Ich gehe hin, wohin ich will und sp\u00e4ter treffen wir uns wieder hier. Das wird keiner merken.\u201c, schlug ich im Treppenhaus vor. Sie verzog das Gesicht. \u201eSo eine Schei\u00dfe! Wenn Mum das rauskriegt, ist es wieder meine Schuld. Dann hat die b\u00f6se Caroline die arme Ally angestiftet. So bl\u00f6d es auch ist! Du kommst mit!\u201c Unsanft packte sie mich am Arm und zog mich aus dem Haus. Wir traten hinaus in die k\u00fchle Abendluft. \u201eUnd wo gehen wir jetzt hin, wenn ich fragen darf?\u201c, wollte ich wissen. \u201eZur Ecke bei Colettes Imbiss.\u201c, erwiderte Caroline. \u201eWir treffen uns mit Luca, Viktor, Monique und Richie. Und wenn wir da sind bist du leise. Ist das klar?\u201c Ich antwortete ihr nicht und sah beleidigt in die andere Richtung. \u201eOb das klar ist?\u201c, fuhr sie mich an. \u201eHalt doch die Klappe!\u201c, schrie ich. \u201eDu brauchst mir gar nichts befehlen!\u201c Wir erreichten unser Ziel und da war auch schon Carolines Clique: Luca \u2013 schlank und sportlich, Viktor \u2013 muskul\u00f6s und stark, Monique \u2013 eingebildet und zickig, und Richie \u2013 naja, eben ein Amerikaner, der st\u00e4ndig aus allem einen Witz machte. Caroline begr\u00fc\u00dfte ihre Freunde und k\u00fcsste Viktor. (Sie stand auf muskul\u00f6se Typen.) \u201eIch muss den Zwerg mitnehmen. Beachtet die Kleine nicht.\u201c, erkl\u00e4rte Caroline ihren Freunden genervt. \u201eDarfst du um diese Uhrzeit \u00fcberhaupt noch aus dem Haus?\u201c, scherzte Viktor und die anderen brachen in Gel\u00e4chter aus. In mir begann es zu kochen. Am liebsten h\u00e4tte ich etwas bitterb\u00f6ses gesagt, aber mir fiel nichts ein. Luca kam zu mir hin\u00fcber. Er hatte nicht mitgelacht. Freundlich l\u00e4chelte er mich an. \u201eSie sind manchmal etwas schwierig. Du bist voll okay.\u201c Ich schaute ihn verzaubert an. \u201eDanke.\u201c F\u00fcr einen Augenblick schien der Abend gerettet, wenn nicht Monique gekommen w\u00e4re und sich dazwischen gedr\u00e4ngt h\u00e4tte. Luca lie\u00df sich von ihr einwickeln und lie\u00df mich im Stich. Caroline grinste h\u00e4misch zu mir hin\u00fcber und ging voran. Nach einiger Zeit erreichten wir die Rue Saint Antoine. Dort hielten wir an. Wir standen neben einem leerstehenden, alten Haus. \u201eWas wollen wir hier? Gehen wir etwa da rein?\u201c, fragte ich. \u201eNicht ganz!\u201c, antwortete Caroline. \u201eWir gehen da runter.\u201c Sie deutete auf eine kleine T\u00fcr in der H\u00e4userreihe. \u201eWas meinst du damit?\u201c, wollte ich verdutzt wissen. \u201eNa in die Katakomben!\u201c, mischte sich Viktor ein. \u201eNoch nie davon geh\u00f6rt?\u201c Verwirrt starrte ich ihn an. \u201eKlar, aber darf man da \u00fcberhaupt hinunter?\u201c Die f\u00fcnf anderen lachten laut auf. \u201eNein, das darf man nicht. Aber meinst du, das interessiert uns?\u201c Caroline setzte ein b\u00f6ses Grinsen auf. \u201eVor hundert Jahren gab es auf den Friedh\u00f6fen keinen Platz mehr. Man vergrub die Leichen unter der Erde. Da unten ist ein einziges Massengrab mit Sch\u00e4deln und dunklen, langen G\u00e4ngen.\u201c Richie kam zu uns hin\u00fcber und versuchte mir Angst einzujagen, was ihm auch gelang. Viktor dr\u00fcckte mir eine Taschenlampe in die Hand. \u201eDie wirst du brauchen.\u201c Ich nahm das etwas kaputte Ding entgegen. Zu meinem Erstaunen funktionierte es. \u201eDu auch?\u201c Er bot Caroline eine viel \u00e4sthetischer aussehende Lampe an. \u201eIch bin doch kein Anf\u00e4nger.\u201c, grinste sie und zog ihre eigene aus der schwarzen Handtasche. Richie trat vor und \u00f6ffnete die alte T\u00fcr. Sie knarzte laut. Ewige Dunkelheit lag vor mir. Demonstrativ trat ich einen Schritt zur\u00fcck. (Renn weg! Keine R\u00fcckkehr! Geh da nicht rein! Geh da nicht...) \u201eAngst?\u201c, fragte Caroline und grinste \u00fcberlegen. \u201eVergiss es!\u201c Stolz ging ich vor ihr durch die T\u00fcr. Ich richtete meine Taschenlampe auf die W\u00e4nde. Sie waren schimmlig und voller ekliger Tiere. Es roch modrig. Wir gingen eine Treppe hinunter. Als sie zu Ende war, ging sie in einen Gang \u00fcber. \u201eOh mein Gott. Was ist das?\u201c Die Wand bestand aus lauter Sch\u00e4deln. \u201eDas sind Tote, Ally!\u201c, rief Viktor von hinten. Ich bekam es mit der Angst zu tun. Durch die leeren Augenh\u00f6hlen eines Sch\u00e4dels kroch ein Wurm. Ich w\u00fcrde einfach gehen. Hier konnte ich doch nicht bleiben. Diese Party gefiel mir nicht. Irgendwas war nicht geheuer. Ich ging zur\u00fcck und stie\u00df Caroline an. \u201eEs ist zu sp\u00e4t, Schwesterchen! Du kannst nicht mehr hinaus.\u201c Ihre Augen funkelten teuflisch.",
            "wordcount": "790",
            "chapter_release": "11.02.2009",
            "chapter_number": "5"
        },
        "6": {
            "text": "6. KapitelWir kamen in einem riesigen Raum an, der mit etlichen Leuten vollgestopft war. \u00dcberall war Diskolicht und die laute Musik kam aus drei riesigen Boxen in der N\u00e4he einer erh\u00f6hten B\u00fchne. Die anderen mischten sich sofort unter die Leute und Caroline wurde nat\u00fcrlich sofort von vielen Anwesenden begr\u00fc\u00dft. Ich wunderte mich, dass es so viele Leute in Paris gab, die sich hier am\u00fcsieren konnten. Wenn die Polizei kommen w\u00fcrde, m\u00fcssten wir alle ins Gef\u00e4ngnis oder hohe Strafen zahlen. Mir gefiel es hier nicht. Ich dr\u00e4ngelte mich durch die Menschenmenge und wurde von vielen Tanzenden angerempelt. Ich ging zur Bar, wo mir der scheinbar kleinw\u00fcchsige Barkeeper einen Spezialdrink anbot. Ich w\u00fcrde hier herumh\u00e4ngen bis diese Party vorbei war. Wo die anderen waren interessierte mich nicht. Der Drink schmeckte mach Himbeeren und Lik\u00f6r. Darin schwammen riesige Eisw\u00fcrfel. Ich nippte \u2013 ungewohnt, aber lecker. \u201eWas tust du denn? Du bist doch noch viel zu klein f\u00fcr Alkohol.\u201c, rief mir Caroline zu, die nun ebenfalls an der Bar stand. Konnte man nicht mal eine Sekunde Ruhe haben vor dieser Nervens\u00e4ge? \u201eIch wollte dich nur fragen, ob du mit in unseren Nebenraum kommst.\u201c Caroline kam zu mir hin\u00fcber. \u201eDamit du mich wieder vor allen anderen dem\u00fctigen kannst?\u201c, fragte ich misstrauisch. \u201eWir m\u00fcssen jetzt nicht \u00fcber diesen Mist diskutieren. Ich mache doch nur Spa\u00df. Ich schlage dich doch nicht oder so und das ist wichtig. Komm jetzt\u201c Ich folgte ihr in der Hoffnung von der lauten Musik wegzukommen. Wir verlie\u00dfen die Halle und betraten einen endlos scheinenden Gang. Bis wir auf die anderen trafen sagte keiner ein Wort. Der Weg schien nicht aufzuh\u00f6ren. Viktor schaute in eine vergilbte Karte. Ich traute mich nicht hinzugehen und hineinzuschauen. Nach jeder Biegung bot sich mir der gleiche Anblick: Schimmel, Totenk\u00f6pfe und herausstehende Beckenknochen. Caroline f\u00fcrchtete sich nicht hier unten. Sie fand die Katakomben au\u00dferordentlich cool. St\u00e4ndig machte sie Faxen und erz\u00e4hlte bl\u00f6de Witze (unter anderem auch \u00fcber mich). \u201eDa sind wir!\u201c, stellte Richie fest und \u00f6ffnete ein kleines Steintor. Wir betraten einen kleinen Raum, in dem sich ein Sessel, einige Sofas (wahrscheinlich vom Sperrm\u00fcll) und ein Couchtisch befanden. Ich setzte mich an das Couchende in der N\u00e4he des Sessels, in dem es sich Caroline auf Viktors Scho\u00df bequem gemacht hatte. Die anderen lie\u00dfen sich auf den Sofas nieder, unterhielten sich angeregt und rauchten ihre Zigaretten. Ich bemerkte, dass Caroline mich beobachtete. \u201ePass auf wo du hier unten hingehst, Ally!\u201c, meinte sie mit geheimnisvoller Stimme. \u201eAch und wieso?\u201c Ich beobachtete wie sie Viktors Hand von ihrem Oberschenkel wegschob. \u201eWegen dem Untoten! Er geistert in den G\u00e4ngen herum und \u00fcberf\u00e4llt Menschen, die sich verlaufen haben. Er nimmt sie mit und in seinem Lager...\u201c Caroline hatte die Gabe, Dinge so spannend zu erz\u00e4hlen, dass es mich gruselte. Ich verdr\u00e4ngte das unangenehme Gef\u00fchl. \u201eBitte, Carol! Mach ihr keine Angst. Sie macht sich doch jetzt schon in die Hose.\u201c, meldete sich Viktor zu Wort. Caroline lachte und lie\u00df sich von ihm massieren. \u201eIch habe geh\u00f6rt, einer h\u00e4tte ihn gesehen. Er erz\u00e4hlte von den abstehenden Hautfetzen und den gelben Z\u00e4hnen, mit denen er bedrohlich klapperte. Sie sind so spitz, dass er einen Menschenfinger mit einem Biss...\u201c Sie wurde von Viktor unterbrochen. \u201eLass es lieber, S\u00fc\u00dfe. Sonst f\u00e4ngt die Kleine noch an zu weinen.\u201c Ich schaute zu Boden. Ich musste mich zur\u00fcckhalten, um nicht loszuschreien. Wieso behandelten sie mich immer so beschissen? Caroline grinste mich an. \u201eDu hast Recht, Viktor. Ich h\u00e4tte sie nicht mitbringen d\u00fcrfen. Wahrscheinlich hat sie wochenlang Alptr\u00e4ume.\u201c Das war einfach zu viel. Noch eine Minute l\u00e4nger in einem Raum mit dieser Schlange und ich w\u00e4re geplatzt. \u201eIch habe keine Angst! Das ist doch nur ein M\u00e4rchen.\u201c \u201eF\u00fcr M\u00e4rchen bist du doch schon zu alt. Oder etwa nicht?\u201c, spottete Caroline, worauf sie, Viktor und ein paar Andere in Gel\u00e4chter ausbrachen. \u201eSchluss jetzt! Ich gehe!\u201c Mit diesen Worten stand ich auf und knallte von au\u00dfen die T\u00fcre zu. Hier war es mir zu bl\u00f6d. (Sie sind so gemein. Was habe ich ihnen denn angetan, dass sie mich wie eine F\u00fcnfj\u00e4hrige behandeln? Aber das lasse ich mir nicht gefallen. Ich finde den Weg auch allein.). In meine Gedanken und meine Wut versunken nahm ich irgendeinen Weg. Eigentlich klappte es ganz gut \u2013 am Anfang. Dann kam ich zu einer Gabelung. (Rechts oder links? Das war vorhin noch nicht da!). Ich entschied mich f\u00fcr rechts. Nachdem ich ein paar Meter gegangen war, kam ich zu einer eingefallenen Wand. Die Knochen lagen am Boden \u2013 gruselig! Bei dem Anblick kam mir ein schrecklicher Gedanke \u2013 der Untote! (Jetzt fang nicht auch noch damit an! Das ist doch blo\u00df Quatsch.). Ich h\u00f6rte Schritte. Sie hallten von den W\u00e4nden wieder. (Das bildest du dir nur ein!). N\u00e4her und n\u00e4her.(Da ist nichts.). Ein Atem in meinem Nacken... Eine kalte Hand legte sich auf meine Schulter. (Bitte, bitte, bitte! Verschone mich!) Ich drehte mich um. \u201eCarol? Was tust du hier?\u201c, fragte ich noch v\u00f6llig ver\u00e4ngstigt. \u201eIch passe auf, dass du nicht verloren gehst.\u201c, erwiderte sie und ich bildete mir ein nettes L\u00e4cheln auf ihrem Gesicht ein. \u201eDas k\u00e4me dir doch gerade recht, wenn ich weg w\u00e4re.\u201c, stichelte ich. \u201eSo ein Unsinn!\u201c, antwortete meine Schwester und kickte einen Sch\u00e4del beiseite. \u201eEs w\u00e4re nicht gut, wenn Mum mich mit einer Whiskyflasche erschlagen w\u00fcrde. Au\u00dferdem h\u00e4tte ich dann kein Schwesterchen mehr...\u201c Sie stoppte kurz. \u201eAlso niemanden mehr zum \u00e4rgern. Komm jetzt, wir gehen zur\u00fcck zum Nebenraum.\u201c Wir drehten uns um und suchten den R\u00fcckweg. An der n\u00e4chsten Kreuzung wand sich Caroline nach rechts. \u201eMoment mal. Wir m\u00fcssen nach links.\u201c Ich deutete auf den linken Gang, denn ich war mir ganz sicher. \u201eUnsinn! Hier entlang!\u201c Ich lie\u00df mich von ihr \u00fcberreden und wir nahmen den rechten Weg.",
            "wordcount": "942",
            "chapter_release": "11.02.2009",
            "chapter_number": "6"
        },
        "7": {
            "text": "7. Kapitel\u201eWir h\u00e4tten doch links gehen sollen. Ich hab es dir gesagt. Du bist Schuld, dass wir hier nicht mehr herauskommen.\u201c Seit der Kreuzung waren nun schon 30 Minuten vergangen und wir hatten uns komplett verirrt. \u201eDas \u00e4ndert auch nichts mehr. H\u00f6r bitte auf zu pl\u00e4rren.\u201c, verteidigte sich Caroline genervt. \u201eUnd mach nicht immer mich verantwortlich.\u201c \u201eDas ist ja wohl das letzte!\u201c, entgegnete ich aufgebracht. \u201eDu hast doch den falschen Weg genommen. Wir werden hier unten vergammeln.\u201c Jetzt w\u00fcrde sie es wieder so hindrehen als w\u00e4re ich schuld. Ich kannte Caroline ganz genau. \u201eWarum musstest du denn davonrennen? Ich w\u00fcrde jetzt ganz gem\u00fctlich auf dem Sessel sitzen und mich von Viktor massieren lassen, aber nein! Fr\u00e4ulein Spa\u00dfverderber muss ja die Beleidigte spielen. Musst du immer alles kaputt machen?\u201c \u201eWarum musst du auch immer auf solche schei\u00df Partys gehen? Immer bin ich Schuld! Was hab ich dir denn getan? Warum bist du mir \u00fcberhaupt gefolgt?\u201c - eine Frage, die mich schon seit einiger Zeit besch\u00e4ftigte. \u201eWie oft denn noch? Ich bin f\u00fcr dich verantwortlich.\u201c Wegen unseres Streits bemerkten wir gar nicht wo wir hingingen. \u201eSeit wann kennst du dich denn mit Verantwortung aus? Wenn ich auf dich angewiesen w\u00e4re, k\u00f6nnte ich mir doch gleich einen Strick kaufen und mich aufh\u00e4ngen!\u201c, br\u00fcllte ich sie an und schaute demonstrativ in die andere Richtung. \u201eDu sagst immer ich w\u00fcrde dich beleidigen und was machst du? Wei\u00dft du eigentlich, wie sehr es weh tut, dass Mum dich bevorzugt?\u201c Irgendwie tat mir Caroline fast leid! Fast! \u201eDas ist doch nicht wahr. Mum macht sich gro\u00dfe Sorgen um dich! Ich habe zuf\u00e4llig Telefongespr\u00e4che mit Tante Betty mitgeh\u00f6rt. Au\u00dferdem musst du deinen Kummer nicht immer an mir auslassen.\u201c Ich versuchte ruhig zu klingen, was mir nicht gelang. \u201eDu l\u00fcgst! Es war schon so, als Dad noch da war. Ally hin, Ally her! Alles was du gemacht hast war wunderbar und perfekt und um mich hat sich niemand gek\u00fcmmert.\u201c Sie sah mich b\u00f6se an. \u201eLangsam hab ich genug von dir, du bl\u00f6de Kuh! Dein ewiges Herumgezicke regt mich auf.\u201c Endlich hatte ich meinem \u00c4rger Luft gemacht. Caroline schien darauf keine passende Antwort zu finden und schwieg ausnahmsweise mal. Wir gingen still neben einander her, bis die Stille von einem lauten Schrei unterbrochen wurde. Er klang schrill und erstickte nach einigen Sekunden.\u201eHast du das geh\u00f6rt?\u201c, fl\u00fcsterte ich leise. \u201eBin ich taub? Vielleicht Leute von der Party. Die k\u00f6nnen wir fragen wie es zur\u00fcck geht.\u201c \u00dcberzeugt ging Caroline weiter. \u201eWarte! Das hat sich irgendwie anders an.\u201c Ver\u00e4ngstigt lief ich etwas dichter neben meiner Schwester. \u201eUnd wie?\u201c Sie verdrehte die Augen. \u201eSo wie wenn jemand gequ\u00e4lt wurde. Wir sollten lieber aufpassen.\u201c, entgegnete ich. Mir ging st\u00e4ndig der Untote durch den Kopf. War er vielleicht echt? \u201eMach dir nicht in die Hose, Kleine. Das mit dem Untoten war \u00fcbrigens nur Spa\u00df. Hat mir so eine Oma bei Colettes Imbiss erz\u00e4hlt. Die sitzt immer an der Bar und flirtet mit dem Seniorchef.\u201c\u201eAber das h\u00f6rte sich wirklich nicht gut an!\u201c Ich war beunruhigt. Warum machte der Schrei Caroline keine Angst? War das nur ein Trick, um mir Angst zu machen? Hatten sie mich hierher gelockt? So viele Fragen schossen mir durch den Kopf. Ich konnte die Angst, ein brutaler M\u00f6rder w\u00fcrde um die Ecke kommen, jedoch nicht aus meinen Gedanken verbannen. \u201eSei doch nicht so ein Feigling. Hier unten passiert nichts. Oder hat die kleine Ally Angst im Dunkeln?\u201c Sie wollte gerade abf\u00e4llig lachen, doch sie unterbrach mitten um Satz. Entsetzt starrten wir auf das, was vor uns am Boden \u0001 \u0002 Augen der Frau waren weit aufgerissen. Ihre Haut war bleich und mit ihren blonden Locken sah sie wie ein Engel aus. Ich stand wie angewurzelt da und war nicht f\u00e4hig mich zu bewegen. Erst nach einigen Sekunden realisierte ich es \u2013 die Frau war tot. Ich konnte meinen Blick nicht von ihr wenden. Wer hatte das gemacht? Es war nicht schwer zu sehen, dass es sich um keinen Unfall gehandelt haben muss. Als sich meine Starre l\u00f6ste, sah ich zu Caroline hin\u00fcber. Sie stand reglos da und starrte die Leiche an. Ich geriet total in Panik. Wenn diese Frau ermordet wurde, was war dann mit uns? Der M\u00f6rder lief frei herum. \u201eCaroline, komm! Wir m\u00fcssen hier weg. Beeil dich!\u201c, rief ich, doch sie reagierte nicht. Nach einigen Sekunden fl\u00fcstere sie leise: \u201cDer Finger...\u201c Erst wusste ich nicht was sie meinte, aber dann merkte ich, dass der Zeigefinger der rechten Hand bei der Leiche fehlte. Wer machte so etwas perverses? Das war alles so abartig! Ich wachte nicht auf, es war kein b\u00f6ser Alptraum. Pl\u00f6tzlich konnte ich mich nicht mehr zur\u00fcckhalten und \u00fcbergab mich auf den kalten Steinboden. Da sah ich einen Schatten an der Wand. Jemand kam um die Ecke. Es war der Untote. Ich sp\u00fcrte seine Anwesenheit. Ich stellte mir die abstehenden Hautfetzen und die gelben Z\u00e4hne vor, von denen mir Caroline erz\u00e4hlt hatte. (Warum denkst du an diesen Schwachsinn?). \u201eCaroline, bitte, komm!\u201c \u201eDer Finger...\u201c, fl\u00fcsterte sie nur. \u201eJetzt komm schon!\u201c Ich versuchte sie mitzuziehen, aber sie stand da wie angewurzelt. Da h\u00f6rte ich eine Stimme. \u201eSusann? Komm raus. Das ist nicht lustig!\u201c Ein Mann kam um die Ecke. Als er die Frau am Boden sah, riss er die Augen vor Entsetzen auf und st\u00fcrzte herbei. \u201eSusann! Nicht sterben. Bleib bei mir. Ich brauche dich doch. Du bist doch meine Schwester. Bitte!\u201c Er sch\u00fcttelte sie, so als wollte er sie aufwecken. \u201eEs hat keinen Zweck. Sie ist tot.\u201c, bedauerte ich. \u201eUnd wer seid ihr? Habt ihr das getan?\u201c, misstrauisch be\u00e4ugte er mich. \u201eOh mein Gott, nein! Wir haben sie schreien h\u00f6ren und dann sind wir hierher gerannt.\u201c, erkl\u00e4rte ich ruhig. \u201eDer Finger...\u201c, schluchzte Caroline. \u201eDas ist eine L\u00fcge! Ihr habt meine Schwester auf dem Gewissen.\u201c Er hob einen Stein vom Boden auf und warf ihn mir gegen den Kopf, der sofort zu schmerzen begann. Der n\u00e4chste Stein traf Caroline am Arm, sodass sie schnell aus ihrer Trance erwachte. \u201eRenn!\u201c, rief ich und sie befolgte meinen Rat. Ein Stein traf mich am Bein und einer am R\u00fccken. Mein ganzer K\u00f6rper schmerzte, als wir endlich die Ecke erreichten. \u201eEr ist uns nicht gefolgt.\u201c, bemerkte ich nach weiteren f\u00fcnf Minuten. Wir setzten uns auf den kalten Boden. \u201eH\u00f6rst du das?\u201c, fragte Caroline und hielt ihren Arm auf ihre Wunde am Arm. Ich strengte meine Ohren an. Da war etwas! \u201eDie Musik von der Party! Wir sind bald da!\u201c, antwortete ich und betrachtete meine v\u00f6llig erledigte Schwester. \u201eIch will heim.\u201c, seufzte sie. \u201eBitte, gehen wir nach Hause. Ich kann diesen Finger nicht vergessen.\u201c Nachdem wir einige Minuten ausgeruht hatten, machten wir uns auf den Weg zum Partysaal.",
            "wordcount": "1.103",
            "chapter_release": "11.02.2009",
            "chapter_number": "7"
        },
        "8": {
            "text": "8. Kapitel\u201eGehen wir zum Ausgang!\u201c, rief mir Caroline im Partysaal zu. Also k\u00e4mpften wir uns durch den Dschungel aus tanzenden und herumalbernden Leuten. (Wie halten die das so lange aus?) Nach einigen Sekunden voller blauer Flecken erreichten wir die T\u00fcr, nach der die G\u00e4nge wieder begannen. Ein riesiger Muskelmann (ich nahm an es war der T\u00fcrsteher) starrte auf uns herab. \u201eWir wollen hier durch und du stehst uns im Weg. Also schieb deinen Hintern hier weg.\u201c, befahl ihm Caroline. \u201eDas w\u00fcrde euch so passen. Ihr bleibt drinnen bis die Party aus ist. Drau\u00dfen sind um diese Zeit Polizeistreifen unterwegs und ich habe keine Lust auf Knast. Haut ab!\u201c Die Stimme des Mannes klang tief und rauh. \u201eAber...\u201c, begann Caroline, doch als der Mann bedrohlich seine Augen aufriss, beschlossen wir, wieder in den Partysaal zu \u0001 \u0002 gingen zur\u00fcck zur Bar. \u201eUnd was machen wir jetzt?\u201c, wollte ich wissen, w\u00e4hrend ich beobachtete wie der kleine Barkeeper sich auf die Zehenspitzen stellte, um einer Blondine in den Ausschnitt zu schauen. \u201eIch habe keine Ahnung.\u201c, antwortete Caroline und zog ihren Lippenstift nach. \u201eWann ist die Party eigentlich vorbei?\u201c, fragte ich und schaute auf die Uhr. \u201eJetzt!\u201c, rief ein Junge neben mir und zeigte auf den Ausgang. Die Masse bewegte sich \u2013 Aufschreie. Da ert\u00f6nte eine Lautsprecherstimme: \u201eDie Party ist aus. Sie sind sich hoffentlich alle dar\u00fcber im Klaren, dass man hier nicht feiern darf. Verantwortliche und Widerstandleistende haben mit hohen Geldbu\u00dfen zu rechnen\u201c \u201eAch du Schei\u00dfe!\u201c, rief Caroline und packte mich am Arm. Wir rannten mit dem Strom in einen Gang hinein. Ich drehte mich nicht um, sondern rannte einfach hinter meiner Schwester her. \u201eSchnell!\u201c, schrie sie mir zu. Sie waren nicht mehr weit von mir entfernt. Das M\u00e4dchen direkt hinter mir wurde geschnappt. \u00dcberall war Geschrei. Zu meinem Gl\u00fcck entdeckte ich einige Meter von mir entfernt einen niederen Schacht rechts in der Wand. Eine Hand packte mich an der Schulter. \u201eSie sind verhaftet!\u201c Ich riss mich los und kroch in den Schacht. Es war stockdunkel. Da fiel es mir ein! Ich hatte meine Taschenlampe vorne beim T\u00fcrsteher vergessen. Hinaus konnte ich nicht mehr. Also kroch ich vorsichtig weiter. Bald erreichte ich ein rostiges Eisengitter und r\u00fcttelte an dem kleinen Schloss, das daran hing \u2013 abgeschlossen! Nach einigen verzweifelten Versuchen lehnte mich an das Gitter und lie\u00df die Arme sinken. Dabei bohrte sich etwas spitzes in meine Hand. Schnell riss ich sie zur\u00fcck und griff danach \u2013 ein rostiges Messer! Ich steckte es in das Schloss des Gitters und drehte es um. Es klickte und sprang auf. Das Gitter brach nach hinten weg und ich fiel nach \u0001 \u0002 landete in einem mit Wasser gef\u00fcllten Raum. Das Wasser darin war tief und eiskalt. Ich h\u00f6rte von links ein lautes Platschen. Es wiederholte sich immer wieder, so wie wenn jemand etwas ins Wasser warf. Also schwamm ich darauf zu und erreichte nach einigen schrecklichen Momenten einen Rand. M\u00fchsam zog ich mich hoch. Da fiel mir ein Lichtkegel ins Gesicht. Ich hielt mir die Hand vors Gesicht. \u201eWer ist da?\u201c Das Licht wurde weggezogen. Vor mir sa\u00df Caroline. \u201eAlly! Ich dachte du wurdest geschnappt!\u201c, staunte sie und warf einen Stein ins Wasser (das Platschen!). \u201eCaroline! Zum Gl\u00fcck!\u201c, rief ich. Ich hatte mich noch nie gefreut sie zu sehen, doch das war eine Ausnahme. Ohne dar\u00fcber nachzudenken fiel ich ihr um den Hals. Nach ungef\u00e4hr f\u00fcnf Sekunden stie\u00df sie mich weg. \u201eLass das! Du bist nass.\u201c Caroline schaute mich grimmig an. \u201eViktor hat die T\u00fcr zum Geheimgang genau vor meiner Nase zugezogen. Er hat mich einfach den Bullen ausgeliefert. Zum Gl\u00fcck konnte ich noch schnell abbiegen.\u201c Ich erz\u00e4hlte ihr meine Geschichte mit dem Schacht. \u201eMeinen Weg k\u00f6nnen wir auch nicht zur\u00fcckgehen. Den hat es hinter mir zugesch\u00fcttet. Aber ich denke es gibt noch einen Westausgang, der in der Rue Verde herauskommt. Dieser egoistische Viktor hat eine Karte dabei.\u201c Wir entschieden uns f\u00fcr einen Gang und wandten uns \u0001 \u0002 dachte ihr w\u00e4rt zusammen, ich meine, Viktor und du.\u201c, stellte ich vorsichtig fest. Carolines Gesichtsausdruck wurde finster. \u201eStell dir vor, das dachte ich auch. Wahrscheinlich h\u00e4tte er Monique gerettet. Ich bin ihm gar nicht wichtig.\u201c Ich musste grinsen. \u201eBist du etwa eifers\u00fcchtig?\u201c \u201eDas w\u00fcrde mich auch interessieren.\u201c Viktor bog von hinten um die Ecke. \u201eDie Bullen haben den Geheimgang gest\u00fcrmt und wollten uns mitnehmen. Ich habe dieses Weichei verpr\u00fcgelt und bin wieder zur\u00fcck gerannt. Rechts war ein versch\u00fctteter Gang, in den ich geklettert bin und dann habe ich euch auch schon geh\u00f6rt. Die Karte ist leider weg.\u201c, erkl\u00e4rte er uns. \u201eUnd die anderen hast du im Stich gelassen. Denkst du eigentlich immer nur an dich?\u201c, schimpfte Caroline. \u201eJetzt reg dich mal ab! Und deine Bemerkung \u00fcber Monique vergessen wir lieber. Ich hatte nichts mit ihr und au\u00dferdem habe ich mich auch nicht aufgeregt, als du mit diesem Nicolas...\u201c Caroline winkte erschrocken ab. \u201eErstens: Das hast du dir nur eingebildet! Und zweitens: Nicht vor meiner Schwester!\u201c \u201eAber Carol, ich hab doch nach dir gesucht. Jetzt stell dich doch nicht so an.\u201c Er legte den Arm um sie, doch sie zog ihn weg. \u201eLass mich in Ruhe.\u201c",
            "wordcount": "848",
            "chapter_release": "11.02.2009",
            "chapter_number": "8"
        },
        "9": {
            "text": "9. KapitelEs waren 15 Minuten vergangen. Caroline ging mir bitterb\u00f6sem Blick neben Viktor her. Ab und zu sprach er mit ihr, doch sie antwortete nicht. Mich behandelte er wie Luft, doch das war gut so. \u201eWarum nimmst du diese kleine Ratte eigentlich mit?\u201c, fragte er Caroline.\u201eWen meist du? Dich?\u201c, giftete sie. \u201eNein. Deine \u00fcber alles geliebt Schwester. Auf diese Gelegenheit sie loszuwerden hast du doch nur gewartet.\u201c Viktor ging ganz dicht neben Caroline, doch diese war von seiner Aufdringlichkeit nur genervt. \u201eWas h\u00e4ltst du eigentlich von mir? Ich lasse niemanden im Stich \u2013 im Gegensatz zu anderen hier. Au\u00dferdem bin ich keine Verbrecherin.\u201c, regte sie sich auf. \u201eNat\u00fcrlich bist du eine. Wo kommt denn sonst dein Laptop her?\u201c Viktor lachte h\u00e4misch. \u201eDas sagst gerade du. Du w\u00fcrdest doch deine eigene Mutter verkaufen. Hau doch einfach ab.\u201c Sie schubste ihn und er fiel genau mit dem Kopf gegen eine Kante. Reglos blieb er am Boden liegen. \u201eIst er tot?\u201c, wollte ich wissen und klang dabei irgendwie neutral. Caroline f\u00fchlte seinen Puls. \u201eNein. Er lebt noch. Ich h\u00e4tte ihn fast umgebracht. Wahrscheinlich war ich zu hart zu ihm.\u201c Verzweifelt sah sie mich an, dann fuhr sie fort. \u201eGehen wir weiter. Wenn er wieder aufwacht wird er ganz sch\u00f6n b\u00f6se sein und das ersparen wir uns besser.\u201c Sie zog mich mit sich. \u201eAber wir k\u00f6nnen ihn doch nicht allein lassen. Vielleicht wird er auch get\u00f6tet. Dann sind wir schuld.\u201c Eine Tr\u00e4ne lief mir \u00fcber das Gesicht. \u201eBestimmt nicht. Au\u00dferdem w\u00e4re es dann allein meine Schuld. Mach dir keine Sorgen.\u201c Caroline erwischte sich dabei, wie sie den Arm um mich legte und r\u00e4usperte sich schnell. \u201eKomm jetzt. Wir m\u00fcssen weiter gehen.\u201c Schlummerte in meiner Schwester doch ein guter Mensch?",
            "wordcount": "287",
            "chapter_release": "11.02.2009",
            "chapter_number": "9"
        }
    },
    "title": "Die Horrorparty",
    "topic": "unspecified",
    "release": "\n11.02.2009\n\t\t\t\t\t\t",
    "author": "Alecia Loca"
}