{
    "tags": [],
    "chapcount": "15",
    "wordcount": "11.695",
    "chapters": {
        "1": {
            "text": "An einer regnerischen Nacht fuhr ein Auto eine verlassenen Gegend entlang und nur dessen Abblendlicht erhellte die Umgebung. Doch den Insassen interessierte es wenig, da sie schlichtweg nicht darauf achteten. Wieso auch? Viel zu sehr freuten sie sich auf die kommende Party, wo sie erwartet wurden. Sie quatschten dar\u00fcber lautstark und lachten viel. Doch als sie an einen bestimmten Stra\u00dfenabschnitt ankamen, bat der Beifahrer um Ruhe. Er war ein rothaariger Junge mit gr\u00fcnen Augen, die meistens Abenteuerlust widerspiegelten. Er drehte sich halb nach hinten um, damit er jeden in die Augen blicken konnte.,,Habt ihr die Geschichte geh\u00f6rt, die vor einem Jahr hier passiert sein soll?\", fragte Andy \u0001 \u0002 alle nicht von hier kamen und er es auch nur durch hier in der N\u00e4he lebenden Verwandten geh\u00f6rt hatte, erwartete er ein Nein. Und kurz darauf bekam er von mehreren ein Kopfsch\u00fctteln. Sogar mehr als das. Die sch\u00fcchterne Allison schaute ihn \u00e4ngstlich an, als erwartete sie etwas furchtbares. Sie war eine Person, die von einigen nur wegen ihrer besten Freundin Kim akzeptiert wurde, die auf Chris\u00b4 Schoss sa\u00df. Die Schwarzhaarige schien auszusehen, als wollte sie gar nicht wissen, was Andy gleich von sich geben w\u00fcrde. Ihre beste Freundin jedoch war schon einen Tick neugierig, hielt sich aber wegen Allison zur\u00fcck. Sie hatte zwar auch einen sch\u00fcchternen und zur\u00fcckhaltenden Charakter, aber nicht so stark wie der ihrer Freundin. Die Braunhaarige blickte mit ihren Rehaugen \u00fcberall hin, nur nicht zu Andy.,,W-was ist denn passiert?\", wurde er vorsichtig \u0001 \u0002 wollte erst mal sichergehen, dass er genug Zuh\u00f6rer hatte. Bei Allison, Kim und den blondhaarigen Chris schien es kein Problem zu sein. Nur der dunkelblonde Fahrer Scott war zu vern\u00fcnftig, um seine Aufmerksamkeit etwas anderes als nach vorne zu richten. Und die rechts sitzende Weizenblondine Carrie schaute lieber mit ihren grauen Augen gelangweilt aus dem Fenster. Weswegen sollte sie auch zuh\u00f6ren? \u201eIm Wald ist eine verlassene H\u00fctte und vor einem Jahr haben ein paar Jugendliche hier eine Party gefeiert, mit t\u00f6dlichem Ausgang...\u201c, mit Absicht versuchte er, es spannend zu \u0001 \u0002 seufzte: ,,Ist klar, Andrew. Gleich erz\u00e4hlst du uns, wie alle abgeschlachtet wurden.\u201cSie nannte ihn immer mit vollen Namen, wenn sie ihm nicht glaubte. Und in diesen Moment tat sie es auch nicht. Vermutlich war es ihrer Meinung nach nur eine ausgedachte Horrorstory, die er besonders wegen der gruseligen Umgebung zum besten gab.,,Nicht alle, nur ein M\u00e4dchen. Die anderen konnten entkommen, aber genauso auch der Killer. Der Killer, bekannt als der Herzensammler.\u201cDa horchten einige auf, da sie etwas mit den Namen anfangen konnten. Und nun war der Rothaarige sicher, die Aufmerksamkeit all seiner Freunde erreicht zu haben. Zwar tat Carrie weiterhin auf desinteressiert, doch Andy wusste es besser. Sie w\u00fcrde erst aufbl\u00fchen, wenn sie mit ihm irgendetwas gef\u00e4hrliches oder sehr spannendes erlebte. Aber auch kein Wunder bei der Kindheit, welches sie durchleben musste. Er wusste, egal was er vorhatte, sie w\u00e4re sofort dabei. Aber auch Chris konnte man f\u00fcr die eine oder andere Aktivit\u00e4t gewinnen. Nur Scott hatte den Schneid, die beiden \u00f6fters mal aufhalten zu wollen. Wahrscheinlich w\u00e4ren sie ohne ihn im Gef\u00e4ngnis gelandet. Warum sie \u00fcberhaupt befreundet waren? Das fragten sich einige mal hin und wieder. Es wurde teilweise still im Wagen, da ein paar von ihnen einen Blick in den Wald warfen, der so undurchdringlich erschien. Pl\u00f6tzlich gab es mehrere Ruckler, bevor sie mitten auf der Stra\u00dfe stehen blieben. Es war totenstill im Wagen.\u201eWas ist passiert?\u201c, wollte Kim sofort \u0001 \u0002 meinte nur: \u201eIch f\u00fcrchte, der Wagen hat seinen Geist aufgegeben.\u201c\u201eVerarsch uns nicht, Parker\u201c, drohte Callie \u0001 \u0002 ihnen zu zeigen wie ernst er es meinte, versuchte er den Autoschl\u00fcssel mehrere Male zu drehen. Doch er bekam jedes mal nur ein j\u00e4mmerliches Ger\u00e4usch, weswegen ihm alle \u0001 \u0002 hakte leise nach: \u201eWas tun wir jetzt?\u201cSie blickte unheilvoll in die dunkle Nacht hinein und musste schlucken bei den Gedanken, den Rest der Nacht hier verbringen zu m\u00fcssen. So gut wie allen gefiel der Gedanke nicht, weswegen die Handys gez\u00fcckt wurden. Nur gab es eine schlechte Nachricht f\u00fcr alle, kein Netz vorhanden. Toll, wirklich toll. Was machten sie jetzt? Scott blickte seinen Beifahrer sowie kurz darauf Chris an. Es gab nur eine M\u00f6glichkeit, sie mussten aussteigen und es sich n\u00e4her ansehen. Dies realisierten auch die M\u00e4dchen, wobei es kaum eine von ihnen behagte. Doch es wurden die T\u00fcren ge\u00f6ffnet, wobei die Jungs ausstiegen und sich gr\u00fcndlich unter der Motorhaube umsahen. Schnell erkannten sie den Fehler und reparierten dies, bevor sie den Deckel wieder herunter lie\u00dfen. Pl\u00f6tzlich ert\u00f6nte ein Schrei und ohne zu z\u00f6gern rannten sie zu den M\u00e4dchen. Allison starrte blass geworden in den Wald hinein und zeigte mit zitternden Finger in diese Richtung. Doch als auch ihre Freunde dahin schauten, war keiner zu sehen. Einige stempelten es als Hirngespinst ab, da diese Umgebung schon unheimlich war und dann noch Andys Geschichte als i-T\u00fcpfelchen diente. Sie stiegen ein, wobei Scott den Rothaarigen warnend ansah von wegen, es mit dieser Schauergeschichte sein zu lassen. Als sie weiter fuhren, kramte Andy etwas hervor. Es war eine Zeitung, die er bei der letzten Tankstelle gekauft hatte. Kurz bl\u00e4tterte er darin und las vor.\u201eVor genau einem Jahr hatte der Herzensammler wieder zugeschlagen, doch seitdem ist es still um ihn. Die Polizei und auch das FBI konnten diesen Mann noch nicht fassen. Dieser Killer, der es nur auf Jugendliche abgesehen hatte und das nur an diesem einen Tag im Jahr. Was uns wohl heute noch erwartet?\u201cInstinktiv schaute Kim auf die leuchtenden Ziffern, welches ihr drei Uhr anzeigte. Ja, bis zu der Party heute Abend war es noch ein St\u00fcck Weg. Kurz schaute sie ihre beste Freundin an, die \u00e4ngstlich wirkte und aus dem Fenster blickte. Manchmal konnte Kim Andy den Hals umdrehen daf\u00fcr, dass er manchmal versuchte ihnen Angst einzujagen. Als sie gerade nach vorne blickte, ert\u00f6nte ein \u00e4ngstlicher Aufschrei.\u201eDa ist wieder diese schemenhafte Gestalt am Waldesrand\u201c, schrie \u0001 \u0002 Reflex schaute Scott hin und verlor prompt die Kontrolle \u00fcber den Wagen. Sie stie\u00dfen gegen einen Baum und h\u00f6rten einen Aufprall, bevor es dunkel um einige wurde.",
            "wordcount": "1.015",
            "chapter_release": "12.08.2017",
            "chapter_number": "1"
        },
        "10": {
            "text": "Irgendeine Richtung einschlagend, vernahm er ein weinen. Misstrauisch blieb er stehen, schalt sich einen Moment sp\u00e4ter aber selbst daf\u00fcr. Was w\u00e4re, wenn es einer seiner Freunde war? So trat er zwischen zwei B\u00e4umen hervor und erkannte eine Person, die sich auf den Boden hingesetzt hatte und den Kopf zwischen die Beine vergraben hatte. Vorsichtig trat er n\u00e4her und sofort bewegte sich die Gestalt. Beim n\u00e4herkommen erkannte er Allison, die fast panisch wirkte. Doch sie schien ihn zu erkennen, da sie \u00fcbergl\u00fccklich aufsprang und sie sich ihm an den Hals warf. Es f\u00fchlte sich so an, als wolle sie ihm nie wieder loslassen. Also dr\u00fcckte er sie leicht an sich, woraus ihr weinen leicht abebbte. \u201eKim.....weg\u201c, brachte sie nur schluchzend \u0001 \u0002 strich er \u00fcber ihre Haare und versuchte sie mit Worten zu beruhigen, was bedingt half. Als auch ihr schluchzen nach einiger Zeit doch aufgeh\u00f6rt hatte, bat er sie darum ihm genauer zu erz\u00e4hlen was passiert war. Dies tat sie und erz\u00e4hlte von dem Schrei und dies war eine halbe Ewigkeit her, doch von Kim war immer noch keine Spur. Sie sollte hier auf sie warten, doch sie tauchte nicht auf. Sie wusste nicht was sie tun \u0001 \u0002 nickte verstehend: \u201eIch werde dir suchen helfen.\u201cDankbar l\u00e4chelte sie ihn zittrig an, da sie zu mehr nicht imstande war. Er l\u00e4chelte beruhigend zur\u00fcck, oder versuchte es zumindest. Ihm war klar, dass irgendetwas faul an der Sache war. Nur wollte er es Allison nicht zumuten, weswegen er dar\u00fcber schwieg. Er legte einen Arm um ihre Schultern, um ihr wenigstens etwas Schutz zu bieten. So machten sie sich auf den Weg und hofften, ihren anderen Freunden \u00fcber den Weg zu \u0001 \u0002 hatten Carrie und Andy alles in einen Rucksack eingepackt was sie f\u00fcr notwendig hielten. So machten sie sich auf den Weg und verlie\u00dfen die H\u00fctte, sofort machten sie ihre Taschenlampen an. Jeder leuchtete in eine andere Richtung, schlie\u00dflich wollten sie verhindern als Ziel herzuhalten. Derjenige sollte keine Chance haben sie zu erwischen. Nur das Problem war, wie sollten sie ihre Freunde finden?\u201eWo lang?\u201c, fragte \u0001 \u0002 zuckte unwissend mit den Schultern: \u201eKeine Ahnung, aber lass uns geradeaus gehen.\u201cIhn so ernst zu sehen war recht ungew\u00f6hnlich, da dies selten geschah. Denn auch in den hilflosesten Situationen hatte er immer einen dummen Spruch auf den Lippen. Das dies jetzt nicht so war, dies zeigte, wie sehr er sich sorgte. Ihr war klar, dass er jeden niedermachen w\u00fcrde, der einer seiner Freunde etwas antat. Gedankenverloren folgte sie den \u0001 \u0002 tapsenden Schritten schlich sie im Bunker umher, da niemand etwas von ihrer Anwesenheit erfahren sollte. Auch wenn die Gefangenen mit Sicherheit noch nicht ihr Bewusstsein wieder erlangt hatten, wollte sie sicher gehen. Seufzend ging sie den Gang entlang und blieb vor einer kargen und kleinen Zelle stehen und schaute durch die Gitterst\u00e4be, wo zwei Personen ausgeknockt auf den Boden lagen. Wie hie\u00dfen sie gleich noch? Kim und Chris wurden sie genannt. Hastig sch\u00fcttelte sie den Kopf. Nein, sie durfte keine Art Beziehung zu ihnen aufbauen und Mitleid durfte sie ihnen auch keinen schenken. Nein, es war besser so. Mit schmerzerf\u00fcllten Gesicht wandte sie sich ab und verlie\u00df mit klackernden Abs\u00e4tzen den \u0001 \u0002 die Person au\u00dfer Sichtweite war, \u00f6ffnete Chris die Augen. Vorsichtig rappelte er sich auf, jederzeit bereit, sich wieder schlafend zu stellen. Nur so h\u00e4tte er momentan vielleicht eine \u00dcberlebenschance. Nachdenklich blickte er zu Kim, die immer noch bewusstlos war. Er musste sie wach bekommen, bevor es zu sp\u00e4t war. Denn eins wurde ihm bewusst, sie hatten ein verdammtes Problem!Und wie gro\u00df es war, konnte er noch nicht ahnen. Denn nicht nur Sarah hatte sie beobachtet, auch Jack lauerte in der N\u00e4he. Dabei wurde ihm klar, er musste alles besser im Auge behalten als gedacht. Wer h\u00e4tte gedacht, dass seine kleine Helferin es sich vielleicht anders \u00fcberlegen k\u00f6nnte.....",
            "wordcount": "642",
            "chapter_release": "28.01.2018",
            "chapter_number": "10"
        },
        "11": {
            "text": "Mit schmerzendes F\u00fc\u00dfen trottete Allison nur noch hinter Scott her, der mit eiligen Schritte voran ging. Ihm war es wichtig seine Freunde zu finden, da konnte er sich keine Pause g\u00f6nnen. Auch wenn er dies ben\u00f6tigte, wie er bemerkte. Doch er biss die Z\u00e4hne zusammen und bat die Schwarzhaarige, sich zusammenzurei\u00dfen. Also schwieg sie von da an, weil sie auch das gleiche wollte und hoffte, dass sie nicht zu sp\u00e4t kamen. Darauf achtete vor allem Scott, weil er Allison nicht auch verlieren wollte. Pl\u00f6tzlich h\u00f6rte er hinter sich keine Schritte mehr, weswegen er sich hastig umdrehte. Erleichtert erkannte er Allison, die erstarrt in eine Richtung blickte. Nur blieb es nicht lange so, bis sie zu ihm hinrannte und sich an seinen Arm klammerte. Mit zittriger Hand zeigte sie mit ihrem Zeigefinger in die Richtung, wo sie \u00e4ngstlich hinstarrte. Misstrauisch n\u00e4herte er sich den Grund, wobei Kim hinter ihm widerwillig folgte. Dies registrierte er eher weniger, da er den Lichtschein, welches zwischen ein paar B\u00e4umen zu sehen war, entgegen kam. Vorsichtig sp\u00e4hte er an einem Baum vorbei, da er sicher gehen wollte. Was er erblickte \u00fcberraschte \u0001 \u0002 Kraft dr\u00fcckte Carrie die Hand zusammen, wo sie ihre Taschenlampe hielt. Ihre Faust wurde wei\u00df. Mit Argusaugen schaute sie sich um, wobei sie den Lichtschein umherwandern lie\u00df. Nur aus den Augenwinkel erkannte sie, wie Andy das gleiche tat. Beide blieben so leise wie m\u00f6glich, da sie niemanden auf sich aufmerksam machen wollten. Nat\u00fcrlich wollten sie ihre Freunde finden, nur diese omin\u00f6se Gestalt sollte von ihrer Anwesenheit nichts wissen.\u201eSie h\u00e4tten nicht weglaufen d\u00fcrfen\u201c, schimpfte Carrie leise vor sich \u0001 \u0002 erwiderte untypischerweise: \u201eDu meinst, Allison h\u00e4tte nicht weglaufen d\u00fcrfen. Die anderen sind vor lauter Dummheit hinter ihr her gerannt.\u201cMit einem ablehnendem Ger\u00e4usch stimmte sie ihm zu und sie nahm sich vor ihr Vorhaltungen zu machen, wenn sie sie wieder fanden. Ja, dass w\u00fcrden sie, daran gab es keinen Zweifel. Pl\u00f6tzlich sp\u00fcrte sie an ihren Arm eine Ber\u00fchrung und sogleich auch einen Ruck, der sie nach hinten zog. Carrie erkannte den Rothaarigen, der ein Finger an seine Lippen hielt. \u201eSei ruhig, da ist jemand\u201c, fl\u00fcsterte er ihr ins \u0001 \u0002 machten ihre Taschenlampen aus, nur um sicher zu gehen. Zwar hatten sie keine Angst, aber bl\u00f6d waren sie schlie\u00dflich auch nicht. Doch die Person n\u00e4herte sich ihnen, was sie an den Schritten ausmachten....\u201eAndy, Carrie\u201c, rief Scott \u0001 \u0002 kamen die Angesprochenen hervor und die Jungs nahmen sich sofort kurz freundschaftlich in den Arm und klopften sich mehrmals auf den R\u00fccken. Und nachdem Allison Carrie entdeckte, rannte sie gl\u00fccklich zu ihr hin. Ohne es allzu deutlich zu zeigen, umarmte die Weizenblondine die J\u00fcngere \u0001 \u0002 murmelte die Schwarzhaarige: \u201eIch bin froh, dass es euch gut geht.\u201cDie sonst so k\u00fchle Sch\u00f6nheit l\u00e4chelte leicht, da es ihr ebenso ging. Nur w\u00fcrde sie sich eher die Zunge abbei\u00dfen, als dies zuzugeben.\u201eAber wo sind Chris und Kim?\u201c, wollte der Rothaarige \u0001 \u0002 zuckte ahnungslos mit den Schultern: \u201eWissen wir nicht.\u201cSo erz\u00e4hlten sie sich gegenseitig, was so alles passiert war. Es gefiel keinem so recht und am liebsten wollten sie aus dem Wald heraus. Nur ging es nicht, da sie nicht ohne ihre Freunde weg wollten. Selbst die \u00e4ngstliche Allison war dabei, was sonst recht untypisch war. Doch was niemand wusste, dass Andy schon etwas geplant hatte....Nerv\u00f6s tigerte Sarah im Gang vor der Zelle hin und her, da sie auf etwas wartete. Oder eher nicht auf etwas, sondern jemanden. Gleich w\u00fcrde Jack hier eintreffen und sie wusste, was gleich geschehen w\u00fcrde. Da er die Geduld verloren hatte, w\u00fcrde er sich einen der beiden eingesperrten schnappen und.... an mehr wollte sie nicht nachdenken. Ihr wurde immer noch schlecht an den Gedanken, was er mit dem M\u00e4dchen vor einem Jahr getan hatte. Nun war es soweit...",
            "wordcount": "631",
            "chapter_release": "03.02.2018",
            "chapter_number": "11"
        },
        "12": {
            "text": "Mit einem boshaften l\u00e4cheln stand Jack vor der Zelle und schaute sich die Gefangenen an. Davon war nur einer wach und es war Chris, der seine aufkommende Angst unterdr\u00fccken musste. Vor ihm war ein Mann, der eine Glatze und einen starken Bartwuchs hatte. Auch wirkte er ungepflegt und in seinen Augen strahlte der Wahnsinn aus. Um seinen Mund war ein grausames L\u00e4cheln, was schon einiges verriet. Seine H\u00e4nde sahen so aus, als w\u00fcrde sie oft benutzt werden. Seine Kleidung war heruntergekommen. Neben ihm stand eine junge Frau mit leicht verfilzten, weizenblonden Haaren und ausdruckslosen, fast schon kalten Gesichtsausdruck. Ihre Statur wirkte d\u00fcrr und ihre Klamotten hingen leicht an ihr herunter, auch wenn sie versuchte es zu kaschieren. Ihm war sofort klar, dass ihm etwas bl\u00fchte. Etwas, woran er nicht denken \u0001 \u0002 der Gegenwart ihrer Freunde f\u00fchlte Allison sich um einiges mutiger, trotz der Dunkelheit und den Ger\u00e4uschen um sich herum. Aber dennoch h\u00e4ngte sie sich an Scott, der die F\u00fchrung \u00fcbernommen zu haben schien. Dies hatte nur den Anschein, da Andy sich Carrie geschnappt hatte und sie anfingen zu tuscheln. Da sie etwas hinter den anderen beiden gingen, bemerkten es weder Allison, noch Scott.\u201eSo, wen suche ich mir aus?\u201c, grinste Jack \u0001 \u0002 dieser Frage bildete sich bei Chris einen eiskalten Hauch um sein Herz. Deshalb w\u00fcrde er l\u00fcgen, wenn er sagen w\u00fcrde, dass er keine Panik bekam. Eins wusste er, sollten seine Freunde nicht bald auftauchen oder er bekam einen grandiosen Einfall, ging es zu Ende mit ihnen beiden. Nein, dies durfte er nicht zulassen! Irgendetwas musste er doch tun k\u00f6nnen, nur fiel ihm nichts ein. Sonst war Scott derjenige mit dem Grips und mit Sicherheit w\u00e4re ihm schon etwas eingefallen. Nicht das er selber dumm w\u00e4re, nur konnte er in dieser Situation nicht klar denken. Was w\u00fcrde sein bester Freund jetzt tun?Es erregte den Herzensammler fast schon zu sehen, wie der Junge verzweifelt nach einer Fluchtm\u00f6glichkeit Ausschau hielt. Doch da wird er keinen Erfolg haben, da er extra darauf geachtet hatte. Nein, in all den Jahren hatte noch keiner geschafft auszubrechen. Nur vor zwei Jahren hatten es ihm diese verdammten B\u00e4lger mit den Idioten von Lehrer schwer gemacht. Doch diesmal w\u00fcrde er keine Probleme geben. Deshalb brauchte er sich nicht zu sorgen, eher kribbelte es in seinen Fingern vor Vorfreude. Die letzten zwei Jahren hatte er sich \u00fcberrumpeln lassen, obwohl ihm davor niemals solche Fehler passiert waren. Vielleicht wurde er zu alt. Aus den Augenwinkel betrachtete er seine kleine Helferin, die er dazu auserkoren hatte, irgendwann sein Werk weiter zu f\u00fchren. Ja, dass Werk welches sein Vater ihm hinterlassen hatte. Als Kind hatte er ihm eingebl\u00e4ut, was er zu tun hatte und auch, weshalb. Diese \u00fcberm\u00fctigen Jugendlichen mussten eine Lektion erfahren, die sie nie wieder verga\u00dfen. Deshalb hatte er in seiner ganzen Laufzeit noch nie eine ganze Gruppe vernichtet, sondern nur einzelne von ihnen. Jack schwelgte in Erinnerung an sein erstes Opfer, wo er als Zehnj\u00e4hriger auf einer Klassenfahrt war. Bis heute wusste keiner, dass er es war. Wie auch, wenn er als sensibler Junge galt, der sich mit allen verstand? Und heute, \u00fcber zwanzig Jahre sp\u00e4ter, hatte ihn immer noch keiner geschnappt. Alles Vollidioten, diese Polizisten und all die anderen Beh\u00f6rden....Sarah kannte diesen Gesichtsausdruck, welches ihr mehr als unheimlich war. Im Gegensatz erblickte er in der Zelle einen Jungen, der sein Ende schon voraus sah. Im ersten Moment bekam sie Mitleid, da sie sich in ihn hineinversetzen konnte. Doch schnell sch\u00fcttelte sie dieses Gef\u00fchl ab, da es fehl am Platz war. Es war schon zu sp\u00e4t, um etwas f\u00fcr diese Jugendlichen zu tun. Denn wenn sie es wagen sollte sich gegen Jack aufzulehnen, w\u00fcrde es \u00fcble Konsequenzen nach sich ziehen und da kannte sie sich aus. Er hatte Foltermethoden drauf, da w\u00fcrden selbst die hartgesottenen Polizisten blass werden und den Dienst quittieren. Ja, sie wusste, wozu er f\u00e4hig war. Am Anfang hatte sie sich sogar \u00f6fters \u00fcbergeben und sich geweigert, obwohl es da Tiere waren welches sie ausweiden sollte. Doch er hatte schlagfertige Argumente, die er gerne einsetzte. Schlagfertig war dabei w\u00f6rtlich zu nehmen. Seit da an w\u00fcrde sie eher einen Pakt mit den Teufel eingehen, als ihm in die Quere zu kommen. Sie hatte viel zu viel Angst vor ihm und dies zu recht. Denn selbst eine Flucht w\u00fcrde nicht gelingen, da sie es in der Anfangszeit versucht hatte. Nach dem zweiten Versuch hatte sie es nicht mehr gewagt und sich ihren Schicksal gef\u00fcgt. Das einzige was sie aufrecht hielt war die Hoffnung, dass doch jemand sie fand und sie aus dieser H\u00f6lle heraus holte. Nach all der Zeit war es winzig geworden, aber noch vorhanden. Solange, ja, solange musste sie ausharren....",
            "wordcount": "782",
            "chapter_release": "06.02.2018",
            "chapter_number": "12"
        },
        "13": {
            "text": "Sarah konnte fast schon das Herz des Jungen laut pochen h\u00f6ren, als Jack mit ausgestrecktem Finger zwischen ihm und das M\u00e4dchen hin und her wechselte. Er konnte sich nicht entscheiden, wen er nehmen sollte. Es hatte beide seinen Reiz, Angst gegen Kampfeslust. Dieser Junge sah so aus, als w\u00fcrde er nicht so schnell aufgeben wollte. Doch er war zu schwach, dies realisierte er sofort. Es w\u00fcrde keinen Spa\u00df machen und das schreien einer Frau war dagegen wie Musik in seinen Ohren. Ja, er hatte sich entschieden. So \u00f6ffnete er ohne zu z\u00f6gern die T\u00fcr und ging in die Richtung des bewusstlosen M\u00e4dchens. Doch pl\u00f6tzlich stellte sich der Junge vor sie und starrte ihn an, wobei man ihm regelrecht die Angst aus dem Gesicht ablesen konnte. \u201eNimm stattdessen mich\u201c, meinte er leise und \u0001 \u0002 grinste b\u00f6sartig: \u201eAch, da will sich wohl jemand f\u00fcr das M\u00e4dchen opfern. Aber egal, mir kann es recht sein, auch wenn es mit ihr spa\u00dfiger w\u00e4re.\u201cSo schnappte er sich seinen Arm und zerrte ihn zum Ausgang, wobei er darauf achtete, dass der Junge ihn nicht angreifen konnte. Auf einmal h\u00f6rte er hinter sich ein Ger\u00e4usch und bevor er wusste was geschah, wurde es schwarz um ihn...Erschrocken drehte sich Chris um und stellte erleichtert fest, dass Kim hinter ihm stand und ein Rohr in ihren blassen H\u00e4nden hielt. Ihr Gesicht war schmerzverzerrt und sie zitterte. Sofort eilte er zu ihr, bevor sie ihm weg sackte.\u201eIch dachte, du w\u00e4rst bewusstlos\u201c, meinte der \u0001 \u0002 sch\u00fcttelte den Kopf und zischte schmerzlich auf: \u201eSchon eine ganze Weile nicht mehr, du Idiot. \u00dcbrigens sollten wir das plaudern auf sp\u00e4ter verschieben, bevor er wieder aufwacht.\u201cBeide drehten sich zur T\u00fcr um und erstarrten, als sie die junge Frau erblickten, die nichts mit sich anzufangen wusste und zerrissen schien. Wie sollten sie an ihr vorbei? Zur ihrer \u00dcberraschung trat sie beiseite und nickte ihnen als eine Art Zeichen zu. Nur irgendwie trauten sie dem ganzen nicht so recht, weshalb sie unschl\u00fcssig zwischen der unbekannten jungen Frau und den Herzensammler standen. Aber andererseits, zu zweit sollte es ihnen doch gelingen so ein zierliches Wesen zu \u00fcberw\u00e4ltigen. Also st\u00fcrmten sie auf sie los und erwarteten Gegenwehr, was ihnen gar nicht entgegen kam. Was zur H\u00f6lle war hier los?Die Unbekannte meinte nur: \u201eVerschwindet, bevor er wieder aufwacht.\u201cDie Freunde schauten sich irritiert an und hatten Fragen, doch leider keine Zeit daf\u00fcr. Also schnappten sie sich an die Hand und liefen los, oder eher Chris lief los. Schon bei dem Versuch sich schneller zu bewegen, zischte Kim auf vor Schmerz. Super, so w\u00fcrden sie keinen Meter voran kommen.\u201eHau ab, ich komme schon klar\u201c, wollte Kim ihn \u0001 \u0002 blickte er sie an: \u201eNicht ohne dich.\u201c\u201eDann werden wir beide dran glauben!\u201c, rief \u0001 \u0002 als ihr Bein ihr weg knickte, sp\u00fcrte sie eine Ber\u00fchrung und sie wurde an den Schultern und den Kniekehlen hoch gehoben. Irritiert starrte sie Chris an, der einen entschlossenen Gesichtsausdruck aufgesetzt hatte. Ohne ein Wort zu verlieren, verlie\u00df er mit der verletzten Kim auf seinen Armen den Gang mit der Hoffnung, hier rechtzeitig heraus zu \u0001 \u0002 Anderen wussten stattdessen nicht, was mit ihren Freunden war. Lebten sie noch? Sie hofften es, vor allem Scott und Allison. Andy und Carrie lie\u00dfen stattdessen nichts durchblicken, doch auch sie sorgten sich. Die beiden waren schon eine Weile verschwunden und irgendwie glaubten sie nicht mehr, sie lebend anzutreffen. Pl\u00f6tzlich blieb Andy stehen, was die anderen \u0001 \u0002 fragte er: \u201eWie lange wollt ihr suchen, bis ihr die Biege machen wollt?\u201c\u201eW-warum fragst du?\u201c, schrie Allison \u0001 \u0002 w\u00fcrde es niemals in den Sinn kommen jetzt zu verschwinden und ihre beste Freundin hier alleine zu lassen. Genau so sah es Scott, der seinen besten Freund nie im Stich lie\u00df. Deshalb starrten beide den Rothaarigen auf seinen R\u00fccken. Aber eins fragten sie sich. Wie kam er auf die Frage?",
            "wordcount": "648",
            "chapter_release": "10.02.2018",
            "chapter_number": "13"
        },
        "14": {
            "text": "Seufzend hakte Scott nach: \u201eWeshalb willst du es wissen?\u201c\u201eVielleicht w\u00e4re es besser wenn ihr von hier verschwindet, damit es wenigstens einige \u00dcberlebende gibt\u201c, immer noch regte Andy sich \u0001 \u0002 wurde auch Carrie leicht nerv\u00f6s, da sie dies nicht von ihm kannte. Ihr wollte nicht in den Sinn was er damit bezweckte. Dies hatten sie nicht besprochen. Die Weizenblondine wusste instinktiv, dass er damit auch sie meinte, was ihr gar nicht gefiel. Ihre Blicke schweiften neben sich, wo der Rothaarige \u0001 \u0002 meinte Scott: \u201eNein, da du so \u00fcberhaupt keine \u00dcberlebenschance hast.\u201c\u201eAber so habt ihr eine Chance\u201c, konterte der Verursacher des \u0001 \u0002 Freunde starrten ihn skeptisch an, vor allem eine tat es. Es war Carrie, die eine Augenbraue \u0001 \u0002 erwiderte sie: \u201eSpiel du mal nicht den Helden, Andrew. Entweder alle gehen oder keiner.\u201cAuf seinem Gesicht erschien ein L\u00e4cheln, was sich zu einem Grinsen verwandelte. So kannten ihn die drei und sie waren erleichtert, dass er sich wieder wie immer zu benehmen schien.\u201eDann sollten wir die Situation mal rocken, Leute\u201c, seine Augen \u0001 \u0002 schluckte: \u201eU-und wie?\u201c\u201eNa, wir werden den Bastard einen Besuch abstatten\u201c, erkl\u00e4rte er \u0001 \u0002 stapfte der Rothaarige weiter und man erkannte, dass er sich von nichts und niemanden aufhalten lassen w\u00fcrde. Da er schon mit so einem Beispiel voran ging, folgten ihm seine Freunde ohne zu z\u00f6gern. Froh, ihren alten Freund wieder zu haben. Bestimmt hatte er wie immer einen Plan auf Lager, woran nicht alle \u0001 \u0002 hatte daran etwas auszusetzen: \u201eUnd wei\u00dft du zuf\u00e4llig auch, wo er sich aufh\u00e4lt?\u201c\u201eNoch nicht, aber wir werden ihn finden!\u201c, sprach er \u0001 \u0002 war typisch und jeder von ihnen wusste, dass er Himmel und H\u00f6lle in Bewegung setzen w\u00fcrde um seine Freunde zu besch\u00fctzen. Und er w\u00fcrde nicht aufgeben, bis sie Chris und Kim gefunden \u0001 \u0002 diese beiden irrten durch die G\u00e4nge auf der Suche nach dem Ausgang, immer die Angst im Nacken, wieder geschnappt zu werden. Erst vor kurzen mussten sie eine kleine Rast einlegen, da es f\u00fcr Chris zu schwer wurde, die Verwundete die ganze Zeit auf seinen Armen zu tragen. So hatte er Kim kurzerhand auf seinen R\u00fccken um-transportiert, was ihn auch besser fortbewegen lie\u00df. Auch wenn es anstrengend war, gab er sich die beste M\u00fche, um sie beide heil hier heraus zu bekommen. Zu seinem Gl\u00fcck fand er eine gro\u00dfe rostige T\u00fcr, die geradewegs nach Ausgang schrie. Er zog und zerrte daran, wie er es eben mit Kim auf seinem R\u00fccken konnte, doch es bewegte sich nichts.\u201eWas tr\u00f6delst du?\u201c, rief die junge Frau am anderen Ende des \u0001 \u0002 eilte herbei und mit ihrer Hilfe bekamen sie die T\u00fcr auf, was Chris noch mehr wunderte. Warum half sie ihnen? Denn durch sie waren sie ja hier. Er musterte sie und in ihren Augen konnte er Reue erkennen und das sie dies nicht gewollt hatte. Doch rasch drehte er sich herum und wollte heraus treten, nur etwas hinderte ihn \u0001 \u0002 Mund war schneller als sein Hirn: \u201eKomm mit.\u201c\u201eNein, er w\u00fcrde mich \u00fcberall finden. Verschwinde mit deiner Freundin von hier\u201c, meinte sie ungew\u00f6hnlich sanft und \u0001 \u0002 blickten sich an und Chris erkannte, dass sie sich nicht umstimmen lassen w\u00fcrde. So drehte er sich um. Auf einmal geschah es ganz schnell. Er h\u00f6rte einen Schrei von ihr und einen Knall, bevor er sich umdrehte und etwas auf sich niedersausen \u0001 \u0002 \u00fcber diesen spitzen Schrei, rannten alle dahin und entdeckten einen versteckten Eingang zu einem Bunker, welches unter die H\u00fctte f\u00fchrte. Doch sie mussten nicht erst hinein gehen, denn schon an der Schwelle erfuhren sie den Grund. Da stand ein gef\u00e4hrlich aussehender Mann mit einer blutigen Axt und Kim so wie eine unbekannte junge Frau lagen bewusstlos am Boden. Sie hofften zumindest das es so war. Doch das schlimmste kam noch! Am Boden lag der K\u00f6rper von Chris, enthauptet. Als der M\u00f6rder sich b\u00f6se grinsend zu Kim umdrehte, wurde es den Jugendlichen eiskalt ums Herz. Sie schenkten der Leiche keine Beachtung, da sie das Leben ihrer Freundin retten mussten und griffen den b\u00e4rtigen Mann an....",
            "wordcount": "683",
            "chapter_release": "18.02.2018",
            "chapter_number": "14"
        },
        "15": {
            "text": "W\u00e4hrend die Jugendlichen mit Jack um die Axt k\u00e4mpften, machte Sarah, die wieder ihr Bewusstsein erlangte, sich klammheimlich aus den Staub. Dies bemerkte keiner, da alle darum bem\u00fcht waren, dieses Teufelsding in die H\u00e4nde zu bekommen. Auch wenn sie Freunde in der \u00dcberzahl waren, schwach war der Herzensammler keineswegs. Er stie\u00df jeden nacheinander beiseite und wendete sich Kim zu, die sich immer noch nicht r\u00fchrte. Dies konnte Allison nicht mitansehen und st\u00fcrzte sich auf ihn. Das n\u00e4chste was man mitbekam, war ein unmenschlicher Schrei und danach drei dumpfe Ger\u00e4usche. Es dauerte mehrere Augenblicke, bis man registrierte was passiert war. Allison\u00b4s enthauptete Leiche und der daneben liegende Herzensammler, dessen Kopf stark anfing zu bluten.\u201eJetzt m\u00fcsste er garantiert Tot sein\u201c, kr\u00e4chzte Sarah, die hinter ihm stand und einen gro\u00dfen, schweren Stein \u0001 \u0002 n\u00e4chsten Moment knickten ihre Beine ein und ihre Knie machten Bekanntschaft mit den Boden. Fassungslos starrte sie dieses Szenario an, woran sie auch Schuld war. Aber auch die anderen waren zwar erleichtert \u00fcber den Ausgang des Serienm\u00f6rders, aber daf\u00fcr \u00fcber anderes nicht. Das Gesicht von Scott wurde kreidebleich, als er vollst\u00e4ndig registrierte, dass sein bester Freund tot war. Carrie hatte ihre H\u00e4nde an den Mund gepresst, um ja kein verr\u00e4terisches Ger\u00e4usch von sich zu geben. Selbst Andy hatte seine Augen aufgerissen und starrte wie hypnotisiert die Leichen seiner Freunde an. So bemerkten sie nicht, wie Sarah aufstand und die anderen ebenfalls dazu bewegen wollte. Dies schaffte sie nur mit M\u00fch und Not. So gingen alle mit der F\u00fchrung von Sarah wie Schlafwandler durch den Wald, um hier heraus zu kommen. Nat\u00fcrlich bekam keiner richtig mit, wie die Sonne am Horizont anbrach und den Tag begr\u00fc\u00dfte, der so schrecklich angefangen hatte und immer in der Erinnerung der Jugendlichen bleiben wird.",
            "wordcount": "292",
            "chapter_release": "18.02.2018",
            "chapter_number": "15"
        },
        "2": {
            "text": "Benommen stiegen Allison und Carrie aus und achteten nicht auf ihre Kratzer. Sie schauten auf den demolierten Wagen und erkannten schnell, dass ihre Freunde nicht ausstiegen. Hastig rannten sie wieder zur\u00fcck und rissen die T\u00fcren auf. Nur Chris\u00b4 Augen waren ge\u00f6ffnet und schauten sich hilfesuchend um. Doch Scott, Andy und auch Kim schienen bewusstlos zu sein. Hoffentlich nur bewusstlos und nichts schlimmeres! Vorsichtig holten sie Kim heraus, damit Chris herausklettern konnte, was er auch sofort tat. Da er einige medizinische Kenntnisse besa\u00df dank Scott, untersuchte er die Bewusstlose oberfl\u00e4chlich. W\u00e4hrenddessen versuchten die M\u00e4dchen, die anderen beiden heraus zu holen. Doch dies klappte nicht. Also warteten sie darauf, bis er fertig war und ihnen half.\u201eKim ist nichts schlimmes passiert\u201c, meinte er kurz darauf, \u201eSie m\u00fcsste bald aufwachen.\u201cSo untersuchte er seine anderen Freunde, die es schlimmer erwischt hatte. Doch auch sie waren jetzt nicht lebensgef\u00e4hrlich verletzt.\u201eWie geht es euch?\u201c, wollte er von den M\u00e4dchen wissen.\u201eMein Kopf tut ein bisschen weh\u201c, kam prompt die erste \u0001 \u0002 auch die zweite lie\u00df nicht lange auf sich warten: \u201eMir ist etwas schwummrig.\u201cW\u00e4hrend sie sich in der N\u00e4he des Wagens erholten, warteten sie darauf, dass ihre Freunde erwachten. Kurz darauf tat es Kim, gesellte sich humpelnd zu ihnen und auch die zwei Jungs wachten bald auf. Da es sie schlimmer erwischt hatten, nahmen sie sich Schmerzmittel, da sie kein Netz hatten um den Notarzt zu verst\u00e4ndigen. Einige Zeit war es still zwischen ihnen, da sie erst zu sich kommen mussten. Doch Carrie, die zu den taffesten der Clique geh\u00f6rte, schaute ihre Freunde gef\u00e4hrlich an.\u201eEs ist alles deine Schuld, Allison!\u201c, fauchte sie die Sch\u00fcchterne \u0001 \u0002 ergriff Kim Partei: \u201eScott hat doch die Kontrolle verloren und nicht Aly!\u201c\u201eAber sie hat doch wie am Spie\u00df geschrien\u201c, gab Carrie w\u00fctend zum \u0001 \u0002 mischte sich auch Chris ein: \u201eDa ist Andy aber auch nicht ganz unschuldig.\u201cJetzt gab es kein halten mehr und die Freunde beschuldigten sich alle gegenseitig, dass sie einen Unfall hatten und sie mit den kaputten Auto nicht weiterfahren konnten. Irgendwann wurde es einigen zu viel und sie schauten sich den Wagen sicherheitshalber doch mal n\u00e4her an mit der Hoffnung, es doch noch bis zur n\u00e4chsten Tankstelle oder Rastst\u00e4tte damit zu fahren. Da es zu dunkel war, mussten sie ihre Taschenlampen herausholen. Einige Zeit verging, wobei sie alles m\u00f6gliche versuchten. Doch sie wurden entt\u00e4uscht, denn der Motor war dahin. Einige warfen sich giftige Blicke zu.\u201eDa wir nichts tun k\u00f6nnen au\u00dfer zu warten, k\u00f6nnen wir uns doch diese legend\u00e4re H\u00fctte ansehen\u201c, machte Andy den \u0001 \u0002 und Scott sahen ihn als, als h\u00e4tte er durch den Unfall einen Dachschaden erlitten. Vor allem Kim fragte sich, warum er noch nicht in der Psychiatrie war wegen seinen idiotischen Ideen. Wegen seinen hirnrissigen Vorschl\u00e4gen w\u00e4ren einige fast schon im Gef\u00e4ngnis gelandet. Vor allem Andy, dicht gefolgt von Carrie und Chris. Sogar Kim tat es schon mal wegen der Gruppendazugeh\u00f6rigkeit. Nur Scott und Allison hielten sich heraus, aber jeder hatte andere Gr\u00fcnde. Sie war zu sch\u00fcchtern und feige, weswegen sie bei solchen Aktionen eher nur zusah. Und Scott? Er war das Gewissen der Gruppe, ohne ihn w\u00e4ren seine Freunde sonst wo gelandet. Nun musste er \u00fcberlegen, wie er Andy dies ausredete, vor allem, da auch schon Carrie hinter dem Rothaarigen stand. Naja, an seiner Seite stand Allison. Aber ob dies reichte?\u201eWir m\u00fcssen warten bis ein Auto vorbei kommt\u201c, meinte der ehemalige \u0001 \u0002 rollte mit den Augen: \u201eDies ist eine verlassene Stra\u00dfe und Nachts, falls du es noch nicht gemerkt haben solltest.\u201c\u201eGenau, Nachts. Es w\u00e4re unklug, um diese Uhrzeit einen unbekannten Wald zu betreten\u201c, konterte \u0001 \u0002 aller Macht versuchte er seine Freunde von der Dummheit, welches sie gerade befiel, abzuhalten. Doch im vorneherein wusste er, wie zwecklos es war. Hoffentlich konnte er Kim und Chris noch davon zu \u00fcberzeugen, wie t\u00f6richt es w\u00e4re. Genau den gleichen Gedanken hatte auch \u0001 \u0002 forderte beide heraus: \u201eWas meint ihr dazu?\u201cDie Angesprochenen wollten sich keiner Partei anschlie\u00dfen, da es sonst nur zum Streit k\u00e4me. Naja, dies war jetzt schon vorhanden. Nur dadurch w\u00fcrde es noch schlimmer kommen, als es eh schon war. Die beiden sahen sich unentschlossen an und wollten damit nichts zu tun haben, aber sie kannten Carrie\u00b4s Charakter zur Gen\u00fcge. Sich heraus zu halten, damit w\u00fcrde sie sich nicht zufrieden geben.\u201eHabt euch nicht so\u201c, versuchte Andy die beiden zu \u0001 \u0002 mal blickten die zwei Parteilosen sich an, bevor sie sich entschieden zu haben schienen. W\u00e4hrend Chris sich zu der Gruppe der Abenteuerlustigen begab, humpelte Kim zu der anderen Partei. Ihr Fu\u00df w\u00fcrde es ihr nicht erlauben und sie hatte keine Lust, es noch schlimmer zu machen. Also sahen die Zur\u00fcckgebliebenen ihre Freunde in den Wald gehen und hofften, dass nichts passieren w\u00fcrde.",
            "wordcount": "795",
            "chapter_release": "06.11.2017",
            "chapter_number": "2"
        },
        "3": {
            "text": "Im Wald konnte man die Hand vor den eigenen Augen nicht erkennen, was die Freunde dennoch nicht abhielt. Schlie\u00dflich hatte Chris an einer Taschenlampe gedacht. Dennoch gefiel ihm das Unternehmen nicht und er hatte nur eingewilligt, um ein Auge auf die beiden zu haben. Ok, um ehrlich zu sein, ein bisschen neugierig war er schon. Gr\u00fcndlich schaute er sich um, da er ja nicht \u00fcber etwas stolpern oder gegen etwas rennen wollte. Seine beiden vorangegangenen Freunden schien die Umgebung nicht zu interessieren, viel zu sehr waren sie in einem Gespr\u00e4ch verwickelt. Pl\u00f6tzlich knackte es. Dieses Ger\u00e4usch konnte aber nicht von ihnen kommen, daf\u00fcr war dies zu weit entfernt. Misstrauisch blickte er sich mit seiner Taschenlampe um, fand aber nichts. Da gingen wohl seine Pferde mit ihm um. Schon ein bisschen erleichtert beeilte er sich, um zu seinen Freunden vorzusto\u00dfen. Diese Umgebung mitsamt der Atmosph\u00e4re konnte einem schon Sachen vorgaukeln, die gar nicht da waren. Die Schuld trug Allison mit ihren Schrei, eine schemenhafte Gestalt an einem verlassenen Ort gesehen zu haben. Er glaubte n\u00e4mlich nicht, dass sie schauspielerte, denn so ein Typ war sie nicht.\u201eChris, wo bleibst du denn?\u201c, rief \u0001 \u0002 da bemerkte er, dass die beiden schon wieder einen gro\u00dfen Abstand gewonnen hatten und sich abwartend zu ihm gedreht hatten. Wie sie das wohl mit dem wenigen Licht machten, die bei ihnen ankam? Also beeilte er sich, schon wieder. Nachdem er wieder dazugesto\u00dfen waren, wanderte Andy weiter. Innerlich schimpfte er jedoch in sich hinein, da er unbedingt zu der ber\u00fchmten H\u00fctte wollte. Schon die ganze Zeit interessierte er sich f\u00fcr dieses Spektakel. Wenn man schon in der N\u00e4he war, warum nicht ausnutzen? Dies w\u00fcrde er sich unter keinen Umst\u00e4nden entgehen lassen. Aber auch Carrie sah es genau so, da sich viele Geschichten darum rankten. Vor allem wenn man bedachte, dass der Herzensammler jedes Jahr jugendliche Opfer suchte. Letztes Jahr war es diese H\u00fctte und davor eine gro\u00dfe Blockh\u00fctte, wo sich eine Schulklasse nieder lies. Nur leider lag dies nicht auf ihren Weg. Nur zuf\u00e4llig war er darauf gesto\u00dfen, n\u00e4mlich, als er an der letzten Tankstelle war. Dort hatte er sich mit dem Verk\u00e4ufer unterhalten, der erschrocken dar\u00fcber war, als er erfuhr, welchen Weg sie nehmen wollten. Dies wurde seit einem Jahr so gut es ging vermieden. Da sah Andy seine Chance, seine Freunde einen Schrecken einzujagen und kaufte die erstbeste Zeitung, welches \u00fcber diese Tat berichtete. Tja, nun waren sie hier und au\u00dfer ihm hatte nur Carrie den Schneid, ihm zu folgen. Chris hingegen betrachtete er eher als Aufpasser, der sehr gut mit Scott befreundet war. \u201eMeine G\u00fcte, der Weg ist echt lang\u201c, murmelte Carrie \u0001 \u0002 hatte sie nichts gegen einen langen Fu\u00dfmarsch, au\u00dfer wenn sie es nicht erwarten konnte am Ziel zu \u0001 \u0002 war es bei der Gruppe, die am Auto wartete. Einerseits warteten sie auf ihre Freunde und andererseits, dass vielleicht mit etwas Gl\u00fcck ein Anhalter vorbei kam. Doch da konnten sie warten bis sie schwarz wurden, denn noch kein Auto fuhr in der langen Zeit vorbei, wo sie hier warteten und dies war schon lange.\u201eEs tut mir wirklich leid\u201c, meinte Allison leise, \u201eAber ich schw\u00f6re, dass ich jemanden am Waldrand gesehen habe.\u201cStumm wurde ihre Entschuldigung zu Kenntnis genommen, da niemand den Nerv hatte dar\u00fcber zu sprechen. Auch nicht ihre beste Freundin, die ersch\u00f6pft war und die zweite Aussage am liebsten als Einbildung abgetan h\u00e4tte. Die Geschichte, die Atmosph\u00e4re und auch die Uhrzeit konnten den Augen schon mal einen Streich spielen. Schade nur, dass dann so etwas passieren musste.\u201eAl, es k\u00f6nnte vielleicht nur ein Spazierg\u00e4nger oder \u00e4hnliches gewesen sein\u201c, \u00fcberlegte Scott \u0001 \u0002 er glaubte selber nicht daran, da kein vern\u00fcnftiger Mensch nachts alleine am Waldesrand spazieren gehen w\u00fcrde. Dies dachten auch die beiden M\u00e4dchen, die ihn komisch \u0001 \u0002 sch\u00fcttelte den Kopf und wisperte: \u201eNein, diese Gestalt hat uns geradewegs angestarrt.\u201cF\u00fcr einen Moment lief es sogar Kim eiskalt den R\u00fccken herunter bei der Vorstellung und sie schaute sich mit einem mulmigen Gef\u00fchl um, nur in der Dunkelheit entdeckte sie nichts. Nur der Blondhaarige hatte eine Taschenlampe bei sich und der Schein zeigte in einer anderen \u0001 \u0002 legte ihre H\u00e4nde entr\u00fcstet auf ihre Taille: \u201eDas glaubst du doch selbst nicht.\u201c\u201eEhrlich gesagt wei\u00df ich nicht, was ich glauben soll\u201c, meinte \u0001 \u0002 eine Statue blieb die Gestalt versteckt zwischen ein paar B\u00e4umen und r\u00fchrte sich keinen Millimeter. Schlie\u00dflich wollte die Gestalt nicht ihre Anwesenheit ank\u00fcndigen. Viel zu sehr fixierte die Person die Jugendlichen, die miteinander redeten. Diese dummen Kinder! Warum nur mussten diese Blagen auch hierhin kommen? Denn nun war deren Schicksal besiegelt und es gab nichts, was sie noch retten konnte....",
            "wordcount": "775",
            "chapter_release": "11.12.2017",
            "chapter_number": "3"
        },
        "4": {
            "text": "Immer missmutiger wurde Carrie\u00b4s Laune und die Lust sank, die H\u00fctte erkunden zu wollen. Dies bemerkte Andy, der sie sp\u00f6ttisch anblickte. Deswegen war ihre Reaktion ein gereiztes knurren. Chris, der diese Reaktionen nur dank seiner Taschenlampe erkannte, sch\u00fcttelte nur seufzend den Kopf. Langsam verstand er seinen besten Freund immer mehr, der sich auf so etwas gar nicht erst einlie\u00df. Pl\u00f6tzlich blieb er stehen, da er dachte, ein Knacken geh\u00f6rt zu haben. Er kniff seine Augen zusammen und schaute hastig um sich. Dies blieb zu seinem Leidwesen nicht unbemerkt.\u201eChris, was ist jetzt schon wieder?\u201c, murrte Carrie, \u201eWenn du so weiter machst, kommen wir ja nie an!\u201cErnst blickte der Angesprochene drein: \u201eHabt ihr dieses Knacken auch geh\u00f6rt? Oder ist einer von euch auf einem Ast getreten?\u201cDie beiden blickten sich verst\u00e4ndnislos an und fragten sich, weswegen so ein Theater gemacht wurde. Da stellte sich ihnen eine Frage auf. Seit wann war er so furchtsam? Wurde er von Scott mit seiner Vorsicht manipuliert? Sonst war er auch nicht so. Da wurde es der Weizenblondine urpl\u00f6tzlich klar.\u201eFang du nicht auch noch an, dich wie diese Angsthase Allison aufzuf\u00fchren\u201c, erwiderte Carrie \u0001 \u0002 grinste dar\u00fcber: \u201eEine Gestalt am Waldesrand, klar doch. Die Gute hat einfach zu viele Horrorfilme gesehen.\u201cIrgendetwas sagte Chris, dass es mehr war als nur das. Warum sollte ausgerechnet sie so etwas erfinden? Um Andy einen auszuwischen? Er glaubte kaum.\u201eH\u00e4tten wir sie nicht aufhalten sollen?\u201c, fl\u00fcsterte Allison mit einem mulmigen Gef\u00fchl im \u0001 \u0002 gefiel es ganz und gar nicht, dass sie sich getrennt hatten. Dies bemerkte auch Scott, auch wenn er sie mit einem undefinierbaren Blick anschaute. Kurz schaute er zu ihrer besten Freundin hin, wobei Kim nur ahnungslos die Schultern zuckte und nicht weiter \u0001 \u0002 hob eine Augenbraue an: \u201eAufhalten? Die beiden?\u201c\u201eNaja, Scott hat recht. Wie h\u00e4tten wir sie aufhalten k\u00f6nnen?\u201c, kam es vorsichtig von \u0001 \u0002 wollte sie ihre besten Freundin nicht verletzen, da es bei ihr ganz leicht passieren \u0001 \u0002 \u00fcberlegte: \u201eGut zureden?\u201c\u201eDas hat nichts gebracht. Nur gut, dass Chris dabei ist\u201c, murmelte \u0001 \u0002 hakte Kim nach: \u201eOb dies was \u00e4ndert?\u201c\u201eIch vertraue ihm\u201c, l\u00e4chelte Scott, \u201eEr wird schon auf die beiden aufpassen und darauf achten, dass sie nichts bl\u00f6dsinniges anstellen.\u201cDas bezweifelte Kim leicht, wollte es aber nicht laut zugeben. Schlie\u00dflich waren sie beste Freunde, weswegen sie nicht schlecht \u00fcber einen der beiden im Anwesenheit des anderen reden wollte. Also nickte sie nur dar\u00fcber und nahm es als gegeben \u0001 \u0002 wandelte die versteckte Person von einer Gruppe zur anderen hin und verfluchte sich im Gedanken, da eines dieser M\u00e4dchen die Silhouette gesehen hatte. Aber nun gut, konnte man jetzt eh nicht mehr \u00e4ndern. Und sowieso, es passte zu diesem Plan, da sonst dieser Unfall nicht passiert w\u00e4re. Aber das auch einer der Jungen misstrauisch wurde, gefiel der Gestalt nicht. Nun gut, was geschehen war, war geschehen. Anscheinend hatte er in der Gruppe sowieso nicht viel zu sagen. Niemand w\u00fcrde ihm glauben. Kein Wunder, sie waren in einem Wald, wo solche Ger\u00e4usche zu erwarten waren.\u201eDie werden noch ihr blaues Wunder erleben\u201c, murmelte die Person vor sich \u0001 \u0002 tat die Gruppe der Gestalt leid, doch man konnte das kommende nicht \u00e4ndern. Einmal hatte die Person versucht das ganze aufzuhalten und schnell bereut. Deswegen w\u00fcrde es kein zweites Mal passieren. Und sowieso, die Gruppe war doch selber Schuld. Schnell verscheuchte die Gestalt den Gedanken und lief geschmeidig wie ein wildes Raubtier durch den Wald, um die andere Gruppe zu beobachten.",
            "wordcount": "583",
            "chapter_release": "12.12.2017",
            "chapter_number": "4"
        },
        "5": {
            "text": "Schweigend waren sie nur wenige Minuten gelaufen, als sie die ber\u00fchmte H\u00fctte vor sich hatten. Es hatte etwas grausiges an sich mit der halb abfallenden T\u00fcr, die wegen dem Wind leicht quietschte. Auch die tiefen Axtmale \u00fcberall lie\u00dfen erahnen, was hier geschehen sein mochte. Manche Fenster waren zu Bruch gegangen, was einiges andeuten konnte. Dies war alles, au\u00dfer einladend. Was hier zu der Atmosph\u00e4re noch fehlen w\u00fcrde, w\u00e4re ein starkes Gewitter. Dies blieb ihnen erspart. Zum Gl\u00fcck, fand Chris. Dies h\u00e4tte ihm gerade noch gefehlt. Kurz darauf bemerkte er, wie seine Freunde spurlos verschwunden waren. Typisch! Lie\u00df man sie nur eine Sekunde aus den Augen und dann das. Wie aus heiterem Himmel ert\u00f6nte ein furchterregender Schrei, was ihm eiskalt den R\u00fccken herunter \u0001 \u0002 zwei Mumien erstarrten die M\u00e4dchen auf ihre Pl\u00e4tze, w\u00e4hrend Scott zusammenzuckte vor Schreck. Was was das f\u00fcr ein Schrei? Wer hatte ihn ausgesto\u00dfen? Es klang weiblich, also konnte es nur...\u201eCar\u201c, murmelte Kim \u0001 \u0002 meinte: \u201eIch gehe nachsehen, wahrscheinlich braucht sie meine Hilfe. Ihr bleibt hier!\u201c\u201eDu kannst uns doch hier nicht alleine lassen\u201c, rief Allison \u0001 \u0002 umschlang mit beiden H\u00e4nden seinen Arm, welches er vor Mitgef\u00fchl nicht absch\u00fctteln konnte. Sie hatte ja recht, die beiden konnte er schlecht hier lassen. Aber mitnehmen ging ja auch nicht. Kim hatte einen verletzten Fu\u00df und konnte keine weiten Strecken laufen. Ihre beste Freundin hingegen hatte keine starken Nerven und w\u00fcrde hinter jedem Schatten sonst etwas sehen. Verdammt, er musste sich schnell entscheiden!Gut, l\u00e4chelte die geheimnisvolle Gestalt. Durch den ausgesto\u00dfenen Schrei w\u00fcrden die beiden Gruppen zueinander finden und dann konnte es los gehen. Nun konnte mit den Vorbereitungen begonnen werden, wobei die Person sich bei den Gedanken leicht versteifte. Die Gestalt konnte sich noch sehr gut an die eigene Erfahrung erinnern und wie entsetzlich es war. Schon aus diesem Grund musste alles glatt laufen, auch wenn alles sich im inneren dagegen str\u00e4ubte. Es w\u00fcrde \u00c4rger geben, sollte etwas schief gehen. Die Person presste die Z\u00e4hne aufeinander und erinnerte sich noch gut an die letzten zwei Jahre, die die H\u00f6lle gewesen waren. Also entschloss sich die Gestalt. Was getan werden musste, musste getan werde, sonst w\u00fcrden starke Konsequenzen auf sie warten. Die H\u00e4nde wurden zu F\u00e4usten geballt und mit zugekniffenen Augen fixierte die Person hinter einem Baum die \u0001 \u0002 schnell es ging, war Scott mit den beiden M\u00e4dchen bei seinen zwei m\u00e4nnlichen Freunden angelangt. Doch wo war Carrie? Chris und Andy zuckten ahnungslos mit den Schultern, als Scott sich umschaute.\u201eWo ist Carrie?\u201c, kam es jedoch von \u0001 \u0002 antwortete ihr Chris: \u201eKeine Ahnung. Die beiden waren vor kurzem voraus gegangen, doch ich konnte Andy aufholen.\u201cNun schauten alle den Rothaarigen an, der sich wenig Sorgen zu machen schien. Anscheinend konnte er sich nicht vorstellen, dass die taffe Blondine so einen Schrei ausgel\u00f6st haben k\u00f6nnte. So schnell lie\u00df sie sich keine Angst einjagen. Doch nur er war so entspannt, die anderen waren nerv\u00f6s bis unruhig. Was Scott fast schon vorausgesehen hatte, f\u00fcrchtete Allison sich und klammerte sich an die schmerzverzerrte Kim, deren Schmerzen man wegen ihren Bein ansah. Er blickte Chris an, der es erwiderte. Beide dachten das gleiche. Auf keinen der drei w\u00e4re Verlass, aber es hatte verschiedene Gr\u00fcnde. Andy schien es egal zu sein, Kim hatte Probleme mit der Fortbewegung und Allison schreckte bei jedem kleinsten Ger\u00e4usch zusammen. Theoretisch k\u00f6nnten sie beide alleine nach Carrie suchen, nur wollten sie Andy nicht alleine bei den M\u00e4dchen lassen. Wer wusste schon, was er anstellen w\u00fcrde. Nein, dies konnten sie nicht machen. Also stellten sich die beiden etwas abseits hin und kommunizierten dar\u00fcber. \u201eWas machen wir jetzt?\u201c, wollte Chris \u0001 \u0002 \u00fcberlegte: \u201eWas w\u00e4re, wenn nur einer von uns nach ihr sucht und der andere ein Auge auf Andy hat?\u201cEigentlich w\u00e4re es eine gute Idee, nur auch gef\u00e4hrlich. Keiner kannte sich in diesem Wald aus und Nachts sollte man nicht in unbekannten Orten herum laufen. Doch Scott beschloss, dass er nach ihr suchte. Bei dem Schrei, welches ausgesto\u00dfen wurde, konnte nur was furchtbares passiert sein. Etwas, was sie sich nicht vorstellen wollten. Also mussten sie schnell handeln. Gerade als sie sich wieder zu den anderen gesellen wollten, um ihnen ihre Entscheidung mitzuteilen, h\u00f6rten sie etwas oder eher Jemanden. Es h\u00f6rten sich wie Schritte an und es kam genau auf ihnen zu! Langsam war auch Chris sich nicht mehr sicher, was er tun sollte. Immer n\u00e4her und n\u00e4her. Allison versteckte sich hinter Kim, die auch nicht mehr so selbstsicher aussah. Beide mussten an denjenigen denken, der am Waldesrand stand und sie angestarrt hatte. Ein Schatten n\u00e4herte sich ihnen, da die Taschenlampe nicht auf die Gestalt zeigte. Fast war die Person bei ihnen, als keine Schritte mehr ert\u00f6nten. Chris leuchtete mit der Taschenlampe auf den Schatten und alle seufzten erleichtert auf. Es war Carrie, die sp\u00f6ttisch drein schaute.\u201eWas ist denn mit euch los\u201c, fragte sie mit hoch erhobener \u0001 \u0002 knurrte: \u201eWir wollten schon fast einen Suchtrupp nach dir aussenden, da du so geschrien hattest.\u201c\u201eJungs, ich war nur pinkeln\u201c, er\u00f6rterte sie gereizt, \u201eUnd was redest du von einem Schrei? Es hat niemand geschrien.\u201cFast alle anderen blickten sich beunruhigt an. Entweder die Blondine veralberte sie, was nicht ihr Stil war, oder aber sie war es wirklich nicht. Aber da stellte sich den Jungs die Frage auf. Wieso hatte sie nichts geh\u00f6rt und wer hatte dann den Schrei von sich gegeben?",
            "wordcount": "895",
            "chapter_release": "17.12.2017",
            "chapter_number": "5"
        },
        "6": {
            "text": "Langsam wurde es einigen in der Gruppe zu unheimlich, vor allem Allison. Am liebsten w\u00fcrde sie aus diesem grausigen Wald heraus, nur alleine traute sie sich nicht. Hilfesuchend blickte sie ihre beste Freundin an, bei der man auch Angst in ihren Augen ablesen konnte. Nun war auch Chris beunruhigt und Scott wusste nicht was er davon halten sollte. Nur Andy und Carrie schienen keine Furcht zu haben, da sie es nur f\u00fcr einen schlechten Scherz hielten. Als ob hier jemand herumlief um ihnen Angst einzujagen. Wom\u00f6glich war es sogar der Herzensammler h\u00f6chstpers\u00f6nlich. Bei den Gedanken musste Andy grinsen, da er es nicht f\u00fcr sehr wahrscheinlich hielt. Anscheinend hatte die Blondine das gleiche im Kopf, da sie nur Sekunden sp\u00e4ter auch die Mundwinkel hochzog. Was die beiden so lustig fanden, konnten Scott und Kim nicht nachvollziehen. In diesem Moment geh\u00f6rten die beiden untersucht. \u201e\u00c4hm, w-was tun wir j-jetzt wegen dem..... ihr wisst schon\u201c, kam es sch\u00fcchtern und leise von \u0001 \u0002 antwortete ihr: \u201eWir sollten auf jeden Fall aus dem Wald heraus, es ist mir nicht ganz geheuer hier.\u201c\u201eUnd was dann, ihr Schlaumeier?\u201c, wollte Carrie wissen, \u201eDas Auto ist immer noch kaputt, falls ihr es vergessen habt.\u201cKim blickte sie b\u00f6se an, da sie fand das sie jetzt besser zusammenhalten sollten, als sich anzufeinden. Und was tat die Zicke? Machte das Gegenteil und brach gleich einen Streit vom \u0001 \u0002 wurde sie laut: \u201eImmer noch besser als hier dumm herum zu stehen, findest du nicht?\u201c\u201eVielleicht sollten wir trampen?\u201c, kam Chris die Idee und ignorierte die M\u00e4dchen \u0001 \u0002 starrte ihn an, als h\u00e4tte er den Verstand verloren. Es w\u00fcrde nicht gut gehen, da es sehr lange dauern konnte, bis sie auch nur an einer Tankstelle ankamen. Auch war da noch Kim, die kaum laufen konnte und \u00f6fters gest\u00fctzt werden musste. So w\u00fcrden sie nur im Schneckentempo voran kommen und dies was nicht das Ziel. Am besten w\u00e4re, sich bis zum Tag im Auto aufzuhalten. Aber die Sache war, wie verkauften sie es Allison, dass sie sich darauf einlie\u00df? Niemals w\u00fcrde einer der Jungs sie alleine trampen lassen, da vor allem Chris und Scott einen leichten Besch\u00fctzerinstinkt ihr gegen\u00fcber hatten. Auch w\u00fcrde Kim es ihnen nie verzeihen, sollten sie sie im Stich \u0001 \u0002 war Scott dran mit seinem Vorschlag: \u201eWir warten am besten, bis es hell ist, im Auto.\u201c\u201eMit der unbekannten Gestalt im Wald?\u201c, rief Allison \u0001 \u0002 Kim gefiel der Gedanken nicht: \u201eGibt es keine andere M\u00f6glichkeit?\u201c\u201eDein Fu\u00df sollte nicht zu sehr belastet werden\u201c, erwiderte Scott \u0001 \u0002 leuchtete ihr ein, akzeptieren wollte sie es dennoch nicht. Mit einem unruhigen Blick schaute sie sich in dem unheimlichen Wald um, der ihr nach dem Schrei noch be\u00e4ngstigender vorkam. Wenn es ihr schon so ging, wollte sie nicht in der Haut von Allison stecken. Wie konnten Carrie und Andy so cool bleiben? Sie konnte es nicht fassen! Es kam noch dicker, da der Rothaarige so wirkte, als ob er gar nicht weg wollte. Manchmal machte Kim sich Gedanken, ob Andy nicht einen leichten Zug von einem Psychopathen in sich steckten hatte. Eigentlich sollte man nicht von Freunden so denken, aber wenn sie ihn manchmal so ansah, kam es ihr urspr\u00fcnglich in den Sinn. Irgendetwas konnte bei ihm nicht ganz richtig sein, wenn ihn so etwas kalt lie\u00df. Im n\u00e4chsten Moment bereute sie es so etwas gedacht zu haben. Schlie\u00dflich waren sie Freunde, auch wenn sie sich wieder einmal fragte wieso. Im Grunde genommen hatte Andy auch seine guten Seiten, wie zum Beispiel, dass er ein feines Gesp\u00fcr daf\u00fcr haben konnte, wenn es einen seiner Freunde nicht gut ging. Er hatte eine Begabung daf\u00fcr denjenigen aufzuheitern. Auch w\u00fcrde er nicht mal Allison im Stich lassen, auch wenn er \u00f6fters angedeutet hatte, nicht viel von dem Mauerbl\u00fcmchen zu halten. Selten kam die Seite zutage, aber sie waren vorhanden. Jedoch nicht nur bei ihm war es so, auch Carrie \u00e4hnelte ihm in der Hinsicht. Zwar wirkte sie wie ein Eisklotz, doch man brauchte nur hinter der Fassade zu schauen und entdeckt eine wunderbare Person. Wahrscheinlich waren sie deswegen noch Freunde, da sie sich so gut kannten. Zwar versuchten die Beiden es zu verbergen, aber es gelang ihnen nicht ganz. Nur in diesem Moment k\u00f6nnte Kim ihnen den Hals umdrehen! Warum konnten sie nicht gerade in dieser Situation zusammen halten? Fragend blickte sie zu Scott, der au\u00dfer sie der Vern\u00fcnftigste in der Gruppe war. Nur leider wusste er auch nicht weiter, da jeder mit einem anderen Vorschlag daher kam. Aber als Andy und Carrie einen seltsamen Blick wechselten, ahnte Kim nichts \u0001 \u0002 Rothaarige wandte sich zu Scott: \u201eDu sagtest, es sei gef\u00e4hrlich hier in einem unbekannten Ort bei Nacht herum zu irren. Oder?\u201cEs kam nur ein skeptisches Nicken als Antwort, da ihm schon die Frage nicht behagte. Was gleich heraus kommen w\u00fcrde, konnte nur Schwachsinn sein, da er den Witzbold der Klasse gut genug \u0001 \u0002 tauchte ein breites Grinsen auf: \u201eWarum \u00fcbernachten wir nicht hier in der H\u00fctte? Dies k\u00f6nnten wir wenigstens vern\u00fcnftig verrammeln, damit ihr M\u00e4dels keine Angst zu haben braucht.\u201cIn diesem Moment schaute er Allison und Kim an und die Zweite konterte mit einem trotzigen Blick. Denn sie hatte keine Angst, so wie Andy ihr dies weismachen wollte.\u201eJa, ist klar. Ich hoffe, der Herzensammler holt dich zuerst\u201c, spottete \u0001 \u0002 hob nur ein Augenbraue: \u201eAngst?\u201c\u201eTr\u00e4um weiter\u201c, fauchte \u0001 \u0002, dies hatte sie nicht. Man sollte ihrer Meinung nach Angst mit Vernunft nicht verwechseln, was der Scherzkeks nur zu gerne tat. Kim mischte sich knurrend ein: \u201eDas hat der Gruppe vor einem Jahr auch nicht geholfen.\"\u201eDann habe ich eine bessere Idee. Wir schlie\u00dfen uns im Auto ein und heulen uns die Augen aus. Wie w\u00e4re das?\", fragte er \u0001 \u0002 zuckte Scott mit der Augenbraue, was noch keiner richtig wahrnahm. In ihm brodelt es gef\u00e4hrlich. Wenn seine Freunde dieses Zeichen gesehen h\u00e4tten, w\u00fcrden sie vorsichtiger sein. Aber so lie\u00df sich das kommende nicht verhindern.\u201eHALTET ALLE DIE KLAPPE!\u201cAusnahmslos alle starrten Scott an, der sonst nie laut wurde. Was wohl in ihm gefahren war?, fragten sich einige in Gedanken. Nur Chris und Kim verstanden, weshalb er so ausrastete. Aber bevor jemand dazu etwas kommentieren konnte, h\u00f6rten sie ein lautes Heulen, was aus dem tiefen des Waldes kam. So laut...... und nah.",
            "wordcount": "1.052",
            "chapter_release": "20.12.2017",
            "chapter_number": "6"
        },
        "7": {
            "text": "Allison wirkte so, als w\u00fcrde sie am liebsten ihre Beine in die Hand nehmen und einfach nur davonlaufen. Nur die Hand Kims, die sich in ihre Schulter gekrallt hatte, hinderte sie daran. Ihr Atem ging schwerer und panisch blickte sie um sich soweit es ging. Nur konnte man nicht viel sehen, da die Taschenlampe von Chris fast den Geist aufgab und man dadurch nicht mehr viel erkennen konnte.\u201eIch will hier weg\u201c, keuchte Allison \u0001 \u0002 fragte dagegen nur leise: \u201eAndy, sag bitte, dass du das warst.\u201cEr verneinte ehrlich, was man ihm sogar glaubte. Aber wenn er es nicht war, wer dann? Gab es hier irgendwelche Raubtiere? Vorstellen konnte Scott sich das nicht, sonst w\u00fcsste er das.\u201eIch will nicht von einem Hackebeil erschlagen werden\u201c, schluchzte \u0001 \u0002 seufzte: \u201eHier wird niemand mit einem Hackebeil erschlagen.\u201c\u201eAch, ist es so? Wenn du dir so sicher bist, beweise es uns und \u00fcbernachte in der H\u00fctte\u201c, forderte Andy \u0001 \u0002 fragten sich einige ernsthaft, ob er durch den Autounfall nicht einen Dachschaden erlitten hatte. Vor allem Scott, da er diese Idee total hirnrissig \u0001 \u0002 fauchte ihn an: \u201eNun spinnst du total!\u201c,,Ach ja? Scottie hat doch angefangen zu behaupten, hier w\u00e4re es sicher trotz den Erlebnissen\", meinte er \u0001 \u0002 dem Spitznamen starrte ihn der Angesprochene b\u00f6se an, da es es auf den Tod nicht leiden konnte so genannt wurde. Nicht mal seine Eltern, geschweige seine besten Freunde, durften dies tun. Carrie kicherte: ,,Als ob sich jemand von einer omin\u00f6sen Gestalt, einem Schrei und das Heulen ins Bockshorn jagen l\u00e4sst. Ich denke, man kann alles logisch damit erkl\u00e4ren, dass wir zuvor Andrews dumme Geschichte geh\u00f6rt hatten und uns das ganze nun einbilden.\",,Wir alle bilden uns das gleiche ein?\", fragte Kim \u0001 \u0002 schulterzucken folgte: ,,Die Macht einer Gruppe, wo es nur einer zu brauchen mag und alle machen es nach.\"Man h\u00f6rte ein erleichtertes aufseufzen seitens Allison, die als Einzige daran glaubte. Man wollte sie in dem Glauben lassen, damit sie nicht ganz ausflippte. Nur Andy war anders, da er seinen Mund aufmachte um zu widersprechen. Doch ausgerechnet Carrie hielt es ihm zu und sah ihn warnend an. Einige waren recht verwirrt von denjenigen, die es mitbekamen. Pl\u00f6tzlich wurde es dunkel um ihnen, da die Taschenlampe nun endg\u00fcltig keinen Saft mehr hatte. Dies lie\u00df Allison auf quieken, die die Dunkelheit noch nie gut ertragen konnte. Doch Scott schaltete seine an, die er vorhin aus Spargr\u00fcnden ausgemacht hatte. Jetzt erkannte man Allison\u00b4s schreckensbleiches Gesicht, aber auch Kim machte ihr leichte Konkurrenz. F\u00fcr einen Moment hatte sie geglaubt das es noch schlimmer kam, als es eh schon war.\u201eLeute, ich will euch zwar nicht beunruhigen, aber auch diese Taschenlampe macht es nicht mehr lange\u201c, meinte \u0001 \u0002 erwiderte: \u201eWir sollten deshalb schnell zum Auto.\u201c\u201eDas w\u00fcrden wir nicht schaffen\u201c, kam es wiederum von seinen besten \u0001 \u0002 schluckte: \u201eWieso?\u201c\u201eWeil uns das Licht vorher ausgehen wird\u201c, antwortete er \u0001 \u0002 starrte ihn entsetzt an: \u201eW-willst du d-damit sagen, dass w-wir in d-der H\u00fctte s-schlafen m\u00fcssen?\u201c\u201eIch will damit gar nichts sagen\u201c, redete er \u0001 \u0002 sprach er nicht nur deshalb aus um die M\u00e4dchen zu beruhigen, auch um Andy\u00b4s breites Grinsen verschwinden zu lassen. Denn er hatte mitbekommen wie sein l\u00e4cheln immer gr\u00f6\u00dfer wurde, was ihm gar nicht gefiel. Deshalb musste er es schleunigst \u00e4ndern, bevor es zu einer Katastrophe kam. Ja, so wie er den Rothaarigen kannte, w\u00fcrde es schneller gehen als ihm lieb \u0001 \u0002 prustete: \u201eAber du hast es angedeutet, obwohl, ein Problem w\u00fcrde ich damit nicht haben.\u201c\u201eDAS war mir klar\u201c, fuhr Kim sie fast schon \u0001 \u0002 waren gereizt und wussten nicht wie es weiter gehen sollte. Naja, fast alle. Nat\u00fcrlich merkte man Andy an, dass er immer noch in die H\u00fctte wollte und nat\u00fcrlich w\u00fcrde Carrie ihm folgen, ohne mit der Wimper zu zucken. Manchmal bewunderten Kim und Allison ihren Mut, jedoch in diesen Moment hassten sie diese Eigenschaft von ihr. Pl\u00f6tzlich flackerte der Schein des Lichtes, bevor es ganz ausging. Es wurde mucksm\u00e4uschenstill in der Gruppe. \u00dcberdeutlich konnte man nun die Ger\u00e4usche des Waldes ausmachen, was den meisten nicht gefiel. Auf einmal h\u00f6rten sie noch etwas, etwas, was ganz und gar nicht in dieser Umgebung hingeh\u00f6rte. Ein Lachen, ein grausames und hohes lachen. Es schien nicht von dieser Welt zu \u0001 \u0002 kreischte: \u201eEgal wer es ist, h\u00f6r auf damit!\u201cSie presste sich die Ohren zu und Kim umklammerte den Arm Scott\u00b4s. Oder sie dachte, dass es seiner war, da er direkt neben ihr stand. Sie zitterte. \u201eIch war es nicht\u201c, h\u00f6rte man die leicht verunsicherten Stimmen von Carrie und \u0001 \u0002 sogar sie sich so anh\u00f6rten, hatte es einiges zu bedeuten und aus diesem Grund bekam langsam auch Chris etwas Angst. Nur Scott versuchte sich zu beruhigen, um alles im Kopf logisch erkl\u00e4ren zu k\u00f6nnen. Nur, es ging nicht.\"ICH KRIEGE EUCH!\u201cDiese Stimme schien n\u00e4her zu kommen, weswegen Allison nichts mehr hielt, sie sich umdrehte und einfach nur voller Panik weg lief. Ihre Freunde bemerkten nur das ein Schatten davon lief, aber nicht, wer es genau war, da es zu dunkel war. Einige hatten eine \u0001 \u0002 rief ihr entsetzt nach: \u201eAl!\u201c\u201eIch denke, wir sollten auch die Biege machen\u201c, hauchte \u0001 \u0002 hakte nach: \u201eUnd wie sollen wir in der Dunkelheit unbeschadet durch den Wald kommen?\u201cDies interessierte Kim nicht, da sie nicht nur Angst hatte, sondern sich auch sehr sorgte. Also lie\u00df sie den Arm, welches sie festhielt, los und rannte in der Richtung, wo sie ihre beste Freundin vermutete.\u201eWir sollten uns in der H\u00fctte in Sicherheit bringen\u201c, schlug Carrie vor und rannte los, da sie schnell weg \u0001 \u0002 folgte Andy ihr, da er insgeheim auf sie achtgeben wollte. Denn nun war auch ihm klar, dass hier etwas nicht mit rechten Dingen zu ging. Doch eher w\u00fcrde er sich die Zunge abbei\u00dfen, als dies zuzugeben. So waren nur noch Scott und Chris \u00fcbrig, die nicht wussten, wie sie reagieren sollten. Welche ihrer Freunde sollten sie folgen? Am besten die M\u00e4dchen, da einer auf sie aufpassen sollte. Deswegen rannte Scott vor mit den Hintergedanken, dass sein bester Freund ihm schon folgen w\u00fcrde, was er aber nicht tat. Alleine stand Chris nun da, mit einer kichernde Stimme im R\u00fccken, welches immer n\u00e4her an ihn heran trat....",
            "wordcount": "1.057",
            "chapter_release": "29.12.2017",
            "chapter_number": "7"
        },
        "8": {
            "text": "Egal wohin Scott hin rannte und nach den M\u00e4dchen rief, es kam keine Antwort. So blieb er stehen und drehte sich um, da er hinter sich seinen besten Freund vermutete, doch,.... da war niemand. Irritiert schaute er sich um, nur konnte er nichts durch die Dunkelheit erblicken. Wo war Chris abgeblieben? Hatte er ihn versehentlich abgeh\u00e4ngt? Aber wenn es so w\u00e4re, wie war das m\u00f6glich? Chris war ein guter L\u00e4ufer und so schnell.....Moment mal, au\u00dfer wenn....Ihm kam ein schrecklicher Gedanke in den Sinn. Im n\u00e4chsten Moment galt seine Sorge den zwei Davonlaufenden und er schaute sich verzweifelt um. Was sollte er tun? Eher den M\u00e4dchen folgen oder zur\u00fcck laufen? Er wusste es \u0001 \u0002 hatte Kim Allison eingeholt und sie packte keuchend und das Gesicht schmerzverzerrt deren Arm, um sie zum stehen bleiben zu bewegen. Doch ihre Panik war so gro\u00df, dass sie sich am liebsten losgerissen h\u00e4tte.\u201eAly, bleib bitte stehen und beruhige dich\u201c, bat ihre beste \u0001 \u0002 unruhigen Bewegungen starrte sie hektisch um sich: \u201eIch will hier einfach nur raus.\u201c\u201eAber so erreichst du es nicht, wenn du blindlings hier herum l\u00e4ufst\u201c, versuchte Kim an ihren gesunden Menschenverstand zu \u0001 \u0002 meinte Allison: \u201eAber es gibt hier \u00fcberall einen Weg hinaus.\u201c\u201eDu wei\u00dft aber nicht, wie gro\u00df der Wald ist\u201c, konterte die Vern\u00fcnftigere der \u0001 \u0002 kam es von der Sch\u00fcchternen: \u201eEs ist mir egal.\u201c\u201eIst es dir auch egal, dass du dir bei der Dunkelheit irgendetwas brechen k\u00f6nntest, wenn du stolpern solltest?\u201c, wollte Kim wissen.\u201eBitte\u201c, flehte sie, \u201eBitte, lass mich einfach von hier.....verschwinden.\u201cMit einem ruhigen Blick und einer angespannten K\u00f6rperhaltung suchte Carrie in der gesamten Blockh\u00fctte nach einer Taschenlampe oder \u00e4hnliches, um sich gegen etwas oder jemanden zu sch\u00fctzen. Auch wenn sie keine Angst versp\u00fcrte, war sie alles andere als dumm. Dies wusste auch Andy, der an der T\u00fcrlehne stand und sie beobachtete. Ja, selbst ihm war momentan nicht nach Witzen zumute, auch wenn er der Witzbold der Gruppe war. Er w\u00fcrde es niemals zugeben, doch seine Sorge galt seinen Freunden, die sich \u00fcberall im Wald verteilt hatten und nur Gott allein wusste, wie es ihnen ging. Um dies nicht nach drau\u00dfen zu tragen, hatte er einen seiner \u00fcblichen l\u00e4cheln drauf und im Petto warteten ein paar Spr\u00fcche. Aber eins war beiden bewusst, irgendwas oder irgendwer lauerte hier im \u0001 \u0002 einem dumpfen Aufprall fiel der K\u00f6rper vor der geheimnisvollen Person zu Boden. Der blutverkrusteten gro\u00dfe Stein wurde achtlos weg geworfen und es wurden die Beine des am Boden Liegenden gegriffen und hinter sich her geschleift. Die Gestalt war froh dar\u00fcber, den ersten erwischt zu haben. Kein Wunder das es so einfach ging, wenn alle wie gackernde H\u00fchner planlos herum liefen. Dennoch, Vorsicht musste immer sein. Dies hatte ER ihr ja immer eingepr\u00e4gt. In all den zwei Jahren musste sie viel \u00fcber sich ergehen lassen, weshalb sie es nie wagen w\u00fcrde, irgendetwas gegen IHN anzurichten. Sie wusste, ER beobachtete sie. ER, der \u00fcberall als Herzensammler bekannt war. Hingegen kannte sie SEINEN wahren Namen. Jack. Etwas ganz gew\u00f6hnliches, auch wenn der Rest ungew\u00f6hnlich war. Ok, so konnte man es nicht nennen, eher grauenhaft. Was anderes konnte man nicht dazu sagen. Und das sie den Jungen hier bei Jack ablieferte, lies ihr Magen umdrehen. Sie wusste schlie\u00dflich was er mit seinen Opfern anstellte, da er sie immer zwang anwesend zu sein. Wenn man bedachte, dass es nur ein Opfer gab.....wenn sie die Personen nicht dazu z\u00e4hlte, welche sie pers\u00f6nlich gekannt \u0001 \u0002 jetzt ging es nicht um die, sondern um ihre Aufgabe. Da musste sie sich konzentrieren und professionell bleiben, sonst w\u00fcrde Jack w\u00fctend werden und es wieder mal bei ihr auslassen, sollte sie Mist bauen. Sie durfte nicht schwach werden. Besser der Junge war dran, als sie selber.",
            "wordcount": "628",
            "chapter_release": "02.01.2018",
            "chapter_number": "8"
        },
        "9": {
            "text": "Zu seinem Leidwesen erkannte Scott, wie sehr er sich verlaufen hatte. Er konnte weder vor noch zur\u00fcck. Also schlug er irgendeine Richtung ein, was schon sehr gef\u00e4hrlich werden konnte in der Dunkelheit und den ganzen B\u00e4umen, \u00c4sten oder auch Wurzeln, die im Weg sein k\u00f6nnten. Deshalb tastete er sich langsam heran, da er sich nicht noch etwas brechen wollte. Nur wie sollte er dadurch die anderen finden?Beruhigend strich Kim ihrer besten Freundin durch das Haar und hoffte, dass sie aufh\u00f6rte zu weinen. Wer wusste, ob man durch die Ger\u00e4usche nicht irgendwas oder irgendwen anlockte. Zum Beispiel jemanden, dessen Existenz sie lieber nicht erfahren wollte. Verzweifelt versuchte sie ihr bestes, was nicht gut genug war. Pl\u00f6tzlich drehte sie sich um. Misstrauisch versuchte sie etwas zu erkennen und horchte. Ja, sie hatte sich nicht get\u00e4uscht. Es klang wie ein Schrei. Jemand brauchte Hilfe! Was wenn es einer ihrer Freunde war? Hastig bat sie Allison hier auf sie zu warten, w\u00e4hrend sie nachsehen ging. Planlos wo sie lang musste, versuchte sie die Richtung mit ihren Ohren zu bestimmen. Gerade als sie dachte angekommen zu sein, h\u00f6rte sie gar nichts mehr....Erleichtert konnte Carrie ein paar Kerzen und sogar ein Feuerzeug finden. Dies sammelte sie ein und suchte weiter, wobei ihr Andy half. Sie wollten sich beeilen, da sie sich gleich auf die Suche nach ihren Freunden machen wollten und deshalb vorbereiteten sie sich. Schlie\u00dflich wussten sie nicht, was auf sie zu kam und vor allem wer.....Ausdruckslos beobachtete sie abwechselnd die Teenager wie ein Raubtier seine Beute, die er bald zerfleischen wollte. Wenn man davon absah, dass es bisher nicht ihre Aufgabe war. Genau, bisher. Sie hatte n\u00e4mlich von Jack den Auftrag bekommen, sich eines der Opfer auszusuchen und das gleiche zu machen, worin sie nur zugesehen hatte. Ja, sie musste jemanden das Herz heraus skalpieren. Bei den Gedanken wurde ihr schon jetzt schlecht und sie hatte Skrupel es zu tun. Doch ihr war sehr klar bewusst was auf sie warten w\u00fcrde, wenn sie sich ihm widersetzte. Bei der letzten Strafe fing sie an zu zittern und sie dachte an all die Narben und Brandwunden, die sie durch ihm erlitten hatte. Wenn sie etwas falsch machte bei seinem Training, wie es es nannte, wurde sie brutal gefoltert. Dadurch hatte er es geschafft sie gef\u00fcgig zu machen. Doch ein F\u00fcnkchen Gerechtigkeitssinn war ihr dennoch geblieben. Und sie musste das alles nur \u00fcber sich ergehen lassen, weil sie im Auto nicht in den R\u00fcckspiegel geschaut hatte, wo sich Jack versteckte, um sie ab zu passen und alleine zu erwischen. Ja, zwei ganze Jahre war dies schon her.... FlashbackNoch vor zwei Jahren war sie eine s\u00fc\u00dfe Weizenblondine und ein Mistst\u00fcck, die meisterhaft darin war, jeden Jungen den Kopf zu verdrehen. Dies \u00e4nderte sich jedoch an den Tag, wo sie mit einigen aus ihrer Stufe den Strafausflug machen musste. Ja, ihr Ziel war ein Wald weit von der Zivilisation, wo nur eine verlassene Stra\u00dfe neben den Wald f\u00fchrte. Eine einsame Blockh\u00fctte hatte sie erwartet und vor allem sehr viel Disziplinarbeit. Doch es lief nicht so, wie es sollte. Zu erst hatte sie noch gemault und gemeckert, bis sich das Blatt wendete...\u201eJemand schleicht um die H\u00fctte!\u201c, rief Lukas au\u00dfer \u0001 \u0002 f\u00fcgte hinzu: \u201eMit einem Messer!\u201cHerr Wolf sah beunruhigt aus, als er nachsehen ging. Als er wiederkam, sch\u00fcttelte er den Kopf und erwiderte, dass keiner da war. So entlie\u00df er seine Sch\u00fcler. Doch SIE hatte aufgeregt auf die Jungs eingeredet, was ihnen denn einfiele, so etwas zu erfinden. Wie dumm von IHR.\u201eHat jemand mein Buch \u00fcber Engel und D\u00e4monen irgendwo gesehen\u201c, mischte sich Angel ungew\u00f6hnlicherweise \u0001 \u0002 Samira hatte etwas loszuwerden: \u201eWo wir gerade davon sprechen, wer von euch Jungs hat den Strom abgestellt in der K\u00fcche?\u201cNat\u00fcrlich stritten die Jungs das alles ab, was in den Moment einfach so hingenommen wurde. Die kleine Gruppe wurde dennoch verd\u00e4chtigt, etwas mit all dem zu tun zu haben. SIE schlug vor, in deren Zimmer nach den verschwundenen Gegenst\u00e4nden zu suchen, nur erlaubte es er Lehrer nicht.\u201eVielleicht war es auch der Messermann.\u201c\u201eKeine Ahnung. Als ich aufgewacht bin, waren beide weg. Erst dachte ich sie seien schon hier, nur habe ich mich geirrt\u201c, bemerkte SIE wie nebenbei. Und was tat SIE danach? Sie versuchte die Jungs anzumachen.....\u201eIch kann Angel und Sophie nirgends finden:\u201cDer Lehrer forderte, dass in Zweiergruppen in der N\u00e4he der Blockh\u00fctte nach den beiden gesucht wurde. Die Gruppe hatte sich aber minimiert und nicht nur Charlie schien verschwunden, auch Tobias und Luna waren nicht aufzufinden....Die T\u00fcr wurde ge\u00f6ffnet und alle M\u00e4dchen fingen pl\u00f6tzlich an zu schreien. Denn vor ihnen an einem Baum hing eine Person, die tot aussah. Ihre H\u00e4nde waren mit N\u00e4gel \u00fcber den Kopf festgemacht und die F\u00fc\u00dfe mit einem Seil fest an dem Baum gebunden, Schuhe waren keine mehr an. Das Gesicht wirkte zu Tote erschrocken und der K\u00f6rper war leichenblass, als ob alles Blut aus dem K\u00f6rper gepumpt w\u00e4re. Der Oberk\u00f6rper wurde nur mit einem BH bedeckt und auf dem Bauch stand \u00b4\u00b4Verschwindet von hier!\u00b4\u00b4 Samira versuchte sie zu beruhigen: \u201eWarten wir lieber auf Hilfe, denn zu viele sind schon verschwunden.\u201c\u201eWelche Hilfe\u201c, lachte Nele hart, \u201eWelche Hilfe, Sam?\u201c\u201eDu hast recht und ich werde auch nicht mehr tatenlos warten\u201c, stimmte Ricky Nele und Lucy \u0001 \u0002 lachte hysterisch: \u201eHabt ihr Todessehnsucht? Sophie ist schon gestorben. Wer von euch will der N\u00e4chste sein?\u201c\u201eMacht das Licht an\u201c, kreischte SIE \u0001 \u0002 fand den Schalter und bet\u00e4tigte ihn, sofort ging das Licht wieder an. Aber nicht nur das geschah, auch wurde etwas an der Lampe an der Decke befestigt. Es war ein Seil und am herunterh\u00e4ngenden Teil wurde etwas Rundes darum verknotet. Etwas, was jeder kannte und jeden Tag gesehen hatten. Denn am Seil hing Angel\u00b4s Kopf ohne K\u00f6rper, Gesicht Angst und schmerzverzerrt gleichzeitig. Am Rumpf tropfte sogar noch leicht Blut auf den \u0001 \u0002 jeder sich kurz ausgeruht hatte, beschloss der Lehrer, dass diesmal alle miteinander eine Suche starteten und sie sich nur in Notfall trennten. Nat\u00fcrlich fragte er seine Sch\u00fcler, ob sie damit einverstanden waren. Denn er wollte nicht abhauen und sie im Stich lassen, auch wenn es nur ca. 2 Stunden w\u00e4ren. Aber daf\u00fcr wollte SIE los, was man ihr erlaubte. Da SIE einen F\u00fchrerschein besa\u00df, warf Herr Wolf ihr den Schl\u00fcssel zu und schon machte sie sich mit einer Waffe auf den Weg zum Auto. SIE stieg ein und fuhr los. Bald merkte SIE, dass irgendetwas nicht stimmte. Ein lachen ert\u00f6nte.//Hast du Angst, kleine Sarah?// Flashback EndeH\u00e4tte sie doch das Auto untersucht, bevor sie eingestiegen war. Aber nein, ihr war es wichtiger, schnell von da zu verschwinden. So hatte sie zu sp\u00e4t gemerkt, dass sie den Wahnsinnigen praktisch in die Arme gelaufen war.....",
            "wordcount": "1.217",
            "chapter_release": "09.01.2018",
            "chapter_number": "9"
        }
    },
    "title": "Die Jagd geht weiter",
    "topic": "unspecified",
    "release": "\n12.08.2017\n\t\t\t\t\t\t",
    "author": "Mari-chan93"
}