{
    "tags": [],
    "chapcount": "8",
    "wordcount": "14.626",
    "chapters": {
        "1": {
            "text": "Ich wusste nicht, dass es der Anfang was. Ob du mir glaubst oder nicht. Ich habe es nicht gewusst. Doch es macht mich nicht weniger schuldig...***Es war bereits Mitternacht. Ich mag in meinem Bett mit Musik in den Ohren und Dunkelheit h\u00fcllte mich wie eine gro\u00dfe Decke ein. Nur der helle Schein des Mondes durchbrach sie und bildete sich als ein silberner Kreis auf meinem Teppich ab. Meine M\u00fcdigkeit lockte mich in den warmen Schlaf und ich richtete mich pl\u00f6tzlich auf, um diesem Schicksal zu entkommen. Zwar schwindelte es mir leicht, doch ich stieg aus dem Bett und stapfte barfu\u00df ins Bad. Mein m\u00fcdes Spiegelbild starrte mich aus dunklen Augen an. Und einen Augenblick lang sah ich es grinsen...Ich blinzelte schnell, mein Herz pochte heftig gegen meine Brust. Ich \u00f6ffnete den Wasserhahn, wusch mit mit eiskaltem Wasser das Gesicht und lachte nerv\u00f6s.\u201cEindeutig zu viele Horrorfilme.\u201c, sagte ich zu mir \u0001 \u0002 horchte auf, als ich ein kurzes Kichern vernahm. Doch ein Blick in den Spiegel machte mit nur meinen Schlafmangel deutlich. Mit unruhigen Gedanken verlie\u00df ich das Bad und mein Bett hie\u00df mich in meinem Zimmer, das nun vollst\u00e4ndig im Dunkeln lag, willkommen. \u00dcberrascht schaute ich von weitem aus dem Fenster und stellte fest, dass der Sternenhimmel mit dicken grauen Wolken \u00fcberzogen war, sodass nicht einmal der Mond sich durchk\u00e4mpfen konnte. Schade, dabei ist die Atmosph\u00e4re doch so sch\u00f6n gewesen...Die Musik in meinen Ohren wechselte zu einer ruhigen und ich merkte gar nicht, wie ich \u0001 \u0002 widerliche L\u00e4uten meines Weckers riss mich unsanft aus dem Schlaff. In der Versuchung, das Handy auf der Kommode nebenan zu erreichen, fiel ich von Bett und st\u00f6hnte auf. Das dumpfe Sonnenlicht verbesserte nicht gerade meine Morgenlaune. Es stand eindeutig ein Gewitter vor. Zumindest waren meine Eltern schon nicht mehr zu Hause und w\u00fcrden sich auch bis sp\u00e4t in den Abend nicht blicken \u0001 \u0002 drei\u00dfigmin\u00fctige Busfahrt erwies sich als unangenehm und bot mir eine Schar Jungs an, die mich mit ihren ausl\u00e4ndischen Komplimenten nur zum Seufzen brachte und den letzten guten Gedanken zunichte machte. Gew\u00f6hnlich nuschelten sie nur miteinander und lie\u00dfen mich mehr oder weniger in Ruhe, doch offenbar was es nicht gerade mein Tag \u0001 \u0002 h\u00f6rte ich wieder dieses herablassende Kichern. Mit einem rasenden Herzen sah ich mich eilig um und schaltete schnell das Lied um, in der Hoffnung, es l\u00e4ge nur an der Musik in meinen Ohren. Dabei wusste ich selbst nicht, warum ich so eine schreckliche Angst empfand. Das Kichern war schlie\u00dflich nicht neu. Ich h\u00f6rte es \u0001 \u0002 Mathelehrer war heute besonders grimmiger Laune. Doch Blick aus dem Fenster auf das str\u00f6mende Wasser gen\u00fcgte, um diesen Zustand nachzuvollziehen. Besonders interessant fand ich jedoch den Donner, der jedes Mal laut und gef\u00e4hrlich krachte, sobald der Lehrer zu einer neuen Rede ansetzte. Als w\u00fcrde das Gewitter nur darauf warten, um den alten Mann noch mehr zu ver\u00e4rgern.\u201cEy...!\u201c, drang ein Wispern zu meinen Ohren durch. \u201cIwa!\u201cIch sah \u00fcberrascht hoch und begegnete Kyles blauen Augen. Sie konnten einfach jeden verzaubern! Ich geriet st\u00e4ndig in Vergessenheit, wenn der Braunhaarige mich anblickte, obwohl ich keine gro\u00dfen Gef\u00fchle f\u00fcr ihn empfand. In dem hellen Blau seiner Iris tanzten gelbe P\u00fcnktchen, sodass es den Anschein hatte, der Tag und die Nacht w\u00fcrden sich vermischen. Als w\u00fcrden Sterne am mitt\u00e4glich hellen Himmel h\u00e4ngen.\u201cErde an Iwa. Iwa, k\u00f6nnen Sie mich h\u00f6ren?\u201c, sagte \u0001 \u0002 hatte sich auf seinem Stuhl nach hinten gekippt und hielt sich jetzt in dieser Position dadurch, dass sein Unterarm auf meinem Tisch weilte.\u201c'tschuldige, ich bin nur \u00fcberfordert.\u201c, erkl\u00e4rte ich und lehnte mich mit einem Seufzen zur\u00fcck.\u201cMathe war nie so dein ding.\u201c, bemerkte \u0001 \u0002 blickte kritisch wieder zu ihm auf. \u201cWenn du mich damit aufheitern willst, dass ist es keine gute Idee. Bist du schon fertig? Darf ich abschreiben?\u201cDie Sinus-Kosinus-Sache verursachte bei mir schon seit drei Wochen Kopfschmerzen und die Aufgaben wurden mit jeder Stunde schlimmer. Es wunderte mich, wie leicht es Kyle fiel, die gefragten Ergebnisse zu errechnen. Mir w\u00fcrde das wahrscheinlich nie gelingen.\u201cJa, gleich.\u201c, antwortete der Junge und sein L\u00e4cheln breitete sich zu einem Grinsen aus. \u201cWir wollen heute Nacht raus. Yasmine, Charlie und ich. Kommst du mit?\u201cIch weitete \u00fcberrascht die Augen. Yasmine und Charlie gingen in die Nebenklasse und besuchten mit Kyle und mir den Kunst-Kurs, wo wir uns auch kennengelernt hatten. Damals waren wir zu einer Gruppenarbeit gezwungen, doch nun war ich diesem Umstand durchaus dankbar. Unsere scheinbar vollst\u00e4ndig gegens\u00e4tzliche Clique zeigte ein wunderbares \u0001 \u0002 war eine leicht pummelige kleine Blondine, die sich am besten in ihren B\u00fcchern vergraben h\u00e4tte. Manchmal \u00fcberfiel es sie und sie stand mitten im Unterricht auf, nahm Platz an der breiten Fensterbank, die die Schule in jedem ihrem Raum anbot, und fing an zu lesen, wobei sie sich so wohl wie zu Hause f\u00fchlte und keinem ihre Aufmerksamkeit schenkte. Sie konnte flei\u00dfig sein, wenn ihre Konzentration nicht gerade neuem Lesestoff galt, und erwies sich als ziemlich schweigsam. \u0001 \u0002, der Yasmine das erste halbe Jahr nicht einmal wahrgenommen hatte, k\u00f6nnte ich als Riese bezeichnen. Doch er fiel nicht nur durch seine \u0001 \u0002 auf, sondern auch durch das rote Haar, das durch die vielen Sommersprossen in seinem Gesicht erg\u00e4nzt wurde. Die Unterrichtsstunden verbrachte er entweder an seinem Handy h\u00e4ngend oder mit Schw\u00e4nzen. Dass er seit drei Jahren noch nicht von der Schule geflogen war, lag nur an seinen guten Noten in den Klausuren, die er mit Spicken und Abschreiben erreichte. Aufgrund seiner ungesund mageren Erscheinung hatte ich zuerst angenommen, er w\u00fcrde zu Hause nur faulenzen. Doch dann stellte es sich heraus, dass er einem Basketball-Verein angeh\u00f6rte und dazu noch einer der besten Spieler \u0001 \u0002 war ein angeberischer Streber, weshalb er mir am Anfang auch so unsympathisch vorgekommen war. Doch der beste Sch\u00fcler zu sein, brachte auch Nachteile wie Mobbing und falsche Freunde mit sich. Dazu noch war er nicht unbedingt h\u00fcbsch in der 7 gewesen, was die Folgen zweifach verschlimmert hatte. Sein optimistisches Denken lie\u00df ihn jedoch nie den Kopf senken, wodurch er mit seiner leicht dunkleren Haut und dem sportlichen Bau nach den ersten Sommerferien die anderen Jungs unseres Jahrganges \u00fcberragte und zur Sch\u00f6nheit der Schule wurde. Zudem zeigte er ein ungeheures Interesse f\u00fcr Football und war somit auch bei den m\u00e4nnlichen Klassenkameraden willkommen. Er war auch viel schlauer geworden und w\u00e4hlte seine Freunde mit \u0001 \u0002 ich - Ich war Iwa Raven. Nicht umsonst, wie ich vermerken mochte. Mein zweiter Name spiegelte einfach mein Wesen. Ich hatte pechschwarze Haare, wie sie nur meine Uroma besessen hatte, Augen der gleichen Farbe und eine auff\u00e4llig helle Haut, die sich je nach meinem Zustand manchmal leicht grau f\u00e4rbte und nicht mal durch die sommerliche Sonne braun wurde. Dadurch war ich aus unserer bunten Mischung wahrscheinlich die Auff\u00e4lligste. Meine Natur machte mich zu einem Pessimisten, der gern dunkle, oder besser gesagt schwarze Sachen trug, Horror liebte und mit den meisten Menschen nicht wirklich klar kam. Oft h\u00f6rte ich Musik und zeichnete in meinem Block, anstatt das Unterrichtsgeschehen mitzuverfolgen. Zudem konnte ich seit jungen Jahren dieses ablenkende Kichern h\u00f6ren und vertrug keine Spiegel. Wobei... Ich m\u00fcsste mich korrigieren. Die fremdartigen Vork\u00f6mmnisse traten fr\u00fcher nur selten auf. In letzter Zeit jedoch war ich wir besessen von Horrorfilmen und das muss meine Psyche wohl geschw\u00e4cht haben.\u201cWas ist denn mit euch falsch?\u201c, fragte ich verwirrt. \u201cWarum wollt ihr auf einmal nachts raus? Wohin? Ihr seid doch sonst immer gegen solche Aktionen. Und werfe mal einen Blick nach drau\u00dfen - das Gewitter ist kein guter Begleiter.\u201c\u201cEin Gewitter ist nicht dauerhaft.\u201c, warf Kyle bestimmt ein. \u201cWenn du Angst hast, kannst du es mir auch direkt sagen. Ich werde dir schon keine Vorw\u00fcrfe machen.\u201cIch lehnte mich wieder nach vorne und sah ihn fest an. \u201cIch habe keine Angst.\u201cDer Braunhaarige griff sich mit beiden H\u00e4nden ans Herz und sein Stuhl kippte nach vorne. \u201cAh!\u201c, rief er ged\u00e4mpft und verzog das Gesicht, von gespieltem Schmerz erfasst. \u201cDer Todesblick! Verschone mich, Iwa, sonst sterbe ich gleich.\u201cIch verdrehte die Augen. \u201cHalt die Klappe.\u201cLachend lehnte er sich erneut mit den Unterarmen an mein Tisch. \u201cUnd? Was sagst du also zu dem Vorschlag?\u201c\u201cWas soll ich schon sagen?\u201c entgegnete ich hilflos. \u201cOhne mich geht ihr nirgendwohin, nur damit es klar ist.\u201c\u201cIch wusste es!\u201c, l\u00e4chelte der Junge. \u201cWir treffen uns um acht bei Yasmine.\u201cKyle begab sich endlich zu seinem eigenen Tisch und dem gereizten Nachbarn und reichte mir noch den Block mit den Aufgaben. Ich betrachtete ihn von hinten aufmerksam. Der Grund f\u00fcr den pl\u00f6tzlichen Sinneswandel war mir immer noch unklar. Meinen Freunden war es nie danach, in alten H\u00e4usern herumzust\u00f6bern und den modrigen Geruch der heruntergekommenen, verlassenen Wohnorte einzuatmen. Sie mochten die Atmosph\u00e4re der Nacht nicht, wussten sie nicht zu genie\u00dfen. Sie verstanden die einsame Stille nicht, die nur besondere Besucher willkommen hie\u00df. Ich nannte sie Kinder der Nacht. Jene, denen die Dunkelheit zur Mutter wurde. Tiere, Menschen und Wesen, die der gesunde Verstand nicht akzeptierte, nicht wahrhaben wollte, da sie etwas Unbekanntes waren. Unbekanntes hielt man immer f\u00fcr gef\u00e4hrlich, weil man nicht wusste, wie man sich damit zu verhalten hatte, wie es sich selbst verhalten w\u00fcrde und wie man sich davor sch\u00fctzen sollte. Auch mein K\u00f6rper reagierte mit Angst, wenn ich auf so etwas stie\u00df. Und auch ich leugnete in solchen Momenten ihre Existenz. Aber danach kam immer die Erkenntnis. Die Erkenntnis, dass ich mich dem Unbekannten stellen sollte. Und ich war mir v\u00f6llig sicher: einmal w\u00fcrde ich soweit sein, um es zu \u0001 \u0002, ich hei\u00dfe dich zu meiner neuen Story \u0001 \u0002 schreibe sie erst seit kurzer Zeit, also werden die Kapitel im Schneckemtempo erscheinen. Zum einen durch meine Unproduktivheit, zum anderen dadurch, dass ich mich f\u00fcr das bl\u00f6de MSA vorbereiten muss, obwohl wir ne Woche Ferien haben. Ich bitte um Verzeihung. Jedenfalls freut es mich, dass du sie jetzt \u0001 \u0002 ist mein erster Versuch, eine lange Gruselgeschichte zu schreiben, und ich wei\u00df noch nicht, wohin mich das Ganze f\u00fchren wird. Ich bin also im gleichen Unwissen wie du xDW\u00fcrde mich \u00fcber Kommis freuen ^.^Verbesserungsvorschl\u00e4ge sind auch willkommen)Deine Once <3",
            "wordcount": "1.684",
            "chapter_release": "29.01.2017",
            "chapter_number": "1"
        },
        "2": {
            "text": "Drau\u00dfen war es angenehm k\u00fchl, da die Schw\u00fcle deutlich abgestiegen war, doch der schwere Regengeruch \u00fcberf\u00fcllte die abendliche Luft, sodass ich den Anschein hatte, als m\u00fcsste ich mit jedem neuen Atemzug nur noch mehr ersticken. Jedoch hat Kyle trotzdem recht behalten, zu Gewittern hatte es aufgeh\u00f6rt. Zum Gl\u00fcck, wie ich bemerken \u0001 \u0002 Freunde hatten mir erz\u00e4hlt, sie w\u00fcrden eine Mutprobe durchf\u00fchren wollen. Das erkl\u00e4rte den pl\u00f6tzlichen Nachtausflug in den Wald. Doch ich fand diesen Abend wirklich als unpassend. Die Gedanken an den von Insekten wimmelnden Wald, wo der Boden durch den \u00fcppigen und \u00e4u\u00dferst unangenehmen Schlamm \u00fcberschwemmt sein w\u00fcrde und die letzten Regentropfen von den Baumkronen fallen w\u00fcrden, geschweige denn das st\u00f6rende nasse Ge\u00e4st, schreckten mich wirklich ab. Gut, verbesserte ich mich., f\u00fcr eine Mutprobe war das Ganze durchaus \u0001 \u0002 Haus war ein zweist\u00f6ckiges, seines jungen Alters wegen beinahe leuchtendes Geb\u00e4ude, das G\u00e4ste f\u00f6rmlich einlud. Den Vorhof schm\u00fcckte ganzj\u00e4hrig gr\u00fcnes Gras und sch\u00f6ne unterschiedlich farbige Blumen, die von einem wei\u00dfen Zaun an Ort und Stelle gehalten wurden. Ich liebte es, meiner Freundin einen Besuch abzustatten, da ich mich bei ihr Zu Hause sehr wohl f\u00fchlte und es mir zumindest in diesen Momenten warm ums Herz wurde. Zudem hatten sich ihre Eltern als unglaublich nett herausgestellt. Sie hielten mich wie f\u00fcr eine weitere Tochter und das war mehr, als ich mir \u00fcberhaupt w\u00fcnschen \u0001 \u0002 aber kam mir alles falsch vor, sobald ich das Haus nur erblickte. Das vollst\u00e4ndige Grundst\u00fcck wirkte wie... erblasst. Es war freudlos, fiel mir im n\u00e4chsten Augenblick auf. Und wieder dieses Kichern, das mich zum schnellen \u00e4ngstlichen Umsehen brachte. Ich beschleunigte meinen Schritt, rannte fast, um nicht allein im Freien zu sein. Den n\u00e4chsten Schreck bekam ich, als ich die Eingangst\u00fcr einen Spalt breit offen vorfand. Mein Herz setzte einen Schlag aus, w\u00e4hrend ich in das dunkle Haus eintrat. Was h\u00e4tte dieser Familie widerfahren k\u00f6nnen? R\u00e4uber?Angestrengt lauschte ich in die angespannte Stille hinein und versuchte, zumindest irgendwelche Ger\u00e4usche zu erkennen. Halt, hatte da nicht eine Holzdiele geknarrt? War da nicht ein leises Fl\u00fcstern?Im Schhneckentempo stieg ich die Treppe in den zweiten Stock hoch. Meine Beine f\u00fchlten sich an wie aus Blei. Jeder Schritt war mit h\u00f6llischer Angst um Yasmine und ihre Familie \u00fcberf\u00fcllt. Waren die \u00dcbelt\u00e4ter immer noch hier?, fragte ich mich innerlich. Mit Fingerspitzen schob ich die T\u00fcr in Yasmines Zimmer auf und brauchte erst einmal eine Weile, um das Angebotene zu \u0001 \u0002 M\u00e4dchen lag auf dem Boden in einer dunklen Lache, dir ich als Blut deutete, ohne eine einzige kleine Bewegung anzudeuten.\u201cYasmine!\u201c, rief ich verzweifelt und lief mit Tr\u00e4nen in den Augen auf meine Freundin \u0001 \u0002 ihren Armen wurden blutende Krallenspuren deutlich. Riesige Krallenspuren...Irgendwo im Flur knarrte es erneut. Schwere, langsame Schritte waren zu vernehmen, jemand oder etwas atmete deutlich angestrengt. Mein Herz raste, als w\u00e4re es eine Achterbahn, und ich konnte nur mit schrecklicher M\u00fche ein Schluchzen \u0001 \u0002 in n\u00e4chster Sekunde br\u00fcllte mich jemand von hinten an und H\u00e4nde landeten pl\u00f6tzlich auf meinen Schultern. Ich schrie heulend auf und zuckte stark zusammen. Am\u00fcsierten Lachen kreiste mich ein, w\u00e4hrend ich geschockt da sa\u00df, und das Licht im Zimmer wurde angeschaltet. Yasmine kr\u00fcmmte sich auf dem Boden, die Arme an den Bauch pressend. Kyle sank gerade den T\u00fcrrahmen entlang zu Boden. Und Charlie landete neben mir auf den Knien und lehnte seine bebende Stirn an meine Schultern.\u201cSeid ihr alle verr\u00fcckt geworden?!\u201c, kreischte ich und Tr\u00e4nen der Frust liefen in Str\u00f6men \u00fcber meine Wangen.\u201cUnsere mutige Iwy!\u201c, lachte \u0001 \u0002 stie\u00df ihn von mir weg und k\u00e4mpfte noch auf die Beine. \u201cYasmine, ich habe einen Schock bekommen! Das ist nicht lustig, ich dachte, du seist tot! Wie konntet ihr?!\u201cDas lie\u00df meine Freunde nur heftiger lachen und bald schon schnappten sie nach Luft.\u201cDachtest du wirklich, sie wurde von einem Monster umgebracht?\u201c, prustete Kyle.\u201cHalt die Klappe, das ist doch nicht euer Ernst!\u201c, entgegnete ich mittlerweile \u0001 \u0002 setzte sich auf, presste die rote Masse aus ihren kurzen Haaren heraus und seufzte zur Beruhigung.\u201cDu bist immer so dunkel und furchtlos.\u201c, erkl\u00e4rte sie. \u201cWir wollten deine Reaktion in solcher Situation sehen, da wir uns sicher waren, dass ein Waldbesuch deiner Psyche nichts anhaben kann. War es nicht wie in einem Horrorfilm?\u201cIch atmete zitternd aus. \u201cIhr seid verr\u00fcckt.\u201cEs war schon schlimm genug, an den Kichernanf\u00e4llen zu leiden, die mich immer mehr um den Verstand \u0001 \u0002 auch wenn sich der \u00dcberfall nur als ein Scherz erwies, lie\u00df die belastende Stille im Haus nicht nach. Ich sp\u00fcrte das Gef\u00fchl der Verlsssenheit, obwohl meine Freunde bei mir waren und sich noch immer \u00fcber meinen Schreck am\u00fcsierten. F\u00fcr Yasmines Zu Hause war es nicht richtig. Genauso wie hier zu sein und keine W\u00e4rme zu \u0001 \u0002 Freundin erhob sich und hielt mir hilfsbereit und entschuldigend die Hand vor. \u201cKomm, Iwa, wir gehen dir saubere Kleidung bei meiner Schwester suchen.\u201cYasmines um zwei Jahre \u00e4ltere Schwester hatte den gleichen K\u00f6rperbau wie ich, also stibitzte die Blondine so manches Mal ihre Kleidung f\u00fcr mich. Leider gab es einen deutlichen Unterschied zwischen unserem Geschmack und somit f\u00fchlte ich mich nie wohl in der ausgeliehenen \u0001 \u0002 Wald war es kalt. Doch fr\u00f6steln lie\u00df mich die undurchdringliche Dunkelheit. Durch die dichten Wolken kam kein kleinstes Sternenschein durch und auch der silberne Mond versteckte sich in der Ferne. An zweiter Stelle fing ich jedoch nicht, weil ich mich f\u00fcrchtete, sondern da mich der Matsch auf dem Waldboden ekelte. So konnte ich zumindest in die entstehenden L\u00f6cher treten, die Kyle vor mir mit seinen gro\u00dfen F\u00fc\u00dfen hinterlie\u00df. Sie drohten zwar jedes Mal, sich zu schlie\u00dfen, bevor ich sie erreichte, doch irgendwie gelang es mir bis jetzt trotzdem ganz gut. Eine wirkliche Rettung war die Idee jedoch nicht. Mit gro\u00dfem Bedauern. Die N\u00e4sse war bereits am Anfang unseres Weges bis zu meinen F\u00fc\u00dfen durchgedrungen und meine Zehe warnten mich, sie zu bewegen, bevor sie noch erfrieren. Die W\u00e4rme des endenden Sommers war in dem dichten Wald \u00fcberhaupt nicht sp\u00fcrbar. Hier herrschte bereits der Herbst. H\u00e4tte ich auf Yasmine geh\u00f6rt, w\u00fcrde ich jetzt sicherlich nicht frieren. Und w\u00e4re bestimmt nicht mit so vielen M\u00fcckenstichen geschm\u00fcckt. Das Umziehen hatte ich n\u00e4mlich abzuhalten geschafft, mit der Begr\u00fcndung, die saubere Kleidung w\u00fcrde im Wald ohnehin beschmutzt werden.\u201cHabt ihr euch eigentlich einen bestimmten Ort ausgesucht, oder wo laufen wir hin?\u201c, durchbrach ich das heranwachsende Schweigen.\u201cEs ist was Bestimmtes.\u201c, antwortete Charlie, der als Abschluss unserer Riege diente. \u201cKyle hat es aufgesp\u00fcrt.\u201c\u201cIhr seid ja mutig.\u201c, murmelte ich und verdrehte die \u0001 \u0002 wurden Vogelschwingen h\u00f6rbar, ein alter Raabe kr\u00e4hte in der Ferne, sonst hielt der Wald still. Ich empfand die gleiche Verlassenheit, wie schon bei Yasmine zu Hause. Oder ging das vielleicht von mir selbst aus? F\u00fchlte ich mich innerlich so einsam, dass es schon auf die Wahrnehmung meiner Umgebung \u00fcbergriff? Unwahrscheinlich, aber durchaus m\u00f6glich.\u201cLeute...\u201c, meldete sich Yasmine direkt hinter mir nerv\u00f6s. \u201cLeute, da krabbelt etwas an mir...\u201cWir blieben stehen und Kyle richtete den Strahl seiner Handytaschenlampe auf unsere Freundin. Ich hatte meine Begleiter gewarnt, dass eine normale Taschenlampe sicherer w\u00e4re. Oder besser gleich zwei. Doch niemand schien meinen Worten Beachtung zu \u0001 \u0002 Kyle also den Arm der Blondine beleuchtete, murmelte sie mit zugekniffenen Augen, es soll ja keine Spinne sein.\u201cNein, nur ein Nachtfalter.\u201c, versicherte ihr der Braunhaarige ruhig und zuckte die Schultern.\u201cBah, die sind ja noch ekliger!\u201c, entgegnete diese angewidert.\u201cDann werdet ihr miteinander ja wunderbar klarkommen.\u201c, warf Charlie grinsend \u0001 \u0002 sah ihn gereizt an. \u201cHa, bist du lustig.\u201cSie wedelte einige Male mit dem Arm hoch und runter und die Motte flatterte davon. Wir setzten unseren Weg \u0001 \u0002 holte ich mein eigenes Handy heraus, da mein nicht allzu gesunder Verstand sich streute, sich allein auf Kyles Taschenlampe zu verlassen. Schon bald lie\u00df die H\u00e4ufigkeit der B\u00e4ume nach und am Ende befanden wir uns auf einer k\u00fcnstlich angerichteten Lichtung, deren Ausma\u00df ich nicht einfach sch\u00e4tzen konnte. Auf dieser Lichtung erhob sich ein gewaltiges Geb\u00e4ude. Wie es sich von einem alten, verrosteten Schild ablesen lie\u00df, war es ein Klinikum. Das unbekannte Merlyn-Obey-Klinikum. [Das ich mir selbst ausgedacht hab.] Das \u00fcberdies auch noch verlassen war. Seine W\u00e4nde waren mit zahlreichen Graffiti bemalt, darunter einige verr\u00fcckte Zeichnungen, die in einen eine leise Angst erweckten, der Putz ging von vielen Stellen herunter oder fehlte bereits. Die Fenster im unteren Stockwerk wurden einmal vollst\u00e4ndig mit roten Ziegelsteinen zugemauert, die an den oberen waren zerschlagen und jemand hatte sichtbar versucht, sie mit breiten Balken zu verschlie\u00dfen, doch aufgrund der starken Feuchtigkeit konnte man das morsche Holz leicht durchbrechen. In dem m\u00e4chtigen grauen Tor, bestehend aus zwei hohen und scheinbar schweren T\u00fcren, lie\u00dfen sich riesige L\u00f6cher erkennen, durch die sich manch uneingeladener Gast den Eingang in das Klinikum verschafft haben mochte. Dahinter herrschte eine undurchdringliche Dunkelheit, dass sich mir die Nackenhaare aufstellten, obwohl ich eigentlich keine Furcht versp\u00fcrte.\u201cKyle...\u201c, staunte ich. \u201cDu gewinnst Punkte bei mir, du Streber. Wie hast du diesen wunderbaren Schrott nur aufgesucht?\u201cCharlie wiederholte leise lachend meine Worte. \u201cWunderbarer Schrott.\u201cYasmine trat unsicher von einem Fu\u00df aufs andere. Sie schien mit sich zu rangen, doch ihre Angst gewann, wie auch jedes Mal. \u201cWir wollen doch nicht etwa da reingehen, solange es dunkel ist, oder?Kyle schnaubte genervt. \u201cDu w\u00fcrdest da nicht einmal am helllichten Tag hingehen, was macht es also f\u00fcr Unterschiede?\u201cSie verschr\u00e4nkte trotzig die Arme vor der Brust. \u201cDu hast gesagt, wir werden hier nicht \u00fcbernachten!\u201c\u201cWir werden hier \u00fcbernachten?!\u201c, rief ich begeistert.\u201cMir kribbelt schon die Haut.\u201c, behauptete Charlie grinsend und fuhr sich mit den H\u00e4nden \u00fcber die gekreuzten Arme, als w\u00fcrde er \u0001 \u0002 st\u00f6hnte verzweifelt auf. Ich selbst konnte mein Dringen, den interessanten Ort endlich zu besichtigen, kaum im Schach halten. Ich verga\u00df sogar das Kichern, das mich in letzter Zeit st\u00e4ndig zu verfolgen schien. So griff ich nach Yasmines Handgelenk und zog die Freundin hinter mir her, w\u00e4hrend sie sich ihrem Schicksal mit ganzer Kraft widersetzte und mich anmeckerte. Das Ganze wurde vom gellenden Lachen der Jungs hinter und begleitet, sodass ich mehr als einmal gezwungen war, von ihnen zu verlangen, die vorlauten Klappen zu \u0001 \u0002 mein Gott, endlich! Mann, ist das Ganze anstrengend... Ich hab noch zwei vorgeschriebene Kapitel, danach geht's wirklich im Schneckentempo \u0001 \u0002, ich muss noch ein langweiliges Buch f\u00fcr den Deutsch-Unterricht lesen... Will das jemand f\u00fcr mich \u00fcbernehmen? xD",
            "wordcount": "1.721",
            "chapter_release": "30.01.2017",
            "chapter_number": "2"
        },
        "3": {
            "text": "So gut ich es auch verhindern wollte, entriss sich Yasmine meinem Griff, sobald wir uns dem Eingang des Klinikums n\u00e4herten. Ihr Verhalten konnte ich jedoch nachvollziehen. Auch mir wurden pl\u00f6tzlich die Beine schwer, wie von einer unsichtbaren Last ergriffen, auch mein Herz fuhr eine wahnsinnige Achterbahn, auch meine Lunge verkrampfte sich, sodass es mir schwer fiel zu atmen. Ich verstand nicht, woher die abgrundtiefe Angst stammt. Mein K\u00f6rper und mein Verstand k\u00e4mpften der Widerspr\u00fcche wegen gegeneinander. Einige Augenblicke lang lie\u00df ich den Gedanken im Kopf schweben, ob es nicht eine Warnung sein k\u00f6nnte, verwarf ihn \u0001 \u0002 hohe Kichern ert\u00f6nte. Ich hob schnell den Kopf und sah mich eilig um.\"Was hast du?\", fragte Kyle verst\u00e4ndnislos.\"Habt ihr das geh\u00f6rt?\", wollte ich wissen und meine Stimme zitterte, ohne dass ich es unterdr\u00fccken konnte.\"Ich glaube, Iwa ist doch nicht so mutig, wie sie vorgibt.\", bemerkte Charlie und grinste breit.\"Halt doch endlich deine Klappe, du Giraffe, ich habe keine Angst!\", blaffte ich ihn beleidigt \u0001 \u0002 trat n\u00e4her an das \u00fcberw\u00e4ltigende Tor und beleuchtete das Innere mit meiner Taschenlampe. Meinem Blick bot sich eine gro\u00dfe Eingangshalle, wo allerlei kaputte M\u00f6bel da lag oder stand und nach Erl\u00f6sung keuchte. Ich sah ein durch Staub ergrautes und durch Eindringlinge ausgeweidetes Sofa, eine verbrannte Theke mit einem schwarzen Loch genau in ihrer Mitte, einen t\u00fcrlosen und vollst\u00e4ndig besprayten Schrank.\"Warst du schon drinne?\", fragte ich Kyle mit einem kurzen Blick nach \u0001 \u0002 lachte. \"Sehe ich denn so aus? So hobbylos wie du bin ich auch wieder nicht.\"\"Iwa, bitte sei vern\u00fcnftig.\", flehte Yasmine, die mittlerweile ihr Handy herausgeholt und die Taschenlampe angeschaltet hatte. \"Du willst da jetzt doch nicht reingehen? Iwa! Wir wissen nicht, welche Krankheiten wir dort auffangen oder wer sich die Klinik zum Heim gemacht hat! Ich bitte dich!\"\"Geh mal kurz zur Seite, Iwa.\", meinte Charlie hinter \u0001 \u0002 trat schnell zwei Schritte nach rechts und sah, wie die Jungs sich an beiden Seiten bei Yasmine untergehackt haben und sich jetzt unter wildem Gezappel und lauten Protestrufen zum Eingang trugen und sie durch eins der gro\u00dfen L\u00f6cher in der Halle absetzten. Dann stellten sie sich rechts und links von dem Loch auf und spielten Wachen vor, die eine K\u00f6nigin - also mich - begr\u00fc\u00dfen. Mit Augenverdrehen machte ich einen Knicks, wobei ich die Seiten meines imagin\u00e4ren Kleides festhielt, und schl\u00fcpfte durch ein Loch hindurch. Mir folgten Charlie, nun ebenfalls mit einer Taschenlampe ausgestattet, und \u0001 \u0002 Klinik war so sehr in Dunkelheit geh\u00fcllt, dass ich meine Hand nicht einmal genau vor der Nase gesehen h\u00e4tte, w\u00e4re der leichte Schein unserer Taschenlampen nicht gewesen. Ich achtete sehr genau darauf, was vor meinen F\u00fc\u00dfen lag, um nicht im Ger\u00fcmpel zu landen. Jedoch war ich mit dieser Einstellung die Einzige. Und so h\u00f6rte ich die anderen stolpern und fluchen, w\u00e4hrend sie sich im Flur \u0001 \u0002 krachte es. Wir zuckten zusammen und Yasmine schrie sogar auf. Dann herrschte Stille.\"Leute, lasst uns gehen.\", fl\u00fcsterte die Blondine \u00e4ngstlich. \"Hier muss jemand sein.\"\"Ja, Yasmine, wir wissen, dass du ein Schisser bist.\", erwiderte Charlie ruhig.\"Und ich wei\u00df, dass du ein Arschloch bist.\", warf sie \u0001 \u0002 Rothaarige zuckte nur die Schultern. Ich verdrehte die Augen. Ihre Konflikte waren mir langsam leid. Dabei konnten sie durchaus ohne sie auskommen, nur wollte Charlie sich nicht anstrengen. Die arme Yasmine hatte ja nichts f\u00fcr ihre \u0001 \u0002 einem Seufzer nahm ich die F\u00fchrung an mich. \"So, h\u00f6rt mir mal zu. Ich habe mir diese Mutprobe nicht ausgedacht und es macht mir auch nichts aus, hier bei euch zu sein. Ich schlage vor, wir gehen jetzt zusammen durch das Geb\u00e4ude und vergewissern uns, dass es hier wirklich niemanden gibt. Monster gibt es nicht und Penner werden uns nichts anhaben k\u00f6nnen. Alles klar?\"Das mit den Monstern versuchte ich mir in diesem Moment selbst auszureden, denn wenn ich mich von dem seltsamen Kichern nicht abzulenken schaffen w\u00fcrde, w\u00fcrde ich hier verr\u00fcckt werden. Vor drei Jahren war es schon soweit gekommen, dass mich meine Eltern zwangen, Beruhigungsmittel zu mir zu nehmen. Ich war eindeutig nicht gewillt, das alles noch einmal durchzumachen. Monster gab es nicht, genauso wenig wie das eklige Kichern aus dem Nichts und Kreaturen hinter den \u0001 \u0002 lie\u00df kurz die Schultern kreisen und trat vor. Grinsend richtete er den Lichtstrahl in die Dunkelheit vor uns. \"Alles klar. Dann mal los.\"Eine gewaltige Treppe breitete sich vor und aus. Sie h\u00e4tte zum Ballsaal f\u00fchren k\u00f6nnen, so pr\u00e4chtig sie mal ausgesehen hatte, doch stattdessen war es nur der Weg zu den OP-R\u00e4umen und Zimmern der Kranken. Der Teppich war gerissen, zertreten und hatte bestimmt schon vor Jahrzehnten seine Farbe verloren. Teilweise fehlte das Gel\u00e4nder wie herausgerissene Z\u00e4hne im Mund. Bei diesem Vergleich lief mit ein Schauder \u00fcber der R\u00fccken und er war nicht im mindesten \u0001 \u0002 beschlossen, trotzdem erstmal das Erdgeschoss zu durchsuchen, obwohl mich die gewaltige Treppe so sehr anzog. Yasmine lie\u00df die Versuche nicht nach, uns die ganze Sache auszureden, und ich erfuhr, dass sie der Mutprobe schon zuvor nicht zugestimmt hatte. Weshalb sie in diesem Moment doch bei uns war, war mir ein \u0001 \u0002 F\u00fc\u00dfe scharrten laut \u00fcber den alten Laminat, w\u00e4hrend wir in den linken Korridor einbogen. Einige St\u00fchle lagen auf dem Boden wie gefallene Soldaten, denen Beine herausgerissen wurden. Und obwohl es bei M\u00f6belst\u00fccken eigentlich nicht um Blut gehen sollte, waren trotzdem einige dunkle Flecken sichtbar, die ich als dieses deutete. Wahrscheinlich stammte es von den ungewollten G\u00e4sten. Die Sitzfl\u00e4chen der St\u00fchle fehlten in meisten F\u00e4llen ebenso wie die R\u00fccklehnen. Und wenn nicht, dann sah man gro\u00dfe L\u00f6cher, aus denen das Polster hervorquellte wie Innereien bei einer Leiche. Ich k\u00f6nnte noch so viele dunkle Vergleiche machen...Die offen stehenden T\u00fcren luden uns f\u00f6rmlich dazu ein, einen Blick in die R\u00e4ume zu werden, und das nutzten wir auch aus. Leider boten sich uns nur die gew\u00f6hnlichen Gespr\u00e4chzimmer an, also kehrten wir erstmal in die Eingangshalle zur\u00fcck und folgten dann dem Flur weiter in den rechten Fl\u00fcgel. Die ganze Zeit lang vermieden wir so gut es ging die Gespr\u00e4che und lauschten der unheimlichen Stille. Ich fand sie jedenfalls unheimlich. Doch ich langweilte mich, weil nichts geschah und weil ich Folterr\u00e4ume zu sehen erwartet hatte. Offensichtlich ganz gleich wie die Jungs, denn sie schienen ebenfalls an Interesse zu verlieren. Ja sogar Yasmine \u00e4ngstigte sich mittlerweile nicht mehr. So kehrten wir zur\u00fcck in das Foyer.\"Seht ihr, hier gibt es nichts zu gucken, lasst uns doch nach Hause gehen. Meine Eltern und Schwester sind heute nicht da, wir k\u00f6nnen Gruselfilme schauen.\", redete die Blondine auf uns \u0001 \u0002 es hier nichts zu gucken gab, bezweifelte ich. Wir m\u00fcssten nur in den Keller gehen oder verschlossene Zimmer finden...Ich sah, wie Charlie seine gr\u00fcnen Augen verdrehte, und seufzte selbst, genervt von Yasmines st\u00e4ndigen Plapperei. Kyle setzte inzwischen schon den Fu\u00df auf die erste Stufe der \u0001 \u0002 krachte und polterte es wieder. Wir zuckten allesamt zusammen.\"Es kommt definitiv von oben.\", \u00fcberlegte ich.\"Eindeutig.\", pflichtete mir Kyle bei. Z\u00f6gernd tat er den zweiten Schritt.\"Jetzt bekomm ich aber wirklich Interesse.\", meinte ich und folgte ihm vorsichtig die Treppe hoch.\"Leute, ich geh da nicht hoch.\", rief Yasmine uns \u0001 \u0002 ich stehen blieb und zur\u00fcck blickte, erkannte ich, dass sie nun als Einzige vor der Treppe stand, die i h gern mit einem Mund verglich. Vor allem, weil der ausgeblichene Teppich so sehr einer Zunge \u0001 \u0002 schnaubte ver\u00e4chtlich. \"Dann bleibst du halt allein. Findest du das etwa besser?\"Hilflos st\u00f6hnte Yasmine auf. Sie hatte keine Wahl.\"Sagt bitte nicht, dass wir hier nach Folterr\u00e4umen suchen.\", meinte sie leise und setzte die F\u00fc\u00dfe einen nach dem anderen auf die Stufen, bis sie mich erreichte und wir anderen ebenfalls \u0001 \u0002 hatte insgesamt drei Stockwerke. In einem davon m\u00fcsste es links und rechts einen \u00dcbergang in die zwei Nebengeb\u00e4uden geben. Und da eines davon zweist\u00f6ckig war und wir im Erdgeschoss weder einen weiteren Ausgang noch die \u00dcberg\u00e4nge gefunden hatten, ging ich davon aus, dass wir im ersten Obergeschoss auf sie sto\u00dfen \u0001 \u0002 bemerkte die lastende Stille, w\u00e4hrend wir die Treppe hochsteigen. Zum Teil machten wir uns Sorgen, wer den Krach verursacht haben mochte und zum anderen... Dieser Teil war mein eigenes Kummer, da ich nun feststellte, dass ich unsere Bewegungen nicht h\u00f6rte. Ich bin mir nicht sicher, ob meine Freunde es bemerkt hatten, doch mich st\u00f6rte es. Die Stille war falsch und sie bedr\u00e4ngte mich. Mist, was passierte mit mir?! Irgendwie lief heute alles \u0001 \u0002 ersten Obergeschoss war es nicht heller. Durch die eingeschlagenen Fenster h\u00e4tte theoretisch Licht einfallen sollen... Wenn der Mond \u00fcberhaupt zu sehen w\u00e4re! Doch das war immer noch nicht der Fall. Und die wieder steigende Schw\u00fcle mit dem Geruch des abgestandenen Holzes erschwerten mir das Atmen.\"Wenn wir hier draufgehen, seid IHR schuld.\", meckerte Yasmine \u0001 \u0002 ignorierten sie und bogen in den linken Fl\u00fcgel ab. Kurz schauten wir in die Behandlungs- und Krankenzimmer hinein, fanden jedoch nichts Seltsames. Die alte M\u00f6bel \u00e4chzte nach Erl\u00f6sung und mehr gab es nicht zu sehen.\"Ey, Leute...\", rief Charlie \u0001 \u0002 schloss die T\u00fcr, die ich vor kurzem ge\u00f6ffnet hatte, und sah Kyle aus dem Zimmer weiter hinten hervortreten. Yasmine trat von der Wand gegen\u00fcber zu mir. Charlie stand einige Meter weiter mitten im Durchgang und leuchtete mit seiner Handytaschenlampe in die Ferne.\"Dort reflektiert etwas das Licht.\", beendete \u0001 \u0002 Rothaarige sah zu uns zur\u00fcck und ich konnte seine stumme Frage h\u00f6ren, ob wir ihm folgen w\u00fcrden. Wir taten es. Vor uns erstreckte sich ein langer \u00dcbergang, auf den wir dann alle \u00fcberrascht starrten. Seine W\u00e4nde bestanden aus Glas, von oben bis unten, genauso wie der Boden und die etwas niedrige Decke. G\u00e4be es unsere Taschenlampen nicht, wir w\u00e4ren wie in einem schwarzen Loch gefangen. Doch dadurch, dass sich die Lichtquellen nicht au\u00dferhalb des Ganges befanden, kam es mir so vor, als w\u00fcrde er nicht aus Glas bestehen, sondern aus... Spiegeln.\"Unheimlich...\", raunte \u0001 \u0002 starrte weiterhin geradeaus. War das ein Zufall?Mich \u00fcberfiel ein Zittern, sobald ich bemerkte, dass ich kein einziges Loch erkannte. Die Glasfl\u00e4chen sahen wie neu aus. Kein Staub, kein Dreck, kein Graffiti, kein kleinster Riss. Der \u00dcbergang passte hier nicht rein. So \u00fcberhaupt \u0001 \u0002 trat einen Schritt zur\u00fcck. \u201cIch... gehe hier nicht lang. Lasst uns einen anderen Weg suchen.\u201c\u201cDu hast Angst? Ausgerechnet jetzt?\u201c, wunderte sich Charlie und \u0001 \u0002 blickte mich an. Ernst und Besorgnis vermischten sich in seinem Gesicht. \u201cIwa?\u201cGern h\u00e4tte ich ihnen erz\u00e4hlt, was mich so k\u00fcmmerte, doch ich wollte nicht, dass sie mich f\u00fcr irre hielten. Von diesen Gedanken hatte ich schon \u0001 \u0002 sch\u00fcttelte ich den Kopf. \u201cNein. Ich mag paranoid vorkommen, aber nein.\u201cIch wollte hinzuf\u00fcgen, dass sie mich gern allein lassen konnten, damit ich mir selbst einen Weg suchte, doch auch diese Idee gefiel mir \u0001 \u0002 fasste mich sanft an Oberarm an und ich sah fragend auf sie herunter.\u201cGeht es dir nicht gut?\u201c, wollte sie \u0001 \u0002 sammelte Mut, straffte die Schultern und sch\u00fcttelte l\u00e4chelnd den Kopf. Los, Iwa Raven, du bist stark. \u201cNein, nein, alles gut.\u201cDie Blicke meiner Freunde waren zwar immer noch misstrauisch, doch sie bohrten nicht weiter nach.\u201cIch gehe vor.\u201c, bestimmte Kyle. \u201cDann die M\u00e4dels und dann du, Charlie.\u201c\u201cIst gut.\u201c, stimmte ihm dieser zu. \u201cIch bin mir auch nicht ganz sicher, ob das Glas noch stabil ist.\u201c Er sah \u00fcber seine Schulter zur\u00fcck und schien dort nach etwas zu suchen. \u201cUnd ob hier vielleicht nicht doch jemand ist.\u201cDas Letzte bezweifelte ich immer st\u00e4rker. Die Angst fra\u00df sich durch mein Selbstbewusstsein und meine Mut hindurch und breitete sich zufrieden in meinem Herzen aus wie eine K\u00f6nigin, die alle ihre Gegner beiseite fegt. Das gefiel mir ganz und gar \u0001 \u0002 trat Kyle auf den \u00dcbergang zu, machte einige vorsichtige Spr\u00fcnge und bedeutete und dann mit einem Wink, ihm zu folgen. Er war sichtbar erleichtert. Ich konnte das von mir nicht \u0001 \u0002 schritt ich auf das viele Glas zu. Je mehr ich mich ihm n\u00e4herte, desto mehr \u00e4hnelte es den Spiegeln. Dass Yasmine neben mir ging, ver\u00e4nderte dabei rein gar nichts an dem unangenehmen \u0001 \u0002 von mir erklang ein Kichern. Wie in Zeitlupe drehte ich den Kopf herum und schaute meinem Spiegelbild entgegen. Die schwarzen Haare und T-Shirt verschmolzen mit der dunklen Umgebung, doch umso deutlicher warm das Gesicht und der Hals zu erkennen. Der erschrockene Ausdruck wurde durch das sich ausbreitende Grinsen wie vom Wasser weggewischt. Die Augen verfinsterten sich um einiges, obwohl ich nie angenommen h\u00e4tte, dass das bei ihrer Farbe noch \u0001 \u0002 blieb stehen und trat n\u00e4her, doch mein Spiegelbild zu ber\u00fchren, traute ich mich nicht. Ich hatte den Eindruck, es w\u00e4re lebendig. Als w\u00e4re es mein Zwilling, der nie geboren wurde.\u201cHast du mich vermisst?\u201c, h\u00f6rte ich es \u0001 \u0002 weitete entsetzt die Augen und es fing an zu lachen, lauter und lauter. Obwohl meine F\u00fc\u00dfe vor kurzem noch so schwer wie Blei waren, fand ich genug Kraft, um den ersten Schritt zu machen. Best\u00fcrzt stolperte ich durch den Gang, doch worauf auch immer mein Blick fiel, es war mein Spiegelbild, das mich aus irren Augen anstarrte und \u0001 \u0002 irgendwann endete das Labyrinth und mich \u00fcberf\u00fcllte Freude, einfach nur eine raue, wei\u00dfe Wand vor mir zu haben. Gierig schnappte ich nach Luft und versuchte, mein rasendes Herz zu beruhigen. Ich rutschte an der Wand entlang zu Boden und umfasste die Knie mit den Armen, w\u00e4hrend ich schnell ein- und ausatmete.\u201cIwa?\u201c, fragte jemand und legte mir eine Hand auf die \u0001 \u0002 kreischte auf und schreckte zur\u00fcck wie ein kleiner, \u00e4ngstlicher Hase. Genau genommen war ich das sogar \u0001 \u0002 starke H\u00e4nde fassten um meine Oberarme. Ich dr\u00fcckte mich st\u00e4rker gegen die eiskalte Wand hinter meinem R\u00fccken. Mein Herz noch schneller gegen meine Brust und drohte, sich daraus zu befreien.\u201cIwa! Iwa, ich bin es! Ich bin Kyle, kannst du mich h\u00f6ren?! Iwa?\u201cDoch ich sah niemanden. Die Dunkelheit umh\u00fcllte mich wie eine Decke, aber W\u00e4rme schenkte sie mir nicht.\u201cIwy, du bist st\u00e4rker.\u201c, sagte eine andere Stimme und eine Dritte wiederholte diesen Satz einem Echo \u0001 \u0002 bin st\u00e4rker... Ja, rei\u00df dich zusammen, Iwa Raven, du bist st\u00e4rker!Langsam hellte sich meine Sicht auf und ich blickte in zwei blaue Augen, die so klar waren wie der Sommerhimmel, in dem gelbe Sternchen tanzten. Kyle war besorgt und entsetzt. Hinter ihm standen Yasmine und Charlie, dessen Gesichter die gleichen Gef\u00fchle widerspiegelten.\u201cIwa?\u201c, fragte Kyle knapp.\u201cJa.\u201c, antwortete \u0001 \u0002 lehnte sich zur\u00fcck und atmete erleichtert aus. \u201cGott sei dank.\u201c______________________________________Es ist nach zwei Uhr nachts. Samstagabend. Das Kapi hat \u00fcber 2400 W\u00f6rter. Und ich habe drei ganze Abende gebraucht, um es abzutippen, wenn nicht vier! Endlich bin ich \u0001 \u0002, es war endlich spannend und hat euch \u0001 \u0002 m\u00fcde Once",
            "wordcount": "2.509",
            "chapter_release": "04.02.2017",
            "chapter_number": "3"
        },
        "4": {
            "text": "Ich muss morgen wieder zur Schule, yeyyy! *gespielte Freude* Wieder fr\u00fch aufstehen, fr\u00fch Schlafen gehen und wenig Freizeit, yuhuuu!Ach, und ich komm mit der Story nicht weiter. Krass oder? Aber ich hab immer noch ein vorgeschriebenes Kapitel, freut \u0001 \u0002 Once__________________________________Yasmine hielt mich in einer Umarmung und ich genoss die entstandene W\u00e4rme, da sie mir Entspannung schenkte. Charlie und Kyle redeten miteinander in der N\u00e4he des \u00dcberganges und ich verzichtete darauf, in ihre Richtung zu blicken. Schlie\u00dflich kamen sie jedoch zur\u00fcck zu uns und setzten sich, mit dem R\u00fccken an die gegen\u00fcberliegende Wand gelehnt, auf den Boden. Sie starrten mich beide an, ohne mich laut zum Sprechen anzufordern.\u201cIch habe... eine Art Phobie.\u201c, fing ich bedr\u00fcckt an. \u201cOder besser gesagt eine St\u00f6rung. Normalerweise ist sie nicht so schlimm, aber es gab durchaus schon einen einen ziemlichen Tiefpunkt, der dem heutigen \u00e4hnlich war. Sorry, dass ich euch so erschreckt habe.\u201c\u201cWarum hast du es uns nicht fr\u00fcher erz\u00e4hlt?\u201c, fragte \u0001 \u0002 sah ihn unbegeistert an. \u201cIst es dein Ernst? Ihr h\u00e4ttet mich f\u00fcr verr\u00fcckt gehalten. Jetzt mal ehrlich: Sieh dir Giraffe an - er h\u00e4tte mich ausgelacht.\u201cDer Rothaarige nickte. \u201cJa, h\u00e4tte ich wirklich.\u201cYasmine lie\u00df mich los und ich sah ihn b\u00f6se an. Dann lehnte ich mich zur\u00fcck, legte den Kopf in den Nacken und seufzte. Es machte mir nichts aus, dass er es so offen zugab, denn ich hatte mich auf diese Antwort verlasen.\u201cGehen wir jetzt also nach Hause?\u201c, fragte meine Freundin mit Hoffnung in der Stimme.\u201cJa, wir m\u00fcssen hier ja nicht weitermachen.\u201c, stimmte ihr Kyle zu.\u201cWir k\u00f6nnen ja bei Yasmine einfach mit Horrorfilmen fortfahren.\u201c, nickte \u0001 \u0002 senkte den Blick auf die Jungs herunter und begegnete ihren besorgten Augen mit einem festen und bestimmten Gesichtsausdruck. \u201cNein. Ich lass es nicht zu, dass sie mir die Nacht verdirbt. Es recht, wenn wir spiegel\u00e4hnliche Oberfl\u00e4chen meiden.\u201cEine Weile schwiegen wir nur. Ich fragte mich, ob die Drei mich nun ausgrenzen w\u00fcrden. Ich w\u00e4re jedenfalls an ihrer Stelle nicht gut mit all dem klargekommen. Ich w\u00fcrde es ihnen auf jeden Fall nicht ver\u00fcbeln; ich hielt mich ja selbst f\u00fcr undicht.\u201cWen meinst du mit 'sie'?\u201c, bemerkte Kyle \u0001 \u0002 stockte. Habe ich mich wirklich so ausgedr\u00fcckt?! Sch...\u0001 \u0002 senke den Blick und sch\u00fcttle leicht den Kopf. \u201cNicht heute, nicht hier.\u201c Ich mache eine Pause. \u201cLasst uns weitergehen. Ich m\u00f6chte immer noch den Folterraum sehen und erfahren, woher der ganze Krach kam.\u201cIch stand auf, wartete geduldig ihre unsicheren Blicke ab, mit denen sie mich w\u00e4hrend des Aufstehens zerfra\u00dfen, und ging auf einer H\u00f6he mit Yasmine los. Mein Handy hatte ich trotz des Schocks in meiner Hand behalten und beleuchtete mir mit der Taschenlampe nun den Weg. Was w\u00fcrden meine Freunde von mir halten, wenn ich ihnen erz\u00e4hlte, ich h\u00e4tte vor meinem eigenen Spiegelbild Angst? Ich brachte es nicht \u00fcber mich, diese Tatsache auszusprechen, nachdem ich sie eine so lange Zeit in meinem Inneren verstecken musste. Au\u00dferdem f\u00fchlte ich mich st\u00e4rker, solange es unausgesprochen blieb. Ich sp\u00fcrte eine gewisse Sicherheit, einen Abstand zwischen mir und diesem Wesen im Spiegel, das mir g\u00e4nzlich glich. Der einzige Unterschied war immer der Gesichtsausdruck gewesen. Die andere ich starrte mir immer selbstbewusst entgegen. Sie musste sich nicht so wie ich mich verstecken. Da war ich mir v\u00f6llig sicher.\u201cIch glaube\u201c, fing Charlie an. \u201cdass es unten eine T\u00fcr geben MUSS. Wenn wir sie finden, m\u00fcssen wir nicht wieder durch den \u00dcbergang laufen. Wie gef\u00e4llt dir das, Iwa?\u201cEr grinste mich \u00fcber die Schulter an und ich war ihm dankbar f\u00fcr den sorgenlosen \u0001 \u0002 versuchte es mit ein wenig Spa\u00df. \u201cEine wundervolle Idee. Ich h\u00e4tte nie erwartet, einen schlauen Gedanken von dir zu h\u00f6ren.\u201c\u201cTja, in mir stecken noch so einige \u00dcberraschungen.\u201c, behauptete er selbstsicher. \u201cWenn du zumindest bei einem Spiel von mir dabei gewesen w\u00e4rst -\u201c\u201cDann h\u00e4tte sie immer einen Grund im Ged\u00e4chtnis, um dich auszulachen.\u201c, unterbrach ihn \u0001 \u0002 lachte leise und ich entspannte mich \u0001 \u0002 gab Kyle einen spielerischen Schlag in den Bauch. \u201cSo schlecht bin ich nicht!\u201cIch entschied mich, sie vom Thema abzulenken. Sonst w\u00fcrde es am Ende noch zu der st\u00e4ndigen Diskussion kommen, was denn besser sei: Football oder Basketball.\u201cNaa, Charlie, hat unser Kyle denn einen Sixpack?\u201cDer Rothaarige winkte ab. \u201cDer doch nicht.\u201c\u201cKlar hab ich einen.\u201c, widersprach der andere hochn\u00e4sig.\u201cDu kannst es uns auch gern beweisen. Wir glauben nicht jedem Beliebigen, oder, Yasmine?\u201c, erwiderte \u0001 \u0002 sah mich mit ahnenden Augen an, jedoch w\u00fcrde es nicht mit mir durchgehen. Mehr als ein guter Freund w\u00fcrde Kyle nicht werden, soviel Yasmine und Charlie auch das Gegenteil zu behaupten vermochten.\u201cEr\u00f6ffne doch gleich einen Stripclub, Iwa.\u201c, entgegnete meine \u0001 \u0002 gingen ab vielen R\u00e4umen vorbei, bei denen die alten T\u00fcren entweder teilweise aus den Angeln gewissen wurden, L\u00f6cher hatten wie Wunden oder gar keine T\u00fcren mehr besa\u00dfen. Die d\u00fcsteren Zimmer w\u00fcrdigten wir keines Blickes, denn wir hatten eine ungef\u00e4hre Vorstellung von ihrem Aussehen. Es g\u00e4be nichts Interessantes zu sehen. Schade \u0001 \u0002 Ende des Flures angekommen, stiegen wir, nun wieder stumm, die Treppe hinab, die nicht mal ann\u00e4hernd so pr\u00e4chtig gehalten war wie die im Hauptgeb\u00e4ude. Doch die Atmosph\u00e4re war nicht weniger \u0001 \u0002 einer Viertelstunde im Erdgeschoss fanden wir schlie\u00dflich doch noch einen Ausgang in den Hof und dann auch einen gut versteckten, verwachsenen Eingang ins Hauptgeb\u00e4ude. Dort suchten wir uns einen Raum mit einigerma\u00dfen unversehrten Betten und legten und hin. Diese Idee betrachtete ich jedoch sehr skeptisch. Wer wusste, welche Ungeziefer in den Matratzen hausten?Charlie fiel ein, gruselige Musik anzuschalten, und seit diesem Moment an erz\u00e4hlten wir uns gegenseitig Gruselgeschichten. Wir vermieden einige, wo Spiegel vorkamen, doch uns fielen umso mehr andere ein. Immer wieder verzog Yasmine vor Ekel das Gesicht oder zog ver\u00e4ngstigt den Kopf ein. Ich meinerseits versuchte, das Kichern zu ignorieren, das immer ert\u00f6nte, wenn in der Geschichte ein Tod passierte, als w\u00fcrde es die Grausamkeiten bewahrheiten. Ich sorgte mich ernsthaft um meine geistliche Gesundheit. Ich wollte weder zum Psychiater, noch in die \u0001 \u0002 ich ein Nachtwesen war, schlief ich trotzdem schon ein, sobald mir mein Handy die Zeit kurz nach drei anzeigte. Ich war einfach am Ende meiner Kr\u00e4fte f\u00fcr diesen \u0001 \u0002 dem unruhigen Schlaf riss mich ein schriller Schrei. Ich war jedoch noch viel zu m\u00fcde, als dass ich sofort aufsprang und mich nach seinem Verursacher umsah. Langsam \u00f6ffnete ich meine tonnenschweren Lider. Ich musste blinzeln, um das meinen Augen Angebotene zu verstehen. Mein Gehirn arbeitete im Schneckentempo und weigerte sich, die Informationen zu verarbeiten. Doch als es dann doch geschah, schrie ich selbst auf und konnte nicht mehr aufh\u00f6ren. Zu gern h\u00e4tte ich behauptet, es sei alles ein Scherz, doch mein Herz fuhr Achterbahn, ich atmete schnell und flach und Tr\u00e4nen flossen aus meinen Augen, wie der Regen am Tag davor auf die Erde geprasselt \u0001 \u0002 sah Blut. Viel, zu viel frisches Blut. Trug ein Mensch wirklich so viel in sich? Ich sah Charlie. Charlie, der doch nicht Charlie sein konnte. Ein panischer Ausdruck verzog sein farbloses Gesicht und sein Mund schien immer noch zu schreien. Die roten Haare klebten ihm an der Stirn. Aus seinem aufgerissenen Bauch quollen die Eingeweide heraus wie ein mieses Geschenk aus einem \u0001 \u0002 wusste nicht, warum ich mich noch nicht \u00fcbergab, doch Yasmine, deren Schrei es gewesen war und die heulend vor dem Bett kniete, das sie sich gestern ausgesucht hatte, war eindeutig an diesem Punkt angelangt. Auch Kyle, der neben ihr sa\u00df und sie zu beruhigen versuchte, obwohl er selbst dem Zusammenbruch N\u00e4he stand, war mehr als nur gr\u00fcn im \u0001 \u0002 Kichern erklang. Ich verlor meine letzte Beherrschung und alles, was ich am Tag zuvor zu mir genommen hatte, stieg wieder \u0001 \u0002 weinten wir alle drei zusammen in einer Ecke. Laut, verbittert und in einer festen, verzweifelten Umarmung.",
            "wordcount": "1.302",
            "chapter_release": "05.02.2017",
            "chapter_number": "4"
        },
        "5": {
            "text": "Hoch die H\u00e4nde - Wochenende!Wird Zeit, wieder ein Kapi hochzuladen. Ich hab echt keine Ahnung, wie ich diese Story weiterf\u00fchren soll. Es ist das letzte vorgeschriebene Kapitel *heul heul*______________________________________Nachdem wir uns ausgeweint hatten, trat Gleichg\u00fcltigkeit in mir ein. Vor mir lag die Leiche, doch ich nahm sie nicht mehr als meinen ehemaligen Freund wahr. Sie sah viel mehr nach einem Vulkan mit der t\u00f6dlichen Lava aus, der ich nur auszuweichen hatte, um zu \u00fcberleben. Die Leiche war da, aber ich empfand nichts. Genauso wenig k\u00fcmmerten mich das dumpfe Sonnenlicht, das durch die gro\u00dfen, schmutzigen Fenstern in den Raum fiel, und die heruntergekommene Zimmerausstattung, die meiner Meinung nach noch immer einen Weg zur Erl\u00f6sung suchte, aber nicht finden konnte. Man sollte diese Klinik zuerst verbrennen und den bleibenden Rest \u0001 \u0002 weinte stumm vor sich hin. Sie blickte weder Kyle noch mich an, sondern hielt ihren Kopf vor Niedergeschlagenheit gesenkt, w\u00e4hrend sie auf dem Bett leicht vor und zur\u00fcck \u0001 \u0002 war sehr, sehr ernst. Leise murmelnd zerbrach er sich \u00fcber etwas den Kopf, um nur nicht an Charlie denken zu m\u00fcssen. Das sch\u00e4tzte ich jedenfalls. Er ging neben einem der zwei Fenster auf und ab und schaute jedes zweite Mal kurz hinaus. Doch schlie\u00dflich blieb er stehen und sah mir fest in die Augen.\u201cLasst uns nach Hause gehen. Wir m\u00fcssen der Polizei und seinen Eltern bescheid sagen.\u201c\u201cSie werden denken, wir sind schuld.\u201c, schluchzte Yasmine. \u201cAber wir haben doch nichts getan. Ich m\u00f6chte nicht ins Gef\u00e4ngnis.\u201c\u201cSie werden uns nicht festnehmen.\u201c, beruhigte ich sie, aber meine Stimme war zu kalt, um es wirklich zu schaffen.\u201cWir werden ihnen einfach, was wir wissen, erz\u00e4hlen. Unsere Kleidung ist sauber, also haben sie nichts gegen uns und werden auch nichts finden.\u201c, schloss \u0001 \u0002 gab ihm in Gedanken recht, denn genau so war es. Wir hatten unseren Freund nicht get\u00f6tet und wenn jemand das Gegenteil behaupten w\u00fcrde, f\u00e4nden sie keine \u0001 \u0002 bemerkte die starken Zweifel in Yasmines Gesichtsz\u00fcgen, doch wir hatten keine andere Wahl und das wusste sie. Au\u00dferdem konnten wir nicht ewig in diesem Zimmer verbleiben und den Leichnam ignorieren. Und offensichtlich war ihr auch dieser Gedanke gekommen, denn sie machte einen bebenden Atemzug und stand vom Bett auf. Ich selbst wollte losgehen, doch meine Beine f\u00fchlten sich so schwer an wie aus Blei. Sie wollten sich einfach nicht von der Stelle \u0001 \u0002 sah uns an und breitete traurig die Arme aus. \u201cKommt her.\u201cUnd tats\u00e4chlich lief ich auf ihn zu, ohne es selbst zu merken. Er umarmte uns fest und ich klammerte mich an ihn und Yasmine, als w\u00e4ren die beiden meine letzte Rettung.\u201cWir schaffen das.\u201c, fl\u00fcsterte Kyle mit belegter \u0001 \u0002 schafften wir es, die Klinik zu verlassen, und gingen jeder zu sich selbst nach Hause. Bevor wir uns trennten, versprach Kyle Yasmine und mir, dass er allein mit Charlies Eltern sprechen w\u00fcrde. Wir m\u00fcssen nur bei der Polizei erscheinen, falls sie uns rufen w\u00fcrde - und darauf k\u00f6nnte ich \u0001 \u0002 es Samstag war, hielt sich bei mir niemand zu Hause auf. Meine Eltern k\u00fcmmerte ich recht wenig und mir meinerseits waren sie auch ziemlich egal. Vor allem in diesem Moment. Es war mir alles egal. Ich knallte die Eingangst\u00fcr hinter mir zu und sank an ihr entlang zu Boden. War es meine Schuld gewesen, dass Charlie gestorben war? War er durch mich - nein, durch SIE gestorben? Hatte sie ihn so gnadenlos umgebracht? Hatte sie wieder -Klirrend zerbrach etwas in der K\u00fcche und ich schaute erschrocken hoch. Ich wischte mir die Tr\u00e4nen aus den Augen und lauschte.\u201cIst jemand da?\u201c, rief ich, um eine ausdruckslose Stimme bem\u00fcht. \u201cMom... Dad...?\u201cIch wartete auf die Antwort gef\u00fchlte Stunden, aber sie kam nicht. Stattdessen wurde wieder etwas zu Boden geschmissen. Ich sch\u00e4tzte, es war das Geschirr von meiner Uroma. Meine Mom sagte immer, es w\u00fcrde h\u00f6llisches Verm\u00f6gen kosten, wenn wir es an Kenner verkaufen w\u00fcrden. Ich hasste es aus zwei einfachen Gr\u00fcnden: Zum einen weil ich es nie benutzen durfte und zum anderen weil sich meine Mutter mehr darum sorgte als um mich. Ich wei\u00df noch, wie ich, kleine F\u00fcnfj\u00e4hrige, mir einen Teller geschnappt, ein Br\u00f6tchen mit einem Herz aus Marmelade darauf platziert und es voller Begeisterung zu meiner Mom ins Wohnzimmer getragen hatte. Auf dem Weg war mir mein Kater vor die F\u00fc\u00dfe gelaufen und ich war gestolpert. Der Teller war selbstverst\u00e4ndlich zerbrochen und ich so frustriert um die nicht gelungene \u00dcberraschung, dass ich angefangen hatte zu weinen. Doch dann war meine Mutter gekommen und hatte mich angebr\u00fcllt, und ich musste mir eine Runde Pr\u00fcgel \u0001 \u0002 brachten mich die Ger\u00e4usche in der K\u00fcche zum Aufstehen. Ich ging in mein Zimmer, steckte mir eilig einige Sachen in die Tasche ein und verlie\u00df die Wohnung, ohne mich nach dem Geschehen in der K\u00fcche zu erkundigen. Ich habe genug Horrorfilme \u0001 \u0002 ich also durch die leeren Stra\u00dfen lief, \u00fcberlegte ich, wo ich eigentlich hin sollte. Yasmine fiel aus, da ich sie ihrer Trauer \u00fcberlassen wollte. Ich hatte schon genug geweint f\u00fcr diese Woche. Und Kyle... Ich war nicht stark genug, um mit ihm zu Charlies Eltern zu fahren und ihnen von seinem Tod zu berichten. Deswegen entschied ich mich, in den Stadtpark zu fahren, aber... Die Stra\u00dfen waren leer. Und das bereitete mir \u0001 \u0002 diesem Grund eilte ich zu eine anderen Bus, der mich geradewegs zu Kyle nach Hause bringen w\u00fcrde, und hoffte, mein Freund w\u00e4re noch dort. An der Haltestelle stand keine Menschenseele und auch der Bus kam nur halbvoll, was f\u00fcr einen Samstag so ziemlich ungew\u00f6hnliche Erscheinung war. Meine Nervosit\u00e4t wuchs, mein Herz beschleunigte sein Schlagen. Ich f\u00fchlte mich wie in einem billigen Horrorfilm, wo die Hauptperson wei\u00df, dass alle um sie herum sterben werden, und doch nichts dagegen unternimmt, sondern das schlechte Gef\u00fchl nur verleugnet. Und ich hatte ganz bestimmt nicht die Absicht, alle sterben zu lassen!Kyle, bitte sei zu Hause, bitte sei noch da., flehte ich in Gedanken, w\u00e4hrend ich nach einer Viertelstunde ausstieg und die Stra\u00dfen hinunter \u0001 \u0002 seine Haust\u00fcr in Sicht war und ich sie aufgehen bemerkte, st\u00fcrmte ich aus allen Kr\u00e4ften los, prallte gegen den Braunhaarigen, der gerade hinaustreten wollte, und wir st\u00fcrzten beide zu Boden.\u201cIwa?!\u201c, stie\u00df Kyle verwirrt aus. \u201cWas ist denn los? Was machst du hier?\u201cMein Puls wollte sich einfach nicht beruhigen und ich blickte panisch auf ihn runter. \u201cWir m\u00fcssen... Yasmine warnen. Ihr... Ihr... Ihr m\u00fcsst mich irgendwo einsperren. Es l\u00e4uft wieder alles aus dem Ruder. Sie... Sie hat es wieder geschafft. Wenn sie sich wieder einmischt, werde ich noch verr\u00fcckt! Du wirst doch alles f\u00fcr mich tun - ja? Wir sind - Wir sind doch Freunde. Ich will nicht, dass es sich wiederholt.\u201c\u201cIwa.\u201c, unterbrach er mich \u0001 \u0002 ich achtete nicht auf ihn. \u201cEs darf sich nicht wiederholen - ja?\u201c\u201cIwa.\u201c, sagte er nun mit Nachdruck.\u201cEs reicht schon, dass Charlie sterben musste. Ihr m\u00fcsst mir nicht auch noch sterben.\u201c\u201cIwa!\u201c, rief Kyle \u0001 \u0002 dr\u00fcckte er mich zur Seite, rollte sich \u00fcber mich und sa\u00df nun somit rittlings auf mir, meine H\u00e4nde fest auf den Boden dr\u00fcckend. Seine so ausdrucksstarken Augen starrten mich mit Entschlossenheit und Sorge an. Wahrscheinlich bekam er Angst vor mir, so schnell ich so verr\u00fcckte Sachen vor mich hin plapperte. Mein Herz schlug schneller, als eine Achterbahn je fahren k\u00f6nnen w\u00fcrde, und mein Atem ging flach und schnell. An Kyles Stelle h\u00e4tten meine Eltern schon im Irrenhaus angerufen.\u201cIwa, beruhige dich!\u201c, br\u00fcllte er mich jedoch \u0001 \u0002 versuchte, meine gesamte Konzentration in seine anziehenden Augen \u00fcberzulenken.\u201cAtme langsam durch die Nase ein.\u201c, wies mich der Junge mit einer ruhigen Stimme an. \u201cUnd dann genau so langsam durch die Nase wieder aus.\u201cIch befolgte seine Worte und wiederholte das Vorgehen zehnmal, bevor ich die n\u00f6tige Ruhe zu erlangen schaffte. Erst da entspannte sich Kyles Griff um meine Handgelenke und er seufzte mit geschlossenen Augen.\u201cSo ist es gut.\u201cEr stieg von mir runter, schloss dabei mit dem Fu\u00df die T\u00fcr vor uns und lehnte sich mit dem R\u00fccken gegen die Wand. Stumm rappelte ich mich auf und nahm neben ihm Platz.\u201cUnd jetzt wiederhol bitte das Wesentliche.\u201c, bat mich Kyle. \u201cIch hab kein Wort verstanden.\u201c Seine Stimme klang genauso ersch\u00f6pft, wie ich mich in diesem Moment \u0001 \u0002 seufzte. \u201cEs ist kein Zufall, dass Charlie gestorben ist. Genauso wenig, wie wenn jemand anderer in n\u00e4chster Zeit stirbt. Doch man kann es auch verhindern und daf\u00fcr m\u00fcsst ihr mich nur wegsperren.\u201cMein Freund zog verwundert die Augenbrauen zusammen. \u201cWas quatschst du da? Ich verstehe, dass es dich hart getroffen hat, aber du musst dir jetzt f\u00fcr nichts die Schuld geben. Einsperren, sagt sie.\u201c Er lachte \u0001 \u0002 drehte mich, sodass ich die F\u00fc\u00dfe unter meinem Po hatte, und packte ihn bei den Schultern. Seiner Verwirrung trat meine Bestimmtheit entgegen.\u201cKyle, ich spinne nicht. Es ist mein Ernst! So etwas war schon mal vor drei Jahren passiert. Ich bitte dich, du musst etwas dagegen tun. Du bist meine letzte Rettung, Kyle!\u201cSekunden vergingen und wir sahen uns nur stumm an.\u201cIch hoffe, du \u00fcbertreibst.\u201c, meinte der Braunhaarige schlie\u00dflich und sch\u00fcttelte den Kopf. \u201cIch hoffe es wirklich. Du jagst mir n\u00e4mlich einen ziemlichen Schrecken ein, so wie du dich grad benimmst.\u201cEr befreite sich aus meinem Griff und stand auf, seufzte erneut.\u201cBleib hier, ja?\u201c, trug er mir resigniert auf. \u201cMeine Mutter und mein Bruder kommen erst am Abend, bediene dich ruhig in der K\u00fcche. Ich muss jetzt zu Charlies Eltern fahren.\u201cMit diesen Worten \u00f6ffnete Kyle die Eingangst\u00fcr und lie\u00df mich in dem Haus allein zur\u00fcck.",
            "wordcount": "1.585",
            "chapter_release": "12.02.2017",
            "chapter_number": "5"
        },
        "6": {
            "text": "Ich hab's fertig gebracht, ein weiteres Kapitel zu schreiben! Jetzt m\u00fcsst ihr vor Freude kreischen und wie verr\u00fcckt rumh\u00fcpfen xDNein, Scherz, so gro\u00dfartig bin ich bestimmt auch wieder nicht ^^Ehrlich gesagt bin ich hundem\u00fcde zum Abtippen, doch morgen werd ich keine Zeit daf\u00fcr haben, also qu\u00e4le ich mich f\u00fcr euch \u0001 \u0002 wachte dadurch auf, dass jemand mich sch\u00fcttelte.\u201cLass, ich bin m\u00fcde.\u201c, brummte ich und drehte mich auf die andere Seite.\u201cNein!\u201c, rief eine Stimme und H\u00e4nde dr\u00fcckten gegen mich. \u201cIwa, du f\u00e4llst gleich vom Sofa!\u201cIch riss die Augen auf, doch es war schon zu sp\u00e4t und ich landete mit einem Aufschrei auf dem Boden.\u201cAutsch.\u201c, meinte ich und rieb mir den \u0001 \u0002 blickte ich auf Kyle hoch, der mir seine Hand zur Hilfe anbot. Ich griff danach und er half mir auf die Beide. Erst dann bemerkte ich Yasmine, die hinter dem Sofa stand und stark ger\u00f6tete Augen hatte. Ich hatte mich abzulenken versucht und war stattdessen im Wohnzimmer eingeschlafen. Getr\u00e4umt hatte ich leider von Charlies Leiche. Ich wollte zu ihm laufen, doch eine Glasfl\u00e4che hatte mich davon abgehalten und ich hatte festgestellt, dass ich in einen Kasten mit Spiegelw\u00e4nden gefangen war. Gruselig.\u201cIch habe Yasmine mitgebracht, damit du und beiden noch einmal genau erz\u00e4hlst, was du da verlangst.\u201c, erkl\u00e4rte \u0001 \u0002 setzte mich stumm auf das Sofa und senkte den Blick auf die verschr\u00e4nkten Finger in meinem Scho\u00df.\u201cWie war das Treffen mit Charlies Eltern?\u201c, fragte ich \u0001 \u0002 lie\u00df sich genauso stumm neben mir nieder.\u201cSchlimm.\u201c, antwortete Kyle nur. \u201cIwa, was ist es, vor dem du eine so gro\u00dfe Angst hast? Warum m\u00fcssen wir dich einsperren?\u201cIch hob den Kopf und sah meine Freunde an. L\u00fcgen, verschweigen oder doch die Wahrheit sagen?Mein Herz schlug wie verr\u00fcckt bei der Erinnerung an die Monate vor drei Jahren. Es hatte alles genauso angefangen wie auch dieses Mal, jedoch viel, viel langsamer. Ich war zu einem Psychiater gegangen, hatte haufenweise Beruhigungsmittel geschluckt, als w\u00e4ren sie s\u00fc\u00dfe, bunte Bonbons, und lag sogar in einer Kinderpsychotrie. Und trotzdem hatte die ganze M\u00fche nichts gen\u00fctzt. Trotzdem hatte sie mich schlie\u00dflich in ihren Klauen und hatte mich gedr\u00fcckt und gedr\u00fcckt, mich weiter und weiter aus meinem eigenen Verstand gedr\u00e4ngelt. Ich hatte sie \u00fcberall gesehen, in jeder Spiegelung. Da war keine ich gewesen, sondern nur sie, sie allein. Ich hatte jedes Spiegel zerbrochen, jede Fl\u00e4che aus Glas. Ich hatte... Ich erinnerte mich nicht dran, wie ich - Es war nicht ich gewesen, damals war es sie, die... Ich h\u00e4tte es ganz bestimmt nicht selbst getan! Doch niemand hatte mir geglaubt. Niemand hatte mir geglaubt, dass es sie gewesen war, die... die meinen Bruder umgebracht hatte!\u201cIhr werdet mir nicht glauben.\u201c, sagte ich und sch\u00fcttelte betr\u00fcbt den Kopf. \u201cNiemand tut es und ihr werdet es genauso wenig schaffen.\u201cYasmine legte mir eine Hand aufs Knie und blickte mich flehend an.\u201cVersuch, es uns zu erkl\u00e4ren. Iwa. Wir wollen dich verstehen. Wir k\u00f6nnen dich nicht grundlos irgendwo einsperren. Wir machen uns So-\u201c\u201cEs ist mein Spiegelbild\u201c, unterbrach ich sie mit rasender Panik. \u201cSie - Sie ist etwas Unmenschliches. Sie dringt in mein Verstand ein - Ich wei\u00df nicht, wie!\u201cIch griff nach den H\u00e4nden der Blonden wie nach einem Rettungsring und sie zuckte erschrocken zusammen.\u201cBitte, tut etwas. Ich will nicht, dass ihr auch sterbt! Bitte. Es ist meine Schuld, dass Charlie gestorben ist. W\u00e4ren wir nach Hause gegangen - w\u00e4re ich nach Hause gegangen oder gar nicht mitgekommen, es w\u00e4re nichts passiert. Sie... Sie ist wieder irgendwo in mir. Es ist jetzt schon zu sp\u00e4t, doch wenn ihr mich einsperrt, wird nichts weiter geschehen.\u201cIch sag hilfesuchend vom einen zum anderen, doch in ihren Augen erblickte ich nur Angst. Die f\u00fcrchteten mich. Sie f\u00fcrchteten doch sich vor dir der wilden Unruhe in mir. Wir sollte ich sie \u00fcberzeugen? Wie konnte ich ihnen zeigen, dass mit mir selbst alles in Ordnung war und meine Angst einen echten Grund hatte? Wie solche ich ihnen klar machen, dass diese Kreatur im Spiegel gef\u00e4hrlich war? Wen k\u00f6nnte ich dann noch um Hilfe bitten, wenn nicht sie beide? Ich \u0001 \u0002 starrte Yasmine mit gro\u00dfen Augen an und wisperte: \u201cIch l\u00fcge nicht...\u201cKyle trat an mich heran und nahm meine Hand von ihrer Schulter.\u201cKomm, Iwa, ich geb dir ein Glas Wasser. Du musst dich ausruhen, soll ich dir eine Schlaftablette geben?\u201cEr zog mich hoch und ich widersprach nicht. Er glaubte mir \u0001 \u0002 klirrte hinter unseren R\u00fccken. Ich wirbelte herum. Yasmine sah ganz blass aus und blickte erschrocken auf den Bilderrahmen, der auf dem Boden neben dem Fenster lag.\u201cEs war nur wegen dem Wind.\u201c, beruhigte und Kyle, doch seine Stimme klang nicht ganz so \u0001 \u0002 musste sofort hier weg!Ich machte einen unsicheren Schritt in Richtung Ausgang.\u201cKyle, ich... fahr lieber nach Hause.\u201c, meinte ich nerv\u00f6s und wich weiter zur\u00fcck. \u201cTut mir leid, dass ich euch so erschreckt habe. Ich krieg das Bild in der Klinik einfach nicht aus meinem Kopf.\u201cIch sollte aus dem Haus fl\u00fcchten, doch Kyle holte mich auf und griff bestimmt nach meinem Handgelenk.\u201cNein, du bleibst \u00fcber Nacht hier. Yasmine auch. Ich mach mir Sorgen um euch. Au\u00dferdem kann die Polizei jeder Zeit anrufen. Es wird schon dunkel und wir sollten nicht allein zum Revier fahren. Wir nehmen jetzt jeder eine Schlaftablette und legen und hin.\u201cUnsicher stand Yasmine vom Sofa auf und zu dritt gingen wir in die K\u00fcche. Solange Kyle mit der Suche der Tabletten besch\u00e4ftigt war, f\u00fcllte ich die Gl\u00e4ser mit Wasser.\u201cIch glaube dir, Iwa.\u201c fl\u00fcsterte Yasmine, als sie ihr Glas an sich \u0001 \u0002 sah ich sie an. Sie glaubte mir. Kaum zu fassen, sie glaubte mir!Dann kam Kyle zu uns, ich schluckte mit aufkeimender Hoffnung die Tablette runter und wir stiegen zusammen die Treppe hoch in Kyles Zimmer. Der Brsinhaarige zog das aufklappbare Sofa auf und \u00fcberlie\u00df Yasmine und mir sein Bett. Ohne weitere Gespr\u00e4che legten wir uns \u0001 \u0002 ich aufwachte, herrschte Stille im Haus. Die Ger\u00e4usche, die ich verursachte, klangen f\u00fcr mich deshalb wie Donnerschl\u00e4ge bei einem wilden Gewitter. Verwirrt erkannte ich, dass ich mich in der K\u00fcche befand, f\u00fcr mit z\u00e4her, fl\u00fcssiger Dunkelheit gef\u00fcllt war, und nach etwas suchte. Ohne dass es mein eigener Wille sein konnte, zog ich aus einem Schrank ein gro\u00dfes Messer hervor. Kyles Bruder hatte damit einmal gefrorenes Fleisch f\u00fcr Stakes geschnitten.\u201c Nein, nein, nein, nein!\u201c, murmelte ich panisch, doch der K\u00f6rper geh\u00f6rte mir nicht und machte sich schon auf den Weg zur \u0001 \u0002 ich im Flur kurz einen Blick in den Spiegel zu werden schaffte, grinste mich mein Spiegelbild mit finsteren Augen breit an. Nein, bitte nicht! Dann raubte mir Dunkelheit die \u0001 \u0002 glaubte, ich hatte Yasmine eine Hand auf den Mund gedr\u00fcckt, ihr das Messer an die Kehle gestellt und sie aus dem Bett \u0001 \u0002 N\u00e4chste, woran ich mich erinnerte, war, dass ich mit der Blondine durch den Wald hastete. Ihre Augen waren ganz rot vor Tr\u00e4nen. Vor uns, zwischen den B\u00e4umen, sah ich die verlassene Klinik. Die einzige Frage, die ich mir zu stellen schaffte, lautete: Wie kann ich sie in der Dunkelheit \u00fcberhaupt sehen?[Und hier bin ich doch eingepennt]\u201cIwa, du musst das nicht machen.\u201c Yasmines zittrige Stimme weckte meinen Verstand. \u201cIwy, ich kann dir helfen.\u201cLangsam gelang wieder Licht an meine Augen. Seine Quellen waren zwei R\u00f6hrenlampen an der mittlerweile verschimmelten Decke. Die W\u00e4nde des kleinen quadratischen Raums waren genauso widerlich und schwarz. Den einzigen Unterschied machten gr\u00e4uliche Kratzer, die so aussahen, als h\u00e4tte jemand den Schimmel mit blo\u00dfen H\u00e4nden abkratzen wollen. Und das Schlimmste war, ich fand meine Fingern\u00e4gel ganz verdreckt wieder.\u201cI- Iwa? Bist du das?\u201c, erklang erneut Yasmines verweilte \u0001 \u0002 blickte von meinen H\u00e4nden hoch und wich entsetzt einige Schritte zur\u00fcck. Meine Freundin lag auf einer Art OP-Tisch. Ihre Arme und Beine wurden durch Gurte an Ort und Stelle gehalten, sodass sie sich nicht einmal bewegen konnte. Nur den Kopf h\u00e4tte sie heben k\u00f6nnen. Oh Gott, was geschah hier? Wie h\u00e4tte es so weit kommen k\u00f6nnen?\u201cIwa, wenn du mich h\u00f6ren kannst: bitte mach mich frei. Ich werde dir helfen. Ich werde tun, was immer du m\u00f6chtest, aber bitte mach mich frei.\u201cDie Schluchzer brachen ihr Flehen ab. Ich musste sie von dem Ganzen befreien, solange der K\u00f6rper noch mir \u0001 \u0002 st\u00fcrmte auf Yasmine los und sie kreischte erstmal auf vor Angst, doch als sie bemerkte, was ich tat, verstummte sie sofort. In gr\u00f6\u00dfter Eile riss ich an den ledernen, alten Gurten. Sobald ich mit einem Arm fertig war, lief ich zu den Beinen und die Blonde \u00f6ffnete die H\u00fctte an ihrem zweiten Arm. Die ganze Zeit \u00fcber h\u00f6rte ich das eklige Kichern irgendwo in meinem Hinterkopf und die wenigen Minuten dehnten sich zu unendlichen Stunden \u0001 \u0002 Yasmine von der Liege geklettert war, schubste ich sie in Richtung der offenen T\u00fcr.\u201cRenn!\u201c, br\u00fcllte ich. \u201cRenn um dein Leben!\u201c\u201cWir werden dich retten!\u201c, versprach sie mir und st\u00fcrmte \u0001 \u0002 verdreckten Bodenkacheln spiegelten mich wider und ich bekam dieses breite, b\u00f6se Grinsen zu sehen.\u201cKeine Sorgen, sie wird auch noch sterben.\u201c, sagte mein Spiegelbild lachend und ich war mir nicht sicher, ob es nur in meinem Kopf h\u00f6rbar \u0001 \u0002 schnappte mir das Messer aus Kyles K\u00fcche vom Tisch nebenan, fiel auf die Knie und stach mit lauten, verzweifelten Schreien erfolglos auf das Wesen zu, bis mir Teile der metallischen Klinge ins Gesicht flogen.",
            "wordcount": "1.566",
            "chapter_release": "19.02.2017",
            "chapter_number": "6"
        },
        "7": {
            "text": "So, tut mir leid, dass es so lange mit der Story dauert, aber ich hab echt nicht so viele Ideen. Aber danke, dass ihr so geduldig seid und bei mir \u0001 \u0002 hoffe, es gibt hier nicht so viele Fehler...Eure Once___________________________________________________Mein K\u00f6rper zitterte wie vor Eisesk\u00e4lte. Die Kratzer auf meiner Haut juckten wie verr\u00fcckt und genau sie waren der Grund daf\u00fcr, weshalb ich \u00fcberhaupt wieder zu mir kam. Ich musste mich stark zusammenrei\u00dfen, um sie nicht zu kratzen. Die Anstrengungen lie\u00dfen SIE nicht an meinen Geist \u0001 \u0002 kaputte Messer lag weiter hinten im Raum. In dieser Umgebung sah es so armselig aus. Wahrscheinlich genauso wie ich...Der Schein der R\u00f6hrenlampen war kalt und wei\u00df wie Schnee und tat meinen Augen weh, die in letzter Zeit so viel mit Dunkelheit konfrontiert wurden. Licht... Warum gab es hier \u00fcberhaupt noch Licht?Im Flur h\u00f6rte ich Schritte. Jemand versuchte, sich an mich heranzuschleichen. Kyle, Yasmine \u2013 nein!\u201eNein!\u201c, br\u00fcllte ich verzweifelt und Tr\u00e4nen standen mir in den Augen. \u201eNicht!\u201cWarum sind sie gekommen?! Ich \u2013 Sie wird sie doch umbringen!Vorsichtig wie eine Katze schl\u00fcpfte Kyle in das kleine Zimmerchen, dessen W\u00e4nde mit urspr\u00fcnglich wei\u00dfen Kacheln bedeckt waren. In der Hand hielt er eine ausgeschaltete Taschenlampe. Hinter ihm trat auch Yasmine ein. Ihre Augen sahen geschwollen aus und den Kopf hatte sie \u00e4ngstlich angezogen.\u201eI- Iwa... Geht es dir gut?\u201c, fragte sie \u0001 \u0002 eine bl\u00f6de Frage... Wie sollte es mir denn gehen?Ich traute mich nicht zu sprechen, tat es aber trotzdem. \u201eNein.\u201c Meine Stimme h\u00f6rte sich belegt und kratzig an. Raven \u2013 Raabe. Ja, das war ich. \u201eGeht. Bitte geht wieder. Ich m\u00f6chte euch nichts antun.\u201cIn meinem Kopf erklang das eklige, h\u00f6hnische Kichern. Sie werden auch noch sterben., sagte die Stimme. Sie werden alle noch \u0001 \u0002 wimmelte ich und senkte eilig den Blick, um auf den Boden vor meinen F\u00fc\u00dfen zu starren. \u201eNein, nicht. Bitte nicht.\u201cAus den Augenwinkeln bemerkte ich, wie sich Kyle mir n\u00e4herte.\u201eIwa.\u201c; meinte er beschwichtigend. \u201eKomm mit uns. Wir k\u00f6nnen dir helfen. Du bist unsere Freundin und wir werden alles f\u00fcr dich tun.\u201cEr klang so, als w\u00e4re ich eine tickende Bombe, deren blaues Kabel er durchtrennen musste. Als w\u00fcrde ich gleich explodieren, wenn er nur eine falsche Bewegung \u2013 wenn er nur ein falsches Wort sagte. Vielleicht stimmte es sogar. Denn in meinem Kopf schwirrte nur ein einziger Gedanke. Nur eine einzige Stimme sprach im Geiste zu mir. Ich wollte nur eines. Den Tod der beiden.\u201eNein.\u201c, murmelte ich angespannt. \u201eNein, geht jetzt. Geht sofort. Flieht. Versteckt euch. Verschwindet. Weg. Bitte. Ihr m\u00fcsst hier weg. Jetzt. Sofort. Bitte. Bitte!\u201cIch merkte nicht, wie ich meine Knie mit den Armen umfasste und anfing, vor und zur\u00fcck zu wippen. Ich wollte nicht nach dem Messer greifen. Ich wollte die beiden nicht umbringen. Ich wollte ihr Blut nicht auf meinen H\u00e4nden haben. SIE wollte es. Sie allein wollte es.\u201eWir k\u00f6nnen dich nicht so hier lassen!\u201c, rief Yasmine.\u201eK\u00f6nnt ihr.\u201c, entgegnete ich schnell. \u201eM\u00fcsst ihr. Jetzt. Sofort!\u201cDa liegt das Messer. T\u00f6te sie. T\u00f6te sie. Da liegt das Messer. Keine Angst.\u201eT\u00f6te sie.\u201c, stie\u00df ich \u0001 \u0002 eine Sekunde wurde die Welt schwarz. Tiefe, unendliche, eiskalte und trostlose Dunkelheit. Eine Sekunde, die sich wie eine Ewigkeit \u0001 \u0002 der n\u00e4chsten Sekunde stand ich schon bei Yasmine und hielt ihr das Messer an die Kehle. Es hatte keine Spitze mehr und dem Metall fehlte insgesamt hier und da ein St\u00fcck.\u201eEs tut mir leid.\u201c, wisperte ich und verst\u00e4rkte widerwillig den \u0001 \u0002 wollte es nicht. Das war ich nicht. Das waren nicht meine W\u00fcnsche. Nicht meine Gedanken. In meinem Kopf kicherte sie. Die, wessen wegen meine Freunde sterben \u0001 \u0002 ohnehin schon geschockte Augen wanderten hinter mich und wurden noch gr\u00f6\u00dfer. Dann h\u00f6rte ich, wie Kyle hinter mir aufschrie. Und die Welt wurde erneut schwarz... Doch diesmal aus einem anderen \u0001 \u0002 Kopf schmerzte. Als ich die Augen \u00f6ffnete, fand ich mich in Kyles Zimmer wieder. Jede Bewegung verhinderten die Seile, mit denen ich an den Stuhl gefesselt war. Das Tageslicht blendete mich trotz des grauen Himmels. Wann war er zuletzt klar gewesen?Meinen Kopf konnte ich zwar schlecht drehen, doch das st\u00f6rte mich nicht daran, Yasmine auf dem Sessel links von mir zu finden. Wage erinnerte ich mich daran, wie SIE sich gestern loszubinden versucht hatte, um meine Freundin \u0001 \u0002 nicht noch einen Schlag auf den Kopf zu kriegen wie in der Nacht, entschied ich mich, einfach still zu sitzen und zu warten. Lange w\u00fcrde es doch nicht dauern, bis jemand aufwachte, oder? Ich konnte nur hoffen, dass es nicht SIE sein \u0001 \u0002 aufs Stichwort h\u00f6rte ich dieses eklige Kichern. Ich schauderte, so widerlich war \u0001 \u0002 sie..., meldete sich eine Stimme, die man meine nennen k\u00f6nnte. Doch ich wusste es besser. Ich wusste es viel besser...\u201eFahr zur H\u00f6lle, du Biest!\u201c, fl\u00fcsterte ich \u0001 \u0002 kicherte wieder. Wer sagt, dass ich nicht schon dort bin? T\u00f6te sie. Sie ist doch sowieso nichts wert. Ich kann dir helfen, sie zu t\u00f6ten. Du musst es nur \u0001 \u0002 sch\u00fcttelte heftig den Kopf, als w\u00e4re sie wie eine Bl\u00fcte, die sich in meinem Haar verheddert hatte, und als k\u00f6nnte ich sie somit los werden. Leider war es \u2013 genauso wie mit den Bl\u00fctenbl\u00e4ttern \u2013 nicht der Fall. Sie sa\u00df so fest in meinem Kopf wie eine Zecke.\u201eSei still!\u201c, rief ich ged\u00e4mpft. \u201eSei einfach still!\u201cLass mich sie t\u00f6ten., wisperte die Stimme hypnotisch. Sie ist nichts weiter als st\u00f6rendes M\u00fcll. Du brauchst sie nicht. Die ganze Welt braucht sie nicht. Sie ist nichts weiter als ein Sack mit Knochen, Blut und \u0001 \u0002 wurde schwindelig und \u00dcbelkeit machte sich in meinem Hals breit. Kyles Zimmer drehte sich, doch vor meinen Augen sah ich ein ganz anderes Bild. Ich sah Charlie, der auf dem Boden in einem alten Krankenhaus lag, umgeben von Blut und mit einem Schrei im Gesicht. Ich sah ihn und meine dreckigen Fingern\u00e4gel, die ich in die H\u00e4nde dr\u00fcckte und doch nur den Schmerz in meiner Seele sp\u00fcrte.\u201eH\u00f6r auf!\u201c, br\u00fcllte ich, da ich es nicht mehr ertragen konnte. Ihre Stimme, die mich um den Verstand brachte, das Wissen, dass sie Charlie durch meine H\u00e4nde get\u00f6tet hatte, und meine Gewissensbisse, weil ich mich nicht gleich zur\u00fcckgehalten \u0001 \u0002 schreckte hoch und hinter mir h\u00f6rte ich, wie die T\u00fcr gegen die Wand knallte.\u201eMacht, dass sie ihre Klappe h\u00e4lt!\u201c, schrie ich, wobei ich die Augen zukniff.\u201eKyle, wir m\u00fcssen sie losbinden!\u201c, h\u00f6rte ich Yasmine flehen.\u201eNein!\u201c, widersprach dieser fest. \u201eAuf keinen Fall. Wir h\u00e4tten ihre Eltern anrufen sollen.\u201cJa, bitte!, dachte ich. Doch SIE hatte andere Gedanken. Gedanken, die meinen Widerstand mildern \u0001 \u0002 wird sie anrufen., sagte sie. Und dann kommst du wieder ins Irrenhaus. Dann wirst du wieder ans Bett gefesselt und musst haufenweise Pillen schlucken. Es wird dir keiner glauben. Das ist das Einzige, was deine Eltern wollen. Sie haben Angst vor dir. Sie werden dir nie verzeihen.\u201eIch war es nicht!\u201c; br\u00fcllte ich mit Tr\u00e4nen in den Augen und meine Freunde zuckten zusammen. \u201eIch war es nicht!!! Es ist alles deine Schuld! DEINE!\u201c\u201eIch werde ihre Eltern anrufen.\u201c, meinte Kyle entschieden. \u201ePass auf sie auf.\u201cIch lie\u00df meine Kampflust los und sie flog davon wie ein Luftballon. Er durfte nicht...Ich sp\u00fcrte, wie SIE sich in meinem Geist breit machte. Wie eine K\u00f6nigin auf ihrem Thron, nachdem der verhasste Ehemann gestorben war. Und sie war eindeutig eine K\u00f6nigin. Eine blutrote \u0001 \u0002 Rande meines Bewusstseins h\u00f6rte ich, wie sie Yasmine zuckers\u00fc\u00df anflehte, die Fesseln zu l\u00f6sen. Wie sie ihr einredete, dass mit mir alles in Ordnung war. Und wie sich der Druck und der Schmerz um meine Schultern, Arme und Handgelenke linderte. Im Halbdunkeln sah ich, wie sie sich mit einem erleichterten Seufzen dem Tisch n\u00e4herte und heimlich eine Schere nahm. Wie sie auf Yasmine zukam und sie weinend umarmen wollte. Und wie sie ihr die Schere in den R\u00fccken rammte!Ich wollte schreien und weinen. Ich hatte IHR selbst meinen Geist \u00fcberlassen. Ohne Gegenwehr. Ich hatte selbst Schuld!Dann war ich weg. Weg, im Schutz der wissenslosen Dunkelheit. Weg, wo Yasmine nicht mit meinen H\u00e4nden folternd starb. Ich hatte selbst Schuld!Doch was w\u00fcrde mit Kyle passieren?! Mein letzter Gedanke. Weg.",
            "wordcount": "1.369",
            "chapter_release": "20.04.2017",
            "chapter_number": "7"
        },
        "8": {
            "text": "Nach vielen, vielen Monaten melde ich mich wieder... Aber ich habe meine andere Story endlich beendet und habe es auch mit dieser hier \u0001 \u0002 ich wieder selbst die Macht \u00fcber meinen K\u00f6rper hatte, stand ich drau\u00dfen. Der Himmel war grau, die Sonne nur als ein wager, etwas hellerer Kreis zu sehen. Dies konnte ich schon seit l\u00e4ngerem beobachten. Offenbar hatte es etwas mit IHR zu tun und ich hasste mich daf\u00fcr, dass ich es nicht gleich bemerkt \u0001 \u0002 H\u00e4nde taten weh von dem Gewicht, den ich trug. Es waren zwei wei\u00dfe Kanister. Mein Vater interessierte sich schrecklich f\u00fcr Autos und daher wusste ich, dass sich darin nur Benzin befinden konnte. Benzin... Woher hatte ich Benzin? Und wozu ben\u00f6tigte ich es...?Entsetzt lie\u00df ich die schweren Beh\u00e4lter fallen und sie krachten, als sie sich mit dem harten Boden trafen, als h\u00e4tte ich eine Knarre bet\u00e4tigt. Ich zuckte \u0001 \u0002 Logik sagte mir, dass ich nichts h\u00e4tte anbrennen k\u00f6nnen, wenn die Kanister voll waren. Die Logik...Meine Aufmerksamkeit zog ein st\u00e4ndiges Knistern hinter mir an, dann brach etwas. Das Ger\u00e4usch war nicht allzu laut f\u00fcr meine Ohren und doch wirbelte ich erschrocken herum. Ich hatte eine schreckliche \u0001 \u0002 brannte. Es brannte heftig. Nun nahm ich auch den Geruch des Holzes wahr. Und nicht nur des Holzes... Kyles Haus brannte wie ein gro\u00dfes Streichholz. Das Glas der Fenstern war bereits zersprungen und irgendwo hinten in meinem Gehirn regte sich ein leises, grausames Wissen, dass sich seine Eltern noch darin befanden. Genauso wie Yasmines armselige Leiche, die nun keiner erkannt h\u00e4tte, h\u00e4tte er sie \u0001 \u0002 niemand wird jemals mehr als nur Staub finden., wisperte SIE \u0001 \u0002 vor Entsetzen aufgerissenen Augen brannten in diesem Moment wahrscheinlich genauso wie das zweist\u00f6ckige Geb\u00e4ude. Langsam k\u00e4mpften sich einige Tr\u00e4nen durch und rannen mir \u00fcber die Wangen. Ich habe... Ich habe... sie alle get\u00f6tet... Sie alle...Das Kichern in meinem Kopf erinnerte mich an IHRE Gegenwart. Doch ich wollte jetzt nicht stark sein, ich wollte nicht gegen SIE ank\u00e4mpfen. Ich wollte um meine Freunde weinen, um brutal ermordete \u0001 \u0002 weiter als ein Sack mit Fleisch, Knochen und Blut., wisperte \u0001 \u0002 ging in die Knie und dr\u00fcckte mit einem Schrei die H\u00e4nde auf die Ohren. \u201cLASS MICH IN RUHE!\u201cCharlie in der Klinik - nicht einmal mehr einem Menschen \u00e4hnlich. Yasmine in Kyles Zimmer - so hilflos und naiv wie ein kleines \u0001 \u0002 Bruder... dessen Aussehen ich bereits vor vielen Jahren vergessen hatte. Ich hatte nur seinen Leichnam in Erinnerung - gevierteilt, ohne erkennbares Gesicht, im Blut schwimmend wie M\u00fcll im \u0001 \u0002 erhob mich, ohne es selbst gewollt zu haben, und wimmelte bei dieser Feststellung tr\u00e4nenerstickt auf. Es war nicht ich, die die Kanister aufhob und meine Beine in Bewegung setzte. Ich wollte hier \u0001 \u0002 noch Kyle., kicherte die Kreatur in meinem \u0001 \u0002! Mein Kampfgeist erwachte und ich bekam wieder die Kontrolle \u00fcber meinen eigenen K\u00f6rper, der schon so lange nicht mehr mir geh\u00f6rte. Es war, als w\u00fcrde mein Selbstbewusstsein wachsen, als w\u00fcrde ich geistlich st\u00e4rker werfen - so sehr lag es mir daran, meinen letzten Freund zu \u0001 \u0002 lie\u00df die schweren Kanister erneut fallen. Gleich verging die Taubheit in meinen H\u00e4nden und mein K\u00f6rper f\u00fchlte sich wolkenleicht an - es kam mir vor, als w\u00fcrde ich \u0001 \u0002 dr\u00e4ngte das Monster zur\u00fcck, das so fest irgendwo in mir sa\u00df, und beschleunigte meine Schritte. Ich musste in die Klinik. Das war der einzige Ort, wo die Welt vor IHR sicher war und wo mich Kyle nicht finden w\u00fcrde. Die Vernunft siegte und ich hoffte inst\u00e4ndig, dass er es geschafft hatte, meine Eltern zu \u0001 \u0002 zitterte am ganzen K\u00f6rper, wie vom hohen Fieber ergriffen, als ich in einem der zwei Fl\u00fcgel die dunkle Treppe hinab stieg. Schwaches Licht drang von unten zu mir durch und lie\u00df vermuten, dass dieses alte, heruntergekommene Geb\u00e4ude, das zur Attraktion f\u00fcr Jugendliche und zum Heim f\u00fcr Obdachlose geworden war, noch immer mit Strom versorgt wurde. Wozu?Auf den kalten und feuchten W\u00e4nden hingen Graffiti, als h\u00e4tte hier ein kleines Kind seinen Spa\u00df gehabt. Es fehlten einige Teile vom Gel\u00e4nder, wobei man erkennen konnte, dass die unerw\u00fcnschten Eindringlinge dieses mit Gewalt herausgerissen hatten, und wodurch sich Holzsplitter in meine Haut krallen k\u00f6nnten wie Tierkrallen, h\u00e4tte ich die Arme nicht verschr\u00e4nkt. Die Stufen knarrten gef\u00e4hrlich unter meinem Gewicht, als w\u00fcrden sie mich warnen wollen, nicht weiterzugehen, und in der durchdringenden Stille klang es unheimlich laut in meinen Ohren, sodass ich am liebsten umgekehrt \u0001 \u0002 das Schlimmste erwartete mich unten. An beiden W\u00e4nden des engen Korridors hingen Spiegel, die keinen Millimeter unbedeckt lie\u00dfen. Es kostete mich gro\u00dfe \u00dcberwindung, die letzte Stufe der morschen Treppe zu verlassen und in die Helligkeit zu treten. Sofort begegnete mein Blick dem Spiegelbild und es war ganz sicher keine angenehme Begegnung. So schrecklich habe ich noch nie ausgesehen... Meine Haut war so grau, dass man meinen k\u00f6nnte, sie w\u00e4re durchsichtig und ich ein Geist. Die schwarzen Augen stachen heraus und das Entsetzen stand mir wie mit dunkler Tinte ins Gesicht geschrieben. Die ebenso schwarzen, zerzausten Haare wiesen auf einige Knoten darin hin und m\u00fcssten dringend gewaschen werden. Auf meinen blassen Lippen zeigten sich Risse, so trocken war mein Mund. Obwohl es nur drei Tage her war, seit der Schrecken angefangen hatte, wirkte ich wie abgemagert, als h\u00e4tte ich mich schon seit Monaten nur von Brot und Wasser ern\u00e4hren \u0001 \u0002 dann grinste mein \u0001 \u0002 taumelte ich zur\u00fcck, stie\u00df gegen die zweite spiegelbedeckte Wand, wirbelte herum und rannte keuchend los. Wohin - das wusste ich nicht und es war mir auch egal, Hauptsache ich w\u00fcrde irgendwo ankommen, wo es keine Spiegel \u0001 \u0002 war der kleine Raum mit der Liege in der Mitte, wo ich mich schlie\u00dflich fand. Das grelle wei\u00dfe Licht schien noch immer von der Decke und lie\u00df meine Augen schmerzen. Doch es war genug, um mich von dem widerlichen Fl\u00fcstern abzulenken, das sich in meinem Kopf langsam Platz verschaffte. Wieder. Und mein atemloses Keuchen reichte fast aus, um die Schritte hinter mir im Flur zu \u00fcberh\u00f6ren. Aber nur fast. Kyle, renn, bitte renn., schaffte ich noch zu denken. Dann geh\u00f6rte mein K\u00f6rper nicht mehr mir und ich schrie innerlich verzweifelt auf, als w\u00fcrde mein Leben von diesem Schrei abh\u00e4ngen. Doch es war nicht mein eigenes Leben, und Kyle konnte den Schrei leider nicht h\u00f6ren. Es tat mir wirklich leid, es zerriss mir das \u0001 \u0002 Schritte hinter mir wurden lauter, hier und da knarrten Holzdielen. SIE tat, als w\u00fcrde ich immer noch nach Luft schnappen und mich vor Verzweiflung ein wenig kr\u00fcmmen. Doch SIE bereitete sich vor, SIE spannte die Muskeln an, SIE lauschte und \u00fcberlegte, was sie beide jetzt tun w\u00fcrden. Innerlich wand ich mich. Ich wollte weglaufen. Oder noch besser mich von Kyle umbringen lassen. Doch je mehr ich das wollte und Widerstand zu leisten versuchte, desto weniger Kontrolle hatte ich \u00fcber meinen \u0001 \u0002 nur noch Kyle., h\u00f6rte ich IHRE Gedanken. Sie klang wie eine zufriedene Katze und es trieb mich in den \u0001 \u0002 griff an. Seine Schritte wurden noch lauter, schneller, n\u00e4her. In einer Umdrehung, die nur den Bruchteil einer Sekunde dauerte, kr\u00fcmmte SIE meinen K\u00f6rper, richtete sich dann gerade auf, griff nach Kyles Arm und hielt ihm sein eigenes Messer - mit seiner eigenen Hand - vor die Kehle.\u201cDu h\u00e4ttest laufen sollen.\u201c, fl\u00fcsterte \u0001 \u0002 lachte. Es klang gezwungen und rau, aber mit deutlichem Triumph. \u201cSie werden dich holen kommen, h\u00f6rst du? Schon bald. Schon sehr, sehr bald. Sie wissen, wo wir sind, was du getan hast und was du anrichten wirst, wenn man dich nicht aufh\u00e4lt. Sie wissen es. Und diesmal kommen sie mit Verst\u00e4rkung. DU h\u00e4ttest laufen sollen.\u201cSIE rammte ihm das Messer st\u00e4rker in die Kehle und er hustete. \u201cIwa... tut mir leid, dass ich dich nicht anders retten kann.\u201cEr hatte meine Eltern gerufen. Kyle hatte meine Eltern gerufen! Wahrscheinlich auch die Klappse und die Polizei!\u201cSieh zu, wie du dich jetzt selbst rettest, Kyle. Iwa kommt auch selbst wunderbar zurecht.\u201c SIE stoppte. \u201cOh, ich bin ja auch Iwa.\u201c Dann kicherte sie. \u201cNa ja, wir kommen beide gut klar.\u201cKyle atmete schneller, \u00e4ngstlicher. \u201cDu hast keine Zeit, mich mit Spa\u00df umzubringen. Sie sind schon unterwegs und das wei\u00dft du.\u201cSIE kicherte erneut. \u201cOh, Iwa, hast du das geh\u00f6rt? Dein kleiner Freund fordert mich heraus.\u201c, sagte SIE \u0001 \u0002 SIE nicht in meinem K\u00f6rper stecken, dann h\u00e4tte ich IHR ins Gesicht gespuckt. Doch genau das war das Problem... Mein K\u00f6rper geh\u00f6rte IHR mehr als mir selbst. SIE lie\u00df mich verr\u00fcckt werden, paranoid. Durch SIE wurde ich f\u00fcr eine M\u00f6rderin gehalten und meine Eltern hassten mich. Aber ich war nicht SIE. Ich hatte meinen Bruder nie umgebracht! Ich hatte nie meine Freunde umgebracht! Es war SIE! Es war allein SIE! Ich h\u00e4tte es niemals getan. Ich wei\u00df nicht mal, wie genau es passiert war. Ich war es wirklich nicht... Das Einzige, woran ich schuld bin, ist die Tatsache, dass ich IHRE Wiederkehr verdr\u00e4ngt hatte und meine Freunde dadurch in Gefahr gebracht habe. Und diesen Fehler werde ich nie mehr wiedergutmachen k\u00f6nnen...Kyle wand sich und SIE kippte das Messer so, dass nun nur die Spitze seinen Hals ber\u00fchrte.\u201cDu bist nur ein Sack mit Knochen, Blut und Organen.\u201c, wisperte SIE ihm ins Ohr. \u201cMehr nicht.\u201cEr schluckte schwer. \u201cSie werden dich einsperren, ans Bett ketten und mit Tabletten vollstopfen. Und dann kommst du nie mehr raus.\u201cSeine Stimme zitterte so stark wie er selbst, und auch genauso wie diese kleinen Hunde, die einem niemals Angst einjagen, egal wie heftig sie bellen. SIE f\u00fcrchtete sich nicht vor ihm. Und auch nicht vor ihnen. Doch ich tat das. Ich wollte das alles nicht wieder \u0001 \u0002 lachte boshaft. \u201cWenn deine Freundin Iwa sich lange genug gut benimmt und ich sie in Ruhe lasse, dann wird sie wieder rauskommen. Und mit ihr auch ich. Ein paar Jahre machen mir nichts aus.\u201cSIE f\u00fchrte meine Hand, die Kyles Hand festhielt, nach unten, sodass das Messen einen Schnitt hinterlassen musste. Ich war zu klein, um ihn sehen zu k\u00f6nnen, ohne um ihn blicken zu m\u00fcssen. Aber ich konnte erkennen, wie Kyle die Z\u00e4hne zusammenbiss und die Augen zukniff. Du h\u00e4ttest rennen sollen, Kyle., dachte ich machtlos.\u201cDu h\u00e4ttest rennen sollen, Kyle.\u201c, wiederholt SIE v\u00f6llig \u0001 \u0002 dann verst\u00e4rkte SIE den Druck auf die Klinge und mit einer schnellen Bewegung riss sein \u0001 \u0002 schrie auf, denn es war nicht nur der Stoff, der durchtrennt wurde, sondern auch seine Haut mitten auf der Brust. SIE hatte recht, Menschen waren wirklich wie S\u00e4cke. Doch wie dem auch sei und wie schrecklich auch meine Zustimmung ihren Worten war, es war ein Mensch, den ich gut kannte und der mir durchaus etwas \u0001 \u0002 meinen Lippen drang ein verzweifeltes Kreischen und eine Tr\u00e4ne bahnte sich einen Weg aus meinem \u0001 \u0002 stie\u00df Kyle das Messer in die Schulter und es bohrte sich bis zum schwarzen Knauf in seine perfekt-glatte Haut. Er br\u00fcllte schmerzerf\u00fcllt, fiel auf die Knie und hielt sich knurrend und wimmernd die blutende \u0001 \u0002 ging mit zwei gleitenden Schritten um ihn herum, dr\u00fcckte die Finger mit aller Kraft in seine Schultern, wodurch er nur noch lauter aufheulte, und dr\u00fcckte ihn zu Boden. Er h\u00e4tte sich nicht wehren k\u00f6nnen. Ich wusste, SIE verdr\u00e4ngte mich nicht sehr weit, damit ich zusehen konnte, wie mein bester Freund starb. Damit ich sah, wie er durch meine eigenen H\u00e4nde unter h\u00f6llischen Scherzen das Leben verlor. Und ich wusste auch, dass niemand ihm zu Hilfe eilen w\u00fcrde - nicht bevor sie endete. Und so war es auch...SIE trennte ihm die Haut ab... St\u00fcck f\u00fcr St\u00fcck. Und er schrie, heulte, schnappte nach Luft, versuchte SIE abzuwehren - mich abzuwehren, wand sich, keuchte nach Hilfe, zuckte. Oh ja, er zuckte ganz heftig, als h\u00e4tte ihn der Blitz getroffen, als h\u00e4tte er einen Stromschlag \u0001 \u0002 dann schnitt SIE ihm - schnitt ich ihr - schnitt SIE ihm... die Finger... Ich will nicht davon sprechen. Ich kann nicht. Das war ich nicht. Das war SIE. Es war SIE! SIE! SIE tat ihm auch noch mehr an... Kyle war die ganze Zeit am Leben. Sogar fast immer bewusstlos. Und mich lie\u00df SIE auch nicht gehen. SIE kicherte, lachte, boshaft, rau und zufrieden. SIE lie\u00df mich nicht in diese ahnungslose Schw\u00e4rze gleiten, lie\u00df mich dort nicht aufl\u00f6sen, bis alles vorbei w\u00e4re. SIE hielt mich fest und IHR Griff war eisern und tat \u0001 \u0002 dann kamen sie. Es waren Leute aus dem Irrenhaus, ich erkannte sie sofort. Zehn Polizisten unterst\u00fctzten sie. Doch da war Kyle bereits tot. Und kaum mehr erkennbar - gar nicht mehr \u0001 \u0002 in diesem Augenblick trat SiE zur\u00fcck und \u00fcberlie\u00df mir meinen K\u00f6rper. SIE verschwand und lie\u00df mich ganz allein. Ich heulte und tat nichts dagegen, als mich die M\u00e4nner in wei\u00dfen Kitteln aus dem Keller der alten Klinik zerrten, die mich noch immer an ein gro\u00dfes, lebendes Etwas erinnerte, das man hier mit Kraft an Ort und Stelle festhielt. Ich starrte in die schockierten, entt\u00e4uschten Augen meiner Eltern an ihrem Ausgang und meine Sicht verschwamm. Sie verstanden noch immer nicht, dass es unter meiner Kraft war, mich IHR zu widersetzen. Ich glaube, sie werden es sich nie verstehen. Sie glauben mir nicht. Sie glauben nicht, dass ihre eigene Tochter all diese Menschen nicht selbst umgebracht hat. Sie glauben nicht an die Stimme in meinem Kopf. Sie k\u00f6nnen sich nicht im geringsten vorstellen, was ich durchmachen musste und in diesem Moment muss. F\u00fcr sie ist es einfacher zu glauben, dass ich irre bin, v\u00f6llig verr\u00fcckt, wahnsinnig. Das glaubst du doch auch. Du glaubst mir nicht. Du glaubst meiner Geschichte nicht. Du glaubst nicht, dass das alles nicht ich selbst getan habe. Doch ich h\u00e4tte es niemals getan. NIEMALS! Sie waren meine Freunde! Meine einzigen Freunde! Ich h\u00e4tte es niemals getan.\u201cIch setze mich wieder auf den wei\u00dfen Stuhl hin, von dem ich vor Aufregung aufgestanden bin, und falte die Arme auf dem Tisch zusammen. Dann schaue ich der jungen Psychologin, \u00c4rztin oder wer auch immer sie sein soll in ihre ausdruckslosen grauen Augen. Die Frau hat einen festen, dunklen Dutt auf dem Hinterkopf, tr\u00e4gt einen formalen schwarzen Anzug und starrt mir stumm entgegen. \u201cWei\u00dft du, ich glaube dir.\u201c, sagt die Frau \u0001 \u0002 glotze sie ungl\u00e4ubig an. \u201cBestimmt nicht.\u201cSie nickt, um ihre Aussage zu bekr\u00e4ftigen. \u201cDoch, doch, ich glaube dir wirklich. Menschen sto\u00dfen immer auf Ungl\u00fcck, manchmal ist es kleiner, manchmal gr\u00f6\u00dfer. Bei dir war es gro\u00dfes Ungl\u00fcck. Aber wenn du jetzt aufgibst, wird SIE f\u00fcr immer von dir Besitz ergreifen. Und das darfst du nicht zulassen. Ich werde dich immer wieder besuchen kommen und dann erz\u00e4hlst du mir, was du in der Zeit meiner Abwesenheit erreicht hast, ja? Irgendwann wirst du SIE los sein, hier musst du schon MIR glauben. Und wenn wir das geschafft haben, dann bist du wieder frei.\u201cMeine Augen werden noch gr\u00f6\u00dfer. Doch es ist nicht das Staunen dar\u00fcber, dass es eine Verbesserung geben muss. Es ist die Entt\u00e4uschung. \u201cDu hast nichts verstanden... Du hast gar nichts verstanden...\u201c Mit den Augen fixiere ich das Tablett mit dem Essen und den Tabletten auf dem Tisch. \u201cIhr d\u00fcrft mich nicht freilassen!\u201c, kreische ich und fege es mit einer Bewegung beiseite. \u201cIhr d\u00fcrft es nicht!\u201cSie zuckt zusammen und rutscht ein wenig zur\u00fcck, doch ihr R\u00fccken ist immer noch so gerade und der Blick so freundlich-starr. Dann steht sie auf und geht zur T\u00fcr. \u201cWir sehen uns in einem Monat, Iwa. Glaube an dich.\u201cNoch w\u00e4hrend ich mich zur Seite beuge, um ein paar Scherben aufzuheben und sie entweder nach ihr zu schmei\u00dfen oder mir die Adern damit aufschneiden, wird die T\u00fcr ge\u00f6ffnet. Die Frau verl\u00e4sst meine Kammer und zwei starke Arbeiter treten an ihre Stelle.\u201cBringt mich um!\u201c, br\u00fclle ich. \u201cBringt mich lieber um!!!\u201cGef\u00fclllos greifen sie nach meinen Armen, nehmen mir die Scherben ab und tragen unter wildem Zucken zum Bett, woran sie mich festbinden. Dann verschwinden auch \u0001 \u0002 f\u00e4llt mein Blick auf den Spiegel gegen\u00fcber dem Bett. Ich sehe noch genauso aus wie beim letzten Mal. Dreckige, str\u00e4hnige Haare, die man nur abrasieren kann, so knotig sie sind, wei\u00dfe Haut, durch dunkle Augenringe umrandeten irren Augen, trockenen Lippen, knochige Arme und Beine. Ich zucke stark zusammen, als mir der Gedanke kommt, dass ich bereits wie eine Tote \u0001 \u0002 Mund verzieht sich zu einem breiten L\u00e4cheln, ohne dass ich es selbst getan \u0001 \u0002 sind sie alle tot., h\u00f6re ich IHR Kichern. Aber leider nur in meiner \u0001 \u0002 rei\u00dfe die Augen auf. \u201cIn deiner Welt? Was hei\u00dft in deiner Welt?! Welche deine Welt?!?!\u201cJetzt m\u00fcssen wir zusehen, wie wir es in deiner Welt hinkriegen. Sei ein braves M\u00e4dchen, \u0001 \u0002 das vergitterte Fenster wird der blaue Nachthimmel sichtbar, die Sterne leuchten und der Mondschein f\u00e4llt pl\u00f6tzlich auf die gegen\u00fcberliegende raue, wei\u00dfe Wand.\u201cNEIIIIIINNN!!!!!\u201c, kreische ich auf, falle zur\u00fcck auf das Bett, kr\u00fcmme den R\u00fccken und rei\u00dfe an den festen Gurten, die sich in meine Haut bohren. \u201cNEIIIINNN!!!!!\u201cENDE______________________________________Ich danke allen f\u00fcrs Lesen und hoffe, ihr hattet Spa\u00df. Auch hoffe ich, dass die Story einigerma\u00dfen nervenzerrend war und dass euch das Ende \u00fcberrascht \u0001 \u0002 werde mich nat\u00fcrlich \u00fcber Kommentare freuen, schreibt an, ich les mir alles \u0001 \u0002 sage gleich: bis jetzt habe ich keine Vorstellung von dem zweiten Teil, also hofft nicht stark drauf. Doch falls ich die Story weiterf\u00fchren sollte, werdet ihr es auf jeden Fall \u0001 \u0002 Once",
            "wordcount": "2.890",
            "chapter_release": "05.09.2017",
            "chapter_number": "8"
        }
    },
    "title": "Durch die Spiegel",
    "topic": "unspecified",
    "release": "\n29.01.2017\n\t\t\t\t\t\t",
    "author": "Once"
}