{
    "tags": [],
    "chapcount": "1",
    "wordcount": "12.474",
    "chapters": {
        "1": {
            "text": "Das Haus des SchreckensEs war gegen halb zw\u00f6lf Mittags, als sie das Haus erreichten. Selbst im hellen Tageslicht erinnerte es sie ein bisschen an Batels Motel aus Hitchcocks \"Psycho\". Sie waren alle jung und neugierig - verga\u00dfen alle Warnungen und versuchten, hineinzugelangen. Im Inneren war es dreckig. Ein Geruch von Staub lag in der Luft, aber es war nicht ann\u00e4hrend so gruselig wie sie gedacht hatten, nur still und von den ehemaligen Bewohnern verlassen. Die Jungen durchst\u00f6berten das alte Haus ohne Angst zu haben. Nur einer von ihnen, ein kleiner schwarzhaariger, hatte das eigenartige Gef\u00fchl, beobachtet zu werden. Ein schauerliches Ger\u00e4usch lie\u00df ihr Lachen verstummen und der folgende Schmerzensschrei lie\u00df sie fliehen, aber bevor sie das Haus verlie\u00dfen, nahmen sie ein Bild in sich auf, das sie niemals mehr vergessen w\u00fcrden. Keiner der f\u00fcnf Jungen sprach jemals \u00fcber diesen Besuch, Jahre vergingen und die Erinnerung daran verblasste. Ein Samstag, fast f\u00fcnfzehn Jahre sp\u00e4ter...Nick Slater, ein junger Polizeisergeant war gerade mit einer Akte besch\u00e4ftigt, als sein Chef hereinkam. \"Sergeant Slater, da gibt es etwas, das ich sie fragen wollte.\" Nick sah ihn fragend an. \"Sie wurden doch in Wrightside geboren, nicht wahr?\" \"Das stimmt. Aber ich verlie\u00df es, als ich zw\u00f6lf war, warum fragen Sie, Sir?\" \"Das verbrechen, um das es geht, wurde dort ver\u00fcbt und vielleicht wissen sie etwas \u00fcber Ihre Heimatstadt, das uns weiterhelfen k\u00f6nnte.\"Als sie am n\u00e4chsten Tag in Wrightsides kleinem Bahnhof ankamen, kam es Nick vor, als sei er wieder in die Vergangenheit zur\u00fcckgekehrt. Er hatte eine sch\u00f6ne Kindheit gehabt, bis zu dem Tag als seine Mutter starb. Sein Vater und er hatten Wrightside verlassen um anderenorts wieder neu anzufangen. \"Wer wurde get\u00f6tet, Sir?\" \"Ein junger Mann, etwa in Ihrem Alter, vielleicht kannten sie ihn sogar - Peter Graves.\" Jede Farbe wich aus Nicks schmalem gebr\u00e4untem Gesicht. \"Sie sehen aus, als kannten Sie ihn.\" \"Ich kannte ihn nicht einfach nur, Sir\", sagte Nick leise. \"Er war mein bester Freund.\" Er sah seinen Vorgesetzen an. \"Meinen Sie, ich kann ihn sehen?\" \"Ich verstehe Sie, Nick, aber vielleicht sollten Sie sich diesen Anblick besser ersparen.\" \"Warum?\" \"Jemand hat ihn grausam zugerichtet. Er sah kaum noch wie ein Mensch aus!\" \"Was um Gotteswillen ist geschehen und warum?\" \"Das m\u00fcssen wir herausfinden. Ich wusste, dass Sie mir helfen k\u00f6nnen.\" Parker sah seinen jungen Assistenten von der Seite an. \"Ist alles okay mit Ihnen, Nick?\" \"Ich bin okay. Lebt seine Familie noch hier?\" Parker nickte. \"Ich werde sie besuchen. Das klingt so schrecklich. Niemals h\u00e4tte ich gedacht, dass ich aus einem solchen Grund zur\u00fcckkommen w\u00fcrde, das schw\u00f6re ich Ihnen.\"Das Haus der Graves war ein sch\u00f6nes wei\u00dfes Geb\u00e4ude mit bunten Geranien in den K\u00e4sten. Nick war seltsam zu Mute. Was sollte er sagen? Er z\u00f6gerte, bevor er klingelte und war drauf und dran, wieder fort zu gehen, als die Haust\u00fcr von einer schmalen blassen Frau ge\u00f6ffnet wurde - Peters Mutter. Einen Moment lang sah sie ihn schweigend an, dann kam Leben in ihre Augen und Bewegung in sie. \"Nick Slater?\", sagte sie langsam, \"habe ich Recht?\" \"Ja, Mrs. Graves.\" \"Komm rein.\" Sie lie\u00df ihn eintreten. Nick war bem\u00fcht, sich nicht anmerken zu lassen wie sehr ihn ihre Ver\u00e4nderung ersch\u00fctterte. Fr\u00fcher war sie h\u00fcbsch gewesen und immer gut gelaunt. Peters Tod hatte sie altern lassen. \"Du wei\u00dft, das mit Peter.\" \"Ja, ich wei\u00df es, Ma'am.\" \"Setz dich.\" Sie wandte sich an die junge Frau, die am Fenster stand.\" \"Anne, erinnerst du dich an Nick?\" Anne drehte sich um und sah ihn an. \"Ja, ich erinnere mich. Warum bist du hier? Als ich dich das letzte Mal sah, war ich zehn Jahre alt. Seitdem haben wir nichts von dir geh\u00f6rt.\" Ihr schmales Gesicht war blass und ihre Augen ger\u00f6tet von den Tr\u00e4nen, die sie vergossen hatte. \"Du hast recht, Annie\", sagte er ruhig. \"Aber jetzt bin ich hier, um seinen M\u00f6rder zu finden.\" Nick sah das zynische L\u00e4cheln auf ihren Z\u00fcgen. \"Du machst Witze, Nick Slater, wie immer. Ich sehe, du hast dich \u00fcberhaupt nicht ver\u00e4ndert.\" \"Ich glaube nicht, dass das der richtige Zeitpunkt ist, um Witze zu machen.\" Er hielt ihr eine Polizeimarke hin. \"Siehst du jetzt, dass ich nicht Scherze?\" \"Also nur interessiert an dem Mord. Du hast dich wirklich nicht ver\u00e4ndert.\" \"Anne, sei still. Du kannst ihn nicht f\u00fcr Peters Tod verantwortlich machen\" \"Sag ihm, das er verschwinden soll, Mum. Wir brauchen sein Mitleid nicht.\" \"Glaubst du wirklich, dass ich hier bin, weil ich Mitleid mit euch habe, Anne. Du irrst. Ich will wissen, wer Peter get\u00f6tet hat und warum.\" Deshalb muss ich euch ein paar Fragen stellen. Vielleicht k\u00f6nnt ihr mir helfen.\" \"Ich werde nicht antworten\", sagte Anne trotzig und wandte sich ab. \"Aber ich\", sagte ihre Mutter. \"Frage ruhig, Nick.\" \"Gibt es irgendjemanden, der einen Grund gehabt haben k\u00f6nnte Peter umzubringen?\" \"Peter war ein bisschen seltsam und es war nicht leicht, mit ihm auszukommen, vor allem in letzter Zeit nicht, aber ich kann mir nicht vorstellen, dass jemand ihn so sehr hasste, dass er ihn zerst\u00fcckelt.\" \"Er erhielt einen Brief\", mischte sich Anne pl\u00f6tzlich ein, \"und sein Gesichtsausdruck ver\u00e4nderte sich. Er sah pl\u00f6tzlich aus, als habe er schreckliche Angst.\" \"Gibt es diesen Brief noch?\" \"Was?\" \"Hat er ihn aufgehoben?\" \"Ich wei\u00df nicht, vielleicht.\" Anne zuckte die Achseln. \"Wenn euch noch irgendetwas einf\u00e4llt...\" Er nahm einen Zettel und einen Stift und schrieb etwas auf... \"Hier ist meine Nummer.\" Nick verabschiedete sich und ging. \"Er hat sich ver\u00e4ndert\", sagte Mrs. Graves, als er gegangen war, \"er ist kein kleiner sch\u00fcchterner Junge mehr.\" \"Aber daf\u00fcr neugierig und arrogant\", warf Anne ein. \"Ich hoffe, dass er Peters M\u00f6rder findet, Anne. Vielleicht werde ich irgendwann verstehen, warum Peter auf eine solche Art und Weise sterben \u0001 \u0002 und Chefinspektor Parker hatten sich zwei Zimmer in einem kleinen Hotel reservieren lassen, das Mrs. Edith Wilson geh\u00f6rte, einer Freundin von Nicks Tante Alberta. Diese war erfreut, ihn zu sehen. \"Kind, hast du dich ver\u00e4ndert! Du bist so gro\u00df geworden. Wie viele Jahre haben wir uns nicht gesehen, Nick?\" \"Fast f\u00fcnfzehn Jahre, Mrs. Nelson.\" \"ich freue mich, dass du hier bist, obwohl der Grund daf\u00fcr schrecklich ist.\"Als es dunkelte, machte Nick einen Spaziergang durch den Ort. Er war allein, es begegnete ihm nicht eine Menschenseele. Wrightside, ein Ort, in dem die B\u00fcrgersteige hochgeklappt und der Mond mit der Stange weiter geschoben wurde. Und doch war hier ein Mord passiert. Jemand hatte Peter ermordet, warum ausgerechnet ihn und warum wurde er, Nick, das Gef\u00fchl nicht los, dass das erst der Anfang war? In der alten Umgebung kamen verborgene Erinnerungen in ihm hoch und dann sah er es, das alte Haus - die Sherman- Villa, dunkel, geheimnisvoll, ein Zeichen l\u00e4ngst vergangener Zeiten. Einen Moment lang z\u00f6gerte er, sah zum Haus hin, gedankenverloren. Da war etwas in seinem Unterbewusstsein, etwas das mit diesem Haus zu tun hatte, er wusste nicht, was es war. Die Erinnerungen an dieses Haus waren versch\u00fcttet und er sp\u00fcrte, dass es keine angenehmen Erinnerungen waren. Dennoch wusste er, dass er sie brauchen w\u00fcrde, um das Problem zu l\u00f6sen, er musste sich \u0001 \u0002 \u00f6ffnete Peters Schrank und begann, seine Sachen in Kartons zu packen. Als sie dabei ein paar alte Fotoalben fand, z\u00f6gerte sie. Sie lie\u00df sich in einen Sessel fallen und begann sie durch zu bl\u00e4ttern. Da waren Fotos von Peter als Baby und Kleinkind. Fotos von seinem ersten Schultag, eines mit seinen Freunden. Sie entdeckte Nick neben ihm, einen ernsthaften, sch\u00fcchternden Jungen, der etwas Undurchschaubares an sich hatte. F\u00fcr einen kleinen Jungen war er zu ernst gewesen, zu nachdenklich. Manchmal hatte er Dinge gesagt, die niemand verstanden hatte, so, als spreche er eine fremde Sprache. Manche hatten ihn f\u00fcr einen Spinner gehalten. Anne erinnerte sich. Nick war zwei Jahre \u00e4lter gewesen als sie. Etwas an ihm hatte sie angezogen und etwas abgesto\u00dfen. Auf dem Foto waren Peter und Nick ungef\u00e4hr zehn gewesen. Als sie Peters lachendes Gesicht sah, kamen ihr die Tr\u00e4nen. Nick und Peter, die besten Freunde, obwohl sie v\u00f6llig verschieden waren und jetzt kam Nick zur\u00fcck um Peters M\u00f6rder zu finden, ausgerechnet Nick. Sie nahm das Foto und steckte es in die Tasche, stand auf und verlie\u00df Peters Zimmer. Als sie das Haus verlie\u00df, stie\u00df sie mit dem in Gedanken versunkenen Nick zusammen. \"Es gibt etwas, \u00fcber das jederMensch verf\u00fcgt\", begann sie zynisch, \"man nennt sie Augen. Warum nutzt du deine nicht?\" Er hob den Kopf und sag sie an. \"Entschuldige, Annie, ich tat es nicht mit Absicht.\" \"Es ist okay!\" Anne sah die Schatten unter Nicks dunklen Augen. Er sah blass aus, angegriffen. Nick bemerkte ihren Blick. \"Gibt es etwas, dass du mir sagen wolltest, Annie?\" \"Nein, Nick. Das einzige Neue sind sind ein paar alte Fotos.\" \"Kann ich sie sehen?\" \"Sicher, aber nicht jetzt. Ich wollte gerade weg. Aber warte!\" Sie zog das Foto hervor und hielt es ihm hin. \"Kennst du dieses Foto?\" Nick warf einen Blick darauf und es schien ihr, als werde er noch blasser und seine Augen noch dunkler, als sie ohnehin schon waren. Sein Finger strich \u00fcber das Foto. Irgendetwas an seinem Verhalten irritierte Anne. \"Was ist los, Nick?\" \"Das Haus, die Sherman- Villa.\" \"Was ist damit?\" \"Der Mord, Peters Tod. Ich wei\u00df das es etwas mit dem Haus zu tun hat.\" \"Nick\", begann Anne langsam, \"ich wei\u00df das du voller Fantasie steckst, aber du solltest nicht so romantisch sein.\" \"Es hat nichts mit Romantik und Fantasie zu tun, Annie, ich w\u00fcnschte es w\u00e4re so. Aber es ist die Wahrheit. Ich muss mich nur erinnern und ich beweise es dir, Machs gut!\" Er ging. Anne sah ihm hinterher, bis er nicht mehr zu sehen war. Ihre Mutter hatte Recht. Er hatte sich wirklich ver\u00e4ndert. Nicht allein sein Aussehen, auch seine ganze Art. Und seltsamerweise glaubte sie ihm jedes Wort. Am n\u00e4chsten Tag fuhr Parker nach London zur\u00fcck und lie\u00df Nick allein. Nick ging an diesem Abend fr\u00fch ins Bett. Es war ein sch\u00f6ner Samstag und das Lachen von Kindern war zu h\u00f6ren. Sie waren alle zwischen 8 und 10 Jahren alt und neugierig wie die meisten Kinder ihres Alters. \"Wollt ihr da wirklich rein?\", fragte einer, als sie die Treppen hinaufgegangen waren und vor der T\u00fcr standen. \"Warum fragst du, hast du Angst?\" \"Nein...\" \"Du bist ein Feigling, Nick Slater. Das wusste ich schon immer\", sagte einer von ihnen. \"Ich bin kein Feigling. Lasst uns reingehen.\" Der Geruch von Staub wehte ihnen entgegen und etwas durchquerte den Raum. \"Fang nicht an zu schreien. Das war blo\u00df ne Ratte, nicht mehr.\" Alte M\u00f6bel, alte Bilder, Zeugen vergangener Zeiten. \"Nichts Wertvolles dabei!\"\"Nee, nur alte h\u00e4ssliche Bilder.\"\"Peter, wo willst du hin?\"\"Nach oben.\"\"Du solltest nicht allein gehen.\"\"Ich nehme Nick mit.\"\"Ich mag diesen Raum nicht und auch nicht das Haus. Sp\u00fcrst du es nicht?\"\"Was soll ich sp\u00fcren?\"\"Es hat Augen, \u00fcberall. Ich mag es nicht, wenn man mich beobachtet.\" \"Du bist ein Feigling, Nick\", sagte Peter lachend, \"fang nicht gleich an zu heulen, ja? Du willst doch mal ein Mann werden, oder?\" \"Klar!\"\"Dann h\u00f6r auf Geschichten zu erz\u00e4hlen, okay? Es gibt nichts Unheimliches in diesem Haus und...\" Ein schrecklicher Schrei lie\u00df ihn mitten im Satz verstummen und er sah Nick an. \"Was war das?\" \"Lass uns runtergehen und nachsehen\", schlug Peter beherzt vor. \"Peter, Nick, habt ihr es geh\u00f6rt?\" \"Klar, Axel. H\u00e4ltst du uns f\u00fcr taub?\" \"Vielleicht sollten wir besser wieder verschwinden!\" \"Ja, sicher.\"Dann war da diese offene T\u00fcr und sie sahen hinein, sahen etwas, dass sie niemals vergessen w\u00fcrden. Und einer sah mehr als die anderen. Nick setzte sich in seinem Bett auf. Er fror, aber nicht, weil die Nacht so kalt war. Die Erinnerung lie\u00df ihn erschaudern. Er stand auf und zog sich an. Den gesamten Weg zu den Graves rannte \u0001 \u0002 Haus war dunkel, bis auf ein Fenster im Erdgescho\u00df, an das Nick klopfte. Anne \u00f6ffnete das Fenster und sah ihn \u00fcberrascht an. \"Nick was willst du, um diese Zeit?\" \"Ich muss mit dir reden, Annie.\" \"Gut, ich lasse dich rein.\" \"Ich hoffe, du hast einen guten Grund f\u00fcr dein sp\u00e4tes Eindringen.\" \"Ja, hab ich!\"Anne sah, dass er zitterte, Schwei\u00df stand auf seiner Stirn, so als habe er Fieber. \"Stimmt irgendetwas mit dir nicht, Nick? Bist du krank?\" \"Nein. Ich habe mich nur erinnert. Ich habe getr\u00e4umt.\" \"Wegen eines Traumes kommst du her?\" \"Ja.\" \"So wie du aussiehst, war es wohl eher ein unangenehmer Traum, was?\" \"Ein Alptraum, Annie, und nicht nur ein Traum. Es war als sei ich wieder zehn und wir in der Villa.\" \"Ihr ward in der Sherman-Villa?\" \"Ja.\" \"Das hat mir Peter nie erz\u00e4hlt.\" \"Niemand von uns hat irgendjemandem davon erz\u00e4hlt.\" \"Und warum nicht?\" \"Wir wollten es vergessen.\" \"Was vergessen?\" \"Den Mord, den wir mit angesehen haben.\" \"Ihr habt der Polizei nichts davon erz\u00e4hlt?\" \"Nein.\" \"Aber ihr h\u00e4ttet es tun m\u00fcssen.\" \"Das wei\u00df ich jetzt. Aber in dem Moment waren wir alle so geschockt, dass wir nichts mehr klar denken konnten und wir schworen, zu schweigen. Mit den Jahren haben wir es vergessen.\" \"Aber jetzt hat jemand Peter ermordet. Vielleicht derselbe, den ihr damals gesehen habt, als er... \"Er hat eine junge Frau ermordet. Seine H\u00e4nde, es waren gro\u00dfe H\u00e4nde, waren voller Blut.\" \"Peter w\u00e4re vielleicht noch am Leben, wenn ihr damals geredet h\u00e4ttet.\" Anne k\u00e4mpfte mit den Tr\u00e4nen. \"Ist dir das klar?\" \"Ja und ich f\u00fchle mich verantwortlich daf\u00fcr.\" \"Ihr seid alle in Gefahr, wenn es derselbe M\u00f6rder ist\", bemerkte Anne, \"jeder einzelne von euch.\" \"Lass mich Peters Sachen durchsehen, mir kommt da gerade ein Gedanke.\" Anne folgte ihm nach oben. \"was suchst du, Nick?\" \"Ich wei\u00df nicht genau. Etwas, in dem Peter mich um Hilfe bittet, vielleicht.\" Er \u00f6ffnete eine der Schubladen und sah hinein. \"Nick, sieh mal. Meinst du das?\" Anne hielt ihm einen Umschlag hin. Er war an ihn adressiert, aber niemals abgeschickt worden. Nick nahm ihm und Anne sah, dass er schon wieder zu zittern begann. \"Nick, was ist los?\" \"Nichts, es ist alles okay.\" \"Bist du dir sicher?\" \"V\u00f6llig sicher.\" Er sah sie an und Anne hatte das Gef\u00fchl, dass er sie etwas Fragen wollte, aber dann drehte er sich wortlos um und ging. Lieber Nick, wir haben lange nicht voneinander geh\u00f6rt, aber trotzdem muss ich Dir jetzt schreiben. Du bist immer noch mein bester Freund und ich muss es dir sagen. Unser Besuch in diesem gottverdammten Haus. Ich wei\u00df, dass Du ihn ebenfalls nicht vergessen hast. Ich konnte es nicht und ich habe immer noch eine Schei\u00dfangst. Warum habe ich Idiot dir nicht vertraut, Dir nicht geglaubt, wenn Du mich gewarnt hast? Du warst alles andere als verr\u00fcckt, nur sensibler als wir. Ich h\u00e4tte dir glauben sollen, als Du mir von deinem Tr\u00e4umen erz\u00e4hlt hast und Dich nicht auslachen sollen. Aber jetzt ist es zu sp\u00e4t dazu. Ich sp\u00fcre das grauen n\u00e4her kommen, jeden Tag. Und meine Angst wird immer gr\u00f6\u00dfer. ER wird uns alle kriegen nach so langer Zeit, Nick. Wir k\u00f6nnen nichts dagegen tun. Keiner von uns, nur Du. Weil Du mehr siehst, mehr wei\u00dft. Versuche Sie zu warnen, die anderen. Ich bete, dass sie Dir dieses Mal glauben. Wir ich mir w\u00fcnsche, dass alles nur ein Alptraum ist, aus dem ich irgendwann erwache. Vielleicht sehen wir einander irgendwann wieder. Ich w\u00fcrde es mir \u0001 \u0002, Dein Freund PeterNick las den Brief drei Mal, bevor er ihn wieder in dem Umschlag steckte. Warum hatte Peter diesen Brief nicht abgeschickt? Jeder Knochen in seinem K\u00f6rper schmerzte, ihm war \u00fcbel und Nick versuchte nicht zu schlafen. Zu viele Gedanken spuckten ihm im Kopf herum. Erst als der Morgen graute, fiel er in einen unruhigen Schlaf. Er erwachte mit starken Kopfschmerzen, obwohl er so lange geschlafen hatte, wir lange nicht f\u00fchlte er sich ausgelaugt und nerv\u00f6s. Drau\u00dfen schien die Sonne. Fast kam es ihm vor als grinse sie ihn an, wie eine alte zahnlose Frau. Als er bei den Graves ankam, war Anne dabei zu fr\u00fchst\u00fccken. \"M\u00f6chtest du einen Kaffee, Nick?\" Er nickte. Anne goss ein und sah ihn an. \"Du siehst schlecht aus, Nick. Hat das etwas mit dem Brief zu tun?\" \"Lies ihn selbst, Anne.\" Er schob ihn zu ihr her\u00fcber. Eine Zeit lang sprach keiner von ihnen ein Wort. Nur das Ticken der Wanduhr war zu h\u00f6ren. \"Warum hat er ihn nicht abgeschickt?\" h\u00f6rte er Anne fragen. \"Ich w\u00fcnschte, ich w\u00fcsste es, Annie.\" Nick trank einen Schluck von dem Kaffee. \"Lebt noch jemand von unseren Freunden hier?\" fragte er dann. \"Dave Stubbins und Axel McCatney so weit ich wei\u00df und Bobby Ferrins Tante.\" \"Wann ist Peters Beerdigung?\" \"Morgen fr\u00fch. Hoffentlich ist es schnell vorbei.\" Es regnete in Str\u00f6men, als am n\u00e4chsten Tag ein Gro\u00dfteil derBev\u00f6lkerung Wrightsides dem schwarzen Sarg folgte, der Peter Graves sterbliche \u00dcberreste zur letzten Ruhe geleiten sollte. Nicht nur seine Familie und Freunde waren anwesend, selbst der B\u00fcrgermeister war gekommen und hielt am Grab eine Rede. Nick vermochte keines der Worte in sich aufnehmen. Weder die des B\u00fcrgermeisters noch die des Pfarrers danach. Als er sp\u00e4ter an Peters offenem Grab stand, f\u00fchrten zwei Seiten in ihm einen Krieg, sein Gef\u00fchl und sein Verstand. Am liebsten h\u00e4tte er es laut geschrieen. Er f\u00fchlte sich so hilflos, so ersch\u00f6pft. H\u00e4tte Peter diesen Brief abgeschickt, vielleicht w\u00e4re er jetzt noch am Leben.\" Sein verstand verbat ihm, etwas Derartiges zu tun. Aber selbst sein Verstand war nicht in der Lage, ihn von dem qu\u00e4lenden Kopfschmerzen und seinen Schuldgef\u00fchlen zu befreien. Er warf eine Blume in das offene Grab und trat zur\u00fcck. \"Ich finde ihn, Peter, das schw\u00f6re ich!\"\"Nick Slater?\" Eine fragende Stimme riss ihn aus seinen Gedanken. Er hob den Kopf und sah seinen Gegen\u00fcbern fragend an. \"Du bist es tats\u00e4chlich, nicht zu fassen.\" \"Hallo Axel.\" \"Verdammt lang her, dass wir uns das letzte Mal sahen. Hast dich damals schnell aus dem Staub gemacht, ohne ein Wort des Abschieds.\" \"Mein Vater wollte es so, Axel.\" \"Du bist also tats\u00e4chlich erwachsen geworden, Nick Slater. Nur etwas mager bist du und blass um die Nase. Warum bist du hier?\" \"Wegen Peter, Axel.\" \"Wie hast du von seinem Tod erfahren? Zeitung?\" \"Nein, durch meinen Chef.\" \"Dein Chef?\" Axel sah seinen Jugendfreund beinahe am\u00fcsiert an. Was mochte aus dem Geschichtenerz\u00e4hler Slater geworden sein. Nick sp\u00fcrte, was Axel dachte und ohne ein Wort zu sagen, hielt er ihm seine Polizeimarke unter die Nase. Axels Augen weiteten sich. \"Scotland Yard? Nick Slater ist Sergeant bei Scotland Yard, nicht zu fassen. Du bist also beruflich hier.\" \"Nicht nur.\" \"Klar, sicher. Hast du schon eine hei\u00dfe Spur?\" \"Eine Idee.\" \"Erz\u00e4hl!\" \"Das ist, glaube ich, gar nicht n\u00f6tig. Es hat mit unserem Besuch in der Sherman-Villa zu tun, erinnerst du dich daran?\" Das L\u00e4cheln auf Axel McCartneys Gesicht erstarb. Er nickte langsam. \"Ich glaube, ganz vergessen hat es niemand von uns. Aber warum meinst du, dass es damit etwas zu tun hat, Nick?\" \"Peter hat einen Brief geschrieben. Er hatte Angst, Axel. Sprach von einer Bedrohung, die t\u00e4glich n\u00e4her kam.\" \"Peter war seltsam in letzter Zeit. Er hat, ja, irgendwie hat er mich in letzter Zeit an dich erinnert. Er hat auch \u00fcberall Gespenster gesehen.\" Nick ging nicht auf Axels Worte ein. Er wusste, dass ihn die meisten Leute f\u00fcr einen Spinner hielten. \"Aber er hatte recht\", sagte er ruhig. \"Ja, das stimmt\", gab Axel widerwillig zu. \"Und wenn noch mehr von dem, was ich sage, wahr wird. Axel, was dann?\" \"Was willst du mir denn sagen, Nick?\" \"Sei auf der Hut, Axel.\" \"Vor was denn? Ich glaube nicht an Gespenster.\" \"Von Gespenstern rede ich auch nicht. Peters M\u00f6rder ist sehr real.\" \"Und was soll ich deiner Meinung nach tun, Mister Neunmalklug?\" \"Am besten, du verschwindest von hier. Fahr so weit weg, wie du kannst.\" \"Wie stellst du dir das vor, Nick? Ich habe einen Job hier.\" \"Wenn du hier bleibst hast du ein Leben weniger - du hast nur eines.\" \"Nick, meinst du nicht, du \u00fcbertreibst ein bisschen?\" \"Nein, Axel. Denke dar\u00fcber nach, okay?\" Er verlie\u00df ihn. Axel sah ihm nachdenklich hinterher. Sein Gef\u00fchl sagte ihm, dass Nick ihn zu Recht warnte. Er war ihm zwar oft unheimlich gewesen, aber hatte immer Recht behalten. Sein Verstand vertrat die gegenteilige Meinung. Er war ein rational denkender Mensch. Er glaubte nicht an Ahnungen und Tr\u00e4ume. Nick Slater hatte entschieden zu viel Fantasie, das war alles, beruhigte er sich selbst - aber ein bitterer Beigeschmack blieb. \"Darf ich dir etwas anbieten, Nick, vielleicht eine Tasse Tee?\" Madeleine Ferrin, Bobby Ferrins Tante, l\u00e4chelte ihn freundlich an. \"Danke, Mrs. Ferrin, gern.\" \"Hast dich ganz sch\u00f6n raus gemacht, Nick. Aber das wusste ich schon immer. Ein Mann kann noch so klein und schm\u00e4chtig sein, als Kind. Es kann dennoch ein gut aussehender Mann aus ihm werden. Warst du krank in letzter Zeit? Du bist ein bisschen blass.\" \"Nein, Ma'am. Ich hatte nur etwas viel Arbeit in der letzten Zeit.\" \"Wenn du ein Weilchen hier bleibst, geht es dir bald besser. Die frische Luft wird dir gut tun.\" Sie goss ihm Tee ein. \"Das mit peter war eine schreckliche Sache, der arme Junge. Wer tut so etwas Schreckliches?\" \"Ich w\u00fcnschte, ich w\u00fcsste es, Ma'am. Wissen Sie, wo Bobby gerade ist?\" \"Irgendwo in Frankreich, glaube ich, er hat mir gerade eine Karte geschickt. Warte ich zeige sie dir.\" Sie stand auf und kam kurz darauf mit einem Schuhkarton voll Postkarten zur\u00fcck. Sie reichte ihm eine der Karten. Nick las und fragte dann. \"Schrieb Bobby immer in Druckschrift?\" \"Nein, eigentlich nicht. Aber wahrscheinlich hat er es deshalb getan, weil ich immer Probleme hatte, seine Schrift zu entziffern.\" Sie hielt ihm eine andere Karte hin. \"Hier, sieh selbst. Er ist Linksh\u00e4ndler.\" Nick warf einen Blick auf die Karte und nickte. \"Wann haben Sie zuletzt mit ihm gesprochen, Ma'am?\" \"Vor drei Wochen etwa. Ich h\u00f6re manchmal lange nicht von ihm. Er ist Modefotograf und meistens unterwegs.\" \"Verstehe. Kann ich die beiden Karten mitnehmen?\" \"nat\u00fcrlich, Nick.\" \"Ich lasse Ihnen meine Nummer da. Wenn er sich meldet, sagen sie mir Bescheid, okay?\" \"Sicher mache ich das, Nick.\" \"Ich muss gehen.\" \"Danke f\u00fcr deinen besuch, Nick.\" \"Danke f\u00fcr den Tee, Mrs. Ferrin.\" \"Bitte, gern geschehen.\" Nick steckte die beiden Karten in einen Umschlag und adressierte ihn, dann rief er seinen chef an. \"Mr. Parker? Hier ist Nick Slater. Ich m\u00f6chte sie um einen Gefallen bitten. Morgen bekommen sie per Post zwie Karten. Bitte lassen sie sie bez\u00fcglich der Schrift untersuchen. Ich m\u00f6chte wissen, ob beide von derselben Person geschrieben worden sind. Der Verfasser der ersten karte ist Linksh\u00e4ndler... Was? Ja, Sir, ich habe ein verdammt schlechtes Gef\u00fchl. Sie rufen mich an, wenn Sie etwas wissen, nicht wahr? Okay, bis dann.\" Er legte auf und lehnte seinen Kopf an die k\u00fchle Scheibe. Seine Kopfschmerzen wurden immer schlimmer. Dazu kamen Schwindelanf\u00e4lle und \u00dcbelkeit, die ihn seit Tagen qu\u00e4lten. Er hatte keinen Appetit und vermochte kaum zu schlafen. Anne erschrak, als sie ihn am Nachmittag sah. Er war wei\u00df wie die wand. Seine dunklen Augen waren riesig in dem bleichen Gesicht. Etwas war nicht okay mit ihm. \"Anne, sieh mich nicht so an, mir geht es gut.\" \"Ich glaube dir kein Wort, Nick. Du siehst jeden Tag schlimmer aus. Was geschieht mit dir?\" \"Nichts, Anne. Ich bin okay.\" In diesem Moment klingelte das Telefon, er nahm den H\u00f6rer ab und meldete sich. \"Slater? Chief Parker!\" \"Ja? Ich wusste es, Gott. Ein Rechtsh\u00e4ndler sagen Sie. Ja, ich werde die Hilfe der \u00f6rtlichen Polizei anfordern. Ich melde mich, wenn ich Neues erfahre.\" \"Nick, was ist? Was wusstest du?\" \"Peter war nicht der erste, Annie\", sagte er ruhig. \"Nicht, aber wer dann?\" \"Ich werde es heraus finden, Annie\" Nick umklammerte die Stuhllehne fester. \"Nick, was ist los?\" \"Nichts, ich werde gehen\", sagte er. Ihm wurde schwarz vor Augen und er sank bewusstlos in sich zusammen. \"Nick.\" Anne war sofort bei ihm und griff nach seinem Handgelenk. Sein Puls war flach und seine Haut eiskalt. Als sie ihre Hand auf seine Stirn legte, sah sie seine Lider zittern. Seine Augen \u00f6ffneten sich und Anne zog ihre Hand weg, als h\u00e4tte sie sich verbrannt. \"Nick, du machst mir Angst\", sagte sie und half ihm, aufzustehen. \"Das tut mir leid. Ich muss wirklich gehen.\" Er stand auf und l\u00e4chelte sie an. \"Mach dir keine Gedanken, es ist alles okay.\" \"Und das soll ich dir glauben? Wie lange bist du hier, Nick, eine Woche? Als ich dich zum ersten Mal sah, sahst du v\u00f6llig normal aus. Sieh dich jetzt an. Du wirst immer schmaler und blasser mit jedem Tag. Was ist los?\" \"ich schlafe nicht besonders gut, in letzter Zeit.\" \"Tr\u00e4umst du, Nick?\" Er nickte langsam. \"Wie damals als Kind?\" \"Nein, anders. Es ist Zeit f\u00fcr mich, Annie!\" \"Du solltest zu einem Arzt gehen.\" \"Hey, was ist los? Du machst dir doch nicht etwa Sorgen um mich, Annie?\" Er l\u00e4chelte sie sanft an. Anne sp\u00fcrte seine Finger an ihrer Wange und dann ging er. Sie sah ihm gedankenverloren hinterher, dann kniff sie sich selbst in den Arm. 'Hey, Anne. Es ist nur Nick, den du schon Ewigkeiten kennst. Nein, mach dir nichts vor eigentlich kennst du ihn \u00fcberhaupt nicht. \"Ein Dutzend Polizeibeamte ben\u00f6tigen Sie?\" Inspektor Perkins sah den jungen Mann an. \"Ja, Sir.\" \"Entschuldigen Sie, Sergenant Slater.\" Perkins l\u00e4chelte Nick an. \"Nick Slater beim Yard. Das letzte Mal, als ich dich sag, warst du ungef\u00e4hr so gro\u00df.\" Er deutete in etwa in die Gr\u00f6\u00dfe eines 12 j\u00e4hrigen Kindes an. Nick erwiderte seinen Blick ohne mit der Wimper zu zucken. \"Ich brauche jemanden der sich im Moor auskennt.\" \"Im Moor? Wonach suchen wir denn?\" \"Nach einer Leiche.\" \"Wei\u00dft du auch nach wem wir suchen?\" \"Ja, dass wei\u00df ich. Wir suchen Bobby Ferrin.\" \"Den Modefotografen Bobby?\" \"Genau den!\" \"Und wie kommst du darauf, dass er tot ist?\" \"Ich wei\u00df es.\" \"So, du wei\u00dft es also. Hat er es dir im Traum gesagt?\" bemerkte Perkins mit einem Anflug von Ironie in der Stimme. \"Nein, Sir. Kein Traum.\" Er funkelte Perkins an, sp\u00fcrte die Wut in sich aufsteigen wie \u00dcbelkeit. Warum hielten ihn alle f\u00fcr verr\u00fcckt? Er war vollkommen normal. Nick h\u00e4tte Perkins am liebsten sein s\u00fcffisantes L\u00e4cheln aus dem Gesicht gepr\u00fcgelt. Nur sein Verstand hielt ihn davon ab, sich gehen zu lassen. \"Also, was ist, Inspektor Perkins?\" \"Drei Mann kann ich dir geben, mehr nicht.\" \"Okay.\" \"Wann brauchst du sie?\" \"Sofort.\" \"Jetzt gleich?\" \"Ja.\" \"Aber...\" \"Sofort Inspektor Perkins oder willen Sie die Arbeit von Scotland Yard behindern?\" \"Nein, nat\u00fcrlich nicht.\" \"Meinem Chef w\u00fcrde das mit Sicherheit missfallen.\" Perkins sah in Nicks l\u00e4chelndes Gesicht und nickte. \"Okay, sofort.\" Nick durchsuchte das gesamte Moorgebiet, stundenlang, ohne eine Spur zu finden, als er pl\u00f6tzlich stehen blieb. Er sah sich um. Pl\u00f6tzlich zog etwas seinen Blick an. Er ging in die Knie und hob es auf. \"Sergenant, haben Sie etwas gefunden?\" wollte einer der Polizisten wissen. \"Ja\", sagte Nick ruhig und hielt ihm sein Fundst\u00fcck hin. \"Eine Kamera?\" \"Seine Kamera! Er muss hier irgendwo in der N\u00e4he sein.\" \"aber wo, wir haben doch schon alles abgesucht.\" \"Nein, das haben wir nicht. Sehen Sie da, unter den Str\u00e4uchern.\" Er watete ins Moor. \"Sergenant Slater, seien Sie vorsichtig. Das Moor ist t\u00fcckisch, wenn Sie versinken, sind Sie...\" \"ich kenne das Moor, Majors, keine Angst.\" Nick schob die St\u00e4ucher beiseite und seine Augen weiteten sich. \"Kann mir mal jemand helfen? Ich glaube, ich habe ihn gefunden.\" \"Bobby Ferrin, sagst du?\" Anne sah Nick langsam nicken. \"Er ging ins Moor und ist dort ertrunken?\" \"Nein, Annie. Er war nicht freiwillig dort. Ich glaube nicht einmal, dass er dort gestorben ist.\" \"Wo dann?\" \"Jemand schnitt ihm die Kehle durch.\" \"Mein Gott.\" \"Und brachte seine Leiche ins Moor. H\u00e4tte ich seine Kamera nicht gefunden, wer wei\u00df, ob ich ihn entdeckt h\u00e4tte.\" \"Und du meinst, dass sein Tod mit Peters zu tun hat, Nick?\" \"Ja.\" \"Wie kannst du dir so sicher sein?\" \"Er war dabei, Annie, wie Peter und ich, Axel und Dave.\" \"Bobby und Peter sind tot.\" \"Ja.\" \"Hast du mit Axel und Dave gesprochen?\" \"Mit Axel ja, aber er hat mir nicht geglaubt, nicht ein Wort.\" \"Und Dave?\" \"Er lebt nicht mehr hier, hat man mir gesagt. Vielleicht ist das gut so. Er ist in Sicherheit.\" \"Und Axel?\" \"Wenn er klug ist, wird er verschwinden.\" Schon den ganzen Tag \u00fcber beschlich ihn so ein Gef\u00fchl des Unbehagens. Gegen Abend wurde daraus Angst. Er glaubte, \u00fcberall Schatten zu sehen. \"Nick Slater, ich fange schon an, mich wie du zu verhalten. Warm habe ich mir blo\u00df diese Geschichte angeh\u00f6rt, ich Idiot?\" Wie gehetzt sag er sich um und dann kam Leben in ihn. Er warf Kleidungsst\u00fccke in seine Reisetasche, nahm seine Jacke und verschloss die Haust\u00fcr. Als er die Sachen in den Kofferraum packte, h\u00f6rte er hinter sich ein Knacken und wandte sich um. \"Hallo Axel.\" \"Hallo.\" \"Wie ich sehe, nimmst du die Warnung ernst.\" \"Ja.\" \"Das ist klug von dir.\" \"Wei\u00dft du schon, wo du hinf\u00e4hrst?\" \"Keine Ahnung.\" \"Vielleicht kann ich dir helfen.\" \"Ach ja?\" \"Ja\", sagte der andere ruhig und schnitt dem jungen Mann mit einem Ruck die Kehle durch. \"Ich sagte ja, dass du klug bist. Kl\u00fcger w\u00e4re es allerdings gewesen, w\u00e4rst du schon Fr\u00fcher gegangen.\" Er \u00f6ffnete den Kofferraum und legte die Leiche hinein, dann setzte er sich aus ans Steuer und fuhr davon. Nick setzte sich schwei\u00dfgebadet in seinem Bett auf. Er zitterte am ganzen Leib. Axel - er war tot - er hatte versagt. Er stand auf und ihm wurde schwindelig, wankte ins Badezimmer und machte das Licht an. Mein Gott, kein Wunder, dass Anne ihn immer so ansah, er sah wirklich schrecklich aus. Leichenblass und Augen wie im Fieber, so als habe er Drogen genommen. Jahrelang hatte er nicht getr\u00e4umt, jetzt waren sie zur\u00fcckgekommen, die Tr\u00e4ume und der Schmerz. Er wollte nicht mehr. KeineTr\u00e4ume mehr und keinen Schmerz. Er musste husten, der Hustenreiz wurde immer schlimmer. Blut tropfte ins Waschbecken und Nick wusste es: Wenn er seinen eigenen Tod sah, w\u00fcrde er sterben. Es w\u00fcrde bald soweit sein. Wenn seine Tr\u00e4ume ihn nicht schon vorher umbrachten. \"Was sagst du da, Nick? Axel ist tot? Woher willst du das wissen?\" Anne sah ihn fragend an. Er verfiel zusehends was qu\u00e4lte ihn nur so? \"Er ist weggefahren, Nick. Das haben wir doch nachvollziehen k\u00f6nnen. Axel hat sich Urlaub genommen, Kleidung eingepackt und ist fort gefahren.\" \"Jemand fuhr ihn fort, Annie. Im Kofferraum seines Wagens.\" \"Wenn du das wei\u00dft, Nick, wei\u00dft du dann auch, wo Axel und sein Wagen jetzt sind?\" \"Nein, aber bald werde ich es wissen.\" Im selben Moment klingelte das Telefon. \"Ja?\" \"Nick, es ist f\u00fcr dich, Mr. Parker!\" \"Ja, Sir? Nein, das gibt es doch gar nicht. Und niemand hat den Fahrer gesehen? Ja, okay, Bye, Sir.\" \"Was ist?\" \"Man hat Axel und seinen Wagen gefunden.\" \"Wo?\" \"Der M\u00f6rder hat ihn genau vorm Yard abgestellt. Axels Leiche liegt im Kofferraum -, fein s\u00e4uberlich in St\u00fccke zerlegt.\" \"O mein Gott.\" Anne schlug die H\u00e4nde vors Gesicht. \"Annie, es ist bald vorbei.\" \"Was soll das hei\u00dfen, bald vorbei?\" \"Ich wei\u00df, dass ich der letzte bin, Annie.\" \"Aber Dave, was ist mit ihm?\" \"Er ist nicht hier, ihm geschieht nichts.\" \"Drei von f\u00fcnf sind tot, Nick. Ihr ward doch f\u00fcnf oder?\" \"ich w\u00fcnschte, ich w\u00fcsste es. F\u00fcnf oder sechs. Ich wei\u00df nur, dass wir alle einander kannten.\" Er sah sie an. \"Wenn ich von meinem eigenen Ende tr\u00e4ume, werde ich sterben, Annie.\" \"H\u00f6r auf damit, Nick, bitte.\" \"ich kann nicht.\" Er starrte nachdenklich aus dem Fenster, Anne sah seine H\u00e4nde auf dem Tisch liegen, schmale H\u00e4nde mit langen schlanken Fingern. Die H\u00e4nde eines sensiblen Menschen, er hatte sch\u00f6ne H\u00e4nde. Ob er das wusste? Anne zwang sich, in eine andere Richtung zu sehen. Was sollte er von ihr denken, wenn er es bemerkte. Er bemerkte es nicht, war tief in Gedanken versunken. Die schlanke Gestalt, die am Stra\u00dfenschild lehnte, strich sich den engen Lederrock glatt, als sich der Wagen n\u00e4hrte. \"Hi\", sagte sie in das offene Fenster hinein, \"wie w\u00e4rs S\u00fc\u00dfer, hast du Lust?\" Als Antwort \u00f6ffnete sich die Wagent\u00fcr und sie stieg ein. \"Wow, was ist das denn f\u00fcr ein Schuppen?\" Sie stieg aus dem Wagen und folgte ihm die Stufen hinauf. \"Das Ding ist ja fast unheimlich, eine richtige Villa.\" Sie sah ihn von der Seite an. \"Geh\u00f6rt sie dir? Wenn sie dir geh\u00f6rt, musst du ja m\u00e4chtig reich sein.\" Er \u00f6ffnete die T\u00fcr und sie gingen hinein. Es waren V\u00f6gel, riesige Schwarze V\u00f6gel in seinem Traum grauenvolle spitze Schn\u00e4bel, aber er hatte keine Angst vor ihnen. Fast war es so, als habe er nur auf sie gewartet. So lange schon, seine Wut manifestierte sich in ihnen und dann sah er sie. Sie war dunkelhaarig und sch\u00f6n, trotz all der Schminke, bewegte sie sich aufreizend, sich offensichtlich genau ihrer Wirkung bewusst. Schon, als er sie sah, wollte er sie warnen vor der Dunkelheit und dem Tod, der sie erwartete. Er merkte nicht einmal, dass er aufstand, sich anzog und zum Haus lief wie in Trance. Anne konnte nicht schlafen. Sie hatte ein seltsames Gef\u00fchl, so als ob etwas geschehen w\u00fcrde. Schlie\u00dflich zog sie sich an und verlie\u00df das Haus. Die frische Luft beruhigte sie und lie\u00df sie wieder klar denken. Eine Weile ging sie durch die dunkle Nacht. Als sie pl\u00f6tzlich das Gef\u00fchl hatte, verfolgt zu werden, wurde sie unwillk\u00fcrlich schneller, bis sie beinahe rannte. Erst als sie kaum noch Luft bekam, verlangsamte sie ihren Schritt. Das Gef\u00fchl des verfolgtwerdens blieb. Sie wehrte sich lange Zeit, bis sie aufgab, schlug und trat nach ihm. Als sie endlich schwieg, lachte er. Etwas, dass wie das Geschrei einer Kr\u00e4he klang, lie\u00df ihn verstummen. Er betrachtete das Messer in seiner Hand. Es war scharf und gl\u00e4nzte in der Dunkelheit und er machte sich daran, Sch\u00f6nheit und Leben zu zerst\u00f6ren. Es war Nick, als sei jemand hinter ihm. Etwas traf hart seinen Hinterkopf und ihm wurde schwarz vor Augen. Er wurde wach, als er das Gef\u00fchl hatte, sein Kopf w\u00fcrde zerspringen, \u00f6ffnete langsam die Augen. Um ihn herum war alles dunkel und totenstill. Er setzte sich auf und ber\u00fchrte etwas weiches Klebriges. Eisige K\u00e4lte kroch in ihm hoch. Er nahm den Geruch von Verwesung war und als seine Augen sich an die Dunkelheit gew\u00f6hnt hatten, nahm er das Bild auf, das sich ihm bot. Menschliches Leben, in alle Bestandteile zerlegt. Nick sah auf seine H\u00e4nde, die rot von Blut waren und rannte wie von Furien gehetzt davon. Anne stutzte, als sie jemand in einem rasenden Tempo zum Fluss laufen sah. Er trug helle Jeans und im Mondlicht sah es aus, als sei er \u00fcber und \u00fcber mit Blut besudelt. Sie lief ihm hinterher. Sie wusste selbst nicht warum. Vielleicht, weil er sie an Nick erinnerte? Er tauchte seinen Kopf in das klare Wasser. Die K\u00e4lte belebte seine Lebensgeister und lie\u00df ihn zittern. Blut rann seine Arme hinunter und verwischte sich mit dem Wasser zu einer hellroten Br\u00fche. Er zog das T-Shirt \u00fcber den Kopf. Blut, alles war voller Blut. \"Nick\", sagte eine Stimme direkt hinter ihm. Er wandte sich um und erkannte Anne durch einen Schleier von Wasser und Tr\u00e4nen. \"Nick, was ist passiert?\" \"Ich wei\u00df es nicht. Ich kann mich an nicht erinnern, an gar nichts.\" Er vergrub den Kopf in den H\u00e4nden. \"Alles war voll Blut, zerlegt, grauenhaft. Ich wei\u00df nicht, ob...\" Er brach ab. Anne legte ihm die hand auf die Schulter. \"Komm\", sagte sie sanft. \"Wohin?\" \"Fort von hier.\" \"Ich musszum Haus zur\u00fcck. Komm mit Annie, ich will, dass du wei\u00dft, dass ich nicht verr\u00fcckt bin.\" \"Aber Nick, ich.\" \"Bitte!\" \"Gut ich komme mit. Er zog sie hinter sich her. Als sie vor der T\u00fcr standen, z\u00f6gerte sie, dann lie\u00df sie sich mitziehen. Innen war alles voller Staub. \"Nick, wo hast du es gesehen?\" \"Genau hier, Annie. Du hast doch das Blut gesehen, oder?\" \"Ja, aber es sieht aus, als sei schon seit Jahren niemand mehr hier gewesen. \"Es war hier, ich schw\u00f6re es dir.\" Er fiel kraftlos auf die Knie. \"Nick, komm, du kannst hier nicht sitzen bleiben. \"Doch, ich kann. Ich will nicht mehr k\u00e4mpfen, Annie.\" \"K\u00e4mpfen? Aber wogegen denn, Nick?\" \"Die Kr\u00e4hen, h\u00f6rst du sie? Sie kommen.\" Anne glaubte, das Schlagen von riesigen Fl\u00fcgeln zu vernehmen und schlie\u00dflich das Geschrei von V\u00f6geln, die n\u00e4her kamen. Sie griff nach seiner Hand. \"Komm Nick, lass uns schnell von hier verschwinden.\" Zu ihrer \u00dcberraschung stand er sofort auf und folgte ihr nach drau\u00dfen. \"Nick, ich will weg hier. Was f\u00fcr V\u00f6gel sind das?\" \"Sie kommen, um zu t\u00f6ten\", sagte er ruhig. \"aber warum und woher wei\u00dft du von ihnen?\" Sie sah ihn an, ihm direkt in die dunklen Augen, die v\u00f6llig klar waren. \"Schick sie zur\u00fcck, Nick!\" \"Ich?\" \"Ja du, sie entspringen deiner Phantasie, du hast sie gerufen, schick sie zur\u00fcck, so schnell du kannst. Auf wen willst du sie hetzen Nick, und warum nur?\" \"Annie, was redest du da eigentlich?\" \"Komm jetzt endlich.\" \"Hier sind ein paar Sachen von Peter. Am besten, du duscht kalt.\" Anne sa\u00df fast zwanzig Minuten - tief in Gedanken versunken in ihrem Sessel, als es klopfte. \"Komm rein!\" Nick trat ein und Anne sah ihm entgegen. Peter und er waren etwa gleich gro\u00df, nur war Nick schlanker. Nick sah ganz anders aus als sonst und Anne lief ein Schauer \u00fcber den R\u00fccken. \"Setzt dich, Nick.\" Er tat es. \"Ich konnte sie h\u00f6ren, aber sehen nicht, Nick, die Kr\u00e4hen. F\u00fcr wen sind sie bestimmt?\" Nick schien die Dusche gut getan zu haben. Er war nicht mehr ganz so blass wie zuvor. \"Du hast eine Macht, mit der ich nicht so ganz klar komme.\" \"Keine Macht, Annie, nur Vorahnungen und Schmerzen.\" \"Schmerzen? Was f\u00fcr Schmerzen?\" \"Sie sind fort, seitdem ich die Kr\u00e4hen h\u00f6re.\" \"Du machst mir Angst, Nick.\" \"Du musst keine Angst vor mir haben, Annie.\" \"Glaubst du, dass du selbst der Killer bist, Nick?\" \"Glaubst du es, Annie?\" \"Nein, Nick!\" Sie sahen einander schweigend an, dann streckte sie die Hand aus und ber\u00fchrte seinen Arm. \"Das ist mein Lieblingspulli. Peter trug ihn oft, weil er wusste, wie gern ich ihn hatte.\" Ihr kamen Tr\u00e4nen, und sie konnte nicht verhindern, dass sie ihr \u00fcber die Wangen liefen. \"Nicht weinen, Annie.\" Nicks Finger folgte der Spur ihrer Tr\u00e4nen und er wischte sie ihr sanft fort. Erst z\u00f6gerte er, dann zog er sie an sich. Anne schmiegte sich an ihn und schloss die Augen. \"Ich vermisse ihn so sehr, Nick. Es wird jeden Tag schlimmer.\" \"Ich wei\u00df\", sagte er schlicht. Sie sp\u00fcrte seinen Finger unter ihrem Kinn. Er sah ihr in die Augen und dann ber\u00fchrten seine Lippen ihren Mund. Sekundenlang war Anne unf\u00e4hig sich zu r\u00fchren, dann folgte sie ihrem Gef\u00fchl. Seine Lippen f\u00fchlten sich traumhaft weich und k\u00fchl an und ohne dass sie es zu verhindern vermochte reagierte ihr K\u00f6rper auf die sanfte Ber\u00fchrung. Sie \u00f6ffnete die Lippen weiter, sp\u00fcrte seine W\u00e4rme in ihrem Inneren. Seine Lippen an ihrem Hals und klammerte sich an ihn wie eine Ertrinkende. \"Geh nicht weg, Nick. Bleib bei mir, bitte.\" \"Wenn du das m\u00f6chtest, Annie.\" \"Ja, das m\u00f6chte ich.\" \"Und was ist, wenn ich doch der Killer bin. Vielleicht bin ich schizophren und meine eine Seite wei\u00df nicht, was die andere tut. \"Nein, Nick, das glaube ich nicht. Du bist kein Killer, nur sensibler - Peter hatte Recht.\" Sie Strich ihm sanft die Haare aus der Stirn. \"Du siehst m\u00fcde aus, Nick. Wie lange hast du nicht mehr geschlafen?\" \"Ich wei\u00df nicht, Annie.\" \"Bleib hier, heute Nacht. Du kannst auf der Couch schlafen oder in Peters Zimmer. Ich glaube, er w\u00fcrde es gewollt haben.\" \"Warum wolltest du, dass ich bleibe, Annie?\" wollte er leise wissen. \"Warum hast du mich gek\u00fcsst, Nick?\" fragte sie zur\u00fcck. \"ich glaube, ich musste es tun. Eigentlich h\u00e4tte ich das schon l\u00e4nger tun sollen.\" Er fuhr sich mit der Hand \u00fcber die Augen. \"Geh schlafen, Nick, bitte.\" \"Du hast Recht.\" \"und morgen gehst du zum Arzt, ja? Du siehst zwar wieder etwas besser aus, bist aber noch nicht wieder okay.\" \"Gute Nacht, Annie.\" \"Gute Nacht, Nick.\" Nick schlief beinahe sofort ein. Er war ersch\u00f6pft und jeder Knochen in seinem K\u00f6rper schmerzte. Anne blieb vor Peters T\u00fcr stehen und lauschte bevor sie schlafen ging. Kein Laut war zu h\u00f6ren, abgesehen von Nicks regelm\u00e4\u00dfigen Atemz\u00fcgen. Das Bild des Mannes mit den gro\u00dfen kr\u00e4ftigen H\u00e4nden wurde lebendiger. \"So, du hast mich also gefunden, Slater\", h\u00f6rte er ihn sagen, die Stimme war ihm seltsam vertraut, \"das ist gut. Ich wollte, dass du zu mir kommst. Jetzt ist es endlich soweit. Ich verspreche dir, dass es nicht wehtun wird, okay? Schade um dein Gehirn. Nein, eigentlich k\u00f6nnte ich es aufheben und mir als Andenken auf den Schrank stellen. Eine gute Idee.\" Ein gl\u00e4nzendes Messer und ein stechender Schmerz, als es sich in ihn hinein bohrte. Nick setzte sich im Bett auf. Es war passiert, er hatte sein Ende gesehen. Mit den Kr\u00e4hen hatte es begonnen - und jetzt war es beinahe zu Ende. Seltsamerweise war er ruhig und gelassen. Warum schrie er nicht? Er hatte gewusste, dass er der letzte war. Aber, war er das wirklich? Es musste so sein, denn Dave war in Sicherheit- oder irrte er? War Dave in Gefahr oder gab es einen sechsten Mann, den er vergessen hatte? Verdammt! Irgendetwas \u00fcbersah er, aber was? Er musste Ruhe bewahren. \"Geh zum Arzt\", h\u00f6rte er Annie sagen. Sie hatte Recht. Nick legte sich wieder hin. Der Rest der Nacht verlief traumlos, es war seine letzte Nacht. \"Nick, meinst du nicht, dass du doch was essen solltest?\" \"Nein, Annie, danke!\" \"Ist alles in Ordnung mit dir? Du bist so seltsam...\" \"Es ist alles okay, Annie. Ich glaube, ich muss gehen.\" Nick stand auf und zog sie von ihrem Stuhl hoch. Anne war seltsam zumute, als sie ihm ins Gesicht sah. \"Was ist los?\" \"Nichts, ich m\u00f6chte mich nur verabschieden, das ist alles.\" Seine Lippen ber\u00fchrten ihre und ihrem Gef\u00fchl folgend schlang sie die Arme um ihn und hielt ihn ganz fest. Irgendetwas stimmte nicht. Sie empfand fast so etwas wie Angst. Sie erwiderte dein Kuss und sp\u00fcrte wieder die Wirkung, die er auf sie hatte. Nie im Leben h\u00e4tte sie gedacht, dass sie einmal so f\u00fcr ihn empfinden w\u00fcrde, dass sie einmal Angst um ihn haben k\u00f6nnte. Er machte sich sanft von ihr los. \"Ich muss los, Annie.\" \"Ich wei\u00df.\" Er wollte gehen, blieb dann aber stehen und sah sie an. \"Was ist?\" \"ich wollte dir noch was sagen, bevor ich gehe.\" \"Ja?\" \"Ich liebe dich, Annie.\" Ein L\u00e4cheln huschte \u00fcber sein Gesicht. \"Entschuldige.\" Er schloss die T\u00fcr hinter sich. Anne sah verdutzt hinter ihm her, dann l\u00e4chelte sie. Er war wirklich ein seltsamer Mann, aber ein ganz besonders liebenswerter. \"Ich dich auch, Nick\", sagte sie zu der wei\u00dfen Wand. Und begann dann das Geschirr zusammenzur\u00e4umen. Im Ort gab es mehrere \u00c4rzte. Nick entschied sich f\u00fcr Dr. Stubbins, Daves Vater, den er von fr\u00fcher kannte. Die Praxis hatte sich seit damals kaum ver\u00e4ndert. \"Hi\", sagte Nick ruhig. Die junge Sprechstundenhilfe sah \u00fcberrascht zu ihm auf. Sie hatte ihn gar nicht kommen h\u00f6ren. \"Hi. Sind Sie angemeldet?\" fragte sie und ihr Blick glitt \u00fcber sein Gesicht. \"Leider nicht.\"\"Es kann eine bisschen dauern. Schlimm?\" \"Nein, kein Problem.\" \"Ich brauche Ihren Namen.\" \"Slater, Nicolas Slater\", gab Nick Auskunft. \"Nick Slater, was f\u00fcr eine \u00dcberraschung!\" Nick wandte sich um und sah sich einem gro\u00dfen blonden Typen gegen\u00fcber. \"Dave! Ich dachte, du wohnst gar nicht mehr hier?\" \"Ich bin zu Besuch! Du hast dich ver\u00e4ndert. Warum bist du hier?\" \"Ich brauche einen Rat von deinem Dad.\" \"Er wird sich freuen, dich zu sehen. Wahrscheinlich genauso wie ich. Ich muss los. Bin immer in Eile. Wir sehen uns bestimmt noch. Ciao Nicky! Ach und verwirr mir Liza nicht zu sehr, nicht dass mein Schatz heute Nacht Alptr\u00e4ume bekommt.\" Dave verlie\u00df die Praxis und Nick sah das M\u00e4dchen fragend an. \"Irgendwie kann ich ihn nicht ausstehen\", sagte sie. Nick zwinkerte ihr zu und wollte ins Wartezimmer gehen, als ihm ganz pl\u00f6tzlich ein Gedanke kam. \"Entschuldigen sie Miss\"\" \"Liza\" \"Liza! Kann ich hier irgendwo telefonieren?\" \"Ja, dort hinten.\" \"Danke, Liza.\" Liza sah ihm hinterher, als er den Gang hinunterging. \"Nicht \u00fcbel der Typ, was Liza?\" Ihre Kollegin Denise blieb neben ihr stehen. \"Ja, der ist wirklich nicht \u00fcbel. Ich Frage mich nur...\" \"Was?\" Warum er mir bekannt vorkommt.\" Das kann ich dir erkl\u00e4ren. Er ist vielleicht ein, zwei Jahre \u00e4lter als wir. Und er stammt von hier. Nur fr\u00fcher sah er anders aus. Als Junge war er klein und schm\u00e4chtig.\" \"Peter Graves Freund, Nick, Denise Jetzt wei\u00df ich. Junge, Junge.\" \"Genau meine Meinung Liza. So was wie ihn gibt es hier nicht.\" \"Ja, nur so was wie Dave Stubbins\", sagte Liza. \"War der schon wieder hier?\" \"O ja! Nick kannte ihn.\" \"Klar, er geh\u00f6rte damals auch zur Clique.\" Sie lie\u00df sich auf den anderen Stuhl nieder. \"Dave ist ein eigenartiger Typ.\" \"ich kann ihn nicht ausstehen.\" \"Fr\u00fcher konnten viele Nick nicht ausstehen, weil er manchmal seltsame Dinge tat.\" \"Seltsame Dinge?\" \"Ja. Ich erinnere mich, dass er einmal meinen Vater davor warnte, mit uns in den Urlaub zu fliegen. Erst hat Dad ihn ausgelacht, aber schlie\u00dflich kam beruflich irgendetwas dazwischen.\" \"Ihr seid also nicht geflogen.\" Nein. Gott sei Dank nicht.\" \"Wieso`?\" \"Die Maschine mit der wir fliegen wollten, ist abgest\u00fcrzt.\" \"Himmel!\" Lizas Augen weiteten sich. \"Viele haben ihn f\u00fcr verr\u00fcckt gehalten. Aber ich nicht. Irgendwie musste ich ihm immer glauben.\" Sie sah Liza an. \"Wenn einer diese Morde beenden kann, dann ist es Nick.\" Anne sah nachdenklich vor sich hin, als sie den H\u00f6rer auflegte. Sie w\u00fcrde tun, was er sagte. Sie w\u00fcrde seinen Chef anrufen. Wenn sie nur gewusste h\u00e4tte, was mit ihm los war an diesem Tag. Etwa eine Stunde sp\u00e4ter schreckte Nick auf, als jemand seinen Arm ber\u00fchrte. \"Nick, du bist dran.\" Denise l\u00e4chelte ihn an. \"Danke, Denise.\" Er stand auf und folgte ihr in den Behandlungsraum. \"Setz dich, Nick. Der Doc kommt gleich.\" \"Okay.\" Eine Weile sah er sich um und las schlie\u00dflich die Etiketten auf den Flaschen im Regal. \"O, Nick Slater. Wir haben uns aber lange nicht gesehen.\" Eine Hand streckte sich ihm entgegen. Nick wollte sie nehmen, als sein Blick darauf fiel. F\u00fcr einen Moment war er wieder 10 Jahre alt und das Grauen kam zur\u00fcck, in Gestalt eines Mannes mit riesigen blutverschmierten H\u00e4nden. Diese H\u00e4nde. Innerlich bebte er, aber \u00e4u\u00dferlich blieb er gelassen. Er dr\u00fcckte die Hand und sein Blick traf den des Docktors. Dieses Gesicht. Er hatte jahrelang Alptr\u00e4ume hinter sich, in denen ihm immer dieses Gesicht vor Augen gestanden hatte- allerdings schrecklich verzerrt. Niemals w\u00fcrde er es vergessen, nie. \"Wie geht es dir, Nick? Dave sagt, du brauchst einen at?\" \"Ja\", sagte Nick ruhig und hielt dem anderen stand. \"Mir wird in letzter Zeit immer leicht schlecht.\"\"Ja, du siehst auch ein bisschen blass aus\", entgegnete der Arzt und Nick wunderte sich, warum er nicht aufstand und davon rannte. Es w\u00e4re falsch gewesen. Vor dem Tod konnte man nicht davon laufen. \"Was ist aus dir geworden?\" wollte der Arzt wissen, \"Schriftsteller?\" \"Polizist\", antwortete Nick ruhig und sah, dass sein Gegen\u00fcber kaum merklich zusammenzuckte. \"Dann bist du also der Mann von Yard, der wegen des Mordes an Peter Graves hier ist?\" \"Ja.\" Jetzt zuckte der Arzt merklich zusammen. \"Und hast du den M\u00f6rder gefunden?\" \"Ja, ich denke schon. Weshalb die Frage?\" Der Arzt lie\u00df sich auf seinen Stuhl sinken. \"Stell dich nicht dumm, Nick Slater. Du bist es nicht. Wir wissen beide, was geschehen ist und was noch passieren wird.\" \"Niemand von uns hat sie erkannt oder auch nur ein Wort verloren.\" \"Doch, du.\" \"warum mussten alle sterben?\" \"ich konnte nicht zulassen, dass jemand Vaters Werk zerst\u00f6rt\", lie\u00df sich eine Stimme von der T\u00fcr her vernehmen und als Nick den Kopf wandte sah er Dave im T\u00fcrrahmen lehnen. \"Du Dave? Aber warum?\" \"Du stellst Fragen, unser Superhirn? Ich denke, du wei\u00dft immer alles. Was bist du in Wirklichkeit? Nur eine armselige Kreatur.\" \"ich wusste nicht, dass du mich so sehr hasst, Dave Stubbins.\" \"Er hat es immer getan\", warf Daves Vater ein. \"Du hast sie alle umgebracht, Dave! Wenn du mich hasst, warum tust du das all' den anderen an?\" \"ich habe niemanden gekillt. Du warst es Slater. Warum wei\u00dft du denn immer alles wenn du nicht selbst dabei warst? Ich werde nur einen Mord begehen, an dir!\" \"Bitte, tu, was du nicht lassen kannst\", sagte Nick gelassen, bem\u00fcht, etwas Zeit zu gewinnen. \"Niemand wird dich vermissen, Slater, keiner.\" \"Also, worauf wartest du? Ich werde weder schreien noch davon laufen.\" \"Ich wei\u00df, dass du Angst hast, Slater, ich sp\u00fcre es.\" \"Tust du das wirklich, Dave?\" Auf Nicks Gesicht erschien ein kaum merkliches L\u00e4cheln. \"Ich bewundere dich daf\u00fcr.\" \"mach dich nicht lustig \u00fcber mich, Slater. Ich warne dich.\" \"Wovor Dave? Was kann mir mehr passieren als zu sterben?\" \"Es gibt viele M\u00f6glichkeiten zu sterben, weniger qualvolle und qualvolle.\" \"Und du hast eine besonders qualvolle f\u00fcr mich ausgesucht, nicht wahr Dave?\"\"Vater, lass uns alleine!\" es klang wie ein Befehl. \"mach es kurz, David und geh sicher, h\u00f6rst du!\" \"ja, Dave, vielleicht habe ich sieben Leben, wie eine Katze.\" Nick musste lachen. War er verr\u00fcckt geworden? Warum lachte er? Es gab nichts zu lachen. Eher im Gegenteil. Einen Moment lang sah ihm der junge Mann beinahe verdutzt an, dann verzerrten sich seine Gesichtsz\u00fcge zu einem b\u00f6sartigen L\u00e4cheln. \"ich werde der Welt einen Gefallen tun, wenn ich dich umbringe, Nick Slater. Du bist eine Gefahr f\u00fcr die Allgemeinheit.\" \"Warum? Weil ich Dinge voraussehe?\" \"Quatsch voraussehen! Du wei\u00dft soviel, weil du es selbst warst. Wenn sie dich erwischen, werden sie dich aufkn\u00fcpfen.\" \"und wenn sie dich kriegen, wirst du sehen, wie man langsam zugrunde geht\", Nick dachte an die Kr\u00e4hen. \"Du warst immer der Schw\u00e4chste von uns und ein Feigling. Mehr als reden kannst du nicht.\" \"verschone mich mit deinem Gerede, Dave. Ich ziehe es vor, zu sterben.\" Er streckte ihm die H\u00e4nde entgegen. \"Los, fessle mich.\" \"Du hast deinen Tod gesehen, Slater, nicht wahr?\" \"Du wist es nicht fertig bringen, mich zu zerst\u00fcckeln, Dave.\" Nick wusste, dass er den anderen mit seinen Worten noch mehr reizte. Aber seltsamerweise bereitete es ihm Vergn\u00fcgen. Verr\u00fcckt, total verr\u00fcckt. Er spielte Katz und Maus mit einem Verr\u00fcckten. Denn David Stubbins war verr\u00fcckt - nur, war er es nicht auch? Dave zog ein St\u00fcck Paketschnur aus der Tasche und band Nick die H\u00e4nde zusammen. Das Band schnitt tief in sein Fleisch, Nick bemerkte es nicht einmal. \"Steh auf\", befahl Dave. Er trat mit dem anderen auf den gang hinaus. Niemand war zu sehen. Dave schubste ihn weiter. \"Da entlang und keinen Mucks, h\u00f6rst du.\" Nick sah Denise auf sich zukommen und er l\u00e4chelte. Der Blick der jungen Frau traf ihn. Er l\u00e4chelte, aber seine Augen nahmen nicht an dem L\u00e4cheln teil. Etwas stimmte nicht. Irgendetwas wollte er sagen, aber was? Dann viel ihr Blick auf seine H\u00e4nde und sie stutzte bevor sie weiterging. Dave hatte den Blickkontakt der beiden nicht beachtet. Er stieg mit Nick in den wagen und fuhr davon. \"Liza, ruf die Polizei an.\" \"Die Polizei? Aber warum?\"\"David Stubbins hat Nick die H\u00e4nde gefesselt. Etwas an Nick hat mich irritiert und dann hab' ich esgesehen.\" \"Okay, ich rufe an.\" Samuel Parker bog ab und fuhr in den Ort hinein. Vor dem Haus der Graves hielt er an. Als er ausstieg, trat eine junge Frau auf ihn zu. \"Mr. Parker?\" \"Ja?\" \"Mein Name ist Anne Graves, ich habe Sie angerufen.\" Er folgte ihr ins Haus. \"Was sagte er, Miss Graves?\" \"Nur, dass Sie so schnell wie m\u00f6glich kommen sollen. Er h\u00f6rte sich irgendwie seltsam an.\" \"Er hat ihn, ich bin sicher, dass er ihn hat. Ich kenne ihn, er sagt nie viel. Wohin wollte er gehen?\" \"Zum Arzt, wegen seiner \u00dcbelkeit, Dr. Stubbins, Mainstreet.\" \"Bleiben Sie hier, falls er zur\u00fcckkommt, ja?\" \"Okay.\" Parker stand auf. \"Sie brauchen keine Angst zu haben, Miss Graves.\" \"Er sagte, er w\u00fcrde sterben, wenn er von seinem Tod tr\u00e4ume\", sagte sie langsam. \"Und?\" \"Ich glaube, er hat in dieser Nacht davon getr\u00e4umt. Ich habe Angst um ihn.\" Parker sah sie einen Moment lang wortlos an, dann verlie\u00df er sie. Tr\u00e4ume! Vorahnungen! Nick Slater hatte Einf\u00fchlungsverm\u00f6gen und seine Intuition war hervorragend. Hatte das M\u00e4dchen Recht? Und wenn ja, hoffentlich kam er dann nicht zu sp\u00e4t. Nick sa\u00df wortlos neben Dave Stubbins und blickte zum Fenster hinaus. Seine H\u00e4nde waren inzwischen taub und seine innere Ruhe gewachsen. Annie - wahrscheinlich w\u00fcrde er sie niemals wieder sehen, schade. Es hatte gerade erst angefangen und ging schon wieder vorbei. Wo mochte Dave mit ihm hinfahren? Nick schloss die Augen und bem\u00fchte sich, seinen Kopf freu zu machen. Aber das einzige, was er sah war Annies Gesicht, dann ein offenes Grab und schlie\u00dflich Wasser, Unmengen davon und all' das in tiefes Rot getaucht - der See! Nick \u00f6ffnete die Augen. Der See w\u00fcrde als sein Grab werden. \"guten Tag, Parker, Scotland Yard. Ist ein Herr Slater zu sprechen?\" Parker sah die junge Frau am Empfang fragend an. \"Nick Slater? Wir haben ihn weggehen sehen, vor etwas einer Viertelstunde. Wir riefen den Inspektor an, aber er war nicht da.\" \"warum riefen Sie ihn an?\" \"Nicks H\u00e4nde waren gefesselt.\" Parkers Augen weiteten sich. \"Himmel! Ich habe es gewusst.\" \"Mr. Parker?\" h\u00f6rte er eine tiefe Stimme hinter sich sagen und wandte sich um. \"Ja?\" \"Mein Name ist Stubbins, ich m\u00f6chte ein Gest\u00e4ndnis ablegen. Lassen sie uns nach nebenan gehen-\" \"ich bin sicher, Sie wissen genau, wo ihr Sohn mit Nick Slater hingefahren ist!\" Der Doktor nichte langsam. \"\u0001 \u0002 Sie uns dort hinfahren und auf dem Weg erz\u00e4hlen Sie mir was Sie gestehen wollen.\" \"Hast du vor mich zu ertr\u00e4nken, Dave? Da muss ich dich entt\u00e4uschen. Ich liebe Wasser und schwimmen kann ich auch.\" Er trat ans Wasser, obwohl er ganz genau wusste was geschehen w\u00fcrde, was David Stubbins ihm antun w\u00fcrde. Er blieb ganz ruhig stehen und schloss die Augen. Hier war es so wunderbar still und er war angekommen. Nick sank bewusstlos in sich zusammen, als ein harter Gegenstand seinen Kopf traf. Dave stellte irritiert fest, dass auch das lautlos geschah. Nun, der Teufel w\u00fcrde bald zufrieden sein - er bekam sein Junges zur\u00fcck. Dave eilte zum Wagen und holte einen gro\u00dfen M\u00fcllsack heraus. Darin verschn\u00fcrte er Nick. Als er ihn auf die Schultern hievte, um ihn zum Boot zu tragen, lie\u00df ihn ein Ger\u00e4usch zum Himmel aufsehen. Es war das Geschrei von V\u00f6geln. Ein Schwarm gro\u00dfer schwarzer V\u00f6gel flog vorbei und David ging zum Boot. Er ruderte auf die Mitte des Sees hinaus und als er abermals nach oben sah, bemerkte er, dass der Schwarm \u00fcber ihm gr\u00f6\u00dfer geworden war. \"Dave Stubbins, lass dich doch durch so was nicht ablenken. Schlie\u00dflich hast du einen Auftrag zu erf\u00fcllen. T\u00f6te ihn, t\u00f6te Nick Slater, mach ihn endlich unsch\u00e4dlich. Auf der Mitte angekommen, beschwerte er den Sack mit einem Stein und warf ihn \u00fcber Bord. Er ging sofort unter, Dave Stubbins l\u00e4chelte und ruderte zum Ufer zur\u00fcck. Er w\u00fcrde ertrinken, niemand konnte ihm mehr helfen. Den Schwarm, der ihm folgte, bemerkte er nicht. Als er anlegte, kam ein wagen den schmalen Feldweg entlang und hielt am Ufer. Ein gro\u00dfer dunkelhaariger Mann und sein Vater stiegen aus. \"Wo ist er, Dave?\" \"Wer?\" \"na, Slater. Was hast du mut ihm gemacht?\" \"Na gar nichts. Woher soll ich wissen, wo e ist.\" \"Dave, warum l\u00fcgst du?\" \"Warum sollte ich?\" \"Junge, ich habe dem Chiefinspektor alles erz\u00e4hlt.\" \"Auch, dass Slater ein Killet ist, er ist die ausgeburt der H\u00f6lle.\" \"Sergeant Slater?\" Parker kam einen Schritt n\u00e4her, \"nein, niemals. Ich kenne ihn gut genug. Sagen Sie mir die Wahrheit, Stubbins, wo ist er?\" Jetzt begann der junge Mann zu lachen. \"Sie k\u00f6nnen ihm nicht helfen. Wo er jetzt ist, ist er ganz allein.\" \"Sie sind verr\u00fcckt, Stubbins, vollkommen\" Dave Stubbins lachte weiter, aber das Lachen erstarb, als er auf den See hinausblickte. \"Nein, das ist unm\u00f6glich\", fl\u00fcsterte er. Parker und der Doktor folgten seinem Blick. Sie sahen etwas auf der Oberfl\u00e4che schwimmen, etwas, das aussah wie ein Plastiksack. \"Er kann nicht freigekommen sein\", sprach Dave weiter, \"dieser gottverdammte Bastard, er...\" Er kam nicht mehr dazu, weiter zu sprechen. Jedes Wort ging unter in Schreien und Schmerz. Parker konnte es h\u00f6ren. Das Geschrei von V\u00f6geln, das Schlagen riesiger Fl\u00fcgel und er musste genau wie Stubbins neben ihm zusehen, wie etwas, dass man nicht zu sehen vermochte, einen Menschen angriff und ihn t\u00f6dlich verletzte. Dave Stubbins versuchte, es abzuwehren, aber es waren zu viele. Blut floss an ihm herab. Parker sah, dass die Wunden aussahen wie die Spuren spitzer scharfer Schn\u00e4bel. Es war als sei er zu Stein erstarrt, es vermochte sich nicht zu r\u00fchren. \"Du hattest Recht, Nick\", war das letzte, das Dave Stubbins sagt, \"du hast wie immer recht gehabt. Warum habe ich nicht auf die geh\u00f6rt?\" Dann fiel er um. Sein Vater ging neben ihm in die Knie und griff nach seinem Handgelenk. \"Er ist tot.\" Er sah Parker an. \"Es ist besser so. Ich habe ihn gewarnt. Er hat diesen Jungen gehasst, immer schon. Er war schon damals viel st\u00e4rker als Dave und er ist es immer noch. Aber Dave hat nicht auf mich geh\u00f6rt!\" Eine Polizeisirene unterbrach ihn und ein Auto hielt. Inspektor Perkins stieg aus und kam auf die M\u00e4nner zu. \"O, Chiefinspektor Parker\", sagte er erfreut. \"Wie geht es Ihnen?\" \"Nehmen Sie den Doktor fest Perkins. Der Tote ist sein Sohn, er ist f\u00fcr die Morde der letzten Zeit verantwortlich. Der Doktor hat, so denke ich, einiges zu erz\u00e4hlen. \"Himmel was ist denn mit Dave Stubbins passiert? Hat ihn jemand mit Dartpfeilen beworfen oder was?\" Parker wandte sich ab und ging zum Wasser hinunter. Pl\u00f6tzlich vernahm er ein Pl\u00e4tschern und h\u00f6rte jemanden husten. \"Nick?\" Er fand ihn ein paar Meter weiter. \"Nick, Gott sei Dank! Ich dachte schon, ich h\u00e4tte Sie verloren\", er half ihm auf. \"Kommen Sie, Sie m\u00fcssen dringend aus den nassen Sachen raus und jemand muss sich um ihre Handgelenke k\u00fcmmern.\" Er f\u00fchrte ihn zum Wagen. \"Bringen Sie mir eine Decke, schnell.\" \"Er sagte, er bereue es, nicht auf Sie geh\u00f6rt zu haben, Nick. Was immer das hei\u00dfen sollte.\" Parker sah Nick nachdenklich an. \"Ich kenne Sie schon ziemlich lange und ich wei\u00df wirklich nicht, warum andere Menschen sich vor Ihnen \u00e4ngstigen.\" Ein leichtes L\u00e4cheln huschte \u00fcber Nicks Gesicht. \"hatten sie sie schon immer?\" \"Was?\" \"Ihre einmalige Intuition, Nick?\" \"Ja, schon immer.\" \"Vielleicht \u00e4ngstigt sie das.\" \"Ja, schon m\u00f6glich.\" \"Vielleicht war es besser f\u00fcr den jungen Stubbins zu sterben, aber vielleicht, wenn es Ihnen besser geht, erz\u00e4hlen Sie mir, wie er starb\" \"Ich?\" \"Ja, Nick, Sie. Es interessiert mich sehr. Und ich wei\u00df, dass niemand au\u00dfer Ihnen mir dieses Ph\u00e4nomen erkl\u00e4ren kann.\" Er sah Nick direkt in die Augen. \"Wie geht es den Handgelenken?\" \"Ganz gut.\" \"Sie haben gro\u00dfes Gl\u00fcck gehabt, Nick.\" \"Und einen Schutzengel. Fast bin ich mir vorgekommen wie Harry Houdinie.\" Jetzt l\u00e4chelte Parker. \"Sie sind wirklich ein seltsamer junger Mann Nick Slater, aber ich kann nicht sagen, dass sie mir Angst einjagen, nein wirklich nicht. Ach, ehe ich es vergesse. Drau\u00dfen ist jemand, der schon ungeduldig darauf wartet, hineingelassen zu werden.\" Parker dr\u00fcckte ihm die Hand. \"Wie sehen uns im Yard, so bald sie wieder v\u00f6llig in Ordnung sind, Nick. Und entt\u00e4uschen sie mich nicht.\"\"Habe ich Sie jemals entt\u00e4uscht, Sir?\" \"Nein, nie, aber was nicht ist, kann noch werden!\" Parker verlie\u00df ihn und Anne kam herein. Sie blieb vor ihm stehen und sah ihm einen Moment lang schweigend an. \"Danke\", sagte sie dann. \"Wof\u00fcr bedankst du dich, Annie?\" \"Daf\u00fcr, dass du Peters M\u00f6rder gefunden hast\", sie atmete tief durch, \"und daf\u00fcr, dass es dich gibt, Nick.\" Sie l\u00e4chelte, setzte sich auf den Rand des Bettes und strich ihm die Haare aus der Stirn. \"wei\u00dft du, dass du schon wieder viel ges\u00fcnder aussiehst.\" \"Findest du?\" \"Ja! Nick, diese V\u00f6gel hast du...\" \"Ich habe Sie nicht gerufen, aber ich hab' sie zur\u00fcckgeschickt.\" \"Und deine Schmerzen?\" \"Mir geht es gut, Annie.\" \"Wirklich?\" \"Ich brauche trotzdem noch etwas Pflege.\" Anne sah das Funkeln in seinen Augen. \"Okay, genehmigt.\" Sie beugte sich \u00fcber ihn und hauchte ihm einen Kuss auf den Mund. \"Habe ich einen Wunsch frei?\" \"Eigentlich bin ich ja keine Fee, aber einen Wunsch, okay.\" \"K\u00fcss mich richtig\", h\u00f6rte sie ihn leise sagen. \"Jetzt und hier?\" \"Ja, genau. Jetzt und hier.\" Er nahm ihren Kopf und zog sie zu sich herunter. Als er sie wieder freigab, sah sie ihn l\u00e4cheln. Und dieses L\u00e4cheln, lie\u00df sie erkennen, dass er gl\u00fccklich war - und sie die Vergangenheit hinter sich gelassen hatte. Sie konnten neu anfangen.\u00a9 Lanu",
            "wordcount": "12.474",
            "chapter_release": "13.04.2004",
            "chapter_number": "1"
        }
    },
    "title": "Haus des Schreckens",
    "topic": "unspecified",
    "release": "\n13.04.2004\n\t\t\t\t\t\t",
    "author": "bell"
}