{
    "tags": [],
    "chapcount": "18",
    "wordcount": "13.587",
    "chapters": {
        "1": {
            "text": "PROLOGEr lie\u00df sich langsam auf dem Boden des Baumhauses nieder und sp\u00fcrte das raue Holz an seinem \u0001 \u0002 Atem ging schnell und ungleichm\u00e4\u00dfig; die Erregung hatte noch immer nicht \u0001 \u0002 ihm lag das Jagdgewehr mit dem Fernglas, durch das er sie beobachtet \u0001 \u0002 stellte sich vor, wie es aussehen musste, wenn er mit einer solch gef\u00e4hrlichen Waffe in die Ferne \u0001 \u0002, er zielte ja nicht, er hielt nur A u s s c h a \u0001 \u0002 war noch nicht einmal geladen und schon seit Ewigkeiten nicht mehr in Gebrauch \u0001 \u0002 hatte es seinem Gro\u00dfvater geh\u00f6rt, der zu seiner Zeit ein angesehenerJ\u00e4ger gewesen \u0001 \u0002 seiner rechten Hand strich er \u00fcber das sauber verarbeitete Holz, das sich geschmeidig und gut \u0001 \u0002 w\u00fcrden Einige f\u00e4lschlicherweise denken, auch er w\u00e4re einer dieser Menschen, die unschuldige Tieret\u00f6ten, um sie anschlie\u00dfend zu essen oder als h\u00fcbsche Wandverkleidung \u0001 \u0002 dass ihn niemand bei seinem Vorhaben sah, verdankte er nicht nur dem unscheinbaren Baumhaus, sondern dem gl\u00fccklichen Zufall, dass eben dieses sich an einer von einem dichten Wald umgegebenen Stelle \u0001 \u0002 er es sich recht \u00fcberlegte, war die Bezeichnung J\u00e4ger nicht einmal so verkehrt und er schmunzeltebei diesem \u0001 \u0002 jagte nicht, zumindest nicht, solange alles nach Plan lief. Und wenn es zu dem Ausnahmefall kommen sollte, dann jagte er nicht nach unschuldigen \u0001 \u0002, was er jagte waren \u0001 \u0002 Menschen.",
            "wordcount": "239",
            "chapter_release": "18.05.2009",
            "chapter_number": "1"
        }
    },
    "title": "Hunter & Hunteds",
    "topic": "unspecified",
    "release": "\n18.05.2009\n\t\t\t\t\t\t",
    "author": "famouscentury"
}