{
    "tags": [],
    "chapcount": "6",
    "wordcount": "12.865",
    "chapters": {
        "1": {
            "text": "\"Es ist der subjektive Entscheidungstr\u00e4ger, der entscheidet, wer innerhalb und wer au\u00dferhalb des K\u00e4figs steht.\" - Nicki WayneDas \u0001 \u0002 Mensch verf\u00fcgt \u00fcber f\u00fcnf Sinne, die ihn durch das Leben leiten, um zu \u0001 \u0002 auditive Wahrnehmung ist eine Art Warnfrequenz, welche bei dem einen oder anderen mal f\u00fcr G\u00e4nsehaut gesorgt hat, weil unser k\u00fcnstlerischer Geist wieder einmal \u00fcberinterpretiert \u0001 \u0002 fangen Momente ein, welche nicht mit Worten oder Zeichen beschreibbar sind. Sie sind eben nur h\u00f6rbar und ihre Kl\u00e4nge hallen auf ewig in den verzweigten Korridoren unseres Verstandes wider, auf der Suche nach dem richtigen Zimmer, um niemals in Vergessenheit zu \u0001 \u0002 olfaktorische Wahrnehmung \u2013 oder wie der Durchschnittsb\u00fcrger sagen w\u00fcrde \u2013 der Geruchssinn ist eine der untersch\u00e4tztesten Wahrnehmungen. Jener entscheidet, ob man \u00fcberlebt oder nicht \u2013 zumindest in den meisten Thrillern, denn wie oft ist das Opfer durch den Geruch der Angst von seinem Schl\u00e4chter entdeckt worden?Ist dies nicht auch der Sinn, der entscheidet, ob wir bleiben oder fliehen? Haben Sie noch nie einen schmuckvollen Ort gesehen, sich jedoch nicht von dem Gef\u00fchl abbringen lassen, dass irgendein komischer Duft in der Luft hing?Wir erkennen Menschen und Orte anhand von D\u00fcften wieder und genau dies ist ausschlaggebend f\u00fcr das heimische oder eben doch mulmige Gef\u00fchl des einen oder \u0001 \u0002 Tieren geht es oft um Leben oder Tod, wenn ihr Geruchssinn ausschl\u00e4gt \u2026Die gustatorische Wahrnehmung \u2013 das Schmecken \u2013 ist ein Sinn, welcher eine gewisse Ironie mit sich bringt: Wir schlucken die Worte, eingebettet in L\u00fcgen, weil sie uns \u00e4sthetisch und sicher erscheinen, obwohl wir bereits beim ersten Bissen wissen, dass es eine versteckte Gefahr birgt, welche es auf uns abgesehen hat \u2013 und trotzdem schlucken die meisten Menschen und nehmen noch einen zweiten und pl\u00f6tzlich einen dritten \u0001 \u0002 ordnen ein, was verfault und verdorben ist und verstehen, was frisch und sicher ist. Was wir mit den Informationen anfangen, ist unserem Gehirn verschuldet, welches oft widerw\u00e4rtige Zusammenh\u00e4nge an die sich windende Zunge schickt, welche gequ\u00e4lt jene Botschaft in die Au\u00dfenwelt \u0001 \u0002 Tastsinn ist eine nette Hilfe, wenn die Orientierungslosigkeit ihren Weg zu uns gefunden hat und die kleinsten Furchen, Einkerbungen und Schlagl\u00f6cher uns einen sicheren Halt versprechen k\u00f6nnen. Mit ihm k\u00f6nnen wir Vertrautes von Fremdem unterscheiden, sodass wir der Panik entrinnen oder eben in die Arme \u0001 \u0002 dann gibt es noch \u2013 viele w\u00fcrden sagen, er sei der wichtigste Sinn \u2013 die visuelle Wahrnehmung oder eben die F\u00e4higkeit des \u0001 \u0002 Auge ist mit seinen Nervenstr\u00e4ngen und komplexen Strukturen ein Ph\u00e4nomen f\u00fcr sich und gilt keinesfalls zu untersch\u00e4tzen. Was geschieht, wenn wir pl\u00f6tzlich nicht mehr h\u00f6ren k\u00f6nnen? - Wir nutzen die Zeichensprache und dr\u00fccken in anderer Form unseren Willen \u0001 \u0002 geschieht, wenn wir pl\u00f6tzlich nicht mehr tasten k\u00f6nnen? - Wenn jede Rille oder Unebenheit sich g\u00e4nzlich gleich anf\u00fchlt? Sicher kann dies eine Unsicherheit bringen, doch kann der Mensch seine \u00fcbrigen Sinne verwenden, um visuelle und oder auditive Merkmale als Richtlinie zu \u0001 \u0002 geschieht, wenn wir pl\u00f6tzlich nicht mehr riechen k\u00f6nnen? - unser Geschmackssinn w\u00fcrde ebenfalls darunter leiden, doch sind unsere Mitmenschen f\u00e4hig, uns zu leiten, f\u00fcr uns zu entscheiden, was Sicherheit oder auch Gefahr bedeutet. Dies klingt vorerst ziemlich passiv, doch die eigentlichen Gefahren des Lebens stecken nicht in dem, was man riecht oder schmeckt, sondern in dem, was wir selbst sehen und h\u00f6ren \u0001 \u0002 wir nicht h\u00f6ren k\u00f6nnen, k\u00f6nnen wir noch \u0001 \u0002 wir nicht mehr sehen k\u00f6nnen \u2026 bedeutet dies \u0001 \u0002 verf\u00fcgt \u00fcber einen \u00fcberaus ausgepr\u00e4gten Geh\u00f6rsinn, sie ist au\u00dferdem f\u00e4hig, jede Unebenheit voneinander zu unterscheiden und auch ist es f\u00fcr sie relativ m\u00fchelos, den Tast-, Geruch- und Geschmackssinn versch\u00e4rft \u0001 \u0002 wer w\u00fcrde nicht in v\u00f6lliger Panik geraten, wenn er pl\u00f6tzlich in einer fremden Umgebung erwacht, sich jeder Staubkorn gleich anf\u00fchlt und die absolute Stille den K\u00f6rper umh\u00fcllt wie ein verfaultes Leichentuch?Ihre Schl\u00e4fen pochten so stark, dass ihr K\u00f6rper wie von einer unsichtbaren Wand nach unten gedr\u00fcckt wurde. Cylia trug einen kurzen Rock, welcher \u2013 wie ihr Oberteil \u2013 v\u00f6llig verrutscht war. Sie lag ausgestreckt wie ein K\u00e4fer auf dem Bauch, f\u00fchlte sich steif an, als seien ihre Glieder voneinander getrennt worden, sodass ihre Nerven nicht mehr reagieren konnten, wenn sie ihnen ein Signal \u0001 \u0002 m\u00f6glichst sanften Bewegungen setzte sie ihre Beine in Bewegung und zog sie sanft zu sich hoch, als sie auch feststellen musste, dass ihre Strumpfhose an den Knien gerissen war. Auch schabten ihre Beine an etwas Rauem, Festen wie kleine Steine. Und an Dreck. Genau so roch es \u0001 \u0002 klebte auch an ihren Armen \u2013 Cylia ertastete auch dies und es schien die gleiche Konsistenz zu haben wie der Dreck an ihren \u0001 \u0002 genau war sie hier hergekommen?Die letzten fassbaren Erinnerungsfetzen, welche unbarmherzig an ihrem Verstand vorbei eilten, waren doch noch derart anders gewesen, dass es fast schon belustigend war, in welcher kontrastiven Situation sie sich doch nun zu befinden \u0001 \u0002 ihr Erinnerungsverm\u00f6gen ihr zu fl\u00fcsterte, grelle Farben, laute Musik und Menschen \u00fcberf\u00fcllte Pl\u00e4tze wahrgenommen zu haben, schien die Welt sich nun gedreht zu haben. Als sei Cylia die T\u00e4nzerin einer Spieluhr, welche ihren anmutigen Tanz beenden musste, da sie nicht neu aufgedreht worden war und man jene kostbare Spieluhr an eine v\u00f6llig neue Stelle gestellt h\u00e4tte, sodass erst wieder nach \u00c4onen jene freudig entdeckt worden w\u00e4re und von ihrem Besitzer erkannt und aufgedreht wurde, sodass die kleine T\u00e4nzerin staunend ihre Pirouetten in eine ihr absolut fremden Welt drehen \u0001 \u0002 konnte jene T\u00e4nzerin ihre Welt, ob argw\u00f6hnisch oder von Neugier gepackt, \u0001 \u0002 war \u0001 \u0002 Feierlichkeiten ihrer Mitsch\u00fcler m\u00fcssten derweil l\u00e4ngst abgeklungen sein und ein jeder w\u00fcrde wetten, dass sich bereits die ersten M\u00e4dchen kichernd zwischen den G\u00e4ngen tummelten, um ihren Schwarm oder irgendeinen attraktiv wirkenden Jungen zu \u0001 \u0002 die Zeit nicht fassbar oder gar ablesbar war, sch\u00e4tzte Cylia, dass es weit nach Mitternacht \u0001 \u0002, Zara und Russel waren die letzten Menschen, mit denen sie gesprochen hatte. Drei unzurechnungsf\u00e4hige Sch\u00fcler, welche sich nur zu der Elite z\u00e4hlen konnten, weil ihre Familien weit aus verm\u00f6gender waren, als es eben nur reiche Menschen \u0001 \u0002 verachtende Gruppe hasste Cylia. Sie schlichen ihr nach, bestohlen sie oder verbreiteten die absurdesten M\u00e4rchen \u00fcber das blinde M\u00e4dchen mit dem \u0001 \u0002, ihre Blindenf\u00fchrerin und Helferin, war gleichzeitig ihre einzige Freundin an der Schule, obwohl sie Cylia in einer Generation \u00fcberragte. Nach jeder Stunde, wenn der erl\u00f6sende Ton des Gongs ert\u00f6nte, atmete Cylia erst aus, wenn sie Avy\u00b4s Hand ergriff \u2013 ihr rechter Arm hatte eine winzige Narbe, da sie als Kind einmal von einem Pferd gefallen war \u2013 f\u00fcr Sehende ein unwichtiger Sch\u00f6nheitsfleck, f\u00fcr Cylia war dies eine bedeutende \u0001 \u0002 hatte sie dies nicht. Keinen Punkt, keine \u0001 \u0002 schien, als best\u00fcnde die Welt aus einer einzigen endlichen Fl\u00e4che, welches die L\u00e4nder niedergerungen und alle Szenerien wie eine l\u00e4stige Falte weg geb\u00fcgelt \u0001 \u0002 ist nur eine Party, Cylia. Sehe es als eine Art Entschuldigung an f\u00fcr all die letzten Jahre. Aber komm allein \u2013 du allein bist schon uncool genug!\u201c Hatten die Drei sie tats\u00e4chlich bet\u00e4ubt und in den Wald gebracht? Hatte Russel, der Junge der Gruppe, Cylias K\u00f6rper \u00e4chztend aus dem Wagen gehoben und sie wie ein l\u00e4stiges totes Tier, welches man gerade ausversehen auf der Schnellstra\u00dfe \u00fcberfahren hatte, mitten in der Wildnis ausgesetzt? Zara und Milene h\u00e4tten sich wahrscheinlich, sich kr\u00fcmmend vor Lachen, die nackte Angst in Cylias Augen ausgemalt, welche nichts in der pl\u00f6tzlich stillen Umgebung auffassen konnten, da ihre Augen wie eine milchige Glasscheibe den Blick zur Au\u00dfenwelt verhinderten, als w\u00fcssten ihre Sinne, dass das, was sie sehen w\u00fcrde, nicht gut f\u00fcr sie sei und daher entschieden hatten, ihr jene Last von den Schultern zu nehmen und den Strom auszuschalten.\u201eRUSSEL, ZARA, MILENE?\u201cCylia presste sich gegen den matschigen Boden, vergeblich hoffend, sich selbst vor fremden Augenpaaren sch\u00fctzen zu k\u00f6nnen, obwohl ihre Stimme sie doch gerade erst verraten hatte. Trotzdem versprach es ihr aus unerkl\u00e4rlichen Gr\u00fcnden mehr Halt und beruhigte sie, fast schon zu sehr, da sie beinahe schon mit den Gluckslauten der M\u00e4dchen und einem zynischen Spruch auf Russels Lippen rechnete. Doch es geschah \u0001 \u0002 Eule war aus weiter Ferne vernehmbar, doch ihre Laute schienen aus einer Parallelwelt zu \u0001 \u0002 diese verfluchte Eule kann besser sehen als ich! Sie wagte es kaum, ihre Lippen erneut zu \u00f6ffnen und sich wieder zu verraten, obwohl sie sich keinen Millimeter bewegt hatte. Es schien ihr einfach unklug und so schluchzte sie leise und legte ihren pochenden Kopf auf ihre \u0001 \u0002 mussten ihre Eltern sich sicher Sorgen machen oder zumindest Avy, da sie von der Party wusste! Aber Zara und die anderen h\u00e4tten sie auch anrufen und ihnen erz\u00e4hlen k\u00f6nnen, dass sie bei einen von ihnen \u00fcbernachten w\u00fcrde, sie sich einen alten Streifen reinziehen und sich k\u00f6stlich \u00fcber den neuesten Tratsch am\u00fcsieren \u0001 \u0002 f\u00fcr miese Biester! Vor morgen wird das nichts mehr und es sah wirklich so aus, als m\u00fcsse Cylia die Nacht im Wald verbringen. Bei diesen eisigen Temperaturen \u2026 Bis man sie fand! Die Drei w\u00fcrden sicher erst am sp\u00e4ten Vormittag etwas erz\u00e4hlen und bis man sie zu Ende verh\u00f6rt hatte, w\u00e4re es sicher schon Mittag. Mittag! Und es w\u00fcrde sicherlich helfen, wenn sie sich nicht allzu weit entfernen w\u00fcrde \u2026 Aber sie konnte doch nicht hier drau\u00dfen so ungesch\u00fctzt in der K\u00e4lte liegen bleiben! Wenn es in der N\u00e4he jedoch ein bisschen Bl\u00e4tterlaub g\u00e4be, in dem sie sich verstecken k\u00f6nnte \u2026 Trotz der Schmerzen hob sie den Kopf und robbte sich zur rechten Seite vor sich hin. Instinktiv bewegte sie sich dort hin, da der Wind von der anderen Seite kam und sie keinesfalls diese K\u00e4lte im Gesicht sp\u00fcren \u0001 \u0002 das starre Ignorieren reichte nicht aus. Er peitschte leicht ihren R\u00fccken, ihre Beine und kroch durch den d\u00fcnnen Stoff ihrer Kleidung, um sie gefr\u00e4\u00dfig zu \u0001 \u0002 leise Pfeifen streifte ihre Ohren und schien sich an ihre Ohrmuscheln zu halten; sein h\u00e4ssliches faulendes Maul ge\u00f6ffnet, gr\u00e4sslich singend: Mordgel\u00fcste fliegen im Wind, weil sie leicht wie Federn sind. Dreh\u00b4n sich, dreh\u00b4n sich immer wieder, fliegen auf und fliegen nieder. Seh\u00b4n die Opfer von oben an, bis sie schlachten \u0001 \u0002 breitete sich auf Cylias K\u00f6rper aus. Sie war das Opfer und konnte die lauernde Gefahr nicht einmal sehen!Von Angst gepackt, kroch sie langsamer mit ausgestreckten Armen, versuchte, irgendeinen Baum oder Strauch zu ertasten. Nach einigen Steinchen und Schlagl\u00f6chern ertastete sie eine Baumwurzel. Gierig schlossen sich ihre H\u00e4nde um sie, als w\u00fcrde die Wurzel ihren K\u00f6rper umschlingen, um sie vor den Gefahren der Nacht zu sch\u00fctzen. Nat\u00fcrlich taten sie es nicht, doch f\u00fcr Cylia f\u00fchlte es sich so an, als sie begann, den Baumstamm zu umschlie\u00dfen. Sie umarmte jenen und h\u00e4tte beinah noch eine weitere, weit aus kr\u00e4ftigere Person gebraucht, um ihn vollst\u00e4ndig erfassen zu k\u00f6nnen. So, wie sie lag, schob sie sich langsam nach oben, dann auf die Knie, um anschlie\u00dfend auf Zehnspitzen und fest an den Baum gepresst um ihn herum zu tapsen. Obwohl sie immer noch kniete, wagte sie es kaum, ihre F\u00fc\u00dfe den Boden ber\u00fchren zu lassen, da dies Ger\u00e4usche erzeugen k\u00f6nnte, welche ungebetene G\u00e4ste herbei f\u00fchren \u0001 \u0002 umarmten verschiedene Str\u00e4ucher, B\u00fcsche und Pflanzen Cylias zierliche Gestalt und schienen sie praktisch zu verschlingen, sodass sie betete, sie w\u00fcrden sie in eine sichere, abgeschiedene Welt bringen. Und wenn nur f\u00fcr diese eine Nacht bis man sie finden \u0001 \u0002 sie taten es \u0001 \u0002 so hockte sie erneut liegend zwischen dem Getr\u00fcpp, welches sanft an ihren Kleidern zog, wenn sie es wagte, sich zu bewegen. Als w\u00fcrden sie sie warnen, dass jede Bewegung den sicheren Tod bedeuten w\u00fcrde \u2026Allein gelassen nachts im Wald. Das haben M\u00f6rder gerne, so eine leichte Beute. Und die anderen erst \u2026 Die anderen \u2026 Cylia wusste nicht, wo sie waren, doch innerlich verfluchte sie sie. Sollte sie doch der Tod pers\u00f6nlich holen! Und sie in ein grausames Labyrinth stecken, in welches sie um ihr Leben betteln konnten. Findet den Ausgang und ihr lebt. Verlauft ihr euch bis es dunkel wird \u2013 stirbt ihr! Ein grausiges L\u00e4cheln umzog spielerisch ihre Lippen. Selbstverst\u00e4ndlich w\u00fcnschte man niemandem so etwas, doch ihnen schon \u2026 Ohja, sie konnten bluten und das nicht wegen all den Jahren des Mobbings, nein, wegen dieser heutigen Nacht!Und wieso empfand Cylia ihre vorherigen Taten eigentlich immer noch als so harmlos? Sie hatten sie schon seit Dekaden gequ\u00e4lt, sich \u00fcber die Lippen geleckt, sobald das Schicksal ihr ein Beinchen stellte, sodass die Bande nicht einmal selbst Hand anlegen musste \u2026 Sie h\u00e4tte ihnen noch die Meinung geigen sollen, als sie es konnte \u2026 Als sie noch konnte, Himmel! Pl\u00f6tzlich blieb Cylia der Atem weg, als h\u00e4tte man ihr in den Bauch geboxt. Der Drang, ganz schnell etwas zu tun, flammte in ihr auf und die nackte Panik entfachte Schmerzen in ihrer Brust, welche sich pochend zusammenzog. Ihre H\u00e4nde wurden pl\u00f6tzlich eiskalt und schwitzig, ihr K\u00f6rper versteifte sich wie der einer Leiche \u2026 Bald war sie eine, wenn sie nicht schleunigst von hier weg kam!Sie h\u00f6rte leise Schritte von kleinen F\u00fc\u00dfen \u2013 ein Tier? Vielleicht ein Reh oder doch ein Hase? - und w\u00fcnschte sich inbr\u00fcnstig, dass es keine Menschlichen waren. Und wenn? Hatten sie gute Absichten? Kein Mensch, der Nachts im Wald herumstreicht, hat gute Absichten! Es sei denn, er ist verr\u00fcckt oder auf der Flucht!Und bei Ersterem war sie sich nicht g\u00e4nzlich sicher \u2026Das Ger\u00e4usch kam von der gegen\u00fcberliegenden Seite des Waldes, jedoch schien die Gestalt nicht durch weit weg entferntes Gestr\u00fcpp zu wandeln, sondern in einer be\u00e4ngstigenden N\u00e4he. Als h\u00e4tte eine flache Hand das M\u00e4dchen geschlagen, drehte sie sich instinktiv und etwas zu ruckartig auf den Bauch, sodass \u00c4ste und Bl\u00e4tter ihr Gesicht streichelten oder leicht kratzten. Noch lief jedoch kein Blut hinunter, was eigentlich eine gute Nachricht war, jedoch h\u00e4tte sie so dem Suchtrupp gezeigt, dass sie hier gewesen war, sodass es auch gar nicht mal so schlimm gewesen w\u00e4re. Bei einem Menschen, welcher zum Sehen veranlagt war, h\u00e4tte es wahrscheinlich nicht viel ausgesagt, da seine Bewegungsfreiheiten relativ flexibel waren, doch bei einer Blinden ist das was ganz anderes: Ihr blieb nur ein Weg, da der Rest zu unsicher und unbekannt war und die Orientierung sie bei willk\u00fcrlichen Bewegungen fr\u00fcher oder sp\u00e4ter in einer solch fremden Umgebung verlassen \u0001 \u0002 streckte ihre Arme \u00fcber ihren Kopf, jedoch auch leicht angewinkelt, aus, damit sie sie schnell wieder zur\u00fcckziehen konnte, falls sie sie brauchen w\u00fcrde. Nat\u00fcrlich absolut nutztlos, da sie, wenn es sich um einen Angreifer handeln sollte, eh nicht schneller reagieren und fliehen konnte wie ihr Gegen\u00fcber, jedoch erschien es ihr vern\u00fcnftig und irgendwie auf eine verdrehte Art und Weise \u0001 \u0002 sich selbst zu beruhigen, krabbelte sie m\u00fchselig langsam voran. Selbstverst\u00e4ndlich war dies nicht sonderlich effektiv und sicherlich br\u00e4uchte sie eine Ewigkeit bis sie wirklich eine Strecke hingelegt h\u00e4tte, doch brachte es ihr herzlich wenig, wenn sie sich hier im Nirgendwo die Knochen brach, weil ihre Ungeduld sie gedr\u00e4ngelt hatte. Es brachte sie vielleicht schneller von ihrem Ursprungsort, wahrscheinlich in der N\u00e4he einer Schnellstra\u00dfe, da die Teenager sie mit dem Auto dorthin gebracht haben mussten, weg, jedoch wusste niemand, wo die eigentliche Gefahr denn nun lauern \u0001 \u0002 einiger Zeit, welche ihr wie etlich andauernde Stunden, vorgekommen waren, begann ihre Haut zu jucken. Einige Male machte sie Halt, um sich zu kratzen, hinterlie\u00df jedoch kleine K\u00f6rner oder Dreck, welcher wie Pech an ihren H\u00e4nden zu kleben schien, an jener ber\u00fchrten Stelle, sodass die Haut nur noch mehr gereizt schien, wobei jener Schmutz sich mehr und mehr wie eine dunkle H\u00fclle um ihren K\u00f6rper \u0001 \u0002 verschmelze mit der Dunkelheit \u2013 wie eine dunkle blinde G\u00f6ttin der \u0001 \u0002 waren sogar Insekten oder andere winzige Tiere auf ihrem K\u00f6rper, rochen ihren Angstschwei\u00df oder h\u00f6rten ihr flaches \u0001 \u0002 bohrten sich die Steine gierig in ihre Handfl\u00e4chen, als suchten sie Asyl oder als versuchten sie sie aufzuhalten, ihre Strumpfhose schien bis zu den Knien v\u00f6llig aufgerissen und Laubbl\u00e4tter und kleinere \u00c4ste hatten einen Weg in ihre Schuhe gefunden. Vielleicht half es, aufzustehen und etwas zu gehen. Dies w\u00fcrde den Kreislauf anregen und verhindern, dass kleinere Hindernisse ihrem K\u00f6rper f\u00fcr eine kurze Zeit n\u00e4her kamen. Auch konnte sie sich an den B\u00e4umen abtasten und sich nicht verirren, so lange sie die Richtung nicht \u0001 \u0002 richtete sich behutsam auf, ihre Zunge lugte schr\u00e4g zwischen ihren Mundwinkeln hervor, als sei es eine Disziplin, Halt zu finden und einfach gerade zu stehen. Vielleicht war es das genau auch. Wer wei\u00df, was sie alles schon auf der Party getrunken hatte oder welche ihr eingefl\u00f6sten Rauschmittel ihre \u00fcbrigen Sinne noch getr\u00fcbt hatten \u2026Sie streckte beide Arme zu den Seiten aus und ruderte langsam herum, immer an den B\u00e4umen entlang voran. Es \u00e4ngstigte sie fast schon wie schnell sie nun voran kam und erinnerte sich, blo\u00df auf die Sicherheit Acht zu geben. Au\u00dferdem schien der Weg steiler zu \u0001 \u0002 Schuhe trafen auf kleinere Felsbrocken, welche sich aufzut\u00fcrmen schienen und fast bis zu den Knien reichten. Cylia ging in die Hocke, rieb \u00fcber ihre glatten steinigen Oberfl\u00e4chen und stieg \u00fcber sie hinweg. Eine staubige Substanz aus Dreck blieb an ihren Fingerspitzen zur\u00fcck, jedoch scherte es sie \u0001 \u0002 wurde mutiger und spreizte ihre Finger, um mehr von den Steinplatten ertasten zu k\u00f6nnen bis ihr pl\u00f6tzlich das Blut in den Adern gefror und eine kalte, nasse Fl\u00fcssigkeit ihre Arme verschluckte. Vor Schreck keuchend fiel sie mit den Knien voran in das kalte Nass hinein und sp\u00fcrte einen kieseligen Untergrund, welcher sie \u0001 \u0002 F\u00fc\u00dfe ragten aus dem Graben hinaus und es dauerte nur einen Bruchteil bis sie verstand, dass sie in einen kleinen Bach gefallen war. Ihre Arme schlugen schnell nach vorne, sodass sie sogleich die andere Uferseite erreichte und sich fr\u00f6stelnd aus diesem schwarzen Weihwasser befreite, welches mit seiner K\u00e4lte glatt die Seele eines S\u00fcnders h\u00e4tte erfrieren lassen \u0001 \u0002 Haare waren zum Gl\u00fcck verschont geblieben, doch ihre Beine, F\u00fc\u00dfe und Arme waren g\u00e4nzlich von dem Wasser erfasst worden, sodass es nur so an ihr hinunterperlte. Und nun fror sie \u0001 \u0002 und v\u00f6llig au\u00dfer Acht lassend, dass sich ihre F\u00fc\u00dfe auf einem steinigen Untergrund befanden, setzte sie den einen Fu\u00df so weit nach vorn, dass ihre nasse Sohle an dem winzigen Fels abrutschte und ihr versteifter K\u00f6rper mit den Steinplatten verschmolz. Das Platschen des Wassers sowie der Sturz h\u00e4tte Tote aufwecken k\u00f6nnen. Und vor allem weckte das blasse, sich vor ihr immer weiter ausbreitende Licht, Cylias tote Augen, sodass sie demonstrativ ihr Gesicht abschirmen musste.",
            "wordcount": "3.038",
            "chapter_release": "11.05.2020",
            "chapter_number": "1"
        },
        "2": {
            "text": "Es war wie das Licht am Ende eines dunklen \u0001 \u0002 W\u00e4nde fra\u00dfen all jenes Pflanzengestr\u00fcpp und hinterlie\u00dfen eine Wand aus dunklen Tr\u00e4umen an jenen Stellen, welche umbarmherzig jammerten und wehklagten, sobald man sie \u0001 \u0002 waren \u0001 \u0002 stand langsam wieder auf, verga\u00df beinahe den Schmerz, die Sch\u00fcrfwunden und die verzweifelte Angst, welche sie erst zu jener Flucht getrieben \u0001 \u0002 w\u00fcrde sie nicht mehr finden und noch einmal w\u00fcrde sie diesen eisigen Bach nicht \u00fcberqueren. Die Orientierung hatte bereits seit geraumer Zeit ihre Hand losgelassen und sie ihrem ungewissen Schicksal \u00fcberlassen, und so schien es ihr wie ein Zeichen Gottes, dass sie nun dieses Licht hier \u0001 \u0002 wackeligen Schritten lief sie nun den geraden Pfad entlang und wunderte sich wie eben er doch war, da doch der Weg gerade noch von Felsbrocken \u00fcbers\u00e4t gewesen \u0001 \u0002 kleinen Kieselsteine knirschten leise, wenn Cylia ihren Fu\u00df wieder absetzte, jedoch schien das Ger\u00e4usch dieses mal nicht die Nachtruhe zu st\u00f6ren, sondern irgendwie mit ihr im Einklang zu sein. Und so schritt die dunkle G\u00f6ttin den Tunnel entlang, so starr und emsig, dass ein stiller Beobachter vielleicht zu denken vermocht war, sie sei in eine Art Trance \u0001 \u0002 Licht wurde greller, sodass Cylia bald schon beide H\u00e4nde brauchte, um ihr Gesicht zu verdecken. Lampen?Ihr K\u00f6rper begann aufgeregt zu kribbeln. Sie schwitzte erneut und bemerkte das triefende Wasser und diese eisige K\u00e4lte gar nicht mehr. Doch dann stie\u00df ihr Fu\u00df gegen etwas Festem und sie sp\u00fcrte einen leichten Schmerz. Vorsichtiger und vor allem langsamer stie\u00df sie ihn erneut gegen die gerade ber\u00fchrte Stelle. \u0001 \u0002 wiederholte sie dies, jedoch hob sie den Fu\u00df immer weiter hoch, bei jedem Versuch etwas mehr. Solange bis sie keinen Widerstand mehr \u0001 \u0002 Treppe!Vielleicht geh\u00f6rte sie zu einer Terrasse! Und wo eine Terrasse war \u2026Als Cylia sich sicher war, dass keine weiteren Stufen mehr kommen w\u00fcrden (sie war genau vier erklommen), lief sie behutsam nach vorn, erneut beide Arme ausgestreckt, bereit zu \u0001 \u0002 rechte Hand prallte dabei gegen einen metallischen Gegenstand, welcher sich, nachdem sie ihn mit der ganzen Hand umschlossen hatte, als rund und beweglich herausstellte \u2013 ein T\u00fcrknauf!Jemand lebte also tats\u00e4chlich hier! Mitten im Wald!Das muss nicht sein. Es kann genauso gut ein Ferienhaus oder eine alte verlassene H\u00fctte sein \u2026 Egal! Einen Versuch war es wert! Vielleicht fand sie hier nicht nur Asyl, sondern auch Hilfe \u2026Unsicher, was sie nun tun sollte, drehte Cylia den Knauf vorerst behutsam in alle Richtungen und stellte doch erleichtert fest, dass die T\u00fcr verschlossen war. Dies machte die Option, dass es sich hierbei um ein bewohntes Haus handelte, gleich realistischer!Was aber noch lange nicht hei\u00dfen musste, dass auch jemand zuhause war \u2026KLOPF KLOPF!Die Schl\u00e4ge an der massiven Holzt\u00fcr schienen dumpf, da sie lediglich \u00e4ngstlich h\u00e4mmerte, denn sie f\u00fcrchtete sich vor der Reaktion seiner Bewohner, und wenn wirklich jemand im Haus war, h\u00e4tte man sie kaum bis ins Schlafzimmer geh\u00f6rt \u2013 erst recht nicht, wenn die Person auch schon \u0001 \u0002 sollte sie um das Haus herumgehen, um zu schauen, ob es noch einen anderen Weg gab? Cylia versp\u00fcrte urpl\u00f6tzlich Schuldgef\u00fchle. Sollte sie wirklich, blind und unbewaffnet wie sie war, in ein fremdes Haus eindringen? Die Person k\u00f6nnte eine Knarre haben und sie einfach so erschie\u00dfen \u2013 immerhin war das Notwehr, da schlie\u00dflich sie sich in einem fremden Haus befand!Aber die ganze Nacht konnte sie doch nicht so ungesichert mitten auf dieser beleuchteten Terrasse stehen und sich den Tod holen! Immerhin lief das Wasser immer noch in Str\u00f6men an ihr \u0001 \u0002 war auch niemand dort und es handelte sich lediglich um ein Ferienhaus, welches ihr Asyl f\u00fcr die kommende Nacht bieten konnte, sodass sie am Morgen einfach von dort fliehen konnte, den Weg, den sie gekommen war und niemand w\u00fcrde jemals etwas von ihrem Aufenthalt \u0001 \u0002 gefiel \u0001 \u0002 legte beide H\u00e4nde auf die Holzfassade und glitt seitlich immer weiter bis sie an eine Ecke ankam und jene umrundete. Es schien ein Holzhaus zu sein, nicht sonderlich gepflegt, da vereinzelt Spinnenweben und Staub ihre H\u00e4nde umschlossen ehe sie ihre Hand auf die Au\u00dfenwand \u0001 \u0002 war es ja wirklich ein \u00e4lteres, nicht benutztes Ferienhaus!Gelegentlich stie\u00df sie ihren Kopf an kleineren Lampions, welche ebenfalls staubig und alt zu sein schienen, da der Stoff an einigen Stellen L\u00f6cher aufwies, wenn sie ihre Finger um jene gleiten lie\u00df. Zwar brannte das Licht, doch h\u00e4tte dies auch zur Abschreckung dienen k\u00f6nnen \u2013 Einbrecher sollten vielleicht denken, dass jemand im Haus war und man es besser woanders versuchen sollte, obwohl das Haus eigentlich von allem Menschlichen verlassen war. In B\u00fcchern und Filmen war das ein allbekannter Trick \u2013 vielleicht nutzte man ihn wirklich. Oder ich w\u00fcrde gleich in eine Gruppe von Einbrechern laufen, die den kleinen, ungebetenen Gast entweder sofort t\u00f6ten oder im Bach ertr\u00e4nken \u2026 Quatsch! Jetzt war sie v\u00f6llig durchgedreht \u2026Cylias H\u00e4nde blieben erneut an einem T\u00fcrknauf h\u00e4ngen, welcher h\u00f6chstwahrscheinlich eine exakte Kopie von dem ersten Knauf war \u2013 zumindest f\u00fchlten sich die Rillen, welche irgendein Muster ergeben mussten, sich exakt gleich \u0001 \u0002 die Grillen weiter ihre Lieder zirpten und die Nacht wie eine isolierte glitzernde und heilvolle Welt erscheinen lie\u00dfen, drehte Cylia behutsam und so leise wie m\u00f6glich den Knauf in beide Richtungen. Sie \u00fcbte ein wenig mehr Druck aus und h\u00e4tte beinah vergessen zu atmen, als die T\u00fcr, minimal quietschend, sich \u00f6ffnete. Fast schon erwartete sie eine breite Mannsgestalt, welche sie w\u00fcrgend gegen die Hauswand stemmte, grollend fragend, was sie mitten in der Nacht auf seinem Anwesen zu suchen hatte. K\u00f6nnte sie ihm daf\u00fcr b\u00f6se sein?Sie wartete einige Minuten, jedoch gab es kein au\u00dfergew\u00f6hnlich neues Ger\u00e4usch, sodass sie so behutsam wie vorhin weiter die T\u00fcr aufstemmte. Zwischendurch gab die T\u00fcr leise Klagelaute von sich, sodass Cylia sich \u00e4rgerlich auf die Unterlippe bei\u00dfen musste. Wenn wirklich jemand im Haus war, sollte diese Person sie nicht bemerken! Nachdem sie sich sicher war, dass die T\u00fcr weit genug ge\u00f6ffnet war, sodass sie hindurch schl\u00fcpfen konnte, quetschte sie ihre zierliche Gestalt durch den Spalt und schloss alsbald die T\u00fcr so behutsam wie m\u00f6glich hinter sich. Sie war im \u0001 \u0002 dem Raum, in dem sie sich befand, brannte kein Licht. Es war stockfinster. Au\u00dferdem roch es nach alten Gew\u00fcrzen \u2013 Knoblauch? - und \u2026 Fleisch? Sie vermutete, dass dies hier die K\u00fcche sein musste. Und wenn es noch stark nach Gew\u00fcrzen roch, dann musste erst vor kurzem hier drin gekocht worden sein, sodass die Wahrscheinlichkeit doch allein zu sein, abrupt minimiert \u0001 \u0002 waren Leute in den vergangenen Tagen hier gewesen? Unwahrscheinlich. Es war Samstagabend und wer w\u00fcrde \u00fcber die Woche hin in seinem Ferienhaus leben und am Wochenende zur\u00fcck zum Haus fahren? Nat\u00fcrlich gab es die M\u00f6glichkeit, dass die Leute ihren Urlaub hier verbracht hatten und vor dem Wochenende vor Dienstbeginn am Montag nochmal ihre Zeit zuhause verbringen wollten, um sich auf die anstrengende Woche vorzubereiten, aber diese Theorie war wackelig und zu \u0001 \u0002 muss jemand im Haus sein! Cylia ging entlang der W\u00e4nde um den Raum herum, ignorierte den T\u00fcrrahmen und tat dies bis sie wieder an ihrer Anfangsposition stand. Der Raum schien rund gebaut und sie hatte w\u00e4hrend ihrer Erkundungstour einen K\u00fchlschrank und Messerbl\u00f6cke ertasten k\u00f6nnen. Dies verfestigte die Tatsache, dass es sich hierbei um die K\u00fcche handeln musste und auch schien die Wahrscheinlichkeit nicht allein zu sein, immer gr\u00f6\u00dfer zu werden, da viele Flaschen im K\u00fchlschrank lagen. Sie musste fr\u00f6steln, wenn sie an die eisige Luft dachte, welche ihr entgegen sprang, als sie die K\u00fchlschrankt\u00fcr ge\u00f6ffnet hatte. Sie h\u00e4tte sich eines der vielen Messer schnappen und verschwinden k\u00f6nnen. Eins mehr oder weniger w\u00fcrde niemanden auffallen und selbst wenn, h\u00e4tte es der Besitzer des Hauses selbst verlegt haben \u0001 \u0002 sie entschied sich dagegen. Sie w\u00fcrde ihren Angreifer da drau\u00dfen nicht sehen k\u00f6nnen und falls er unbewaffnet war, hatte sie ihr somit eine perfekte Waffe \u0001 \u0002 h\u00e4tte sie ein Messer genommen, obwohl sie im Haus blieb, h\u00e4tte der Besitzer der Behausung, falls er sie sehen sollte, einen Grund mehr gehabt, ihr \u0001 \u0002 lief mit langsamen Schritten zur T\u00fcr, welche immer mehr in das Haus f\u00fchrte, und versuchte jene behutsam zu \u00f6ffnen. Jene schien ge\u00f6lter zu sein, sodass nur ein Mensch mit sehr empfindsamen Ohren sie h\u00e4tte h\u00f6ren k\u00f6nnen. Die W\u00e4nde des Flures schienen nah beieinander zu sein und es befanden sich verschiedene T\u00fcren an ihren den \u0001 \u0002 wagte es kaum, ihren T\u00fcrknauf zu ber\u00fchren \u2013 zu ungewiss war das verborgene Reich hinter jenen \u0001 \u0002 der Zimmer h\u00e4tte ein Schlafzimmer sein k\u00f6nnen oder ein Wohnraum, in dem sich eine Person h\u00e4tte aufhalten k\u00f6nnen. Vielleicht schon erwacht, sitzend auf der Bettkante, lauschend mit einer Flinte in der rechten Hand. Immerhin fror sie nicht mehr so stark, obwohl ab ihren Br\u00fcsten abw\u00e4rts ihr gesamter K\u00f6rper v\u00f6llig nass war und ihre Kleidung nicht trocknen wollte. Und so schob sie sich an den kalten W\u00e4nden voran, zur Seite taumelnd, tastend nach einem T\u00fcrknauf und sto\u00df sich zur\u00fcck, sobald sie einen ertasten konnte. Cylia z\u00e4hlte genau drei T\u00fcren auf jeder Seite und staunte \u00fcber die unfassbare Gr\u00f6\u00dfe des Hauses und seine \u0001 \u0002 k\u00f6nnte sich glatt \u0001 \u0002 Ende des Flures ertastete sie ein Gel\u00e4nder. Sie lie\u00df sich auf die Knie fallen und betastete die aufsteigenden Treppenstufen. Auf keinen Fall w\u00fcrde sie weiter in das Herz des Hauses hinein stolpern! Wenn der Besitzer wirklich oben schlief und die Treppen knarzten, w\u00e4re dies ihr sicherer Untergang!Wenn das Haus wirklich so gro\u00df war, hatte sie aber immerhin eine gute Chance sich bis zum morgigen Tag verstecken zu k\u00f6nnen. Vielleicht sogar in einem Keller?Da die jene nicht nach unten ging, konnte die Kellertreppe vielleicht woanders liegen. Also stand sie auf und lief weiter geradeaus und betrat einen neuen offenen Raum. Auch hier war es \u0001 \u0002 Wohnzimmer?Pl\u00f6tzlich musste sie an ihre Tante Judy denken, die immer wieder in ihrem Lieblingssessel einschlief - sie fr\u00f6stelte. Es war nicht unwahrscheinlich, dass gleich zwei Herzen in diesem Raum schlugen, zwei Menschen dieselbe Luft atmeten und genau zwei Menschen sich allein zu sein \u0001 \u0002 sie sich an den W\u00e4nden hielt, konnte sie weder stolpern noch fallen! Ihre Fingerkuppen fuhren \u00fcber die br\u00f6ckeligen W\u00e4nde, als versuche sie auf ihrer Braillezeile, einen Satz zu entziffern, wobei ihre H\u00e4nde nun keine menschliche Botschaft empfingen, sondern eine weit aus h\u00f6here Nachricht, gesendet aus dem Schattenreich \u0001 \u0002 Wand schien unendlich lang zu sein, da sie sich kaum zu bewegen wagte, denn Cylia f\u00fcrchtete, ein Ger\u00e4usch zu erzeugen, welches sie verriet. Und eine Flucht w\u00e4re \u0001 \u0002 roch nach irgendetwas Altem in diesem Raum. Sie hatte es einmal wahrgenommen, als ihre Gro\u00dfmutter in ihrem Pflegeheim gestorben war und sich all die alten Menschen um sie versammelt hatten, um sie zu tr\u00f6sten. Manchmal schien der Tod einigen Menschen so nah zu sein und ironischerweise sch\u00fcttet jener seinen Duft nur f\u00fcr die umherstehenden Menschen aus, sodass nur sie zu ahnen bef\u00e4higt waren, zu erkennen, dass ein stiller Begleiter ihre Lieben \u0001 \u0002 ganze Haus schien zwei Facetten zu haben \u2013 wie ein langj\u00e4hrig geglaubter Freund, welcher schelmisch grinsend \u00fcber deinem Abgrund schwebt. Es schien Sicherheit zu geben vor den Schatten der Nacht, doch Cylia sp\u00fcrte bereits, dass von ihm selbst eine unb\u00e4ndige Gefahr ausging, welche das erste Gesicht nur als eine Art Maske trug. Denn wenn die Lichter ausgingen, wusste man nicht mehr, ob man innerhalb oder au\u00dferhalb des K\u00e4figs \u0001 \u0002 sp\u00fcrt es erst, wenn die Venusfliegenfalle zupackt, das Deja \u2013 vu das Gehirn erreicht und einen lachend wispernd an den bei\u00dfenden Geruch erinnert, den wir im Beisein Sterbender einst wahrgenommen hatten und in dem wir selbst nun badend \u0001 \u0002 einigen weiteren unsicheren Schritten ber\u00fchrten Cylias H\u00e4nde den erhofften T\u00fcrknauf. Es musste sie in den Keller f\u00fchren!Hoffend, dass sie keine Ger\u00e4usche erzeugen w\u00fcrde, drehte sie den Knauf leicht in eine Richtung. Innerlich jubelnd stellte sie fest, dass sie weder verschlossen war noch quietschte, sodass sie problemlos jene Pforte der Dunkelheit betreten und hinter sich schlie\u00dfen konnte und sich am Gel\u00e4nder festklammernd nun nach unten hin \u0001 \u0002 schienen Steintreppen zu sein wie das Gel\u00e4nde selbst. Auch hier gab es keine Lichtquelle, sodass sie sich erneut ihren Weg ertasten \u0001 \u0002 war in die Welt der Dunkelheit hineingeboren worden, jedoch war diese hier anders. Es schien, als sei diese Dunkelheit etwas derart \u00fcbersinnliches oder fast schon d\u00e4monisches, sodass sich jeder Gott in seinen Kreis der Helligkeit und des Lebens zur\u00fcckziehen w\u00fcrde, da er wei\u00df, dass man nicht jedem Schattenwesen gewachsen war und es die Dunkelheit keineswegs zu untersch\u00e4tzen \u0001 \u0002 Licht k\u00f6nnte diesen Ort erstrahlen \u0001 \u0002 kein Gott k\u00f6nnte den Schattenmann \u0001 \u0002 Stufen erschienen unendlich als w\u00fcrden sie einen in eine weit entfernte Welt bringen. Am Ende der Treppenstufen schien es, als habe man eine l\u00e4ngst verfluchte Kapelle betreten, in welcher unruhige Schattenmonster jene ungebetenen und seltene G\u00e4ste be\u00e4ugten, ihnen gr\u00e4ssliche Laute zu fl\u00fcsterten und sich an ihrer Angst \u0001 \u0002 konnte die Gr\u00f6\u00dfe des Raumes nicht einsch\u00e4tzen, f\u00fchlte aber einen derartigen kalten und dichten Schleier aus Angst um sich, sodass sie fr\u00f6steln musste. Vielleicht sollte sie das Haus doch verlassen. Es schien unsicher und wahnsinnig hier auch nur eine weitere Minute zu verweilen.\u201eDiese Dunkelheit klebt wie Pech an der Seele.\u201c, hallte es pl\u00f6tzlich von den W\u00e4nden \u0001 \u0002 drehte sich erschrocken zur Seite und blickte in die Dunkelheit rechts neben der Treppe. Es war eine M\u00e4dchenstimme in ihrem Alter.\u201eH\u00fctet man sich nicht, frisst sich das Pech durch.\u201c, f\u00fcgte das M\u00e4dchen wehm\u00fctig hinzu. \u201eIch bin Thaia. Du scheinst dich frei bewegen zu k\u00f6nnen \u2013 bist du noch auf der Flucht vor ihm?\u201cIhm?\u201eIch bin Cylia \u2026 Wieso sollte ich auf der Flucht vor einer Person sein?\u201c, fragte sie und lief mit ausgestreckten Armen auf das M\u00e4dchen zu.\u201eIch bin blind.\u201c, f\u00fcgte sie anschlie\u00dfend hinzu und setzte sich. Thaia legte ihr eine Hand auf den Arm, wobei Cylia etwas Kaltes an ihrer Haut sp\u00fcrte und sogleich zusammenzuckte.\u201eKetten. Von ihm. Mich hat er gefangen.\u201cGefangen? Flucht? Hier schien etwas ganz und gar nicht zu stimmen! Cylia fragte sich allm\u00e4hlich, ob es sich um eine Intrige ihrer Mitsch\u00fcler handelte. War es vielleicht Zaras Haus? Und war es vielleicht alles nur eine grausige Vorf\u00fchrung? W\u00e4ren die Teenager wirklich so grausam und scharfsinnig einen derart perfiden Plan zu schmieden?\u201eWas geht hier vor sich und in welcher Art von R\u00e4umlichkeit befinde ich mich, Thaia?\u201c\u201eDu bist im Keller.\u201c, erwiderte sie. \u201eHier hin werden wir alle verschleppt. Momentan bin ich seine einzige Gefangene \u2013 glaube ich zumindest. Genau vor mir und hinter dir sind Regale aufgestellt, welche eine Art Labyrinth bilden. Dahinter an der Wand ist eine T\u00fcr, welche in die Garage f\u00fchrt. Du kannst sie von innen abschlie\u00dfen, sodass die Person im Keller dort nicht hineinkommen kann. Das hat er schon \u00f6fter getan, daher wei\u00df ich \u0001 \u0002, dieses Haus ist riesig. Gigantisch! Und ich wage zu behaupten, dass es kein Ort f\u00fcr einen Menschen ist \u2013 vor allem, wenn er nicht sehen kann.\u201cCylias Puls raste, ihr klebte die Kleidung an der Haut, obwohl ihr bitterkalt war. Eine einzige Frage brannte ihr auf der Zunge und sie wusste bereits bevor sie sie ausgesprochen hatte, dass sie sich an der Antwort verbrennen w\u00fcrde.\u201eThaia, ich m\u00f6chte dich das nicht fragen, aber ich wei\u00df, dass ich es wissen muss! - Ist dies das Haus eines M\u00f6rders?\u201cEs entstand eine schier ewige Pause. \u201eJa, ich glaube, dass er morden wird. Und dass er es bereits getan hat.\u201cCylia schluckte das, was ihr gerade aus dem Magen hochgekommen war, wieder hinunter. Ein blindes M\u00e4dchen war mitten in der Nacht in dem Haus eines M\u00f6rders und niemand wusste es. Au\u00dfer ihre Schulkameraden. Und die waren ganz bestimmt nicht daran interessiert zu plaudern.\u201eIch muss es in die Garage schaffen, Thaia. Gibt es dort eine Waffe?\u201c\u201eBestimmt gibt es dort Werkzeuge, die man als Waffe nutzen k\u00f6nnte.\u201c, erwiderte sie gr\u00fcbelnd. \u201eUnd sicherlich ein Telefon. Ich habe ihn schon mal geh\u00f6rt \u2013 wie er dort allein gesprochen hat und manchmal w\u00fctend den H\u00f6rer auf die Gabel schmiss. Vielleicht erreichst du jemanden \u2026\u201c\u201eIch sollte mal nachsehen, oder? Bevor er zur\u00fcckkommt \u2026 Aber wieso bist du hier Thaia? Und wer genau ist das M\u00e4dchen, von dem ich mich blind leiten lasse?\u201cCylia wusste, dass ihr dieses Gespr\u00e4ch Zeit rauben w\u00fcrde \u2013 Zeit, die sie nicht hatte. Aber wenn dies wirklich eine Intrige war, sollte sie etwas \u00fcber dieses M\u00e4dchen herausfinden. Vielleicht waren ihre Beschreibungen irref\u00fchrend und sie w\u00fcrde sie genau in eine Falle schicken, um mit dem M\u00f6rder \u2013 wenn er denn existierte \u2013 zusammenzuarbeiten.\u201eIch wei\u00df nicht seit wann ich hier bin. Die Zeit steht still. Meine Freunde und ich waren auf einer Party. Es waren Ferien, also wieso nicht?, dachten wir. Ich sa\u00df auf dem Beifahrersitz, meine Freundin sa\u00df vorne, ihr Freund am Steuer. Wir waren aufgedreht, aber nicht betrunken. Die Party war in der Stadt, wir wohnen auf dem Land. Pl\u00f6tzlich schien etwas vor unseren Wagen gesprungen zu sein \u2013 ich dachte, es war ein Kaninchen \u2026 Das n\u00e4chste, was ich sah, war viel Blut. Ich h\u00f6rte Schreie und kam erst v\u00f6llig zu mir, als ich an Ketten gefesselt hier in diesem Keller \u0001 \u0002 glaube, er hat meine Freunde ermordet. Oder sie sind w\u00e4hrend dem, was auch immer geschehen war, gestorben. Gefragt habe ich ihn nie. Er mag \u00e4lter sein, jedoch habe ich das, was seine Augen widerspiegeln, noch nie zuvor in einem gesunden Augenpaar erblickt. Es ist das personifizierte B\u00f6se.\u201c\u0001 \u0002 M\u00e4dchen richteten sich auf und blickten zur Decke \u0001 \u0002 pl\u00f6tzlich wusste Cylia, dass dies keine Intrige, kein Spiel war. Es war echt. Das Haus, der Keller, Thaias Geschichte.\u201eEr ist hier.\u201c, fl\u00fcsterte Thaia verbittert. \u201eAber er wei\u00df nicht, dass du hier bist.\u201cCylia gefror das Blut in den Adern. \u201eDoch, er wei\u00df es.\u201c Sie blickte an ihrer nassen Kleidung hinab. \u201eUnd ich habe ihm die Spur gelegt.\u201cDas wusste sie deshalb so genau, da Cylia doch wetten w\u00fcrde, die T\u00fcr hinter dem Haus zuschlagen geh\u00f6rt zu haben.",
            "wordcount": "2.968",
            "chapter_release": "17.05.2020",
            "chapter_number": "2"
        },
        "3": {
            "text": "\u201eWie viel Zeit bleibt mir bis er die Lichter anmacht und die Spur verfolgen kann?\u201c\u201eNicht viel.\u201c, erwiderte Thaia keuchend und blickte mit aufgerissenen Augen zur Decke. \u201eAber er wird nicht sofort wissen, wo genau du bist. Wahrscheinlich geht er langsam und bedacht durchs Haus, damit du ihn nicht h\u00f6rst und angreifen kannst. Er wei\u00df nicht, dass du blind bist.\u201cStimmt, das wusste er tats\u00e4chlich nicht, jedoch sollte Cylia sich nicht auf ihren Vorsprung ausruhen. Immerhin kennt er das Haus besser. Und hat wahrscheinlich eine Waffe bei sich.\u201eOkay, Cylia, geh in die Garage und sei vorsichtig, nichts auf dem Weg dorthin umzusto\u00dfen! Sonst ahnt er, wo du bist und es ist vorbei mit unseren Fluchtm\u00f6glichkeiten! Versuche in der Garage Hilfe zu holen oder einen Weg hinaus zu finden \u2013 verstecke dich im Wald oder laufe zu einer Stra\u00dfe hin, wenn du Autos h\u00f6rst, aber komme blo\u00df nicht zur\u00fcck! Ich werde es auch so schaffen, versprich es mir!\u201cPl\u00f6tzlich vernahmen beide M\u00e4dchen schwere Arbeitsschuhe \u00fcber ihren K\u00f6pfen, welche langsam und bedacht durch die R\u00e4ume schlichen. Er schien sich Zeit zu lassen. Als spiele er Verstecken. Und als habe er alle Zeit der \u0001 \u0002, das hat er ja auch und ich bin dabei seine Beute.\u201eVersprich mir das!\u201c, wimmerte Thaia. \u201eWeil wenn wir beide tot sind, bringt das niemandem etwas!\u201cCylia schluckte schwer. Sie wollte Thaia nicht so ungesch\u00fctzt zur\u00fccklassen, jedoch war sie wahrlich angreifbarer als Thaia momentan. Mit dem Unterschied, dass sie frei war. Ihre einzige M\u00f6glichkeit zu \u00fcberleben. Es hing alles von ihr ab. Dem blinden M\u00e4dchen.\u201eKlar. Ich verspreche es.\u201cSie drehte Thaia den R\u00fccken zu und begann, mit den Armen ausgestreckt, auf dem Boden nach vorne zu \u0001 \u0002 so schnell, Cylia! Sonst st\u00f6\u00dft du noch etwas um!Das w\u00e4re ihr sicherer \u0001 \u0002 robbte sich weiter bis ihre Schulter gegen eine Kante stie\u00df. \u201eDu bist am ersten Regal, Cylia! Du schaffst es!\u201c, h\u00f6rte sie Thaia sagen. Vielleicht war es das letzte, was sie jemals von ihr \u0001 \u0002! Kriech weiter!Die Schritte \u00fcber ihr schienen \u00fcberall zu sein. Waren sie noch in der K\u00fcche? M\u00f6glich, aber wieso hielt er sich dort so lange auf? Unm\u00f6glich war er noch dort. W\u00e4re sie doch nicht auf diese verdammte Party gegangen! Sie w\u00fcrde sterben wegen diesen ignoranten Snobs! Wahrscheinlich sa\u00dfen sie gerade auf Zaras Terrasse, Cocktails schl\u00fcrfend, sich pr\u00e4chtig am\u00fcsierend wegen ihres Streichs gegen die blinde N\u00e4rrin!Denk nicht dran! Weiter!Nun bog sie um die Ecke, tastete sich an den B\u00f6den der Wand hohen Regale ab, stoppte alle paar Meter wieder, um an der Wand nach einer T\u00fcr zu \u0001 \u0002 w\u00fcrde ewig dauern bis sie den rettenden Knauf fand. Oder vielleicht w\u00fcrde sie ihn niemals finden \u2026 Wer wei\u00df wie gro\u00df der Keller war, wie aufmerksam ihre H\u00e4nde an den W\u00e4nden tasteten und wie verzweigt die G\u00e4nge \u0001 \u0002 dich, Cylia! Thaia hat ihn oft in der Garage reden geh\u00f6rt \u2013 so weit kann es nicht sein! Ihr Adrenalin lie\u00df ihren gesamten K\u00f6rper unter Strom stehen, sodass selbst ihre F\u00fc\u00dfe kribbelten. Ein bewaffneter M\u00f6rder war hinter ihr her! Himmel!Aber vielleicht war er einmal falsch gegangen. Vielleicht ist er die Treppen nach oben gestiegen \u2026 Das w\u00fcrde ihr einen riesigen Vorsprung verschaffen!Jener neu aufgegriffene Mut wandelte sich jedoch schleunigst in Verzweiflung um, als sie etwas poltern h\u00f6rte. Es schien, als renne jemand die Treppe \u0001 \u0002 lange war sie jetzt schon inmitten dieses Labyrinths? Cylia erhob sich nun und tastete sich an den W\u00e4nden entlang. Egal, ob es ihr ihre Orientierung raubte \u2013 sie war schneller und effektiver. Lauf, du kannst es - KRACH!Cylia sp\u00fcrte einen pochenden Schmerz an ihrem linken Arm und sp\u00fcrte alsbald wie eine klebrige Fl\u00fcssigkeit an ihrer Seite hinunterlief. Sie b\u00fcckte sich hastig und erwischte die nun leere Dose sofort \u2013 eindeutig Farbe. Der Geruch breitete sich wie ein loderndes Feuer im Kellergew\u00f6lbe aus. Super! Nun w\u00fcrde er sie definitiv finden!Fluchend legte sie jenen beiseite und wollte gerade weitergehen, als sie das Ger\u00e4usch einer quietschenden T\u00fcr wahrnahm. \u201eMordgel\u00fcste fliegen im Wind, weil sie leicht wie Federn sind. Dreh\u00b4n sich, dreh\u00b4n sich immer wieder ...\u201c Eine rauchige, r\u00f6chelnde Stimme hallte pl\u00f6tzlich an den Kellerw\u00e4nden wider. Sie schien die eines alten Mannes zu sein. Es war die Art von Stimme, die beruhigend auf ein kleines M\u00e4dchen wirken und ein derartiges Vertrauen erwecken konnte, dass sie blind in sein Auto steigen \u0001 \u0002 Stimme eines wahren \u0001 \u0002 Monster, welches sich tarnen konnte und das es nicht zu besiegen \u0001 \u0002 ist alt \u2013 normalerweise werden M\u00f6rder nicht alt. Er wird damit durchkommen. \u201eNa? Kennst du das Lied?\u201c, fragte jene nun lallende Stimme. \u201eIch habe es schon einmal gesungen. Vielleicht hast du es ja im Wald geh\u00f6rt \u2026 Sing es doch f\u00fcr mich zu Ende ...\u201cCylia unterdr\u00fcckte einen Schrei \u2013 sie hatte sich den s\u00e4uselnden Wind nicht eingebildet. Jene zu h\u00f6ren geglaubten Worte waren real und wanderten nicht in den G\u00e4ngen ihres Verstandes, sondern au\u00dferhalb ihrer begrenzten \u0001 \u0002 lief die Schreckgestalt die Treppen hinunter. Stufe f\u00fcr Stufe. Jede Weitere schien lauter zu knatschen, als w\u00fcrde sie sie warnen wollen. Die Schatten der l\u00e4ngst vergessenen Toten schienen unter den Dielen zu br\u00fcllen als w\u00fcrden sie ein Klagelied singen, welches ihren uralten Schmerz erweckte und ihren Peiniger erw\u00fcrgen sollte. Wie viele hatte er wohl schon auf dem Gewissen? Jesus, eindeutig zu viele!Diese unb\u00e4ndige Stille verschmolz mit den Echoger\u00e4uschen der alten Treppe und erzeugte einen derartigen Klang, dass es jedem Lebewesen das Blut in den Adern gefrieren \u0001 \u0002 dich! Er ist gleich unten!Auf Zehenspitzen tastete sie sich weiter ab, hoffend, nichts \u0001 \u0002 w\u00fcrde sie eh riechen, aber vielleicht hatte sie Gl\u00fcck, dass sich der Geruch so weit ausgebreitet hatte, dass man ihn keiner Richtung einordnen konnte. Sie h\u00e4tte somit \u00fcberall sein k\u00f6nnen.\u201eLass uns ein Spiel spielen.\u201c, begann der alte Mann, als er wieder auf festem Boden zu stehen schien. \u201eWenn du mir ein Gl\u00fchw\u00fcrmchen f\u00e4ngst, lass ich dich gehen. M\u00f6chte nur ein Gl\u00fchw\u00fcrmchen \u2026\u201cSelbstverst\u00e4ndlich. Eine Blinde versucht ein Gl\u00fchw\u00fcrmchen zu fangen \u2026 Also eine Nadel im Heuhaufen \u2026 Und wer wei\u00df, was genau er mit Gl\u00fchw\u00fcrmchen meint? Vergiss es!Sie antwortete nicht und tastete sich stattdessen weiter und lief erneut um eine Ecke, als ihre Schulter eine Spitze streifte.\u201eWillst du nicht spielen? Dann wird dein Licht erl\u00f6schen wie das des Gl\u00fchw\u00fcrmchen. Aber langsam. Sehr sehr langsam ...\u201c Er schliff irgendetwas hinter sich her, welches ein kratzendes, h\u00e4ssliches Ger\u00e4usch auf dem Steinboden erzeugte \u2013 eine Axt?Pl\u00f6tzlich nahm Cylia einen stechenden Schmerz in ihrem R\u00fccken wahr. Sie hatte sich an einer T\u00fcrklinke gesto\u00dfen!Gierig dr\u00fcckte sie die Klinke hinunter, ignorierte jegliches Ger\u00e4usch, welches sie verursachte, schl\u00fcpfte in den Raum und schlug die T\u00fcr so fest wie sie konnte zu, um sie anschlie\u00dfend zu verriegeln. Obwohl all ihre Kr\u00e4fte sie verlassen hatte und sie sich zu gerne ausgeruht h\u00e4tte, indem sie sich gegen die T\u00fcr gelehnt oder sich auf den Boden gesetzt h\u00e4tte, musste sie eine Waffe oder ein Telefon finden!Eilig w\u00fchlte sie sich durch Kisten oder Krimskrams auf den Tischen, um etwas Brauchbares zu finden bis sie pl\u00f6tzlich erschauderte, als sie ein langsames durchdringendes Klopfen an der T\u00fcr h\u00f6rte. Wenig sp\u00e4ter dr\u00fcckte jemand die Klinke hinunter, jedoch tat sich \u0001 \u0002 tat sich nichts \u2013 sie hatte ja abgeschlossen!\u201eCylia ...\u201cWoher zum Teufel kennt er meinen Namen?Sie musste sich beeilen! Selbst wenn er langsam ging, das Haus noch zweimal umrundete, w\u00fcrde sie, da sie das Haus nicht kannte, l\u00e4nger brauchen, um eine gewisse Orientierung zu gewinnen. Er ist deshalb so langsam, damit ich denke, ich habe eine Chance. Er wei\u00df, dass ich die nicht habe \u2026 Oder ist ein Narzisst, der seine Chance zu gut einsch\u00e4tzt \u2026 Los jetzt!\u201eSpielst du mit mir \u2026 ? Such mir ein Gl\u00fchw\u00fcrmchen \u2026 Cylia -\u201c\u201eICH SPIELE IHR VERDAMMTES SPIEL NICHT!\u201c, schrie sie mit einer Selbstsicherheit, die sie sich gar nicht zugetraut \u0001 \u0002 pl\u00f6tzliche Stille umh\u00fcllte den Raum, als sei die Gestalt hinter den W\u00e4nden pl\u00f6tzlich verschwunden. Vielleicht war sie das \u2013 von den Schatten der Vergangenheit verschluckt - und sie w\u00fcrde gleich in ihrem Bett aufwachen und es war alles nur ein b\u00f6ser Albtraum ...\u201eNa sch\u00f6n, deine Entscheidung, Liebste.\u201cSchlagartig h\u00e4mmerte er gegen die T\u00fcr, br\u00fcllend, wild die Klinke hinunterdr\u00fcckend \u2026 Nein, ich werde diese verdammte T\u00fcr nicht \u00f6ffnen!Sie suchte weiter, fand jedoch nur Bl\u00f6cke, Schl\u00fcsselanh\u00e4nger oder leere Dosen. Zu klein oder ungef\u00e4hrlich. Vielleicht bricht er die T\u00fcr gleich ein! Wenn er weiter so h\u00e4mmerte ...Ein letzter Schlag gegen die T\u00fcr folgte, dann h\u00f6rte sie, wie er sich von der T\u00fcr \u0001 \u0002 l\u00e4sst er Thaia in Ruhe \u2026 Als sie sich umdrehte, ber\u00fchrten ihre H\u00fcften einen gro\u00dfen festen Gegenstand. Verwirrt tastete sie sich entlang und sp\u00fcrte eine kalte Scheibe unter ihren H\u00e4nden \u2013 ein Auto?Sie lie\u00df sich auf die Knie nieder und ber\u00fchrte alsbald die Sto\u00dfstange, dann den Kofferraum, welcher einen kleinen Kratzer genau \u00fcber dem Griff hatte \u2026 Moment!Nein, das kann nicht sein \u2026 Cylia lief entlang der Seite und klopfte leicht gegen die Scheibe und sp\u00fcrte eine leichte Vibration, als klopfe jemand sanft gegen die Scheibe auf der anderen \u0001 \u0002 jemand klopfte heftig, was jedoch wegen der dicken Scheibe nicht geh\u00f6rt oder wahrgenommen \u0001 \u0002 schien im Auto zu sein!Schwer atmend r\u00fcttelte sie an der T\u00fcr, jedoch bewegte sich \u0001 \u0002 \u2026Und es gab keine Art von Waffe, die so stark w\u00e4re, dass sie das Fenster h\u00e4tte einschlagen k\u00f6nnen. Vielleicht brauchte sie das aber auch gar nicht. Immerhin lagen so viele Schl\u00fcssel auf dem Tisch, welcher zu diesem Auto h\u00e4tte passen k\u00f6nnen \u2026 Klar, dann bin ich ja die ganze Nacht dran \u2026 M\u00f6glich, wenn ihr nicht der Kratzer am Kofferraum aufgefallen w\u00e4re. Eilig griff sie inmitten des Schl\u00fcsselchaos hinein, nun wohlwissend, was sie suchte, sodass sie den Hinweis nicht mehr \u00fcbersehen konnte und fischte den dicken Schl\u00fcssel mit dem Cham\u00e4leonanh\u00e4nger \u0001 \u0002 steckte sie den Schl\u00fcssel ins Schloss und merkte sofort wie die T\u00fcr im Inneren aufgedr\u00fcckt wurde.\u201eCylia, ich dachte, du lebst nicht mehr!\u201c, schluchzte Milene und dr\u00fcckte sich an sie. Sie schien zu weinen und ihre Klamotten waren derart klamm und schmutzig, dass Cylia sich fragte, ob dieser Irrer sie stundenlang durch den Schlamm gezogen hatte.\u201eMilene, was ist passiert?\u201cDas M\u00e4dchen schluchzte immer noch und wagte gar nicht daran zu denken nun zu sprechen.\u201eIch \u2026 Wir wollten das nicht, Cylia! Es sollte ein Spa\u00df sein, ein Witz!\u201c Sie schluchzte erneut und vergrub ihr Gesicht in ihren H\u00e4nden. \u201eUnd nun? Sind wir bei einem M\u00f6rder ...\u201c\u201eMilene!\u201c, ermahnte sie Cylia und packte gleichzeitig das M\u00e4dchen am Kragen. \u201eErz\u00e4hl mir, was passiert ist und guck dich dabei nach einer Waffe oder einem Telefon um! Bitte, wir d\u00fcrfen keine Zeit verlieren!\u201c\u201eKlar \u2026 Sicher! Setz dich, Cylia! Ich erledige das ...\u201cAls sie sich gegen das Fahrzeug lehnte, schien die Anspannung der gesamten Nacht von ihr abzufallen und lie\u00df sie erst jetzt bemerken wie m\u00fcde sie eigentlich war.\u201eEs war Zaras Idee dir Drogen in den Drink zu mischen und dich in den Wald zu bringen.\u201c, begann Milene nach einigen Sekundenbruchteilen. \u201eRussel fand das urkomisch und ich habe es auch irgendwie f\u00fcr lustig empfunden. Dumm, oder?\u201cCylia erwiderte nichts darauf und lie\u00df Milene weiter suchen. \u201eDer Plan hatte funktioniert. Du hattest es gar nicht gemerkt und bist nach einiger Zeit einfach eingeschlafen wie vermutet. Russel hatte dich ins Auto gehoben ...\u201cCylia nahm an, dass sie nun innegehalten hatte und den Wagen anstarrte.\u201e ... und er hat dich hinter dem Rastplatz auf den Boden gelegt.\u201c\u201eRastplatz?\u201c Cylia spuckte das Wort f\u00f6rmlich aus. \u201eIn meiner N\u00e4he war ein Rastplatz?\u201c\u201eKlar, genau auf der anderen Seite. Vielleicht 5 Minuten von dem Waldst\u00fcck, in dem wir dich abgelegt haben.\u201cW\u00e4re ich in die andere Richtung gelaufen \u2026 Quatsch! Auf der anderen Seite h\u00e4tte der Axtm\u00f6rder gewartet! Und das h\u00e4tte dich sofort deinen Kopf gekostet! Du bist noch gut davon gekommen \u2026Sie glaubte sich selbst nicht, sagte aber nichts mehr. Schmollen rettete niemands \u0001 \u0002 m\u00f6chte niemand sein.\u201eDu hast vielleicht 10 Minuten dort gelegen, als ich ein Ger\u00e4usch zwischen den B\u00fcschen geh\u00f6rt habe. Niemand von uns hatte sich bewegt oder h\u00e4tte dich allein gelassen.\u201c, fuhr Milene fort. \u201eAber keiner von den beiden glaubte mir \u2013 wir hatten alle schon etwas getrunken und ich h\u00e4tte es mir ja wirklich einbilden k\u00f6nnen.\u201cDas w\u00e4re sch\u00f6n gewesen.\u201eAuf jeden Fall wollte ich trotzdem verschwinden und nach ein paar Minuten hatte ich Russel und Zara weichgekocht. Als Russel dich also wieder ins Auto heben wollte, blieben Zara und ich am Auto stehen. Nicht, dass es weit weg gewesen w\u00e4re, aber mehr als Russels Silhouette haben wir nicht gesehen und pl\u00f6tzlich waren da zwei Schatten. Klar, erst dachten wir, dass du aufgestanden bist, aber du lagst noch dort. Und Russel pl\u00f6tzlich neben dir.\u201cUm Gottes Willen! \u201eEr schrie pl\u00f6tzlich, wir sollten gehen \u2013 immer und immer wieder! Geht! Geht!\u201cSie ahmte Russels Stimme nach und begann erneut zu schluchzen.\u201eUnd dann ging alles so schnell. Zara und ich stiegen ins Auto, sie wollte weg fahren, als pl\u00f6tzlich die Scheibe eingeschlagen wurde und eine Hand nach ihrem Kopf griff. Sie wand sich, schlug um sich und, um Gottes Willen, ich tat das Gleiche! Und dann wurde ihr Kopf zur Seite gedreht, sie sah mich derma\u00dfen erschrocken und \u00e4ngstlich an, als w\u00fcsste sie bereits, was er vorhatte und ihre Knochen fingen an zu knirschen ...\u201cNein, Gott im Himmel \u2013 das w\u00fcrde kein Gott der Welt geschehen lassen \u2026\u201eUnd dann starrte sie mich nur noch leer an \u2013 ihr starrer Blick, ihre weit aufgerissenen Augen \u2026 Und ihr Kopf war so verdreht ...\u201cCylia h\u00f6rte zwischen Milene\u00b4s Schluchzer ein Rascheln wie das einer Werkzeugkiste \u2013 Bingo!\u201eNaja, dann stieg ich aus, rannte davon, aber er schlug mir mit einem Stein oder so auf dem Hinterkopf \u2013 dann bin ich hier drin aufgewacht.\u201cMilene, es tut mir leid? Konnte \u2013 nein, sollte sie \u00fcberhaupt etwas dazu sagen?Ihre zwei nesten Freunde waren tot, Cylia! Tot! Sie wird sie nie wieder reden oder lachen h\u00f6ren, sie nie wieder ber\u00fchren oder mit ihnen Spa\u00df haben k\u00f6nnen. F\u00fcr die Ewigkeit. Besiegelt. Unver\u00e4nderbar. G\u00e4nsehaut breitete sich auf ihrem gesamten K\u00f6rper aus. Sie verga\u00df urpl\u00f6tzlich ihre gemeinsame Vergangenheit und bereute ihre Worte gegen\u00fcber den Toten.\u201eHast du was?\u201c Cylia stand nun wieder auf, verdr\u00e4ngte ihre Gedanken und folgte Milene\u00b4s Stimme. Sie konnte nicht mehr einfach so tatenlos da sitzen, wenn sie wusste, was jeden Augenblick mit ihnen passieren \u0001 \u0002 wieso hatte er sie dort liegen lassen? Wieso hatte er sie nicht zu Milene gesperrt? Oder zu den anderen Leichen? Und wo waren die \u00fcberhaupt?Im \u0001 \u0002 fr\u00f6stelte und drehte sich um. Vielleicht starrte sie in eine komplett falsche Richtung, aber vielleicht auch nicht. Dieser dunkle Gedanke quetschte ihre Seele zusammen, als sei jene zwischen einem Schraubstock gefangen. Vielleicht besa\u00df er sogar einen. Dann w\u00fcrde ich wirklich zwischen ihm stecken. Sei still! Ich war Teil seines \u0001 \u0002, wenn sie tot gewesen w\u00e4re, dann w\u00e4re sie nicht seine Leiche gewesen. Wieso sie also mitnehmen?Und wenn sie noch lebte, w\u00fcrde sie fr\u00fcher oder sp\u00e4ter auf sein Haus treffen und seine Leiche werden.\u201eIch habe eine Werkzeugkiste, aber sie scheint mit einem Zahlenschloss verschlossen zu sein.\u201cMist!\u201eOkay, ich versuche einfach irgendwelche Kombinationen und du suchst ein Telefon in der Zwischenzeit.\u201cMilene stellte den Kasten auf den Tisch. \u201eEr ist schwer.\u201c, sagte sie blo\u00df und suchte weiter. Wie viel Zeit blieb ihnen noch? Was trieb der Irre da drau\u00dfen? Gab er ihnen einen Bonus?Bonus wof\u00fcr? Ich spiele sein Spiel doch \u0001 \u0002 schien er Spiele zu m\u00f6gen. Er h\u00e4tte jeden von ihnen bereits umbringen k\u00f6nnen, tat es aber \u0001 \u0002 gab ihnen extra viel \u0001 \u0002 er hatte ein Haus in der Gr\u00f6\u00dfe eines \u0001 \u0002 aufgestellten Regalen, welche in den n\u00e4chsten sicheren Raum f\u00fchrten und versteckten T\u00fcren in den W\u00e4nden, von denen manche ge\u00f6ffnet und manche geschlossen \u0001 \u0002 ich hatte sein Spiel doch abgelehnt.\u201eMilene, hatte er dir gegen\u00fcber ein Spiel erw\u00e4hnt?\u201c\u201eNein \u2013 Cylia, hier ist ein Telefon!\u201cW\u00e4rme breitete sich in ihrem gesamten K\u00f6rper aus. Sie hatten es tats\u00e4chlich geschafft! Sie hatten das Spiel gewonnen!Sie h\u00f6rte wie Milene auf drei Tasten \u0001 \u0002 es konnte unm\u00f6glich so einfach sein \u2026\u201eHallo? Hallo?! Wieso geht denn niemand \u2026 Oh man!\u201cCylia wusste, dass es niemals so einfach h\u00e4tte sein k\u00f6nnen. \u201eDas Kabel ist durchgeschnitten, oder?\u201cDa Milene nicht antwortete, musste sie geistesabwesend \u0001 \u0002 \u0001 \u0002 keine Kombination. Also auch keine \u0001 \u0002 Reihen sind auch zu viel! Mit 2 Reihen allein g\u00e4be es schon 100 M\u00f6glichkeiten und mit vier Zahlreihen w\u00e4ren es schon \u2026 \u0001 \u0002 Kombinationsm\u00f6glichkeiten!Was ein unfaires Spiel!\u201eEr gibt uns immer nur die Nadel im Heuhaufen!\u201c, schluchzte Milene und Cylia warf das Zahenschloss zur\u00fcck. Prustend legte sie ihren Kopf in ihre H\u00e4nde, als ein pl\u00f6tzliches Ger\u00e4usch die Stille \u0001 \u0002 Garagentor!Milene schrie entsetzt auf und Cylia wusste genau, dass er nun kommen w\u00fcrde.\u201eSchnell, ins Haus zur\u00fcck!\u201cOhne Waffe rannte Cylia zur\u00fcck zur T\u00fcr, \u00f6ffnete sie und rannte zur\u00fcck ins d\u00fcstere Kellergew\u00f6lbe. Gerade noch hatte sie Milene hinter sich geh\u00f6rt, doch als sie die Regalreihen durchquerte, schienen ihre Schritte verschlungen worden zu sein und sie schien wieder ganz allein zu sein. Cylia warf sich die Treppen hoch, wagte es nicht, sich nach Thaia zu \u0001 \u0002 war sie tot. Zeit genug hatte er \u0001 \u0002 als sie die Stufen hinaufeilte, h\u00f6rte sie sie \u0001 \u0002 sollte sie gehen?Wieder im Wohnbereich angekommen, stie\u00df sie sich das Bein an einem Tisch an, wobei sie eine Stehlampe ertastete. Geistesabwesend packte sie jene und riss sie aus der Steckdose \u0001 \u0002 keine wahrlich gute Waffe, aber im Notfall w\u00e4re es besser als nichts und so st\u00fcrmte sie keuchend den Flur entlang und zur\u00fcck in die K\u00fcche. Als sie den Knauf der T\u00fcr panisch zu drehen begann, sich jedoch nichts tat, d\u00e4mmerte es ihr, wieso der Irre sich so lange in der K\u00fcche aufgehalten \u0001 \u0002 hat die T\u00fcr verschlossen!Voller Panik drehte sie weiter den Knauf, keuchend und schwer atmend, betend, dass sich wie durch ein Wunder die T\u00fcr doch noch \u00f6ffnete und die kalte, k\u00fchle Luft ihren K\u00f6rper umarmte und sie sicher in den Wald \u0001 \u0002 h\u00e4ttest du wohl gern!St\u00f6hnend und nun weinend stolperte sie zur\u00fcck in den Flur. Wahnsinn. Das ist purer Wahnsinn!Doch sie stieg die Treppen hinauf ohne einen Blick nach unten zu riskieren, obwohl sie nat\u00fcrlich eh nichts gesehen h\u00e4tte. Trotzdem k\u00e4mpfte sie gegen das Verlangen an, da man es in panischen Situationen trotzdem aus Sicherheitsgr\u00fcnden \u0001 \u0002 hatte sie jedoch genug Zeit, um ein Versteck zu finden. Immerhin schien Milene noch bei ihm zu \u0001 \u0002 sie w\u00fcrde ihm \u0001 \u0002 \u0001 \u0002 muss ja nicht gleich sterben! Vielleicht bringt er sie nur zu Thaia. Dann kann man beide sp\u00e4ter immer noch retten. Vorausgesetzt ich komme hier heil wieder raus \u2026Bis jetzt war sie auch noch heil. Daf\u00fcr, dass sie in dem Haus eines Killers war \u2026 Die Betonung lag dabei aber auf \u201ebis jetzt\u201c \u2026Die ersten T\u00fcren schienen verschlossen und es dauerte einige Versuche bis sie einen ge\u00f6ffneten Raum fand. Schnell schloss sie die T\u00fcr hinter sich und tastete sich an den W\u00e4nden entlang. Sie durfte sich nur nicht zu viel Zeit lassen, denn sie hatte die T\u00fcr nicht abgeschossen. Er sollte sie finden. Die Dunkelheit brannte allm\u00e4hlich in Cylias Augen, sodass sie sich st\u00f6hnend an den Objekten und ihren konkaven und konvexen Strukturen entlang \u0001 \u0002 war sie es gewohnt nichts zu sehen. Abh\u00e4ngig von \u00e4u\u00dferen Umst\u00e4nden in einer ihr so fremden Welt zu wandeln wie ein frisch Verstorbener im Totenreich. Aber das hier war keine Welt. Es war ein dunkler, riesiger K\u00e4fig mit unbarmherzig kalten Metallst\u00e4ben, welche nicht nur ihre H\u00e4nde, wenn Cylia sie flehend auf jene legte, sondern auch ihren Verstand \u0001 \u0002 um aus einem K\u00e4fig entfliehen zu k\u00f6nnen, muss man den herlocken, welcher den Schl\u00fcssel zu jenem besitzt und ihn aufschlie\u00dfen kann und wird. Dann galt es den richtigen Moment zu finden, um davon zu fliegen. Wie ein freier Vogel inmitten der Nacht. Nimmermehr gefangen. Oder er flog direkt in den n\u00e4chsten K\u00e4fig, sodass er nimmermehr aufsteigen wird in die L\u00fcfte der \u0001 \u0002 Lampe mit dem baumelnden Kabel in der Rechten, ihrer starken Hand, ertastete sie ein Bett, welches genau neben einem verschlossenen Fenster \u0001 \u0002 \u00f6ffnete sie jenes und roch gierig an der frischen \u0001 \u0002 da drau\u00dfen war unm\u00f6glich ein K\u00e4fig. Der Feind war definitiv dieses \u0001 \u0002 es wieder zu schlie\u00dfen, lief sie an den W\u00e4nden an der Seite der T\u00fcr entlang bis sie das fand, worauf sie gehofft hatte \u2013 ein Wand hoher \u0001 \u0002 perfekte Versteck. Erst hatte sie sich \u00fcberlegt unter das Bett zu kriechen, jedoch war dies das Versteck von den Narren, die in den Filmen immer den L\u00f6ffel als erstes abgaben, sodass sie sich dagegen entschied. Au\u00dferdem hatte sie von dort keine Reaktionszeit, falls sie im Notfall doch h\u00e4tte gehen \u0001 \u0002 Kleiderschrank schien nicht sonderlich gef\u00fcllt, sodass sie sich nicht einmal hinein quetschen musste. Wahrscheinlich war es absichtlich so ein gutes Versteck und geh\u00f6rte zum \u0001 \u0002 die T\u00fcr einen Spaltbreit offen blieb und Cylia lauschend gegen die Holzt\u00fcr gelehnt war, ihrem eigenen Atem lauschend, \u00fcberlegte sie sich wie sie die Spielregeln umschreiben konnte, um den Killer zu besiegen.",
            "wordcount": "3.495",
            "chapter_release": "18.05.2020",
            "chapter_number": "3"
        },
        "4": {
            "text": "Sie schrie immer noch, als die k\u00fchle Waldluft bereits ihren R\u00fccken streichelte und sie zu beruhigen wagte, doch nichts und niemand, selbst der atemberaubende Duft der Freiheit, konnte sie in dieser Nacht und in diesem Moment \u0001 \u0002 sie hatte es geschafft aus der Garage zu fliehen, als er hinter Cylia \u0001 \u0002 wusste, dass er sie bemerkt hatte, als sie quiekend durch das sich immer weiter schlie\u00dfende Garagentor \u0001 \u0002 wusste, dass er sie nicht vergessen \u0001 \u0002 war im Haus. Sie \u0001 \u0002 k\u00f6nnte seinen Spielplan auch \u00e4ndern und die anderen Spielfiguren erst mal aussetzen lassen. Vielleicht streifte er bereits durch den Wald, die Axt in der einen Hand, wohlwissend, dass sie ihm nicht entwischen \u0001 \u0002 Spiel \u2026Cylia sprach die ganze Zeit von einem Spiel. Welches kranke Spiel? Was spielte er?Wieso schlachtete er sie nicht einfach ab? Schnell, unkompliziert und altmodisch wie Meyers, aber er musste ja Kramer \u0001 \u0002 es mehr Spa\u00df macht so zu spielen!Klar, wieso sonst die M\u00fche machen so ein riesiges Haus mitten im Wald zu kaufen und es dann nicht richtig zu nutzen?Egal, unbedeutend! Sie musste jetzt zur\u00fcck zur Rastst\u00e4tte! Die sind doch immer von irgendwelchen gelangweilten Mitarbeitern und einzelnen Pendlern besetzt \u2026So weit konnte es nicht sein \u2026 Sie musste sich nur beeilen und den richtigen Weg finden, den Cylia auch gekommen war!Milene versuchte es gar nicht erst leise durch das Bl\u00e4tterlaub zu stampfen, da es keinen Sinn h\u00e4tte, sich vor diesem Killer so nah am Haus schon zu verstecken. Entweder er sieht sie oder nicht. So dicht ist der Wald hier n\u00e4mlich nicht, sodass es nicht mal m\u00f6glich gewesen w\u00e4re, unsichtbar in der allm\u00e4hlichen D\u00e4mmerung zu werden. Sie erblickte nach wenigen Metern einen schmalen Bach und erinnerte sich wie klamm Cylias Kleidung sich angef\u00fchlt hatten. Sie musste in ihn hineingefallen sein!Mit Anlauf sprang sie \u00fcber das k\u00fchle Dunkel hinweg und landete strauchelnd auf die Felsen dahinter. Ihre Oberfl\u00e4che schien rau und schmutzig, als l\u00e4gen sie bereits seit \u00c4onen hier. Verlassen von jeglicher \u0001 \u0002 stutzte. Die Kulisse sah irgendwie gestellt aus. Der Abhang schien von gro\u00dfen und kleinen Felsbrocken jeglicher Form \u00fcberzogen zu sein, als habe man sie inszeniert. Vielleicht ist das H\u00fcrde Nummer 1? Sollte dies Besucher fernhalten oder gar neugierig stimmen, damit sie sich seinem Haus n\u00e4herten? Oder sich gar verletzten und nicht mehr fliehen konnten?Hatte dieser Irrer etwa Fallen im Wald ausgebreitet?Von nicht mal weit weg h\u00f6rte sie pl\u00f6tzlich ein leises Knacken von \u0001 \u0002, entweder ich sterbe da drin oder hier drau\u00dfen! Ohne zu wissen, aus welcher Richtung Cylia wohl gekommen sein mag, rannte sie immer weiter in das Herzst\u00fcck des Waldes \u0001 \u0002 in den bitteren Tod, in die Arme des Verr\u00fcckten oder aber in die sichere \u0001 \u0002 rechnete sich noch im Sprint ihre Chancen aus, verwarf ihre Rechnungen jedoch, da sie die Wahrscheinlichkeiten und mathematischen Rechnungen des M\u00f6rders bereits kannte \u2013 er spielte nie \u0001 \u0002 in Gedanken versunken stolperte sie \u00fcber eine aufgespannte Schnur und fiel schreiend in das Totenbett aus Bl\u00e4tter und Laub.",
            "wordcount": "508",
            "chapter_release": "18.05.2020",
            "chapter_number": "4"
        },
        "5": {
            "text": "Trotz ihres klopfenden Herzens, war Cylia bereit. Ob es nun aus ihrer Brust hinaussprang oder \u0001 \u0002 Fingerkn\u00f6chel traten bereits wei\u00df hervor, da sie jegliche Kraft darin investierte, sich an die Lampe zu klammern. Als w\u00fcrde sie ihr tats\u00e4chlich etwas bringen \u2026Aber immerhin wusste sie nun, wie sie das Spiel gewinnen \u0001 \u0002 ich gewinne und rette alle, die noch zu retten sind oder wir sterben \u0001 \u0002 sie hatte sich ein Spiel \u00fcberlegt, welches nach ihren Chancen lief. Und die standen nicht \u0001 \u0002 auch nicht gut \u2026 Langsam wurde die T\u00fcr quietschend \u0001 \u0002 hielt ihren Atem an, schloss die T\u00fcr noch ein St\u00fcckchen weiter, hoffend, so sicherer zu sein. Das, was sie gleich tun w\u00fcrde, erforderte jede Art von Sicherheit und Ruhe, so geistesabwesend es auch scheinen mochte, sodass sie wirklich nicht in Erw\u00e4gung zog, doch aus dem ge\u00f6ffneten Fenster zu springen und zu kapitulieren.\u201eCylia ...\u201c, wisperte die vertraute M\u00e4nnerstimme. Er betrat mit einer Selbstsicherheit das Zimmer, lehnte die T\u00fcr an und wandelte langsam durch das Zimmer. Die Schritte schienen von weit weg zu kommen, fast schon aus einer anderen Galaxie und doch so nahe, dass Cylia eine G\u00e4nsehaut \u0001 \u0002 sie sich sicher war, dass er ungef\u00e4hr am Fenster stand, also schr\u00e4g gegen\u00fcber von ihr, packte sie all den Mut, den sie hatte, am Schopf.\u201eIch spiele mit dir.\u201c, sagte sie lediglich. Kaum waren jene Worte ausgesprochen, krabbelten sie an den dunklen W\u00e4nde dieses Zimmers, schienen die Schritte des Wahnsinnigen verstummen zu lassen, als h\u00e4tten sie ihn geohrfeigt.\u201eSpielchen spielen ist nicht schwer.\u201c, erwiderte er s\u00e4uselnd, bewegte sich zu Cylias Beruhigung zum Gl\u00fcck aber nicht. Weder ging er weg noch n\u00e4herte er sich.\u201eIch fange dir ein Gl\u00fchw\u00fcrmchen.\u201c, sagte sie selbstsicher. \u201eAber nur, wenn du Thaia mitspielen l\u00e4sst. Sie soll die Chance bekommen, mitspielen zu d\u00fcrfen.\u201cCylia vermutete, dass nun ein gr\u00e4ssliches L\u00e4cheln seine Lippen umspielen musste. \u201eZwei gegen einen? Das scheint mir unfair, dir nicht?\u201c\u201eNein.\u201c, sagte sie streng. \u201eWeil ich benachteiligt bin. Ich bin blind.\u201cWar das wirklich so klug gewesen, ihm dieses Geheimnis anzuvertrauen?Sie musste es wagen! Sonst h\u00e4tte Thaia vielleicht nicht mitspielen d\u00fcrfen und sie w\u00e4re an den Ketten im Kellergew\u00f6lbe gestorben. Das konnte sie nicht zulassen. \u201eEin blindes Kind? Hat niemals die Welt gesehen?\u201c, seine Stimme lie\u00df eine gewisse Portion Ironie und Verbitterung zu. Bemitleidete er sie oder war er blo\u00df entt\u00e4uscht, dass sie die Axt in den Sekunden ihrer Hinrichtung nicht sehen w\u00fcrde? Cylia wusste es nicht.\u201eDann spielen wir im Terzett! Wunderbar! Besiegelte Sache!\u201c, jubelte er. \u201eAber!\u201c Seine Stimme wurde ernst und br\u00fcchig. \u201eIch gebe euch Zeit f\u00fcr eine Strategie. 30 Minuten, weil mir sonst nachgesagt wird, ich spiele unfair. Dann lasse ich euch in den Wald. Ihr habt 10 Minuten, dann komme ich euch suchen. Mit oder ohne Gl\u00fchw\u00fcrmchen \u2013 ich werde euch finden. Habt ihr eins, habt ihr gewonnen. Habt ihr keines, m\u00fcsst ihr beide sterben.\u201c\u201eDeal.\u201c, fl\u00fcsterte \u0001 \u0002 er ging nicht weg.\u201eM\u00f6chtest du nicht rauskommen?\u201cKlar wollte sie das, aber nicht, wenn er dort stand. Er k\u00f6nnte sie betr\u00fcgen und ihr den Dolch in den R\u00fccken rammen bevor das Spiel \u00fcberhaupt angefangen h\u00e4tte.\u201eNach Ihnen.\u201c, antwortete sie stattdessen zynisch, sodass der Killer begann zu lachen. Es schien derart herzhaft, dass sie f\u00fcr einen Moment verga\u00df, dass er ein Axtm\u00f6rder \u0001 \u0002 M\u00f6rder von Zara und \u0001 \u0002 auch Milene. Und vielen \u0001 \u0002 lebte Thaia auch nicht mehr und er t\u00e4uschte, um mich aus dem Versteck zu \u0001 \u0002! W\u00fcrde er mich umbringen wollen, h\u00e4tte er es schon l\u00e4ngst getan! Es steht nichts zwischen uns \u2013 lediglich eine Holzt\u00fcr, welche kaum eine Chance gegen seine Axt h\u00e4tte \u2026 Sie stie\u00df die T\u00fcr Millimeter f\u00fcr Millimeter auf, lie\u00df sich Zeit, als sie aus ihrem Versteck taumelte und sich der T\u00fcr n\u00e4hrte. Sie konnte den Schmerz f\u00f6rmlich sp\u00fcren. Wie es Kleidung, Haut und Organe zerriss oder Knochen splitterten und sie langsam zu Boden sinken \u0001 \u0002 nichts dergleichen geschah. Stattdessen sprintete die sie Treppen hinunter, verlor irgendwann die Lampe und rannte die Treppen in den Keller hinunter ohne sich \u0001 \u0002 Momente sp\u00e4ter vernahm sie erneut seine Schritte, jedoch schienen sie sich zur Haust\u00fcr zu bewegen. Er verlie\u00df das Haus.\u201eThaia?\u201c, rief sie in die Dunkelheit hinein und erwartete fast schon keine Antwort mehr zu erhalten, als sie pl\u00f6tzlich aus derselben Ecke die vertraute Stimme h\u00f6rte.\u201eCylia? Ich bin noch hier und du lebst! Himmel, wie hast du das geschafft?\u201cWenn sie das w\u00fcsste \u2026 \u201eH\u00f6r zu, wir haben eine Chance das Spiel zu gewinnen! Er will ein Gl\u00fchw\u00fcrmchen und das soll er auch bekommen! Uns bleibt nicht allzu viel Zeit, also sollten wir uns beeilen. Am besten gehe ich in die Garage und versuche die Schl\u00fcsselsammlung mitzubringen. Sicherlich k\u00f6nnen wir dich dann von den Ketten befreien. F\u00fcr meine Spielregeln brauche ich n\u00e4mlich ein gesundes Augenpaar.\u201cThaia schien zu nicken, denn sie sagte nichts \u0001 \u0002 Cylia zwischen den Regalreihen lief, deutete nichts darauf hin, dass Milene jemals ins Haus gelangt war. Auch in der Garage schien sie nicht zu sein, da niemand auf sie zu gest\u00fcrmt kam. Sie musste es also in den Wald geschafft haben!Oder sie ist \u0001 \u0002, das h\u00e4tte man geh\u00f6rt. Au\u00dferdem w\u00fcrde man das Blut riechen und Thaia h\u00e4tte es geh\u00f6rt oder gesehen. Unm\u00f6glich. Deshalb geht er in den Wald. Er versucht sie zu \u0001 \u0002 galt keine Zeit zu \u0001 \u0002 griff sie in den Haufen voller Schl\u00fcssel, wobei sie getrost Zaras ignorierte. Das Auto weder der Schl\u00fcssel w\u00e4ren eine besondere Hilfe \u0001 \u0002 falls ihre Leichen wirklich im Wagen lagen, w\u00e4re es f\u00fcr sie eh zu \u0001 \u0002 wenn Russel lebte? Bewusstlos und absolut hilflos?Okay, vielleicht sollte Thaia, vorausgesetzt, sie w\u00fcrde sie von den Fesseln befreien k\u00f6nnen, einen Blick in den Kofferraum werfen. Wenn man dadurch Leben rettete, musste es eben \u0001 \u0002 waren sie auch in einem abgeschlossenen Raum? Zaras Genick war laut Milene gebrochen \u2013 sie musste tot sein, aber Russel?Sie k\u00f6nnten unm\u00f6glich das gesamte Haus absuchen, wenn die Wahrscheinlichkeit existierte, dass beide bereits tot waren und sie selbst sterben \u0001 \u0002 Schritt nach dem anderen \u2026 Balancierend und h\u00f6chst konzentriert, blo\u00df keinen Schl\u00fcssel fallen zu lassen, tapste sie zur\u00fcck zu Thaia und legte alle Schl\u00fcssel vor ihr ab.\u201eProbier dich durch. In der Zwischenzeit erz\u00e4hl ich dir von meinem \u0001 \u0002 haben 30 Minuten, jetzt wahrscheinlich nur noch 25 oder weniger, bis der Wahnsinnige zur\u00fcckkommt. Dann w\u00fcrde er uns in den Wald hinauslassen, indem wir ihm in 10 Minuten ein Gl\u00fchw\u00fcrmchen fangen. Dann w\u00fcrde er uns suchen kommen, um uns beim Erfolg unser Leben zu lassen \u2013 was ich jedoch auch bezweifel \u2013 oder uns beim Versagen die Bekanntschaft mit seiner Axt machen zu lassen.\u201c\u201eDu benutzt den Konjunktiv. Dazu wird es nie kommen, oder?\u201c\u201eSelbstverst\u00e4ndlich nicht.\u201c, erwiderte Cylia mit erhobenen H\u00e4nden. \u201eWir werden das Haus verlassen, aber er nicht. Und wir sind bereits drau\u00dfen, wenn er drin ist. Du kennst dich doch einigerma\u00dfen im Kellergew\u00f6lbe und in der Garage aus, oder?\u201cThaia schien erneut zu nicken. \u201eNat\u00fcrlich nicht jede Ecke, aber ich wei\u00df eine Menge Dinge. Ich stecke hier schon seit einiger Zeit fest.\u201cUm Himmels Willen \u2026 \u201eEs ist m\u00f6glich, dass Russel noch lebend im Haus ist ...\u201c\u201eEs ist auch m\u00f6glich, dass meine Freunde noch im Haus sind.\u201c, erwiderte Thaia und Cylia h\u00f6rte wie ein Schloss aufsprang. \u201eAber die sind vermutlich schon tot. Wir k\u00f6nnen nicht jeden retten.\u201c\u201eKlar.\u201c, gab Cylia zu. \u201eAber die Garage sollten wir absuchen. Auch den Kofferraum.\u201cThaia erhob sich und lie\u00df den Kopf kreisen, sodass Cylia ihre Knochen knacken h\u00f6ren konnte. \u201eWas ist der Plan?\u201c, fragte sie und gleichzeitig fiel Cylia auf, dass sie etwas kleiner war als sie. Auch begutachtete sie sie nun genauer. Nach Schattenverh\u00e4ltnissen schienen ihre Haare hell zu sein. Wahrscheinlich blond. Im Gegensatz zu Cylias kastanienbraunen \u0001 \u0002 obwohl es absolut absurd war, sich nun Gedanken um Thaias \u00c4u\u00dfere zu machen, dachte Cylia daran wie h\u00fcbsch sie doch sicherlich sein \u0001 \u0002 Thaias Stimme weckte sie erbarmungslos aus ihren Gedanken.\u201eWo ist das Benzin?\u201cCylia grinste schelmisch. \u201eDu scheinst mich verstanden zu haben.\u201cDie Kanister waren ziemlich offensichtlich verstaut gewesen, sodass Thaia sie m\u00fchelos finden \u0001 \u0002 war ein Holzhaus. Das m\u00fcsste keine komplizierte Angelegenheit \u0001 \u0002 Killer im Haus zu behalten hingegen \u0001 \u0002 versch\u00fcttete besonders viel von der Fl\u00fcssigkeit vor den beiden Eing\u00e4ngen, w\u00e4hrenddessen Cylia daneben hockte und sie der Geruch an gute Zeiten erinnerte, als sie und ihre Familie bei irgendwelchen Rastst\u00e4tten Halt machten, um das Auto zu tanken. Wie aufgeregt sie gewesen war, wohlwissend, dass sie sich schon in wenigen Stunden auf einer Wiese oder dem Strand zu wissen wusste. Wie ihre Haut von der Sonne gek\u00fcsst wurde w\u00e4hrend die Grashalme ihr Gesicht kitzelten und das k\u00fchle Wasser ihre Beine \u0001 \u0002 waren all dies Bruchst\u00fccke aus einem Leben, welches bald nicht mehr existierte. Wie ein Spiegel, der zersprang, w\u00fcrde die Axt Cylias K\u00f6rper zerteilen. Und \u00fcbrig blieben Scherben, die es nur noch zu entsorgen galt. Mit all den Erinnerungen, die auf Ewig in den faulenden B\u00f6den dieses verfluchten Landes tr\u00e4umen w\u00fcrden, wartend auf die Rache an ihren Schl\u00e4chter.\u201eUns bleiben h\u00f6chstens noch 10 Minuten. Wenn er denn nicht fr\u00fcher kommt ...\u201c, warf Thaia ein. \u201eWir sollten uns beeilen, wenn wir noch in den Kofferraum gucken wollen.\u201cCylia nickte. \u201eWir m\u00fcssen da eh nochmal hin. Zara war Gelegenheitsraucherin \u2013 sie bewahrte immer Feuerzeuge in ihrem Handschuhfach auf.\u201cThaia warf die leeren Kanister in die Ecke, w\u00e4hrend Cylia drei Feuerzeuge herausfischen konnte. Alle schienen funktionsf\u00e4hig.\u201eOkay, riskieren wir einen Blick in den Kofferraum. Sind dort Leichen, m\u00fcssen wir sie zur\u00fccklassen. So leid es mir tut. F\u00fcr dich oder mich. Wenn jemand lebt, nehmen wir ihn mit.\u201cSie nickte und Cylia h\u00f6rte wie Thaia st\u00f6hnend den Kofferraum zu \u00f6ffnen versuchte. Da ihre Arme seit geraumer Zeit an Ketten gefesselt waren, vermutete Cylia, dass es eine Unmenge an Kraft kostete, jene nun wieder \u0001 \u0002 einem Leisen Klicken sprang der Kofferraum einen spaltbreit auf, jedoch meinte Thaia nur Dunkelheit sehen zu k\u00f6nnen. Dies war nat\u00fcrlich noch kein Indiz darauf, dass der Kofferraum auch wirklich leer war.\u201eMensch, ich wei\u00df, dass wir uns beeilen m\u00fcssen, aber verdammt ich f\u00fcrchte mich!\u201c, jammerte Thaia und stie\u00df mit Wucht den Rest der Klappe auf. Cylia erwartete einen Schrei \u2013 ob voller Angst, Schrecken oder Eckel oder aus Freude und Erleichterung, doch bis auf unruhige Atemz\u00fcge beider M\u00e4dchen vernahm sie rein gar kein Ger\u00e4usch.\u201eWas ist -\u201c\u201eLeer.\u201c, fl\u00fcsterte sie lediglich, beinah \u0001 \u0002 verwirrt klappten die beiden den Kofferraum wieder zu, sodass Cylia keine Zeit blieb zu \u00fcberlegen, ob Thaia die Wahrheit sagte, als sie die zufallende T\u00fcr am Eingangsbereich wahrnahmen. Er war 2 Minuten zu fr\u00fch gekommen.",
            "wordcount": "1.762",
            "chapter_release": "18.05.2020",
            "chapter_number": "5"
        },
        "6": {
            "text": "Der ohrenbet\u00e4ubende Schlag der zufallenden Haust\u00fcr hallte bis in das Kellergew\u00f6lbe wider.\u201eCylia, wir m\u00fcssen auf den Notfallplan ausweichen.\u201c, sagte Thaia entschlossen und hielt sich an ihren Schultern fest. \u201eDu wei\u00dft, dass es sonst keine andere M\u00f6glichkeit gibt.\u201cCylia hatte so gehofft, dass der Notfall nicht eintreten w\u00fcrde. Sie hatten ihre Zeit sorgenlos mit einem leeren Kofferraum verschwendet. Es gab niemanden zu retten und sie zweifelte auch allm\u00e4hlich daran, ob die betreffenden Personen es denn \u00fcberhaupt verdient \u0001 \u0002 wusste aber auch ganz genau, dass sie sich Jahre sp\u00e4ter, wenn sie es denn \u00fcberleben w\u00fcrden, Vorw\u00fcrfe gemacht h\u00e4tte, wenn es tats\u00e4chlich Leichen, die wegen ihres Handelns gestorben waren, oder Verletzte gegeben h\u00e4tte, die man h\u00e4tte retten \u0001 \u0002 war notwendig gewesen. F\u00fcr ihr Gewissen allein und das als Begr\u00fcndung reichte ihr \u0001 \u0002 nickte Thaia traurig drein blickend zu. \u201eSei vorsichtig \u2013 es gibt schon genug Leichen. Du wei\u00dft, wohin du gehen musst.\u201cEigentlich war es mehr eine Frage, die jedoch unbeantwortet blieb. Selbstverst\u00e4ndlich wusste sie \u0001 \u0002 rannte die schwere Steintreppe hinauf, drehte den Knauf mit Bedacht in beide Richtungen bis die T\u00fcr sich v\u00f6llig \u00f6ffnen lie\u00df. Wenige Momente sp\u00e4ter hatte die Dunkelheit Thaias Gestalt verschluckt, sodass Cylia g\u00e4nzlich allein \u0001 \u0002 lange sollte sie warten? Bis sie Gepolter auf den Treppen h\u00f6rte?Und wenn dies zu fr\u00fch war? Es k\u00f6nnte so vieles schief gehen, aber sie musste \u0001 \u0002 Cylia pl\u00f6tzliches Stampfen \u00fcber sich wahrnahm, wusste sie schlie\u00dflich, dass nun ihr Moment gekommen war. Sie rannte die Steintreppe hinauf, entz\u00fcndete eines der Feuerzeuge und warf es anschlie\u00dfend hinunter. Eine dr\u00fcckende Wucht der Hitze schlug ihr ins Gesicht, sodass sie instinktiv einen Schritt zur\u00fcck taumeln musste. Flammen schienen das H\u00f6llenlabyrinth zu erkunden, ihren Weg an den B\u00f6den und W\u00e4nden zu finden, um endlich die Dunkelheit zu \u0001 \u0002 sei dies Gottes Exorzismus an diesem verfluchten \u0001 \u0002 rannte zur\u00fcck in den Flur, stieg die ersten Treppenstufen hinauf und wiederholte den Prozess. Erneut entfachten z\u00fcngelnde Flammen, welche ungeduldig die Treppen \u0001 \u0002 gab es kein Zur\u00fcck \u0001 \u0002 dem Eingang der Haust\u00fcr, welchen sie bis jetzt noch nicht einmal genommen hatte, legte sie das letzte Feuer. Als Cylias K\u00f6rper von der k\u00fchlen Morgenbrise erfasst wurde, f\u00fcllte sich ihre Lunge mit eiskalter Luft, welche wie Messerstiche ihre Organe zu zerkratzen schien. Das Feuer schien die massige Eingangst\u00fcr zu respektieren, denn jene ging nicht in Flammen auf. Als w\u00fcsste das Feuer, dass die lodernde Gefahr im Haus und nicht au\u00dferhalb zu finden war, sodass sich daher jeder Funke auf seine Insassen \u0001 \u0002 und hustend lie\u00df sie sich auf den Boden vor der Terrasse nieder. Der Dreck, die kleinen Kieselsteinchen und \u00c4ste, die sich am Vorabend noch erbarmungslos in ihre Haut gebohrt hatten, schienen nun einen angenehmen, leichten Schmerz zu verursachen, welcher Cylia daran erinnerte, dass sie \u0001 \u0002 jetzt erst fiel ihr die stickige Luft des Kellers auf, welche ihr vorher eine Paukenschlag \u00e4hnliche Migr\u00e4ne beschert hatte. Der Geruch von Pinienzapfen und feuchter Erde durchstr\u00f6mte ihre Nase und sie wusste, dass das langsam erwachende Sonnenlicht sich einen Weg durch das Bl\u00e4tterdach \u0001 \u0002! Cylia rannte strauchelnd weit genug weg von dem Haus, sodass sie es h\u00e4tte perfekt sehen k\u00f6nnen. Instinktiv starrte sie auf das Schlafzimmerfenster im oberen Stockwerk. Das, was sie ge\u00f6ffnet hatte bevor der Killer \u0001 \u0002, welches zu der Regenrinne f\u00fchrte, die sie ertastet hatte, als sie vor etlichen Stunden um das Haus herumgelaufen \u0001 \u0002, welches Thaia hinunterklettern \u0001 \u0002 sie es denn \u0001 \u0002 w\u00fcrde es nicht dem Killer gelingen, jenen Fluchtweg zu finden, um anschlie\u00dfend Thaia in dem Haus verbrennen und Cylia ausbluten zu \u0001 \u0002, sie muss es einfach schaffen!Wenige Augenblicke sp\u00e4ter nahm sie Rufe und schwere Schritte wahr, welche den gesamten Wald aufzuwecken schien.\u201ePOCD Hilfe ist unterwegs!\u201cRiesige H\u00e4nde packten Cylia an den Schultern und drehten sie in jede Richtung, bombardierten sie mit Fragen und irgendwelchen Antworten, doch all dies schien sie gar nicht mehr zu \u0001 \u0002 mit Sturmgewehren riefen in Mikrofone, Verst\u00e4rkung solle eintreffen, da es einen 4298 gab, was auch immer das zu bedeuten \u0001 \u0002, als die klare, s\u00fc\u00dfe Stimme des M\u00e4dchens hinter ihr erklang, schien die Welt sich wieder weiterzudrehen. \u201eCylia! Ist alles in Ordnung?\u201c, rief Milene ihr zu. Ihre Umrisse strauchelten nur langsam auf sie zu, sodass Cylia vermutete, sie hatte sich im Wald verletzt. Der Killer hatte sie also nicht gekriegt.\u201eHey, da ist ein M\u00e4dchen an der Regenrinne!\u201c, h\u00f6rte Cylia einen Cop rufen und ihr Herz machte einen Satz.\u201eEs scheint alles in Ordnung zu sein. Wir haben sein Spiel gewonnen.\u201c, antwortete ihre Stimme, welche von ganz weit weg zu kommen schien. \u201eNun hat er sein Gl\u00fchw\u00fcrmchen. Und das auf Ewig.\u201cDenn das war ihr Plan gewesen, als sie im Schlafzimmerschrank gesessen \u2013 die Lampe in der Rechten starr umklammert - und auf den Killer gewartet \u0001 \u0002 das Haus an und rettet euch. Das Haus wird zum \u0001 \u0002 sp\u00e4ter hatten sie Thaia sicher auf den Boden gebracht, jedoch redete sie vor erst nicht, da der Rauch ihr jene M\u00f6glichkeit erst einmal geraubt \u0001 \u0002, sie war lange dort oben gewesen \u2026Vielleicht schon etwas zu lange \u2026 Cylia blickte in die Flammen bis ihre Augen tr\u00e4nten und \u0001 \u0002 es \u00dcberlebende in den Zimmern? Lebte der Killer noch?Unwahrscheinlich, wenn er bis jetzt noch nicht aus dem Fenster gesprungen kam. Die Flammen mussten ihn erfasst haben. Es gab keine andere \u0001 \u0002 sp\u00e4ter, als der Brand sich b\u00e4ndigen lie\u00df, fand man eine verkohlte Leiche von einem Mann zwischen 60 und 65 Jahren. Seltsamerweise fand niemand Z\u00e4hne oder brauchbare K\u00f6rperteile, mit welchen man den Mann h\u00e4tte identifizieren k\u00f6nnen. Doch wer au\u00dfer dem Killer h\u00e4tte es denn sonst sein k\u00f6nnen?Was man jedoch nicht in den Tr\u00fcmmern des Hauses fand, waren andere \u0001 \u0002 Spurensicherung w\u00fchlte noch Tage und Wochen sp\u00e4ter in der Erde des Waldes, suchten jeden Fleck der Tr\u00fcmmern und Umgebung ab und drehten jeden Stein zweimal \u0001 \u0002 weder Thaias noch Milenes Freunde tauchten \u0001 \u0002 habe es sie nie \u0001 \u0002, wenn Cylia die Augen schloss, sah sie immer noch die Flammen vor ihrem inneren Auge z\u00fcngeln. Wie sehr ihre Augen gebrannt hatten, als die Flammen um die Wette gek\u00e4mpft hatten, als w\u00fcrden sie sich gegenseitig um die Vorherrschaft bekriegen und jeden lebenden Organismus verpulvern, welcher sich auch nur wagte, sich ihnen in den Weg zu \u0001 \u0002 bedauerte, was in jener Nacht geschehen \u0001 \u0002 doch beweinte sie jenen Moment, da sie wusste, dass es das erste und letzte Mal in ihrem Leben gewesen war, in dem gef\u00fchlt hatte, wie es ist, etwas sehen zu k\u00f6nnen.",
            "wordcount": "1.094",
            "chapter_release": "18.05.2020",
            "chapter_number": "6"
        }
    },
    "title": "Im K\u00e4fig",
    "topic": "unspecified",
    "release": "\n11.05.2020\n\t\t\t\t\t\t",
    "author": "NickiWayne"
}