{
    "tags": [],
    "chapcount": "6",
    "wordcount": "13.355",
    "chapters": {
        "1": {
            "text": "HiIch habe mich dazu entschieden einen meiner Albtr\u00e4ume hier mal aufzuschreiben als Geschichte. Bitte lasst mir doch eure Meinung da. Und wenn euch M\u00e4ngel auffallen bitte Bescheid sagen :)//In dem blauen Bus, welcher sp\u00e4t in der Nacht \u00fcber eine Autobahn fuhr, herrschte trotz sp\u00e4ter Stunde noch reges Treiben. Der zehnte Jahrgang, welcher den Bus zusammen mit f\u00fcnf Lehrern f\u00fcllte, hatte eine Klassenfahrt gewonnen. Irgendeiner der Jungen hatte bei einem Gewinnspiel mitgemacht und f\u00fcr die ganze Klasse einen einw\u00f6chigen Aufenthalt in einer Ferienanlage am Meer gewonnen und die Begeisterung dar\u00fcber war gro\u00df. Dementsprechend war die Party im Bus trotz bereits sechsst\u00fcndiger Fahrt noch im vollen Gange. Zwei Stunden nach Einbruch der Dunkelheit hatten dann selbst die Lehrer aufgegeben die Sch\u00fclermasse zu b\u00e4ndigen. Diese Jugendlichen hielten sich eh nie an Regeln, weshalb selbst der Alkohol vor den Nasen der Lehrer getrunken \u0001 \u0002 den begeisterten Jugendlichen, geschlagenen Lehrern und einem st\u00e4ndig grinsenden Busfahrer waren jedoch auch noch eine Gruppe Sch\u00fcler, die versuchten zu schlafen. Es waren nur wenige, doch es gab sie. Das Verhalten dieser Jugendlichen war nicht ein Beweis daf\u00fcr, dass sie sich nicht wie alle anderen auf die Reise freuten. Stattdessen war es ein Beweis daf\u00fcr, dass diese Gruppe sehr m\u00fcde gewesen \u0001 \u0002 dauerte noch fast eine Stunde, bis der gesamte Bus weggetreten war. Einige durch den Alkohol, einige weil sie schon zuvor schliefen und der Rest, da er die M\u00fcdigkeit nicht mehr hatte aufhalten k\u00f6nnen. Nur der noch immer grinsende Busfahrer war wach und fuhr ohne Pause den ihm vorgegeben \u0001 \u0002 Hupen weckte den gesamten Bus auf und eine Sch\u00fclerin fiel sogar aus dem Sitz. W\u00e4hrend sich diese Sch\u00fclerin die blonden Locken aus dem Gesicht entfernte, machte der grinsende Busfahrer eine Ansage. \u201eWir sind nun an ihrem Zielort angekommen. Bitte nehmen Sie alle Koffer und sonstiges Eigentum aus dem Bus. Sie werden diesen Bus nicht wiedersehen, weswegen ich Ihnen rate, nichts zu vergessen.\u201c Ein Schatten glitt \u00fcber das Gesicht des Busfahrers, doch niemand bemerkte ihn. Munter schwatzend verlie\u00dfen alle den Bus, auch wenn sich das zuvor hinausgefallene M\u00e4dchen m\u00fcrrisch den Kopf rieb. \u201eAch Jasmina, sowas passiert auch nur dir.\u201c Das angesprochene M\u00e4dchen drehte sich zu ihrer Freundin um und knurrte noch halb verschlafen eine Antwort. \u201eTja, Gl\u00fcck ziehe ich eben nicht wirklich an Philin.\u201c Philin t\u00e4tschelte ihrer Freundin z\u00e4rtlich und mit einem Lachen den Kopf. Sie war gr\u00f6\u00dfer als Jasmina und besa\u00df kurze, glatte, braune Haare. Dann verlie\u00dfen auch die beiden zur\u00fcckgebliebenen M\u00e4dchen den Bus. Drau\u00dfen war die Stimmung auch ganz ohne Alkohol, obwohl ihn wahrscheinlich noch viele im Blut hatten, noch besser als am vorherigen Abend. Die Sch\u00fcler hatten n\u00e4mlich ihr Reiseziel in Augenschein genommen. Der Bus stand auf einem gepflegten und gro\u00dfem gepflastertem Platz. In der Mitte des kreisrunden Ortes stand ein einfacher, aber sehr h\u00fcbscher Sprungbrunnen, in dem das Wasser pl\u00e4tscherte. Auf der einen Seite des Platzes f\u00fchrte ein kleiner Weg einen H\u00fcgel hinauf zu einem gro\u00dfen Anwesen. Bei Nacht wirkte dieses Anwesen gruselig, doch am Tage, vor allem im Licht der momentan aufgehenden Sonne wirkte das Anwesen eher wie ein Schloss aus den M\u00e4rchen. Die Fassade war gemauert und das Haus besa\u00df drei Stockwerke plus einen Dachboden. Die zu sehenden Fenster waren mit wei\u00dfen Vorh\u00e4ngen geschm\u00fcckt und die Eingangst\u00fcr war aus schweren Holz und buchst\u00e4blich \u0001 \u0002 anderer Pfad, der von dem runden Platz mit dem Springbrunnen abging, f\u00fchrte \u00fcber weite Wiesen zum Meer hinunter. Man konnte von der momentanen Position der Sch\u00fcler einen herrlichen Sandstrand erkennen und einen Steg mit mehreren Ruderboten und Motorboden in verschiedener Form und Gr\u00f6\u00dfe. Im Meer, welches man nur als himmlisch beschreiben konnte, waren noch einige kleinere oder gr\u00f6\u00dfere Inseln zu sehen, bevor es im Horizont endete. Leichte Wellen kr\u00e4uselten sich an der Wasseroberfl\u00e4che. Der dritte Weg f\u00fchrte zu einer Anlage mit den verschiedensten Besch\u00e4ftigungsm\u00f6glichkeiten. Zu sehen waren bisher mehrere Basketballpl\u00e4tze, mehrere Tischtennisplatten, mehrere Tennispl\u00e4tze und Volleyballfelder. Doch dahinter war noch ein Weg in ein kleines Waldst\u00fcck, in und hinter dem sich noch weiter \u00dcberraschungen verbergen konnten. Der letzte Weg von dem runden Platz aus war der breiteste und f\u00fchrte in der Ferne zu einem eisernen Tor. In Jasmina machte sich ein mulmiges Gef\u00fchl breit, als sie die hohe Steinmauer neben dem Tor sah Doch ihr blieb nicht lange Zeit, um sich Sorgen zu machen, denn schon wurde dem recht sportlichem M\u00e4dchen ihr Koffer in die Hand gedr\u00fcckt. \u201eTr\u00e4um hier nicht so rum. Ich will nach Hause!\u201c Der Busfahrer, der nun ganz und gar nicht mehr l\u00e4chelte, sondern dem schon die Schwei\u00dfperlen auf der Stirn standen, beeilte sich damit, jedem seinen Koffer zu geben, wof\u00fcr er den einen oder anderen beleidigten Blick bekam. \u201eUnser Busfahrer ist ja schon ganz sch\u00f6n aus der Puste\u201c, bemerkte Philin mit Mitleid. \u201eKein Wunder bei den riesen Koffern von manchen. Au\u00dferdem sind wir rund 70 Leute hier. Da w\u00e4r ich auch aus der Puste.\u201c Ein drittes M\u00e4dchen, etwas kleiner als Jasmina und mit langen dunklen Haaren die glatt an ihr herunterhingen, gesellte sich zu der Gruppe. Ihr Name war Marinette und sie war bildh\u00fcbsch. Dennoch war der gelbe Koffer in ihrer Hand gerade mal halb so gro\u00df wie der manch anderer.\u201eEinen angenehmen Aufenthalt!\u201c Mit diesen Worten schloss der Busfahrer die T\u00fcren des Busses und beeilte sich, die Einfahrt hinunterzufahren. Dabei w\u00fcrgte er den Bus zun\u00e4chst einmal ab, was im ein Lachen der Jugendlichen einbrachte. Mit einem letzten gehetzten Blick auf die Sch\u00fcler verschwand der Bus. Schon bald war er durch das eiserne Tor verschwunden, welches sich anschlie\u00dfend Schloss. Jasmina wurde erneut unruhig, denn sie konnte es nicht ausstehen eingesperrt zu werden. Doch ihre Lehrer gaben den Jugendlichen eine Ablenkung. \u201eOK, es ist jetzt um sechs. Wir stellen zuerst unser Gep\u00e4ck im Eingangsbereich ab und gehen dann fr\u00fchst\u00fccken. Ich m\u00fcsst euch keine Sorge machen wegen Diebstahles oder \u00e4hnlichem. Wir sind die einzigen auf diesem Gel\u00e4nde. Nach dem Fr\u00fchst\u00fcck k\u00f6nnt ihr dann alle auf eure Zimmer. Ihr habt bis um zw\u00f6lf Freizeit.\u201cFr\u00f6hlich schwatzend betraten alle das Anwesen, welches ca. 100m entfernt war. Durch die Platzierung auf einem H\u00fcgel, \u00fcberragte das Anwesen die umliegende Umgebung v\u00f6llig. Auf der anderen Seite, gegen\u00fcber vom Meer begrenzte ein Wald vermutlich das Gel\u00e4nde. Es juckte Jasmina in den Fingern dieses Ort zu erkunden. Sie liebte es unbekannte Gegenden auszukundschaften. Dies hatte sie schon als Kind immer gemacht. Und wer wei\u00df, vielleicht stie\u00df sie ja auch auf einen \u0001 \u0002 Eingangshalle des Anwesens wirkte ebenfalls wie aus einem Schloss und man konnte \u00fcberall Oh\u00b4s und Ah\u00b4s vernehmen. Die Sch\u00fcler und Lehrer befanden sich in einem riesigen und hohen Raum, der gef\u00fcllt war mit Luxus. Der Teppich war rot mit Goldstickereien und am Rand des Raumes standen diversen Vasen mit Blumen oder Palmen oder auch Skulpturen. W\u00fcrde man die Halle gerade durchqueren, w\u00fcrde man auf eine breite Marmortreppe sto\u00dfen, welche in die oberen Stockwerke f\u00fchrte. Das erste St\u00fcck der Treppe ging geradeaus nach oben. Als die Treppe die gegen\u00fcberliegende Wand erreichte, teilte sie sich und zwei etwas d\u00fcnnere Treppe f\u00fchrten nach links und nach rechts oben. Ein gro\u00dfes Fenster schm\u00fcckte die vom Eingang gegen\u00fcberliegende Wand direkt \u00fcber der \u0001 \u0002 vom Eingang f\u00fchrte ein breiter, mit einem roten Teppich ausgelegter Gang in den Aufenthaltsbereich des Geb\u00e4udes. Dies stand auf einem Schild neben dem Flur. Es war ebenfalls mit den Unterpunkten Wohnzimmer, Fernsehzimmer, Spielezimmer, Sportr\u00e4ume und Sauna geschm\u00fcckt. Viele der Jungs und M\u00e4dchen gaben sich High-Five bei der Entdeckung dieses Schildes. Auf der anderen Seite der Eingangshalle f\u00fchrte ein identischer Flur ins Esszimmer, Waschraum und zur K\u00fcche. Es wehte bereits ein Duft zu den Sch\u00fclern her\u00fcber, bei dem einem das Wasser im Munde zusammenlief. Deshalb z\u00f6gerten die meisten auch nicht lange, sondern stellten ihr Gep\u00e4ck in der gro\u00dfr\u00e4umigen Eingangshalle ab und machten sich dann auf den Weg ins Esszimmer. Auch Jasmina und ihre Freundinnen schlossen sich der Menge an, denn ihre M\u00e4gen knurrten bereits \u0001 \u0002 Flur, welcher ebenfalls mit Vasen und Skulpturen geschm\u00fcckt war und einen herrlichen Blick auf das Gel\u00e4nde durch die Fenster bot, war nicht allzu lang. Schon bald erreichte die Gruppe einen gro\u00dfen Saal, welcher mit Tischen und St\u00fchlen aus Holz geschm\u00fcckt war. Aber nicht solche, wie man sie auch in Jugendherbergen hatte, sondern edle. Die Tische waren auf Hochglanz poliert und mit Schnitzereien versehen. Die St\u00fchlen waren edel geformt und ebenfalls mit Schnitzereien verziert. Auch waren sie gepolstert. Die Fenster an den beiden W\u00e4nden des Raumes waren ebenfalls riesig und wei\u00dfe lange Vorh\u00e4ngen umrahmten sie sanft. Die Tische f\u00fcr sechs Personen waren bereits mit Geschirr gedeckt und die Sch\u00fcler brauchten auch nicht lange, um die Speisenauswahl zu entdecken. Neben einem etwas kleinerem Durchgang, dieser hatte nur ungef\u00e4hr die Gr\u00f6\u00dfe einer normalen Doppelt\u00fcr, waren diverse K\u00f6stlichkeiten auf einem langen Holztisch serviert. Schnell bildete sich eine Schlange vor dieser Auswahl. Es gab unter anderem Eierkuchen, R\u00fchrei, Spiegelei, gekochte Eier, Speck, verschiedenste Sorten von Br\u00f6tchen und Toast und die unterschiedlichsten Marmeladen und andere Brotaufstriche. \u201eK\u00f6nnte es sein, das wir hier im Paradies gelandet sind?\u201c fragte Jasmina begeistert ihre Freundinnen, welche nur zustimmend mit dem Kopf nickten. Bisher hatten die Sch\u00fcler w\u00e4hrend ihren Klassenfahrten nur in recht billigen Jugendherbergen \u00fcbernachtet. Gutes Essen, Sauberkeit, Ordnung oder auch nur heiles Mobiliar waren da nie eine Selbstverst\u00e4ndlichkeit gewesen. \u201eFreut euch mal nicht zu fr\u00fch, wer wei\u00df wie unsere Zimmer aussehen.\u201c Warf Marinette etwas un\u00fcberzeugend ein. Schlie\u00dflich war ihr Teller bereits mit den verschiedenen K\u00f6stlichkeiten bef\u00fcllt und ihre Augen blickten gierig auf diesen herab. Die umstehenden Sch\u00fcler konnten gar nicht anders, als zu \u0001 \u0002 dem Fr\u00fchst\u00fcck, wo sich jeder, egal ob jung oder alt, den Magen vollgeschlagen hatte, wankten alle zur\u00fcck in die Eingangshalle. Nun bekamen die Sch\u00fcler ihr Zimmer zugeteilt und die dazugeh\u00f6rigen Schl\u00fcssel. Auf einem Zimmer schliefen immer nur zwei Personen und beide bekamen einen Schl\u00fcssel. Ein weiterer unbekannter Luxus. Es war schlie\u00dflich ein gro\u00dfer Unterschied, ob man sich eine Dusche zu zweit oder zu sechst teilte.\u201eNa los, wir sind im Zimmer 217.\u201c Philin kam grinsend mit zwei Zimmerschl\u00fcsseln auf Jasmina zu. Ebenfalls grinsend nahm diese ihren Schl\u00fcssel an und bewunderte kurz die Schnitzerei auf der Holzplakette mit der Zimmernummer. Danach steckte sie ihren Schl\u00fcssel in die Hosentasche ihrer ausgewaschenen dunklen Jeans, wo sie immer ihre Schl\u00fcssel aufbewahrte, und holte ihren Koffer. Den ersten Teil der Treppe erklommen die beiden M\u00e4dchen problemlos, doch schon bei zweiten St\u00fcck musste Jasmina auf Philin warten, da diese etwas Schwierigkeiten mit dem Gewicht ihres etwas gr\u00f6\u00dferen Koffers hatte. Doch schon bald war auch dieses Hindernis \u00fcberwunden. Leider sagte den beiden M\u00e4dchen ein Schild, das sie noch eine weitere Etage nah oben mussten. Also gingen sie weiter geradeaus die n\u00e4chste Treppe hoch. In der ersten Etage f\u00fchrten zwei Treppen ins h\u00f6here Stockwerk. Je eine auf den beiden Seiten der vorherigen Treppe. Es war also wie eine Fortf\u00fchrung der \u0001 \u0002 die beiden Freundinnen oben angelangt waren, sie waren die ersten in dieser Etage, konnten sie einen langen Flur identisch denen im Erdgeschoss bewundern. Nur das die Sicht aus den Fenstern durch die zus\u00e4tzliche H\u00f6he noch atemberaubender war. Man sah nun direkt auf das Meer und eine der gr\u00f6\u00dferen Inseln. Jasmina konnte sogar auf dieser Insel einen Steg mit einem Ruderboot entdecken. Doch warum war da ein einzelnes Ruderboot? Die Suche des Zimmers lenkte Jasmina jedoch schnell ab. Der Flur f\u00fchrte an vielen T\u00fcren mit Beschriftung vorbei. Auf der anderen Seite des Flures war jedoch immer das Fenster, auch nach dem Jasmina und Philin zweimal um die Ecke gebogen waren. Wobei auf der kurzen Seite des Hauses keine T\u00fcren zu den Zimmern gewesen \u0001 \u0002 darauf fanden die M\u00e4dchen jedoch ihr Zimmer. Das Fenster, welches gegen\u00fcber von ihrer T\u00fcr war, zeigte fast direkt auf den Springbrunnen. Der Ausblick war zwar nicht so sch\u00f6n wie auf der Meerseite, doch auch hier war er atemberaubend. Und man konnte den Ozean auch etwas erkennen. Jasmina steckte den Schl\u00fcssel behutsam in das Schl\u00fcsselloch und drehte ihn ein paar mal. Als es klickte, grinsten sich Jasmina und Philin kurz an, bevor sie die T\u00fcr \u00f6ffnete. Der Anblick, welcher sich bot, entt\u00e4uschte den Rest des Hauses nicht. Die W\u00e4nde waren sandfarben und der Boden mit einem dunklen roten Teppich ausgelegt. Leider war der Raum fensterlos. Die T\u00fcr war genau in der Mitte der Wand und an beiden Seiten neben der T\u00fcr standen zwei relativ gro\u00dfe Kleiderschr\u00e4nke aus Holz. Es war ein helles Holz und auch hier waren wieder Schnitzereien vorhanden. Direkt gegen\u00fcber von der Eingangst\u00fcr befand sich eine zweite T\u00fcr, welche vermutlich ins Bad \u0001 \u0002 der Badt\u00fcr an den jeweils gegen\u00fcberliegenden W\u00e4nden standen zwei Himmelbetten. Auch hier war helles Holz verwendet und mit Schnitzereien versehen. Die Vorh\u00e4nge an den Betten waren beige und etwas dunkler als die Wandfarbe. Vor den Betten standen noch jeweils ein Schreibtisch mit einem modernem Drehstuhl. Die Schreibtische bestanden auch aus einem hellen Holz, jedoch fielen Jasmina diesmal keine Schnitzereien auf. \u201eDas ist genial. Dieses Zimmer ist fast doppelt so gro\u00df wie mein eigenes!\u201c begeistert sah sich Philin in ihrem Zimmer um und Jasmina musste \u00fcber diese Reaktion lachen. Lachend drehte sie sich um und schloss die T\u00fcr. Dabei fiel ihr ein Zettel an der Innenseite der T\u00fcr auf, bei dem ihr Lachen sofort versiegte. \u201ePhilin, seh dir das mal an.\u201cPhilin tat wie gehei\u00dfen und kam zu ihrer Freundin an die T\u00fcr. Schon vom anderen Ende des Zimmers konnte sie den Grund f\u00fcr das verloschene Lachen erkennen. Auf einem St\u00fcck Papier stand mit strahlend roten Buchstaben \u201eRegeln\u201c geschrieben. Darunter waren in schwarzer Schirft drei Punkte aufgelistet und noch ein zus\u00e4tzlicher kleiner Text. Jasmina las laut vor: \u201eNr. 1: Es darf niemanden, egal ob Mensch, Tier oder Objekt, k\u00f6rperlich geschadet werden. Nr. 2: Mobbing ist strengstens verboten. Nr. 3: Zwischen neun Uhr abends und f\u00fcnf Uhr morgens hat niemand das Haus zu verlassen. Es wird empfohlen sich in dieser Zeit in den Zimmern aufzuhalten. Ein Versto\u00df gegen diese Regeln wird nicht geduldet. Abgesehen von diesen Regeln gibt es auf dem Gel\u00e4nde keine Einschr\u00e4nkungen oder Regeln f\u00fcr die Besucher. Tut was auch immer ihr wollt.\u201c",
            "wordcount": "2.312",
            "chapter_release": "20.05.2018",
            "chapter_number": "1"
        },
        "2": {
            "text": "Nach der Entdeckung dieser Regeln war die Stimmung im Zimmer 217 etwas bedr\u00fcckt. Schweigend packten die M\u00e4dchen ihre Koffer aus und richteten sich in ihrem neuen Zimmer ein. Auch Jasmina f\u00fcllte ihren Schrank, obwohl sie normalerweise immer aus dem Koffer lebte. Doch diesmal empfand sie es als eine Verschwendung, diesen sch\u00f6nen und gro\u00dfen Schrank nicht zu nutzen. Auch das Bad wurde eingenommen. Das Bad war genauso luxuri\u00f6s wie der Rest des Anwesens. Es war gro\u00df und besa\u00df neben einer Dusche, einem Klo und einem Waschbecken sogar noch eine Badewanne. Und auch hier standen mehrere Blumen und andere Pflanzen. Jasmina bedauerte schon fast, dass sie hier nur eine Woche verbringen \u0001 \u0002 klopfte es an der Zimmert\u00fcr der beiden M\u00e4dchen. \u201eKannst reinkommen!\u201c rief Philin kurz darauf und Jasmina kehrte zur\u00fcck in das Zimmer und setzte sich auf ihr Bett, welches unglaublich weich und bequem war. Herein kamen Marinette und ein zweites M\u00e4dchen mit blonden Haaren und braun gebrannter Haut. Beim Schlie\u00dfen der T\u00fcr blieb Marinettes Blick kurz an den Regeln h\u00e4ngen, bevor sie sich zu den anderen M\u00e4dchen umdrehte. \u201eDie Regeln sind schon irgendwie komisch, findet ihr nicht auch?\u201c Auf Marinettes Frage folgte ein gemeinsames Nicken der anderen drei. \u201eIrgendwie anders. Normalerweise ist die Hausordnung doch immer elendig lang. Doch diese ist so kurz und dann auch noch so komisch. Als wenn es denen v\u00f6llig egal ist, wie wir uns verhalten solange wir die Regeln befolgen.\u201c Antwortete Jasmina als Erste. Sie betrachtete eines der Bilder an der Wand, welches ein Portr\u00e4t aus dem vergangenem Jahrhundert zu sein schien. Ein l\u00e4chelnder Mann stand Arm in Arm mit einer h\u00fcbschen Frau vor einem Anwesen. Dieses Anwesen auf dem Bild schien genau dasselbe zu sein, in dem sich die Sch\u00fcler nun \u0001 \u0002 vierte M\u00e4dchen lie\u00df sich auf Philins Bett plumpsen und seufzte. \u201eVor allem steht in einer Hausordnung normalerweise nichts davon, dass niemand gemobbt werden darf. Da steht doch sonst immer wann Bettruhe ist oder das auf den Fluren nicht gerannt werden darf. Was geht die Besitzer \u00fcberhaupt unser Verhalten den anderen gegen\u00fcber an.\u201c Marinette lie\u00df sich auf Jasminas Bett fallen und antwortete. \u201eDas stimmt. Und das wir Tieren k\u00f6rperlich nicht schaden d\u00fcrfen oder sonst irgendwas. Das ist wirklich komisch.\u201c \u201eOder das die Zimmer keine Fenster haben.\u201c Warf Philin noch \u0001 \u0002 richtete sich das vierte M\u00e4dchen auf und beugte sich gespannt nach vorne, w\u00e4hrend sie sprach. \u201eVielleicht sind wir auch gar nicht in einem Ferienresort! Vielleicht ist das alles nur eine Fassade um uns f\u00fcr ein Experiment zu missbrauchen. Ich meine niemand wei\u00df, wo wir hier sind und niemand stellt einer Bande unkontrollierbarer Sch\u00fcler eine solch schicke und luxuri\u00f6se Unterkunft zur Verf\u00fcgung. Und dann auch noch mit so banalen Regeln.\u201c Jasmina erinnerte sich an die Steinmauer, doch Marinette unterbrach ihre Sorgen. \u201eJaja Clara. Hier kommen wieder deine Verschw\u00f6rungstheorien. Wie stehts eigentlich beim Vatikan? Schon irgendwelche verborgenen Schriften entdeckt?\u201c W\u00e4hrend Clara etwas beleidigt den Mund verzog, begann der Rest zu lachen. Sie alle waren der Meinung, dass es unsinnig ist sich Sorgen zu machen. Schlie\u00dflich befanden sie sich in der Realit\u00e4t und nicht in irgendeinem Horrorfilm. Selbst wenn man sich in diesen fensterlosen Zimmern wie in einem goldenen K\u00e4fig f\u00fchlte, hie\u00df das noch lange nicht, dass dies auch so stimmte. Nach dieser Woche w\u00fcrden die Sch\u00fcler und Lehrer wieder nach Hause zur\u00fcckkehren und ihren Eltern von diesem herrlichen Gel\u00e4nde berichten. Und die zu Hause gebliebenen w\u00fcrden dann vor Neid platzen.\u201eWir hauen uns dann nochmal etwas aufs Ohr. Bis nachher!\u201c mit diesen Worten verabschiedeten sich Clara und Marinette und verlie\u00dfen das Zimmer Nummer 217. Zur\u00fcck blieben Jasmina und Philin, welche sich nun angrinsten. Die M\u00e4dchen hatten noch viel zusammen gelacht und spa\u00dfeshalber \u00fcber die verschiedensten Verschw\u00f6rungstheorien mit Clara geredet. Sie hatte ihr enormes Wissen zu diesem Thema zum Besten gegeben und somit die Stimmung gewaltig verbessert. Nun machte sich niemand mehr gro\u00dfe Sorgen und auch die fensterlosen Zimmer oder die komischen Regeln waren nun nur noch halb so schlimm.\u201eAlso, was wollen wir machen?\u201c fragte Jasmina ihre Freundin mit leuchtenden Augen. Diese musste \u00fcber Jasminas Gesichtsausdruck lachen, denn sie wusste ganz genau, warum ihre Augen so leuchteten. \u201eSo wie ich dich kenne Tischtennis spielen.\u201c Jasmina nickte begeistert, was Philin einen weiteren Lachanfall \u0001 \u0002 sich die M\u00e4dchen wieder einigerma\u00dfen unter Kontrolle hatten, schnappten sie sich die von Jasmina mitgebrachten Tischtennisutensilien und machten sich auf den Weg. Im Anwesen h\u00f6rte man an einigen T\u00fcren die Sch\u00fcler miteinander reden und lachen. Auf der Treppe ins Erdgeschoss hatten sich die Lehrer auf dem Treppenabsatz getroffen. Sie redeten mit besorgten Gesichtern \u00fcber den Alkoholkonsum und wie man ihm Herr werden k\u00f6nnte. Doch als die Erwachsenen die beiden M\u00e4dchen bemerkten, verstummten sie. Es gab ein beidseitiges h\u00f6fliches Nicken, bevor sich die M\u00e4dchen entfernten und die Lehrer ihr Gespr\u00e4ch fortfuhren.\u201eSie versuchen immer wieder den Alkohol zu verbieten. Die glauben wirklich das sich unsere Klasse da was sagen lassen w\u00fcrde. Ich bezweifle sogar, ob einige wissen, was Regeln bedeuten.\u201c Meinte Jasmina kopfsch\u00fcttelnd beim Verlassen des Anwesens. Philin lachte daraufhin und antwortete neckisch, \u201edas sagt die, die so gut wie nie Hausaufgaben macht.\u201c Auch Jasmina musste lachen. Es stimmte, das sie Hausaufgaben nur selten machte. Sie hatte einfach keine Lust. Sie stand dabei wenigstens nicht, wie manch anderer, vier oder f\u00fcnf. Jasmina war ein Zweierkandidat in der Schule, ob mit oder ohne \u0001 \u0002 dagegen war eine der wenigen ordentlichen Sch\u00fclerinnen. Sie machte immer die Hausaufgaben, passte im Unterricht auf und hielt sich an alle Regeln. Dennoch hatte sie nur wenige Probleme mit dem Fehlverhalten ihrer Freunde. Anfangs hatte Philin immer mit Jasmina und den anderen gemeckert, doch mittlerweile war es normal geworden und niemand scherte sich mehr darum. Au\u00dferdem war Jasmina im Gegensatz zu anderen noch ein wahrer \u0001 \u0002 und lachend folgten die beiden Freundinnen dem Weg zum Springbrunnen und dann weiter zu den Tischtennisplatten. Drinnen gab es bestimmt auch welche, doch das Wetter war zu sch\u00f6n, um drinnen zu bleiben. Es standen nur wenige Wolken am Himmel und es herrschten sommerliche \u0001 \u0002 Jungs spielten Basketball und wenige M\u00e4dchen sahen zu, sonst waren die verschiedenen Sportpl\u00e4tze leer. Die anderen waren wahrscheinlich zu m\u00fcde oder zu vollgefressen, um noch irgendwas zu machen. \u201eAber wir fangen langsam an. Sonst bleibt mein Fr\u00fchst\u00fcck nicht da, wo es hingeh\u00f6rt.\u201c Mahnend sah Philin ihre Freundin an, denn Jasmina neigte zu einem schnellen Start ohne Pause. \u201eJaja ist in Ordnung. Ich bin selbst noch voll.\u201c Also fingen die M\u00e4dchen mit einem langsamen Spiel mit hohen B\u00e4llen \u0001 \u0002 der Zeit wurden die B\u00e4lle der Freundinnen immer schneller und schon bald bildeten sich Schwei\u00dfperlen auf ihrer Haut. Jasmina begann mit ihren schnellen und flachen Aufschl\u00e4gen und Philin konterte mit harten Schmetterb\u00e4llen. Seit der achten Klasse, wo im Sportunterricht Tischtennis gespielt wurde, war Jasmina von dem Spiel begeistert. Da Philin am ehesten nachgab und mit ihr spielte, waren die beiden ein gutes Team und vor allem gut in Tischtennis \u0001 \u0002 ungef\u00e4hr zwei Stunden, keiner hatte auf die Uhr gesehen, sackten Jasmina und Philin neben der Tischtennisplatte zusammen und atmeten schwer. \u201eDeine Aufschl\u00e4ge sind echt fies!\u201c japste Philin und Jasmina grinste nur als Antwort, denn auch sie hatte keine Puste mehr. Die Jungs, welche Basketball gespielt hatten, waren schon l\u00e4ngst verschwunden. Vorher hatten sie jedoch noch kurz dem Tischtennisspiel \u0001 \u0002 einiger Zeit hatte Jasmina wieder eine etwas ruhigere Atmung und konnte wieder reden. \u201eWollen wir zur\u00fcck? Ich wei\u00df zwar nicht wie sp\u00e4t es ist, aber ich w\u00fcrde vor dem Mittag gern nochmal duschen.\u201c Philin nickte zustimmend. \u201eKlingt gut.\u201c Also sammelten sie ihr Zeug zusammen und machten sich auf den R\u00fcckweg. Auf dem Platz mit dem Springbrunnen hielten sie kurz an und beobachteten einige ihrer Klassenkameraden, die im Meer badeten. Nach dem einstimmigen Beschluss, am Nachmittag auch baden zu gehen, gingen die M\u00e4dchen weiter.\u201eDu kannst.\u201c Jasmina verlie\u00df das Bad mit einem Handtuch auf dem Kopf und neuer, sauberer Kleidung am Leib. Philin nickte, schlug ihren Liebesroman zusammen und ging ins Bad. Jasmina dagegen lie\u00df sich auf ihr Bett fallen und starrte an die Decke. Sie hatte die Dusche im luxuri\u00f6sen Bad genossen und wollte nun etwas d\u00f6sen, doch kaum hatte sie die Augen geschlossen, schwirrten ihr unangenehme Bilder im Kopf umher. Also entschied das M\u00e4dchen sich etwas \u0001 \u0002 nahm ihren alten DS, legte Mario Kart ein und spielte los. Einige Menschen waren vielleicht der Meinung, dass man zu alt f\u00fcr dieses Spiel werden konnte. Totaler Bl\u00f6dsinn, wenn man Jasmina oder ihre Freunde fragte. Man war nie zu alt f\u00fcr Mario Kart. Als auch Philin fertig mit duschen war, schimpfte Jasmina gerade \u00fcber das Spiel. Sie war zum gef\u00fchlt tausendsten Mal runtergefallen. Sie fuhr n\u00e4mlich gerade auf der Piste Regenbogen-Boulevard, die Strecke die Freundschaften \u0001 \u0002 sah neugierig nach, welches Spiel Jasmina spielte und als sie Mario Kart erkannte, holte sie selbst schnell ihren DS, damit sie zusammen spielen konnten. \u201eJetzt zeig ich dir mal, wie man f\u00e4hrt.\u201c Jasmina musste \u00fcber Philins Kommentar lachen und schon ging das Wettrennen los. Keiner g\u00f6nnte dem anderen etwas und es flogen viele Beleidigungen durch die Luft. Doch es wurde mindestens genauso oft \u0001 \u0002 Klopfen sorgte f\u00fcr eine Unterbrechung des Spiels. Marinette betrat das Zimmer und sah belustigt zu den beiden DS spielenden. \u201eNa kommt, es gibt Mittag. Wir k\u00f6nnen ja nachher oder heute Abend nochmal spielen.\u201c Murrend beendeten Jasmina und Philin das Spiel und h\u00e4ngten ihre Ger\u00e4te ans Ladekabel. Sie w\u00fcrden sich sp\u00e4ter wahrscheinlich mit Panzern oder Bananen an Marinette \u0001 \u0002 dem Weg ins Esszimmer bewunderten alle wie beim ersten Mal die Einrichtung. Jasmina glaubte, sie w\u00fcrde nie in der Lage sein, sich an diesen Anblick zu gew\u00f6hnen. Vor lauter Staunen viel sie fast die Treppe runter, h\u00e4tte Philin nicht geistesgegenw\u00e4rtig den Arm ihrer Freundin festgehalten. \u201eAugen auf.\u201c Meinte Marinette nur lachend. Sie alle waren es gewohnt, dass Jasmina Treppen rauf und runter fiel oder \u00fcber Luft stolperte und dergleichen. Sie war eben ein Pechvogel und \u0001 \u0002 Mittag war im Vergleich zum Fr\u00fchst\u00fcck etwas ern\u00fcchternd. Auf jedem Tisch stand ein Topf mit Nudeln, einer mit Tomatenso\u00dfe und Ketchup. Das Essen schmeckte zwar gut, aber nicht himmlisch. Das hinderte jedoch viele nicht daran, gro\u00dfz\u00fcgig zuzuschlagen. Clara zum Beispiel a\u00df so viel, dass der Topf in Null Komma nichts leer \u0001 \u0002 dem Essen baten die Lehrer um Ruhe. Da die Sch\u00fcler satt und zufrieden waren, genehmigten sie diesen Wunsch und beruhigten sich relativ schnell. Der \u00e4lteste der anwesenden Lehrer, ein Mann Mitte f\u00fcnfzig und einer Halbglatze ergriff das Wort. \u201eWir haben euch zu dem zuk\u00fcnftigen Alltag hier etwas zu sagen. Als wir euch heute Morgen sagten, dass wir die Einzigen hier sind, war das wortw\u00f6rtlich gemeint. Das hei\u00dft damit auch, dass wir von nun an uns ums Putzen und ums Kochen k\u00fcmmern m\u00fcssen. Heute Mittag haben wir Lehrer das Kochen zwar \u00fcbernommen aber ab heute Abend teilen wir immer f\u00fcnf Zimmer f\u00fcrs Kochen ein. Weitere f\u00fcnf Zimmer sind f\u00fcr die Ordnung und Sauberkeit zust\u00e4ndig. Die zust\u00e4ndigen Zimmer f\u00fcr das Essen wechseln nach jeder Mahlzeit und die f\u00fcr die Sauberkeit immer t\u00e4glich.\u201c Die Beschwerden der Sch\u00fcler hallten lautstark durch den Raum und auch Jasmina murrte rum. Sie hasste kochen und putzen fand sie \u00e4tzend. Marinette und Philin hatten weniger ein Problem mit dieser Aufteilung, doch damit waren sie einer der wenigen Ausnahmen. Diesmal lie\u00df sich unser Lehrer jedoch nicht beirren und fuhr fort. Er war einer der wenigen, die sich noch etwas durchsetzen konnten. Wahrscheinlich wurde er deshalb auch als eine Begleitperson f\u00fchr uns ausgew\u00e4hlt.\u201eF\u00fcr die Sauberkeit sind heute Zimmer 101 bis 105 zust\u00e4ndig. Das Abendbrot \u00fcbernehmen die Zimmer 106 bis 110. Wir Lehrer stehen nur f\u00fcr Rat zur Verf\u00fcgung. Ihr m\u00fcsst das schon alleine machen.\u201c Damit setzte sich der Lehrer wieder und begann ein Gespr\u00e4ch mit den anderen Lehrern. Die protestierenden Sch\u00fcler wurden ignoriert und schon bald verlie\u00dfen einige w\u00fctend den Raum. Jeder hatte sich auf eine entspannte Klassenfahrt gefreut und jetzt sollten sie sich um den Haushalt eines riesigen Anwesens k\u00fcmmern.\u201eNa kommt, wollen wir baden gehen? Das Wetter ist herrlich und es bringt nichts sich jetzt hier verr\u00fcckt zu machen.\u201c Philin sah beschwichtigend in die Runde und versuchte die gute Stimmung wiederherzustellen. Jasmina und Clara rangen kurz mit sich selbst, bevor sie es Marinette nachmachten und \u0001 \u0002 den Zimmern hatten sich die M\u00e4dchen umgezogen und sich dann in der Eingangshalle wiedergetroffen. Auf dem Weg zum Strand wurde \u00fcber die Auswahl der Badesachen geredet. Jasmina war begeistert von dem s\u00fc\u00dfen Bikini von Clara. Er war rot mit wei\u00dfen Punkten und hatte ein paar R\u00fcschen als Verzierung. Jasminas Bikini dagegen bestand aus einem sportlichen schwarzen Oberteil und einer schwarzen Shorts. Marinette trug einen wei\u00dfen und h\u00fcbschen Badeanzug und auch Philin trug einen Badeanzug. Ihrer jedoch war \u0001 \u0002 M\u00e4dchen lachten fiel und nachdem sie ihre Badet\u00fccher am Strand abgelegt hatten liefen sie ins Wasser und spritzten sich gegenseitig nass. Das Wasser war erfrischend k\u00fchl und die Wellen umspielten die M\u00e4dchen sacht. Die See war relativ ruhig, sodass man auch im tieferen Wasser noch miteinander rumalbern konnte. Neben den vier Freundinnen waren auch noch weitere Sch\u00fcler im Meer und genossen die Zeit. Ahnungslos spielten sie umher und tauchten sich gegenseitig unter. Niemand ahnte, dass die Jugendlichen in genau diesem Moment beobachtet wurden.",
            "wordcount": "2.191",
            "chapter_release": "20.05.2018",
            "chapter_number": "2"
        },
        "3": {
            "text": "Aufgeregt und angespannt n\u00e4herte sich Jasmina dem Wald auf dem Gel\u00e4nde. Ihre Freunde waren am Strand zur\u00fcckgeblieben, da sie das Wasser noch die restliche Zeit vor dem Abendbrot genie\u00dfen wollten. Sie waren nicht so erpicht darauf wie Jasmina, das Grundst\u00fcck zu erkunden. Sie wollten lieber eine sch\u00f6ne Zeit haben. Doch Jasmina nahm ihnen dies nicht \u00fcbel. Das M\u00e4dchen erkundete fremde Gegenden am liebsten allein. So war n\u00e4mlich niemand da, der sie st\u00f6ren oder hetzen \u0001 \u0002 Jasmina an den Sportpl\u00e4tzen vorbei war, auf denen noch einige spielten, n\u00e4herte sie sich dem Wald. Mit Erstaunen bewunderte das M\u00e4dchen den riesigen Wald vor \u0001 \u0002, wie auch das Anwesen, war der Wald bei Tageslicht mystisch, geheimnisvoll und vor allem wirkte er riesig. Die dichten Laubb\u00e4ume waren mit satten gr\u00fcnen Bl\u00e4ttern bedeckt und die einzelnen Tannen dazwischen mit dunkelgr\u00fcnen \u0001 \u0002 dem schmalen, mit roten Steinen gepflastertem Weg, welcher durch den Wald zu f\u00fchren schien, wuchs ein dichtes Dickicht. Farne, Gr\u00e4ser und andere Str\u00e4ucher bedeckten den Waldboden fast \u0001 \u0002 den Baumwipfeln zwitscherten munter V\u00f6gel und durch das Dickicht huschten kleine und vielleicht auch gr\u00f6\u00dfere \u0001 \u0002 Nacht w\u00fcrde dieser Wald vermutlich jedoch gruselig und gef\u00e4hrlich wirken, wie aus einer anderen Welt. Jasmina \u00fcberlegte, ob es vielleicht wilde und gef\u00e4hrliche Tiere in diesem Wald gab. Zumindest w\u00e4re dies eine Erkl\u00e4rung f\u00fcr die Ausgangssperre. Au\u00dferdem schwirrte noch eine andere Frage in Jasminas Kopf herum. Wer hielt dieses riesige Grundst\u00fcck in Stand, wenn es kein Personal gab. Das Grundst\u00fcck konnte sich schlie\u00dflich nicht selbst pflegen und auch die Sch\u00fcler sollten diese Aufgabe nicht \u00fcbernehmen. W\u00fcrden das Grundst\u00fcck, die Wiesen und Wege also w\u00e4hrend der Klassenfahrt verwildern?Als Jasmina nun endlich den Wald betrat, f\u00fchlte sie sich sofort so, als w\u00e4re sie in einer anderen Welt. Die Ger\u00e4usche der spielenden Sch\u00fcler im Hintergrund verstummten fast vollst\u00e4ndig und die Ger\u00e4usche des Waldes umgaben das M\u00e4dchen. Mit einem Grinsen auf den Lippen setzte Jasmina ihren Weg durch den Wald fort und sp\u00e4hte von Zeit zu Zeit in den tiefen Wald hinein. Einmal glaubte das M\u00e4dchen, ein Reh gesehen zu haben. Beim n\u00e4heren Hingucken entpuppte sich das Reh jedoch nur als ein seltsam geformter \u0001 \u0002 der Weg durch den Wald war nicht lang. Schon nach wenigen Minuten lichtete sich der Wald und Jasmina n\u00e4herte sich einer Turnhalle, wie es schien. Um genauer zu sein, waren es zwei Turnhallen, eine gro\u00dfe und eine kleinere. Neben der einen T\u00fcr stand Turnhalle geschrieben und neben der anderen Dojo. Neugierig, was ein Dojo war, n\u00e4herte sich Jasmina der T\u00fcr und \u00f6ffnete sie vorsichtig. Die T\u00fcr lies sich problemlos \u00f6ffnen und dahinter kam ein ger\u00e4umiger Raum zum Vorschein. Auf den ersten Blick wirkte dieser Raum wie eine ganz normale Turnhalle, doch der Boden war mit gr\u00fcnen und roten Matten \u0001 \u0002, neben der T\u00fcr, fand Jasmina eine weitere Mitteilung. Darauf standen verschiedene Sportarten wie Karate, Judo und Aikido. Hier konnte man also Kampfsportarten \u0001 \u0002 andere Turnhalle dagegen war in mehrere Abschnitte unterteilt und gr\u00f6\u00dfer als das Dojo. Hier waren Volleyballfl\u00e4chen, Fu\u00dfballfl\u00e4chen, Handballfl\u00e4chen und noch einige andere, sowie eine leere Fl\u00e4che. Das Angebot f\u00fcr Sport war also sehr umfangreich und kein Wunsch blieb unerf\u00fcllt. Jasmina hatte wahrlich noch nie in ihrem Leben so viel Luxus erlebt. Es schien fast so, als wenn dieses Gel\u00e4nde jeden Wunsch erf\u00fcllen \u0001 \u0002 dem das M\u00e4dchen sich beide Hallen zur gen\u00fcge angesehen hatte, setzte sie ihren Weg fort. Der gepflasterte Weg f\u00fchrte n\u00e4mlich noch weiter, was Jasmina zuerst nicht bemerkt hatte. Zu sehr war sie von ihrem Fund abgelenkt gewesen. Der gepflasterte Weg, der von den Turnhallen weg und noch tiefer in den Wald hinein f\u00fchrte, schein immer schmaler zu werden. Dies war jedoch nur eine T\u00e4uschung. In Wirklichkeit begann der Wald sich auszubreiten und nahm dabei Teile des Weges \u0001 \u0002 der Wald breitete sich nicht nur auf dem Weg aus. Auch wurde der Wald an sich immer dichter und dunkler. Daher passierte es nicht nur einmal, dass Jasmina besorgt die Uhrzeit \u00fcberpr\u00fcfte. Um sie herum wurde es n\u00e4mlich immer \u0001 \u0002 machten sich aber nun auch gemischte Gef\u00fchle in dem M\u00e4dchen breit. Der verwilderte Weg spornte ihre Abenteuerlust noch weiter an und lie\u00df Jasmina noch neugieriger werden, jedoch machte sich auch ein leises Unbehagen in ihr \u0001 \u0002 Wald schien seine mystische Anziehungskraft verloren zu haben und war nun eher dunkel und gruselig. Noch immer f\u00fchlte es sich f\u00fcr Jasmina so an, als w\u00e4re sie in einer anderen Welt. Doch nun nicht mehr in einem sch\u00f6nen M\u00e4rchen, sondern eher in einem Horrorfilm. Das M\u00e4dchen schien isoliert, abgeschirmt von der Welt zu sein. Ihre Hilfeschreie w\u00fcrden nun wahrscheinlich niemanden mehr erreichen. Es schien beinahe so, als wolle der Wald dieses M\u00e4dchen verschlucken und nie wieder \u0001 \u0002 einer gef\u00fchlten halben Ewigkeit lichtete sich der Wald dann doch endlich wieder. Erleichtert atmete Jasmina auf, denn sie hatte schon ernsthaft mit dem Gedanken gespielt, umzukehren. Nun aber hatte die Neugier des M\u00e4dchens wieder klar die Oberhand und gespannt n\u00e4herte sie sich der kleinen Lichtung vor \u0001 \u0002 kleine gepflasterte Weg f\u00fchrte auf der Lichtung zu der T\u00fcr einer kleinen heruntergekommenen H\u00fctte. Auch diese wirkte eher wie aus einem Horrorfilm, als wie aus einem M\u00e4rchen. Da es auf der Lichtung jedoch hell war, hatte Jasmina all ihr Unbehagen \u0001 \u0002 n\u00e4herte sich das M\u00e4dchen der H\u00fctte. Im Vorbeigehen bemerkte sie die \u00dcberreste eines alten Holzzaunes. Auch die H\u00fctte bot nicht gerade einen einladenden oder sicheren Eindruck. Die Holzt\u00fcr hatte schon mehrere L\u00f6cher, genau wie die Fenster, wenn sie nicht sogar schon ganz leer waren. Die Fassade des Hauses bestand aus Holz und war mindestens genauso durchl\u00f6chert wie die Fenster oder die \u0001 \u0002 Dach, welches ebenfalls aus Holz bestand, war ebenfalls mit L\u00f6chern \u00fcbers\u00e4ht. Jasmina fragte sich, wie diese H\u00fctte trotz all der L\u00f6cher noch stand. Schlie\u00dflich wirkte die H\u00fctte, als w\u00fcrde sie bei der geringsten Ber\u00fchrung in sich \u0001 \u0002 kniete sich ein, zwei Mal hin, um die Blumen zu begutachten, w\u00e4hrend sie sich der H\u00fctte n\u00e4herte. Das M\u00e4dchen war fasziniert von den kleinen, zarten und wundersch\u00f6nen Pflanzen, die in dieser Verw\u00fcstung unbeschadet standen. Es gab unter anderem noch einige Rosen in den verschiedensten Farben, aber auch Sonnenblumen und Lavendel. Die vereinzelten Blumen standen wie ein Hoffnungsschimmer in diesem Durcheinander. Als wollten sie beweisen, dass dieser Ort sch\u00f6n und friedlich sei. Oder aber die Blumen waren noch die \u00dcberreste einer vergangenen Sch\u00f6nheit. Als das M\u00e4dchen die T\u00fcr erreichte, spannten sich ihre Muskeln an. Jasmina kannte den Grund nicht, aber ihr Instinkt warnte sie vor ihrer Umgebung. Doch das M\u00e4dchen ignorierte ihre Sorgen. \u201eDas ist hier kein Horrorfilm, sondern die Realit\u00e4t. Was sollte also hier schon passieren?\u201c mit diesen Worten wollte Jasmina sich selbst \u0001 \u0002 ihren Mut zu beweisen, wollte Jasmina die H\u00fctte betreten. Sachte streckte sie ihre Hand aus, um die T\u00fcr zu \u00f6ffnen. Kurz bevor diese Hand das Holz der T\u00fcr ber\u00fchrte, raschelte es hinter Jasmina und das M\u00e4dchen zuckte \u0001 \u0002 wagte sie einen Blick \u00fcber die Schulter hinter sich. Jasminas Herz klopfte so laut und schnell, dass das M\u00e4dchen \u00fcberzeugt war, dass es jeder h\u00f6ren konnte. Auch das Wesen in dem Busch hinter ihr. Dieses konnte jedoch nur die Angst in den Augen des M\u00e4dchens \u0001 \u0002 Jasmina nichts hinter ihr erkennen konnte, drehte sie sich komplett um, sodass sie die Holzt\u00fcr im R\u00fccken hatte. So konnte das M\u00e4dchen die gesamte Gegend hinter ihr im Auge behalten, doch noch immer war nichts zu sehen.\u201eDas war nur ein Tier. Nichts weiter. Keine Sorge, es ist alles gut.\u201c Das M\u00e4dchen versuchte sich selbst Mut zuzusprechen, was dem Wesen im Geb\u00fcsch fast ein Lachen entlockte. Doch noch wurde keine Regel gebrochen, also w\u00fcrde das Wesen noch nicht in Erscheinung treten. Es musste sich schlie\u00dflich auch an seine eigenen Regeln \u0001 \u0002 Jasmina verzweifelt versuchte das Wesen im Geb\u00fcsch ausfindig zu machen, begann ihr ganzer K\u00f6rper zu zittern. In Gedanken beleidigte sich das M\u00e4dchen selbst f\u00fcr ihre Feigheit, doch sie traute sich auch nicht, sich zu r\u00fchren. Jasmina ballte nach einigen Minuten ihre H\u00e4nde zu F\u00e4usten und wollte endlich etwas tun. Sie w\u00fcrde rufen in der Hoffnung, ein Junge spiele ihr nur einen dummen Streich. Oder aber ein Tier w\u00fcrde erneut rascheln. Denn momentan unterbrach nicht ein Laut, noch nicht mal der Wind, die \u0001 \u0002 pl\u00f6tzlich ert\u00f6nte ein Lied, was Jasmina vor Schreck einen spitzen Schrei entlockte. Doch fast sofort danach erkannte das M\u00e4dchen, dass ihr Handy klingelte. Mit zitternden H\u00e4nden und die Umgebung nicht aus den Augen lassend, ging Jasmina an ihr Handy, nur um die vertraute Stimme Philins zu h\u00f6ren. \u201eSag mal wo bleibst du denn? Es essen schon fast alle Abendbrot. Sag blo\u00df, du hast dich verlaufen.\u201c In diesem Moment ahnte Jasminas Freundin nicht im geringsten, wie sehr ihr tadelnder Ton Jasmina beruhigte. \u201eEntschuldigung. Ich habe die Zeit vergessen. Ich mach mich sofort auf den R\u00fcckweg!\u201cDas M\u00e4dchen vernahm ein Seufzen am anderen Ende der Leitung. \u201eOh man. Beeil dich oder sonst gibt es nichts mehr zu essen!\u201c \u201eJaja\u201c antwortete Jasmina lachend, w\u00e4hrend sie sich in Bewegung setzte. Philin w\u00fcrde ihr etwas aufheben, auch wenn Jasmina zu sp\u00e4t kommen w\u00fcrde. Das wusste sie ganz \u0001 \u0002 legte auf und begann loszujoggen. Sie wollte sich schlie\u00dflich beeilen, sonst w\u00fcrde Philin noch mehr mit ihr schimpfen, als dem M\u00e4dchen ohnehin schon bevorstand. Das musste sie nicht unbedingt riskieren. Und so konnte Jasmina auch gleich etwas Sport treiben. Das war ja auch nie etwas \u0001 \u0002 Jasmina durch den Wad joggte und dieser wieder heller, offener und freundlicher wurde, tadelte sie sich in Gedanken selbst f\u00fcr ihre Angst. Wegen einem einzigen kleinen Ger\u00e4usch hatte sie so eine Panik bekommen und die Kontrolle \u00fcber sich selbst verloren. Dabei war gar nichts \u0001 \u0002 nahm sich das M\u00e4dchen jedenfalls f\u00fcr die Zukunft vor. Und zwar, nicht mehr so viele Horrorfilme zu gucken. Die machten sie nur paranoid. Wenig wusste Jasmina, dass ihr Instinkt goldrichtig war. Doch das sollte sie erst noch sp\u00e4ter erfahren. Bis dahin w\u00fcrde sich dieses Wesen noch sehr am\u00fcsieren.",
            "wordcount": "1.655",
            "chapter_release": "29.06.2018",
            "chapter_number": "3"
        },
        "4": {
            "text": "N\u00b4abendTut mir leid, dass es dann doch etwas l\u00e4nger mit dem neuen Kapitel gedauert hat. Meine Lehrer geben momentan Vollgas... ohne R\u00fccksicht auf Verluste...Genie\u00dft jetzt aber das neue Kapitel und lasst doch eure Meinung \u0001 \u0002 Sunfirebolt//Au\u00dfer Puste verlie\u00df Jasmina nach einigen Minuten endlich den Wald. Ohne ihre Schritte zu verlangsamen hielt sie nun auf das Geb\u00e4ude zu. Der Schwei\u00df rann an ihrem K\u00f6rper herunter und der Atem des M\u00e4dchens ging nur sto\u00dfweise. Dennoch f\u00fchlte sie sich, jetzt wo sie aus dem Wald raus war, viel leichter und \u0001 \u0002 Jasmina das gro\u00dfe Anwesen betrat, konnte sie schon das muntere Schwatzen aus dem Speisesaal vernehmen. Mit einem seligen L\u00e4cheln ging das M\u00e4dchen los. Das Wasser lief ihr schon in freudiger Erwartung \u0001 \u0002 dem Betreten des Speisesaales sah sich Jasmina zun\u00e4chst nach ihren Freunden um. Ihre Freunde bemerkten sie jedoch zuerst und winkten sie zu sich. Grinsend winkte das M\u00e4dchen zur\u00fcck und holte sich dann etwas zu essen. Es gab zwar nur Brot und die verschiedensten Belege, welche schon alle angefangen waren, aber dennoch langte Jasmina ordentlich zu. Der Schock hatte sie hungrig \u0001 \u0002 f\u00fcllte ihren Teller und gesellte sich dann zu ihren Freunden. \u201eUnd, hast du \u00b4ne Leiche im Wald gefunden?\u201c fragte Clara mit einem Grinsen, kaum das Jasmina in H\u00f6rweite war. \u201eClara! Wir essen gerade!\u201c meinte Philin vorwurfsvoll, w\u00e4hrend Marinette nur ihre gro\u00dfen braunen Augen verdrehte. Jasmina jedoch lief ein kalter Schauer \u00fcber den R\u00fccken. Sie schob diese Gef\u00fchle jedoch schnell in die hinterste Ecke ihres Kopfes zur\u00fcck. Schwungvoll lie\u00df sich das M\u00e4dchen mit den blonden Locken auf ihren Platz plumpsen, erwiderte ein neckendes \u201eJup, und zwar deine\u201c, und machte sich dann \u00fcber ihr Essen her. Ihre drei Freundinnen lachten nur \u00fcber Jasminas Konter. Doch ahnten sie nicht, dass ihre Freundin eine schwere Last mit sich trug. Jasmina konnte den Gedanken, dass etwas nicht stimmte, einfach nicht \u0001 \u0002, was niemand wusste, war, dass dieses Etwas aus dem Wald Jasmina gefolgt war und die rund 70 Sch\u00fcler und Lehrer nun von au\u00dferhalb beobachtete. Abscheu machte sich in ihm breit, als es diese undankbaren und ungehorsamen Jungen sah, die mit ihrem Essen spielten. Oder aber die M\u00e4dchen, die alles nur von einer Ecke in die andere schoben und letztendlich mehr als die H\u00e4lfte ihres Abendbrotes wegwarfen. Diesen Bengeln und G\u00f6ren w\u00fcrde es noch Gehorsam \u0001 \u0002 die meisten mit dem Abendbrot fertig waren und den Speisesaal munter schwatzend verlie\u00dfen, schlossen sich die vier Freundinnen ihnen an. Sie machten noch eine sp\u00e4tere Mario Kart Runde aus und bek\u00e4mpften sich jetzt schon mit Worten. Jede meinte, die anderen schlagen zu \u0001 \u0002 betraten die M\u00e4dchen die Eingangshalle. Vor der T\u00fcr stand eine Gruppe von den Sch\u00fclern, die sich selbst als die coolsten empfanden. Und sie hatten auch schon wieder Alkoholflaschen in ihren H\u00e4nden.\u201eAm besten feiern wir hinten bei den Basketballfeldern. Dann k\u00f6nnen wir auch noch gleich etwas spielen, wenn uns langweilig wird.\u201c Ein gro\u00dfer Junge mit hochgegelten Haaren hatte den Vorschlag gemacht. Bei den anderen Jungs kam er gut an und sie gaben sich gegenseitig High-Five. \u201eAch n\u00f6, lass uns lieber an den Strand gehen. Es ist doch noch immer sch\u00f6n warm drau\u00dfen.\u201c Schlug ein M\u00e4dchen mit dickem Make-Up vor. Sie trug eine sehr kurze Hose und ein tief ausgeschnittenes und bauchfreies Oberteil. Sie lie\u00df also nicht mehr viel f\u00fcr die Fantasie \u0001 \u0002 Jungs murrten, denn sie wollten lieber rumspielen als baden. Doch nachdem das M\u00e4dchen, welches den Vorschlag gemacht hatte, einigen Jungs etwas ins Ohr fl\u00fcsterte, waren auch die von dieser Idee begeistert. Jasmina und ihre Freundinnen konnten sich schon vorstellen, was dieses M\u00e4dchen den Jungs gerade versprochen \u0001 \u0002 Gruppe wollte gerade die gro\u00dfe Holzt\u00fcr aufsto\u00dfen und nach drau\u00dfen gehen, als pl\u00f6tzlich eine tiefe, angenehme Stimme durch den Raum hallte. \u201eDas solltet ihr lieber lassen.\u201c Alle, auch die vier Freundinnen, sahen zu dem Jungen, oder eher schon Mann, der eben gesprochen \u0001 \u0002 musterte ihn und \u00fcberlegte fieberhaft, wer das war. Sie kannte zwar nicht alle Namen ihrer Klassenkameraden, aber eigentlich alle Gesichter. Doch wirkte der Mann nicht nur zu alt, Jasmina sch\u00e4tzte ihn auf Anfang zwanzig, auch war er ihr g\u00e4nzlich \u0001 \u0002 etwas l\u00e4ngeren gewellten Haare waren schwarz und hingen ordentlich an ihm herab. Seine dunklen Augen waren wie hinter einem Schleier versteckt. Sie zeigten keinerlei Gef\u00fchle. Seine Haut war etwas dunkler und seine Gesichtsz\u00fcge erinnerten Jasmina an die Menschen in der W\u00fcste. Sie h\u00e4tte ihr Fr\u00fchst\u00fcck darauf verwettet, dass dieser Mann ausl\u00e4ndische Wurzeln hatte, wenn er nicht sogar aus dem Ausland \u0001 \u0002 Kleidung des Mannes bestand aus einem sauberen und geb\u00fcgeltem Hemd, dessen \u00c4rmel hochgekrempelt waren. Zu dem grauen Hemd trug er eine dunkle Jeans und schwarze Schuhe. L\u00e4ssig sa\u00df er auf der Treppe und niemand schien ihn vorher bemerkt zu haben, da er nun von allen \u00fcberrascht gemustert wurde. Das M\u00e4dchen mit dem dicken Make-Up war kurz \u00fcberrascht, fing sich jedoch schnell wieder. \u201eUnd warum nicht, wenn ich fragen darf?\u201c Trocken, aber bestimmt antwortete der Mann. \u201eIn einer Viertelstunde ist es um neun und dann beginnt die Nachtruhe. Deshalb.\u201cLauthals begannen die meisten Teenager im Raum zu lachen. \u201eOh nein, dass hatten wir ja ganz vergessen. Um neun m\u00fcssen wir ja schon ins Bett!\u201c gab ein Junge h\u00e4misch von sich und stie\u00df schwungvoll die T\u00fcr auf. Er lehnte sich locker in den T\u00fcrrahmen und musterte den fremden Mann sp\u00f6ttisch. Der fremde Mann seufzte nur bedauernd, als w\u00fcrde er es aufgeben, diesen Menschen Vernunft einzufl\u00f6\u00dfen. \u201eSagt aber sp\u00e4ter nicht, dass ich euch nicht gewarnt h\u00e4tte. Das hei\u00dft, wenn ihr dann noch reden k\u00f6nnt.\u201c Viele fingen besorgt an zu fl\u00fcstern und einige der M\u00e4dchen aus der Gruppe, die das Geb\u00e4ude verlassen wollten, sahen eingesch\u00fcchtert aus. Aber nicht das M\u00e4dchen, welches den Strand vorgeschlagen hatte. \u201eUnd wer sollte uns zum Schweigen bringen? Ein M\u00f6rder, der drau\u00dfen nach neun ruml\u00e4uft und alle b\u00f6sen kleinen Kinder umbringt? Sei doch nicht absurd. Du bist zwar ziemlich hei\u00df, aber deshalb m\u00fcssen wir noch lange nicht auf dich h\u00f6ren!\u201cDie Jungs und auch einige M\u00e4dchen johlten zustimmend und marschierten aus dem Anwesen. Zwei M\u00e4dchen von den urspr\u00fcnglichen sieben M\u00e4dchen jedoch blieben lieber zur\u00fcck und musterten den fremden Mann \u00e4ngstlich. Es schien, als h\u00e4tten sie Angst, dass ihre Freundin mit der Erw\u00e4hnung eines M\u00f6rders ins Schwarze getroffen hatte. Auch viele andere in der Eingangshalle sahen den fremden Mann besorgt an. Doch dann kam einer der Lehrer. \u201eWas ist hier los? Warum steht ihr alle hier, als h\u00e4ttet ihr einen Geist gesehen?\u201c Dann bemerkte der Lehrer den fremden Mann. \u201eWer sind sie und was wollen sie hier?\u201c Kurz musterte der Fremde die junge Lehrerin, welche ein paar Kilo zu viel auf der H\u00fcfte hatte, und antwortete dann, als w\u00e4re es das Nat\u00fcrlichste der Welt. \u201eIch wohne hier.\u201cMit diesen Worten stand der Mann auf und ging die Treppe hoch, vorbei an verdutzten Sch\u00fclern und lie\u00df eine verdutzte Lehrerin zur\u00fcck. Diese regte sich nun lautstark \u00fcber diese Frechheit auf und dar\u00fcber, dass sie niemand \u00fcber diesen Mann informiert hatte. Dann drehte sie sich um und ging zur\u00fcck in den Speisesaal, um sich mit den anderen Lehrern zu verst\u00e4ndigen.\u201eOk, der Typ ist zwar mega hei\u00df, aber daf\u00fcr echt gruselig.\u201c Haute nun Marinette in der Stille raus. Alle im Umkreis von ihr mussten entweder schmunzeln oder prusteten los. Auch Jasmina lachte, auch wenn sie diesen Typen verdammt gruselig fand. Irgendwie f\u00fchlte sie sich an die Situation im Wald erinnert. Vielleicht war das ja derjenige gewesen, welcher sie vorhin im Wald erschreckt hatte. Andererseits wirkte der Fremde viel zu ernst, um ein solch kindischen Streich zu \u0001 \u0002 Jasmina auf die Uhr sah, war es bereits halb zw\u00f6lf. Die vier Freundinnen hatten sich in dem Zimmer von Marinette und Clara getroffen und zusammen DS gespielt. Schnell war der fremde Typ von allen vergessen, nur Jasmina wurde ihre schlechten Gedanken einfach nicht los. Nat\u00fcrlich spiegelte sich das in ihrer Leistung beim Spielen wieder.\u201eHey Jasmina, warum bist du denn heute so schlecht? Vorhin hast du doch noch geprahlt, wie du uns alle besiegen wirst, aber du hast nicht einmal gewonnen bisher.\u201c Wurde das M\u00e4dchen von Clara geneckt. Schnell setzte Jasmina ein grinsendes Gesicht auf. \u201eAch, ich wiege euch nur in falscher Sicherheit, damit ich euch dann v\u00f6llig \u00fcberraschend fertig machen kann.\u201c Nat\u00fcrlich lachten die Freunde los, doch Philin schien zu ahnen, was mit ihrer Freundin los war. Deshalb schlug sie nun auch vor, den Tag f\u00fcr heute zu beenden. \u201eIch bin echt fertig. Au\u00dferdem will ich auch noch morgen etwas von dem Tag haben.\u201c \u201eStimmt da hast du recht. Au\u00dferdem brauche ich meinen Sch\u00f6nheitsschlaf.\u201c F\u00fcgte Clara lachend \u0001 \u0002 einigen Albernheiten verabschiedeten sich dann jedoch Philin und Jasmina von den anderen und machten sich auf den Weg in ihr eigenes Zimmer. Als Jasmina hinaus in die Dunkelheit sah, konnte sie das Meer im Mondlicht schimmern sehen. Am Strand war jedoch kein Anzeichen f\u00fcr Leben zu bemerken. Das war komisch, denn normalerweise feierte die Gruppe, welche vorhin das Anwesen verlassen hatte, immer bis in die Morgenstunden. Vielleicht hatten sie ja keine Lust mehr \u0001 \u0002 ihre Gr\u00fcbeleien hatte Jasmina den fremden Mann gar nicht gesehen und w\u00e4re prompt in ihn herein gerannt, h\u00e4tte Philin sie nicht rechtzeitig zur Seite gezogen. \u201eJasmina, schlafen kannst du in deinem Bett.\u201c Tadelte Philin ihre Freundin, bevor sie sich dem fremden Mann zuwandte. Philin war dieser Mann definitiv nicht geheuer und sie hoffte nur, so schnell wie m\u00f6glich in ihr Zimmer zu kommen, anstatt hier auf dem dunklen Flur mit diesem Typen zu stehen.\u201e\u00b4Tschuldige. Ich hab nicht aufgepasst wohin ich gehe.\u201c Entschuldigte sich Jasmina, wobei sie sich jedoch nicht traute, ihrem Gegen\u00fcber in die Augen zu sehen. Sie h\u00e4tten doch das Licht anmachen sollen, anstatt hier im Dunklen herumzuwandern. Aber Philin hatte ja die Lehrer nicht alarmieren wollen.\u201eKeine Sorge, es ist ja nichts passiert.\u201c Erwiderte der Fremde kurz angeboten. Es \u00e4rgerte ihn etwas, dass dieses M\u00e4dchen Angst vor ihm zu haben schien. Er beschloss, die M\u00e4dchen nicht weiter zu \u00e4ngstigen und ging z\u00fcgigen Schrittes auf die Treppe ins Erdgeschoss zu. \u201eWer sind Sie eigentlich?\u201c Jasmina konnte selbst nicht glauben, dass ihr diese Frage herausgeplatzt war. Doch ihre Neugier hatte dann doch die Oberhand gewonnen. Au\u00dferdem war ein gruseliger Mann mit Namen weniger angsteinfl\u00f6\u00dfend als ein Namensloser. Philin jedoch schien da anderer Ansicht. Sie wollte ihre Freundin nur noch auf ihr Zimmer \u0001 \u0002 Fremde jedoch musste schmunzeln. Das trotzige Gesicht des jungen M\u00e4dchens, welche gleichzeitig mit ihrer Angst und Neugier zu k\u00e4mpfen schein, am\u00fcsierte ihn. \u201eIch bin Javith. Ich achte darauf, dass hier auf dem Grundst\u00fcck alles seinen Gang geht. Leider,\u201c Javith dachte an die Jugendlichen, welche gegen die Regeln versto\u00dfen hatten, \u201eist dies nicht immer eine leichte Aufgabe.\u201cJasmina konnte das leise Schnarchen ihrer Freundin Philin im Nachbarbett wahrnehmen. Doch an Schlaf war f\u00fcr das junge M\u00e4dchen nicht zu denken. Immer wieder musste sie an Javith denken und an sein L\u00e4cheln, das seine Augen nicht erreicht hatte. Jasmina kannte diesen Blick. Dieser Mann hatte eine Mauer um sich herum aufgebaut, die nichts durchlie\u00df. Keine Gef\u00fchle, kein Leid aber auch kein \u0001 \u0002 bekam bei der Erinnerung an diese Augen eine G\u00e4nsehaut. Sie waren ihr nur zu vertraut und noch immer hatte Jasmina manchmal Albtr\u00e4ume von ihnen. Umso mehr waren ihre Gef\u00fchle, was Javith betraf, verwirrt. Er l\u00f6ste Angst in ihr aus, aber auch eine gewisse Vertrautheit. Er verursachte eine G\u00e4nsehaut bei Jasmina und dennoch konnte sie ihre Neugier nicht unterdr\u00fccken. Doch eines wusste Jasmina ganz genau. Dieser Mann konnte gef\u00e4hrlich werden. Ein Mensch, der seine Gef\u00fchl abschaltete, war zu absolut allem bereit. Dies konnte Jasmina bezeugen. Das junge M\u00e4dchen gr\u00fcbelte noch einige Stunden vor sich hin, bevor sie endlich in einen unruhigen Schlaf glitt. Jasmina tr\u00e4umte in dieser Nacht mal wieder schlecht. Ihre Tr\u00e4ume waren gef\u00fcllt von hohen Maschendrahtz\u00e4unen mitten in der Wildnis. Von dunklen und feuchten Kellern, in denen ein Wimmern von den W\u00e4nden wiederhallte. Von einer kalten, starren Umarmung und b\u00f6sartigen Augen, die Jasmina \u00fcberall hin zu folgen scheinen. Irgendwann \u00e4nderte sich der altbekannte Albtraum. Jasmina stand nun wieder auf der Lichtung mit der kleinen H\u00fctte, welche sie im Wald gefunden hatte. Der Traum war genauso realistisch wie zuvor ihr altbekannter Albtraum. Jasmina konnte sogar die Bl\u00e4tter rascheln h\u00f6ren und nahm den Geruch von Pflanzen und Erde war. Die H\u00fctte lag genauso verlassen vor, wie vorher und wieder lenkte Jasminas Neugier ihre Schritte zu der Eingangst\u00fcr. Doch pl\u00f6tzlich h\u00f6rte sie ein Lachen aus der H\u00fctte. Es war aber kein gl\u00fcckliches Lachen. Es war eines von der Sorte, das einem das Blut in den Adern gefrieren lie\u00df. Doch Jasminas F\u00fc\u00dfe setzten ihren Weg selbstst\u00e4ndig fort. Das M\u00e4dchen konnte nichts anderes tun, als zuzusehen, wie sie sich der H\u00fctte n\u00e4herte und damit auch diesem \u0001 \u0002 Jasmina durch eines der gr\u00f6\u00dferen L\u00f6cher in die H\u00fctte lugte, konnte sie eine hochgewachsene, d\u00fcnne Gestalt sehen. Eine Art schwarzer Nebel schien diese Person zu umgeben, wodurch Jasmina diese Person nicht erkennen konnte. Pl\u00f6tzlich verstummte das Lachen, und diese Gestalt drehte sich zu Jasmina um. Etwas in ihrem Hinterkopf sagte ihr, dass Jasmina diese Gestalt schon einmal gesehen hatte, doch konnte sie das Gesicht der Person einfach nicht erkennen. Als sich dann ihre Augen trafen, wurde Jasmina in Dunkelheit geh\u00fcllt und ein markersch\u00fctternder Schrei erf\u00fcllte die Luft.",
            "wordcount": "2.203",
            "chapter_release": "04.10.2018",
            "chapter_number": "4"
        },
        "5": {
            "text": "Jasmina h\u00f6rte den Schrei noch immer, als sie ihre Augen aufriss. Sie brauchte einige Sekunden, um die Quelle des Schreis auszumachen. Es fiel ihr zun\u00e4chst gar nicht auf, dass sie selbst die Ursache war und nat\u00fcrlich verstummte Jasmina sofort, nachdem sie diese Erkenntnis hatte. Doch es hatten auch schon andere diesen Schrei bemerkt.\u201eJasmina? Ist alles ok bei dir?\u201c Philin hatte ihre Nachttischlampe angeschaltet und blickte besorgt zu ihrer Freundin, welche schwei\u00dfgebadet und aufrecht in ihrem Bett sa\u00df und nach Luft schnappte. Jasmina blickte nur kurz zu Philin, doch wendete sich sofort wieder ab und vergrub sich in ihrem Bett. Sie wollte jetzt nicht gesehen werden. Sie wollte nicht ihre Angst zeigen \u201eAlles Bestens. Ich hatte nur einen Albtraum. Schlaf ruhig weiter.\u201cPhilin hatte die Panik in Jasminas Augen bemerkt, aber sie kannte ihre Freundin gut genug, um zu wissen, dass bohren jetzt nichts bringen w\u00fcrde. Dies hie\u00df jedoch nicht, dass sie sich keine Sorgen machte. Schlie\u00dflich war es das erste Mal, dass sie Jasmina so ihre Fassung verlieren sah. Und der Schrei hatte geklungen, als h\u00e4tte Jasmina eben das Schlimmste in der Welt \u0001 \u0002 dem sie noch einige Minuten gegr\u00fcbelt hatte, versank Philin jedoch wieder in einem ruhigen Schlaf. Jasmina dagegen bem\u00fchte sich angestrengt, ihre Atmung wieder unter Kontrolle zu bekommen. Nat\u00fcrlich auch ihre Emotionen. Doch beides schien nicht m\u00f6glich zu sein. Noch immer schwirrte ihr Albtraum in ihrem Kopf herum und lie\u00df ihr keine \u0001 \u0002 wieder tauchte die in Nebel geh\u00fcllte Gestalt in Jasminas Gedanken auf, und immer hatte sie kein Gesicht. Trotz allem konnte das M\u00e4dchen nicht das Gef\u00fchl absch\u00fctteln, dass sie diese Person kannte. Das sagte ihr ihre \u0001 \u0002 dieser Nacht tat Jasmina kein Auge mehr zu. Zu gro\u00df war ihre Angst gewesen. Nat\u00fcrlich versuchte sie sich immer wieder selbst klar zu machen, dass es keinen Grund f\u00fcr Angst gab. Doch beruhigen konnte das M\u00e4dchen sich trotzdem \u0001 \u0002 dann am Morgen Philins Wecker klingelte, tat Jasmina so, als w\u00e4re sie gerade erst aufgewacht. Sie vergrub ihr Gesicht im Kissen und grummelte vor sich hin. Philin machte sich noch immer Sorgen wegen dem Vorfall in der Nacht, doch sie beruhigte sich etwas, als sie Jasminas normal wirkende Reaktion \u0001 \u0002 Jasmina vermutlich noch einige Minuten brauchen w\u00fcrde, um wach zu werden, ging Philin bereits ins Bad, um sich fertig zu machen. Jasmina dagegen, hellwach, nutzte die Zeit, die Philin im Bad brauchte, um sich selbst zusammen zu rei\u00dfen und normal zu wirken. Es w\u00e4re nicht das erste Mal, dass Jasmina so schauspielerte. In Wahrheit war sie es gewohnt und daher recht gut darin, ihre Gedanken im Hinterkopf zu verbannen und normal und gl\u00fccklich zu \u0001 \u0002 einigen Minuten kam Philin aus dem Bad und lie\u00df Jasmina rein. Vorher fragte sie jedoch noch einmal nach der letzten Nacht. \u201eGeht\u00b4s dir wieder besser? Was war heute Nacht los?\u201c Jasmina unterdr\u00fcckte ein Schaudern bei der Erinnerung und setzte ein entschuldigendes L\u00e4cheln auf. \u201eAch, ich hatte nur einen ziemlich verr\u00fcckten Albtraum. Aber um ehrlich zu sein habe ich schon wieder vergessen, wovon er \u00fcberhaupt gehandelt hatte\u2026 tut mir leid das ich dich geweckt habe.\u201c \u201eAch quatsch. Daf\u00fcr musst du dich nicht entschuldigen. Das passiert doch jedem mal.\u201cPhilin war nun beruhigt und zog sich an, w\u00e4hrend Jasmina sich stumm und emotionslos fertig machte. Als sie ihre eigenen Augen im Spiegel sah, emotionslos und kalt, schauderte sie wieder. Sie warf sich eine Handvoll Wasser ins Gesicht und sah dann ihr l\u00e4chelndes und gl\u00fcckliches Ebenbild im Spiegel. \u201eSo ist\u00b4s besser.\u201cBeim Fr\u00fchst\u00fcck alberten die vier Freundinnen munter miteinander rum und schmiedeten Pl\u00e4ne f\u00fcr den heutigen Tag. Am Nachmittag w\u00fcrde es zwar ein Basketballtunier geben, von den Lehrern veranstaltet, aber da wollte eigentlich nur Philin hin. Sie musste die anderen zun\u00e4chst noch \u00fcberreden, auch mitzukommen. Pl\u00f6tzlich kamen zwei Jungs zu den M\u00e4dchen. Die beiden teilten sich ein Zimmer neben Jasmina und Philin und kamen mit den vier Freundinnen auch eigentlich ganz gut klar. Sie geh\u00f6rten eher zu den ruhigeren und freundlicheren Jungs in der Klasse. \u201eHabt ihr den Schrei heute Nacht auch geh\u00f6rt? Das war ja mal mega gruselig!\u201c fragte einer der Jungs beim Hinsetzen Philin und Jasmina. Jasmina wurde etwas rot und wandte sich ihren Cornflakes zu, doch Philin rettete die Situation zum Gl\u00fcck. \u201eJa haben wir. Aber keine Ahnung wo das her kam.\u201cNat\u00fcrlich war auch Clara gleich hellh\u00f6rig geworden. \u201eEin Schrei? Mitten in der Nacht? Das klingt ja spannend. Erz\u00e4hlt mir mehr!\u201c gespannt lehnte das M\u00e4dchen sich etwas vor und sah die Jungen an. W\u00e4hrend der Junge, der gerade gesprochen hatte, grinste, antwortete der andere verschw\u00f6rerisch. \u201eAlso es war mitten in der Nacht und alle schliefen ahnungslos\u2026\u201c \u201eBis auf die, die noch gefeiert haben\u201c, unterbrach Marinette. Der Junge verdrehte grinsend die Augen bevor er fortfuhr. \u201ePl\u00f6tzlich hallte ein Schrei durch die Nacht. Aber es war kein normaler Schrei. Es war einer von der Sorte, der einem das Blut in den Adern gefrieren l\u00e4sst. Als wenn gerade jemand ein schreckliches Ungeheuer gesehen h\u00e4tte.\u201cClaras Augen begannen zu leuchten. \u201eHier kommt das Verschw\u00f6rungsteam\u201c, s\u00e4uselte Marinette grinsend, was die beiden jedoch nicht st\u00f6rte. \u201eAlso hat dieses Anwesen doch ein Geheimnis. Und wie es klingt, ist es ein furchtbares und schreckliches.\u201c Clara sah den Jungen herausfordernd an, welche nat\u00fcrlich die Einladung sofort annahm. \u201eDem m\u00fcssen wir unbedingt auf den Grund gehen. Wir k\u00f6nnen ja nicht zulassen, dass ein Monster unsere Klassenkameraden heimsucht!\u201c Der restliche Tisch musste lachen. Auch Jasmina lachte \u0001 \u0002 einmal kam ein M\u00e4dchen aufgebracht zu dem Tisch der Gruppe. Es war eines der beiden M\u00e4dchen, die am vorherigen Abend sich doch dazu entschieden hatten, nicht mit feiern zu gehen. \u201eHabt ihr zuf\u00e4llig Celine und die anderen gesehen? Sie waren heute Morgen nicht auf ihren Zimmern und niemand hat sie seit gestern Abend mehr gesehen.\u201c Marinette verdrehte genervt die Augen, antwortete aber dennoch. \u201eWahrscheinlich liegen die am Strand oder irgendwo anders und pennen da. Die haben bestimmt wieder zu viel getrunken.\u201c Als dem M\u00e4dchen die Tr\u00e4nen in die Augen stiegen, versuchte Philin beschwichtigend auf sie einzureden. \u201eDie hatten wahrscheinlich einfach keine Lust wieder herzukommen und sind irgendwo drau\u00dfen. Denen geht es bestimmt gut. Ich glaube nicht, dass du dir Sorgen machen musst, Sophia.\u201cSophia wischte sich schnell die Tr\u00e4nen aus den Augen und schaute Marinette noch einmal b\u00f6se an, bevor sie wortlos zum n\u00e4chsten Tisch ging. \u201eIch verstehe echt nicht, warum du immer noch so nett zu denen bist. Zu uns sind die schlie\u00dflich auch nie nett.\u201c Jasmina sah ihre Freundin ungl\u00e4ubig an, doch diese sch\u00fcttelte den Kopf. \u201eIch will mich halt nicht auf deren Niveau herablassen. Au\u00dferdem k\u00f6nnen sie sich immer noch \u00e4ndern. Man wei\u00df ja nie, was die Zukunft bringt.\u201c Der restliche Tisch sah sich ungl\u00e4ubig an und entschied dann einstimmig das erstens, Philin viel zu nett war und zweitens, dass diese Menschen sich nie bessern w\u00fcrden. Eher w\u00fcrde die Welt \u0001 \u0002 nahm das Fehlen der Gruppe ernst, au\u00dfer Sophia und ihrer Freundin. Auch die Lehrer sch\u00fcttelten nur den Kopf und murmelten etwas von wegen die Sch\u00fcler w\u00fcrden ihnen nur das Leben schwer machen. Es w\u00e4re auch nichts neues, dass eine Gruppe Sch\u00fcler, im Normalfall immer die gleichen, einfach verschwanden oder schw\u00e4nzten. Auch Jasmina nahm die Sache nicht weiter ernst und alberte lieber mit den anderen rum. Ihren Traum hatte sie fast schon wieder vollst\u00e4ndig \u0001 \u0002 die Gruppe der sechs Sch\u00fcler nach drau\u00dfen gehen wollte, fiel ihnen Javith an einem schwarzen Brett in der Eingangshalle auf. Zuvor war dieses schwarze Brett noch niemanden aufgefallen, obwohl es direkt neben der Treppe \u0001 \u0002 musterte Javith, der traurig und niedergeschlagen wirkte, w\u00e4hrend er einen Aushang ansah. Neugierig sah das M\u00e4dchen zu dem Ausgang. Zun\u00e4chst konnte sie nur schwarze und rote Schrift erkennen, doch beim N\u00e4herkommen erkannte sie, was auf diesem Aushang geschrieben stand. Die schwarze \u00dcberschrift lautete \u201eRegelverst\u00f6\u00dfe\u201c. Darunter befand sich keine Schrift, wie Jasmina erst vermutet hatte, sondern eine Strichliste in einem dunklen, verschmierten rot. \u201eF\u00fcnfzehn? Warum f\u00fcnfzehn? Und was soll das bedeuten? Das sieht echt bescheuert aus!\u201c meinte Marinette schnippisch, doch ihre Stimme zitterte ein wenig. Bevor jemand anderes antworten konnte, antwortete Javith mit einer von Trauer erf\u00fcllten Stimme. \u201eDie dreizehn Kinder die gestern nach der Ausgangssperre raus sind und zwei Kinder, die gestern ein M\u00e4dchen gemobbt haben.\u201c Den umstehenden Jugendlichen lief es eiskalt den R\u00fccken herunter, als sie dies h\u00f6rten. Es war helllichter Tag und doch sp\u00fcrte Jasmina die Angst aus der Nacht.\u201eDas ist ja voll creepy! Irgend so ein Typ beobachtet uns und schreibt alle Regelverst\u00f6\u00dfe auf?\u201c sagte ein M\u00e4dchen mit einem sp\u00f6ttischen Unterton, doch nach einem Blick von Javith war aller Spott verschwunden. Angst trat an seine Stelle und das M\u00e4dchen schrie leicht hysterisch, \u201eDas war bestimmt dieser komische Typ! Der will uns nur Angst machen und so mit seiner Psychonummer uns einsch\u00fcchtern, damit wir sch\u00f6n brav sind. Das haben bestimmt die Lehrer eingef\u00e4delt, ist das nicht wahr?!\u201c Javith sch\u00fcttelte nur traurig den Kopf und wandte sich ab. Vorher blieb sein Blick noch kurz an Jasmina h\u00e4ngen und die Angst in ihren Augen kr\u00e4nkte ihn noch weiter. Er konnte nichts tun, um es aufzuhalten. Er konnte immer nur \u0001 \u0002 sagte mehr ein Wort, w\u00e4hrend Javith die Treppen hochging. Sobald er aus dem Blickfeld verschwunden ist, jagten die Sch\u00fcler in alle Richtungen davon, um die Vermissten zu finden, um die Regelbrecher zu finden. Nur traute sich niemand Javith hinterher. Clara dagegen sah sich den Aushang genauer an, bevor sie stotternd eine Frage stellte, die niemand zu stellen wagte. \u201e\u00c4hm Leute? K\u00f6nnte es sein das diese Strichliste, dass sie, also dass sie mit Blut \u00e4hm geschrieben sein k\u00f6nnte?\u201c Jene, die diese Frage h\u00f6rten, zuckten zusammen und guckten in alle Richtungen, nur nicht auf den Aushang.\u201eAls ob das Blut ist. Das ist bestimmt nur Kunstblut oder rote Farbe. Die wollen uns nur Angst machen. Ich glaube Jennifer hatte Recht damit, dass das nur dazu dient uns zu erziehen. Ich meine unser Jahrgang ist daf\u00fcr bekannt unkontrollierbar zu sein.\u201c Marinette versuchte tapfer zu klingen, doch war ihre Stimme einen Halbton h\u00f6her als sonst. Doch bevor noch jemand anderes etwas sagen konnte, ert\u00f6nte ein lauter Schrei. Nach einem kurzen Z\u00f6gern, rannten alle los, dem Schrei \u0001 \u0002 kamen die Sch\u00fcler am Strand an. Man konnte die Spuren der Feier am vorherigen Abend sehen. \u00dcberall lagen lehre Alkoholflaschen rum, M\u00fcll von Chipst\u00fcten und \u00c4hnlichem, aber auch Kleidungsst\u00fccke. Doch nichts davon interessierte die Sch\u00fcler \u0001 \u0002 Aufmerksamkeit aller und auch der Grund f\u00fcr den Schrei war ein aufgeh\u00e4ngtes wei\u00dfes Top, auf dem eine weitere Strichliste gef\u00fchrt wurde, in der gleichen roten F\u00e4rbung. Diese Strichliste zeigte dreizehn an. Ein Strich f\u00fcr jeden Sch\u00fcler, der hier gefeiert hatte. Sonst war der Strand unber\u00fchrt. Keiner der verschwunden Sch\u00fcler war zu sehen. Aber auch keine Blut- oder Kampfspuren. Sie waren einfach wie vom Erdboden \u0001 \u0002 der M\u00e4dchen fingen an zu schreien oder zu weinen. Niemand sprach es aus, aber jeder hatte das Gef\u00fchl, dass das hier kein Spiel und auch keine Erziehungsma\u00dfnahme war. Irgendwas war mit den Sch\u00fclern passiert und niemand wusste etwas. Auch die Lehrer, welche ebenfalls den Schreien gefolgt waren, sahen sich geschockt die Szene an. Sie fassten sich jedoch wieder schneller als die Sch\u00fcler und ermahnten zur Ruhe. Nat\u00fcrlich wollte sich niemand beruhigen, aber irgendwie schafften die Lehrer es doch, die Sch\u00fcler dazu zu bringen, zum Esszimmer zu \u0001 \u0002 starrte jedoch die dreizehn Striche noch lange an. Ihr Kopf war leer und Panik \u00fcberkam sie. Auch ihre Freunde merkten dies, denn Jasmina sah noch viel panischer aus als alle anderen. Dabei gab sie jedoch kein Wort von sich und auch keine Tr\u00e4nen. Sie starrte einfach nur panisch das Top an und r\u00fchrte sich nicht mehr. Als ihre Freunde sie jedoch an die Hand nahmen und zum Esszimmer zogen, gehorchte sie anstandslos und lief ihren Freunden einfach hinterher. Doch pl\u00f6tzlich stolperte Jasmina und schlug mit dem Kopf auf dem Boden auf, da sie keinerlei Anstalten gemacht hatte, sich selbst abzufangen. \u201eOh Gott Jasmina! Alles in Ordnung?\u201c Stockend richtete sich das M\u00e4dchen auf. Sie f\u00fchlte etwas klebriges und warmes auf ihrer Stirn und nach einem Handgriff an die schmerzende Stelle stellte sie fest, dass sie blutete. Die anderen bekamen gro\u00dfe Augen und wollten ihr was geben, um die Blutung zu stoppen, doch Jasmina winkte ab und l\u00e4chelte \u0001 \u0002 Sturz hatte das M\u00e4dchen wieder aufgeweckt und zur\u00fcck in die Realit\u00e4t geholt. Jetzt war nicht der Zeitpunkt in Panik zu verfallen. Sie musste jetzt ruhig bleiben und die Situation verstehen. Nur so konnte sie heil wieder aus der ganzen Sache rauskommen. Au\u00dferdem musste sie ihre Freunde besch\u00fctzen. Sie konnte nicht zulassen, dass diesen Menschen etwas \u0001 \u0002 war es an Jasmina die anderen an die Hand zu nehmen und beruhigend auf sie einzureden. Unterwegs wischte sie sich auch schnell noch mit einem Taschentuch das Blut von der Stirn. Die Wunde war nicht gro\u00df und hatte eigentlich schon wieder aufgeh\u00f6rt zu bluten. Dennoch sahen die anderen immer wieder auf diese Wunde, weshalb Jasmina irgendwann diese mit dem Taschentuch verdeckte. Vielleicht w\u00fcrde die anderen das etwas \u0001 \u0002 Esszimmer war ausnahmsweise einmal Totenstille. Die meisten Lehrer waren unterwegs und suchten weiterhin die verschwunden Sch\u00fcler. Der Rest war im Esszimmer geblieben, um die anderen zu beruhigen. Doch schon bald kam die n\u00e4chste schlechte Nachricht. \u201eIch habe keinen Empfang! Ich kann niemanden erreichen!\u201c schrie einer der Sch\u00fcler panisch. Sofort checkten alle ihre eigenen Handys, nur um festzustellen, dass niemand Netz oder Internet hatte. \u201eGestern hat doch noch alles geklappt!\u201c rief Marinette panisch und tippte auf ihrem Handy. \u201eAlso sind wir abgeschirmt und eingesperrt\u2026\u201c murmelte Clara. Marinette schlug mit der Faust auf den Tisch und stand dabei w\u00fctend auf. \u201eNah, bist du jetzt gl\u00fccklich?! Dass deine schei\u00df Horrorgeschichten und Verschw\u00f6rungstheorien ausnahmsweise mal richtig waren?! Das hast du dir doch immer gew\u00fcnscht!\u201c Clara entglitten alle Gesichtsz\u00fcge und Tr\u00e4nen stiegen in ihre Augen, woraufhin Philin Marinette schnell beschwichtigend die Hand auf den Arm legte. \u201eDas war nur Spa\u00df. Niemand hat sich das hier gew\u00fcnscht. Au\u00dferdem wissen wir doch noch gar nicht, was hier los ist.\u201c Die Panik verschwand zwar nicht aus Marinettes Gesicht, jedoch ebbte ihre Wut ab. Sie murmelte ein leises Sorry, w\u00e4hrend sie sich setzte. Jasmina hatte in der Zeit Clara in die Arme genommen und streichelte ihr beruhigend den R\u00fccken. \u201eLasst uns erstmal abwarten und sehen, was passiert.\u201c Versuchte Jasmina auch die anderen zu beruhigen. Sie entspannten sich zwar nicht, aber zumindest nickten sie und wurden etwas \u0001 \u0002 baten die Lehrer alle um Ruhe, was eigentlich gar nicht n\u00f6tig war, da das entstandene Gemurmel sofort verstummte, als einer der Lehrer aufstand. Es war wieder der Alte mit der Halbglatze, der sehr w\u00fctend klang. \u201eWir wissen nicht, was hier vor sich geht, doch das ist alles nur ein \u00fcbler Streich, den uns irgendwer spielt. Wahrscheinlich sogar die Verschwundenen. Also beruhigt euch jetzt mal alle. Niemand will euch hier schaden und hier gibt es rein gar nichts Gef\u00e4hrliches. Wir werden die verschwunden Sch\u00fcler irgendwo in einem Versteck finden und so wahr ich hier stehe, sie werden f\u00fcr diesen miesen Scherz b\u00fc\u00dfen. Und von euch anderen erwarte ich ausnahmsweise mal, dass ihr euch wie Erwachsene benehmt und hier jetzt keine Panik schiebt. Sonst k\u00f6nnen wir auch gleich wieder nach Hause fahren!\u201c",
            "wordcount": "2.519",
            "chapter_release": "30.05.2019",
            "chapter_number": "5"
        },
        "6": {
            "text": "Nach der Ansprache des Lehrers senkten viele Sch\u00fcler besch\u00e4mt den Kopf und schon bald wurde wieder das Gemurmel lauter. Nun rissen einige Sch\u00fcler Witze \u00fcber die Situation, w\u00e4hrend andere sich \u00fcber diese Idioten, die scheinbar den Streich spielten, aufregten. Auch Jasminas Freunde lockerten sich etwas, doch blieben sie stumm. Keiner von ihnen wurde das Gef\u00fchl los, dass die Situation nicht so einfach zu erkl\u00e4ren w\u00e4re. Nach einigen Minuten leerte sich der Raum und die Sch\u00fcler gingen verschiedenen Aktivit\u00e4ten nach. Auffallend war nur, dass sich nicht ein Sch\u00fcler zum Strand traute. Einige beobachteten diesen jedoch mit Misstrauen, Angst aber auch Neugierde. Einige Lehrer hatten mit spitzen Fingern das wei\u00dfe Top mit der Strichliste abgeh\u00e4ngt und dieses im M\u00fcll entsorgt, bevor eine Gruppe Sch\u00fcler beauftragt wurde, den restlichen Strand zu s\u00e4ubern. Doch von diesen machte keiner Anstalten, den Anweisungen Folge zu \u0001 \u0002 und ihre Freunde stattdessen gingen schweigend auf das Zimmer von Marinette und Clara. Die M\u00e4dchen verteilten sich auf den beiden Betten und starrten schweigend einige Minuten lang den Boden an. Irgendwann erhob Marinette zuerst ihre Stimme. Sie klang noch immer \u00e4ngstlich, hatte aber etwas von ihrem Selbstvertrauen wiedergewonnen. \u201eClara, was sollte man am besten jetzt in so einer Situation tun? Also wenn man nicht sterben m\u00f6chte.\u201c Entschuldigend sah das M\u00e4dchen ihre Freundin an und auch diese brachte ein L\u00e4cheln zustande. Doch dies verschwand schnell wieder.\u201eAm besten w\u00e4re es wohl, wenn wir uns strikt an die Regeln halten.\u201c Die notorischen Regelbrecher unter den M\u00e4dchen verzogen etwas das Gesicht, nur f\u00fcr Philin war dies eine Selbstverst\u00e4ndlichkeit. \u201eUnd was noch? Wir k\u00f6nnen doch nicht zulassen, dass alle anderen verschwinden.\u201c \u201eFalls sie \u00fcberhaupt auch verschwinden. Wir wissen nicht, ob das ganze vielleicht doch nur ein Streich ist.\u201c Jasmina sagte zwar diese Worte, doch \u00fcberzeugt war sie davon nicht. Zu sehr warnte sie ihr Bauchgef\u00fchl, dass es so einfach nicht sein konnte.\u201eWenn es kein Streich ist, sollten wir vorbereitet sein.\u201c Clara sah ernst in die Runde. \u201eIch w\u00fcrde sagen, zuerst suchen wir einen Ausgang. Ein Zaun oder eine Mauer, wie es hier gibt, sind immer ein schlechtes Indiz.\u201c Die anderen M\u00e4dchen nickten und Marinette f\u00fcgte noch etwas hinzu. \u201eUnd wir sollten nach Orten suchen, wo wir noch Empfang haben. Selbst wenn jemand einen St\u00f6rsender irgendwo platziert hat, k\u00f6nnte es noch Pl\u00e4tze geben, wo dieser nicht hinkommt.\u201c In diesem Moment wurde Marinettes Abstammung von einem Polizisten deutlich. Ihr Vater erz\u00e4hlte ihr immer viel von seiner Arbeit, so dass sie viel \u00fcber solche Techniken oder auch Spionagetechniken wusste.\u201eUnd wir sollten nicht alleine sein.\u201c F\u00fcgte nun auch Philin hinzu. \u201eVier Augen sehen mehr als nur zwei.\u201c Die drei anderen M\u00e4dchen nickten und es wurde entschieden, dass sie ihre Zimmeraufteilung dazu haupts\u00e4chlich nutzen wollten. Auch wollten sie Klaus und Jonas einweihen, um mehr Unterst\u00fctzung zu bekommen. Vor den anderen Sch\u00fclern und Lehrern wollten sie ihr Vorhaben geheim halten. Einerseits weil sie nicht von denen dumme Spr\u00fcche h\u00f6ren wollten, aber auch um weniger Aufmerksamkeit auf sich zu \u0001 \u0002 die Jungs sich der Gruppe angeschlossen hatten, wurden die Aufgaben verteilt. Marinette und Clara w\u00fcrden nach Netz suchen und gleichzeitig die Grundst\u00fccksgrenzen auf dem Land absuchen nach einem m\u00f6glichen Ausgang. Klaus und Jonas dagegen w\u00fcrden sich ein Boot nehmen und auf dem Meer nachsehen. Jasmina und Philin w\u00fcrden das Haus absuchen. Die beiden wollten nach Beweisen f\u00fcr eine weitere Gruppe Menschen, \u00dcberwachungskameras und sonstiges suchen. Halt irgendeinen Hinweis auf das Einmischen Fremder auf die \u0001 \u0002 beiden M\u00e4dchen begannen im Erdgeschoss und suchten alle R\u00e4ume ab. Sie fanden jedoch nichts, dass irgendwie fehl am Platz wirkte oder verd\u00e4chtig. Jasmina fiel zwar eine Kleinigkeit auf, doch sie entschied, nichts dazu zu sagen. Auch im ersten und zweiten Stock fanden sie nichts bis auf die verschiedenen Zimmer, von denen einige leer standen. Wenn man das Haus von au\u00dfen betrachtete, war es deutlich, dass es noch mindestens einen dritten Stock, vielleicht sogar noch einen Dachboden geben musste, doch zun\u00e4chst fanden die M\u00e4dchen nichts dergleichen. Ohne irgendwelche Ergebnisse trafen sie sich am Abendbrot wieder. Zum Mittag waren weder Marinette und Clara, noch Jonas und Klaus anwesend gewesen. Am Abend stellte sich dann aber raus, dass sie ihre Suche nicht unterbrechen wollten. Denn auch sie waren nicht mit guten Neuigkeiten zur\u00fcckgekehrt. Beim Abendbrot schwiegen sie lieber und a\u00dfen schweigend, doch sp\u00e4ter trafen sie sich wieder auf einem der Zimmer und jedes Team berichtete. Jasmina begann. \u201eWir haben alles abgesucht und nichts gefunden. Wir konnten weder die Existenz eines Kellers feststellen, noch den Weg in den dritten Stock finden. Es tut uns leid.\u201c \u201eNaja, wir k\u00f6nnen euch da keinen Vorwurf machen.\u201c Marinette fuhr den Bericht fort. \u201eWir haben es zwar tats\u00e4chlich geschafft alles abzulaufen, doch an den Stellen, wo das Meer nicht das Grundst\u00fcck begrenzt, steht eine riesige Mauer. Die B\u00e4ume stehen zu weit weg, um sie als Hilfe zu nutzen und ohne Hilfsmittel werden wir die Mauer auch nicht hochkommen. Das Ding ist mindestens f\u00fcnf Meter hoch.\u201cNur ca. ein Drittel des Grundst\u00fcckes wurde durch die Mauer begrenzt und es gab nur das eine Tor, durch das die Sch\u00fcler und ihre Lehrer bei ihrer Ankunft gekommen waren. Auch das hatten die beiden M\u00e4dchen \u00fcberpr\u00fcft, doch es war fest verschlossen und durch die Einbettung des Tores in die Mauer, konnten die Jugendlichen auch nicht \u00fcber das Tor klettern. Also war auch das Unterfangen am ersten Tag gescheitert. Nun waren die Jungs mit ihrem Bericht dran. Wie schon zu Beginn erwartet, konnten sie bei weitem noch nicht den ganzen Bereich abdecken. Sie hatten im Osten angefangen und sind so weit gerudert wie sie es in der Zeit geschafft hatten. Klaus hielt ihren Bericht. \u201eWir sind in Land N\u00e4he bis zur Mauer gerudert. Zuerst dachten wir, dass wir da einfach durchkommen und unser Problem dadurch gel\u00f6st sei, doch da h\u00e4ngen ganz feine F\u00e4den die verdammt scharf sind. Man sieht sie erst aus der N\u00e4he, weshalb sie bestimmt noch niemanden aufgefallen sind. Die sind aber messerscharf und so dicht beieinander, dass man auch nicht durchklettern kann. Die sind auch Unterwasser, wir wissen aber noch nicht wie tief.\u201c Clara runzelte die Stirn. \u201eAber wenn es nur F\u00e4den oder Dr\u00e4hte sind, k\u00f6nnen wir die doch einfach durchschneiden oder mit einem stabilen Gegenstand zur Seite schieben.\u201c Joans sch\u00fcttelte traurig den Kopf. \u201eIch hatte mein Taschenmesser mit und wollte einen Faden durchschneiden, doch das Ding hat eher mein Messer zerst\u00f6rt.\u201c Wie zum Beweis hielt er sein Taschenmesser hoch, in dessen Klinge ein feiner Riss zu sehen war. Auch fielen den M\u00e4dchen dabei die Wunden an Jonas Hand auf, welche er ungeschickt mit Pflastern behandelt hatte. Nachdem Marinette die H\u00e4nde von Jonas ordentlich verbunden hatte, und dabei einige tiefe, aber allesamt sehr feine Schnitte zu sehen waren, breitete sich erneut ein betretenes Schweigen aus. Der erste Tag ihrer Erkundung war scheinbar ereignislos verlaufen und die Motivation der Jugendlichen hatte einen D\u00e4mpfer bekommen. Sie alle hatten insgeheim gehofft, am ersten Tag bereits eine L\u00f6sung zu finden und von diesem Anwesen fliehen zu k\u00f6nnen.\u201eWir sollten noch nicht aufgeben. Heute war doch erst der erste Tag. Wir machen einfach morgen weiter.\u201c Marinette schaute trotzig in die Runde. Sie war noch nicht bereit aufzugeben und verlangte von den anderen die gleiche Einstellung. \u201eWir sollten morgen wieder los. Jasmina, Philin, ihr sucht morgen weiter im Haus. Irgendwie muss man doch noch h\u00f6her kommen. Vielleicht ein versteckter Dienstbotengang oder sowas in der Art. Clara und ich werden den Jungs morgen auf dem Meer helfen und von der anderen Seite anfangen.\u201c \u201eUnd dann nehmen wir am besten Farbe mit, um die Dr\u00e4hte wenigstens \u00fcber dem Wasser sichtbar zu machen. Dann sind sie schon ein ganzes St\u00fcck ungef\u00e4hrlicher.\u201c F\u00fcgte Clara noch hinzu und die Jungs nickten \u0001 \u0002 Gruppe besprach noch ein paar Einzelheiten, bevor Philin alle kurz vor neun auf ihre Zimmer scheuchte. Man sollte schlie\u00dflich lieber nichts riskieren, auch wenn es nur hie\u00df, dass das Haus nicht verlassen werden sollte. Als Jasmina sich sicher war, dass Philin tief und fest schlief und noch sicherheitshalber eine halbe Stunde l\u00e4nger gewartet hatte, schlich sich das M\u00e4dchen aus dem Zimmer und durch das Haus. Jedes Mal, wenn sie ein Ger\u00e4usch h\u00f6rte, kauerte sie sich hinter eine Vase oder etwas \u00c4hnliches, um den Ursprung des Ger\u00e4usches herauszufinden. Meist waren es jedoch nur andere Sch\u00fcler, die in ihren Zimmer noch redeten oder sonstiges Taten. Immer wenn das M\u00e4dchen erkannte, das die Luft rein war, schlich sie weiter. Vor der Treppe im ersten Stock versteckte sie sich erneut, da gerade ein Lehrer einen Jungen die Treppe heraufscheuchte. \u201eBetrunken sein und dann auch noch in der K\u00fcche alles durcheinander bringen. Da fragt man sich echt, was ihr mit euren Gehirnzellen macht!\u201c Der noch relativ junge Mann, einer unserer Biologielehrer, zeterte noch weiter \u00fcber die Sch\u00fcler, als der betrunkene Junge stolperte und in eine der Vasen fiel, die oben an der Treppe standen. Gl\u00fccklicherweise war diese gro\u00df und schwer genug und der Junge hatte sie nur gestreift, so dass die Vase nicht umfiel, sondern nur etwas wankte. \u201eUnd jetzt willst du auch noch die Einrichtung zerst\u00f6ren. So eine Vase kostet wahrscheinlich mehr als ich im Monat verdiene!\u201c Der Junge murmelte einige beleidigende Worte, w\u00e4hrend die beiden an Jasmina vorbei gingen. Auch Jasmina hatte von der Gr\u00f6\u00dfe der Vasen profitiert und wurde nicht \u0001 \u0002 niemand mehr im Flur oder auf der Treppe war, schlich Jasmina weiter. Pl\u00f6tzlich schepperte es hinter ihr und sie versteckte sich schnell hinter dem Gel\u00e4nder der Treppe. Das Herz schien ihr aus der Brust springen zu wollen und Panik \u00fcberkam sie. Sie wollte um keinen Preis entdeckt werden. \u201eNa eben hats noch nicht geklappt also suchst du dir ne kleine Vase zum Zerbrechen! Toll gemacht! Die bezahlst du sch\u00f6n selber!\u201c Im Flur wurde es nun laut, da viele Sch\u00fcler den Ursprung von des L\u00e4rmes entdecken wollten, w\u00e4hrend der Biologielehrer weiter schimpfte. Jasmina nutzte die Unruhe, um schnell die Treppe hinunterzulaufen und dort in den dunklen Flur Richtung Bibliothek zu verschwinden. In der Bibliothek schaltete sie ihre Taschenlampe an. Sie traute sich nicht, das gro\u00dfe Licht des Raumes anzumachen, und gleichzeitig w\u00fcnschte sie sich nichts sehnlicher in diesem Moment. Nach einigen tiefen Atemz\u00fcgen setzte Jasmina ihren Weg fort und suchte das richtige Regal. Als sie dieses fand, strich sie mit den Finger sacht an der kleinen L\u00fccken zwischen den Regalen entlang. Diese L\u00fccke war nur wenige Millimeter breit, und w\u00e4re ohne genaue Betrachtung nie aufgefallen. Jasmina war diese L\u00fccke ins Auge gefallen, da sie aus Intuition schon so etwas erwartet hatte. Diese L\u00fccke war nur an diesem einen Regal zu finden. Es konnte Zufall sein, oder ein ungewollter Fehler, doch das musste nicht der Fall \u0001 \u0002 zog alle B\u00fccher aus dem Regal, achtete jedoch darauf, sie wieder ordentlich zur\u00fcckzustellen. Ca auf Augenh\u00f6he fand das M\u00e4dchen dann das richtige Buch. Ein Schauer lief ihr \u00fcber den R\u00fccken, als sie das alte und schon teils kaputte Buch bestimmt von seinem Platz wegzog. Es war ein Buch \u00fcber den Stammbaum der Familie Chauville, vielleicht die ehemaligen Besitzer dieses Anwesens. Vielleicht geh\u00f6rt ihnen dieses Anwesen auch noch heute. Jedoch hatte Jasmina noch nie von dieser Familie \u0001 \u0002 der R\u00fcckseite des Buches schien irgendetwas befestigt zu sein, da es leise klickte und das B\u00fccherregal sich drehte und den Blick auf einen steinernen, dunklen Gang freigab. Jasmina war teils \u00fcberrascht, dass das Buch dem Zug noch standgehalten hatte, denn sie musste ziemlich viel Kraft nutzen, um an dem Buch zu ziehen. Doch ihre Verwunderung schwand schnell wieder, als sie den Gang hinabblickte. Jasmina sp\u00fcrte, wie sich ihre Haare aufstellten. Angst durchflutete sie, aber auch eine Art Nostalgie. Nur halt keine \u0001 \u0002 M\u00e4dchen stand gef\u00fchlt einige Minuten vor dem Durchgang, bevor sie sich selbst einen Ruck gab und den Gang betrat. Das Regal schloss sich nicht von selbst, weshalb Jasmina versuchte, dieses gewaltsam zu schlie\u00dfen. Doch das Regal r\u00fchrte sich keinen Zentimeter, also gab sie bald auf, dass Regal zu schlie\u00dfen. Jasmina platzierte jedoch eine zweite Taschenlampe, die sie sicherheitshalber mitgenommen hatte, so, dass sie ein Schlie\u00dfen des Regals hoffentlich verhindern w\u00fcrde. Vorher nahm sie jedoch noch die Batterien raus, um diese mitzunehmen. Jasmina wappnete sich innerlich, bevor sie die erste Stufe nahm. Hinter dem Regal war n\u00e4mlich kein Gang, wie es zuerst schien, sondern eine Wendeltreppe nach unten. Jasmina schien also den Zugang zum Keller gefunden zu haben. Mit jedem Schritt, den das M\u00e4dchen tat, war sie gl\u00fccklicher, niemanden mitgenommen zu haben. Panik schien ihre Sinne zu vernebeln und st\u00e4ndig hatte sie das Gef\u00fchl, beobachtet zu werden, oder h\u00f6rte ein leises, ihr schmerzlich bekanntes Winseln. Die abgestandene Luft, welche mit jeder Stufe erdr\u00fcckender wurde, schn\u00fcrte Jasmina die Kehle zu. Dennoch zwang sie sich, weiterzugehen. Sie musste dies alleine durchstehen. Nach einer gef\u00fchlten Unendlichkeit, die in Wirklichkeit nicht mal eine Minute dauerte, kam Jasmina am Ende der Treppe an. Zitternd richtete sie ihren Lichtstrahl auf den Gang vor ihr. Dabei fielen ihr mehrere Gitterstangen an den W\u00e4nden auf. Es schien so, als w\u00e4re Jasmina nicht in einem Keller gelandet, sondern in einem Gef\u00e4ngnis. Kurz verlor das M\u00e4dchen ihr Gleichgewicht und musste sich an der Wand festkrallen. Das leise Tropfen von Wasser, das an irgendeiner Wand heruntertropfte, und die stickige, faule und modrige Luft riefen viele Erinnerungen in ihr wach und alte Wunden begannen zu schmerzen, obwohl diese schon seit Jahren verheilt waren und h\u00f6chstens ein paar kleine, blasse Narben hinterlassen hatten. Darauf hatte er immer \u0001 \u0002 sch\u00fcttelte Jasmina ihren Kopf und versuchte so die dunklen Erinnerungen zu verscheuchen. Mutig tat sie einen Schritt nach dem anderen, bis sie die erste Zellent\u00fcr erreichte. In ihr konnte sie ein paar alte Sch\u00fcsseln erkennen, sowie einige Hand- und Fu\u00dffesseln aus Metall, die an einer der W\u00e4nde befestigt waren. Bei den Fesseln lag auch eine verschlissene alte Decke auf dem Boden. Wieder musste Jasmina alte Gedanken verscheuchen, bevor sie sich zwang, weiter zu gehen. In den anderen Zellen fand sie \u00e4hnliches vor, wie in der ersten. Die Anzahl und Farbe der Sch\u00fcsseln und der zerschlissenen Decke war vielleicht unterschiedlich, sonst war alles gleich. Nur in der allerletzten durchzuckten Jasmina neue Gedanken. Bei den Fesseln war eine Art Kuhle in den Stein geschabt, mehrere Scherben lagen davor. Auch schienen die Ketten etwas gelockert zu sein, was Jasmina aus der Ferne jedoch nur vermuten konnte. Als Jasmina die letzte Zelle sah, drehte sich ihr Magen um und sie \u00fcbergab sich. Keuchend hockte sie auf dem Boden und w\u00fcrgte sich die Seele aus dem Leib, w\u00e4hrend Tr\u00e4nen aus ihren Augen lief. Das M\u00e4dchen hatte gar nicht bemerkt, wie sie angefangen hatte zu weinen. Die Zeit verstrich, w\u00e4hrend Jasmina auf dem Boden vor der Zelle hockte. Irgendwann \u00fcbergab sie sich nicht mehr, es war nichts mehr da, was sie h\u00e4tte erbrechen k\u00f6nnen. Doch sie schluchzte und ihr ganzer Leib sch\u00fcttelte sich vor Schmerzen. Sie beweinte jedoch nicht nur ihr eigenes Leid, sondern auch das Leid all jener, die in diesem Keller gefangen und wahrscheinlich auch gefoltert wurden. Sie konnte sp\u00fcren, das hier unmenschliches wiederfahren war.",
            "wordcount": "2.475",
            "chapter_release": "29.08.2019",
            "chapter_number": "6"
        }
    },
    "title": "Kannst du dich an Regeln halten?",
    "topic": "unspecified",
    "release": "\n20.05.2018\n\t\t\t\t\t\t",
    "author": "Sunfirebolt"
}