{
    "tags": [],
    "chapcount": "2",
    "wordcount": "13.196",
    "chapters": {
        "1": {
            "text": "Autorenanmerkung: Der Prolog verlangt etwas Durchhalteverm\u00f6gen. Ich habe lange hin und her \u00fcberlegt, ob es sinnvoll ist, die Einf\u00fchrung in die Geschichte auf diese Art und Weise zu gestalten, habe mich dann schlussendlich aber daf\u00fcr entschieden. Keine Angst, die Geschichte wird nicht nur aus Zeitungsartikeln und Tagebucheintr\u00e4gen bestehen. Im ersten Kapitel geht es dann richtig los. Und ja, dass am Ende des Prologs etwa tausend Fragen offen sind, ist gewollt ;)Herzlicher Dank und ein Meer voller Liebe gehen an meine Betaleserin Maxwell und an TheMalgot, f\u00fcrs Dr\u00fcberlesen und Motivieren <3Laub in ihrem HaarProlog - Sommer 1962Aus Houlton Pioneer Times, 12. Juni 1962VIERZEHNJ\u00c4HRIGE SUSANNAH SWAN NACH WIE VOR VERMISSTVon Nicholas MontanariTrotz intensiver Suche durch die Beamten des Houlton Police Department, bleibt Susannah Swan, die einen Tag nach ihrem vierzehnten Geburtstag am 6. Juni von ihren Eltern James und Rebecca Swan als vermisst gemeldet wurde, weiterhin verschwunden. Nach Aussage der Eltern hatte Susannah sich am Abend des 6. auf den Weg zu einer Freundin gemacht, um dort zu \u00fcbernachten, sei aber nie angekommen. Auf Nachfrage teilte uns der zust\u00e4ndige Beamte Detective Jenner mit, dass die Beh\u00f6rden zwar alle notwendigen Ma\u00dfnahmen eingeleitet h\u00e4tten, jedoch nach wie vor davon ausgingen, das M\u00e4dchen sei von zuhause weggelaufen und werde in ein paar Tagen wohlbehalten zur\u00fcckkehren. \u201eJ\u00e4hrlich rei\u00dfen in Aroostook County etwa einhundert Kinder von zuhause aus. Weit mehr als die H\u00e4lfte von ihnen kommen innerhalb der ersten zwei Wochen reum\u00fctig zur\u00fcck. Das ist nichts Ungew\u00f6hnliches\u201c, so \u0001 \u0002 Houlton Pioneer Times, 16. Juni 1962BLUTGETR\u00c4NKTE KLEIDUNGSST\u00dcCKE DER VERMISSTEN SUSANNAH SWAN IM COMMUNITY PARK GEFUNDENVon Nicholas MontanariBei einer kurzfristigen Pressekonferenz, die gestern Nachmittag vor dem Polizeirevier in der Military Street abgehalten wurde, best\u00e4tigte der f\u00fcr den Fall zust\u00e4ndige Beamte Detective Jenner, dass in der Nacht zum 16. Teile der Kleidungsst\u00fccke gefunden wurden, die Susannah Swan an dem Abend getragen haben soll, an dem ihre Eltern sie zuletzt sahen. Dabei handelt es sich um ein graues T-Shirt mit dem Logo der Shiretowners sowie einem grauen Rock mit Schottenmuster. Auf die Frage, wo die Sachen gefunden wurden, antwortete Detective Jenner, dass sie in einem Geb\u00fcsch am Westende des Community Parks versteckt gewesen seien. Auf die Frage, wer sie gefunden hatte, antwortete er: \u201eKein Kommentar.\u201cUnbest\u00e4tigten Ger\u00fcchten zufolge soll es sich bei dem Finder um einen Obdachlosen handeln, der vorhatte, in ebenjenen Geb\u00fcsch sein Nachtlager aufzuschlagen. Weiterhin soll die Kleidung \u201ev\u00f6llig zerfetzt und blutgetr\u00e4nkt\u201c gewesen sein. Versuche, mit den Eltern des verschwundenen M\u00e4dchens in Kontakt zu treten, wurden seitens der zust\u00e4ndigen Beh\u00f6rden rigoros \u0001 \u0002 Houlton Pioneer Times, 21. Juni 1962LEICHE DER VERMISSTEN SUSANNAH SWAN GEFUNDENVon Nicholas MontanariWie Chief Todd bei einer Pressekonferenz am Montagmorgen best\u00e4tigte, handelt es sich bei der Leiche, die am Nachmittag des 18. gefunden wurde (wir berichteten), tats\u00e4chlich um die vierzehnj\u00e4hrige Susannah Swan, die seit dem 6. Juni als vermisst galt. Das M\u00e4dchen hatte sich am Abend ihres Geburtstages auf den Weg zu einer Freundin gemacht und war seither verschwunden. Nachdem in der Nacht zum 16. Kleidungsst\u00fccke des M\u00e4dchens im Community Park gefunden worden waren, hatten die zust\u00e4ndigen Beh\u00f6rden in einer Suchaktion, an der neben den Beamten des Houlton \u0001 \u0002. auch ann\u00e4hernd einhundert Freiwillige teilgenommen hatten, die umliegende Gegend gro\u00dfr\u00e4umig abgesucht. Gegen 16:00 Uhr sei der Leichnahm Susannahs dann innerhalb des Parks von einem der freiwilligen Helfer gefunden worden. Versuche, den Helfer ausfindig zu machen, schlugen fehl. Augenzeugen berichteten, dass der junge Mann bleich wie ein Gespenst aus dem Geb\u00fcsch getorkelt sei, in dem er die Leiche des M\u00e4dchens gefunden hatte. Sobald er den f\u00fcr seinen Suchbereich eingeteilten Officer \u00fcber den Fund in Kenntnis gesetzt hatte, soll er vor aller Augen weinend zusammengebrochen \u0001 \u0002 die Frage, warum die Identifikation der Leiche zwei Tage gedauert habe, antwortete Chief Todd, dass der Zustand des Leichnahms eine Identifikation des Gesichts unm\u00f6glich machte. \u201eMr. und Mrs. Swan haben sie schlie\u00dflich anhand einer Narbe, die sie sich bereits im Kleinkindalter zugezogen hatte, identifiziert\u201c, so \u0001 \u0002 den Aufzeichnungen von Nicholas Montanari, 21. Juni 1962, 16:30 UhrJenner ist ein gottverdammter Hurensohn. Aber es war sch\u00f6n zu sehen wie ihm die Gesichtsz\u00fcge entgleisten, als ich Todd fragte, ob der Tod der kleinen Swan h\u00e4tte verhindert werden k\u00f6nnen, wenn sie anfangs nicht als Ausrei\u00dfer eingestuft worden \u0001 \u0002 Gott, wie muss das M\u00e4dchen ausgesehen haben, dass sie sie nicht identifizieren konnten? Was hat man mit ihrem Gesicht angestellt?Ich muss den Helfer \u0001 \u0002, wo wir eine Leiche haben, wird James mir freie Hand lassen. Vielleicht kann ich Greta \u00fcberreden, mir etwas von dem Papierkram abzunehmen, der sich auf meinem Schreibtisch t\u00fcrmt. Dann habe ich mehr Zeit, um mich auf diese Story zu \u0001 \u0002 hoffe, dir faulen die Eier ab, \u0001 \u0002 Houlton Pioneer Times, 23. Juni 1962VERD\u00c4CHTIGER IM FALL SUSANNAH SWAN: 15J\u00c4HRIGER DAVID CLARK VORL\u00c4UFIG FESTGENOMMENVon Nicholas MontanariWie die Houlton Pioneer Times aus zuverl\u00e4ssiger Quelle erfuhr, wurde am vergangenen Abend ein Mitsch\u00fcler Susannah Swans vorl\u00e4ufig festgenommen. Nach dem Fund der Leiche des jungen M\u00e4dchens soll ihre Freundin, zu der sie unterwegs gewesen sein soll, als sie am 6. Juni verschwand, ihre Aussage widerrufen haben. Wie es hei\u00dft, habe sie ihre Freundin, die sich mit ihrem Freund David Clark im Community Park hatte treffen wollen, um dort die Nacht mit ihm zu verbringen, wohl nur gedeckt. Ob die beiden sich tats\u00e4chlich trafen, ist nicht sicher. Klar ist jedoch, dass sowohl die Kleidungsst\u00fccke als auch die verst\u00fcmmelte Leiche des M\u00e4dchens innerhalb des Parks gefunden wurden. Anfragen an die zust\u00e4ndigen Beh\u00f6rden werden derzeit nicht \u0001 \u0002 den Aufzeichnungen von Nicholas Montanari, 24. Juni 1962, 14:25 UhrDer Junge wurde eben freigelassen. Soll ein wasserdichtes Alibi f\u00fcr den Zeitpunkt der Tat haben. Der Fall wird immer verworrener. Wer hat dir das angetan, Susannah? Wer?Wei\u00df nun, wer sie gefunden hat. Es war der Junge der Jamesons, der fr\u00fcher immer unseren Rasen gem\u00e4ht hat, um sein Taschengeld aufzubessern. Werde ihm heute noch einen Besuch abstatten. Wieder versucht, an die Swans ranzukommen, aber Todd l\u00e4sst sie von seinen Leuten komplett abschirmen. Fahre erstmal zur\u00fcck in die Redaktion. Vielleicht wurden irgendwelche Nachrichten \u0001 \u0002 den Aufzeichnungen von Nicholas Montanari, 24. Juni 1962, 15:03 UhrWerde den Besuch bei den Jamesons auf morgen verschieben m\u00fcssen. James kam eben wie ein aufgescheuchtes Huhn an meinem Schreibtisch. Er hat den Polizeifunk abgeh\u00f6rt (irgendwann wird ihm Todd daf\u00fcr sicherlich den Kiefer brechen). Ein weiteres M\u00e4dchen ist \u0001 \u0002.Aus Houlton Pioneer Times, 12. Juli 1962\u201eSIE SAH AUS ALS W\u00c4RE SIE MIT DEM GESICHT UNTER EINEN RASENM\u00c4HER GERATEN\u201c - SCHRECKLICHE DETAILS ZUM FALL SUSANNAH SWANVon Nicholas MontanariWie eine Augenzeugin berichtete, sei es bei der Beerdigung der k\u00fcrzlich ermordeten Susannah Swan am vergangenen Dienstag zu einem Eklat gekommen, in dessen Folge vier Menschen, darunter James Swan, der Vater der Toten, notmedizinisch versorgt werden mussten.\u201eIch wei\u00df wirklich nicht, was der Junge (David Clark, Anm. d. Red.) da wollte. Vielleicht hat er Susannah tats\u00e4chlich geliebt...\u201c, sagte die Zeugin, die nicht namentlich genannt werden m\u00f6chte. \u201eJedenfalls trat er an das noch offene Grab, kaum dass wir den Hauptweg des Friedhofs erreicht hatten. Er h\u00e4tte doch wirklich damit rechnen m\u00fcssen, dass James und Rebecca sich noch einmal umsehen w\u00fcrden. Rebecca behauptete sp\u00e4ter, sie h\u00e4tte gesehen, wie er etwas auf den Sarg geworfen hat... Vermutlich eine Blume. James ist ausgeflippt, als er den Jungen dort hat stehen sehen. Er ist auf ihn zugerannt. Hat irgendetwas davon gebr\u00fcllt, er h\u00e4tte ihm sein kleines M\u00e4dchen weggenommen. Ich habe damit gerechnet, dass der Junge weglaufen w\u00fcrde, aber er war anscheinend vor Schreck wie gel\u00e4hmt. Und ehe irgendjemand eingreifen konnte, packte James ihm an die Kehle und schlug ihm ins Gesicht. Bei dem Gerangel m\u00fcssen sie dann das Gleichgewicht verloren haben. Jedenfalls landeten sie beide im Grab. Wir sind zur\u00fcckgelaufen, so schnell wir konnten. Meine S\u00f6hne sind ebenfalls ins Grab gesprungen und haben versucht, die beiden zu trennen. James war wie von Sinnen... Meine Jungs haben auch einiges abbekommen, wissen Sie. Sie schafften es nicht, ihn von dem Jungen wegzurei\u00dfen und dann... Sie wissen ja... Seit James seinen Job bei den Wasserwerken verloren hat, haben die Swans arge finanzielle Probleme... Der Sarg war nicht sehr... teuer und stabil. Beim Aufprall der beiden muss der Deckel gesprungen sein... Jedenfalls packte James den Jungen Clark pl\u00f6tzlich am Hinterkopf und fing an, seinen Kopf immer wieder auf das gesprungene Holz zu donnern. Dabei schrie er: \u201eSIEH SIE DIR AN! SIEH SIE DIR AN!\u201c Es war schrecklich. Irgendjemand musste die Polizei gerufen haben, denn pl\u00f6tzlich standen zwei Officers neben mir, zogen meine S\u00f6hne aus dem Grab und kletterten selbst hinein. Ich bef\u00fcrchtete schon, dass James auch sie angreifen w\u00fcrde, allerdings lie\u00df er dann von dem Jungen ab und lie\u00df sich widerstandslos von den Officers festnehmen. Als sie ihn aus dem Grab zogen, hatte ich einen freien Blick auf den Sarg. Der Kopfteil war v\u00f6llig zerschlagen und ich konnte sie sehen. Mein Gott... Lieber Gott... Es sah aus, als w\u00e4re sie mit dem Gesicht unter einen Rasenm\u00e4her geraten.\u201cDavid Clark stand kurzzeitig in Verdacht, etwas mit dem Verschwinden und der Ermordung der jungen Susannah zu tun zu haben, konnte f\u00fcr den Zeitpunkt ihres Verschwindens allerdings ein wasserfestes Alibi vorweisen. Er erlitt unter anderem einen schweren Sch\u00e4delbruch. Er wurde in ein k\u00fcnstliches Koma versetzt und befindet sich derzeit auf der Intensivstation des Houlton Regional Hospital. James Swan wurde kurz nach seiner Festnahme dem Haftrichter vorgef\u00fchrt. Er wurde noch am selben Tag ins Aroostook County Asylum eingewiesen. Seine Frau Rebecca verlie\u00df kurz darauf die Stadt. Freunde der Familie gaben an, sie sei vorerst zu ihrer Schwester nach Kalifornien \u0001 \u0002 Swan verschwand am Abend ihres Geburtstages am 6. Juni. Ihre Leiche wurde zwei Wochen sp\u00e4ter im Community Park gefunden. Sie war das erste Opfer des Community Park-Killers, der seit einem Monat sein Unwesen in Houlton treibt. Die Leiche des zweiten Opfers, der 15j\u00e4hrigen Anne Davis, wurde vergangene Woche an exakt derselben Stelle gefunden, an der auch Susannah Swans Leichnahm abgelegt wurde (wir berichteten). Zwei weitere M\u00e4dchen werden derzeit vermisst. Dabei handelt es sich um die 12j\u00e4hrige Andrea Mills und die 14j\u00e4hrige Emma Duvall. Auf Nachfrage teilte uns das Houlton Police Department mit, dass es derzeit keinen Verd\u00e4chtigen in diesen F\u00e4llen \u0001 \u0002 dem privaten Tagebuch von Nicholas Montanari, 13. Juli 1962, 12:27 UhrWas geschieht hier? Ich habe mir immer eine gro\u00dfe Story gew\u00fcnscht. Das tut wohl jeder Journalist. Aber doch nicht so eine. Die ganze Stadt lebt in Angst um ihre Kinder. Maria und ich sind damals hierher zur\u00fcckgekehrt, weil wir wollten, dass Melissa sicher und beh\u00fctet aufwachsen kann und weil wir New York nicht f\u00fcr den passenden Ort hielten, ein Kind gro\u00dfzuziehen. Nun liegt sie mir in den Ohren, wir sollten zu ihrer Schwester nach Brooklyn gehen, bis die Polizei dieses Monster geschnappt hat. Aber ich kann nicht weg. Auch wenn es mir immer schlechter dabei geht, Tag f\u00fcr Tag \u00fcber tote Kinder zu schreiben... Aus Houlton Pioneer Times, 23. Juli 1962LEICHEN VON ANDREA MILLS UND EMMA DUVALL GEFUNDEN \u2013 HOULTON \u0001 \u0002. VERH\u00c4NGT AUSGANGSSPERREVon Nicholas MontanariNach dem Fund der Leichen von Andrea Mills (12) und Emma Duvall (14), hat das Houlton Police Department eine allgemeine Ausgangssperre verh\u00e4ngt. \u201eZum Schutz unserer Kinder kommen wir um diese Ma\u00dfnahme nicht mehr herum\u201c, meinte Chief Todd gestern w\u00e4hrend einer Pressekonferenz vor dem Police Department in der Military Street. Die Sperrstunde beginnt jeden Abend um 19 Uhr und gilt bis 6:00 Uhr des Folgetages. Betroffen sind alle in Houlton lebenden Kinder bis 16 \u0001 \u0002 der Nacht zum Donnerstag wurden die Leichen der beiden M\u00e4dchen an exakt derselben Stelle entdeckt, an der auch die K\u00f6rper der toten Susannah Swan und Anne Davis abgelegt worden waren. Auf die Frage, wie es m\u00f6glich gewesen sei, die Leichen unbemerkt dort zu deponieren, wo doch der Park an dieser Stelle rund um die Uhr bewacht werde, antwortete Chief Todd: \u201eKein Kommentar.\u201c Unbest\u00e4tigten Quellen zufolge soll der zust\u00e4ndige Officer, der die Leichen von Andrea und Emma fand, einigen Freunden erz\u00e4hlt haben, er k\u00f6nne sich nicht erkl\u00e4ren, wie die Leichen in das Geb\u00fcsch gekommen seien. \u201eEr sagte, er h\u00e4tte die Stelle keine zwei Minuten zuvor \u00fcberpr\u00fcft. Dann sei er einige Meter entfernt stehengeblieben, um sich eine Zigarette anzuz\u00fcnden. Er h\u00f6rte ein Ger\u00e4usch, wie wenn etwas Schweres aus 1 oder 2 Metern H\u00f6he auf trockene Erde f\u00e4llt. Als er dann im Geb\u00fcsch nachsah, fand er dort die Leichen der beiden M\u00e4dchen. Seitdem hat er Schlafst\u00f6rungen. Er sagt, er k\u00f6nne ihre Gesichter einfach nicht vergessen.\u201cAndrea Mills und Emma Duvall verschwanden beide am Nachmittag des 8. Juli. Emma hatte den Tag \u00fcber mit Freunden im st\u00e4dtischen Schwimmbad verbracht. Gegen 15 Uhr hatte sie sich verabschiedet, da sie ihrer Mutter noch im Haushalt helfen wollte. Sie kam nie zuhause an. Andrea hatte sich zum Zeitpunkt ihres Verschwindens in ihrem Zimmer befunden. Um 15:30 Uhr hatte ihre Mutter zuletzt nach ihr gesehen. \u201eSie sa\u00df auf ihrem Bett und las in einem Buch, das ihre Tante ihr zum Geburtstag Ende Juni geschenkt hatte\u201c, sagte Mrs. Mills gegen\u00fcber der Polizei. \u201eAls ich ihr eine halbe Stunde sp\u00e4ter ein Glas Limonade bringen wollte, war sie verschwunden. Ihr Fenster war von innen verriegelt. Ich war unten in der Diele und schrubbte den Boden, als sie verschwand. Es gibt keine Chance, dass sie unbemerkt an mir vorbei zur Haust\u00fcr h\u00e4tte schleichen k\u00f6nnen.\u201cChief Todd gab an, dass zwischen den M\u00e4dchen keine Verbindung bestand. Nach derzeitigem Stand der Ermittlungen kannten sie einander nicht einmal. Konkrete Hinweise zur Identit\u00e4t des T\u00e4ters gibt es nach wie vor nicht. \u201eWir k\u00f6nnen allerdings nicht hundertprozentig ausschlie\u00dfen, dass es sich um mehr als einen T\u00e4ter handelt\u201c, so \u0001 \u0002 dem privaten Tagebuch von Nicholas Montanari, 25. Juli 1962Die Nachricht, dass die junge Mills in ihrem Zimmer war, als sie verschwand, schlug ein wie eine Bombe. Die Neuengl\u00e4nder sind mehr als alle anderen Amerikaner bereit, an \u00dcbernat\u00fcrliches zu glauben und vielen erscheint die M\u00f6glichkeit, dass Andrea von einem Geist oder einem Monster entf\u00fchrt wurde, wahrscheinlicher als die, dass ihre Mutter sich irren k\u00f6nnte. Oder vielleicht doch nicht die ganze Zeit in der Diele verbracht hat und es sich nur einredet, um ihr eigenes Gewissen zu \u0001 \u0002 ist diese ganze Geisterschei\u00dfe Unfug. Es gibt keine Geister und die Monster, denen ich in meinem Leben bisher begegnet bin, waren ausgesprochen menschlich. Das hindert Maria allerdings nicht daran, Melissa im Haus einzusperren. Aber das kann ich ihr nicht ver\u00fcbeln, auch wenn Melissa verst\u00e4ndlicherweise alles andere als begeistert dar\u00fcber ist. Maria und ich reden nicht dar\u00fcber, aber die Chance, dass ihr nicht aufgefallen ist, was die ganze Stadt bereits bemerkt hat, ist gleich Null. Alle ermordeten M\u00e4dchen waren zwischen 12 und 16 Jahre alt. Sie alle hatten lange, dunkelbraune Haare und sahen sich verbl\u00fcffend \u00e4hnlich. Sie h\u00e4tten Schwestern sein k\u00f6nnen. Sie h\u00e4tten Melissas Schwestern sein \u0001 \u0002 Houlton Pioneer Times, 2. August 1962WIEDER EIN M\u00c4DCHEN VERSCHWUNDEN \u2013 ERMITTLER STEHEN VOR EINEM R\u00c4TSELVon Nicholas MontanariLaut einem Mitarbeiter des Houlton Police Department, gibt es im Fall des Community Park-Killers bereits das n\u00e4chste Opfer. Wie Beverly und Benjamin Edwards, die Eltern der Vermissten, der Polizei mitteilten, habe ihre Tochter Stephanie (13) mit Freunden im Garten gespielt, kurz bevor sie verschwand. Ihre Freunde sagten, sie sei kurz ins Haus gegangen, um sich ihren Badeanzug anzuziehen. Sie wollten ein wenig im Pool schwimmen\u201c, sagte die v\u00f6llig aufgel\u00f6ste Mutter dem Beamten, der die Vermisstenmeldung aufnahm. \u201eAls sie 20 Minuten sp\u00e4ter nach ihr sahen, weil sie sich wunderten, wo sie blieb, war sie verschwunden.\u201c Die Ermittler stehen vor einem R\u00e4tsel. Stephanie ist das f\u00fcnfte M\u00e4dchen in einer Reihe von Entf\u00fchrungen, die die houltener Bev\u00f6lkerung seit fast 2 Monaten in Atem halten. Alle anderen M\u00e4dchen, die 14j\u00e4hrige Susannah Swan, die 15j\u00e4hrige Anne Davis, die 12j\u00e4hrige Andrea Mills und die 14j\u00e4hrige Emma Duvall, wurden inzwischen tot im Community Park \u0001 \u0002 den Aufzeichnungen von Nicholas Montanari, 4. August 1962, 14:20 UhrHabe einige der Freunde ausfindig machen k\u00f6nnen, die mit Stephanie zusammen waren, als sie verschwand. Sie alle sagen, das M\u00e4dchen habe den ganzen Tag schon abwesend gewirkt. W\u00e4hrend alle anderen Karten gespielt haben, starrte sie mit leerem Blick in das Gestr\u00fcpp am anderen Ende des Gartens. Sie musste mehrmals laut angesprochen werde, bis sie reagierte. Habe keine M\u00f6glichkeit, in den Garten der Edwards zu kommen. Werde wohl oder \u00fcbel mit Todd sprechen \u0001 \u0002 dem privaten Tagebuch von Nicholas Montanari, 12. August 1962Maria ist v\u00f6llig au\u00dfer sich. Sie dr\u00e4ngt mich, Melissa nach New York zu schicken, aber bald f\u00e4ngt die Schule wieder an und Melissa weigert sich hartn\u00e4ckig. Seit Maria sie im Haus einsperrt, redet sie kaum noch mit ihr. Wenn der junge William Jenner nicht jeden Tag zu Besuch kommen w\u00fcrde, w\u00fcrde sie wahrscheinlich vollkommen ausrasten. Anfangs war ich nicht sehr begeistert. Habe ihn sogar rausgeschmissen. Das hat ihn nicht davon abgehalten, stundenlang unter ihrem Fenster zu sitzen und zu lauschen, ob irgendwelche seltsamen Ger\u00e4usche aus ihrem Zimmer dringen. Der Junge ist 13 und scheint jetzt schon ein besserer Ermittler zu sein als sein Vater, der eine halbe Ewigkeit gebraucht hat, um die physische \u00c4hnlichkeit zwischen den ermordeten M\u00e4dchen zu erkennen. Der Junge besch\u00fctzt \u0001 \u0002 bin ich sehr froh, dass er die Tage in meinem Haus verbringt und nicht von Melissas Seite weicht. Er ist h\u00f6flich, ehrlich und hilfsbereit und er scheint meine Tochter auf eine Art und Weise zu verehren, die mir in ein paar Jahren wahrscheinlich Bauchschmerzen bereiten wird. Aber der Junge kann nichts daf\u00fcr, dass sein Vater ein bl\u00f6der Wichser \u0001 \u0002 kommt James abends noch auf ein Bier vorbei. Jahrelang waren diese abendlichen Biere eine private Zeit, in der wir kein Wort \u00fcber die Arbeit verloren haben. Oft sa\u00df Melissa dann auf seinem Scho\u00df und erz\u00e4hlte ihm, was sie den Tag \u00fcber so getrieben hatte und er h\u00f6rte ihr aufmerksam zu und brachte sie dann ins Bett. Es ist ein Jammer, dass Ellen keine Kinder bekommen kann. James w\u00e4re ein guter Vater. Neuerdings herrscht bei diesen Treffen allerdings Schweigen, bis wir unweigerlich auf die verschwundenen und ermordeten M\u00e4dchen zu sprechen \u0001 \u0002 wurde die Leiche der kleinen Edwards gefunden. Wieder dieselbe Stelle. Wieder dieses Geb\u00fcsch. Wie zum Teufel ist das m\u00f6glich? Ich habe das \u00fcberpr\u00fcft. Die Stelle wird wirklich rund um die Uhr von zwei uniformierten Beamten \u00fcberwacht, die sich permanent keine zwei Meter von dem Geb\u00fcsch \u0001 \u0002 dem privaten Tagebuch von Nicholas Montanari, 19. August 1962Das n\u00e4chste M\u00e4dchen ist verschwunden. Jenners Tochter. Die kleine Annie passt in keiner Weise ins Schema: 7 Jahre alt und strohblond. Was hat das zu bedeuten?Eben habe ich gesehen, wie Jenner dem jungen William auf offener Stra\u00dfe eine Maulschelle verpasst hat. Zuvor sah es aus als w\u00fcrden sie miteinander streiten Als die beiden in Jenners Auto stiegen und wegfuhren, ging ich auf die andere Stra\u00dfenseite zu Earl, vor dessen Zeitungsstand der Streit der beiden stattgefunden hatte und fragte ihn, worum es ging. William soll wohl darum gebeten haben, vor unserem Haus abgesetzt zu werden. Earl meint, Jenners Antwort habe er nicht richtig verstanden, aber das Wort \u201eItakerbalg\u201c sei \u0001 \u0002 ist ein verdammter Bastard und ich sollte ihm die Nase brechen, daf\u00fcr, dass er meine Tochter \u201eItakerbalg\u201c genannt hat, aber im Moment kann ich ihm nicht b\u00f6se sein. Wenn die kleine Annie wirklich dem Monster in die H\u00e4nde gefallen ist, das auch die anderen M\u00e4dchen auf dem Gewissen hat, wird ihr wahrscheinlich grade das Gesicht zerh\u00e4ckselt. Kein Vater sollte sich mit solchen Gedanken konfrontiert sehen...Aus Houlton Pioneer Times, 21. August 1962LEICHE DER VERMISSTEN ANNIE JENNER AUFGETAUCHT \u2013 DETECTIVE JENNER AUF UNBESTIMMTE ZEIT BEURLAUBTVon Nicholas MontanariBei einer Pressemitteilung am vergangenen Nachmittag teilte Chief Todd mit, dass in der Nacht zuvor die Leiche der siebenj\u00e4hrigen Annie Jenner gefunden wurde. Annie Jenner war die einzige Tochter von Detective Dennis Jenner und seiner Frau Julia. Das M\u00e4dchen verschwand am Nachmittag des 18., als sie in der Einfahrt ihres Elternhauses Seilspringen \u00fcbte. Weder das Aussehen noch das Alter des M\u00e4dchens deuten darauf hin, dass die kleine Annie Opfer des ber\u00fcchtigten Community Park Killers wurde. Auch der Fundort und Zustand der Leiche stimmen nicht mit denen der anderen ermordeten M\u00e4dchen \u00fcberein. Auf die Nachfrage, ob wir nun davon ausgehen m\u00fcssen, dass zwei M\u00f6rder unabh\u00e4ngig voneinander in Houlton morden, meinte Todd: \u201eDas k\u00f6nnen wir zum jetzigen Zeitpunkt noch nicht sagen, halten es aber f\u00fcr unwahrscheinlich.\u201c Detective Jenner, der bisher der leitende Ermittler in diesem Fall war, wurde nach dem Fund der Leiche seiner Tochter auf unbestimmte Zeit \u0001 \u0002 dem privaten Tagebuch von Nicholas Montanari, 22. August 1962Nach dem Vorfall vor dem Zeitungsstand hatte ich fest damit gerechnet, den jungen William erstmal nicht mehr zu Gesicht zu bekommen. Aber als ich gegen 16 Uhr nach Hause kam, sa\u00df er mit Melissa in unserem Wohnzimmer und spielte Skat. Entweder war er von zuhause weggelaufen oder er hatte sich gegen seinen Vater durchgesetzt. Was auch immer es war, er hatte zuvor noch einiges einstecken m\u00fcssen. Sein linkes Auge war blau und geschwollen. Ich fragte ihn, was passiert sei. H\u00f6flich (aber nicht ehrlich) wie immer antwortete er, er sei gegen einen T\u00fcrrahmen \u0001 \u0002 Zeit ist die Sorge um Maria fast gr\u00f6\u00dfer als die um Melissa. Sie benimmt sich merkw\u00fcrdig seit ihrem Besuch auf dem Friedhof vor ein paar Tagen und sie nimmt es mir \u00fcbel, dass ich sie dieses Jahr nicht begleiten konnte. Die Besuche dort haben sie schon immer sehr aufgew\u00fchlt, weswegen wir beschlossen hatten, dass wir Selmas Grab nur noch an ihrem Todestag besuchen. Ihr Tod schmerzt noch immer. Kein Mann vergisst die erste Liebe. Aber ihr Tod war es auch, der Maria und mich zusammenbrachte. Gemeinsame Trauer kann zwei Menschen auf eine Art und Weise zusammenf\u00fchren, wie es sonst kaum ein Gef\u00fchl vermag. Aber irgendwas ist anders als sonst. Seit sie am Grab ihrer Jugendfreundin war, murmelt sie, wenn sie sich unbeobachtet f\u00fchlt, unverst\u00e4ndliches Zeug. Und als ich sie gestern umarmen wollte, als sie am Herd stand und das Abendessen zubereitete, fuhr sie zusammen und schrie erschrocken \u0001 \u0002 wird sie fuchsteufelswild, wenn sie Melissa ohne das kleine, goldene Kruzifix erwischt, das sie ihr zu Kommunion geschenkt hat. Melissa sagt, der Anh\u00e4nger sei zu schwer und sorge daf\u00fcr, dass ihr die filigrane Goldkette in den Hals schneide. Das ist nat\u00fcrlich Unsinn. Der Anh\u00e4nger wiegt keine 30 Gramm. Aber als sie sich letztens in meinem Beisein die Haare hochband, konnte ich feine, rote Striemen in ihrem Nacken sehen...Aus Houlton Pioneer Times\u201c,25. August 1962CHIEF TODD R\u00c4T: LASSEN SIE IHRE KINDER NICHT AUS DEN AUGENVon Steve JacksonEine Woche vor Beginn des neuen Schuljahres r\u00e4t Chief Todd den Eltern von Houlton, ihre Kinder nicht allein zur Schule zu schicken. \u201eBilden Sie Fahrgemeinschaften. Lassen Sie Ihre Kinder unter gar keinen Umst\u00e4nden allein zur Schule gehen. W\u00e4hrend der Unterrichtszeit wird das Houlton \u0001 \u0002. In Zusammenarbeit mit den Schulleitungen f\u00fcr die Sicherheit der Kinder sorgen.\u201c Auf die Nachfrage, ob es unter den gegebenen Umst\u00e4nden nicht sicherer sei, seine Kinder nicht in die Schule zu schicken, antwortete Todd: \u201eNat\u00fcrlich steht es den Eltern frei, diese Entscheidung zu treffen. Solange die Kinder auf dem Weg zur Schule allerdings begleitet werden, sehen wir keinen Grund f\u00fcr einen derart drastischen Schritt.\u201cTonbandaufzeichnung der Vernehmung von Nicholas Montanari im Fall \u201eAnnie Jenner\u201c, 24. August 1962, 18:12 Uhr(Knacken)(Das Ger\u00e4usch einer Tasse, die auf einem Tisch abgestellt wird)Tiefe M\u00e4nnerstimme: \u201eAlso, fangen wir an. F\u00fcr's Protokoll: Die Vernehmung wird durchgef\u00fchrt von Chief Jacob Todd. Weitere Anwesende sind der stellvertretende Staatsanwalt von Aroostook County, Michael R. Archerd und der Zeuge Nicholas Montanari. Sag mal was, Mikey.\u201cArcherd: \u201eK\u00f6nnten wir das Ganze vielleicht etwas beschleunigen? Auf mich wartet ein Arsch voll Arbeit.\u201cTodd: \u201eIst ja gut. Ist ja gut. Also... Wie w\u00e4r's mit einer Zigarette, Nick?\u201c (Zustimmendes Murmeln)(Das Klicken eines Feuerzeugs)Heisere M\u00e4nnerstimme: \u201eBrauch ich einen Anwalt, Jake? Sei ehrlich.\u201cTodd: \u201eHast du denn was angestellt?\u201cMontanari: \u201eNein.\u201cTodd: \u201eDann wird das nicht n\u00f6tig sein. Wir wollen dir nur ein paar Fragen stellen, Nick. Wenn du sie wahrheitsgem\u00e4\u00df beantwortest, hast du nichts zu bef\u00fcrchten. Also, wo warst du am 18. August? Sagen wir zwischen 14 und 15 Uhr?\u201cMontanari: \u201eDu meinst ob ich ein Alibi f\u00fcr den Zeitraum habe, in dem die kleine Jenner verschwand. Verkauf mich nicht f\u00fcr bl\u00f6d, Jake.\u201cArcherd: \u201eBleiben Sie ruhig und beantworten Sie die Frage, Nicholas.\u201c(Tiefes Seufzen)Montanari: \u201eIch war die meiste Zeit des Tages in der Redaktion. James Cartwell und Greta Miller k\u00f6nnen das best\u00e4tigen. Gegen 13 Uhr fuhr ich zum Haus der Edwards, weil ich einen Blick in den Garten werfen wollte, wie ihr beiden verdammt gut wisst, weil n\u00e4mlich gegen 14:00 Uhr die Nachbarin der Edwards die Polizei dar\u00fcber verst\u00e4ndigte, dass sich irgendein Fremder auf dem Grundst\u00fcck rumtreibe. Gegen 14:15 Uhr wurde ich von Detective Dennis Jenner festgenommen und auf das Polizeirevier gekarrt, wo ich die n\u00e4chsten 40 Minuten dumme Fragen \u00fcber mich ergehen lassen musste. Um kurz nach drei durfte ich gehen und habe im gegen\u00fcberliegenden Diner zu Mittag gegessen. Burger, Pommes, ein kleiner Salat, eine gro\u00dfe Cola. Zum Nachtisch gab es Apfelkuchen mit Vanilleeis. Den hatte \u00fcbrigens auch Deputy Tidwell, der am Tisch hinter mir sa\u00df. Ist euch das wasserfest genug?\u201cTodd (glucksend): \u201eGrade so, Nick. Ich finde es aber erstaunlich, dass du dich noch so genau daran erinnern kannst, was du an dem Tag gegessen hast.\u201cMontanari: \u201eDas mag daran liegen, dass das genau die Bestellung ist, die ich immer aufgebe, wenn ich dort esse.\u201cTodd: \u201eSchon gut, schon gut... Aber dann erz\u00e4hl uns doch mal, was du am Vormittag des 19. beobachtet hast.\u201cMontanari: \u201eWas soll ich da beobachtet haben?\u201cTodd: \u201eJetzt verkauf DU mich nicht f\u00fcr bl\u00f6d, Nick. Wir haben mit Earl Waters gesprochen.\u201cMontanari: \u201eDu meinst den Streit zwischen Jenner und seinem Jungen?\u201cTodd: \u201eJa.\u201cMontanari: \u201eIch hab nur gesehen, dass Dennis seinem Sohn eine gewaltige Schelle verpasst hat. Als sie wegfuhren, habe ich Earl gefragt, worum es ging.\u201cArcherd: \u201eWarum haben Sie sich daf\u00fcr interessiert?\u201cMontanari: \u201eIch bin Journalist, Archerd. Und Jenners Tochter war verschwunden.\u201cArcherd: \u201eEs hatte also nichts damit zu tun, dass der junge William seit kurzem mehr Zeit bei Ihnen zuhause verbringt als in seinem eigenen Elternhaus?\u201cMontanari: \u201eEr ist mit meiner Tochter befreundet.\u201cTodd: \u201eDie kleine Melissa... Wie alt ist sie jetzt? 12? Und sie passt perfekt ins Schema. Das scheint dich ja nicht sehr zu beunruhigen...\u201c(Schnauben)Montanari: \u201eSie darf das Haus schon seit \u00fcber einem Monat nicht mehr verlassen und so wie es aussieht, werden wir sie bald zu ihrer Tante nach New York schaffen.\u201cArcherd: \u201eAlso wenn meine Tochter so sehr ins Profil passen w\u00fcrde, h\u00e4tte ich sie ja schon vor Wochen weggeschafft.\u201cMontanari (aufgebracht): \u201eSie ist nie allein. Tags\u00fcber l\u00e4sst sie der Junge nicht aus den Augen und nachts wacht meine Frau an ihrem Bett.\u201cTodd: \u201eMaria? Hatte die nicht mal was mit Detective Jenner?\u201cMontanari (genervt): \u201eSie waren einmal gemeinsam im Kino. Als sie beide 16 Jahre alt waren. Was soll der Schei\u00df?\u201cArcherd: \u201eGanz einfach, Nicholas: Jenner hat ausgesagt, dass Sie ausgerastet sind, als er Anfang des Jahres wegen eines Falls von Ruhest\u00f6rung mit Ihrer Frau sprach. Au\u00dferdem hat Waters uns erz\u00e4hlt, dass Sie wissen, dass Jenner am Vormittag des 19. Ihre Tochter als \u201eItakerbalg\u201c bezeichnet hat.\u201cMontanari: \u201eWas hat das mit dem aktuellen Fall zu tun? Ich war mit mehreren Beamten des Houlton \u0001 \u0002. zusammen als Annie verschwand. Ich bin auch nicht ausgerastet, als Jenner mit meiner Frau sprach. Ich war nicht begeistert, als er in meinem Wohnzimmer sa\u00df, aber dass Jenner und ich uns nicht ausstehen k\u00f6nnen, ist kein Geheimnis. Und was zur H\u00f6lle, soll das mit dem \u201eItakerbalg\u201c? Das M\u00e4dchen war bereits seit einem Tagen verschwunden, als Jenner meine Tochter beleidigt hat!\u201cArcherd: \u201eJake... Zeig ihm das verdammte Foto.\u201c(Stille)(Ersticktes Keuchen)Montanari: \u201eMein Gott. Lieber Gott...\u201cTodd: \u201eNick?\u201cMontanari: \u201eNehmt es weg... Nehmt dieses verdammte Bild weg... NEHMT ES WEG, HAB ICH GESAGT!\u201cAn dieser Stelle musste die Vernehmung abgebrochen werden, da der Zeuge in heftiges Weinen \u0001 \u0002 dem privaten Tagebuch von Nicholas Montanari, 27. August 1962Die kleine Annie Jenner war eine Warnung. Das wei\u00df ich jetzt. Die Botschaften, die \u00fcberall auf dem K\u00f6rper der Kleinen hinterlassen wurden, in ihre weiche, blasse Kinderhaut geritzt, sprechen eine deutliche Sprache. Ich habe Earl gefragt, ob er au\u00dfer mir und der Polizei noch jemandem von dem Streit erz\u00e4hlt hat. Er schw\u00f6rt, dass das nicht der Fall ist. Aber wie kann der M\u00f6rder dann wissen, dass Jenner meine Tochter als \u201eItakerbalg\u201c bezeichnet hat? Ich habe seit Tagen nicht richtig geschlafen. Maria und ich wechseln uns nun ab. Vorgestern ist Maria im Laufe der Nacht vor Ersch\u00f6pfung eingeschlafen. Melissas Schreie weckten mich gegen 3:30 Uhr. Als ich schlaftrunken in ihr Zimmer taumelte, schrie sie noch immer und w\u00e4lzte sich im Bett hin und her. Es hat mehrere Minuten gedauert, bis Maria und ich es geschafft hatten, sie zu wecken. Sie weinte und stammelte wirres Zeug vor sich her. Irgendetwas davon, dass sie sie holen werde und dass wir sie nicht st\u00e4ndig besch\u00fctzen k\u00f6nnten. Es war nur ein Albtraum, da bin ich mir sicher. Die tiefen Kratzer an ihrem Hals muss sie sich im Schlaf selbst zugef\u00fcgt haben. Seither muss sie nachts Handschuhe \u0001 \u0002 kann meine Dankbarkeit f\u00fcr William Jenner nicht in Worte fassen. Er steht jeden Morgen p\u00fcnktlich um 7 Uhr bei uns vor der T\u00fcr und verl\u00e4sst das Haus erst kurz bevor die Sperrstunde beginnt. Gestern habe ich ihn erwischt, wie er vor der Badezimmert\u00fcr Wache stand, w\u00e4hrend Melissa auf der Toilette war. Sie z\u00e4hlte laut von 100 an r\u00fcckw\u00e4rts.\u201eDamit ich wei\u00df, dass bei ihr alles in Ordnung ist\u201c, meinte er. Vor einer Woche h\u00e4tte ich diese Vorgehensweise noch als \u00fcbertrieben empfunden. Morgen werde ich den Tag zuhause verbringen. Annie Jenner wird beerdigt und dementsprechend wird William nicht kommen k\u00f6nnen. Ich werde nicht zur Beerdigung gehen. Die Gefahr ist zu hoch, dass etwas \u00e4hnlich Schreckliches passiert wie auf der Beerdigung der kleinen Swan letzten Monat, wenn Jenner mich dort zu Gesicht \u0001 \u0002 Bild der kleinen Annie verfolgt mich bis in meine Tr\u00e4ume, wenn ich denn tats\u00e4chlich mal etwas Schlaf bekomme. Ich kann es einfach nicht vergessen. Ich wei\u00df schon, warum sie ihre Ermordung mit mir in Verbindung gebracht haben. Was auf ihrem K\u00f6rper geschrieben steht, weist ganz eindeutig in meine Richtung. Aber ich war es nicht. Bei Gott, so etwas k\u00f6nnte ich keinem Kind \u0001 \u0002 dem privaten Tagebuch von Melissa N. Montanari, 28. August 1962Will kann heute nicht kommen. Ich habe Dad gefragt, ob wir nicht auch zur Beerdigung gehen k\u00f6nnen, aber er meinte, das sei keine gute Idee, dabei w\u00e4re ich heute gerne f\u00fcr Will da. Er versucht, sich nichts anmerken zu lassen, aber der Tod seiner Schwester hat ihn sehr getroffen. Er muss vor mir immer den Starken spielen (Genauso wie er mir erz\u00e4hlt hat, er sei gegen einen T\u00fcrrahmen gelaufen, als er vor ein paar Tagen mit einem blauen Auge vor mir stand. So als k\u00f6nnte ich mir nicht denken, dass das sein Vater gewesen ist). Ich glaube, er denkt, er m\u00fcsse mich vor allem Schlechten besch\u00fctzen. Armer Will. Ich vermisse ihn. Solange er da ist, ist es nicht so schrecklich, das Haus nicht verlassen zu k\u00f6nnen. Er hat es sogar geschafft, dass meine Mutter ihm so sehr vertraut, dass wir einmal am Tag f\u00fcr eine Stunde raus in den Garten d\u00fcrfen. Ich glaube, er ist in mich verliebt. Wenn ich ein paar Jahre \u00e4lter w\u00e4re, w\u00e4re ich bestimmt auch in ihn verliebt. Aber ich bin 12 und wenn ich Will ansehe, sehe ich eine Art gro\u00dfen Bruder, der auf mich aufpasst. Ihr gef\u00e4llt das gar nicht. Sie hasst Will. Sie wartet auf den Augenblick, in dem er nicht auf mich achtet. Wenn Will in meiner N\u00e4he ist, ist sie sehr w\u00fctend. Das sp\u00fcre ich. Wenn allerdings meine Mutter auf mich aufpasst, ist sie fuchsteufelswild. Manchmal habe ich dann das Gef\u00fchl, das Haus w\u00fcrde beben... Aber das bilde ich mir sicherlich nur ein. Ruhig ist sie nur, wenn Dad bei mir ist. So wie jetzt. Dann wartet sie ganz \u0001 \u0002 dem privaten Tagebuch von Nicholas Montanari, 29. August 1962Ich habe ihr gesagt, dass ich nicht dar\u00fcber reden will, aber Maria h\u00f6rt einfach nicht auf, diese alte Geschichte aufzuw\u00e4rmen. Wir haben nichts Falsches getan. Wir waren 17 Jahre alt als Selma sich von dieser beschissenen Br\u00fccke gest\u00fcrzt hat. Habe Melissa das Kruzifix abgenommen. Ihr ganzer Hals ist \u00fcbers\u00e4t von offenen Stellen, die bluten und f\u00fcrchterlich schmerzen m\u00fcssen. Maria hat mich \u00fcber eine Stunde angebr\u00fcllt, bis sie vor Ersch\u00f6pfung auf dem Sofa zusammengesackt und eingeschlafen \u0001 \u0002 sagt, sie sieht sie durch das Haus schleichen und auf den richtigen Moment warten. Ich glaube, langsam verliert sie den Verstand. James ist stinksauer, weil ich kaum noch Zeit in der Redaktion \u0001 \u0002 h\u00f6re ich Ger\u00e4usche auf dem Dachboden. Aber das sind nur meine \u00fcberreizten Nerven, die mir einen Streich spielen, denn immer, wenn ich nachsehe finde ich nichts au\u00dfer ein paar Umzugskarton und staubiges Zeug, das wir vor Jahren dort oben deponiert \u0001 \u0002, kleine Annie... Es tut mir so leid. \u201eGeh weg Jenner.\u201c Das war in ihren Arm \u0001 \u0002 dem privaten Tagebuch von Melissa N. Montanari, 30. August 1962Dad hat Will nach Hause geschickt und ihm gesagt, er solle nicht mehr herkommen. Ich verstehe das nicht. Seit Stunden sitze ich im Wohnzimmer und weine. Dad sitzt in seinem Fernsehsessel und l\u00e4sst mich keine Sekunde aus den Augen. Er sieht f\u00fcrchterlich aus. Er tr\u00e4gt dieses Hemd jetzt schon seit Tagen, seine Frisur ist v\u00f6llig durcheinander und seine Augen ger\u00f6tet von zu wenig Schlaf. Sein Blick wirkt irgendwie gehetzt. Ich glaube, sie werden mich nach New York schicken. Ich habe \u0001 \u0002 dem privaten Tagebuch von Nicholas Montanari, 30. August 1962Annie war keine Warnung an Dennis Jenner. Sie war eine Warnung an William. Ich habe den Jungen nach Hause geschickt. Er hat ein Mordstheater veranstaltet, ist aber schlussendlich freiwillig gegangen, als ich ihm versprach, dass wir Melissa morgen in einen Zug nach New York setzen werden. Maria sitzt in der K\u00fcche und betet. Sie ist sich sicher, dass es unsere Schuld \u0001 \u0002 habe sie gesehen und sie war \u0001 \u0002 steh uns \u0001 \u0002 dem privaten Tagebuch von Nicholas Montanari, 31. August 1962Habe Melissa mit dem Auto bis nach Portland gefahren und sie dort in einen Zug nach New York gesetzt. Ihre Tante wird sie vom Bahnhof abholen. Als ich zur\u00fcck kam, war Maria v\u00f6llig aufgel\u00f6st. Es ist wieder ein M\u00e4dchen verschwunden. Die f\u00fcnfj\u00e4hrige Molly Palmer von gegen\u00fcber. Sie hat Melissa zum Abschied ein G\u00e4nsebl\u00fcmchen durchs Autofenster gereicht. Ist das die Strafe daf\u00fcr, dass wir unsere Tochter in Sicherheit gebracht haben?Ich wei\u00df nun, was wir tun m\u00fcssen, um diesem Horror ein Ende zu bereiten. Maria hat geweint, als ich ihr davon erz\u00e4hlte, aber sie sieht es so wie \u0001 \u0002 Gott, wir haben doch nichts Falsches getan!Ich bin jetzt ganz \u0001 \u0002 mir, mein Kind. Verzeih mir...Wir lieben \u0001 \u0002 Houlton Pioneer Times, 3. September 1962Ein NachrufVon James CartwellAls Nicholas Montanari vor 11 Jahren bei mir vorstellig wurde und sich um einen Posten in unserer Redaktion bewarb, zeichnete sich gleich ab, welch enge Freundschaft uns in den kommenden Jahren verbinden sollte. Er war jung, gutaussehend und gerade erst Vater geworden und er strotzte vor Energie und einem Charme, der sich in Zukunft in seinem Job als Redakteur bei der Houlton Pioneer Times noch bezahlt machen w\u00fcrde. Er hatte eine bestimmte Art mit Menschen umzugehen, die daf\u00fcr sorgte, dass ihm die Leute bereitwillig Dinge anvertrauten, die sie wahrscheinlich nicht mal ihrem Priester erz\u00e4hlt h\u00e4tten. Sowohl er als auch seine Frau Maria waren in Houlton aufgewachsen, bevor sie gemeinsam nach New York gegangen waren, um dort zu studieren. Als ich ihn einmal fragte, warum sie zur\u00fcckgekommen seien, meinte er, er k\u00f6nne sich keinen sch\u00f6neren Ort vorstellen, um seine Tochter Melissa gro\u00dfzuziehen. Melissa, die f\u00fcr mich im Laufe der Jahre wie eine Nichte wurde, war schon immer ein aufgewecktes, intelligentes und fr\u00f6hliches Kind. Uns, das Team der Houlton Pioneer Times, schmerzt es sehr, nicht nur Abschied von Nicholas und seiner Frau nehmen zu m\u00fcssen, sondern auch von Melissa, die nach dem Tod der Eltern bei ihrer Tante in New York aufwachsen wird. F\u00fcr mich ist Houlton nun etwas dunkler geworden. Das Fingerspitzengef\u00fchl, mit dem sich Nicholas Montanari den schlimmsten Verbrechen, die in unserer kleinen Stadt je passiert sind, angenommen hat, zeigen, wie schwer sein Verlust wiegt. Und so hat der Community Park-Killer schlie\u00dflich auch Nicholas und Maria Montanari zur Strecke gebracht. In ihrem Kummer \u00fcber die f\u00fcrchterliche Ermordung unschuldiger M\u00e4dchen haben die beiden den Entschluss getroffen, ihrem Leben ein Ende zu setzen. Nicholas war mir stets ein guter, ehrlicher und loyaler Freund. Ich werde ihn und seine Familie schmerzlich vermissen.",
            "wordcount": "6.122",
            "chapter_release": "23.02.2017",
            "chapter_number": "1"
        },
        "2": {
            "text": "Heimat ist der Duft unserer Erinnerungen\u00a9 Anke Maggauer-Kirsche\u201eWie f\u00fchlen Sie sich heute?\u201cAbgenutzt ist das erste Wort, das Melissa in den Sinn kommt. Es ist immer das erste Wort. Zw\u00f6lf Jahre Therapie: Drei Stunden w\u00f6chentlich in den ersten zwei, zwei Stunden w\u00f6chentlich in den folgenden sechs und in den letzten vier Jahren dann eine Stunde die Woche. Anfangs musste sie eine ganze Menge kleiner, bunter Pillen schlucken. Um nachts schlafen zu k\u00f6nnen und um tags\u00fcber nicht einzuschlafen. Gegen die Angst und gegen die Antriebslosigkeit. Zwei kleine, gelbe Pillen, um die Stimmung zu stabilisieren und zu verhindern, dass sie pl\u00f6tzlich auf die Idee kam, sich vor die U-Bahn zu schmei\u00dfen, mit der sie t\u00e4glich zur Universit\u00e4t fuhr. All die leuchtend orangefarbenen Pillendosen in ihrem Arzneimittelschr\u00e4nkchen, aufgereiht wie eine Truppe Pfadfinder, die ihr durch den Tag helfen w\u00fcrde. Allzeit bereit. Wenn sie heute in ihr Schr\u00e4nkchen sieht, findet sie dort nur noch 3 Arzneimittel vor: Eine Packung Rennie gegen das Sodbrennen als Folge des jahrelangen Medikamentenkonsums, eine gro\u00dfe Flasche Aspirin und ein kleines D\u00f6schen Xanax, auf das in der krakeligen Handschrift ihre Apothekers \u201eBei Bedarf\u201c geschrieben \u0001 \u0002 \u0001 \u0002 Pillen mehr, die sie nehmen muss, sondern nur noch solche, die sie nehmen kann, wenn sie sie braucht. Das war das Ziel, das sie sich gemeinsam mit Doktor Miller vor zw\u00f6lf Jahren gesteckt hat. Und gemeinsam haben sie dieses Ziel erreicht. Heute, an ihrem letzten Tag als seine Patientin, nimmt sie sich die Zeit, Henry Miller genau zu mustern. Diesen Mann, der sie die letzten zw\u00f6lf Jahre ihres Lebens begleitet hat. Genauso wie sie ihn begleitet hat, was seltsam ist, da sie nahezu nichts von ihm wei\u00df. Er war noch sehr jung f\u00fcr einen Arzt mit eigener Praxis, als sie damals, nach diesem schrecklichen Vorfall in einer ihrer Vorlesungen, gezwungen war, die Therapie bei ihm zu beginnen. Oder jedenfalls glaubt sie das, sie hat ihn schlie\u00dflich nie nach seinem Alter gefragt. Sie wei\u00df, dass er einmal eine Katze besessen haben muss, weil er vor ein paar Jahren regelm\u00e4\u00dfig mit zerkratzten H\u00e4nden vor ihr sa\u00df, aber vielleicht ist seine Katze inzwischen auch einfach alt geworden und nicht mehr besonders verspielt. Und sie wei\u00df, dass er einmal verheiratet gewesen ist. Sie hat ihn nie darauf angesprochen, zum einen, weil sie der Meinung ist, dass sie das wirklich nichts angeht und zum anderen weil sie sich daran erinnert, wie angespannt und m\u00fcde er ausgesehen hat, in der Zeit vor drei Jahren als der schmale Goldring an seinem Finger zwischen zwei ihrer Sitzungen einfach verschwand. Ob er Kinder hat, wei\u00df sie nicht und bis jetzt ist ihr auch nie in den Sinn gekommen, dar\u00fcber nachzudenken. Doch pl\u00f6tzlich dr\u00e4ngt sich diese Frage auf und bevor sie es verhindern kann, stolpern ihr die Worte aus dem Mund. \u201eHaben Sie Kinder?\u201cDie \u00dcberraschung \u00fcber diese sehr pers\u00f6nliche Frage, steht ihm ins Gesicht geschrieben. Sie kann f\u00f6rmlich sehen, wie es hinter seiner Stirn arbeitet und er dar\u00fcber nachdenkt, ob er sie beantworten soll. Schlie\u00dflich nimmt er die schlichte, schwarze Brille von der Nase, legt sie auf die Unterlagen auf seinem Scho\u00df, r\u00e4uspert sich und nickt dann kurz.\u201eEinen Sohn.\u201cSie sp\u00fcrt, dass sie mit ihrer Frage an dem professionellen Verh\u00e4ltnis r\u00fcttelt, das sie in den letzten zw\u00f6lf Jahren aufgebaut haben. Das Spielfeld ist immer sauber aufgeteilt gewesen. Er stellt Fragen, sie antwortet. Arzt und Patient eben und es widerstrebt ihr, etwas daran zu \u00e4ndern. Sie kann auch beim besten Willen nicht sagen, wo diese Neugier pl\u00f6tzlich herkommt. Aber es ist ihre letzte gemeinsame Stunde und der Gedanke, seine Praxis nach \u00fcber einem Jahrzehnt ein letztes Mal zu verlassen, ohne etwas \u00fcber ihn zu wissen, kommt ihr irgendwie falsch vor.\u201eWie alt ist er?\u201cWieder dauert es einen Moment, ehe Doktor Miller antwortet. Wahrscheinlich gehen ihm gerade \u00e4hnliche Gedanken durch den Kopf. Wahrscheinlich wiegt er, genauso wie sie, ab, ob es sch\u00e4dlich ist, die Grenzen des Spielfelds ein wenig zu verwischen. Er scheint zu demselben Ergebnis zu kommen wie sie, dass es n\u00e4mlich ziemlich egal ist, weil sie sich wahrscheinlich sowieso nie wiedersehen werden.\u201eEr ist letzten Monat dreizehn Jahre alt geworden.\u201c\u0001 \u0002 Monate vor ihrem dreizehnten Geburtstag hatten ihre Eltern beschlossen, sich mit einer 45er die Sch\u00e4del wegzupusten. Dreizehn ist ihr schlimmstes Jahr gewesen und die Gespr\u00e4che \u00fcber diese Zeit haben mit Sicherheit ein Drittel ihrer Therapie in Anspruch genommen. Ihre Tante Constanzia, die \u00e4ltere Schwester ihrer Mutter, bei der sie nach dem Tod ihrer Eltern untergekommen war, war nie wirklich warm mit ihr geworden. Das lag zum Teil sicher daran, dass sich Melissa nie besondere M\u00fche gegeben hatte, ein gutes Verh\u00e4ltnis zu ihr aufzubauen. Was aber wahrscheinlich die gr\u00f6\u00dfere Rolle gespielt hatte, war die Tatsache gewesen, dass sie ihrer Mutter zum Verwechseln \u00e4hnlich sieht. Der Schwester, der Constanzia so nahe gestanden und die sie nach ihrem Tod so schmerzlich vermisst hatte. Der Alltag war also gepr\u00e4gt gewesen von Streit, der unweigerlich immer darin geendet hatte, dass Melissas Tante in Tr\u00e4nen ausgebrochen war und ihr Undankbarkeit und Bosheit vorwarf. Melissa selbst hat seit dem Tod ihrer Eltern nur zweimal geweint. Das erste Mal als man ihr mitgeteilt hatte, dass sich Nick und Maria Montanari nur sieben Stunden nachdem sie ihre einzige Tochter in einen Zug nach New York gesetzt hatten, das Leben genommen hatten. Das zweite Mal als sie erfahren hatte, dass sie bei der Beerdigung ihrer Eltern in ihrer Heimatstadt nicht dabei sein durfte. Nach diesem tr\u00e4nenreichen Nachmittag, in der in der kleinen Wohnung ihrer Tante einiges zu Bruch gegangen war, hatte sie nie wieder geweint. Die Albtr\u00e4ume waren in diesem ersten Jahr bei ihrer Tante das Schlimmste gewesen. So schlimm, dass sie sich irgendwann nicht mehr getraut hatte, einzuschlafen. Die Erinnerungen an diese Zeit sind bruchst\u00fcckhaft aber intensiv und sorgen noch heute daf\u00fcr, dass sie ein leises, beklemmendes Gef\u00fchl \u00fcberkommt. Besser wurde es erst, nachdem sie sich angew\u00f6hnt hatte, in regelm\u00e4\u00dfigen Abst\u00e4nden den Schmerzmittelvorrat ihrer Tante zu pl\u00fcndern. Diese ersten drei oder vier Wochen, die sie in einem Zustand dauernder Taubheit verbracht hatte, waren himmlisch gewesen. Danach\u2026 Nun, danach war sie richtig abgest\u00fcrzt. Acht Jahre im freien Fall, bis sie vor zw\u00f6lf Jahren pl\u00f6tzlich aufgeschlagen war. Unwillig sch\u00fcttelt Melissa den Kopf und schiebt die Gedanken an ihre verkorkste Jugend beiseite. Dreizehn hat sie schon lange hinter sich gelassen. \u201eWar seine Geburtstagsfeier sch\u00f6n?\u201c\u201eDas nehme ich an\u201c, sagt Doktor Miller ruhig. \u201eIch war nicht da.\u201cSie will ihn nach dem Grund fragen und ihn gleichzeitig an den Schultern packen und sch\u00fctteln. Der Verlust ihrer Mutter ist schlimm, aber ertr\u00e4glich gewesen. Selbstverst\u00e4ndlich hat sie sie geliebt, aber ihren Vater hat sie verehrt. Sein Verlust hat sie zerst\u00f6rt. Sie will ihm sagen, wie wichtig ein Vater f\u00fcr ein Kind ist. Sie l\u00e4sst es bleiben. Das geht sie nun wirklich nichts \u0001 \u0002 Doktor Miller begreift, dass er keine Antwort zu erwarten hat, greift er nach der Brille, die noch immer auf den Unterlagen auf seinem Scho\u00df ruht und setzt sie sich zur\u00fcck auf die Nase. Es ist, als h\u00e4tte er ein Buch ger\u00e4uschvoll zugeschlagen, in dem sie gemeinsam einige S\u00e4tze gelesen haben. Als w\u00fcrde er sagen: \u201eZur\u00fcck zur Professionalit\u00e4t. Sie sind die Patientin, Melissa und ich ihr Arzt.\u201cWas er allerdings tats\u00e4chlich sagt ist:\u201eWie f\u00fchlen Sie sich heute?\u201cEinen Moment lang schaut sie ihm in die Augen, dann wandert ihr Blick durch den Raum. Kurz bleibt er an dem gro\u00dfen, schweren Schreibtisch aus dunklem Holz h\u00e4ngen, der vor dem einzigen gro\u00dfen Fenster steht. Die Jalousien sind zu zwei Dritteln heruntergelassen. Das Licht im Raum ist d\u00e4mmrig und gem\u00fctlich. In der Mitte, in der auch die beiden bequemen Ledersessel stehen, in denen sie w\u00e4hrend ihrer Therapiestunden immer sitzen, bedeckt ein Perserteppich den dunklen Holzfu\u00dfboden. Zu Melissas Linken steht ein t\u00e4uschend echt aussehender Dekokamin an der Wand. Dar\u00fcber eine Kopie von van Goghs Sonnenblumen. Als Doktor Millers Stimme erneut erklingt, betrachtet sie noch immer das Bild und auch w\u00e4hrend sie ihm antwortet, wendet sie den Blick nicht davon ab.\u201eWie f\u00fchlen Sie sich heute, Melissa?\u201cAbgenutzt.\u201eGut, Doktor.\u201c~*~An ihrem letzten Abend in New York sitzt Melissa auf dem kleinen aber gem\u00fctlichen Balkon ihrer Zweizimmerwohnung in Brooklyn und sieht der Sonne dabei zu, wie sie hinter den D\u00e4chern der H\u00e4user verschwindet und den Himmel dabei in ein sattes Orangerot taucht. Der Sommer hat gerade erst begonnen, bis zu den Sommerferien wird es noch ein paar Wochen dauern und so sind die einzigen Menschen, die um diese Uhrzeit noch auf der Stra\u00dfe unterwegs sind, einige wenige Arbeiter auf dem Nachhauseweg. Bald wird es Abends auf der Stra\u00dfe von Kindern nur so wimmeln, die, die Nerven ihrer Eltern strapazierend, den Tag bis auf den letzten Sonnenstrahl ausnutzen werden. Auf Melissas Scho\u00df liegt ein Stapel alter Ausgaben der Houlton Pioneer Times von 1962, die letzte Woche mit der Post gekommen sind und die sie bisher noch nicht hat durchsehen k\u00f6nnen... Oder wollen. Auch jetzt str\u00e4ubt sich in ihr etwas dagegen, also z\u00f6gert sie den Moment noch ein wenig weiter hinaus, indem sie einen Schluck aus dem Weinglas nimmt, das sie zuvor auf der Armlehne ihres Korbstuhls abgestellt hat. Mit jeder Sekunde, die sie wartet, scheinen die Zeitungen auf ihrem Scho\u00df schwerer und schwerer zu werden. Der Brief, der zusammen mit ihnen bei ihr eingetroffen ist, liegt im Wohnzimmer. Irgendwo zwischen all den vollgepackten Umzugskartons, die am n\u00e4chsten Tag in der Fr\u00fch von einem Umzugsunternehmen abgeholt und zu ihrem neuen Wohnort transportiert werden sollen. Ihrem neuen alten Wohnort. Sie hat den Brief in den letzten sieben Tagen so oft gelesen, dass sie seinen Inhalt auswendig aufsagen kann und tats\u00e4chlich hat sie an dem Abend, an dem sie ihn zum ersten Mal gelesen hat, dar\u00fcber nachgedacht, die ganze Sache doch noch abzublasen. Vielleicht liegt Cartwell richtig, wenn er ihr schreibt, dass sie im Begriff ist, eine T\u00fcr zu \u00f6ffnen, die ihre Eltern vor zwanzig Jahren nicht grundlos fest verschlossen haben. Und zeigt ihre Unf\u00e4higkeit, die Zeitungsartikel ihres Vaters zu lesen, nicht, dass sie auch jetzt noch davor zur\u00fcckschreckt, diese T\u00fcr zu \u00f6ffnen? Denn im Grunde genommen ist es doch ganz einfach: Der Umzug ist die T\u00fcr und die Zeitungsartikel der Schl\u00fcssel. Den Schl\u00fcssel ins Schloss zu stecken und ihn rumzudrehen, bedeutet, die T\u00fcr aufzusto\u00dfen. Und wenn sie auch vieles nicht wei\u00df, so ist sie sich doch sicher, dass ihr, sobald die T\u00fcr erst einmal offen steht, nichts anderes \u00fcbrigbleiben wird, als \u00fcber die Schwelle zu treten. Bleibt eigentlich nur noch die Frage, was sich hinter der T\u00fcr \u0001 \u0002, selbstverst\u00e4ndlich. \u0001 \u0002 nimmt sie noch einen Schluck von ihrem Wein und greift nach der Zeitung die ganz oben auf dem Stapel \u0001 \u0002 doch einfach drauf. ~*~Ruckelnd bahnt sich die Downeaster 691 nach Brunswick ihren Weg in Richtung Portland. Melissa sitzt in einem Abteil der zweiten Klasse. Hin und wieder wirft sie einen Blick aus dem Fenster und versucht die aufkeimende Panik zu unterdr\u00fccken. Was hilft, ist das Wissen um das kleine D\u00f6schen Beruhigungstabletten, welches sich in ihrer Handtasche aus schwarzem Leder befindet. Die ersten zwei Stunden hat sie das Abteil f\u00fcr sich allein gehabt. Immer dann, wenn das beklemmende Gef\u00fchl in ihrer Brust unertr\u00e4glich geworden ist, hat sie das R\u00f6hrchen in die Hand genommen und an den R\u00e4ndern des Etiketts herumgeknibbelt, bis sie wieder freier atmen konnte. Doch inzwischen sitzt ihr ein \u00e4lterer Herr in einem ordentlich geb\u00fcgelten, braunem Baumwollanzug gegen\u00fcber. Also bleibt das D\u00f6schen in der Tasche.\u201eBei Bedarf\u201c, denkt sie, schlie\u00dft die Augen und legt den Kopf zur\u00fcck. \u201eNoch nicht. Noch nicht...\u201c\u201eGeht es Ihnen gut, Miss?\u201cEinen kurzen Moment lang bef\u00fcrchtet sie, ihre Gedanken laut ausgesprochen zu haben. Als sie die Augen \u00f6ffnet, sieht sie, wie ihr Mitfahrer sie besorgt mustert. Sich r\u00e4uspernd wischt sie sich eine ihrer dunklen Locken aus der Stirn.\u201eUmzugsstress\u201c, murmelt \u0001 \u0002 Gegen\u00fcber l\u00e4chelt, was ihn aussehen l\u00e4sst, wie einen freundlichen Gro\u00dfvater. An einem anderen Tag, in einem anderen Zug, h\u00e4tte sie sicher das Gespr\u00e4ch mit ihm gesucht. Sie ist Journalistin, demnach immer auf der Suche nach guten Geschichten und er sieht aus, als h\u00e4tte er einige davon auf Lager. Doch es ist einfach der falsche Zeitpunkt. Also l\u00e4chelt sie nur kurz und zuckt mit den Schultern. Als er ihr einen fragenden Blick zuwirft, lehnt sie sich abermals zur\u00fcck und wendet ihre Aufmerksamkeit dem Fenster und der Landschaft zu, die in schwindelerregendem Tempo daran vor\u00fcberzieht. Es ist 15:00 Uhr. Wenn sie in ein paar Stunden in Portland in den Mietwagen steigt, den sie bereits vor Wochen bei Avis reserviert hat, w\u00fcrde die Sonne schon fast untergegangen sein. Etwa zur selben Zeit d\u00fcrften die Angestellten des Umzugsunternehmens die wenigen M\u00f6bel und Kisten, die sie aus New York mitgebracht hat, in das Haus ihrer Eltern \u0001 \u0002 Haus ihrer Eltern. Wenn sie die Augen schlie\u00dft, kann sie es genau vor sich sehen. So als w\u00e4re sie erst gestern das letzte Mal die bepflasterte Einfahrt enlanggegangen. Sie kann die Rosen riechen, die ihre Mutter zu beiden Seiten der wei\u00dfen Stufen, die zur vorderen Veranda und der Eingangst\u00fcr aus dunklem Holz f\u00fchren, eingepflanzt hatte. Und sie kann das leise Quietschen h\u00f6ren, das die Eingangst\u00fcr von sich gibt, wenn man sie \u00f6ffnet. Der Geruch nach M\u00f6belpolitur steigt ihr in die Nase und fast kann sie den weichen Teppich unter ihren F\u00fc\u00dfen sp\u00fcren, der auf den dunklen Dielen des Eingangsbereichs lag. Wenn sie als Kind von der Schule nach Hause kam, hatte sie immer zuerst ihre Schuhe und Socken ausgezogen und sich auf den Teppich gestellt. Weil sie das Gef\u00fchl mochte, wie ihre F\u00fc\u00dfe zur H\u00e4lfte in den flauschigen Fasern versanken. Dort stand sie dann, manchmal mehrere Minuten, die Zehen im Teppich vergraben, bis ihre Mutter aus der K\u00fcche kam, wo sie bereits das Abendessen zubereitete, und sie sah. In ihrem Kopf erklingt die Stimme ihrer Mutter, die sie als kleines M\u00e4dchen so oft in den Schlaf gesungen hat und hinter ihren geschlossenen Lidern schie\u00dfen ihr die Tr\u00e4nen in die Augen.\u201eMelissa Nicoletta Montanari, was tust du da?\u201c Die Frage ist nie ernstgemeint gewesen. Maria Montanari hatte immer genau gewusst, was ihre Tochter da tat, weil man das selbe Schauspiel n\u00e4mlich jeden Abend bei ihrem Mann hatte beobachten \u0001 \u0002 f\u00e4ngt Melissa an, auf ihrer Unterlippe herumzukauen. Eine Angewohnheit, die sie eigentlich schon vor Jahren in den Griff bekommen \u0001 \u0002 Vater. Er ist ihr Held gewesen. Jeden Abend hat sie aufgeregt und voller Vorfreude in seinem Arbeitszimmer darauf gewartet, dass er nach Hause kam. Sobald er das Zimmer dann betrat, nahm er seinen dunkelbraunen Fedora ab, in dem sogar noch sein Presseausweis steckte und setzte ihn Melissa auf den Kopf. Dann nahm er ihr gegen\u00fcber hinter seinen Schreibtisch platz, der \u00fcber und \u00fcber mit alten Zeitungen und Akten bedeckt gewesen ist und verbrachte die Stunde, die es noch dauern w\u00fcrde, bis das Abendessen auf dem Tisch stand, damit, ihr von seinem Tag zu berichten. Gemeinsam gingen sie aktuelle F\u00e4lle durch. Was Melissa an diesen allabendlichen Gespr\u00e4chen am meisten genoss, war die Tatsache, dass ihr Vater Wert auf ihre Meinung legte. Und der unverkennbar stolze Blick von ihm, wenn sie Schlussfolgerungen anstellte, zu denen auch er schon gekommen \u0001 \u0002 war ihre Mutter nicht sehr begeistert davon gewesen, dass Nicholas seiner Tochter so einen genauen Einblick in seine Arbeit gab. Irgendwann hatte sie es dann aber aufgegeben, sich dar\u00fcber zu beschweren und sich damit abgefunden. Diese Stunden mit ihrem Vater waren der absolute H\u00f6hepunkt ihrer Kindheit. Bis die Leiche von Susannah Swan gefunden worden war. Pl\u00f6tzlich hatte ihr Vater keine Zeit mehr f\u00fcr sie gehabt und sie hinausgeschickt, wenn er sich abends in sein Arbeitszimmer zur\u00fcckzog. Sie erinnert sich daran, wie m\u00fcde und gehetzt er in den letzten Monaten vor seinem Tod gewirkt hat. Und wie gereizt er gewesen ist. Auch ihr gegen\u00fcber. Trotz der warmen Sonnenstrahlen, die durch das Fenster ins Abteil scheinen, f\u00e4ngt Melissa pl\u00f6tzlich an zu frieren. ~*~Es ist ihr erster Tag auf der Junior High School. W\u00e4hrend all die anderen Kinder um sie herum begeistert den Steckbrief ausf\u00fcllen, den Miss Cutter am Anfang der Stunde an sie verteilt hat, zupft Melissa an einem der hellblauen B\u00e4nder, die ihre Mutter ihr an diesem Morgen, passend zum Kleid, in die Haare geflochten hat und starrt aus dem Fenster. Es ist der erste September und die Bl\u00e4tter an den B\u00e4umen, die \u00fcberall auf dem gro\u00dfen Schulhof stehen, beginnen bereits sich braun zu f\u00e4rben. Sie hat sich lange darauf gefreut, endlich auf die Junior High zu kommen, doch jetzt, wo es so weit ist, f\u00fchlt sie sich von all den neuen Eindr\u00fccken wie erschlagen. Sie w\u00fcnscht sich die alte Vertrautheit der vierten Klasse zur\u00fcck. \u00dcberhaupt hat sie das Gef\u00fchl, nicht hierher zu passen. Sie ist die Kleinste in der Klasse. Die anderen M\u00e4dchen wirken viel \u00e4lter und reifer auf sie. Au\u00dfer ihr tr\u00e4gt keines von ihnen ein Kleid. Seufzend richtet sie den Blick auf ihre Sitznachbarin. Sie sieht ihr so \u00e4hnlich, dass sie ihre Schwester sein k\u00f6nnte. Allerdings ist sie nicht herausgeputzt wie eine Puppe, sondern tr\u00e4gt eine dieser Stoffhosen mit hohem Bund, welche derzeit so modern sind. Ihre dunkelbraunen Haare tr\u00e4gt sie offen und immer wenn sie sich \u00fcber das Blatt Papier beugt, das vor ihr auf dem Tisch liegt, verdecken sie den Blick auf ihr Gesicht.\u201eStimmt etwas nicht, Melissa?\u201cSie zuckt zusammen, als die glockenhelle Stimme ihrer Lehrerin sie aus ihren Gedanken rei\u00dft. Sie hat \u00fcberhaupt nicht gemerkt, wie sie durch den Klassenraum auf sie zugekommen und vor ihrem Tisch in die Hocke gegangen ist. Sie mag Miss Cutter, die noch sehr jung und unglaublich h\u00fcbsch ist. Aber das \u00e4ndert nichts daran, dass sie sich unwohl f\u00fchlt und hofft die Stunde w\u00e4re bald rum, damit sie nach Hause kann.\u201eDu f\u00fcllst deinen Steckbrief ja gar nicht aus. Geht es dir nicht gut?\u201c\u201eI..Ich wei\u00df nicht...\u201c, sagt sie und pl\u00f6tzlich brennen Tr\u00e4nen in ihren Augen. Sie blinzelt sie weg. \u201eIch glaube schon...\u201cL\u00e4chelnd nimmt Miss Cutter eine ihrer H\u00e4nde in ihre. Ihre goldblonden Haare in Kombination mit den hellblauen Augen lassen sie wie einen Engel aussehen. Aber sie will trotzdem nach Hause. Inzwischen muss sie sich tats\u00e4chlich zusammenrei\u00dfen, um nicht sofort aufzustehen und aus dem Klassenzimmer zu st\u00fcrmen.\u201eEs muss dir wirklich nicht peinlich sein, Liebes. Es ist normal, wenn man nach einem Schulwechsel erstmal traurig ist und seine alten Lehrer und Klassenkameraden vermisst. Sieh Mal...\u201c Sie wirft einen kurzen Blick auf ihre Sitznachbarin, dann l\u00e4chelt sie Melissa wieder an. \u201eWenn du nicht wei\u00dft, was du schreiben sollst, wie w\u00e4re es, wenn du dich einfach ein bisschen mit Andrea hier unterh\u00e4ltst und ihr etwas \u00fcber dich erz\u00e4hlst? Vielleicht f\u00e4llt es dir dann leichter. Ich bin sicher, Andrea w\u00fcrde dir gern helfen.\u201cNeben ihr regt sich Andrea und pl\u00f6tzlich wei\u00df Melissa, dass etwas nicht stimmt. Ein Geruch nach verfaultem Laub und feuchter Erde steigt ihr in die Nase, so intensiv als l\u00e4ge sie mit dem Gesicht nach unten in einem Wald. \u201eSIEH NICHT HIN! SIEH NICHT HIN!\u201c, schreit eine Stimme in ihrem Kopf, doch ihr K\u00f6rper gehorcht ihr nicht mehr. In dem Moment, in dem sie Andreas Gesicht sieht, oder das, was davon \u00fcbrig ist, entf\u00e4hrt ihr ein spitzer Schrei. Keuchend versucht sie, ihre Hand Miss Cutters Griff zu entziehen und aufzustehen, doch diese h\u00e4lt sie nun so fest, dass sich ihre Fingern\u00e4gel in Melissas weiche Haut graben. Dort, wo eigentlich das h\u00fcbsche Gesicht eines elfj\u00e4hrigen M\u00e4dchens sein sollte, befindet sich nur ein schreckliches Wirrwarr an tiefen Schnitten. Sie kann rohes Fleisch sehen, herabh\u00e4ngende Haut und hier und da sogar blanken Knochen. Ihr linkes Auge, das irgendwann einmal braun gewesen sein muss, ist milchig wei\u00df, das rechte fehlt. Melissas Magen krampft sich schmerzhaft zusammen und ein leises St\u00f6hnen entringt sich ihrer Kehle. In Andreas feuchtem Haar h\u00e4ngen faule Bl\u00e4tter. Pl\u00f6tzlich bewegt sich das Gesicht und mit Entsetzen stellt Melissa fest, wie sie versucht zu sprechen. Was aus dem gro\u00dfen, schwarzen Loch in der unteren H\u00e4lfte ihres Gesichts herauskommt, ist allerdings nicht mehr als ein schreckliches Gurgeln und Rasseln und ein Gestank, der so schlimm ist, dass Melissa das dringende Bed\u00fcrfnis versp\u00fcrt, sich schwallartig auf den Boden des Klassenzimmers zu \u00fcbergeben. \u201eSie sieht aus als\u2026 als...\u201c, denkt sie und die Stimme in ihrem Kopf schreit: \u201eRASENM\u00c4HER! RASENM\u00c4HER!\u201c\u201eSiehst du? Sie sagt, sie w\u00fcrde dir gern helfen\u201c, ert\u00f6nt Miss Cutters Stimme, die nun gar nicht mehr nett klingt. Den Blick nicht von Andreas Gesicht abwenden k\u00f6nnend, schluchzt Melissa leise.\u201eIch m\u00f6chte jetzt gehen...\u201c, wimmert sie. Sie wei\u00df, dass sie gerade wie ein kleines Baby klingt, aber das st\u00f6rt sie \u00fcberhaupt nicht. \u201eIch m\u00f6chte nach Hause.\u201cDer Griff um ihre Hand wird noch fester.\u201eAch, sei keine Gans, Melissa!\u201cDie Stimme ihrer Lehrerin, vor einer Minute noch so sanft und melodisch, hat jetzt mehr \u00c4hnlichkeit mit dem Fauchen einer Katze. Einer sehr b\u00f6sen Katze.\u201eAndrea kann nun wirklich nichts daf\u00fcr, dass man sie so zugerichtet hat. Du solltest dankbar sein, dass sie sich bereiterkl\u00e4rt, dir zu helfen, wo sie doch wirklich jeden Grund h\u00e4tte, sehr, sehr w\u00fctend auf dich zu sein. Nicht wahr, Kinder?\u201cSie kann das Nicken der kleinen Kinderk\u00f6pfe f\u00f6rmlich sp\u00fcren, w\u00e4hrend ihr Blick nach wie vor an dem v\u00f6llig zerst\u00f6rten Gesicht von Andrea Mills h\u00e4ngt. Hinter ihr zischt jemand das Wort \"Gans\". Immer und immer wieder.\u201eIch habe doch nichts getan\u201c, sagt sie leise, aber tief in ihrem Inneren, wei\u00df sie, was gleich kommen wird. Was man ihr vorwerfen wird.\u201eOooohhh, neeeiiin\u201c, sagt Miss Cutter und die Art, wie sie die Worte in die L\u00e4nge zieht, treibt Melissa abermals die Tr\u00e4nen in die Augen. Diesmal unterdr\u00fcckt sie sie nicht.\u201eDu hast nichts getan. Aber wei\u00dft du\u2026 Die kleine Andrea hatte keinen William, der auf sie aufgepasst hat. Sie hatte niemanden, der bei ihr war, w\u00e4hrend sie sich zuhause feige versteckt hat\u2026 Melissa, Melissa, Melissa...\u201c Sie schnalzt missbilligend mit der Zunge. \u201eAber ich glaube, wir k\u00f6nnen dir verzeihen. Ich denke, wenn du erst einmal so h\u00fcbsch aussiehst, wie unsere Andy\u2026 Wenn du das bekommen hast, was du verdienst\u2026 dann k\u00f6nnen wir dir wirklich verzeihen.\u201cAus dem Augenwinkel sieht sie, wie Miss Cutter die Hand hebt, mit der sie sie nicht festh\u00e4lt. Ein Funkeln, als ein Sonnenstrahl auf blanken Stahl trifft. Ein Messer? Oder eine Schere? Sie wei\u00df es nicht. Was sie allerdings wei\u00df, ist dass sie bald so aussehen wird, wie Andrea, wenn sie nicht schnellstm\u00f6glich von hier verschwindet. Als Andrea die Hand nach ihr ausstreckt, im Begriff, sie an der Schulter zu packen, kann sie abgebl\u00e4tterten, roten Nagellack auf den eingerissenen und schmutzigen Fingern\u00e4geln erkennen. Ihre Hand sieht aus wie etwas, was mindestens einige Wochen unter der Erde verbracht hat. Andreas tote Finger ber\u00fchren die Haut ihrer Schulter. Melissa beginnt zu schreien und um sich zu schlagen. Das Zischen ist jetzt \u00fcberall um sie herum. Ganssss! Ganssss! Ganssss! Endlich l\u00f6st sich der Griff ihrer Lehrerin um ihre Hand, doch die Erleichterung dar\u00fcber h\u00e4lt nicht lange an. Sie schafft es nicht einmal, sich von ihrem Stuhl zu erheben, als sich Miss Cutters Hand schmerzhaft fest um ihr Kinn schlie\u00dft. Dann, endlich, erklingt die Schulglocke. Einen kurzen Moment, ist sich Melissa sicher, dass man sie jetzt loslassen wird und sie nach Hause gehen darf. Stattdessen kann sie jetzt erkennen, womit man ihr das Gesicht zerschneiden will, weil die Spitze der gro\u00dfen Kleiderschere schon beinahe ihre Haut ber\u00fchrt. W\u00e4hrend ihr dicke Tr\u00e4nen \u00fcber die Wangen laufen und auf den Stoff ihres sch\u00f6nen, hellblauen Sommerkleides tropfen, kreischt die Stimme in ihrem Kopf: \u201eDIE SCHULE IST JETZT AUS! DIE SCHULE IST JETZT AUS! DIE SCHULE\u2026.\u201cRuckartig schreckt Melissa aus dem Schlaf und im ersten Moment wei\u00df sie nicht, wo sie ist. Um sie herum herrscht absolute Dunkelheit und in ihrem Kopf kann sie noch immer das Klingeln der Schulglocke h\u00f6ren, so laut, dass sie das Gef\u00fchl hat, ihre Trommelfelle m\u00fcssen jeden Moment platzen. Benommen f\u00e4hrt sie sich mit einer Hand ins Gesicht, fast sicher, sie m\u00fcsse dort auf rohes Fleisch und zerrissene Haut treffen, doch das Einzige was sie sp\u00fcrt, ist kalter Schwei\u00df. Und dann wird ihr klar, wo sie sich befindet. Sie liegt im Bett eines Einzelzimmers des Houlton Inn. Und das Klingeln ist nicht in ihrem Kopf und kommt auch nicht von der Schulglocke der Junior High School, sondern hat seinen Ursprung auf dem kleinen Nachttisch neben ihrem Bett. Das Telefon klingelt. Den sauren Geschmack in ihrem Mund und das dumpfe Pochen in ihrem Kopf ignorierend, angelt sie blind nach dem H\u00f6rer. Als sie ihn endlich findet, hebt sie ab und h\u00e4lt ihn sich ans Ohr. \u201eJa?\u201c\u201eMelissa? Hab ich dich geweckt? Ich bin's, Jame...\u201c\u201eHallo, Onkel Jim\u201c, murmelt sie. Sie hat seine Stimme 20 Jahre lang nicht geh\u00f6rt, aber die Stimmen, die man in der Kindheit am meisten geliebt hat, vergisst man nie.\u201eGeht es dir gut? Du klingst f\u00fcrchterlich...\u201cLangsam l\u00f6st sich der Knoten in ihrer Brust. Als sie sich aufsetzt und ihre F\u00fc\u00dfe den weichen Teppichboden des Hotelzimmers ber\u00fchren, ist der Drang, sich hinter das Steuer ihres Mietwagens zu setzen und so viele Meilen zwischen sich und Houlton zu bringen, wie der Inhalt des Tanks es zul\u00e4sst, fast vollst\u00e4ndig abgeklungen.\u201eJa\u2026 Ja, klar. Alles okay. Was gibt\u2019s?\u201cAm anderen Ende der Leitung erklingt ein rauhes Lachen.\u201eGenau so klang dein Vater auch immer, wenn ich ihn aus dem Schlaf gerissen habe. Lust auf ein anst\u00e4ndiges Fr\u00fchst\u00fcck?\u201cSie kann sich nicht vorstellen, dass sie mehr herunterbekommen wird, als eine Tasse Kaffee. Nicht nach so einem Traum und erst recht nicht, nachdem sie gleich an ihrem ersten Tag in ihrer Heimatstadt mit ihrem Vater verglichen wird. Vorsichtig steht sie auf, nimmt den Telefonapparat in die Hand und klemmt sich den H\u00f6rer zwischen Ohr und Schulter ein, bevor sie sich langsam durch das Zimmer tastet, bis sie schweren Stoff zwischen den Fingern sp\u00fcrt. Seufzend zieht sie die schweren Vorh\u00e4nge zur Seite und blinzelt, als helles Sonnenlicht ins Zimmer str\u00f6mt und sie einen Augenblick lang blendet.\u201eWo?\u201c, fragt sie und l\u00e4sst sich von der Sonne das Gesicht w\u00e4rmen.\u201eIn der Main Street gibt es einen Diner. Ecke Court Street, da wo fr\u00fcher die \u00c4nderungsschneiderei war, falls du dich daran erinnerst. Sagen wir in zwanzig Minuten?\u201cSie erinnert sich. Ihr Vater hat dort fr\u00fcher immer seine Hosen \u00e4ndern lassen. Bis zur Main Street d\u00fcrfte sie um diese Uhrzeit nicht l\u00e4nger als zehn Minuten brauchen. Aber sie sollte vorher unbedingt noch duschen.\u201eIn einer halben Stunde.\u201c\u201eSch\u00f6n.\u201c Er scheint sich ehrlich zu freuen. Trotz seines Versuchs sie davon abzuhalten nach Houlton zur\u00fcckzukehren. \u201eEs ist sch\u00f6n, dass du wieder da bist, Kleines.\u201cMelissa l\u00e4chelt.\u201eWir werden sehen\u201c, sagt sie. Wir werden sehen.~*~F\u00fcnfundvierzig Minuten sp\u00e4ter parkt Melissa ihren Wagen unweit des Diners, in dem James Cartwell wahrscheinlich schon auf sie wartet. Sie hat den Verkehr v\u00f6llig untersch\u00e4tzt. In ihren Erinnerungen hat Houlton immer etwas von einer verschlafenen Kleinstadt gehabt. Eine Kleinstadt ist sie nach wie vor, die Bev\u00f6lkerung schrumpft seit zwanzig Jahren kontinuierlich, aber verschlafen wirkt sie nun nicht mehr. Vieles hat sich ver\u00e4ndert, seit sie die Stadt verlassen musste, das ist ihr auf dem kurzen Weg in die Innenstadt sofort aufgefallen. An der Stelle, an der fr\u00fcher Al's Feinkostladen gestanden hat, befindet sich jetzt ein Tesco. Und auch der alte Drugstore an der Kendall Street, wo es in ihrer Kindheit den besten Erdbeermilchshake des gesamten Bundestaates gegeben hat, ist durch eine Filiale einer gro\u00dfen Apothekenkette ersetzt worden. Seufzend stellt sie den Motor des Wagens aus, zieht den Z\u00fcndschl\u00fcssel ab und steigt aus, um die letzten Meter bis zum Diner zu laufen. Doch kaum hat sie sich einige Schritte von ihrem Auto entfernt, erklingt hinter ihr eine Stimme, die ihr vage bekannt vorkommt. \u201eKaum hier und schon verst\u00f6\u00dft du gegen die Stra\u00dfenverkehrsordnung. Das f\u00e4ngt ja gut an...\u201cAls sie sich umdreht, blickt sie in ein Paar warmer, hellbrauner Augen und sie wei\u00df auf der Stelle, mit wem sie es zu tun hat. Keine zwei Meter von ihr entfernt steht William Jenner l\u00e4ssig an die Wand eines gro\u00dfen Backsteinhauses gelehnt und schaut sie gespielt missbilligend an. Ihr Herz rutscht ihr in die Hose und schlagartig werden ihre Handfl\u00e4chen \u0001 \u0002 hat nicht damit gerechnet, ihm so kurz nach ihrer Ankunft zu begegnen. Tats\u00e4chlich ist sie davon ausgegangen, dass er gar nicht mehr in Houlton lebt. Oft genug hat er als dreizehnj\u00e4hriger Junge gesagt, er werde die Stadt gleich nach der High School \u0001 \u0002 nun steht er vor ihr. Ein schiefes L\u00e4cheln im unrasierten Gesicht, ein wei\u00dfes, zerknittertes Hemd, eine Krawatte locker um den Hals und die H\u00e4nde in den Taschen seiner schwarzen Hose vergraben. Sein dunkelblondes Haar ist etwas zu lang, was ihn noch zus\u00e4tzlich aussehen l\u00e4sst, als h\u00e4tte er eine Weile im Auto \u00fcbernachtet. Dummerweise steht ihm all das ausgezeichnet, was sie im Moment so gar nicht gebrauchen kann. \u201eKennen wir uns?\u201c\u201eAutsch\u201c, sagt er und greift sich in gespielter Verletztheit an die Brust. \u201eDa wartest du zwanzig Jahre darauf, dass deine beste Freundin zu dir zur\u00fcckkehrt und dann bricht sie dir so kaltbl\u00fctig das Herz...\u201cGenervt verzieht Melissa das Gesicht, so wie sie es auch fr\u00fcher immer getan hat, wenn er ganz besonders albern gewesen ist. Schlie\u00dflich seufzt sie, nimmt die gro\u00dfe dunkle Sonnenbrille ab, ohne die sie vor dem ersten Kaffee nie das Haus verl\u00e4sst und steckt sie an den Kragen ihrer dunkelgr\u00fcnen Seidenbluse.\u201eWas willst du, Will?\u201cEr grinst.\u201eSchon besser. Ich habe eben James Cartwell getroffen. Er meinte, er sei mit dir verabredet, also dachte ich, ich warte hier auf dich.\u201c\u201eDas Treffen ist privat. Tut mir leid.\u201cOhne ein weiteres Wort dreht sie sich um und macht sich auf den Weg Richtung Diner. Selbstverst\u00e4ndlich folgt er ihr.\u201eJetzt warte doch mal, Melissa.\u201c\u201eKeine Zeit.\u201c\u201eEs ist verboten, vor einem Hydranten zu parken.\u201c\u201eRuf doch die Polizei.\u201cSie hat den Eingang fast erreicht, als er ein frustriertes Schnauben von sich gibt, sie \u00fcberholt und sich ihr in den Weg stellt. Er macht Anstalten, sie an der Schulter zu packen, um sie davon abzuhalten, an ihm vorbei zu laufen. Als sie zur\u00fcckzuckt, runzelt er ver\u00e4rgert die Stirn.\u201eHab ich dir irgendwas getan?\u201cSie w\u00fcnscht sich, er w\u00fcrde sie einfach in Ruhe lassen. Sich mit ihm auseinandersetzen zu m\u00fcssen, ist mehr, als sie an ihrem ersten Tag in Houlton ertragen kann.\u201eDu stehst mir im Weg.\u201c\u201eJetzt sei doch nicht so. Was machst du heute Abend? Lass uns was essen gehen und reden\u201c, schl\u00e4gt er vor, doch sie sch\u00fcttelt nur ver\u00e4rgert den Kopf.\u201eKeine Zeit.\u201c\u201eWas hast du denn vor?\u201c\u201eGeht dich nichts an.\u201cAls er resigniert die Arme sinken l\u00e4sst, schiebt sie sich an ihm vorbei und greift nach dem Metallt\u00fcrgriff des Diners. Z\u00f6gernd dreht sie sich noch einmal um. Sie wei\u00df nicht, was in diesem Moment schlimmer f\u00fcr sie ist, dass er sie so \u00fcberrumpelt hat oder dass er jetzt wirklich verletzt zu sein scheint.\u201eLass mich bitte in Ruhe, Will\u201c, sagt sie. \u201eIch kann das nicht.\u201cDiesmal folgt er ihr nicht, als sie die T\u00fcr aufzieht und im Inneren des Lokals verschwindet... Drinnen sieht es aus, wie in jedem typisch amerikanischen Diner. Linoleumfu\u00dfboden, Metalltische, knautschige petrolfarbene Sitzb\u00e4nke. Hinter dem Tresen, der einen Gro\u00dfteil des Raumes einnimmt, unterhalten sich zwei Frauen in hellblauen Kellnerinnenuniformen \u0001 \u0002 wartet an einem Tisch in der hintersten Ecke auf sie. Er sieht noch genauso aus wie vor zwanzig Jahren, nur dass sein einst dunkles Haar inzwischen fast komplett wei\u00df geworden ist. L\u00e4chelnd geht sie auf ihn zu und als sie vor ihm steht und sich vorbeugt, um ihm einen Kuss auf die Wange zu geben, kann sie tats\u00e4chlich Tr\u00e4nen in seinen Augen glitzern sehen.\u201eGut siehst du aus. Setz dich doch bitte\u201c, sagt er und deutet auf den gegen\u00fcberliegenden Platz. \u201eIch war so frei, f\u00fcr dich mitzubestellen.\u201c\u201eEigentlich wollte ich nur einen Kaffee. Um ehrlich zu sein, bin ich nicht besonders hungrig\u201c, meint \u0001 \u0002 lacht. Es ist dasselbe rauhe Lachen, das sie in ihrer Kindheit so geliebt hat.\u201eDer kommt beim Essen. H\u00f6r auf deinen alten Onkel.\u201c Ihr Mundwinkel zuckt. \u201eAber jetzt erz\u00e4hl mal. Wie war die Fahrt und hast du im Hotel gut schlafen k\u00f6nnen?\u201cEinen Moment lang denkt sie dar\u00fcber nach, ob sie ihm von ihrem Traum erz\u00e4hlen soll, entscheidet sich aber dagegen. \u201eDie Fahrt war lang und anstrengend. Und kaum, dass ich im Hotel ankam, bin ich auch schon aufs Bett gefallen und eingeschlafen. Bin erst aufgewacht, als du vorhin angerufen hast.\u201c\u201eDas ist gut. Wie lange wirst du im Hotel bleiben?\u201c, fragt er und greift nach der wei\u00dfen Kaffeetasse, die vor ihm auf dem Tisch steht.\u201eIch werde sp\u00e4ter noch zum Haus fahren und anfangen, meine Sachen zu verstauen. Ich wei\u00df nicht. Vielleicht bis \u00fcbermorgen.\u201c Bei dem Gedanken an das Haus ihrer Eltern, ihr Haus, wird ihr wieder etwas mulmiger zumute. \u201eH\u00f6r mal\u201c, sagt sie, mehr um das Thema zu wechseln und weil sie es sowieso irgendwann ansprechen muss. \u201eDass ich bei Ellens Beerdigung nicht dabei war, tut mir leid.\u201cEr winkt ab. \u201eMuss es nicht.\u201c\u201eDoch, muss es schon\u201c, sagt sie etwas geknickt. \u201eSie war immer sehr lieb zu mir. Ich h\u00e4tte mich gern von ihr verabschiedet.\u201cDem folgt ein langes Schweigen. Seufzend nimmt James schlie\u00dflich noch einen Schluck von seinem Kaffee, ehe er antwortet.\u201eDu warst wie eine Tochter f\u00fcr uns.\u201c Er breitet die Arme in einer Geste aus, als wolle er sich f\u00fcr das Gesagte entschuldigen. \u201eDich zu verlieren hat Ellen das Herz gebrochen. Aber sie verstand, dass es das beste f\u00fcr dich war, bei deiner Tante in New York aufzuwachsen\u201c, f\u00fcgt er hinzu, als er ihren Gesichtsausdruck \u0001 \u0002 wusste nicht, dass es au\u00dfer Will noch jemandem so weh getan hat, dass sie die Stadt verlassen musste. Klar, einen gro\u00dfen Teil ihrer Kindheit hat sie bei James und Ellen verbracht und sie wei\u00df, dass die beiden immer sehr darunter gelitten hatten, keine eigenen Kinder haben zu k\u00f6nnen. Aber dass sie ihnen so viel bedeutete, ist ihr nicht bewusst \u0001 \u0002 nimmt James noch einen Schluck von seinem Kaffee, ehe er den Blick zum Fenster schweifen l\u00e4sst. Eine Weile beobachtet er die Leute, die vor dem Diner entlanggehen, tief in Gedanken. Dann r\u00e4uspert er sich. Ohne den Blick vom Geschehen drau\u00dfen abzuwenden, sagt er: \u201eIch wei\u00df nicht, ob du dich daran erinnerst, aber in der ersten Zeit, nachdem du weg warst, haben wir noch einige Male bei dir und deiner Tante angerufen. Du sprachst damals mit niemandem ein Wort, au\u00dfer mit Ellen.\u201cLangsam nickt sie. Sie kann sich daran erinnern. Aus irgendeinem Grund war Ellen die einzige gewesen, die es geschafft hatte, ihr ein paar Worte zu entlocken.\u201eDu hast sie angefleht, dich hierher zur\u00fcckzuholen.\u201cAuch daran erinnert sie sich und im Nachhinein sch\u00e4mt sie sich sehr daf\u00fcr.\u201eDas muss sie sehr belastet haben\u201c, meint sie und wischt sich mit der Hand \u00fcber die Augen.\u201eDas tat es.\u201c Sein Gesicht dr\u00fcckt Trauer aus. Und Schmerz.\u201eJedes mal wenn sie mit dir telefonierte, weinte sie danach die ganze Nacht. Irgendwann...\u201c\u201eHast du ihr verboten, mich anzurufen.\u201cEr nickt und sie denkt daran, wie sie damals vor dem Telefon gesessen hat. Den ganzen Tag. Jeden Tag. \u00dcber Wochen hinweg, Stunde um Stunde darauf wartend, dass dieses verdammte Schei\u00dfding klingelte. Dass man sie zu ihrer Tante geschafft hatte, war gar nicht das Schlimmste gewesen. Wirklich schlimm war es f\u00fcr sie erst geworden, nachdem Ellen sich nicht mehr gemeldet hatte. Und auch sonst niemand aus Houlton. Verloren hatte sie sich gef\u00fchlt. Entwurzelt.\u201eEs tut mir leid, ich...\u201c\u201eDas muss es nicht. Du wolltest deine Frau sch\u00fctzen. Ich nehme es dir nicht \u00fcbel.\u201c Nicht \u0001 \u0002 sieht aus, als sei er sich nicht sicher, ob er das, was ihm auf der Zunge liegt, wirklich sagen soll. Er \u00f6ffnet den Mund, z\u00f6gert...In diesem Moment kommt eine der Kellnerinnen an ihren Tisch und stellt vor jedem von ihnen einen gro\u00dfen Teller ab.\u201eKaffee kommt sofort\u201c, sagt sie an Melissa gewandt. Sie ist ziemlich jung und hat schulterlange, blonde Haare und blaue Augen. Quer \u00fcber ihr Gesicht verl\u00e4uft eine Spur Sommersprossen und Melissa ist sich sicher, dass sie aussieht wie eine dieser Frauen aus der Zahnpastawerbung, wenn sie breit l\u00e4chelt. Irgendwie kommt sie ihr vage bekannt vor. \u201eIst irgendwas?\u201c, fragt sie pl\u00f6tzlich und Melissa f\u00e4llt auf, dass sie sie unverhohlen angestarrt hat. Ertappt r\u00e4uspert sie sich.\u201eVerzeihung, ich... Sie kommen mir nur so bekannt vor\u201c, sagt sie und zuckt entschuldigend mit den Schultern.\u201eDas ist Susie\u201c, wirft James schlie\u00dflich ein. \u201eSusie Wilkins. Ihre Mutter hat dich in der f\u00fcnften Klasse unterrichtet, Melissa.\u201cEs ist, als h\u00e4tte ihr jemand ein Glas Eiswasser hinten in den Ausschnitt gekippt. Ihre H\u00e4nde beginnen pl\u00f6tzlich zu zittern. Schnell legt sie sie in ihren Scho\u00df.\u201eMelissa?\u201c James runzelt die Stirn. \u201eIst alles in Ordnung?\u201cHastig setzt sie eine unschuldige Miene auf. \u201eRei\u00df dich zusammen. Das ist ein Zufall. Das kann nur ein Zufall sein...\u201c, denkt sie und wirft Susie ein L\u00e4cheln zu, von dem sie hofft, dass es nicht so verkrampft aussieht, wie es sich anf\u00fchlt.\u201eJa klar, ich\u2026 ich hab nur schon so lange nicht mehr an Miss Cutter gedacht. Wie geht es Ihrer Mutter?\u201cMan sieht Susie deutlich an, dass sie nicht so recht wei\u00df, was sie von der ganzen Sache halten soll. Einen Moment glaubt Melissa, dass sie sich einfach umdrehen und verschwinden wird, doch dann erwidert sie ihr L\u00e4cheln. Etwas zu strahlend.\u201eZahnpastawerbung\u201c, denkt Melissa und das Lachen, das ihr die Kehle hochblubbert schmeckt nach Hysterie.\u201eGut. Sie unterrichtet inzwischen an einer Privatschule in Littleton. Nach der Geschichte damals\u2026 Sie wissen schon. Nun, sie konnte nicht mehr\u2026 Eines der M\u00e4dchen war ihre Sch\u00fclerin, verstehen Sie?\u201cMelissa nickt. \u201eIch wei\u00df\u201c, sagt sie und versucht, nicht an ihren Traum von letzter Nacht zu denken. \u201eAndrea Mills war meine...\u201cSei keine Gans, Melissa!\u201e...Sitznachbarin in der f\u00fcnften Klasse.\u201cSusie wirkt betroffen. \u201eDas muss schrecklich gewesen sein, damals. Ich meine\u2026 Ich kenne ja nur die Geschichten.\"\u201eDas war es.\u201c\u201eJetzt muss ich aber zur\u00fcck an die Arbeit. Ich werde meine Mutter von Ihnen gr\u00fc\u00dfen\u201c, sagt sie, schenkt ihr und James noch ein L\u00e4cheln und verschwindet Richtung Tresen. Noch etwas zittrig f\u00e4hrt sich Melissa mit der Hand \u00fcber die Augen, ehe sie ihre Aufmerksamkeit dem eben gebrachten Fr\u00fchst\u00fcck \u0001 \u0002 starrt sie auf ihren Teller, wo sich ein gro\u00dfer Berg Pancakes mit Butter und Ahornsirup befindet. James macht sich w\u00e4hrenddessen bereits \u00fcber eine Riesenportion R\u00fchrei mit Speck und Toast her. Er wirft ihr einen aufmunternden Blick zu und seufzend ergibt sie sich in ihr Schicksal, greift nach ihrem Besteck, schneidet ein St\u00fcck Pfannkuchen ab und steckt es sich in den Mund. Es sind die besten Pancakes, die sie seit langer Zeit gegessen hat, aber die Geschehnisse der letzten Minuten schn\u00fcren ihr trotzdem die Kehle zu. Sie will nicht, dass James sich noch mehr um sie sorgt, als er es anscheinend ohnehin schon tut, also sagt sie nichts und schluckt den Bissen \u0001 \u0002 Zeit sp\u00e4ter, nachdem Susie ihre leeren Teller abger\u00e4umt und ihnen Kaffee nachgeschenkt hat, sitzen sie sich in ges\u00e4ttigtem Schweigen gegen\u00fcber, als James sich r\u00e4uspert.\u201eHast du Will schon getroffen?\u201cSie gibt ein kurzes Brummen von sich, was er richtigerweise als Zustimmung interpretiert.\u201eUnd?\u201c\u201eHatte es eilig\u201c, sagt sie und f\u00fcgte hinzu, dass sie sich demn\u00e4chst irgendwann mal zum Abendessen treffen werden. Weil sie nun wirklich keine Lust darauf hat, ihm zu erkl\u00e4ren, warum sie eigentlich nichts mit Will zu tun haben m\u00f6chte. Eine glatte L\u00fcge, aber sie kann einfach nicht anders.\u201eEr ist ein wirklich guter Kerl.\u201cSie nickt. \u201eDas war er schon immer. Was genau macht er eigentlich? Er sieht aus wie ein heruntergekommener Privatdetektiv aus New York.\u201cJames lacht kurz auf, wirkt aber auch \u00fcberrascht. \u201eHat er dir das nicht erz\u00e4hlt? \u201eIch sagte doch, ich hatte es eilig\u201c, meint sie und zuckt mit den Schultern. \u201eEr ist in die Fu\u00dfstapfen seines Vaters getreten. Detective William Jenner.\u201cMelissa hofft inbr\u00fcnstig, dass William nicht in die Fu\u00dfstapfen seines Vaters getreten ist. Der war n\u00e4mlich, soweit sie sich an ihn erinnern kann, ein verdammtes Arschloch.\u201eWie geht\u2019s ihm? Also seinem Vater?\u201cJames verzieht kurz das Gesicht. \u201eDas solltest du besser Will fragen.\u201c~*~Als Melissa um 17 Uhr ihr Hotelzimmer betritt, hat sie das Gef\u00fchl, jeden Moment zu platzen. Aus dem Fr\u00fchst\u00fcck wurde ein Fr\u00fchst\u00fcck mit Mittagessen und ehe sie sich versah war es 15 Uhr gewesen. Also hatte sie sich noch ein gro\u00dfes St\u00fcck Apfelkuchen aufschwatzen lassen und sich, nachdem sie sich darauf geeinigt hatten, dass sie am n\u00e4chsten Tag um 14 Uhr in die Redaktion kommen w\u00fcrde, um ihre neuen Kollegen kennenzulernen, allein auf den Weg gemacht, um sich ein wenig die Beine zu vertreten. Nat\u00fcrlich hatte sie einen gro\u00dfen Bogen um den Community Park gemacht. W\u00e4hrend sie die sonnenbeschienenen Stra\u00dfen entlanggeschlendertwar, hatte sie sich das gesamte Gespr\u00e4ch mit James noch einmal durch den Kopf gehen lassen und war dann zu dem Schluss gekommen, dass sie es zumindest nicht bereuen w\u00fcrde, den Kontakt zu ihm wieder aufgenommen zu haben. Selbst wenn sich sp\u00e4ter herausstellen sollte, dass diese ganze Geschichte eine dumme Idee gewesen war. Nun ist sie allerdings einfach nur f\u00fcrchterlich ersch\u00f6pft, also beschlie\u00dft sie, sich noch etwas hinzulegen, bevor sie sich auf den Weg zum Haus macht. G\u00e4hnend legt sie sich aufs Bett, greift zum Telefonh\u00f6rer und ruft an der Rezeption an, um sich einen Weckruf f\u00fcr 18:30 Uhr einzustellen, dann dreht sie sich auf die Seite und schl\u00e4ft beinahe augenblicklich \u0001 \u0002 Klopfen rei\u00dft sie unsanft aus dem Schlaf. Wieder wei\u00df sie im ersten Moment nicht, wo sie ist, findet die Orientierung allerdings schneller wieder als am Morgen. Fluchend steht sie auf, knipst die kleine Lampe auf ihrem Nachttisch an und macht sich auf den Weg zur T\u00fcr. Kurz bleibt ihr Blick an der Uhr an der gegen\u00fcberliegenden Wand h\u00e4ngen und stirnrunzelnd stellt sie fest, dass es bereits weit nach 20 Uhr ist. Wieso zum Henker hat man sie nicht geweckt?Als sie an der T\u00fcr ankommt, streicht sie sich kurz \u00fcber das vom Schlaf noch taube Gesicht, ehe sie die Klinke herunterdr\u00fcckt und sie \u0001 \u0002 ihr steht Will und ihr erster Impuls ist, ihm die T\u00fcr vor der Nase zuzuschlagen. \u201eHat der sie noch alle?\u201c, denkt sie und sieht ihn grimmig an.\u201eDu musst mit mir kommen, Melissa\u201c, sagt er und sie runzelt die Stirn.\u201eWar ich heute Morgen nicht deutlich genug?\u201c, fragt sie k\u00fchl, ger\u00e4t aber etwas ins Stocken, als sie seinen Gesichtsausdruck sieht. Er wirkt blass.\u201eDu musst mit mir aufs Revier kommen.\u201cErst jetzt bemerkt sie den anderen Mann, der schr\u00e4g hinter Will in der Mitte des Gangs steht. Eindeutig auch ein Cop.\u201eBitte?\u201cWill seufzt. Und ihr wird pl\u00f6tzlich sehr \u00fcbel. \u201eKomm jetzt bitte mit. Und zwing mich nicht, dir Handschellen anzulegen.\u201c",
            "wordcount": "7.074",
            "chapter_release": "17.09.2017",
            "chapter_number": "2"
        }
    },
    "title": "Laub in ihrem Haar",
    "topic": "unspecified",
    "release": "\n23.02.2017\n\t\t\t\t\t\t",
    "author": "Gwenny"
}