{
    "tags": [],
    "chapcount": "37",
    "wordcount": "24.920",
    "chapters": {
        "1": {
            "text": "in () steht, wer das kappi geschrieben hat...Prolog\"Das Experiment ist ausgebrochen!\" \"Dann hol es zur\u00fcck, Verdammt! Es ist zwar blind, doch es reagiert auf das kleinste Ger\u00e4usch. Ist dir eigentlich bewusst, was es anrichten kann?! Es k\u00f6nnte ganz New York City in einer Woche ausradieren!\"Die neun Jahre alte Carry ist alleine zu Hause. Ihre Eltern sind ausw\u00e4rts essen. Pl\u00f6tzlich h\u00f6rt sie lautes Poltern aus dem Treppenhaus des 15-st\u00f6ckigen Hochhauses. Dann sieht sie auf die Uhr; Halb-elf. Drau\u00dfen ist es finster. Wer k\u00f6nnte wohl jetzt noch hier so einen Krawall veranstalten, denkt sie unwissend vor sich hin. Sie fasst all ihren Mut zusammen und geht zur T\u00fcr. Das Pochen wird immer lauter. Carry glaubt, jemanden ganz laut atmen oder besser gesagt nach Luft ringen zu h\u00f6ren. Sie wird immer \u00e4ngstlicher. Ihre Finger umklammern die T\u00fcrklinke so fest, dass sie schon wei\u00df anlaufen. Dann dr\u00fcckt sie sie hinunter und zieht die T\u00fcr ruckartig auf. Rote Augen. Rote Augen in der Dunkelheit. Carry schreitet noch weiter zur\u00fcck. Das Schnaufen dringt in ihre Ohren. Sie bleibt mit einem Fu\u00df am Sesselbein h\u00e4ngen und f\u00e4llt mit dem R\u00fccken auf den Teppich. Das Wesen schleicht langsam und gebuckelt durch die Wohnung. In Carry bricht Panik aus. Sie zieht ihr Handy aus der Tasche und filmt das Wesen ein paar Sekunden lang. Doch der Piepser den das Handy dabei von sich gibt, alarmierte das Wesen, das dann in ihre Richtung schleicht. Carry wird immer panischer, das Wesen steht zwei Schritte vor ihr, sie bricht in Tr\u00e4nen aus und schreit. Sie schreit. Ein grauenvoller Schrei eines Kindes, dass Todesangst hat. Und nicht ohne Grund. Dieser Schrei war das Letzte, das die Nachbarn h\u00f6ren. Das und das Schnaufen...(grey und darkbloood)",
            "wordcount": "291",
            "chapter_release": "19.12.2008",
            "chapter_number": "1"
        },
        "10": {
            "text": "Kapitel 10-Ein PlanNach diesem Tag verging eine Woche bis eine Wendung dieses Spiel ver\u00e4ndern w\u00fcrde. Sie schonten uns, ich wusste nicht genau warum aber als an diesem Tag erwachte war mein K\u00f6rper \u00fcbers\u00e4t mit Narben. Noch in vielen Jahren w\u00fcrden diese nicht verblasst sein, aber dar\u00fcber w\u00fcrde ich mich freuen. Narben sind Zeichen des Lebens, erz\u00e4hlen unsere Geschichte und wenn jemals ein Mensch mich fragt woher diese Narben stammen, werde ich ihm eine Geschichte erz\u00e4hlen, welche so unglaublich ist, das er sie mir nicht glauben \u0001 \u0002 lehnte an der hinteren Wand des wei\u00dfen Raumes, den Kopf auf die Arme gest\u00fctzt und dem Schlag meines Herzens lauschend. Mein K\u00f6rper schmerzte wie er es noch nie getan hat. Lucien sa\u00df neben mir, biss auf dem abgerupften Finger einer Hand herum und schaute mich neugierig an. An die Tatsache, dass er Menschen fra\u00df hatte ich mich schon l\u00e4ngst gewohnt. Auch wenn mir dies immer noch einen Schauer verpasste. \u201eA\u2026Alles okay?\u201cEr hatte langsam doch eine gewisse \u00dcbung im sprechen. Er h\u00f6rte mir immer genau zu, versuchte nachzusprechen. Ich blickte zu ihm und nickte.\u201eJa. Alles okay. Mein K\u00f6rper tut nur weh, mehr nicht.\u201c, murmelte ich und seufzte. \u201eK\u00f6rper\u2026tut weh? Kann ich\u2026helfen?\u201cIch sch\u00fcttelte den Kopf.\u201eNein. Trotzdem danke\u2026\u201cMit zusammengebissenen Z\u00e4hnen lehnte ich mich an die k\u00fchle Wand und zischte leise. Diese Leute, ich hasste sie. Ich hasste sie so sehr und hoffe einfach dass sie irgendwann auffliegen!Die T\u00fcr zum Vorraum wurde ge\u00f6ffnet und John trat herein. Mit einer emotionslosen Miene betrat er unseren Raum und schloss die T\u00fcr hinter \u0001 \u0002 stie\u00df ein tiefes, w\u00fctendes Knurren aus und fletschte die Z\u00e4hne.\u201eKeine falsche Bewegung D\u00e4mon.\u201c, murrte John und blieb stehen. \u201eSoll nur nach euren Wunden sehen.\u201cIch spannte meine Muskeln an und starrte zu John hoch. Er trat n\u00e4her, blieb aber sofort stehen als Lucien langsam aufstand und ihn b\u00f6sartig anfunkelte. \u201eDu greifst nicht an\u2026\u201c, grinste John kalt und zog einen Elektroschocker aus der Hosentasche. \u201e Nicht wahr?\u201cLucien hielt inne und knurrte w\u00fctend. \u201eLass Silver\u2026\u201c, zischte er und setzte sich wieder neben mich. \u201e Lass sie!\u201cJohn zog eine Braue hoch und lachte.\u201eTja, dann sollen sich die Wunden doch entz\u00fcnden.\u201cEin lautes Rumpeln lie\u00df uns alle inne halten. Der Luftschacht?\u201eJoy\u2026?\u201c, wisperte ich leise und setzte mich auf die Knie. Lucien fletschte die Z\u00e4hne und knurrte leise.\u201eWas zum?\u201c, murmelte John und blickte nach oben. Die \u00d6ffnung des Luftschachtes \u00f6ffnete sich und knallte scheppernd zu Boden. John trat unter die \u00d6ffnung und blickte verwirrt hinauf. Ich ahnte schon was jetzt kommen w\u00fcrde. Panisch dr\u00fcckte ich mich fester an die Wand und spannte jeden Muskel an. Und gleich w\u00fcrde John seinen Tod \u0001 \u0002 knallte auf den Boden als Joy aus dem Schacht sprang und direkt auf seinem Brustkorp landete. Breit grinsend legte er seine H\u00e4nde auf das Gesicht des Mannes und dr\u00fcckte mit seinen Daumen die Aug\u00e4pfel ein. Blut spritzte und die panischen Schreie von John verebbten schnell als der Vampir seine Zunge packte und mit aller Kraft aus seinem Mund riss. \u201eKlappe.\u201c, knurrte Joy und stand auf. Grinsend leckte er sich das Blut von den Fingern und drehte sich zu uns. \u201eHi. Verzeiht diesen etwas unsch\u00f6nen Auftritt. Musste jetzt handeln, ansonsten w\u00e4re es zu sp\u00e4t. Also, h\u00f6rt ihr mir zu?\u201c\u201eAlso. Ich bin hier weil ich einen Plan habe. Und zwar in einer Woche k\u00f6nnen wir versuchen zu fliehen.\u201c\u201eFliehen? Wie?!\u201c\u201eEinfach. Die Sch\u00e4chte. Normalerweise f\u00fchren sie zu einem riesigen Propeller, durch welchen wir nie k\u00e4men, aber durch ein kleines Ungl\u00fcck mit einer Lamia ist dieser kaputt. N\u00e4chste Woche wird der Neue geliefert und deswegen wird der Alte ausgewechselt. W\u00e4hrend dies passiert k\u00f6nnen wir sicher fliehen.\u201cEinfach, es war einfach und doch genial.\u201eUnd wie sollen wir von der Insel?\u201cJoy grinste breit. \u201eMit einem Boot. Wir verstecken uns bis es Nacht ist und dann werden wir \u00fcber Wasser nach Italien fliehen. Was dann passiert werdet ihr schon sehen.\u201c\u201eJoy! Sag!\u201c\u201eIch habe so meine Kontakte, besser gesagt menschliche Familie in Italien. Sie werden uns sicher gerne aufnehmen bis ihr wieder nach Hause k\u00f6nnt.\u201cEine unglaubliche Erleichterung machte sich in meinem Herzen breit. In diesem Moment w\u00fcrde ich den Vampir am liebsten umarmen, allerdings konnte ich auf eine zerfetzte Kehle verzichten. \u201eIch\u2026ich wei\u00df gar nicht wie ich dir danken kann\u2026Aber.\u201c Ich stockte und blickte Lucien kurz an.\u201eEr muss auch mit.\u201cJoy zog kurz eine Augenbraue hoch, zuckte dann mit den Schultern.\u201eKlar, wenn er damit klar kommt das er keine Menschen mehr t\u00f6ten kann.\u201cLucien legte kurz den Kopf schief und blinzelte. Fragend schaute er mich an und grinste leicht.\u201eDas\u2026geht\u2026glaub ich.\u201c\u201eIm Notfall gibt es ja Penner!\u201c, lachte Joy und zeigte die Z\u00e4hne.\u201eKlar. Die armen Penner! Ernsthaft. Das kriegen wir sicher hin.\u201c\u201eAber bedenkt eines. Ich will noch jemanden mitnehmen.\u201cJoy senkte die Lider und lachte heiser.\u201eUnd zwar\u2026Lucy.\u201cLucien stie\u00df ein b\u00f6sartiges Knurren aus. Angst kroch mir in die Glieder. Warum wollte er diese Bestie mitnehmen? Hatte der Vampir den einen totalen Dachschaden?\u201eWarum?\u201c, murmelte ich und starrte ihn geschockt an. \u201eLucy ist eine Waffe. Ihre Waffe. Wenn wir sie ihr wegnehmen, haben sie einen wichtigen Joker verloren. Deswegen.\u201cJoy erkl\u00e4rte uns den genauen Ablauf und verabschiedete sich dann. Die Leiche von John zerrte er mit sich in den Schacht. Lucy. Wie will er dies denn schaffen? Lucy ist ein Monster, ein echtes, b\u00f6sartiges Monster. Er w\u00fcrde es doch nie schaffen dieses Biest dazu zu bringen uns zu folgen. Ob man es glaubt oder nicht. Joy schaffte es und wir w\u00fcrden in der Nacht der Flucht erfahren, das Lucy eine wichtige Hilfe sein w\u00fcrd. Inwiefern dies sein wird, werdet ihr noch \u0001 \u0002 blickte mich an. Ich konnte seinen Blick nicht deuten. Es war oft so, dass ich nicht genau sagen konnte was seine Blicke sagen sollten. \u201eDu\u2026willst mich\u2026mitnehmen?\u201cVerwundert blickte ich ihn an und nickte.\u201e\u00c4hm, ja? Warum denn auch nicht?\u201c\u201eIch\u2026t\u00f6te\u2026doch\u2026Menschen\u2026wie dich.\u201cStimmt. Da hatte er recht. Und auch Joy hatte da seine bedenken. Nein! Ich w\u00fcrde ihn nicht hier lassen! \u201eDas kriegen wir hin. Vielleicht kommst du ja auch mit\u2026Tierfleisch klar. Ganz sicher. Das wird schon.\u201c, l\u00e4chelte ich und fuhr ihm kurz durchs Haar. Der D\u00e4mon grinste fr\u00f6hlich rutschte n\u00e4her zu mir. Lachend legte er seine Arme um meinen Hals und druckte mich an sich. Erschrocken weitete ich die Augen und blinzelte. \u201eDanke. Sicher\u2026deine Welt\u2026sch\u00f6n. Oder? Und\u2026andere Menschen. Sind sie\u2026auch\u2026nett?\u201cAndere Menschen? Wie w\u00fcrden sie auf Lucien reagieren? Ich wusste es nicht, aber es gibt einen Weg. Ja, es wird einen Weg geben. \u201eIch denke schon. Sicher wird es dir gefallen und Spa\u00df machen.\u201cLucien lachte fr\u00f6hlich und schnurrte leise. \u201eIch freue\u2026mich schon!\u201cLucien dr\u00fcckte mich enger an sich und leckte mir leicht \u00fcber die Wange. Ich schauderte und zappelte leicht mit dem Kopf.\u201eLucien! Das kannst du aber auch mal lassen!\u201c, lachte ich und dr\u00fcckte ihn leicht von mir.\u201eAber ich\u2026mag dich!\u201c, grinste Lucien und leckte mir \u00fcber die \u0001 \u0002 zuckte leicht zusammen und senkte kurz den Sch\u00e4del. \u201eIch dich auch. Ich dich doch auch.\u201c, kicherte ich und fuhr ihm durchs Haar. Ich mochte ihn. Ja, so war es. Ich mochte Lucien sehr und w\u00fcrde mich f\u00fcr ihn einsetzten so wie er es bei mir tat. Das Monster welches mich einst t\u00f6ten sollte, war jetzt zu meinem besten Freund geworden.",
            "wordcount": "1.236",
            "chapter_release": "15.02.2014",
            "chapter_number": "10"
        },
        "11": {
            "text": "Kapitel 11-Die VorbereitungIch wusste nicht was zwischendurch geschah, wie Joy alles Vorbereitet hatte. Doch w\u00e4hrend Lucien und ich eingesperrt waren, war der Vampir unglaublich \u0001 \u0002, wenn die liebe Silver es nicht aufschreiben kann, so werde ich, Joy, dies \u0001 \u0002 Zelle lag nahe an der von Lucy, nur etwa 3 Zellen entfernt. Ich konnte sie manchmal h\u00f6ren wenn sie getestet wurde. Ihre Schreie waren Qualen f\u00fcr meine empfindlichen Ohren. Wie ich immer in die Sch\u00e4chte kam? Ich sprang einfach. Ein Vorteil was ich als Vampir hatte. Reflexe und St\u00e4rke. Okay, man sieht mir dies nicht an, aber so war es eben. Die Tatsache dass ich bald hier herausk\u00e4me lie\u00df mich vor Freude nur so \u00fcbersprudeln. Michael, mein Aufpasser, ahnte nicht einmal was auf ihn zukommen w\u00fcrde. Es war sp\u00e4ter Nachmittag, sagte meine innere Uhr und die in meinem Zimmer zumindest als ich die Muskeln anspannte und sprang. Meine Finger umklammerten das Gitter und rissen es zu Boden. \u201eJoy!\u201cEin schrilles Knurren drang aus meiner Kehle als ich sah wie Michael in mein Zimmer st\u00fcrmte. Ich wusste immer dass er dumm war, aber so dumm?W\u00fctend versuchte er mich am Nacken zu erwischen, doch schneller als er schauen konnte vergrub ich meine Z\u00e4hne in seiner Hand und biss mit aller Kraft zu. Meistens benahm ich mich ja bei ihm, aber jetzt war ich voller Freude und die w\u00fcrde er mir nicht nehmen. Michael schrie und versuchte seine Hand loszurei\u00dfen. Innerlich lachte und biss fester zu. Seine Knochen gaben nach und sein k\u00f6stliches Blut verlie\u00df seinen K\u00f6rper schneller als er wusste. Binnen Sekunden kippte er um. Sollte ich ihn komplett aussaugen? Kurz spielte ich mit dem Gedanken dies sogar zu unterlassen, aber schnell verwarf ich dies und machte seinem Leben ein blutloses Ende. Grinsend schob ich seine Leiche unter mein Bett, trat unter den Schacht und \u0001 \u0002 war schon oft in den L\u00fcftungssch\u00e4chten gewesen und somit hatte ich eine innerliche Karte dieses Labyrinths. Richtung Westen, 2 \u00d6ffnungen und die dritte \u00f6ffnen und schon w\u00e4re ich bei \u0001 \u0002 blieb \u00fcber der \u00d6ffnung und blickte nach unten. Ich sah Lucy auf dem Boden liegen. Ihr Bauch und ihr Arm waren vernarbt, sie sah noch sehr schwach aus und irgendwie gelangweilt. Ich grinste breit, l\u00f6ste geschickt die Schrauben und schob das Gitter eilig nach vorne. Lucy hob den Kopf und zischte leise als ich in den Raum sprang und freundlich winkte.\u201eGuten Tag Lucy\u2026\u201cDer Hybrid kam auf die Beine und knurrte w\u00fctend. \u201eWas machst du hier\u2026Vampir?!\u201c, fauchte sie und kam auf mich zu. L\u00e4chelnd verschr\u00e4nkte ich die Arme und blickte zu ihr hoch.\u201eIch habe dir einen Vorschlag zu unterbreiten S\u00fc\u00dfe.\u201cLucy h\u00f6rte mir genau zu als ich ihr meinen Plan erkl\u00e4rte. Sie lauschte neugierig und fragte hin und wieder was nach. Als ich geendet hatte, legte sie ihren Schweif ordentlich um die Beine und nickte knapp.\u201eKlingt sehr interessant. Aber warum sollte ich hier weg? Dies ist meine Familie, mein Rudel und ich werde sie nicht verlassen!\u201cIch lachte nur und sch\u00fcttelte den Kopf.\u201eLucy, Lucy, Lucy. Bist du wirklich so dumm? Du bist eingesperrt und versklavt, genauso wie wir. Sie benutzen dich als Waffe und lassen dich Wesen gleicher Art ver\u00e4ngstigen und vernichten. Verstehst du? Eine Familie h\u00e4lt zusammen und hilft, sowas kann ich dir bieten. Lucien, Silver und ich k\u00f6nnen dir eine echte Familie werden. Aber wenn du doch lieber ein wertloses Werkzeug der schwachen Menschen sein willst, gerne. Dann gehe ich wieder und gut ist.\u201cLucy schreckte hoch und umklammerte eilig mein Handgelenk. Ihre Klauen vergruben sich in meinem Handgelenk und ihr Blick war schelmisch.\u201eUnd\u2026wann genau soll es dann losgehen?\u201cEin breites Grinsen kam auf meine Lippen als ich vorsichtig ihren Griff lockerte.\u201eN\u00e4chste Woche Mittwoch. Ich werde dich und die anderen dann holen. Also bist du dabei Lucy?\u201cDer Hybrid nickte ernst und lie\u00df mich los. Sie war jung, unglaublich jung und somit noch sehr leicht zu beeinflussen und zu lenken. Aber, Sicherheit ging immer vor.\u201eDann beug dich zu mir vor.\u201c, murmelte \u0001 \u0002 legte den Kopf schief und blinzelte.\u201eWarum?\u201c\u201eIch will sichergehen.\u201cLucy nickte knapp und beugte sich zu mir herab. Blitzartig umschloss ich ihren Hals und zwang sie mir in die Augen zusehen.\u201eMund auf.\u201cLucy weitete ihre Augen, \u00f6ffnete z\u00f6gerlich ihren \u0001 \u0002 m\u00fcsst wissen. Wir Vampire werden geboren, aber der Mythos dass wir verwandeln k\u00f6nnen, stammt von etwas anderem. Wenn wir einer anderen Person unser Blut einfl\u00f6ssen, so wird sie unsere Marionette, unser Sklave und dieser Effekt wirkt solange bis wir ihr ein zweites Mal von unserem Blut geben. Die Person befolgt unsere Befehle ohne zu \u00fcberlegen und diesen Effekt hatte ich bei Lucy genutzt um sicher zugehen das sie nichts sagt. Grinsend legte ich meinen rechten Zeigefinger auf einen ihrer Z\u00e4hne und dr\u00fcckte bis Blut in ihren Mund floss. Lucy fauchte leise und wollte ihren Kopf wegziehen, doch ich hielt sie fest. Als das Blut ihren Rachen hinabfloss und sie es schluckte zog ich meine H\u00e4nde zur\u00fcck und fixierte ihren Blick.\u201eVerlier kein Wort. Kein einziges. Verstanden?\u201cLucy nickte knapp und blinzelte kurz.\u201eVerstanden.\u201c\u201eGut.\u201cVorsichtig verschloss ich das Gitter des Schachtes und lie\u00df mich dann auf meinem Bett nieder. Irgendwann werden sie Michael vermissen. Dann kriegen sie schon ihre Leiche. Ich dachte an die kommenden Tage. Stufe 3 wird auf sie warten. \u201eDa w\u00fcnsche ich viel Spa\u00df\u2026\u201c",
            "wordcount": "896",
            "chapter_release": "15.02.2014",
            "chapter_number": "11"
        },
        "12": {
            "text": "Ich warne vor: GRAAUUSSSAAAMMMMM_______________________________________________Kapitel 12-Stufe 3Donnerstag, in 4 Tagen w\u00fcrden wir fliehen. Doch\u2026heute w\u00fcrde das wahre, echte Grauen uns heimsuchen. Stufe \u0001 \u0002 zitterte wie Espenlaub, als 3 Leute in den Vorraum traten. Eine gro\u00dfe, schlanke, \u00e4ltere Frau und zwei bullige M\u00e4nner. Lucien stie\u00df ein b\u00f6sartiges Zischen aus und fletschte die Z\u00e4hne. Die Menschen \u00f6ffneten die Zelle und traten ein. Eine d\u00fcstere, schreckliche Aura wurde von ihnen verstr\u00f6mt. Ich spannte die Muskeln an und starrte sie voller Hass an. Die M\u00e4nner hielten Schlingen in den H\u00e4nden welche mich an die eines Schlangenf\u00e4ngers erinnerten. \u201eNehmt sie fest.\u201c, sprach die Frau mit kalter Stimme. Die M\u00e4nner nickten und traten auf uns vor. Panik breitete sich in mir aus und ich dr\u00fcckte mich fester an die Wand. Lucien tat es mir gleich, fauchte und knurrte wie verr\u00fcckt. Stufe \u0001 \u0002 ihr dachtet die ersten Beiden Stufen seien eine H\u00f6llentour gewesen, so habt ihr euch get\u00e4uscht. Es schmerzt mich dies alles hier aufschreiben zu m\u00fcssen, aber die Welt soll es wissen. Denn, so grausam k\u00f6nnen die Regierung und ihre Helfer sein!Der Raum in den wir gesperrt wurden war schwarz. Lucien konnte zwar ein wenig sehen, aber ich war blind. \u201eWas geht hier vor?\u201c, murmelte ich. Die Schw\u00e4rze war so durchdringend, h\u00e4tte ich ein Messer gehabt, h\u00e4tte ich sie durchschneiden k\u00f6nnen. Der Boden schien aus Metall zu bestehen, meine Schritte halten auf ihm als ich mich bewegte.\u201eStufe\u20263.\u201c, murmelte Lucien und packte mich vorsichtig am Handgelenk.\u201eWas werden sie machen?\u201c\u201eIch\u2026wei\u00df\u2026es nicht.\u201cWas sie uns antaten. Dies werde ich euch nun so gut ich es kann erkl\u00e4ren. Der Raum in welchem wir eingesperrt wurden war eine Kammer. Im Boden waren Platten eingebaut welche sich auf um die 250 Grad erhitzen lie\u00dfen. In den W\u00e4nden dasselbe, nur das diese Platten f\u00fcr eine K\u00e4lte von -150 Grad sorgen konnten. Die Decke war beweglich und mich schrecklichen Metalldornen versehen. Aus der linken Wand lie\u00dfen sie Giftschlangen krischen welchen sie eine schw\u00e4chere Version des Tollwutmittels gegeben \u0001 \u0002 Raum war Stufe 3.\u201eBeginnen wir.\u201cDiese Worte halten durch den Raum und mit diesen kam die Hitze. Lucien und ich sp\u00fcrten wie sich der Boden langsam erw\u00e4rmte. Am Anfang war es recht angenehm, dann wurde es immer schlimmer. Bald konnten wir kaum noch stehen, der Schwei\u00df lief uns \u00fcber den K\u00f6rper. Sie steigerten die Hitze bis unsere Haut anfing schwarz zu werden. Wir schrien aus vollem Halse, versuchten so wenig Kontakt wie m\u00f6glich mit dem Boden zu haben welcher bald schon anfing zu gl\u00fchen. Die Schmerzen waren unertr\u00e4glich, die schlimmste Qual die es gab. Meine Beine gaben nach und knapp bevor ich auf dem Boden aufschlug, meine H\u00e4nde ber\u00fchrten schon die gl\u00fchenden Metallplatten, fing Lucien mich auf. \u201eSchock.\u201cDie Hitze verschwand langsam aber sicher. Wir fielen auf die Knie und tasteten unsere K\u00f6rper ab. Unsere Haut schmerzte schrecklich, besonders bei den F\u00fc\u00dfen. Warum taten sie dies uns an?\u201eW\u2026was geht hier vor?\u201c, murmelte ich leise und atmete schwer. Lucien zischte leise und lehnte sich an mich.\u201eIch\u2026wei\u00df\u2026nicht.\u201cDie Temperatur. Sie taten etwas damit. Diese unertr\u00e4gliche Hitze wich\u2026K\u00e4lte. Die W\u00e4nde eisblau auf, Dampf drang aus ihnen und es wurde immer K\u00e4lter. Bald schon sah ich unseren Atem in dem blauen Licht aufsteigen, unsere Muskeln wurden steif und bald schon konnten wir uns kaum noch r\u00fchren. Mein Speichel gefror im Mund und meine Haare, nass vom Schwei\u00df, taten es ihm \u0001 \u0002 Nasenspitze wurde taub, meine Finger und Zehen genauso. Lucien und ich dr\u00e4ngten uns aneinander, versuchten uns so zu w\u00e4rmen.\u201eTortur.\u201cWarum? Warum taten sie dies. Die W\u00e4nde wurden wieder schwarz, dann gl\u00fchte der Boden rot auf und schreiend sprangen wir auf die Beine. Die Hitze war wieder da und dazu kam etwas anderes. Ein knirschendes Ger\u00e4usch. Das Licht ging an und\u2026entbl\u00f6\u00dfte uns die Tortur. Die Decke, bedeckt mit m\u00f6rderischen Nadeln kam auf uns zu. Lucien fauchte und starrte nach oben. Oh Gott. Sie wollten uns verbrennen! Die Nadeln ber\u00fchrten fast unsere K\u00f6pfe, zwangen uns, uns immer tiefer zu ducken. Wir verloren das Gleichgewicht und\u2026knallten auf den brennenden Boden. Die Schmerzen waren unertr\u00e4glich, lie\u00dfen uns schreien und uns winden. Kurz bevor die Nadeln uns aufspie\u00dften, zog sich die Decke zur\u00fcck, doch die Hitze stieg \u0001 \u0002 liefen mir \u00fcbers Gesicht. Meine Haut verschmorte und der Geruch nach verbranntem Fleisch lie\u00df mich husten. \u201eGift.\u201cDie Hitze lie\u00df langsam nach, die Decke war wieder an ihrem Platz. In den W\u00e4nden \u00f6ffneten sich kleine, runde Luken. Wir ahnten noch nicht was das werden sollte, doch als die ersten Schlangen herauskrochen, erkannten wir die \u0001 \u0002.Schwarze und Gr\u00fcne \u0001 \u0002.\u0001 \u0002.\u0001 \u0002 drangen mit zischenden Lauten in den Raum und krochen auf uns zu. Die Kobras spreizten ihre H\u00e4lse, Gift spritzte auf uns und traf uns in die Augen. Ein brennendes Gef\u00fchl machte sich von dort aus breit und lie\u00df uns schreien. Die ersten Tiere schnappten zu, vergruben ihre Z\u00e4hne in unserem Fleisch und pumpten ihr t\u00f6dliches Gift in uns. Schreiend fielen wir auf die Beine. Warme Leiber krochen \u00fcber uns, Z\u00e4hne bohrten sich in unser Fleisch und ein t\u00f6dlicher Cocktail machte sich in uns breit. Stufe 3. Dies ist sie also. K\u00f6nnte es noch schlimmer werden? Ich wusste es nicht doch jetzt stand unsere Flucht bevor\u2026Und wir w\u00fcrden es schaffen! Wir w\u00fcrden leben und wenn es hei\u00dft, dass wir in Flucht leben m\u00fcssen.",
            "wordcount": "898",
            "chapter_release": "15.02.2014",
            "chapter_number": "12"
        },
        "13": {
            "text": "Sorry das es etwas kurz ist ._. n\u00e4chste wird l\u00e4nger__________________________________________________Kapitel 13-Welt des SchmerzesSchmerzen hei\u00dft Leben. Kennt ihr diesen Spruch? Ich kenne ihn genau, doch ich kann sagen, dass er nicht der Wahrheit \u0001 \u0002 Wahrheit ist folgende: Schmerzen hei\u00dft Leiden, bedeutet dem Tode nahe zu sein und zeigt uns, wie erschreckend das Leben sein \u0001 \u0002 Dasein hei\u00dft zu F\u00fchlen. Und dies zeigt uns, das wir Leben. Aber wenn Leben auch Schmerzen bedeutet, warum tun wir uns dieses dann gegenseitig an?Noch heute frage ich mich dies. Warum tun wir uns gegenseitig weh? Was ist der Sinn dahinter? Oder, hat es vielleicht keinen Sinn?Nein, es wird keinen Sinn haben. Eine Erkl\u00e4rung kann es daf\u00fcr doch nicht geben! Zumindest keine, welche uns dies alles logisch erl\u00e4utert. Mein K\u00f6rper war taub. Wo war ich? Die Welt war getaucht in Wei\u00df. Die farblose, unendliche Reinheit. Sah so vielleicht das Ende des Lebens aus? Ja? War es wirklich so? Der Tod war also eine einzige, schneewei\u00dfe Ebene. \u201eSie wachen auf.\u201cDiese Stimme. Sie war es. Doktor Weber. Diese Frau war der K\u00f6nig in diesem Spiel. Wenn sie f\u00e4llt, ist das Spiel gewonnen. Doch wie soll man das schaffen? Noch sind alle Figuren auf dem Feld. Wir waren machtlos. Fr\u00fcher dachte ich immer, das B\u00f6se w\u00e4re erschreckend. Bewaffnet mit Fangz\u00e4hnen und Klauen, mit leuchtenden Augen und einer unb\u00e4ndigen Gier nach Mord. Doch jetzt wusste ich es besser. Das B\u00f6se war unscheinbar und kann nicht auf der Stra\u00dfe erkannt werden. Ja, die Dunkelheit der Welt war unsichtbar und kaum erkennbar. Das Wei\u00df verschwand langsam und ich konnte Lampen erkennen. Es war ein riesiger Raum. Kaltes Metall k\u00fchlte meinen geschundenen K\u00f6rper. Es war ein Behandlungsraum. Lederriemen hielten meine Kn\u00f6chel und Handgelenke an diesen Eisentisch. Sie trat in mein Blickfeld, ein k\u00fchles L\u00e4cheln auf den Lippen und blickte auf mich herab. \u201eWie f\u00fchlen Sie sich?\u201c, fragte Doktor Weber mit einem h\u00e4mischen Unterton. W\u00fctend biss ich die Z\u00e4hne zusammen und dr\u00fcckte mich gegen die Riemen. Ein brennender Schmerz durchzuckte meine Muskeln und lie\u00df mich zischen.\u201eWie es scheint sind Ihre Schmerzen nicht ohne. Nun, aber es war n\u00f6tig um unsere Erkenntnis zu best\u00e4tigen.\u201c\u201eWelche\u2026Erkenntnis?\u201c, brachte ich m\u00fchsam hervor. \u201eEs ist simpel. Wir haben herausgefunden warum das Ungeheuer dich verschont hat. Und wir haben zu dem noch einige andere Erkenntnisse erhalten. Daf\u00fcr sind wir dankbar.\u201cMeine Augen weiteten sich leicht.\u201eWas\u2026haben\u2026Sie erfahren?\u201cDoktor Weber setzte ein fieses, kleines L\u00e4cheln auf die Lippen.\u201eDies geht Sie nichts an.\u201cSie wollten mich t\u00f6ten. Dies war mir klar. Sie hatten was sie wollten, nun sollte mein Leben endg\u00fcltig enden. War es wirklich so? Sollte es so enden? Ich wusste es nicht, aber wenn es so kommen w\u00fcrde, so war ich nicht bereit daf\u00fcr. Nein! Nicht nach so vielen Strapazen! Wir w\u00fcrden fliehen, wir w\u00fcrden Leben und diesen Schrecken hinter uns lassen. Narben, Verb\u00e4nde und Brandwunden waren noch heute Zeichen dieser Zeit. Lucien, Joy und ich tragen viele Zeichen des Kampfes, den wir ausgetragen um, nur um unser Leben zu \u0001 \u0002 w\u00fcrde die Flucht starten. Die Vorbereitungen waren abgeschlossen, jetzt mussten wir nur noch genesen. Darf ich ehrlich sein? Mir kam der Plan damals sehr einfach vor, schon zu einfach. Und wisst ihr was? Ich hatte recht. Etwas wird schief gehen und dann, ja dann, wird sich entscheiden wie es ausgeht. Das Leben besteht aus vielen Teilen. Ich hatte den schrecklichen, grausamen Teil kennengelernt. Dieses hat mir traumatische Erinnerungen geschenkt, doch auch neue Erfahrungen, Erkenntnisse und Freunde. All die Zeit, welche ich an diesem Ort verbrachte, hat mir gezeigt, wie die Welt wirklich ist. Sie hat mir neue Dinge gezeigt welche ich nicht wusste.",
            "wordcount": "608",
            "chapter_release": "15.02.2014",
            "chapter_number": "13"
        },
        "14": {
            "text": "*sch\u00fcchtern aus ihrer Ecke krabbel*Hi ^_^\" Tut mir leid das es doch etwas l\u00e4nger gedauert hat, aber es war doch schon schwerer die Flucht zu schreiben als ich dachte...Also, die Geschichte neigt sich dem Ende zu, diese Kapitel werden noch kommen:Kapitel 15-Die Flucht-Teil 2Kapitel 16-Neues LebenKapitel 17-Demon ProjectAlso 3 Kapitel wird es noch geben, mit viel Gl\u00fcck und Flei\u00df werden diese heute und morgen kommen :3Liebe Gr\u00fc\u00dfe, Dark :3________________________________________________Kapitel 14-Die Flucht-Teil 1Es war so weit. Das Grauen w\u00fcrde endlich hinter uns bleiben. Unsere Flucht stand kurz bevor und ich hoffte innerlich, dass Joy\u00b4s Plan aufgehen w\u00fcrde. Mein Herz schlug mir bis zum Hals, mein Blut rauschte in meinen Ohren und die Anspannung lud die Luft elektrisch auf. Ich wusste nicht viel \u00fcber diesen Ort. Weder \u00fcber ihre wahren Absichten, noch \u00fcber ihre Medikamente oder \u00fcber ihren Plan. Sie hatten Lucien und mir Dinge gegeben, welche unsere Heilung beschleunigte. Ich wusste nicht was es war, aber Joy hatte uns sp\u00e4ter erz\u00e4hlt, sie h\u00e4tten es aus Lucy\u00b4s Blut hergestellt. \u201eJede Minute\u2026\u201c, nuschelte ich und strich mir nerv\u00f6s durchs Haar. Lucien musterte mich neugierig und senkte die Lider. \u201eGeht\u2026bald los?\u201cIch nickte knapp und versuchte meine Atmung zu beruhigen. Jederzeit k\u00f6nnte es \u00fcber uns rumpeln und dann w\u00fcrde es losgehen. Wir w\u00fcrden in die Sch\u00e4chte klettern und dann, wenn wir unser Ziel erreicht h\u00e4tten, w\u00fcrden wir von dieser Insel kommen und dann hei\u00dft es endlich wieder:\u201eS\u00fc\u00dfe Freiheit.\u201cLeises Rumpeln lie\u00df uns nach oben blicken. Dass Gitterrost des L\u00fcftungsschachts fiel zu Boden und dann tauchte Joy\u00b4s blasses Gesicht \u00fcber uns auf.\u201eEs geht los ihr S\u00fc\u00dfen. Kommt, wir helfen euch.\u201cUm den weiteren Verlauf unserer Flucht zu erkl\u00e4ren, werde ich, Joy, euch schnell erkl\u00e4ren was ich vorher getan habe um uns den Weg zu \u0001 \u0002 im Labor gibt es einen Kontrollraum. F\u00fcr jede T\u00fcr gibt es einen Code und diese Codes sind in den Hauptrechner gespeichert. Dieser Raum liegt genau in der Mitte dieser Anlage und war etwas schwerer zu erreichen als die anderen R\u00e4ume. Zuerst mal musste man die Schrauben l\u00f6sen, welche das Gitter festigten. Und nur nebenbei, das waren 20 Schrauben. Man kann es ja nur \u00fcbertreiben. War man dann endlich im Raum, hie\u00df es die Kameras deaktivieren, falls der Wachposten sich sehen l\u00e4sst, den beseitigen und dann das Passwort knacken. Zum Gl\u00fcck hatte der Wachposten dieses auf einem Notizzettel bei sich gehabt. Hatte man das Passwort, hie\u00df es die Datei mit den Codes zu finden. Voll leicht wenn man keine Ahnung von Computern hat. Dies war \u00fcbrigends Sarkasmus. Wenn die Passw\u00f6rter gefunden waren, so musste man ein Programm \u00f6ffnen. Man w\u00e4hlt die jeweilige T\u00fcr aus, gibt den Code ein und fertig. Warum ich dies tat, ist einfach. Unsere freien Freunde lenken die Wachen ab und wir anderen k\u00f6nnen fliehen. So dachte Silver es zumindest. Mein eigentlicher Grund war folgender: \u0001 \u0002 wollte, dass sie alle sterben. Alle Helfer dieses Projekts! Und dies sollten meine Freunde erledigen. Ja, wenn sie tot sind, dann ist das Problem gel\u00f6st und wir k\u00f6nnen leben wie vorher. Erst nachdem jede T\u00fcr ge\u00f6ffnet war, holte ich Lucy ab und zusammen begaben wir uns zu Lucien und Silver. Und jetzt fing die Flucht erst richtig an. Ich hatte keine Ahnung, dass wir nicht die Einzigen waren, welche jetzt auf freiem Fu\u00df waren. Erst als die ersten Sch\u00fcsse fielen und Schreie unter uns erklangen, ahnte ich ein, was \u0001 \u0002 nur wir waren frei. Oh nein, auch die anderen Kreaturen waren nun frei und \u00fcbten ihre Rache. Doch, wer hatte sie freigelassen? Und warum? Was hatte dies f\u00fcr einen Sinn?Die Sch\u00e4chte waren eng und kalt. Eisige Luft str\u00f6mte an uns vorbei und k\u00fchlte uns langsam aus. Es war anstrengend. Wer wusste schon wie viele Meter noch vor uns lagen und was am Ende auf uns warten w\u00fcrde. Es gab nur zwei M\u00f6glichkeiten: Der sichere Tod oder die erhoffte Freiheit. Ich hoffte inst\u00e4ndig, dass wir Nummer 2 ziehen und endlich diesen Horror hinter uns lassen k\u00f6nnen. Mein K\u00f6rper zuckte immer wieder zusammen, Wellen aus gl\u00fchendem Schmerz trieben mir den Schwei\u00df auf die Stirn. Eigentlich h\u00e4tten wir noch nicht starten d\u00fcrfen, aber wenn dies hier vorbei war, h\u00e4tten wir noch genug Zeit um unsere Wunden komplett heilen zulassen. Entweder das, oder wir w\u00e4ren tot und w\u00fcrden nie wieder Schmerzen haben. Nie h\u00e4tte ich damit gerechnet dass mein Leben mal so eine Wendung nehmen w\u00fcrde. Normalerweise w\u00fcrde ich jetzt einen Bericht schreiben oder mir sch\u00f6ne Bastelarbeiten f\u00fcr meine Kinder ausdenken. Ich k\u00f6nnte mit meinen Freunden telefonieren oder mal wieder mit meinem Vermieter streiten. Mir f\u00e4llt ein, dass ich meine Oma lange nicht mehr angerufen habe. So viele Dinge, welche doch allt\u00e4glich sind, k\u00f6nnte ich m\u00f6glicherweise bald nie wieder machen. Wissen sie schon von unserer Flucht? Ja, ganz sicher. Die anderen Wesen sind frei und sie werden merken, dass wir fehlen. \u201eNoch 2 Abzweigungen dann haben wir es geschafft.\u201c, murmelte Joy leise. Die Schreie und die Ger\u00e4usche eines heftigen Kampfes waren zu einem monotonen Hintergrundsound geworden welcher wie die Backgroundmusik in einem Film war. Wir h\u00f6rten sie, nahmen sie aber kaum noch war. \u201eSehr gut\u2026Hoffentlich schaffen wir dann auch den Rest des Weges.\u201c, nuschelte ich. \u201eDaumen dr\u00fccken\u2026\u201cIch konnte schwach das Licht des Eingangs erkennen. Hoffnung lie\u00df mein Herz schneller schlagen und meinen schmerzenden K\u00f6rper vergessen. Tatsache, der Propeller fehlte. Menschliche Stimmen drangen an mein Ohr, Pistolenschusse schalten zu uns und lie\u00dfen mich in Panik ausbrechen. Schei\u00dfe! Da drau\u00dfen k\u00e4mpften sie. Waren die Monster wohl bis nach drau\u00dfen gekommen?! Nein, wir konnten da doch nicht raus! Das geht doch nicht!\u201eJoy! Wir k\u00f6nnen da nicht raus!\u201c\u201eDoch. Sie sind abgelenkt und wir schleichen uns vorbei.\u201c\u201eDu bist doch lebensm\u00fcde\u2026\u201c\u201eNe, nur schon tot.\u201cLucy stoppte und zischte leise. Der Ausgang war so nahe, wir k\u00f6nnten unsere H\u00e4nde ausstrecken und dann k\u00f6nnten wir wieder frische Luft in unsere Lungen ziehen und sie so lange festhalten, wie es nur ging.\u201eWir nicht weiter!\u201c\u201eLucy, beweg dich doch e\u2026\u201cEin schriller Schrei, ein schwarzer Mann welcher gegen den Eingang gesto\u00dfen wurde und Blut, welches spritzte. Ohne jedes z\u00f6gern wurde der Wachmann weggesto\u00dfen und eine hagere Gestalt, gekleidet in einen schwarzen Mantel klammerte sich an den Schacht. Ich konnte kein Gesicht erkennen, nur ein breites Grinsen und ein langes, scharfes Messer an dessen Klinge Blut gl\u00e4nzte. Wer war das?Die Person schaute kurz zu uns, sprang dann wieder vom Schacht. \u201eJack muss aber auch immer eine gro\u00dfe Show machen. Diese Macke hatte er schon 1888 in London\u2026\u201c, grummelte Joy und sprang aus dem Schacht. Lucy, Lucien und ich folgten ihm und was wir hier erblickten, k\u00f6nnte man nur zu gut mit einer Horrorfilmszene \u0001 \u0002 und \u00c4rzte k\u00e4mpften mit den unterschiedlichsten Arten gegen ihre Insassen. Die Lamia, zwei riesige Tiere, ein Wolf und ein Panther, dieser Jack und viele andere seltsame Gestalten wehrten sich mit Z\u00e4hnen, Klauen und gestohlenen Waffen. Leichen bedeckten den Boden und Blut f\u00e4rbte diesen dunkelrot. Ein Schauer nach dem anderen jagte mir \u00fcber den R\u00fccken und f\u00fcr einen Moment schien alles wie in Zeitlupe zu laufen. Ich beobachtete wie der Panther einen Wachmann zu Boden stie\u00df und ihm die Kehle durch biss, wie die Lamia einen erw\u00fcrgte. Es schien als w\u00fcrden die D\u00e4monen im Vorteil sein, doch auch bei ihnen fielen einige. Lucien packte mein Handgelenk und zog mich eilig hinter sich her. Grausam, dieser Ort war grausam und erschreckend. Er hatte mir gezeigt, wie abartig unsere Gesellschaft war und was es eigentlich f\u00fcr Wesen hier gab. Am Anfang hielt ich die D\u00e4monen f\u00fcr das B\u00f6se, wie es in jedem Horrorfilm und jeder Geistergeschichte hie\u00df. Aber jetzt wusste ich es besser. Der Mensch war das b\u00f6se und brachte alles Schlechte hervor. So war es schon immer und nie wird sich daran was \u00e4ndern. Wir rannten so schnell es nur ging \u00fcber das riesige Gel\u00e4nde. Unser Weg f\u00fchrte Richtung S\u00fcden, weg von den K\u00e4mpfenden, Richtung Meer. Joy rannte voraus, ihm folgte Lucy und dann kamen Lucien und ich. Unsere Muskeln schmerzten und wehrten sich gegen diese ungewohnte Anstrengung. Sie waren \u00fcberspannt und schwach. Wie lange hatte ich \u00fcberhaupt in diesem Horror gesteckt? Ich wusste es nicht, aber was ich wusste war eines. Es war sch\u00f6n wieder frische Luft zu atmen und zu merken, wie der Wind mir an den Ohren vorbei durchs kurze Haar wehte. Es war atemberaubend und nie w\u00fcrde ich diesen einen Moment voller Freude und Zuversicht vergessen. Wir k\u00e4men hier weg und w\u00fcrden endlich wieder ein normales Leben f\u00fchren k\u00f6nnen. Was ich wohl alles verpasst habe?Nur f\u00fcr einen Moment verga\u00df ich alle Vorsicht und meine Gedanken kreisten um dieses vollendete Gl\u00fcck. Doch dieser Augenblick \u0001 \u0002 lauter Knall, eine Kugel welche an uns vorbeisauste und dann ein w\u00fctender Aufschrei. Sie hatte uns gefunden und sie kochte vor Wut. Die Meisterin der schwarzen M\u00e4nner und Frauen, die Leiterin des Demon Project. Doktor Weber, welche mit einem langen, b\u00f6sartig gl\u00e4nzenden Messer auf uns zust\u00fcrmte.",
            "wordcount": "1.497",
            "chapter_release": "15.02.2014",
            "chapter_number": "14"
        },
        "15": {
            "text": "Und weiter gehts :D_____________________________________________Kapitel 15-Die Flucht-Teil 2Brennender Schmerz wie von tausend Nadeln. Ein schriller Schrei und b\u00f6sartiges Gel\u00e4chter. Die scharfe Klinge des Messers durchtrennte meine Haut und grub sich tief in mein Fleisch. Doktor Weber lachte und zerrte die t\u00f6dliche Waffe wieder heraus.\u201eIch wusste doch, ich h\u00e4tte dich gleich t\u00f6ten sollen. Aber ich war blind, dies sehe ich ein. Meine Anlage wird untergehen, dies ist mir bewusst, aber dann werden alle mit kommen und in der H\u00f6lle schmoren!\u201cKrank, sie war doch komplett geisteskrank! Blut f\u00e4rbte mein Oberteil rot und der Schmerz lie\u00df mich fast erblinden. Meine Knie gaben nach und ich st\u00fcrzte zu \u0001 \u0002 Welt stand still, drehte sich nur noch in Zeitlupe. Ich sp\u00fcrte wie mir jemand hoch half, h\u00f6rte entfernt, wie durch Wasser, wie Doktor Weber lachte und irgendetwas von sich gab was ich nicht verstand. Verschwommen sah ich wie Joy und Lucy der verr\u00fcckten Frau entgegen traten und, wie mir schien, mit ihr sprachen. Hier Lucy. Ich \u00fcbernehme den weiteren Teil der Erz\u00e4hlung. Ich konnte das Blut riechen und h\u00f6rte Silver\u00b4s schrillen Schrei als Doktor Weber sie niederstach. Joy sagte, Lucien solle sie wegbringen, damit er und ich uns um die Verr\u00fcckte k\u00fcmmern konnten. Ich erkannte sie nicht wieder. Fr\u00fcher war Weber eigentlich eine sehr freundliche Frau gewesen, mir gegen\u00fcber zumindest. Aber Joy und die anderen haben mir leider die Augen ge\u00f6ffnet. Ihr Job hat sie geisteskrank \u0001 \u0002 ihren Augen leuchtete der Wahnsinn als sie die blutige Klinge auf uns richtete. \u201eIhr geht mit unter.\u201c, knurrte sie und fing wieder an zu lache. Sie konnte einfach nicht mit leben, dass ihr geliebtes Project unterging. \u201eAch kommen sie. Legen sie ihr zu gro\u00dfes Butterbrot weg und dann w\u00e4re das Problem gel\u00f6st.\u201c, meinte Joy ruhig und grinste. Schneller als ich handeln konnte sauste die Klinge durch die Luft und traf den jungen Vampir am Oberarm. Die Klinge stach gerade durch. Joy schrie auf und versuchte die Klinge aus seinem Fleisch zu rei\u00dfen. Doktor Weber wollte die Klinge herauszerren und wieder angreifen als ich sie mit meinem Schweif wegschleuderte. Was war nur aus ihr geworden?Ungeschickt zog ich die Klinge heraus und starrte auf die schreckliche Wunde. Eigentlich wollte ich meine ehemalige Ziehmutter erstechen, doch Sch\u00fcsse erklangen und Kugeln sausten durch die Luft. Eine traf mich am rechten Bein, ein gl\u00fchender Schmerz welcher mich aufschreien lie\u00df. Die Wachm\u00e4nner kamen n\u00e4her und wir mussten fliehen. Unsere Br\u00fcder und Schwestern w\u00fcrden sich hier um alles k\u00fcmmern, dies wusste ich. Jetzt war unsere Zeit und wir w\u00fcrden uns f\u00fcr alles r\u00e4chen. Wir trafen die anderen Beiden auf dem Weg zum Bootssteg. So nahe, wir waren so nahe. Hoffnung wuchs in uns, doch wir waren ersch\u00f6pft. W\u00fcrden wir es noch bis zur Nacht aushalten und dann die Schiffsfahrt schaffen? Ich wusste es damals nicht, aber die Hoffnung ist ja bekanntlich das letzte was stirbt. Der Kampf welcher um uns w\u00fctete war unerbittlich. Jede Seite wollte der Sieger sein und keiner war bereit aufzugeben. Unsere Wunden und alten Verletzungen schmerzten wie die H\u00f6lle selber. Tausende Nadeln welche uns qu\u00e4lten und folterten. Bei jeder unserer Bewegungen zuckten wir zusammen und verkniffen uns unsere Schreie. Die Kugeln hatten uns alle irgendwie erwischt. Zwar nur Streifsch\u00fcsse, aber es gen\u00fcgte. Die Nacht brach langsam herein. Unsere Kr\u00e4fte waren verbraucht und unsere Muskeln sagten, sie wollen aufh\u00f6ren. Das Boot stand bereit f\u00fcr unsere Flucht. Wir hatten es geschafft, ja, wir haben es geschafft. Tats\u00e4chlich k\u00f6nnen wir in die Freiheit entfliehen.\u201eLos Leute, auf nach Italien!\u201c, lachte Joy gequ\u00e4lt. \u201eHei\u00dft\u2026das\u2026wir sind\u2026frei?\u201c, fragte Lucien unsicher und half Silver vorsichtig in das Motorboot. \u201eJa, das hei\u00dft es.\u201c, murmelte ich und l\u00f6ste die Seile nachdem die anderen drinnen sa\u00dfen. Ich nahm sie mit ins Boot und musterte kurz den Motor. Okay, leichte Bedienung. Demon Project. Ein Ort, abgegrenzt von der Zivilisation. Ein Platz, welcher heute gefallen war. Boote starteten um uns herum, die Helikopter starteten und unsere Geschwister flohen wie wir in die Freiheit. Warum beeilten sie sich so sehr? Wollten sie den Sieg nicht genie\u00dfen?Die Antwort bekamen wir als wir schon einige Kilometer entfernt waren. Ein lauter Knall. Feuer erhob sich in die Luft und zerst\u00f6rte den Ort des Grauens. Und somit war Demon Project offiziell gestorben.",
            "wordcount": "708",
            "chapter_release": "15.02.2014",
            "chapter_number": "15"
        },
        "16": {
            "text": "Und hier w\u00e4re das letzte Kapitel, welches direkt mit der Erz\u00e4hlung von Silver zu tun \u0001 \u0002 allerletzte Kapitel wird sich dann um das Demon Project drehen, und erz\u00e4hlen, wie es dazu kam, warum und was das Ziel war. Au\u00dferdem werde ich in das letzte Kapitel 3 Bilder hinzuf\u00fcgen. N\u00e4mlich von unseren 3 Protagonisten. (Silver, Lucien und Joy. Lucy hab ich versucht zu zeichnen, hab es aber nicht hinbekommen)Joa...das war es dann xD__________________________________________________Kapitel 16-Neues LebenNun habt ihr fast alles erfahren, was damals an diesem Ort geschehen ist. Ihr habt gelesen, welches Grauen dort geschah und wie grausam Menschen sein k\u00f6nnen. Demon Project war nicht die Idee von Doktor Weber gewesen. Nein, es war die Idee der Regierung gewesen. Warum Demon Project \u00fcberhaupt geschaffen wurde, dies k\u00f6nnt ihr auf den letzten Seiten dieses Buches lesen. Doch jetzt, bevor ich unsere Geschichte abschlie\u00dfe, werde ich euch erz\u00e4hlen, was nach unserer Flucht geschehen \u0001 \u0002 Flucht ist relativ gut verlaufen. Wir haben zwar alle, neue Verletzungen davon getragen, aber wir waren froh, dass wir noch am Leben sind. Genau wie Joy es uns erz\u00e4hlt hatte, f\u00fchrte er uns zu seinen Verwanden. Zum Gl\u00fcck sprachen diese auch Englisch, sonst w\u00e4ren wir etwas aufgeschmissen gewesen. Mir erschien es so, als h\u00e4tten diese Menschen schon \u00f6fters mit D\u00e4monen zu tun. Sie zeigten keinerlei Angst vor Lucy und Lucien. Nein, sie schienen eher besorgt und halfen uns sofort. Bis heute bin ich Familie Mazzini dankbar f\u00fcr alles, was sie f\u00fcr uns \u0001 \u0002 waren die ersten, welche unsere Geschichte h\u00f6rte und auch die einzigen, welche sie uns glaubten. In den Medien wurde zwar von einer n\u00e4chtlichen Explosion erz\u00e4hlt, aber nirgendwo war zu h\u00f6ren, was genau dort passiert war. Einsatzkr\u00e4fte sind zu dem Ort geschickt worden, doch alles was sie fanden waren ausgebrannte Ruinen, Waffen und die verbrannten \u00dcberreste von Menschen. Niemand fand heraus, was auf der Insel geschehen ist. Und keine Seele hat Interesse daran. Signore Mazzini hatte zwar mal vorgeschlagen, das ich dieses Buch mal an die Zeitung schicken sollte, aber ich hatte nicht zugestimmt. Niemand w\u00fcrde uns glauben und selbst wenn wir ihnen Lucien oder Joy oder Lucy zeigen w\u00fcrden, sie w\u00fcrden nur die Polizei rufen und dann h\u00e4tten wir das Problem. Wir hatten aufgegeben, unsere Geschichte \u00f6ffentlich zu machen. Das Demon Project war gestorben und dies war auch gut so. Die Regierung hat gesehen, was passiert, wenn man starke Seelen einsperrt. Die Gefangenen werden eine Weile mitspielen, aber sie werden warten und irgendwann werden sie sich wehren und dann wird es \u0001 \u0002 Monate sind nach unserer Flucht vergangen und Familie Mazzini hat uns vollkommen aufgenommen. Irgendwie wollten sie nicht mal mehr, dass wir gehen. Ich fand es wirklich r\u00fchrend und somit haben wir beschlossen, auch etwas f\u00fcr die Familie zu \u0001 \u0002 der N\u00e4he fand ich einen Kindergarten in welchem ich arbeiten konnte. Die j\u00fcngste Tochter der Familie, Stella, ging auch in diesen und half mir beim italienisch lernen. Eine ungewohnte Sprache, aber ich bekam es halbwegs hin. Auch die Erzieherinnen halfen mir so gut sie konnten. Aber ich bemerkte ihre Blicke. Vor allem im Sommer war es sehr schlimm. Sie sahen die Narben, dachten sich sonst was und dies machte mich doch zum Teil sehr nerv\u00f6s. Nie haben sie gefragt, aber das war auch gut so. Sie h\u00e4tten mir doch eh nie \u0001 \u0002 Mazzini hatte mehrere Jobs. W\u00e4hrend ihre j\u00fcngste Tochter Stella in den Kindergarten ging und die \u00e4ltere ein Internat besuchte, arbeitete Viola in einem Krankenhaus und ihr Mann Marco arbeitete auf einem Feld und k\u00fcmmerte sich um die \u0001 \u0002 genau dort hatten Lucy und Lucien eine Chance zu helfen. Lucy fand ihren Spa\u00df auf dem Feld. Durch ihre St\u00e4rke konnte sie locker die Pfl\u00fcckmaschine ziehen, besser als es ein Ochse je h\u00e4tte machen \u0001 \u0002 k\u00fcmmerte sich, zusammen mit Joy, um die Tiere. Naja, f\u00fcr die Tiere war dies wohl eine Sache der Gew\u00f6hnung. Denn, ihr m\u00fcsst wissen, es ist ein sch\u00f6ner Anblick zu sehen wie ein D\u00e4mon und ein Vampir versuchen eine Kuh zu fangen, die nicht gemolken werden will. Aber, alles im allen, machten sich alle Drei sehr gut in ihrer Arbeit. Und auch Familie Mazzini war froh dar\u00fcber. Unser neues Leben war sch\u00f6n. Wir hatten wieder Mut und Freude gefunden, etwas, was uns nie wieder jemand nehmen kann. Doch hin und wieder kam mir doch ein Gedanke in den Kopf. Was, wenn Menschen meine Freunde sehen? Menschen, die nichts \u00fcber sie wissen und sie nicht akzeptieren wollen? Bis jetzt hatten wir Gl\u00fcck. Die Felder sind versteckt und kaum ein Mensch besuchte diese mal und die St\u00e4hle der Tiere sind beim Grundst\u00fcck der Familie. Ich mache mir Sorgen das irgendwann doch ein Mensch sie sieht und Panik kriegt. Aber, nein. Keine Sorgen mehr, keine \u00c4ngste mehr. Jeder von ihnen hat sich an das menschliche, normale gew\u00f6hnt und kommt mit diesem klar. Sie kommen mit dem menschlichen Essen und den allt\u00e4glichen Gewohnheiten vollkommen aus. Niemand muss sie f\u00fcrchten und irgendwann wird das jeder Mensch verstehen k\u00f6nnen. Dieses Buch ist ein Beweis. Und zwar daf\u00fcr, das nicht immer die Monster das B\u00f6se sind. Die Menschen sind das versteckte B\u00f6se, der Wolf im Schafspelz und der Spieler bei Schach. Er bewegt die Figuren und entscheidet \u00fcber jeden Zug. Der Mensch meint, er muss kontrollieren und herrschen, er denkt, er w\u00e4re der K\u00f6nig. Unschlagbar und besch\u00fctzt von einem starken Herr. Aber stellt man es geschickt an und ist mutiger als die Armee, kann schon ein kleiner Bauer den K\u00f6nig schlagen und das Spiel gewinnen. Es hat viel gebraucht damit ich dies verstanden habe, doch ich habe es kapiert und bin froh dar\u00fcber. Demon Project war eine Anlage des Grauens und des B\u00f6sen, doch es hat mir die Augen ge\u00f6ffnet und mir die Wahrheit gezeigt. Vielleicht waren die Menschen nicht so b\u00f6se wie ich immer dachte, aber sie haben dem B\u00f6sen gedient und haben falsch gehandelt. Daf\u00fcr wurden sie bestraft. Ich wei\u00df nicht, wer oder was sie geleitet hat, aber ich wei\u00df, dass sie vielleicht nur gutes wollten. Aber die Menschen dort waren blind und haben nicht gesehen, dass die Wesen, welche sie einsperren, nicht b\u00f6sartig waren. Es brauchte doch nur etwas Vernunft, Offenheit und Verst\u00e4ndnis und schon sah man, dass diese Kreaturen nicht b\u00f6se sind. Nur haben dies die Arbeiter dort nie erkannt. Hier mit werde ich mein Buch beenden. Glaubt mir oder nicht, es ist mir egal. Ich habe euch genau beschrieben, was mir passiert ist und habe euch so gut ich konnte erz\u00e4hlt, dass meine Freunde gut sind. Ob ihr nun auch versteht, was ich kapiere, dies ist eure Sache. Stempelt es als dummes M\u00e4rchen ab oder als wahren Bericht. Ich mische mich da nicht ein. Demon Project gab es wirklich und auch Doktor Weber war real. Lucien, Joy, Lucy, Jack und all die anderen Kreaturen leben nun unter uns. Michael, Maria und John gab es wirklich. Jeder Mensch und jeder D\u00e4mon war \u0001 \u0002 ihr mir nun glaubt oder nicht, es ist mir egal. Dies war meine \u0001 \u0002, Silver Annabell Chester, 22 Jahre alt und mir wurden die Augen ge\u00f6ffnet\u2026",
            "wordcount": "1.180",
            "chapter_release": "15.02.2014",
            "chapter_number": "16"
        },
        "17": {
            "text": "Und...das letzte Kapitel .\u0001 \u0002 Dank an alle meine Leser und ein gro\u00dfes Danke f\u00fcr eure lieben Reviews :>*Kekse verteil*Und hier die Bilder:http://darkness-\u0001 \u0002.com/art/Lucien-434777821(Lucien ganz am Anfang in seiner Zwangsjacke xD )http://darkness-\u0001 \u0002.com/art/Joy-447460509(Joy)http://darkness-\u0001 \u0002.com/art/Silver-447460744(Und Silver gegen Ende der Geschichte. Der rote Schal steht f\u00fcr Gefangenschaft und das wei\u00df des Oberteils f\u00fcr Freiheit)Joa, dann w\u00fcnsche ich noch sehr viel Spa\u00df beim lesen des letzten Kapitels und ich hoffe sehr, das alle Fragen \u00fcber das Demon Project somit gel\u00f6st werden :3_______________________________________________Kapitel 17-Demon ProjectWas ist Demon Project?Demon Project wurde von der Regierung, den Pr\u00e4sidenten jedes Landes, gegr\u00fcndet. Sein Hauptsitz war eine unbekannte Insel vor der K\u00fcste Italiens. Warum wurde es gegr\u00fcndet?Der Regierung wurde eines klar. Auf der Welt existiert mehr als wir dachten. Somit wollten sie einen Weg finden, die Monster, welche die Erde bev\u00f6lkern, ohne gro\u00dfes Aufsehen verschwinden zu lassen. Und so wurde das Demon Project ins Leben gerufen. Zusammen mit Doktor Weber und einigen freiwilligen Mitarbeitern aus aller Welt, wurde vor der K\u00fcste Italiens der riesige Geb\u00e4udekomplex aufgebaut. Fahrzeuge, Maschinen und Werkzeuge, alles was n\u00f6tig war, wurde \u0001 \u0002 Ziel wurde verfolgt?Den Arbeitern wurde eines klar. Diese Monster, welche sie eingefangen haben, hatten Gaben welche der Menschheit helfen konnten. Sie hatten eine schnelle Heilung, Kraft und Geschwindigkeit. Manche lernten und merkten sich Dinge schneller als ein Supercomputer, andere konnten sich im Schatten bewegen und wieder andere konnten sich verwandeln. Es wurde zum Ziel, diese Gaben auch auf den Menschen zu \u00fcbertragen. Was wurde genau in Demon Project gemacht?Das Hauptziel ist ja nun bekannt. Im Demon Project wurden die Monster gefangen, erforscht und genau untersucht. Es wurde versucht ihr Verhalten zu verstehen und hinter ihre Geheimnisse zu \u0001 \u0002 wurden neue und deutlich bessere Medikamente hergestellt welche daf\u00fcr sorgen, dass menschliche Wunden schneller heilen. Diese wurden meist aus dem Blut von D\u00e4monen hergestellt. Das Hauptprogramm waren allerdings die Experimente. Es wurde versucht, die D\u00e4monen an ihre Grenzen zu bringen um zu sehen, wann ihre Kr\u00e4fte zu Ende w\u00e4ren. Dies wurde auf brutalste Art \u0001 \u0002 geschieht wenn jemand im Demon Project stirbt?Die Leichen werden in ein Geb\u00e4ude gebracht und dort in S\u00e4ure aufgel\u00f6st. Es ist egal ob ein Mitarbeiter oder ein Insasse stirbt, es wird einfach weitergemacht als ob nie etwas geschehen w\u00e4re. Was wird nun aus Demon Project?Die Regierung hat beschlossen das Project kalt zu legen. Die \u00dcberreste werden vernichtet und weggeschafft. Ob ein \u00e4hnliches Programm wieder gestartet wird, steht nicht fest. Allerdings hat sich die Regierung vorl\u00e4ufig dagegen entschieden.",
            "wordcount": "445",
            "chapter_release": "15.02.2014",
            "chapter_number": "17"
        },
        "2": {
            "text": "Der Anfang\u201eEs wird sicher nicht gef\u00e4hrlich sein\u201c, sagt Mark, der Sohn des Chefs der Clerton\u2019s Gen Technologie, zu seinem Vater. \u201eOkay, aber du tr\u00e4gst die Verantwortung!\u201c, gibt ihm sein Vater zur Antwort und deutet ihm, dass er sein B\u00fcro verlassen soll. Mark geht. Endlich hatte er es geschafft seinen Vater zu \u00fcberreden.\u201eUnd, was hat er gesagt?\u201c, fragt Victor, der ihm abfing, als er das B\u00fcro seines Vaters verlie\u00df. \u201eIch habe die Erlaubnis!\u201c, sagt Mark stolz, wenn er gewusst h\u00e4tte, was das alles f\u00fcr Folgen hat\u2026\u201eDann lass uns beginnen!\u201c, ruft Victor, am liebsten h\u00e4tte er einen Luftsprung gemacht. Sie betreten das Labor und bereiten alles vor. Das Versuchstier hatten sie am Vortag auf der Wiese vor dem Firmengeb\u00e4ude gefangen. Sie wollen eine Heuschrecke genmanipulieren. \u201eGlaubst du, funktioniert es?\u201c, fragt Victor gespannt.\u201eJetzt k\u00f6nnen wir nur mehr abwarten, was passiert. Habe Geduld, Vic!\u201c, sagt Mark zu seinem Freund, klopft ihm auf den R\u00fccken und verl\u00e4sst das Labor. Vic folgt Mark.\u201eAm besten, wir ruhen uns jetzt mal aus und schauen, morgen, ob sich was ver\u00e4ndert hat\u201c, schl\u00e4gt Mark vor und verl\u00e4sst mit Vic das Geb\u00e4ude.(grey)",
            "wordcount": "190",
            "chapter_release": "19.12.2008",
            "chapter_number": "2"
        },
        "3": {
            "text": "Der PlanAm n\u00e4chsten Morgen schl\u00e4ft Mark noch lange. Vic ist schon sehr fr\u00fch am Morgen im Labor und sitzt vor seinem Bildschirm. Doch schlie\u00dflich l\u00e4utet auch mal Mark\u00b4s Wecker. Er streckt sich und setzt sich mit einem Ruck auf, zieht sich an und schl\u00fcpft in seine Batschen. Als er ins Labor kommt sieht er Victor schon auf seinem Drehsessel sitzen. Verwundert blickt er zuerst ihn an und dann Locust One. \u201eOh mein Gott! Was hast du nur mit ihm gemacht?!\u201c\u201eIch glaube ich hab ihn etwas aufgemotzt\u2026.\u201c, als er das sagt, setzt er ein freches Grinsen auf.\u201eDas glaub ich doch nicht! Mein Vater hat mir sein Vertrauen geschenkt und du versaust nun alles! Was machst du, wenn es zu stark wird und dann ausbricht?! Wie soll ich das dann meinem Vater erkl\u00e4ren?!\u201c\u201eJaja\u2026 Jetzt komm mal wieder runter. Es ist doch nicht so, als ob unser lieber Locust von einem Tag auf den anderen so viel wachsen k\u00f6nnte, dass er schon ausbrechen k\u00f6nnte!\u201c\u201eDu spinnst doch?! Er ist fast um zwanzig Zentimeter gewachsen! Und es steht auch schon aufrecht auf vier Beinen!\"\u201eJa eben\u201c, fl\u00fcstert Victor schon fast, \u201eWir k\u00f6nnten ihn zum Beispiel im Krieg verwenden. Stell dir mal vor, wie viel Geld wir damit verdienen k\u00f6nnten\u2026\u201c\u201eEs ist egoistisch!\u201c\u201eWieso?! Wieso sollten wir unsere Entdeckung nicht einsetzten d\u00fcrfen?!\u201c\u201eWeil es\u2026. Weil es\u2026. Ich hab\u00b4 ja auch keine Ahnung!\u201c\u201eNa also, hilfst du mir dabei, Locust zu vergr\u00f6\u00dfern?\u201c\u201eNein! Da will ich nicht mit hinein verwickelt werden! Und ich will ja nicht einmal dass du es tust!\u201c \u201eVon mir aus! Mach DU doch was du willst\u2026 ich werd\u00b4 mich jedenfalls nicht von dir abhalten lassen! Nicht von dir und auch nicht von deinem Vater!\u201c\u201eUnd was, wenn ich\u00b4s ihm erz\u00e4hle?! Wenn er dich feuert?!\u201c\u201eEr wird mich nicht feuern! Glaub mir das!\u201c\u201eJa, mag sein, dann hilft\u00b4s halt nicht, wenn ich\u00b4s ihm sag, doch dann bitte ich dich\u2026 als bester Freund\u2026 Sei so gut\u2026\u201c\"Aber...\"\"Ich habe dir vertraut! Und au\u00dferdem...\"\"Schon gut, ... Mark. Ich werde mich mit dem Experiment zur\u00fcckhalten... Aber mach dir nicht zu gro\u00dfe Hoffnungen\u2026 Versichern kann ich nichts!\u201cMark ahnt nichts von Vics weiterem Vorhaben. (darkbloood)",
            "wordcount": "370",
            "chapter_release": "19.12.2008",
            "chapter_number": "3"
        },
        "4": {
            "text": "Die F\u00fctterung\"Gib dem Experiment das Futter rein!\", schaffte Victor an. Das Wesen in der Zelle hinter der f\u00fcnf-zentimeter-dicken Glaswand regt sich kaum, als die Kohlk\u00f6pfe durch den Schacht rollen und schlie\u00dflich vor seinen F\u00fc\u00dfen landen.\u201eWas sollen wir nur machen,.... es reagiert einfach auf kein Futter!\", beklagte sich Mark. \u201eGib einfach mal mehr Fleisch rein!\u201c, dr\u00e4ngte Victor. \u201eIch glaub\u00b4 zwar kaum, dass das funktioniert, aber wir k\u00f6nnen\u00b4s ja versuchen!\u201c Der Schacht schlie\u00dft sich, das Poltern dringt sogar durch die Glaswand und in die Ohren der Forscher. Dann \u00f6ffnet er sich wieder und ein halbes Huhn kommt heraus. \u201eAber gib ihm ja nicht zu viel, es k\u00f6nnte sonst zu stark werden und dann besteht die Gefahr, dass es ausbricht!\u201c, warnte Mark weiter. \u201eJaja, ich werd\u00b4 schon dran denken\u2026\u201c, kam ihm Victor entgegen. Das Wesen macht sich \u00fcber sein Futter her. Es benutzt seine Messer-Klauen und zerrei\u00dft damit mit Leichtigkeit das Huhn. \u201eSiehst du! Es ist schon jetzt zu stark! Wir d\u00fcrfen ihm ja nicht zu oft so ein Futter geben!\u201c, f\u00fcrchtete Mark. \u201eWas soll es denn dann fressen?!\u201c \u201eKeine Ahnung, denk dir halt was aus!\u201c, sagte Mark.\u201eClerton! Du bist so ein Feigling!\u201c, schimpfte Victor zur\u00fcck. Die beiden sehen Locust One noch eine Weile zu. \u201eIch werd\u00b4 dann mal Feierabend machen\u201c, sagte Mark w\u00e4hrend er seinen Computer ausschaltet, \u201eIch bin schon m\u00fcde heute. Mach aber ja keinen Schei\u00df mit Locust!\u201c \u201eJaja ich stell schon nichts an!\u201c, entgegnete Victor. \u201eOkay dann mal Tsch\u00fcss bis heute!\u201c \u201eJa Tsch\u00fcss und gute Nacht!\u201c.Victor sitzt noch ein paar Stunden vor dem Monitor und betrachtet das Wesen. \u201eWas wohl passiert, wenn ich dir, mein lieber Locust, meinen Trank g\u00e4be\u2026\u201c (darkbloood)",
            "wordcount": "283",
            "chapter_release": "19.12.2008",
            "chapter_number": "4"
        },
        "5": {
            "text": "Kapitel 5-Rei\u00dfendes FleischMinuten verstrichen. Zeit, welche ich nicht wahrnahm. W\u00fcrde er mein Leben jetzt beenden? Seine Z\u00e4hne in mein Fleisch bohren, es zerrei\u00dfen, mich einfach so umbringen?Angst lie\u00df mein Herz schneller schlagen. Immer schneller und langsam bekam ich das Gef\u00fchl, dass es irgendwann nicht mehr schlagen w\u00fcrde. Lucien fletschte die Z\u00e4hne und kniff seine tiefblauen Augen zusammen. \u00dcberlegte er etwa jetzt wo er mir zuerst das Fleisch vom K\u00f6rper rei\u00dfen sollte?Widerliche Schauer krochen durch meinen K\u00f6rper wie tausende, winzige Spinnen. Ich wollte weg, einfach nur weg. 3 Tage musste ich noch leben, dann konnte ich an diesen Tests mitmachen und k\u00e4me endlich aus diesen \u0001 \u0002 liefen mir aus den Augen und flossen \u00fcber meine Wangen. Sterben, ich w\u00fcrde sterben. Diesem war ich mir sicher. Der D\u00e4mon \u00f6ffnete leicht seinen Mund und grinste breit. Schneller als ich schaue konnte schleuderte er mich neben sich und umklammerte mit beiden H\u00e4nden meinen rechten Arm. Panisch schloss ich die Augen, bereit auf den kommenden Schmerz und das Leid. Warmer Atem. Spitze F\u00e4nge welche an meiner Haut kratzten. Mein gesamter K\u00f6rper zitterte und meine Muskeln lie\u00dfen sich nicht mal mehr bewegen. Langsam bohrten sich diese m\u00f6rderischen Z\u00e4hne in meinen Arm und l\u00f6sten einen schrecklichen Schmerz aus. Ich schrie und versuchte meinen Arm zu befreien. Die Schmerzen wurden gr\u00f6\u00dfer und lie\u00dfen mich lauter Schreien. In meiner Panik umklammerte ich mit meinem freien Arm eines seiner Handgelenke. Was ich sp\u00fcrte, verwirrte mich \u0001 \u0002 ein St\u00fcck seiner Haut? Es f\u00fchlte sich wirklich so an als h\u00e4tten sie ihm ein rundes St\u00fcck aus dem Handgelenk geschnitten. Ich dr\u00fcckte mit aller Kraft zu und hatte damit \u0001 \u0002 lie\u00df ruckartig von meinem Arm ab und schrie gellend auf. Fauchend hielt er sich sein Handgelenk und sch\u00fcttelte mehrmals den Kopf. Blut, mein Blut, klebte an seinen Lippen und dieser Anblick lie\u00df mich in vollkommener Panik ausbrechen. So schnell ich konnte sprang ich auf die Beine und rannte auf die Glast\u00fcr zu. Immer wieder und wieder knallte ich mich dagegen. Mir war klar, dass diese Tat Schwachsinn war. Dieses Glas bek\u00e4me ich nie durch. Minutenlangen knallte ich mich gegen das dicke Glas bis ich zu Boden sank. Schweratmend lehnte ich an der durchsichtigen Wand. Meine Schulter pochte, mein Unterarm blutete und schmerzte wie die H\u00f6lle auf Erden. M\u00fcde betrachtete ich die Wunde und schauderte. Mein gesamter Arm war rot, Blut tropfte von meinen Fingern auf den Boden. Mehrere tiefe Einstiche zeigten wo sich die Z\u00e4hne des D\u00e4mons in mein Fleisch gebohrt hatten. Mein K\u00f6rper zitterte. Obwohl ich schon im Halbschlaf war sp\u00fcrte ich noch immer die schrecklichen Schmerzen. Ich war m\u00fcde, unsagbar m\u00fcde. Ein leises Fauchen, eher ein Winseln, lie\u00df mich zusammenzucken und den Kopf langsam heben. Lucien sa\u00df etwa einem Meter vor mir, den Kopf gesenkt und den Blick auf mich gerichtet. Keine B\u00f6sartigkeit und keine Wut war darin zusehen, eher sowas wie\u2026wie Scheu?Anders konnte ich es nicht \u0001 \u0002 fauchte er leise und legte etwas vor sich hin. Ein Verband? Verwirrt betrachtete ich den D\u00e4mon eingehend und blinzelte fragend. Lucien rutschte n\u00e4her und stupste den Verband in meine Richtung. \u201eS\u2026S\u2026\u201c Verwundert blinzelte ich wieder und rutschte ebenfalls etwas n\u00e4her. Hatte er gerade versucht zu reden? Es klang fast so, k\u00f6nnte aber auch einfach nur Zischen gewesen sein. Er konnte nicht sprechen, dies hatte ich schon l\u00e4ngst gemerkt. Vorsichtig streckte ich den Arm aus und wollte nach dem Verband greifen als Lucien nach diesem Griff und ihn festhielt. Diesmal war sein Griff nicht so fest und ich wehrte mich nicht. Ich merkte langsam dass hier etwas nicht stimmte. Dieser Ort, war seltsam. Diese Leute waren merkw\u00fcrdig und f\u00fchrten etwas im Schilde. Lucien hatte zwei Facetten. Dies merkte ich an diesem Tag. Das b\u00f6sartige und grausame Monster. Das neugierige, seltsame Wesen welches versuchte meinen Arm zu verbinden. Diese Menschen taten etwas mit dieser Kreatur. Wer wei\u00df was hier noch hauste? Ich brauchte einen Plan, einen Plan um dies herauszufinden. Und diesen Plan hatte ich schon im Hinterkopf. Ich musste nur nochmal mit Michael reden und ihn davon \u00fcberzeugen. Ich wei\u00df nicht wer dieses Buch jemals lesen wird. Aber ihr werdet bald das wahre Grauen an diesem Ort \u0001 \u0002 fing mit dem Schreiben dieses Tagebuchs an nachdem ich von diesem Ort ausbrechen konnte. Zusammen mit mir sind auch einige Bewohner dieses Ortes geflohen. Sie leben jetzt bei mir, auch wenn es manchmal anstrengend \u0001 \u0002 werdet ihr lese k\u00f6nnen, wie diese Kreaturen wirklich sind.",
            "wordcount": "748",
            "chapter_release": "15.02.2014",
            "chapter_number": "5"
        },
        "6": {
            "text": "Nur Info: Morgen werde ich sehr wahrscheinlich keine Kapitel hochladen k\u00f6nnen, Besuch <3 __________________________________________________Kapitel 6-JoyMichael kam am n\u00e4chsten Tag nachdem Maria mit Lucien verschwunden war. Sie sagte, sie will sich nur seine Verletzung anschauen, aber ich vermute da steckt mehr \u0001 \u0002 bot mir an mit ihm eine Runde Schach zu spielen. Ich willigte ein, obwohl ich noch nie gespielt hatte.\u201eSag mal. Au\u00dfer D\u00e4monen, was gibt es hier noch f\u00fcr Wesen?\u201c\u201eNun. Wir besitzen auch noch einen Vampir, zwei Gestaltwandler und eine Lamia. Ansonsten sind die meisten Bewohner hier D\u00e4monen. Allerdings gibt es unter diesen auch viele unterschiedliche Arten. Lucien zum Beispiel wird als gew\u00f6hnlicher D\u00e4mon bezeichnet. Jack, ein anderer Bewohner, als Schattenspringer. Es gibt unglaublich viele unterschiedliche Arten. Es ist faszinierend, nicht wahr?\u201cGrinsend bewegte er einen Bauern vor und schaute mich an. Ungl\u00e4ubig schaute ich zur\u00fcck und r\u00e4usperte mich kurz.\u201eIch\u2026ich w\u00fcrde gerne mal einen anderen\u2026Bewohner sehen.\u201c, murmelte ich. Michael betrachtete mich fragend, als pl\u00f6tzlich ein lauter, schriller Schrei durch den Flur halte. Erschrocken sahen wir Beide zur T\u00fcr. Michael sprang auf die Beine und ich folgte ihm etwas ungeschickt. Das Bild, welches sich auf dem Flur uns zeigte, schien aus einem Alptraum zu \u0001 \u0002 M\u00e4nner in schwarzer Kleidung lagen am Boden, ihre Kehlen waren vollkommen zerfetzt und kleine Bluttropfen fielen zu Boden. Blut klebte an den W\u00e4nden, lief zu Boden. Die Person welche dies angestellt hatte hielt eine Frau in Schwarz an die Wand gedr\u00fcckt. Maria\u2026Sie zappelte und versuchte die Person mit einem seltsamen Gegenstand zu erwischen. Ich wurde blass als ich erkannte was es war. Das Ger\u00e4t war rund, vorne wirkte es wie ein Pl\u00e4tzchenausstecher mit einer langen Nadel in der Mitte. Die Gr\u00f6\u00dfe des Ger\u00e4tes stimmte mit der Verletzungen an Lucien\u00b4s Handgelenk \u00fcberein. Die Person welche Maria an die Wand dr\u00fcckte war ein Junge. Er war jung, vielleicht 13 oder 14 und besa\u00df wirre, hellbraune Haare die bis \u00fcber die Schultern fielen. Seine Augen waren ein leuchtendes Rot, besa\u00dfen keine Pupille, kein wei\u00df. Der gesamte Augapfel war rot. Die Haut des Jungen war wei\u00dfer als Schnee und aus seinem zu einem Grinsen verzogenem Mund ragten\u2026lange, blutige\u2026\u0001 \u0002 erstarrt blickte ich den Jungen an. Michael trat auf ihn zu. Er hatte keine Angst und schien den Jungen zu kennen. \u201eJoy! H\u00f6r sofort auf!\u201c, br\u00fcllte Michael. Der Junge, Joy, blickte fragend auf und fixierte Michael mit diesen starren Augen. F\u00fcr einen Moment schien er Maria loslassen zu wollen, doch ohne jede Vorwarnung zerrte er diese von den Beinen, knallte sie gegen die n\u00e4chste Wand und vergrub diese m\u00f6rderischen F\u00e4nge in ihrer Kehle. Mir wurde schlecht als ich sah wie sich die Z\u00e4hne des Jungen wieder aus der Haut zerrten und wieder zuschnappten. Immer und immer wieder tat er dies bis der Hals der Frau nichts weiter als ein Fleischfetzen war. Michael packte Joy mit festem Griff am Nacken und zerrte die Kreatur von Maria weg. Sie fiel r\u00f6chelnd zu Boden. Oh Gott. Sie lebte noch. Joy zappelte und schnappte nach Michaels Hand. Das Ger\u00e4usch der zusammenschlagenden Z\u00e4hne lie\u00df mich schaudern. \u201eLass mich los! Loslassen du verdammter Vollidiot! Sie hatte es verdient! Diese widerliche Schlampe hat es drauf angelegt!\u201c, schrie der Junge. Er sprach! Er konnte tats\u00e4chlich reden!\u201eVerzeih Silver. Dies ist Joy. Normalerweise sitzt er in seiner Zelle. Aber anscheinend hat er sich befreit.\u201cFassungslos starrte ich den Jungen an. W\u00fctend starrte er zur\u00fcck und zeigte die Z\u00e4hne. \u201eV\u2026Vampir\u2026\u201c, nuschelte ich und trat einen Schritt \u0001 \u0002 lachte fr\u00f6hlich und versuchte sich wieder zu befreien.\u201eRichtig erfasst S\u00fc\u00dfe. Und du bist also jene welche \u00fcberlebte. Freut mich wirklich. Hoffentlich \u00fcberlebst du auch noch die Tests. Will ja nichts sagen, aber sie werden dir nicht gefallen Schnuckel.\u201cMein Plan k\u00f6nnte klappen, dem war ich jetzt sicher. Jetzt musste ich nur noch den ersten Schritt \u0001 \u0002 brachte Joy in seinen Raum. Die R\u00e4ume sahen ja fast alle gleich aus, zumindest vom Aufbau. \u201eEs ist schon das zweite Mal das er ausgebrochen ist. Ich frage mich wie er das immer schafft\u2026\u201cMichael sch\u00fcttelte den Kopf und seufzte leise. Neugierig beobachtete ich Joy. Er stand am Fenster und starrte uns Beide durchdringend an. Seine Augen jagten mir schreckliche Angst ein.\u201eIch muss Bericht erstatten. Kann ich Sie hier alleine lassen oder wollen sie lieber wieder in ihren Raum?\u201c\u201eIch\u2026ich kann hier bleiben.\u201c\u201eSieh einer an. Du und der Idiot scheint euch zu vertragen.\u201c, lachte Joy und blickte mich durch das Glas an. \u201eVertrau dem aber nicht. Das bringt nichts\u2026Die werden dich t\u00f6ten und auch Lucien wird irgendwann sterben\u2026\u201cZ\u00f6gernd trat ich ans Glas und blickte den Vampir an. \u201eWie hast du es geschafft auszubrechen?\u201c Joy lachte und deutete an die Decke.\u201eLuftschacht. Die Deppen denken ich komme da nicht hin, aber da t\u00e4uschen sie\u2026warum fragst du das?!\u201cDer Vampir zeigte die Z\u00e4hne und kniff die Augen zusammen. \u201eI\u2026Ich will hier weg. Hier stimmt etwas nicht und\u2026ich ertrage es hier nicht.\u201c\u201eUnd du glaubst ich k\u00f6nnte dir helfen?\u201cIch nickte knapp und schluckte schwer. Joy verschr\u00e4nkte die Arme und lachte leise.\u201eNun. Gl\u00fcck, ich kann helfen. Ich kenne jeden Winkel dieses Ortes. Machen wir einen Deal. Ich sorge daf\u00fcr dass du hier weg kommst. Im Gegenzug nimmst du mich aber mit wenn du fliehst und besorgst mir ein zu Hause. Klar?\u201cIch nickte ernst und schluckte schwer.\u201eEinverstanden\u2026\u201cIch wei\u00df dass es f\u00fcr euch seltsam sein wird. Ich verb\u00fcnde mich mit einem Vampir. Aber bald wird sich herausstellen das Joy mehr als nur n\u00fctzlich sein wird. Die Leute hier sind schlimmer als ich erahnen kann. Denn morgen beginnen die Experimente\u2026",
            "wordcount": "936",
            "chapter_release": "15.02.2014",
            "chapter_number": "6"
        },
        "7": {
            "text": "Und jetzt beginnt das Grauen. Vielleicht etwas...naja...kranker, ich warne halt mal vor xD __________________________________________________Kapitel 7-Das ExperimentWenn ich dachte, das Labor w\u00e4re ein schrecklicher Ort, so hatte ich mich geirrt. Die Experimente w\u00fcrden jetzt beginnen und das wahre Grauen w\u00fcrde sich endlich \u0001 \u0002 musste gegen Nachmittag sein als ein breitschultriger, blasser Mann ohne Haare und mit kalten Augen den Vorraum betrat. Lucien wich sofort zur\u00fcck und knurrte w\u00fctend. Dieser unheimliche Mann war also Maria\u00b4s Nachfolger?Ohne eine Miene zu verzerren betrat er den Raum und verschr\u00e4nkte die Arme.\u201eIch bin John. Ich werde euch Beide nun in den Raum bringen.\u201c, sprach er mit kalter Stimme. Er und zwei andere schwarze M\u00e4nner packten uns und zerrten uns ohne ein Wort aus dem \u0001 \u0002 Raum. Um zu diesem zu gelangen mussten wir aus dem Labor in das nebenliegende Geb\u00e4ude. Dieses schien nur aus einem langen, wei\u00dfen Flur und 3 T\u00fcren zu bestehen. Die M\u00e4nner bef\u00f6rderten uns durch die mittlere T\u00fcr. Der Raum welcher dahinter lag erinnerte mich an eine unheimliche Folterkammer. 2 metallische Tische welche wie Streckb\u00e4nke aufgebaut waren. Handschellen baumelten von den Decken und an den W\u00e4nden hingen die seltsamsten Ger\u00e4tschaften. Ein eisiger Schauer lief mir \u00fcber den R\u00fccken. Dieser seltsame Geruch welcher in der Luft hing, so musste der Tod riechen.\u201eBehaltet die Ratte hier. M\u00e4dchen, du folgst mir.\u201cJohn packte mich am Nacken und zerrte mich mit sich. Ein leiser Schrei drang mir aus der Kehle als seine raue Haut mein Genick dr\u00fcckte. Ich h\u00f6rte das Rascheln einer Kette und ein leises Knurren. Was hatten die hier nur vor?John stie\u00df mich auf einen dieser Tische, dr\u00fcckte mich darauf und schnallte meine Handgelenke und Kn\u00f6chel fest. Das raue Leder der Riemen kratzte an meiner Haut und der kalte Angstschwei\u00df lief mir \u00fcber die Stirn.\u201eKettet die Kreatur an. Nicht das er euch zu Hackfleisch verarbeitet. Mal sehen wie sehr er an dem kleinen H\u00e4ppchen h\u00e4ngt\u2026\u201cIch verstand dies alles nicht. Was hatten sie hier vor? Ich will das nicht, nein, lasst uns gehen!Aus den Augenwinkeln konnte ich sehen wie die anderen zwei M\u00e4nner Lucien an der Wand festkettet. Der D\u00e4mon schnappte nach ihren H\u00e4nden, fauchte und versuchte sich loszurei\u00dfen. Wie sehr er an mir hing? Wie wollten die dies denn testen?John winkte kurz die zwei M\u00e4nner weg, trat dann an die Wand mit den seltsamen Ger\u00e4ten.\u201eDann holen wir uns mal unsere Gewebeproben\u2026\u201cGewebeproben? Der wollte mir doch wohl nicht Haut abschneiden, oder?John griff nach einem l\u00e4nglichen, schwarzen Metallstab. War das nicht so ein Teil was Maria in der Hand hatte als Joy sie\u2026? Oh \u0001 \u0002 Kerl trat neben mich, zerrte den \u00c4rmel meines Pullovers hoch und setzte das Ger\u00e4t an. Das kalte Metall lie\u00df mich schaudern und ich fing an zu zittern. Ein brennender Schmerz, das Zerschneiden von Haut und als sich das Ger\u00e4t entfernte, floss Blut aus einer runden Fleischwunde. Ich zog die Luft scharf ein. Es brannte wie Feuer als ich meine Hand zur Faust ballte, die Muskeln anspannte und versuchte mich gegen die Riemen zu stemmen. Wieso tat er dies? Zitternd sah ich wie John auf einen kleinen Tisch zutrat auf welchem eine Metallschale lag. Er dr\u00fcckte einen Knopf an dem Ger\u00e4t und ein St\u00fcck Haut mit Fleisch fiel in die Schale. \u201eSo. Dann beginnen wir mal mit unserem Test.\u201cEgal was ihr euch unter diesen \u201eTests\u201c vorgestellt habt. Vergesst es und lest selber welcher Horror das war. Ich konnte verstehen warum Lucien sich so verhalten hatte und warum Joy hier weg will. Denn dies war die schlimmste Zeit meines Lebens. John stellte den Tisch senkrecht und stellte dann einen Schiebewagen neben diesen. Ich sah wie er eine gro\u00dfe Spritze ergriff. Eine seltsame, gr\u00fcne Fl\u00fcssigkeit schwappte in dieser und lie\u00df mich alle Farbe im Gesicht verlieren. Panisch schloss ich die Augen und versuchte nicht zu schreien als sich die Nadel gnadenlos in meinen Arm bohrte.\u201eDie sorgt nur daf\u00fcr dass du nichts sp\u00fcrst\u2026Wir wollen ja keinen Geh\u00f6rsturz.\u201c, lachte John \u0001 \u0002 h\u00f6rte das Rascheln einer Kette, w\u00fctendes Fauchen und Knurren. Lucien, h\u00f6r auf. H\u00f6r auf, du Dummkopf und sei ruhig! Oder willst dass der Kerl dir auch weh tut?Z\u00f6gernd \u00f6ffnete ich meine Augen. Ich sp\u00fcrte meinen K\u00f6rper nicht mehr. Ich konnte ihn nicht bewegen. Panik stieg in mir auf. Meine Augen konnte ich bewegen, aber mein K\u00f6rper! Nichts, gar nichts! Was war das denn bitte f\u00fcr ein Bet\u00e4ubungsmittel?!\u201eDann fangen wir mal an.\u201cJohn griff hinter sich und hielt als n\u00e4chstes ein langes, funkelndes Skalpell. Angst weitete meine Augen als er das Ger\u00e4t an meiner Armbeuge ansetzte und es langsam, grinsend nach unten zog. Diesem folgte eine rote Linie aus Blut welches auf den Tisch floss. Ich sp\u00fcrte es nicht, aber die Schmerzen w\u00fcrden sp\u00e4ter noch kommen. Ich sah wie sich die Kette welche Lucien an die Wand kettete sich strafte, wie er nach Luft schnappte und immer wieder nach vorne sprang. Springen, Luft schnappen und wieder. Lass es doch du Dummkopf! Genau das will er doch sicher. \u201eInteressant. Anscheinend ist er doch nicht so dumm wie wir es annahmen.\u201c, murmelte John und legte das blutige Skalpell auf den Tisch. Als n\u00e4chstes nahm er eine Schere, griff nach meinen Haaren und schnitt es einfach ab. Immer mehr Str\u00e4hnen bis ich nur noch eine kurze, stachelige Frisur hatte. L\u00e4chelnd hielt er die Haare in der Hand und trat auf den tobenden D\u00e4mon zu. Ich sah wie er ihm die Haare unter die Nase hielt und etwas sagte was ich nicht verstand. Lucien legte den Kopf schief, roch an den Haaren und weitete die Augen. Blitzartig schnappte er nach John\u00b4s Hand. Das einzige was dies brachte war eine schallende Ohrfeige.\u201eIch arbeite normalerweise mit Lucy! Da musst du mehr bringen als dies du verwahrloste Kreatur!\u201c\u201eL\u2026L\u2026\u201cLucien \u00f6ffnete immer wieder den Mund, streckte seine Zunge heraus und funkelte John eiskalt an.\u201eLu\u2026Lucy\u2026n\u2026nicht\u2026wi\u2026wichtig. S\u2026S\u2026Silver\u2026lass\u2026g\u2026gehen!\u201cJohn grinste und lie\u00df die Haare zu Boden fallen.\u201eKannst also doch reden. Nun. Sicher kann man dies vertiefen.\u201cNachdem John etwas auf ein Klemmbrett geschrieben hatte kam er wieder zu mir. Ich versuchte ihn w\u00fctend anzuschauen, aber mehr als ein m\u00fcdes senken der Lider schaffte ich nicht. Der Tisch war rot und es w\u00fcrde nicht das letzte Blut sein welches flie\u00dfen w\u00fcrde. Es folgte eine seltsame Maschine welche mich an ein mechanisches, abgerissenes Vogelbein mit Fu\u00df erinnerte. John klemmte es an meinen Hals, steckte einen Schlauch dran welcher zu einem schwarzen Gef\u00e4\u00df f\u00fchrte. Ein Knopfdruck und dann eine dicke Nadel welche sich in meine Speiser\u00f6hre bohrte. Ein gurgelnder Laut drang aus meiner Kehle und dann floss pl\u00f6tzlich etwas in meinen Hals. Ein seltsamer Geschmack, eisenhaltig und bitter. Meine Augen weiteten sich. Blut\u2026es war Blut! Sie fl\u00f6\u00dften mir Blut ein!Wie lange floss es in meinen K\u00f6rper? Ich wusste es nicht, aber es kam mir vor wie eine Ewigkeit. John riss den Vogelfu\u00df einfach von meinem Hals. Ich sah wie kleine Bluttropfen hinab fielen. \u201eNun. Wie es scheint hat die Kreatur dich sehr gerne. Test 1 w\u00e4re beendet. In 2 Tagen folgt Test 2 und bis dahin werden du und Lucy sicher fit genug sein\u2026\u201cSie warfen uns einfach wieder in unseren Raum. Noch immer konnte ich meinen K\u00f6rper kaum bewegen, gerade Mal die Finger konnte ich halbwegs bewegen. \u201eS\u2026Silver?\u201cVorsichtig blickte ich Lucien an und blinzelte kurz. Ich konnte nicht sprechen, nichts sagen. War es so wenn man tot ist? Etwas ungeschickt hatte Lucien einen Verband um meinen Arm gewickelt und ein Pflaster auf meine Kehle geklebt. Vorsichtig zog er mich auf einen Haufen Kissen und legte einen Apfel neben mich. Wo hatte er den denn her?Ich versuchte meinen Kopf zu drehen, doch dies lie\u00df meinen K\u00f6rper nur zur Seite \u0001 \u0002 2 \u00fcbermorgen\u2026Wie sollte dies denn nur laufen? Und\u2026wer war Lucy?\u201eS\u2026Silver? Silver!\u201cEilig brachte mich der D\u00e4mon wieder in sitzende Position und hielt mir den Apfel vor den Mund. \u201eSilver?\u201cZ\u00f6gernd sch\u00fcttelte ich den Kopf und schloss die Augen. Wenn ich jetzt etwas zu mir nehme w\u00fcrde ich wahrscheinlich brechen. \u201eA\u2026Alles wird\u2026gut. Alles wird\u2026gut!\u201cEr konnte tats\u00e4chlich sprechen. Mich \u00fcberraschte es wirklich. Au\u00dfer Fauchen, Zischen und Knurren schien er nicht reden zu k\u00f6nnen. Aber jetzt. Ich brachte ein leichtes L\u00e4cheln auf meine \u0001 \u0002 Tag hatte einiges ver\u00e4ndert. Doch diese Ver\u00e4nderungen w\u00fcrde ich erst in den kommenden Tagen \u0001 \u0002. \u00dcbermorgen w\u00fcrde ich diese Kreatur kennenlernen. Wer sie war wusste ich noch nicht, aber das sie eines der schlimmsten Monster hier war, w\u00fcrde ich sehr bald kapieren. Lucien hatte die ganze Zeit zugeh\u00f6rt und sich viele W\u00f6rter eingepr\u00e4gt. Ich verstand schnell dass es nur das Sprechen war, was ihm schwer fiel. Naja, mir seinem Kiefer konnte ich es schon etwas verstehen. Doch seit dem heutigen Tag sprach er immer mehr und es schien ihm immer leichter zu fallen. Morgen w\u00fcrde fiel passieren und was passieren w\u00fcrde, w\u00fcrde einen Felsen ins fallen bringen\u2026Einen gewaltigen Felsen welcher eine Lawine mit sich bringen w\u00fcrde.",
            "wordcount": "1.503",
            "chapter_release": "15.02.2014",
            "chapter_number": "7"
        },
        "8": {
            "text": "^___^ und ich warne gleich vor: N\u00e4chstes Kapitel wird ziemlich wahrscheinlich etwas...blutig xD__________________________________________________Kapitel 8-Der Tag davorWie lange hatte ich geschlafen? Welcher Tag war heute und wie sp\u00e4t war es? Ich wusste es nicht, aber als ich versuchte aufzustehen zuckte ich vor Schmerzen zusammen. Der Test! Es fiel mir alles wieder \u0001 \u0002 tastete ich an meinen Hals und zuckte zusammen. Kein Traum. Es war tats\u00e4chlich passiert. Eisige Schauer liefen mir \u00fcber den R\u00fccken und meine Haare stellten sich auf. Und morgen wird es wieder passieren\u2026\u201eS\u2026Silver?\u201cVorsichtig drehte ich mich um und blickte Lucien in die Augen. Er sprach. Er redete tats\u00e4chlich mit mir! Fassungslos schaute ich ihn an und l\u00e4chelte leicht. \u201eEs ist alles okay.\u201c, murmelte ich mit trockenem Hals und schluckte schwer. Eilig sprang der blauhaarige D\u00e4mon auf die Beine und rannte quer durch den Raum. Was hatte er denn jetzt?Lucien rannte wieder zu mir und legte einen Apfel und eine Wasserflasche vor mich.\u201eF\u2026f\u00fcr dich.\u201cEr hatte eine raue, zischende Stimme. Aber eigentlich war sie recht angenehm. Ungewohnt k\u00f6nnte man sagen. Ich merkte erst jetzt wie ausgehungert ich eigentlich war. Aber wenn man die gesamte Zeit eigentlich nur Angst versp\u00fcrt, merkt man sowas nicht wirklich. W\u00e4hrend ich an meinem Apfel nagte h\u00f6rte ich hinter mir das leise rei\u00dfen von Fleisch. Ich frage mich was mit den Bewohnern hier passiert. Werden sie ewig dieses Leben hier f\u00fchren? Seufzend versank ich in meinen Gedanken. Ich registrierte das Rumpeln \u00fcber mir gar nicht erst als Lucien sich gegen meinen R\u00fccken dr\u00fcckte und leise fauchte. Metall knallte auf den Boden, dann eine kleine, hagere Person.\u201eAu. Das tut jedes Mal weh.\u201cZ\u00f6gernd drehte ich mich um. \u201eJoy?!\u201c\u201eJa. Auch hi. Himmel. Verblutet hier drin jemand oder warum stinkt es hier so nach Blut?\u201c, fauchte der Vampir und kam auf die Beine. Neugierig schaute er sich um, richtete seinen Blick dann wieder auf uns. \u201eAch. Dies muss dann wohl Lucien sein. Knuffige Kreatur\u2026\u201cLucien fauchte nur leise und fletschte die Z\u00e4hne. Irgendwie schien er diesen Jungen nicht zu m\u00f6gen. Aber irgendwie mochte er ja auch kaum einen. Was ich auch gut verstehen kann.\u201eWas machst du hier?\u201c, fragte ich und stand langsam auf. Lucien wollte schon nach meiner Hand greifen. \u201eIst schon okay.\u201c, murmelte ich und legte meine Hand auf seine Schulter. Joy fing an zu lachen und kam n\u00e4her. Er trug einen langen, dunkelgr\u00fcnen Pullover und eine enge Jeans. \u201eAch. Ich dachte ich schau mal vorbei. Mir war langweilig und naja, Michael war nicht da und deshalb wollte ich mich etwas besch\u00e4ftigen. Eigentlich hatte ich vor mich etwas umzuschauen, aber dann roch ich das Blut und, ja. Wer verblutet also?\u201cJoy schaute sich interessiert um und fixierte uns dann wieder mit seinen roten Augen.\u201eDas bin ich. Der\u2026erste Text. Sie haben mir den Arm aufgeschnitten.\u201c, murmelte ich und strich \u00fcber den Verband. Blut hatte ihn zum Teil schon rot \u0001 \u0002 grinste breit und lie\u00df sich im Schneidersitz nieder. Seine spitzen F\u00e4nge gl\u00e4nzten. Bei diesem Anblick lief mir ein Schauer \u00fcber den R\u00fccken.\u201eIch verstehe. Hast also auch mit ihren Werkzeugen Bekanntschaft gemacht? Mein Beileid.\u201cVorsichtig setzte ich mich wieder hin und schloss kurz die Augen.\u201eEs wird noch schlimmer, oder?\u201c, murmelte ich.\u201eNa klar. Das war erst Stufe 1. Als n\u00e4chstes kommt Stufe 2 und dann bleibt es auf Stufe 3. Die ist aber auch die Schlimmste\u2026\u201c\u201eM\u2026Menschen\u2026schlecht.\u201c, h\u00f6rte ich Lucien sagen. \u201eAch. Du kannst auch reden?\u201c, lachte der Vampir. \u201eRespekt. Die Kleine bringt dir wohl was bei?\u201cLucien fauchte nur und umklammerte mein Handgelenk. Ich \u00f6ffnete wieder die Augen und blickte die Beiden abwechselnd ab. Joy grinste noch breiter und senkte die Lider.\u201eNiedlich. Er mag dich wohl sehr. Ich w\u00fcrde mich nicht daran gew\u00f6hnen. Entweder stirbt er zuerst oder du.\u201c\u201eSterben?\u201cGeschockt blickte ich ihn an und fing an zu zittern. Nein. Oh Gott, nein!Joy fing an zu lachen und nickte.\u201eAber nat\u00fcrlich. T\u00e4glich sterben hier welche. Fr\u00fcher oder sp\u00e4ter stirbt jeder. Krankheit, Verletzungen oder\u2026Lucy\u2026\u201cLucy. Diese Namen hatte ich doch schon geh\u00f6rt. Morgen w\u00fcrde ich ihr doch begegnen. Wer ist Lucy oder was ist sie? War sie auch ein D\u00e4mon? War sie ein Mensch oder gar etwas ganz anderes? Ich wusste es nicht, aber vielleicht wusste er \u0001 \u0002 sp\u00fcrte wie Lucien die Muskeln anspannte und sich enger an mich dr\u00fcckte. Er hatte Angst, dies merkte ich deutlich.\u201eWer ist Lucy? Und was ist sie?\u201c, fragte ich leise und strich ihm durchs dichte Haar. Joy\u00b4s Miene wurde k\u00e4lter, fast schon abweisend.\u201eLucy ist Objekt 12/Delta 10-V89. Sie ist ein D\u00e4mon der Kategorie Trias. Zumindest nennen es die Menschen so. Wir selber sagen zu Wesen wie Lucy einfach Hybride. Lucy ist zwar noch jung, aber seit sie ein Baby war lebt sie in diesem Geb\u00e4ude. Sie ist nicht menschlich, aber auch nicht rein tierisch. Doktor Weber sagt sie sei eine Kreuzung aus Mensch und Raptor. Das sind doch Dinosaurier oder? Bin nicht sicher. Egal. Sie ist schrecklich, extrem schrecklich und gemeingef\u00e4hrlicher als alles was du kennst. Bete dass sie sie morgen nicht von der Kette lassen. Oder das dein Schmusetier den Tag \u00fcberlebt.\u201c Geschockt versuchte ich zu verarbeiten was ich gerade geh\u00f6rt hatte. Lucy war ein Monster, schlimmer als alles was ich kenne. Ich sp\u00fcrte wie meine Haare sich aufstellten und wie mein Herz anfing schneller zu schlagen. Oh Gott, oh lieber, lieber Gott.\u201eWarum sollte Lucien den Tag nicht \u00fcberleben?\u201cJoy lachte kalt und schaute mich ernst an.\u201eSie testen doch wie sehr er an dir h\u00e4ngt. Testen, was er alles tun w\u00fcrde um dich zu sch\u00fctzen und versuchen herauszufinden warum er dich besch\u00fctzt. Und wenn sie Lucy befehlen dich anzugreifen, dann wird er dich doch sicher besch\u00fctzen wollen und dann\u2026zerfetzt Lucy ihn in der Luft.\u201cJoy krabbelte zur\u00fcck durch den L\u00fcftungsschacht als John kurz nach uns schaute. Ich hasste diesen Mistkerl, mehr noch als Maria. Lucy. Morgen werde ich sie treffen und wenn das geschieht was Joy erz\u00e4hlt hatte, w\u00fcrde Lucien dies also nicht \u00fcberleben?Am Anfang hatte ich Angst vor Lucien und auch jetzt ist diese Angst nicht vollkommen weg. Aber, jetzt wo ich diese Kreatur besser kenne und gesehen habe, das selbst ein D\u00e4mon wie er etwas Gutes an sich hat, w\u00fcnsche ich mir nicht seinen Tod. Ich fasse es selber nicht dass ich dies geschrieben habe, aber ich habe dieses Wesen doch in mein Herz geschlossen. Auch wenn er ein paar etwas seltsame Macken hat. Gedankenverloren starrte ich auf den Boden. Ich werde nicht zulassen das etwas wie diese Lucy ihm etwas antut, nein. Dies wird nicht \u0001 \u0002 setzte sich auf und tippte leicht auf meinen Verband. \u201eWas?\u201c, murmelte ich und schaute ihn fragend an. Lucien zupfte an dem Verband und legte die Verletzungen die darunter lagen frei. Die Fleischwunde war verkrustet, genauso wie der lange Schnitt. Schaudernd schaute ich zur Seite. Ich wollte diese Wunden nicht sehen. Jetzt waren also beide Arme verletzt. Auf diesem die Wunden vom Test und auf dem anderen Kratzer und die Bisswunde.\u201eN\u2026Neues\u2026D\u2026Ding.\u201c, murmelte Lucien und schaute mich an.\u201eVerband. Das nennt sich Verband.\u201c\u201eV\u2026Verband?\u201c\u201eGenau.\u201cIch steckte den frischen Verband aus dem Badezimmer gerade fest. Mit etwas Hilfe hatte der D\u00e4mon den wirklich gut hinbekommen. Den Kopf auf meinen Schoss gelegt schaute Lucien zu mir hoch und grinste leicht. Vorsichtig strich ich ihm \u00fcbers Haar und schloss die Augen. Morgen. Morgen w\u00fcrde es vielleicht zu Ende sein. Einer von uns wird wahrscheinlich sterben. Au\u00dfer es passiert ein Wunder. Lucy. Das Monster des Demon Project. Ein Hybrid, eine Missgeburt. Eine Bestie. Ich werde nicht zulassen dass sie Lucien etwas tut. Ich fasse es immer noch nicht, aber diese Kreatur ist mir wichtig geworden und\u2026zu einem guten Freund geworden. Wahrscheinlich wird dies kaum einer verstehen. Vielleicht versteht es auch niemand von euch. Aber dieses Wesen hat mich am Leben gelassen, versucht mir auf seine eigene Weise zu helfen und zeigt sich mir gegen\u00fcber sogar recht z\u00e4rtlich und sanft. Ihr werdet es nie wirklich verstehen k\u00f6nnen, aber versucht es \u0001 \u0002 wird Stufe 2 in Kraft schreiten und morgen werde ich auch sie treffen. Lucy und ihre Herrin\u2026Doktor Weber\u2026",
            "wordcount": "1.364",
            "chapter_release": "15.02.2014",
            "chapter_number": "8"
        },
        "9": {
            "text": "Und das Grauen geht los...wie gesagt: es wird etwas...blutig...__________________________________________________Kapitel 9-LucyWie gro\u00df war dieser Ort? Ich wusste es nicht genau aber auch heute lernte ich einen neuen Raum kennen. Eine riesige, runde Halle mit gewaltigen Decken und Glasw\u00e4nden hinter welchen ein \u00e4u\u00dferer Ring lag welcher als Vorraum diente. John hatte Lucien und mich in diesen runden K\u00e4fig gesperrt. Und jetzt warteten wir. Warteten auf Lucy und Doktor \u0001 \u0002 gesamter K\u00f6rper zitterte als ich mich umschaute. Tiefe Kratzer im Glas, Dellen im grauen Metallboden und Blut in den Furchen. Was w\u00fcrden sie hier drinnen mit uns machen? Oder, sollte es eher hei\u00dfen: Was wird Lucy mit uns hier drinnen tun?Ein leises Knistern, dann erklang eine etwas raue Frauenstimme. Ich musste nicht wissen wer sprach denn ich wusste es \u0001 \u0002 Weber.\u201eObjekt Delta wird nun rein gelassen\u2026\u201c, sprach sie mit einem unterschwelligen Grinsen. Panisch sah ich mich um und erblickte schlie\u00dflich die Chefin des Demon \u0001 \u0002 Weber musste fast 60 sein. Ihr rotes Haar war mit grauen Str\u00e4hnen durchzogen und in ihren Augen, ich glaube sie sind gr\u00fcn oder blau, lag etwas Listiges und gemeines. Lucien fixierte die Frau mit seinem Blick und fletschte w\u00fctend die Z\u00e4hne. Er kannte sie also auch schon? Wie lange war er schon hier an diesem Ort?Ich h\u00f6rte wie sich eine schwere T\u00fcr \u00f6ffnete, dann erklangen klackernde Schritte und als n\u00e4chstes \u00f6ffnete sie dich schwarze T\u00fcr dieses Raumes. Herein kamen zwei schwarze M\u00e4nner\u2026und \u0001 \u0002 war bestimmt \u00fcber 2 Meter gro\u00df. Ihr K\u00f6rper war mager und wirkte irgendwie in die L\u00e4nge \u0001 \u0002 schmaler Kopf sa\u00df auf einem ungew\u00f6hnlich langen Hals. Ihre Haare gingen knapp \u00fcber die Ohren und hatten die Farbe von getrocknetem Blut. Aus diesen ragten 60 Zentimeter lange, silberne Stacheln. Ihre Augen waren gro\u00df, dunkelgr\u00fcn und die Pupille war die einer Schlange. Lucy\u00b4s Arme waren lang und an ihren H\u00e4nden sa\u00dfen gekr\u00fcmmte Krallen. Ihre Beine waren kr\u00e4ftig und die eines Raptoren, genauso wie der Schweif. Ihr gesamter K\u00f6rper war drahtig und schien nur aus Muskeln zu bestehen. Ihre Haut schien aus silbrigen Schuppen zu bestehen. Der Brustpanzer der zum Teil aus der schwarzen Kleidung schaute war \u0001 \u0002 trat sie von einem Bein aufs andere, \u00f6ffnete den Mund und zeigte einen Kiefer voller spitzer \u0001 \u0002 M\u00e4nner straften die Ketten welche an dem Halsband um Lucy\u00b4s Hals hing und brachten sie so zum stehen. Geschickt befestigten die schwarzen M\u00e4nner die Ketten an Riemen, welche am Boden befestigt waren und traten dann eilig aus dem Raum. Panisch betrachtete ich diese Kreatur und wich zur\u00fcck. Monster. Dies war ein richtiges, echtes \u0001 \u0002 fauchte schrill und trat neben mich. Hass. Nichts als Hass war in seinem Blick zu sehen. \u201eSetzt Objekt Delta frei\u2026\u201c, sprach Weber und lie\u00df die T\u00fcr schlie\u00dfen. Lucy riss anEin lautes Klicken, rasselnde Ketten fielen zu Boden und Lucy baute sich zu ihrer vollen Gr\u00f6\u00dfe auf. Ein breites Grinsen kam auf ihre Lippen und ein schrilles, gackerndes Lachen. Ihre Klauen klackerten auf dem Boden als sie n\u00e4her kam. Lucien zerrte mich vorsichtig weiter nach hinten, fixierte Lucy mit seinem Blick und zeigte die Z\u00e4hne. Lucy spannte die Muskeln an, duckte sich leicht und holte pl\u00f6tzlich ohne Vorwarnung mit ihrer Klauenhand aus. Panisch duckten wir uns, sp\u00fcrten die Krallen \u00fcber uns hinweg sausen. Der Hybrid lachte schrill und trat dem D\u00e4monen in den Magen. Lucien quietschte auf und schlitterte \u00fcber den Boden. Panisch blickte ich zu ihm und wollte zu Lucien rennen als Lucy mir in den R\u00fccken trat und mich zu Boden dr\u00fcckte. Ich schnappte nach Luft und versuchte mich zu befreien. Lucy beugte sich vor und vergrub ihre Klauen in meinen Schultern. Ein schriller Schrei drang aus meiner Kehle. Lucy lachte und tippte mit ihrer Sichelklaue gegen meinen \u0001 \u0002 Fleisch, schrilles Kreischen und Blut welches in mein Gesicht viel. Lucy sprang nach hinten, hielt sich ihren rechten Arm und jaulte erb\u00e4rmlich. Lucien\u00b4s mit Blut verschmiertes Gesicht funkelte den Hybriden tollw\u00fctig an und leckte sich \u00fcber die Lippen. Lucy zischte und betrachtete ihren verletzten Arm. Fleisch hing in Fetzen herunter und der blanke Knochen schimmerte wei\u00df hervor. Blut tropfte zu Boden und schien das Monster in rasende Wut zu versetzen. W\u00fctend holte sie mit ihrer gesunden Hand aus und die m\u00f6rderischen Klauen sausten durch die Luft und verfehlten Lucien nur um Millimeter. Knurrend schnappte er nach ihrer Hand. Das Ungeheuer wirbelte herum und ihr Schweif schleuderte die blauhaarige Bestie wieder gegen die Wand. Panisch setzte ich mich auf meine Knie. Ohne Vorwarnung straf mich die Widerliche Sichelklaue am R\u00fccken, bohrte sich zwischen meine Rippen und dr\u00fcckte mich wieder zu \u0001 \u0002 widerliches Gef\u00fchl breitete sich in meinem K\u00f6rper auf als Lucy meinen K\u00f6rper hochzerrte und wieder zu Boden schleuderte. Ich schrie schmerzerf\u00fcllt auf und schnappte nach \u0001 \u0002 Punkte tanzten vor meinem Blick. Ich h\u00f6rte schrille Schreie und wie der Metallboden bebte. Pl\u00f6tzlich knallte ein schuppiger Leib vor mir auf den Boden. Lucy\u00b4s Bauch hob und senkte ihr Blut floss aus einer grausigen Wunde. Etwas Blutiges hing aus ihrem K\u00f6rper heraus. Organe\u2026es waren ihre Organe!\u201eTrennt sie! Trennt sie sofort! Beendet, es ist sofort beendet!\u201cBeendet. Es war also vorbei? Ich schauderte und versuchte auf die Beine zu kommen. Ich starrte weiterhin auf ihre Organe. Ich sah die Leber welche gerade aus ihrem Bauch rutschte und neben ihr lag. Teile ihres Darms lagen schlaff auf den Boden und ich glaubte sogar eine Niere zu sehen. Panik kam in mir hoch als mich starke H\u00e4nde auf die Beine zerrten und ein stechender Schmerz durchzuckte meinen \u0001 \u0002 und Leid. Stufe 2 wird nun\u2026zu Stufe 3\u2026 ihren Ketten und fauchte schrill.",
            "wordcount": "941",
            "chapter_release": "15.02.2014",
            "chapter_number": "9"
        }
    },
    "title": "Das Experiment",
    "topic": "unspecified",
    "release": "\n19.12.2008\n\t\t\t\t\t\t",
    "author": "icymoonnight"
}