{
    "tags": [],
    "chapcount": "2",
    "wordcount": "12.531",
    "chapters": {
        "1": {
            "text": "Der Himmel war grau als ich mich dem alten Geb\u00e4ude n\u00e4herte und der Kies knirschte unter den Reifen, w\u00e4hrend mein Wagen den Weg hinauf rollte. Das Geb\u00e4ude ragte schwarz \u00fcber den umliegenden Wald auf und schien eine b\u00f6se Pr\u00e4senz in diesem sonst so idyllischem Teil von Nordrhein-Westfalen. Das ehemalige Schloss, welches nun einem gro\u00dfen Chemiekonzern aus Dunkelburgen geh\u00f6rte, war schon vor Jahrhunderten in Verruf geraten und die Bewohner dieses Teils des M\u00fcnsterlandes mieden es seit jeher. Nun war ich hier angekommen, um einigen Ger\u00fcchten nachzugehen, die den Bossen des Konzerns zu Ohren gekommen waren. Dunkelburgen war eine alte Stadt die im Mittelalter ein sicherer Hafen f\u00fcr Hexen und Okkultisten gewesen war. Inzwischen war sie zu einer Schwesterstadt von M\u00fcnster herangewachsen mit einer renommierten Universit\u00e4t und mehreren Internationalen Konzernen, die hier ihren Hauptsitz hatten. Sie lag mit dem Auto nur wenige Minuten im Nordosten von M\u00fcnster entfernt direkt am Silberfluss. Von Dunkelburgen aus fuhr man durch eine Landschaft bestehend aus weiten Feldern und kleinen W\u00e4ldern, bis man nach einiger Zeit in einen gro\u00dfen Wald kam, dessen B\u00e4ume dicht und dunkel gewachsen waren. In diesem Wald lag das alte Schloss, vor welchem ich nun anhielt. Der schwere Schl\u00fcssel der Eingangst\u00fcr lag in meiner Hand, als ich an diesem Nachmittag auf das Geb\u00e4ude zu ging. Quietschend drehte sich der Schl\u00fcssel im Schloss und mit einem schleifenden Ger\u00e4usch dr\u00fcckte ich die T\u00fcr nach innen. Die etwas abgestandene Luft kam mir entgegen und ich betrat die modern eingerichtete Eingangs- halle, die nun seit \u00fcber zwei Monaten verlassen war. In den oberen beiden Stockwerken befanden sich Schlafzimmer f\u00fcr Angestellte und verschiedene Versammlungs- und Besprechungsr\u00e4ume. In einem neu angelegten Keller, der zehn Meter unter der Erde lag, waren verschiedene Labore und Lagerr\u00e4ume untergebracht, in denen, soweit ich wusste, noch immer Chemikalien und verschiedene andere Sachen lagerten. Hier im Erdgeschoss, befand sich ein gro\u00dfer Speisesaal, sowie die K\u00fcche und die Speisekammer. Ich nahm mir einen Zimmerschl\u00fcssel aus einer Schublade im Empfangstisch und holte dann meinen Koffer und meine Aktentasche in das verlassene Geb\u00e4ude. Ich nahm den Aufzug in den zweiten Stock und verstaute mein Gep\u00e4ck in dem Zimmer das ich mir ausgesucht hatte. Ich nahm eine Zigarette und stellte mich an das ge\u00f6ffnete Fenster. Der Rauch zog nach drau\u00dfen in die sternklare Nacht und schnell schloss ich das Fenster wieder, als die K\u00e4lte der Nacht kam und durch das Fenster dr\u00fcckte. Ich beschloss am n\u00e4chsten Tag mit den Untersuchungen der Labore im Keller zu beginnen und legte mich in das Bett. Bald war ich eingeschlafen. Es war halb 3 als ich auf die phosphoreszierenden Zeiger meiner Uhr blickte. Ich wusste nicht was mich geweckt hatte, doch ich war hellwach und lauschte in die gespenstische Stille des alten Schlosses. Als ich meine Augen wieder schloss ert\u00f6nte ein leises Klappern und sofort war ich wieder wach. Leise schlug ich die Decke zur\u00fcck und setzte mich auf. Wieder ert\u00f6nte das Klappern. Es schien aus dem Flur zu kommen, also schlich ich nur mit Boxershorts bekleidet zur T\u00fcr und horchte in den Gang hinaus. Wieder ert\u00f6nte das Klappern, nun n\u00e4her und etwas l\u00e4nger als zuvor. Vorsichtig \u00f6ffnete ich die T\u00fcr einen Spaltbreit und sp\u00e4hte in den finsteren Gang hinaus. Ich selbst hatte kein Licht gemacht, da der Mond hell in mein Zimmer schien. Ich tastete nach einem Lichtschalter und kurz darauf war der Gang hell erleuchtet. Kurz musste ich meine Augen zusammenkneifen, dann blickte ich mich um. Der Gang war leer und dennoch ert\u00f6nte wieder das Klappern, welches mir keine Ruhe lassen wollte. Vorsichtig bewegte ich mich in die Richtung, aus welcher das Ger\u00e4usch immer wieder ert\u00f6nte, bis ich am Ende des Ganges angelangt war. Hier waren zwei leere Zimmer und eine massive Wand des Schlosses und dennoch schi- en das Klappern von hinter der Mauer zukommen. Erschrocken wich ich zur\u00fcck als ich Stimmen aus der Mauer h\u00f6rte. \u201e... es so w\u00e4re, h\u00e4tten wir es gefunden\u201c, sagte eine raue Stimme. \u201eEs muss irgendwo hier sein\u201c, antwortet eine Frau. \u201eSieh es ein. Es existiert kein Necronomicon in diesen Gem\u00e4uern. Lass doch endlich davon ab und die Menschen hier wieder in Ruhe arbeiten\u201c, wieder die Raue. \u201eNein!\u201c, wieder die Frau, dann ert\u00f6nte wieder das Klappern und wurde leiser, als es sich die Wand hinab bewegte. Ich blieb noch einige Minuten starr stehen, nachdem das letzte Klappern verklungen war und schlich mich dann zur\u00fcck in mein Zimmer. Hier ging tats\u00e4chlich etwas ungew\u00f6hnliches vor und ich machte mir eine gedankliche Notiz nach geheimen G\u00e4ngen zu suchen. In einigen Tagen sollte auch meine Assistentin hier ankommen und gemeinsam sollte es uns m\u00f6glich sein die Geheimnisse des alten Schlosses aufzudecken. Als ich wieder im Bett lag horchte ich noch eine Zeit lang nach Ger\u00e4uschen und schlief dann endlich wieder ein. Die Zeiger der Uhr zeigten inzwischen halb 4. Am n\u00e4chsten Morgen war es nebelig und ich kochte mir Kaffee in der gro\u00dfen verlassenen K\u00fcche. Zum Gl\u00fcck hatte ich Lebensmittel mitgenommen, sodass ich einige Tage versorgt war. Als ich keine M\u00f6glichkeit mehr sah es weiter vor mir herzuschieben, rief ich einen Aufzug und fuhr hinab in die Labore. Die Schleusen waren alle gr\u00fcn, dennoch zog ich zur Sicherheit einen Schutzanzug mit Umgebungsluft unabh\u00e4ngigem Atemger\u00e4t an. Schlie\u00dflich wusste ich nicht mit was hier experimentiert worden war und wie \u00fcberst\u00fcrzt das Labor verlassen worden war. Die ersten vier Labore, die ich mir ansah schienen unbenutzt, dann erreichte ich eine verschlossene T\u00fcr, durch die ich einen unordentlichen Arbeitsplatz sehen konnte. Ich tippte den Sicherheitscode des Konzerns ein und mit einem leisen Zischen wurde die Versieglung aufgehoben. Ich nahm als erstes den Schreibtisch in Augenschein und als ich keine offenen Gef\u00e4\u00dfe oder \u00e4hnliches entdeckt hatte, atmete ich auf. Danach sah ich mich genauer in dem Labor um. An einer Wand war ein Regal mit verschiedenen B\u00fcchern, die sich zumeist mit Organischer Chemie auseinandersetzten, doch ich entdeckte in einem der untersten Regal durch einen Zufall einige ungew\u00f6hnliche B\u00fccher. Ich war unachtsam und eines dieser B\u00fccher fiel auf den Boden und verlor seinen Einband. Es kam ein altes in Leder gebundenes Buch zum Vorschein, auf welchem der Titel De vermis mysteriis stand. Ich zog noch einige weitere B\u00fccher aus der untersten Zeile und einige weitere waren solche getarnte Werke, wie zum Beispiel Lexicon alchemiae sive Dictionarium alchemisticum, cum obscuriorum verborum et rerum Hermeticarum, tum Theophrast-Paracelsicarum phrasium und Die Gewinnung und Nutzung der Saltze von Tohten. Das letzte, welches ich interessanter- weise in der obersten Reihe fand, wahrscheinlich war es wichtiger als die anderen, fiel mir als ich den Titel las wieder aus der Hand. Mit zitternder Hand hob ich es wieder auf und las den Titel ein weiteres mal. \u201eNecronomicon\u201c, fl\u00fcsterte ich leise. Dies war das Buch, nach welchem die zwei Stimmen von vorheriger Nacht gesucht hatten. Ich fasste einen Entschluss und nahm alle geheimnisvollen B\u00fccher, die ich gefunden hatte mit mir und stapelte sie vorerst im Flur, wo ich sie schnell erreichen konnte und sah mir dann die letzten f\u00fcnf Labore an. In dreien waren seltsame Apparaturen aufgebaut, die ich so in meinem ganzen Chemiestudium nie erblickt hatte. Die anderen zwei waren mit Synthesevorrichtungen vollgestopft, doch die Bezeichnungen der Materialen waren ebenso r\u00e4tselhaft, wie die B\u00fccher, die ich entdeckt hatte. Sie hielten sich nicht an die normale IUPAC-Nomenklatur, sondern waren mit lateinischen oder g\u00e4nzlich fremdartigen Begriffen beschriftet. Die Bosse hatten mir nicht verraten wollen, was hier erforscht wurde, also musste ich es selber herausfinden und so nahm ich die B\u00fccher und begab mich, nachdem ich den Schutzanzug ausgezogen hatte, auf mein Zimmer und \u00f6ffnete das anscheinend sehr begehrte Necronomicon. Ein kleiner Zettel fiel heraus, auf welchem mit ordentlicher Handschrift einige Worte geschrieben waren. Buch in einem Zwischenraum bei Sanierung gefunden. Interessante Ans\u00e4tze. Konzern erlaubt Forschung, auch wenn Opfer gro\u00df sind. Ich schluckte trocken, als ich diese Worte las. Wenn es in diesem Buch Forschung gab, die gef\u00e4hrlich war, so konnte sie eine Bedrohung f\u00fcr die gesamte Welt sein. Mit schrecklichen Erwartungen schlug ich das Buch auf und wurde entt\u00e4uscht, denn es war komplett in Latein geschrieben und meine Kenntnisse dieser Sprache beschr\u00e4nken sich auf Veni, vidi, vici und Alea iacta est. Ich legte es also zur Seite und nahm mir das De vermis mysteriis, doch auch dieses musste ich wieder zur Seite legen, denn mit den Arabischen Schriftzeichen konnte ich noch weniger anfangen. Ich lehnte mich zur\u00fcck und z\u00fcndete mir eine Zigarette an. Den Feuermelder hatte ich vorsorglich abmontiert, denn ich hatte keine Lust immer das Fenster zu \u00f6ffnen. So sa\u00df ich nun mit meiner Beute hier und gr\u00fcbelte \u00fcber die Bedeutung der B\u00fccher. Auch alle anderen bis auf Die Gewinnung und Nutzung der Saltze von Tohten waren in Latein oder Arabisch verfasst. Das einzige Buch, welches in einem alten Deutsch geschrieben war, schien mir das unwichtigste zu sein, da die Seiten staubig waren und scheinbar schon lange nicht mehr umgebl\u00e4ttert worden waren. Die Sonne schien in mein Fenster und ich beschloss die Arbeit an den B\u00fcchern zu verschieben und machte mich auf das umliegende Gel\u00e4nde in Augenschein zu nehmen. Um das Schloss war eine Rasenfl\u00e4che angelegt und danach folgte der Wald, in welchen mehrere Wege f\u00fchrten, die auf keiner Karte verzeichnet sind. Der Rasen war vom Konzern angelegt worden und einige Zentimeter lang, da er wie der Rest des Schlosses schon l\u00e4nger nicht mehr gepflegt worden war. Hier fiel mir nichts ungew\u00f6hnliches auf. Keine platt getretenen Stellen zeugten von unbefugtem betreten des Rasens oder des Geb\u00e4udes. Langsam ging ich einmal um das Schloss, bis ich wieder bei meinem Wagen angelangt war. Danach nahm ich den von hier aus ersten Weg links, den ich erreichen konnte. Zur Sicherheit hatte ich eine Axt, die ich in einem Abstellraum gefunden hatte, in der Hand und um meinen Kopf eine Lampe, sodass ich selbst im dunklen Wald noch etwas Licht hatte, obwohl ich nicht vorhatte bis zur D\u00e4mmerung in diesem zu bleiben. Endlich war ich also soweit und folgte dem schmalen Pfad in den Wald hinein. Eine dumpfe Stille empfing mich in dem Nadelwald. Keine Tierger\u00e4usche gelangten an mein Ohr. Einzig und allein meinen Atem und meine Schritte waren zuh\u00f6ren. Vorsichtig folgte ich dem Pfad einige Minuten, bis ich an einen schmalen Bach kam, der hier einen kleinen Teich bildete. Das Wasser war schmutzig und es roch leicht nach F\u00e4ulnis. Der Pfad war eine Sackgasse und hinter dem Teich konnte ich die Mauer erkennen, die um das gesamte Gel\u00e4nde reichte. Langsam ging ich zur\u00fcck zum Schloss und folgte auch dem zweiten Pfad, der ebenfalls nach einiger Zeit als Sackgasse endete. Einem weiteren wollte ich nicht mehr folgen, da die Sonne bereits nah \u00fcber dem Horizont stand, also begab ich mich wieder auf mein Zimmer und kaute angespannt an einem trockenen Brezel. Hier ging etwas vor und ich vermutete das die Bosse des Konzerns mehr wussten als sie mir gesagt hatten. Sie waren vor zwei Wochen in mein B\u00fcro in der Universit\u00e4t gekommen, wo ich Professor f\u00fcr Chemie und Kriminologie bin. Sie baten um meine Hilfe und ich konnte nicht widerstehen, da ich mir versprach einen gewissen Einblick in die neueste Forschung des Konzerns zu erhalten, doch nun war ich mir nicht so sicher ob ich wirklich wissen wollte, was hier vorging. Dennoch war meine Neugier gr\u00f6\u00dfer als mein ungutes Gef\u00fchl im Bauch. Ich ignorierte die B\u00fccher, die auf dem Tisch lagen. Meine Assistentin sollte damit besser zurecht kommen, da sie mehrere Sprachen fl\u00fcssig sprach und mir oft bei nicht deutsch oder englischsprachigen B\u00fcchern half oder sogar komplette \u00dcbersetzungen f\u00fcr mich anfertigte. An diesem Abend las ich in einem Buch, welches ich mir mitgebracht hatte, um mich von den hier gefundenen B\u00fcchern und den Ereignissen der vorherigen Nacht abzulenken. Bald danach legte ich mich in mein Bett und schlief schnell ein. Ich erwachte fr\u00fch am n\u00e4chsten morgen, kurz bevor mein Wecker um halb sieben klingelte. Ich stand auf und machte wie am Tag zuvor Kaffee und wartete dann in der Eingangshalle auf meine Assistentin, die um sieben hier sein wollte. Bald h\u00f6rte ich ihren Wagen und \u00f6ffnete die Eingangst\u00fcr. Sie trug einen Koffer und mehrere Taschen, in denen sie verschiedene Sachen untergebracht hatte, die sie f\u00fcr n\u00fctzlich erachtete. Ich berichtete ihr, was ich bisher entdeckt hatte und sie nickte, als ich sie fragte ob sie die verschiedenen Sprachen beherrsche, die wir zur \u00dcbersetzung der B\u00fccher brauchten. Also schickte ich sie zu meinem Zimmer, damit sie sofort beginnen konnte. Ich selber nahm mir nun die restlichen Pfade vor, die in den Wald f\u00fchrten und bei dem vorletzten wurde ich endlich f\u00fcndig. Er f\u00fchrte zu einem eingest\u00fcrzten Geb\u00e4ude, welches ich nicht identifizieren konnte. In der Mauer, die einige Meter entfernt stand war eine Stelle eingefallen und die Tr\u00fcmmer im Inneren der Ruine waren sorgf\u00e4ltig entfernt worden. Ich entdeckte eine Fallt\u00fcr und mit einem quietschenden Ger\u00e4usch lies diese sich \u00f6ffnen. Ich sp\u00e4hte in den dunklen Schacht hinab holte dann tief Luft, schaltete meine Lampe ein und begann an den metallenen Sprossen hinab zu steigen. Ein mir bereits vertrautes Klappern ert\u00f6nte hin und wieder, wenn ich auf eine metallenen Sprosse trat. Auf dem Boden angekommen blickte ich in einen zwei Meter hohen schnurgeraden Gang, der direkt auf das Schloss zu f\u00fchrte. Vorsichtig folgte ich dem schmalen Gang, der eben breit genug f\u00fcr mich war. Er f\u00fchrte etwas bergab und schlie\u00dflich erreichte ich eine h\u00f6lzerne T\u00fcr, die scheinbar nicht verschlossen werden konnte. Ich dr\u00fcckte sie auf und erblickte etwas, dass ich hier nicht erwartet hatte. Ein riesiger Raum \u00f6ffnete sich vor mir und \u00fcberall standen Regale mit B\u00fcchern. In der Mitte standen einige gro\u00dfe Tische und am Ende der Halle stand die Statue eines Wesens, welches ich so noch nie gesehen hatte. Es lies mir einen Schauer \u00fcber der R\u00fccken laufen. Seine klauenartigen F\u00fc\u00dfe umklammerten den Sockel und sein Kopf war ein Tintenfisch mit unz\u00e4hligen Tentakeln. Auf seinem R\u00fccken waren zwei schmale Fl\u00fcgel, die man als elegant h\u00e4tte bezeichnen k\u00f6nnen, w\u00e4ren sie nicht so vollkommen fehl am Platz gewesen. Die Beine des Wesens waren von Schuppen \u00fcberzogen und die ausgebreiteten Fl\u00fcgel waren aus zerrissener Haut, wie auch der Rest des K\u00f6rpers. Angewidert blickte ich einige Minuten auf das Wesen und beschloss dann in das Schloss zur\u00fcckzukehren und zu einem sp\u00e4teren Zeitpunkt hier weiter zu forschen. Meine Assistentin sa\u00df in der Mitte der Eingangshalle auf dem Boden umgeben von den B\u00fcchern, verschiedenen W\u00f6rterb\u00fcchern und vor ihr stand ihr Laptop. Ich widerstand dem Drang sie anzusprechen und zu fragen wie weit sie gekommen war, denn ich wusste das die Aufgabe, die sie vor sich hatte, nicht einfach war und sie nur giftig reagieren w\u00fcrde, wenn ich sie ansprach. Also machte ich einen Bogen um ihren Arbeitsplatz und holte mir einen Whiskey aus der K\u00fcche. Als ich wieder in die Eingangshalle kam, reichte sie mir wortlos einen Stapel Ausdrucke. Ich blickte auf den Titel und las De vermis mysteriis. \u201eSo schnell?\u201c, fragte ich, doch sie sch\u00fcttelte den Kopf. \u201eVielleicht solltest du etwas \u00f6fter das Internet zu Rate ziehen. Die komplette englische Version konnte man auf einer Seite herunterladen.\u201c, antwortete sie abwesend. \u201eIst es dennoch echt?\u201c, wollte ich wissen und sie nickte zur Best\u00e4tigung. \u201eEs ist eine Seite im Darknet, also gehe ich nicht davon aus das es eine F\u00e4lschung ist. Zu viel Aufwand\u201c Ich dankte ihr und setzte mich dann in einen Sessel, wo ich die Ausdrucke aufschlug. Ich werde hier nichts von dem wiederholen, was ich in diesem grauenhaften Buch las, doch ich muss zugeben, dass ich ebenso fasziniert von den Vorstellungen war, wie ich \u00fcber den Weg die gesetzten Ziele zu erreichen schockiert war. \u201eHast du das hier gelesen?\u201c, fragte ich meine Assistentin, als es drau\u00dfen dunkel geworden war und ich endlich am Ende angelangt war. Sie sch\u00fcttelte den Kopf und widmete sich dann wieder den B\u00fcchern, die sie umgaben. Ich stand auf und hielt ihr die Ausdrucke direkt vor die Augen. Ver\u00e4rgert sah sie auf, doch sie schloss den Mund wieder, als sie in mein ernstes Gesicht sah. \u201eLies es. Es wird nicht sch\u00f6n, doch es muss sein ich will das du alles wei\u00dft, sonst kann ich bei diesem Thema keine qualitativ geeignete Meinung von dir erwarten.\u201c, sagte ich und wortlos nahm sie das grauenhafte Buch aus meiner Hand. Ich setzte mich wieder in den Sessel und beobachtete sie, w\u00e4hrend sie las. Als sie schlie\u00dflich aufsah, konnte ich in ihren Augen die gleiche Mischung von Entsetzen, Begierde und Faszination erkennen, die ich ebenfalls noch immer versp\u00fcrte. Ich nahm mir eine Zigarette und z\u00fcndete sie an. Ich bot ihr ebenfalls eine an und sie nahm sie dankend an. Nach einigen Z\u00fcgen meinte sie: \u201eWorauf haben wir uns hier eingelassen?\u201c Ich zuckte mit den Schultern und nahm noch einen tiefen Zug bevor ich antwortet. \u201eDie Bosse wissen entweder was hier vorging, oder sie wussten es nicht und wollten dem ganzen Einhalt gebieten. Das Necronomicon wurde in diesem Geb\u00e4ude gefunden, also denke ich das die Forschung erst hier begonnen hat. Wir m\u00fcssen umbedingt die Bibliothek, die hierunter liegt untersuchen und sehen, was dort noch alles zu finden ist.\u201c Sie nickte und dr\u00fcckte dann ihren Zigarettenstummel in einer kleinen Sch\u00fcssel aus. \u201eWir werden das nicht alleine schaffen. Am besten w\u00e4re es die B\u00fccher und alle anderen Gegenst\u00e4nde mit ins Institut zu nehmen und das gesamte Team damit zu besch\u00e4ftigen\u201c, erkl\u00e4rte sie. Ich \u00fcberlegte und z\u00fcndete w\u00e4hrenddessen meine n\u00e4chste Zigarette an. Auch sie nahm sich eine weitere. \u201eEs w\u00e4re zu auff\u00e4llig\u201c, meinte ich dann. \u201eIch denke, dass nichtmal der Konzern von der geheimen Bibliothek wei\u00df. Wir m\u00fcssen zur\u00fcck nach Dunkelburgen und die Bosse befragen. Dann werden wir irgendetwas finden, sodass sie uns das Schloss \u00fcberlassen und wir einen Teil des Instituts nach hier verlegen k\u00f6nnen. Es wird irgendwie klappen. Wir werden morgen noch hier einige Sachen untersuchen und sehen ob Wanzen und Kameras angebracht sind, besonders in den Laboren und dann k\u00f6nnen wir mit den Forschungen beginnen.\u201c Meine Assistentin nickte, stand dann auf und streckte sich. Sie dr\u00fcckte den Zigarettenstummel aus, w\u00fcnschte mir eine gute Nacht und ging dann auf ihr Zimmer, welches neben meinem lag. Ich sammelte vorsorglich alle B\u00fccher auf und nahm sie wieder mit in mein Zimmer, wo ich bald darauf einschlief. Am n\u00e4chsten Morgen waberte Nebel um das Schloss und wir wagten nicht in den Wald vorzudringen, um die geheimnisvolle Bibliothek zu untersuchen, also machten wir uns auf die Suche nach Kameras und Wanzen. Wir wurden nicht entt\u00e4uscht. Die Ger\u00e4te, die meine Assistentin mitgebracht hatte, fanden dutzende von Wanzen und versteckten Kameras. Wir entfernten alle und schalteten auch die Hauptkameras ab, die vom Sicherheitsb\u00fcro kontrolliert wurden. Zur Vorsicht kappte ich zus\u00e4tzlich die Energieversorgung der Kameras und zog dann endlich mein Smartphone hervor. Ich w\u00e4hlte die Nummer eines Studenten und nach einigen Sekunden meldete er sich. \u201eWas kann ich f\u00fcr Sie tun, Professor?\u201c, begr\u00fc\u00dfte er mich. \u201eEs gibt eine Ver\u00e4nderung\u201c, begann ich. \u201eIch werde einige Zeit lang keine Vorlesungen geben, doch ich brauche ein Team aus vertrauensw\u00fcrdigen Studenten, die bei meiner Forschung helfen. Ich werde mich um eine Bezahlung k\u00fcmmern und daf\u00fcr sorgen, dass sie alle ihren Master schaffen. Es ist wichtig, dass sie nur Masterstudenten versammeln. Wir werden sie morgen gegen Abend am Institut abholen. Es d\u00fcrfte auch nicht schaden Biologen und Medis anzuwerben. Ich werde mich um einige Assistenten aus denselben Bereichen bem\u00fchen. Worum es geht kann ich ihnen erst berichten, wenn sie hier sind. Ich hoffe sie werden einwilligen und ein Teil meines Teams werden.\u201c Einige Sekunden war es still, dann h\u00f6rte ich wie er tief einatmete. \u201eAlso gut, Professor, ich werde sehen, was sich in so kurzer Zeit bewerkstelligen l\u00e4sst. Ansonsten werde ich mich, wenn wir beginnen, weiter um Mitarbeiter bem\u00fchen.\u201c, sagte er dann. \u201eVielen Dank. Sie werden es nicht bereuen. Es wird sehr interessant werden\u201c, bedankte ich mich. \u201eIch vertraue Ihnen, Professor\u201c, antwortete er mit einem Schulterzucken in der Stimme. \u201eIch kann eine solche Aufregung in Ihrer Stimme erkennen, dass ich vermute, dass es hier um mehr als nur ein einfaches Projekt geht. Ich kann also hoffen vielleicht sogar meine Doktorarbeit bei Ihnen schreiben zu k\u00f6nnen.\u201c \u201eDas ist gut m\u00f6glich. Bei den Entdeckungen, die wir hier vermutlich machen werden, wird wahrscheinlich mehr als nur eine Doktorarbeit m\u00f6glich sein\u201c, sagte ich, dann verabschiedeten wir uns und ich begab mich zur\u00fcck in die Eingangshalle, wo meine Assistentin wieder mit den B\u00fcchern besch\u00e4ftigt war. \u201eLassen Sie die B\u00fccher f\u00fcr einen Moment ruhen, wir m\u00fcssen jetzt nach Dunkelburgen und mit den Bossen reden.\u201c, sagte ich und sie nickte etwas abwesend und schlug dann langsam das Necronomicon zu. Dann sammelte sie die B\u00fccher ein und verstaute sie in ihrer Tasche. Nachdem ich die T\u00fcr mit dem schweren Schl\u00fcssel abgeschlossen hatte und die Alarmanlage aktiviert war, setzten wir uns in meinen Wagen und schlugen den Weg nach Dunkelburgen ein. Die Stadt liegt in einem Tal und wenn man aus dem Norden kommt, \u00f6ffnet sich dieses vor einem und gibt den Blick auf eine Stadt aus grauem Stein frei. Im Hintergrund stehen mehrere hohe gl\u00e4serne B\u00fcrot\u00fcrme in mitten einem Ring aus hohen Wohnh\u00e4usern. Der neue Kern der Stadt, wo die Konzerne sich angesiedelt hatten. Der Rest der Stadt war ein Wirrwarr aus schmalen Stra\u00dfen und Gassen. Der Turm einer einzigen Kirche schm\u00fcckte das alte Stadtbild. Sie stand etwas abseits der Stadtmitte und ihr Turm ragte 300 m in die H\u00f6he. Sie war erst um 1800 gebaut worden und noch immer waren viele Einwohner von Dunkelburgen Atheisten oder Anh\u00e4nger viel \u00e4lterer Religionen als das Christentum. Mein Glaube an die G\u00f6tter der Antike sollte bald unwiderruflich ersch\u00fcttert werden, doch noch dankte ich Sol, dass er uns zumindest in Dunkelburgen einen sonnigen Tag schenkte. Der B\u00fcroturm des Chemiekonzerns war der h\u00f6chste und in der 120. Etage waren die B\u00fcros der Bosse, wo wir bereits erwartet wurden. Sie warteten in einem Konferenzraum auf uns und als wir eintraten, wendete der oberste Boss sofort das Wort an uns. Er berichtete von dem Angebot eines anonymen Wohlt\u00e4ters der Universit\u00e4t, der das Schloss gekauft hatte und es dann der Fakult\u00e4t f\u00fcr Chemie \u00fcberschrieben hatte, mit dem Wunsch, dass ich mit einem von mir gew\u00e4hlten Team weiter die Geheimnisse erforschen sollte. Sie alle schienen regelrecht ver\u00e4ngstigt, doch ich machte mir deswegen keine Sorgen, hatte ich doch durch diesen mysteri\u00f6sen Wohlt\u00e4ter das erreicht, was ich mir erhofft hatte. Die Geheimnisse des Schlosses konnten nun in aller Ruhe von mir und meinen Assistenten erforscht werden. Ich bedankte mich bei den Bossen f\u00fcr ihre Zeit und sie waren erfreut, als wir endlich den Raum verlie\u00dfen. Als wir wieder in meinem Wagen sa\u00dfen beauftragte ich meine Assistentin damit herauszufinden wer dieser Wohlt\u00e4ter war und sie nickte. Ich setzte sie vor dem B\u00fcrgeramt ab, wo sie mit ihren Nachforschungen beginnen wollte und fuhr dann in den alten Teil der Stadt, wo auch die Fakult\u00e4t war. Ich begab mich in mein B\u00fcro und w\u00e4hlte hier die Nummer eines alten Freundes von mir, der Leitender Assistent in der Fakult\u00e4t f\u00fcr Biologie war. Nach nur wenigen Sekunden meldete er sich mit den Worten: \u201eStimmt die Nummer, die mir angezeigt wird? Schon lange nichts mehr von dir geh\u00f6rt.\u201c Mit einem L\u00e4cheln antwortete ich: \u201eJa, es ist schon eine Weile her, aber ich habe etwas sehr interessantes gefunden und ich versuche ein Forschungsteam zusammen zu stellen und dachte du w\u00e4rst gerne dabei.\u201c \u201eWorum geht es denn?\u201c, fragte er dann. In kurzen S\u00e4tzen erkl\u00e4rte ich ihm worum es ging und als ich geendet hatte schwieg er einen Moment lang. \u201eWoher willst du die Forschungsgelder erhalten, die f\u00fcr ein solches Projekt von N\u00f6ten sein werden?\u201c, wollte er wissen. \u201eDarum werde ich mich jetzt noch k\u00fcmmern\u201c, antwortete ich. Er seufzte und sagte dann: \u201eAlso gut, ich bin dabei. Sag Bescheid, wenn du dich um die Finanzierung gek\u00fcmmert hast. Ich werde schon mal alles zusammen suchen, was n\u00fctzlich sein k\u00f6nnte.\u201c Ich dankte ihm und versprach mich bald wieder zu melden und kurz nachdem ich aufgelegt hatte, klopfte es an der T\u00fcr. Ich rief den Besucher herein und ein Mann Mitte vierzig betrat das B\u00fcro. Eine dunkle Aura umrahmte ihn und seine Augen blickten m\u00fcde wie die Augen einer viel \u00e4lteren Person. \u201eKann ich Ihnen helfen?\u201c, fragte ich und der Mann setzte sich auf einen Stuhl vor meinem Schreibtisch. \u201eMein Name ist Graf Benedickt Walstein von Schwarzburgen\u201c, sagte er dann mit einer rauen Stimme. \u00dcberrascht blickte ich auf. Der letzte Sohn von Schwarzburgen war meiner Kenntnis nach im gro\u00dfen Feuer von 1612 gestorben, obwohl man nie eine Leiche gefunden hatte, waren alle davon ausgegangen er sei gestorben und das war inzwischen mehr als 450 Jahre her. \u201eWas verschafft mir die Ehre?\u201c, fragte ich vorsichtig und betrachtete den Mann mit neuem Interesse. \u201eMeine Zeit hier auf der Erde geht zu Ende. Mein Herr und Meister Yog-Sothoth ruft nach mir, dass ich eingehe in das ewige Chaos des D\u00e4monensultans und ihm diene, wie ich es hier nicht kann, doch ich kann mein Verm\u00e4chtnis nicht so hier zur\u00fccklassen. Die Erde ist der Schauplatz f\u00fcr den Untergang der Alten und es ist unsere Aufgabe an ihrer Seite die Erde im Chaos zu halten. R\u2019lyeh wird in den Zeiten wieder aus den Fluten erscheinen und die Diener Cthulhus und Nyarlathoteps werden an der Seite der Erleuchteten gegen die Feinde der Alten k\u00e4mpfen, bis die Galaxis endet und die neue Herrschaft der Alten \u00fcber das Chaos beginnt. Es gibt Portale zum verborgenen Planeten und den anderen Au\u00dfenposten der Alten. Bald schon werden sie kommen und wir m\u00fcssen Ihnen den Weg bereiten. Das Necronomicon wird Euch f\u00fchren und auch viele andere B\u00fccher k\u00f6nnen Euch verraten, wie Ihr den Alten dient.\u201c Rasselnd holte er Luft. \u201eIch habe das Schloss von dem Konzern gekauft, nachdem ich Euch beobachtet habe und denke, dass Ihr die richtigen seid, um mein Erbe zu verwalten. Ihr habt bereits die Bibliothek, die in Sathan\u2019lyeh liegt gefunden und somit den ersten Schritt in die Welt der Alten gemacht. Ich \u00fcbertrage Euch mein betr\u00e4chtliches Verm\u00f6gen, bevor ich sterbe und werde mich dann f\u00fcr immer von meinem K\u00f6rper trennen und mit meinen Au\u00dferirdischen Freunden aus Neuengland die Lange Reise durch die Leere des Alls antreten. Ich werde nicht zur\u00fcckkehren, denn schon jetzt ist mir die begrenzte Funktion meines K\u00f6rpers unangenehm. Auch Sie werden eines Tages solch ein Gef\u00fchl versp\u00fcren, Professor Freilend. Doch es werden noch viele Jahrzehnte \u00fcber der Erde verstreichen, bis sie verstehen, was ich meine. Bis dahin rate ich Ihnen zu forschen und zu erfahren, was es zu erfahren gibt. Erforschen sie die verlassenen St\u00e4dte, die mit dem Schloss verbunden sind und scharen sie treue Anh\u00e4nger um sich.\u201c Wieder atmete er schwer ein und aus. \u201eEin Freund von mir wird in den n\u00e4chsten Tagen alle Unterlagen, die sie ben\u00f6tigen nach Schwarzburgen bringen. Ich verabschiede mich nun. Suchen sie noch nicht nach mir, erst wenn sie bereit sind mir zu folgen d\u00fcrfen sie erfahren, was sich abspielte und bis dahin sind sie in Schwarzburgen gut aufgehoben.\u201c Nach diesen Worten stand er auf und verlie\u00df mein B\u00fcro. Der laute Knall mit dem die T\u00fcr zu schlug weckte mich aus meiner Starre und ich sprang auf und lief ihm nach, doch der Flur war leer. Ich ging hinab zur Kabine des Pf\u00f6rtners, doch dieser schlief und als ich ihn weckte, entschuldigte er sich und sagte er habe nichts von einem Besucher mitbekommen. Verwirrt ging ich zur\u00fcck in mein B\u00fcro und rief meine Assistentin an, da sich ihre Nachforschungen schlie\u00dflich erledigt hatten. Im Laufe des Tages warb ich noch zwei Assistenten aus dem Bereich der Biologie an und gegen Abend erreichte ich endlich Dr Creston, der in der Uniklinik an verschiedenen Heilmitteln forschte und lud ihn ebenfalls ein an unseren Forschungen teilzunehmen. Er war erst skeptisch, doch seine Neugier siegte letztendlich und er willigte ein uns zumindest eine Zeit lang zu helfen. Keinem von ihnen erz\u00e4hlte ich von der versteckten Bibliothek, die laut demGrafen in einer Stadt der Alten lag. Meine Assistentin hatte sich wieder an die \u00dcbersetzungen gemacht und ich wartete nun darauf, dass sich die Studenten im Fakult\u00e4tsgeb\u00e4ude einfanden. Um sieben Uhr verlie\u00dfen wir das Geb\u00e4ude und wurden von einer Gruppe bestehend aus 20 Studenten erwartet. Albrecht Weber kam auf mich zu und stellte die anderen vor. Es waren f\u00fcnf Mediziner, f\u00fcnf Biologen, drei Biotechnologen und sieben Chemiker. Ich begr\u00fc\u00dfte sie alle und meine Assistentin f\u00fchrte sie mitsamt des Gep\u00e4cks, welches sie hatten zu dem Bus, den ich vorsorglich gemietet hatte und den sie fahren w\u00fcrde. Ich stieg in meinen Wagen und fuhr zur Biologischen Fakult\u00e4t, wo sich mir mein Freund Dr Dorst mit den zwei Assistenten anschloss. Dorst folgte mir mit seinem Auto, in welchem die beiden Assistenten Platz gefunden hatten, zum Uniklinikum, wo ich Dr Creston abholte, der sein Gep\u00e4ck in meinem Auto verstaute, dann fuhren wir aus der Stadt hinaus in Richtung Schwarzburgen. \u201eEs ist gut, dass wir endlich mal wieder was zusammen machen\u201c, meinte Creston als wir gerade die Stadt verlie\u00dfen. \u201eSehe ich auch so\u201c, erwiderte ich. \u201eAls du nach der Schule anfingst Medizin zu studieren und ich Chemie, war die Freizeit wirklich etwas knapp bemessen.\u201c \u201eUnd es wurde auch nicht besser als du Professor wurdest und ich die Forschungsstelle im Klinikum annahm\u201c, meinte er. \u201eWie hast du es eigentlich geschafft an das alte Schloss zu kommen? Ich dachte es w\u00fcrde jetzt dem Konzern geh\u00f6ren.\u201c \u201eSo war es auch, doch der letzte Graf von Schwarzburgen hat es ihnen wieder abgekauft und der Fakult\u00e4t geschenkt. Er finanziert auch diese gesamte Forschung\u201c, erkl\u00e4rte ich meinem alten Freund. \u201eEr hat es wie auch immer geschafft die letzten 450 Jahre zu \u00fcberleben, deswegen fand man auch nach dem gro\u00dfen Feuer keine Leiche. Er nutzte das Feuer nur um unentdeckt aus der Stadt verschwinden zu k\u00f6nnen.\u201c Creston nickte langsam. \u201eNachdem, was du mir erz\u00e4hlt hast, ist es gut m\u00f6glich, dass die Alchemisten aus dem 17. Jahrhundert bei ihren Experimenten wirklich den Stein der Weisen erfanden und das Wissen dar\u00fcber geheim hielten\u201c, meinte er dann. \u201eIch bin mir da nicht so sicher\u201c, kl\u00e4rte ich ihn auf. \u201eEr hat etwas von den Alten erz\u00e4hlt und das er seinen K\u00f6rper hier zur\u00fccklassen wollte. Es schien mir aber nicht darum zu gehen zu sterben, sondern eher eine neue Phase seines Lebens zu beginnen, die immer noch eine Art physischer Existenz gleicht. Er sprach von Freunden in Neuengland und ich habe etwas nachgeforscht. Die alten Zeitungen sind zum Gl\u00fcck inzwischen digitalisiert und ich fand einige interessante Artikel von Anfang des 20. Jahrhunderts, in denen Leute von unheimlichen Wesen berichteten. Einer der sch\u00e4rfsten Gegner war Professor Albert N. Wilmarth, der allerdings nach einem Besuch bei einem darauf verschwundenen Henry Wentworth Akeley v\u00f6llig anders auftritt und nur bei Erw\u00e4hnung der Gegend um Vermont bleich wird und nicht weiter redete. Etwas geht dort vor sich und es hat auch etwas mit Schwarzburgen zu tun. In einem geheimen Keller, in den man nur durch eine alte Ruine im Wald kommt stehen Unmengen an B\u00fcchern und laut dem Grafen soll diese Bibliothek in der Stadt Sathan\u2019lyeh liegen. Diese ist zwar zerst\u00f6rt, doch noch immer ist die Macht der Alten dort gro\u00df.\u201c Creston schwieg nachdem ich dies erz\u00e4hlt hatte und langsam ging die Sonne unter, als wir in den Wald fuhren. Einzig unsere Scheinwerfer stachen noch durch die Finsternis. Als wir Schwarzburgen erreichten, waren die Fenster hell erleuchtet und der Bus stand vor dem Eingang, w\u00e4hrend die Studenten ihn ausr\u00e4umten und ihre Sachen und die Materialien, die wir besorgt hatten in dem Schloss verstauten. Ich parkte meinen Wagen und stieg zusammen mit Creston aus. Die Gem\u00e4uer ragten bedrohlich \u00fcber uns auf und er blickte nach oben. Dann zuckte er mit den Schultern nahm seine Koffer und die Assistenten aus dem anderen Wagen folgten uns nach drinnen. Meine Assistentin verteilte die Zimmer. Sie brachte die anderen Assistenten ebenfalls im zweiten Stock unter und die Studenten im ersten Stock. Ich wartete in der Eingangshalle, bis alle ihre Zimmer bezogen hatten und begann dann ihnen alles zu erz\u00e4hlen, was wir bisher erreicht hatten. Meine Assistentin verteilte Ausdrucke des De vermis mysteriis und des Necronomicons, welches sie inzwischen ebenfalls \u00fcbersetzt hatte. Ich berichtete ebenfalls von dem Grafen und seinem geheimnisvollen Worten und wie er unbemerkt aus dem Institut verschwunden war. Als ich am Ende angelangt war, schwiegen alle und blickten leicht verwirrt und ver\u00e4ngstigt, aber nicht minder fasziniert auf die Ausdrucke in ihren H\u00e4nden. \u201eWir werden in den n\u00e4chsten Tagen mit den Forschungen beginnen. Wir werden verschiedene Fachbereiche ausmachen und jeder von Ihnen wird eine Aufgabe erhalten, die sich mit seinem Fach deckt\u201c, erkl\u00e4rte ich am Ende. \u201eDr Creston, Dr Dorst und ich werden uns morgen um die Bibliothek im Untergrund k\u00fcmmern und sehen ob sie wirklich eine Verbindung zu der alten Stadt Sathan\u2019lyeh hat. Sollte sich diese Behauptung bewahrheiten werden wir sehen, wie wir weiter verfahren. Generell wird sich unser Aufenthalt hier immer an unseren Entdeckungen und unseren Erfolgen orientieren. Es wird einen st\u00e4ndigen Wechsel in unserer Routine geben, besonders da wir vorerst unser Wissen \u00fcber diese uralten Sachen geheim halten m\u00fcssen. Erst wenn wir wahre Erfolge vorweisen k\u00f6nnen, d\u00fcrfen wir uns an die \u00d6ffentlichkeit wenden, da wir ansonsten als Spinner abgestempelt werden w\u00fcrden. Selbst die Fakult\u00e4ten wissen nicht, was wir hier genau machen. Sie haben zwar dem Forschungsprojekt zugestimmt, es ist allerdings generell als privat finanziert deklariert, wodurch die Universit\u00e4t hier keinen Einfluss hat. Dennoch d\u00fcrfen Sie alle Ihre Klausuren schreiben, nur ist Ihre Anwesenheit bei den Vorlesungen nicht umbedingt notwendig, sowie sie von allen Praktika befreit sind.\u201c Die Studenten nickten zufrieden, als sie dies erfuhren und bald darauf begaben sich so gut wie alle auf ihre Zimmer. Nur Dr Creston, Dr Dorst und ich blieben zur\u00fcck. Wir waren alle drei alte Schulfreunde und hatten immer in losem Kontakt zueinander gestanden. Deswegen war ich auch sicher gewesen, dass sie sich mir anschlie\u00dfen w\u00fcrden. \u201eWir sollten vorsichtig sein, sollte sich in der Bibliothek wirklich eine Verbindung zu dieser Stadt befinden, ist die Gefahr, die von hier ausgeht kaum zu ermessen\u201c, meinte Dorst, der immer der Vorsichtige gewesen war. \u201eAusnahmsweise stimme ich dir zu\u201c, erkl\u00e4rte Creston und ich nickte. \u201eWir sollten au\u00dferdem zwei bis drei Studenten versteckt Wache stehen lassen, da ich vermute das die n\u00e4chtlichen Besucher von dort in das Schloss eindrangen und ich m\u00f6chte b\u00f6sen \u00dcberraschungen gerne vorbeugen\u201c, f\u00fchrte ich aus. Wir besprachen noch eine Zeit lang unsere Pl\u00e4ne f\u00fcr den n\u00e4chsten Tag und begaben uns dann ebenfalls auf unsere Zimmer. Der n\u00e4chste morgen begann um f\u00fcnf Uhr, als meine Assistentin an meine T\u00fcr klopfte und berichtete ein Mann st\u00e4nde vor der Eingangst\u00fcr und verlange nach mir. Ich k\u00e4mpfte mich aus dem Bett zog mich an und begab mich dann in die Eingangshalle, wo mich der Mann erwartete. Er verbeugte sich formal und sagte dann mit Englischem Akzent: \u201eUnser gemeinsamer Freund schickt mich. Er tritt heute Nacht seine Reise an und bat mich Ihnen diese Unterlagen zu \u00fcberreichen. Sie werden Euch die Forschungen hier erm\u00f6glichen. Er hat ein Verm\u00f6gen angesammelt, welches sie \u00fcber Jahrhunderte versorgen werden kann. Doch es bindet sich ein Versprechen an diese Unterlagen. Ihr gebt hiermit Euer Leben den Alten. Mindestens das Eure. Noch nicht das Eurer Freunde, doch bald werden sie weit genug sein, um selbst die F\u00fchrung der Alten zu akzeptieren, wenn sie soweit sind, werden sie Euch als Anf\u00fchrer akzeptieren, denn ihr akzeptiert mit der \u00dcbernahme dieser Papiere die F\u00fchrung von Nyarlathotep. Er wird Euch bald besuchen und Euch vor die Wahl stellen, denn er ist selbst in diesem Moment auf der Erde, um f\u00fcr den D\u00e4monensultan zu sehen, wie es um die einzige Gefahr steht. Akzeptiert Ihr die F\u00fchrung von Nyarlathotep und nehmt diese Papiere an?\u201c Langsam reichte er mir einen grauen Umschlag und ich griff danach. \u201eIch akzeptiere die F\u00fchrung von Nyarlathotep und freue mich den Alten dienen zu d\u00fcrfen und ihre Geheimnisse zu erfahren.\u201c, antwortete ich dann. Der Mann nickte, verbeugte sich noch einmal und verlie\u00df dann ohne ein weiteres Wort zu sagen das Schloss. Drau\u00dfen h\u00f6rte man einen Motor starten und dann das knirschen des Schotters, als der Wagen langsam die Einfahrt runter fuhr. Meine Assistentin hatte alles beobachtet und kam nun zu mir. \u201eWillst du dich wirklich den Alten anschlie\u00dfen?\u201c, fragte sie. Ich drehte mich zu ihr und antwortete: \u201eSoweit w\u00fcrde ich noch nicht gehen, doch es war die einzige M\u00f6glichkeit unsere Finanzierung zu sichern, also werde ich mich um die Alten k\u00fcmmern, wenn es an der Zeit ist. Geh und wecke Creston, Dorst und die drei Studenten, die als Wachen abgestellt werden. Besser wir fangen fr\u00fch an, keiner wei\u00df wie lange wir brauchen werden um den Eingang nach Sathan\u2019lyeh zu finden.\u201c Sie nickte und ging dann zu den Fahrst\u00fchlen. Ich \u00f6ffnete unterdessen die Umschl\u00e4ge und las mich durch die gro\u00dfe Anzahl von Dokumenten, die ich in diesem fand. Als meine Assistentin mit den verschlafen wirkenden Studenten die Eingangshalle betrat, tranken Creston und ich bereits unseren dritten Kaffee. Dorst k\u00fcmmerte sich gerade um die Ausr\u00fcstung, die er mit zu nehmen gedachte. Ich begr\u00fc\u00dfte die Studenten und schenkte ihnen Kaffee ein. Als Dorst zur\u00fcckkehrte, stand ich auf und nahm drei Schwerter, die wir R\u00fcstungen entwendet hatten, die \u00fcberall auf den Fluren standen. Ich dr\u00fcckte jedem der verwirrten Studenten eines in die H\u00e4nde und sagte: \u201eEs gibt Menschen aus der Region, die von dem Eingang wissen, vermutlich nicht von seiner wahren Bedeutung, dennoch wollen wir nicht \u00fcberrascht werden, also ist es ihre Aufgabe sich in den Geb\u00fcschen um die Ruine zu verstecken und jeden aufzuhalten, der uns folgt, oder der versucht aus dem Eingang zu entkommen, wenn wir schon im Inneren sind.\u201c Die Studenten starrten mich mit gro\u00dfen Augen an und nickten dann schlie\u00dflich alle. Als gegen sechs Uhr endlich der Morgen d\u00e4mmerte, machten wir uns auf den Weg. Bewaffnet waren wir ebenfalls mit Schwertern und hatten jeder noch eine Bergsteigerausr\u00fcstung, sowie eine leistungsstarke Taschenlampe. In Dorsts Rucksack fanden sich noch zwei Strahler, in meinem einige Nahrungsrationen und Creston trug unseren Wasservorrat. Wir wollten wirklich nicht unvorbereitet in diese geheimnisvolle Welt eindringen. Als wir die Ruine erreicht hatten, versteckten sich die Studenten und wir kletterten in den Tunnel hinab. Nach einer Viertelstunde standen wir in der Bibliothek und Dorst stellte einen der Strahler auf, der auf den Eingang gerichtet wurde, sodass wir einen Orientierungspunkt hatten. Da ich wusste, dass geradeaus die Statue stand, teilten wir uns auf. Dorst blieb als Verst\u00e4rkung am Ausgang stehen und Creston und ich ging je einer nach links und einer nach rechts. Ich tastete mich also vorsichtig mit meiner Taschenlampe vorw\u00e4rts, bis ich eine Wand erreichte. Hier war eine Ecke. Nach links ging es weiter an Regalen vorbei und rechts von mir war eine massive Wand, die auch wenn ich sie abklopfte keine Hohlr\u00e4ume erkennen lies. Also folgte ich den Regalen nach links. Das einzige, was ich h\u00f6rte waren meine Schritte und mein Atem, bis ich ein leises Rufen aus der Richtung vernahm, in die Creston gegangen war. Sofort wendete ich mich nach links und lief los. Als ich auf der anderen Seite der riesigen Halle angelangt war, sah ich den Schein von Crestons Lampe einige Meter entfernt links von mir. Dorst war bereits bei ihm angelangt und packte den zweiten Strahler aus. \u201eHast du etwas entdeckt?\u201c, begr\u00fc\u00dfte Creston mich. \u201eNur kalten, toten Stein\u201c, antwortete ich. \u201eWas ist an dieser Stelle?\u201c \u201eHier ist ein mit Holz verschlossener Durchgang\u201c, berichtete Creston. Ich nickte und wartete dann wie er darauf das Dorst den Strahler anschaltete. Als dies geschah, sog ich erstaunt Luft ein. Die T\u00fcr war exakt die gleiche, wie die des Schlosses selbst, nur das sie aus hellerem Holz bestand und in all den Jahren, die diese schon existieren mochte, nicht eine kleine Spur von Verfall zeigte. Creston r\u00fcttelte am T\u00fcrknauf, doch die T\u00fcr r\u00fchrte sich nicht. \u201eVerschlossen\u201c, stellte er sachlich fest. \u201eWas du nicht sagst\u201c, stichelte Dorst und fing sich einen b\u00f6sen Blick von Creston ein. Ich zog einen goldenen Schl\u00fcssel hervor, der ebenfalls, allerdings ohne Notiz, in dem Umschlag gelegen hatte. Ich ging also auf die T\u00fcr zu und als sich der Schl\u00fcssel nur der T\u00fcr n\u00e4herte, gab sie ein leises Klicken von sich und schwang nach au\u00dfen auf. Rotes Licht schien uns entgegen und wir traten durch die T\u00fcr auf einen breiten Balkon. Vor uns erstreckte sich das grauenhaft sch\u00f6ne Panorama einer unglaublichen Stadt und im Zenit stand ein kleiner roter Stern. \u201eWo sind wir?\u201c, fragte Creston leise, der mir durch die T\u00fcr gefolgt war. Dorst stand noch immer in der Bibliothek und blickte ungl\u00e4ubig auf den Balkon. Ich drehte mich zu den beiden um und sagte: \u201eWir haben die l\u00e4ngst verlassene gro\u00dfartig Stadt Sathan\u2019lyeh betreten\u201c",
            "wordcount": "6.682",
            "chapter_release": "18.07.2017",
            "chapter_number": "1"
        },
        "2": {
            "text": "Vorsichtig trat auch Dorst auf den Balkon und blickte auf die Stadt. Er schirmte seine Augen ab und blickte in den Himmel zu der roten Sonne. \u201eWir m\u00fcssen eine Spektralanalyse durchf\u00fchren\u201c, stellte ich fest. \u201eDann k\u00f6nnen wir feststellen wo wir sind.\u201c Die beiden anderen nickten, dann traten wir an das steinerne Gel\u00e4nder des Balkons. Die Geb\u00e4ude bestanden aus riesigen Quadern und waren in den meisten F\u00e4llen Kegel oder Sternenf\u00f6rmig. Ihre zyklopischen Ausma\u00dfe konnten unsere Augen kaum erschlie\u00dfen. Sie waren mit Mauern und eleganten hoch \u00fcber dem Boden schwebenden Br\u00fccken verbunden. Der Stein war dunkelgr\u00fcn und scheinbar von Hand behauen, auch wenn sie f\u00fcr Menschen fast schon grob wirkten. An einigen Stellen wurden Gruppen aus H\u00e4usern von gl\u00e4sernen Kuppeln \u00fcberspannt, die im Licht der Sonne golden gl\u00e4nzten. In einiger Entfernung erhob sich ein Berg, auf dessen Spitze eine Art Festung stand. Ein Turm erhob sich von dort einige hundert Meter in den Himmel und wurde abgeschlossen von einem auf dem Kopf stehenden Kegel. Um diesen Turm konnte man einige relativ elegante Geb\u00e4ude erkennen, die scheinbar willk\u00fcrlich angeordnet waren. In dem r\u00f6tlichen Licht der Sonne wirkte alles unwirklich und wir konnten die wahren Dimensionen der Stadt nur erraten. Noch wagten wir es nicht den Balkon zu verlassen und beschlossen, uns zur\u00fcck zur Erde zu begeben. Durch die T\u00fcr gelangten wir zur\u00fcck in die dunkle Bibliothek, sammelten unsere Ausr\u00fcstung wieder ein und traten den R\u00fcckweg an. Wir kletterten aus der Ruine und die Studenten gesellten sich wieder zu uns. Sie blickten uns fragend an, wagten aber nicht nach unseren Entdeckungen zu fragen. Als wir das Schloss wieder erreicht hatten, \u00fcberlies ich einem der Studenten meine Ausr\u00fcstung und setzte mich dann in meinen Wagen. Ich startete den Motor und kurz darauf kam meine Assistentin aus dem Schloss gelaufen, riss die Beifahrert\u00fcr auf und warf sich auf den Sitz. Fragend blickte ich sie an. \u201eMuss noch B\u00fccher aus der Uni haben\u201c, erkl\u00e4rte sie kurz angebunden und schnallte sich an, als ich langsam die Auffahrt hinab fuhr. Als wir in Dunkelburgen angekommen waren, setzte ich sie am Institut ab und fuhr zum Physikalischen Institut, das auf der anderen Seite der Stadt etwas au\u00dferhalb lag. Dort stritt ich mich zwei Stunden mit einem Assistenten, bis dieser einwilligte mir die Ger\u00e4te zur Verf\u00fcgung zu stellen, solange er sie beaufsichtigte. Also luden wir das Spektroskop, das Spektrometer, den Spektograf, den Monochromator und den Frequenzkamm vorsichtig in meinen Kofferraum und fuhren zum Institut f\u00fcr Chemie zur\u00fcck, wo meine Assistentin bereits ungeduldig wartete. Sie setzte sich auf den R\u00fccksitz hinter mir und schweigend fuhren wir zur\u00fcck nach Schwarzburgen. Als wir am Schloss ankamen war es bereits Mittag und die Sonne schien hei\u00df vom Himmel. Verwirrt blickte der Assistent sich um. Meine Assistentin ging in das Innere und schickte zwei der Studenten nach drau\u00dfen, die uns mit den Ger\u00e4tschaften halfen. Wir verstauten sie bei den restlichen Materialien und ich wies dem Assistenten ein Zimmer im zweiten Stockwerk zu. Danach traf ich mich mit Creston und Dorst in einem abgelegenem Konferenzraum, um den Ablauf des n\u00e4chsten Tages zu besprechen. Wir beschlossen dem neuen Assistenten so wenig wie m\u00f6glich zu verraten und zu sehen, wie er auf die bereits gemachten Entdeckungen reagierte, wenn er sie selbst sehen w\u00fcrde. Die meisten Studenten befanden sich mit den restlichen Assistenten im Keller, wo wir die Labore f\u00fcr Forschungen einsetzen wollten. Dort waren auch alle B\u00fccher in einem abgeschlossenem Raum untergebracht, welchen ohne Erlaubnis nur meine Assistentin und ich betreten konnten. Da es noch fr\u00fch am Nachmittag war, fuhr ich mit dem Aufzug in den Keller und betrat die improvisierte Bibliothek, die in dem Labor untergebracht war, in welchem ich die B\u00fccher am ersten Tag gefunden hatte. Meine Assistentin sa\u00df in mitten einer Flut aus Bl\u00e4ttern und B\u00fcchern. Direkt vor ihr lag das aufgeschlagene Necronomicon und ihr Laptop. Wie immer sa\u00df sie nicht am Schreibtisch, sondern in der Mitte des Raums auf dem Boden. Vorsichtig ging ich durch das sie umrundende Chaos und blickt \u00fcber ihre Schulter auf den Bildschirm des Laptops. Ich las einige Zeilen der \u00dcbersetzung und stellte dann fest, das sie mir ohne Zusammenhang nicht viel brachten. Ich verlie\u00df das Labor wieder und sah mich noch in den Anderen um, wo die Studenten vorsichtig mit der Klassifizierung der Stoffe begonnen hatten. Ich sprach mit einigen von ihnen, doch bisher waren ihnen keine au\u00dfergew\u00f6hnlichen Stoffe aufgefallen. Nach einiger Zeit kehrte ich nach oben zur\u00fcck und k\u00fcmmerte mich gemeinsam mit Creston und den drei Studenten, die uns morgen begleiten sollten, um das Abendessen. Als wir alle zusammen im gro\u00dfen Speisesaal sa\u00dfen erkl\u00e4rte ich den Anwesenden die Planung f\u00fcr den n\u00e4chsten Tag. Nach dem Abendessen diskutierten einige noch Probleme und die anderen begaben sich auf ihre Zimmer. Ich selbst besprach mit meiner Assistentin die Fortschritte bei den \u00dcbersetzungen und bot an mich um einen Sprachwissenschaftler zu bem\u00fchen, der ihr helfen w\u00fcrde. Sie stimmte bereitwillig zu, meinte aber, dass sie sich selbst um jemanden k\u00fcmmern w\u00fcrde und ich diese Aufgabe nicht auch noch \u00fcbernehmen m\u00fcsse. Ich dankte ihr und ging dann auf mein Zimmer. Am n\u00e4chsten morgen sammelten wir die Ausr\u00fcstung und statteten uns wieder mit den alten Schwertern aus. Der Physikassistent war verwirrt, ob unserer Ma\u00dfnahmen, widersprach aber auch nicht, als ich ihm ebenfalls ein Schwert in die H\u00e4nde dr\u00fcckte. Die Studenten, die am Tag zuvor den Ausgang bewacht hatten, trugen nun ebenfalls Rucks\u00e4cke, da wir beschlossen hatten einen ganzen Tag in Sathan\u2019lyeh zu verbringen und die T\u00fcr hinter uns verschlie\u00dfen w\u00fcrden, sodass uns niemand folgen konnte. Der neue Assistent schwieg den gesamten Weg, bis wir durch die T\u00fcr traten und den Balkon auf einem anderen Planeten betraten. Sein Gesicht war wei\u00df, als er auf die weite Stadt sah und er musste sich an dem Gel\u00e4nder festhalten, w\u00e4hrend wir die Ger\u00e4te f\u00fcr die Spektroskopie auspackten und aufbauten. \u201eWo bin ich?\u201c, erklang schlie\u00dflich seine schwache Stimme. \u201eDas versuchen wir mit der Hilfe der Spektroskopie festzustellen\u201c, meinte Dorst. \u201eSie befinden sich in der Stadt Sathan\u2019lyeh\u201c, erkl\u00e4rte ich. \u201eEiner der wenigen gut erhaltenen verlassenen St\u00e4dte der Alten. Ich muss Sie darum bitten dies niemandem zu erz\u00e4hlen, da ansonsten bestimmte Gruppen von Menschen auf uns aufmerksam w\u00fcrden, die wir nicht sehr zu sch\u00e4tzen wissen.\u201c Er nickte schnell und meinte dann: \u201eEs w\u00fcrde mir eh niemand glauben, was hier zu finden ist und ich will nicht als Spinner abgestempelt werden.\u201c Ich nickte zufrieden und dann half er dabei die Ger\u00e4te einzustellen. Nach einer halben Stunde waren die Ger\u00e4te eingestellt und Creston zog an der Reisleine des Dieselgenerators, der die Ger\u00e4te mit Strom versorgen w\u00fcrde. Mit einem kurzen Stottern sprang der Generator an und auf den Bildschirmen entstanden die ersten Graphen. \u201eBleiben Sie hier und analysieren sie die Daten\u201c, sagte ich zu dem Physikassistenten. \u201eWir werden einige Stunden die Stadt erforschen. Wir melden uns in regelm\u00e4\u00dfigen Abst\u00e4nden per Funkger\u00e4t bei Ihnen.\u201c Der Assistent, der bereits auf die Daten konzentriert war, nickte abwesend und nahm das Funkger\u00e4t von Creston entgegen. Der Balkon endete an einer weiteren T\u00fcr, die trotz ihres wahrscheinlich hohen Alters auch noch immer gut erhalten war. Ich dr\u00fcckte auf die Klinke und mit einem leichten Kratzen schwang die T\u00fcr nach innen. Wir traten in einen unermesslich gro\u00dfen Korridor, in welchem die T\u00fcr, aus welcher wir getreten waren, die kleinste zu sein schien. Die restlichen hatten zyklopische Ausma\u00dfe. Mit M\u00fche erreichte ich auf Zehenspitzen die riesige Klinke der gegen\u00fcberliegenden T\u00fcr. Auch diese lies sich mit einiger Anstrengung \u00f6ffnen, da die immense Gr\u00f6\u00dfe sie schwerer machte. K\u00fchler Wind schlug uns entgegen, als wir durch die T\u00fcr auf eine der filigran aussehenden, allerdings dennoch sehr stabilen Br\u00fccken traten. Sie lief auf einen der sternenf\u00f6rmigen T\u00fcrme zu, die sich an verschiedenen Orten \u00fcberall in der Stadt befanden, scheinbar zuf\u00e4llig und dennoch waren die umliegenden H\u00e4user nach diesen ausgerichtet. \u201eIst es vielleicht sinnvoller erst das Haus zu untersuchen?\u201c, fragte Dorst leise, doch ich sch\u00fcttelte nur den Kopf. Mein Gef\u00fchl sagte mir, wenn wir etwas finden w\u00fcrden, dann nicht in einem der normalen H\u00e4user, sondern in einem der Sternh\u00e4user oder der Festung auf dem Berg. Ich ging also voran \u00fcber die Br\u00fccke und Dorst folgte mit einem leichten Schulterzucken. Hinter ihm die anderen, die alles genau betrachteten. Einer der Studenten war mit einer Kamera ausgestattet und knipste Bild um Bild, damit wir nachher alles im Schloss ein weiteres Mal mit klarem Kopf betrachten konnten. Die Br\u00fccke f\u00fchrte auf eine Spitze des Sterns zu und der Weg f\u00fchrte durch einen Torbogen in das Innere des Turms. Als ich den ersten Fu\u00df in das Innere setzte, begannen einige Paneelen in den W\u00e4nden zu glimmen. Zeichen, die in grotesker Art an die Keilschrift aus dem Altertum erinnerten, waren auf diesen Paneelen zu erkennen. In der Mitte des Raumes stand ein steinerner Altar, \u00fcber welchem metallene Ger\u00e4te von der hohen Decke hinab hingen. Ein leises Summen ging von ihnen aus und ein schummriges Licht fiel auf den Altar. Eine elektrische Aura erf\u00fcllte den Raum und die feinen H\u00e4rchen auf meinen Armeen stellten sich auf. Der Geigerz\u00e4hler, der an meinem Rucksack hing, knackte bedrohlich, also holte ich ihn nach vorne und sah auf das Display. Der Zeiger befand sich knapp \u00fcber dem Normalwert, jedoch bestand kein Grund zur Sorge, da der Wert so noch nicht im gef\u00e4hrlichen Bereich lag. Einer der Studenten n\u00e4herte sich dem Altar und mit einem leeren Blick streckte er die Hand aus. \u201eNicht ber\u00fchren\u201c, bellte Creston, doch eswar schon zu sp\u00e4t. Die Hand des Studenten strich \u00fcber die glatte Oberfl\u00e4che und die Ger\u00e4te an der Decke bewegten sich und schienen ihn zu beobachten. Ein Helm an einer R\u00f6hre senkte sich hinab und setzte sich auf den Kopf des Studenten. Dieser war starr stehengeblieben und sein Blick war nun voll von gehetzter Furcht. \u201eGehirnfrequenz nicht kompatibel\u201c, verk\u00fcndete nach einigen Sekunden eine blecherne Stimme. \u201eMenschlichen Diener mit h\u00f6herer Kapazit\u00e4t einf\u00fcgen, um Datenbanken in diesem zu speichern. Diese H\u00fclle ist nicht genug gereift. Empfehle weitere Reifung von mindestens siebzig Jahren.\u201c Danach zogen sich die Ger\u00e4te zur\u00fcck in ihre Warteposition. Der Student stand bleich zitternd, aber anscheinend unversehrt vor dem Altar. \u201eNiemand fasst etwas an\u201c, befahl ich und alle nickten eifrig. Der Student mit der Kamera machte wieder Fotos und wir anderen betrachteten die seltsamen Zeichen, die auf den Paneelen blinkten und sich teilweise in einem geheimnisvollen Rhythmus bewegten. Schlie\u00dflich beschloss ich mit Creston und Dorst, dass es Zeit war nach einem Weg auf den Boden dieser Stadt zu suchen. Wir begaben uns also zur\u00fcck in das Geb\u00e4ude, in welchem wir angekommen waren und \u00f6ffneten die T\u00fcren auf unserer Suche nach einer Treppe. Das einzige, was wir fanden, war ein sieben Meter durchmessender runder Schacht, der nach unten und nach oben f\u00fchrte. Wir befestigten Haken unserer Kletterausr\u00fcstung und begannen uns abzuseilen. Ich war der Erste und ein kleines St\u00fcck \u00fcber mir hing Creston, der das zweite Seil benutzte. Je tiefer wir kamen, desto dunkler wurde es und wir schalteten nach den ersten zehn Metern unsere Helmlampen an. Unsere Seile waren drei\u00dfig Meter lang und aus strapazierf\u00e4higem Nylon. Nach ungef\u00e4hr f\u00fcnfundzwanzig Metern kamen wir auf dem Boden an. Es musste noch einen versteckten Abgang geben, denn laut unseren Sch\u00e4tzungen mussten wir uns nun schon unterhalb des Bodens befinden, was von der feuchten K\u00fchle best\u00e4tigt zu werden schien, die uns hier unten empfing. Nach uns seilten sich zwei Studenten ab, denen dann zuletzt Dorst und der letzte Student folgten. Wir standen in einem runden Tunnel, der gesch\u00e4tzt in Richtung der Festung lief. Ich nickte Dorst zu, der zur\u00fcck nickte, und wir begannen unseren Marsch. Wir waren inzwischen f\u00fcnf Stunden hier, von welchen wir bereits zwei durch den Tunnel liefen und bisher hatten wir keinen neuen Ausgang gefunden. Ich sch\u00e4tzte, das wir um die sieben Kilometer zur\u00fcckgelegt hatten, doch da immer wieder Kurven den Weg zeichneten, wusste ich nicht wo wir uns befanden. Nach einer weiteren halben Stunde erreichten wir das Ende des Tunnels. Wir standen mit einem Mal in einer riesigen Halle, in welcher sich wie schon zuvor automatisch das Licht einschaltete. An jeder Seite lief eine Treppe nach oben, die neben den riesigen Stufen auch zur Wand hin f\u00fcr Menschen normal geformte Stufen hatte. Vorsichtig schlichen wir die Treppe hinauf und kamen in einen Lichtdurchfluteten Raum von mindestens zehn Metern H\u00f6he. Das Licht schien keinen Ausgangspunkt zu haben und Fenster waren auch keine zu entdecken, doch unz\u00e4hlige Ger\u00e4tschaften, deren Sinn sich uns nicht erschloss waren in dem Raum verteilt. Schnell stiegen wir weiter hinauf und kamen durch zwei weitere \u00e4hnliche R\u00e4ume, die nur mit anderen ebenso seltsamen Gegenst\u00e4nden eingerichtet waren. Manche dieser Ger\u00e4te glichen denen, die wir im Turm bereits gesehen hatten, andere wirkten wie k\u00fcnstliche Tentakel und auch eine gro\u00dfe Anzahl Glasger\u00e4te, die den unseren in der Chemie in grotesker weise \u00e4hnliche waren, standen hier. Endlich erreichten wir einen von T\u00fcren ges\u00e4umten Flur, der am Ende in einem gro\u00dfen Portal endete. Mit vereinter Kraft dr\u00fcckten wir das Portal auf und standen in einem Hof, der von Meter hohen Mauern umringt wurde. Als wir uns umdrehten, standen wir vor der Festung, die man vom Balkon aus gesehen hatte. Keiner von uns sagte ein Wort, bis das Knacken des Funkger\u00e4ts die Stille unterbrach. \u201eH\u00f6ren Sie mich?\u201c, drang die Stimme des Physik Assistenten aus dem Lautsprecher. \u201eKlar und deutlich\u201c, antwortete Creston. \u201eHaben Sie etwas herausgefunden?\u201c Einige Sekunden herrschte Stille dann kam die Antwort: \u201eJa. Sie werden es mir nicht glauben, aber wir befinden uns hier auf Trappist-f. Ich konnte es eindeutig feststellen, durch den Abstand zur Sonne und der charakteristischen Strahlung\u201c In diesem Moment war ich mir sicher, dass es sich nicht um einen Zufall handeln konnte. Die Planeten der Sonne Trappist waren erst vor wenigen Monaten von der NASA entdeckt und best\u00e4tigt worden und nun standen wir auf der Oberfl\u00e4che von einem der Planeten. \u201eHaben sie genau Informationen \u00fcber den Planeten aus den Datenbanken der Universit\u00e4t oder der NASA?\u201c, fragte Creston, der ebenso aufgeregt klang, wie ich mich f\u00fchlte. \u201eNicht hier\u201c, kam prompt die Antwort des Assistenten. \u201eAber wenn wir wieder auf der Erde sind ... h\u00e4tte nie gedacht das ich das mal sagen w\u00fcrde ... dann kann ich sehen, was uns bisher \u00fcber den Planeten bekannt ist. Doch das alles ist eine einmalige Gelegenheit\u201c, fuhr er aufgeregt fort. \u201eWir m\u00fcssen Gesteinsproben nehmen, Satelliten in den Orbit schie\u00dfen und so die Forschung weiter vorantreiben.\u201c Fragend sah Creston mich an und als ich meine Hand ausstreckte, legte er das Funkger\u00e4t in diese. \u201eIch wei\u00df Ihr Engagement zu sch\u00e4tzen, doch bevor wir wissen, was in dieser Stadt lauert, werden wir keine weiteren Schritte unternehmen.\u201c, begann ich. \u201e Sie wissen, was ich Ihnen \u00fcber die gewissen Gruppierungen erz\u00e4hlt habe, die unsere Forschung missbilligen w\u00fcrden. Diese Gruppierungen sind au\u00dferordentlich m\u00e4chtig und schrecken auch nicht vor drastischen Ma\u00dfnahmen zur\u00fcck. Verstehen Sie, was ich Ihnen sagen will?\u201c Wieder war es eine zeit lang still dann kam die kleinlaute Antwort: \u201eIch denke schon.\u201c Ich nickte zufrieden. \u201eGut, wir werden in wenigen Stunden zur\u00fcck sein. Verhalten Sie sich solange weiterhin ruhig und sehen sie, was sie noch aus den Daten machen k\u00f6nnen.\u201c \u201eVerstanden\u201c, kam die knappe Antwort, dann herrschte wieder Funkstille. Ich reichte Creston das Funkger\u00e4t zur\u00fcck und er befestigte es wieder an seinem G\u00fcrtel. \u201eWeiter\u201c, befahl ich knapp und wir gingen auf die leere H\u00f6hle zu, die den Eingang in die Festung markierte. Wie schon zuvor leuchtete das Licht bei unserem Eintreten ein, doch diesmal war es anders. Das grelle wei\u00df war von warmem Licht ersetzt worden. Wir folgten dem Gang, bis wir einen Saal er- reichten, dessen Decke von gigantischen S\u00e4ulen gest\u00fctzt wurde. Am Ende der ansonsten leeren Halle stand ein Thron auf einer erh\u00f6hten Plattform und ich war der Erste, der das Zeichen zum anhalten gab. Der Thron war nicht leer. Ein Mann mit den jungen Z\u00fcgen eines antiken Pharaos sa\u00df auf diesem und blickte mit seinen schwarzen Augen auf uns hinab. Ich sp\u00fcrte die angespannte Atmosph\u00e4re im Raum, als auch meine Begleiter den Grund f\u00fcr mein pl\u00f6tzliches Anhalten entdeckten. Mit einem Mal wusste ich, was zu tun war, ohne das dieser Mann auch nur gesprochen hatte, wusste ich wer er war und das er nur mich wollte. \u201eGeht zur\u00fcck zu dem Balkon!\u201c, befahl ich. \u201eLasst mir ein Seil hier und geht dann!\u201c Furcht strich \u00fcber das Gesicht von Creston, doch etwas in meiner Stimme schien ihn dazu zu bringen mir nicht zu widersprechen. Er gab den Studenten ein Zeichen und sie verlie\u00dfen die Festung. Als die Schritte meiner Begleiter verklungen waren, setzte ich meinen Rucksack ab und ging auf die Seele der \u00c4u\u00dferen G\u00f6tter zu. Als ich vor den Stufen stand, erhob er sich und schritt langsam hinab. Die dunkle Pr\u00e4senz verdichtete sich und ich sp\u00fcrte die Macht des Chaos, die von ihm ausging. Fasziniert betrachtete ich Nyarlathotep und als er meinen Blick sah, l\u00e4chelte er leicht, obwohl das L\u00e4cheln nicht seine finsteren Augen erreichten, in denen ich das Chaos Azathoths sehen konnte. \u201eWillkommen in meiner alten Festung\u201c, erklang seine wohlt\u00f6nende Stimme. \u201eLange habe ich auf Dich gewartet. Doch ich kann sehen, dass Du noch nicht soweit bist, meine Existenz als gegeben zu akzeptieren. Dennoch konnte ich nicht erwarten Dich zu sehen. Azathoth hat Dir eine gro\u00dfe Aufgabe zugedacht. Eine, die seinem sonstigen Bestreben in so vieler Hinsicht widersprechen mag und dennoch in seinem Interesse ist, wie alles, was ich f\u00fcr ihn erledige.\u201c \u201eIch wei\u00df nicht, ob ich bereit bin Azathoth bis in alle Ewigkeit zu dienen. Was ich im De vermis mysteriis las, hat mich nicht minder verst\u00f6rt, als fasziniert, als ich es las\u201c, erkl\u00e4rte ich. Wieder l\u00e4chelte Nyarlathotep wissend und sagte dann: \u201eDieses Buch ist der Nonsens der Menschen. Sie versuchen damit mit uns in Verbindung zu tre- ten, doch nichts, was in diesem Buch steht, bringt Euch auch nur einen Schritt weiter zu uns. Das Necronomicon beinhaltet die wahren Worte Azathoths, genau wie dieses Buch, welches ich Dir nun \u00fcberreichen werde. Bedenke es ist nur f\u00fcr deine Augen bestimmt.\u201c Er reichte mir ein dickes Buch, welches in schwarzes Leder gebunden war. \u201eAuch die Bibliothek, die Ihr hier gefunden habt, wird Euch den Einblick in unsere Welt erlauben.\u201c Vorsichtig schlug ich das Buch auf, dessen Seiten aus Pergament bestanden und sah auf die Zeichen, die es enthielt. Es war die gleiche Keilschrift, die \u00fcberall in der Stadt zu sehen war. \u201eIch kann es nicht lesen\u201c, sagte ich dann vorischtig. \u201eDas habe ich mir schon gedacht\u201c, meinte Nyarlathotep. \u201eGehe einen kurzen Weg mit mir.\u201c Er verlie\u00df den Saal und vorsichtig folgte ich ihm, noch immer das Buch fest in der Hand. Kurz nach ihm betrat ich einen kleinen Raum, in welchem sich \u00e4hnliche Ger\u00e4te wie in dem Turm befanden. Nyarlathotep stand an einer schmalen Konsole und seine Finger flogen \u00fcber die Tasten. In der Mitte des Raumes stand ein einzelner Stuhl, \u00fcber welchem wiederum seltsame Ger\u00e4te aus der Decke wuchsen. \u201eSetz dich!\u201c, befahl Nyarlathotep und mein K\u00f6rper gehorchte, obwohl meinGeist vor Panik schrie. So sa\u00df ich also dort das Buch in den H\u00e4nden, ausharrend, abwartend was geschehen sollte, w\u00e4hrend Nyarlathotep die Konsole benutzte. Schlie\u00dflich ert\u00f6nte ein Summen und es wurde dunkel um mich, als sich ein Helm auf meinen Kopf setzte. Ich sp\u00fcrte das leichte Kribbeln von Elektrizit\u00e4t und alle meine Haare stellten sich auf. Das Atmen fiel mir schwer und kurz darauf verlor ich das Bewusstsein. Als ich wieder erwachte, lag ich neben meinem Rucksack in der Halle. Mein Kopf schmerzte und vorsichtig setzte ich mich auf. Ich war alleine. Nyarlathotep war verschwunden und mit ihm der Thron, welcher auf der anderen Seite der Halle gestanden hatte. Einzig das Buch mit dem schwarzen Einband, welches neben mir lag zeugte von der Gegenwart des \u00c4u\u00dferen. Vorsichtig, als k\u00f6nnte ich mich daran verletzen nahm ich es hoch und verstaute es in meinem Rucksack, dann machte ich mich auf den R\u00fcckweg. Als ich die Festung verlie\u00df, sah ich die Stadt mit anderen Augen. Ich setze meinen Fu\u00df auf das verborgene Transportband und sofort setzte es sich leise summend in Bewegung. Mit meinen Gedanken beeinflusste ich die Richtung und nach einigen Minuten hatte ich die Bibliothek erreicht. Der Haupteingang war mit gigantischen S\u00e4ulen verziert und die Ornamente zeigten die Einwohner dieser Stadt, doch leider war der Stein schon so von Wind und Wetter abgetragen, dass keine Details mehr zu erkennen waren. Ich trat in die Eingangshalle und ging zu den verschlossenen T\u00fcren auf der linken Seite. Einer Eingebung folgend legte ich meine Hand auf das Feld rechts von diesen und mit einem Zischen glitten die T\u00fcren auf. Lampen flackerten und dann war der Schacht hell erleuchtet. Ich sp\u00fcrte die St\u00e4rke des magnetischen Feldes und schritt in den scheinbar leeren Schacht. Die Felder hielten mich in der Luft und meinen Gedanken folgend trugen sie mich auf die richtige Etage. Creston und Dorst standen mit gezogenen Schwertern vor der T\u00fcr, doch als sie mich erkannten, lie\u00dfen sie diese wieder sinken. \u201eWie bist du so schnell nach hier gekommen?\u201c, fragte Creston verwirrt. \u201eWir sind eben erst hier angekommen und waren wieder mehrere Stunden unterwegs.\u201c \u201eIch verstehe nun einiges von der Technik in der Stadt, doch wei\u00df ich jetzt auch, dass es hier nicht ungef\u00e4hrlich ist. Besonders, weil wir noch immer nicht wissen wie die Einwohner gestorben sind.\u201c, antwortete ich und Dorst nickte langsam. \u201eWer war der Mann?\u201c, fragte er dann. \u201eNyarlathotep\u201c, sagte ich leise und meine beiden Freunde warfen sich einen besorgten Blick zu. \u201eWas ist geschehen, nachdem wir fort waren?\u201c, wollte Creston wissen und ich berichtete was mir widerfahren war, lie\u00df jedoch das Buch, welches schwer in meinem Rucksack lag unerw\u00e4hnt. Gemeinsam beschlossen wir die Stadt vorerst zu verlassen und den Eingang zu verschlie\u00dfen. Wir traten auf den Balkon, der noch immer im Licht der Sonne lag und teilten den anderen unsere Entscheidung mit. Alle schienen ein gewisse Erleichterung zu sp\u00fcren und schnell hatten wir unsere Materialien gepackt. Ich \u00f6ffnete die T\u00fcr und nacheinander verlie\u00dfen wir die Stadt Sathan\u2019lyeh. Ich stand als letzter im Licht der roten Sonne und blickte noch einmal \u00fcber die Stadt, dann drehte ich mich um und verschloss hinter mir die T\u00fcr. Das Schloss klickte und wir standen in der Dunkelheit der Bibliothek. Die anderen hatten bereits ihre Taschenlampen entz\u00fcndet und ich folgte ihrem Beispiel. Wir machten uns auf den R\u00fcckweg und als wir an die Oberfl\u00e4che kamen, war es schon wieder dunkel. Ich blickte auf meine Armbanduhr, doch seltsamerweise war sie stehengeblieben. Bei meinen Begleitern war es genauso, als ich sie danach fragte. \u201eZeit ist eine willk\u00fcrliche Einteilung, die wir festgelegt haben\u201c, meinte der Physikassistent. \u201eEs ist m\u00f6glich, dass die Zeit in Sathan\u2019lyeh anders verl\u00e4uft, m\u00f6glicherweise sogar unberechenbare Spr\u00fcnge vollzieht, die wir nicht bestimmen k\u00f6nnen, da uns ein einheitliches Parameter fehlt.\u201c Ich nickte und wir gingen zum Eingang des Schlosses. Ich \u00f6ffnete die T\u00fcr und meine verwirrte Assistentin kam mir entgegen. \u201eWo kommen sie her? Sind sie nicht vor ein paar Stunden auf Ihre Zimmer gegangen, damit Sie morgen bereit f\u00fcr die Expedition nach Sathan\u2019lyeh sind.\u201c, meinte sie. \u201eIch denke, Sie hatten recht damit, dass die Zeit in ungew\u00f6hnlicher Art und Weise springt, wenn man die T\u00fcr schlie\u00dft\u201c, sagte ich zu dem Physikassistenten. \u201eWir sind bereits in Sathan\u2019lyeh gewesen. Doch die Versionen von uns, die noch hier sind, d\u00fcrfen nicht von unserer Anwesenheit erfahren, da ansonsten ein Zeitparadoxon entstehen w\u00fcrde. Wir werden in einem der Konferenzr\u00e4ume warten, bis wir nach Sathan\u2019lyeh aufbrechen, dann kommen Sie zu uns und wir besprechen was wir entdeckt haben.\u201c Als wir in dem Konferenzraum sa\u00dfen, fassten wir unsere Beobachtungen zusammen und Creston warf eine Frage in den Raum, die wir nicht beantworten konnten. \u201eWenn wir so weit in der Zeit zur\u00fcckgereist sind, wie kann es dann sein, dass dies nicht beim ersten Mal passierte, als wir Sathan\u2019lyeh betreten haben?\u201c, fragte er und alle schwiegen. Ich blickte zu dem Physiker, doch dieser zuckte nur mit den Schultern und blickte nachdenklich auf die Ergebnisse, die er ausgedruckt hatte. Ich wurde von meiner Assistentin geweckt. Mein R\u00fccken schmerzte, weil ich auf dem Stuhl, in welchem ich gesessen hatte eingeschlafen war. Meine ersten Gedanken waren panisch, da ich von den \u00c4u\u00dferen und dem Buch in meinem Rucksack getr\u00e4umt hatte. Als ich meine Assistentin erkannte, beruhigte ich mich. \u201eIhr seid jetzt seit zwei Stunden fort. Ich dachte es w\u00e4re besser einen Puffer zu haben\u201c, berichtete sie und ich nickte. Meine Begleiter hatten den Raum bereits verlassen. \u201eIch habe die anderen auf ihre Zimmer geschickt, da ihr alle mitgenommen wirkt, doch dich scheint es besonders stark getroffen zu haben.\u201c Ich g\u00e4hnte mit vorgehaltener Hand und berichtete ihr dann von Nyarlathotep. Am Ende zog ich das Buch heraus, welches er mir gegeben hatte. Warum auch immer hatte ich beschlossen ihn zu ignorieren und ihr das Buch zu zeigen, welches wohl von Azathoth selbst zu stammen schien und meine Aufgabe auf der Erde erkl\u00e4ren sollte. Sie nahm mir das Buch aus der Hand und schlug es vorsichtig auf. Sie \u00fcberflog einige Seiten und klappte es dann wieder zu. \u201eWas sagst du dazu?\u201c, fragte ich. \u201eIch kenne die Schrift. Sie kommt auch in anderen B\u00fcchern vor, die sich mit den Alten besch\u00e4ftigen, doch ich konnte bisher nur einige wenige Laute entziffern und sie machten dann genauso wenig Sinn, wie zuvor, da sie eine willk\u00fcrliche Aneinanderreihung von kaum aussprechbaren Lauten ist. Ich versuche seit ich sie hier das erste Mal gesehen habe, einen Sinn in diese Sprache zu bringen, doch bisher ist mir das nicht gelungen\u201c, erkl\u00e4rte sie mir und ich nickte, da ich etwas in der Art erwartet hatte. Ich nahm das Buch und blickte auf den Einband. Die Zeichen verschoben sich und ich las vor: \u201eDie Bedeutung der Erde\u201c \u00dcberrascht blickte meine Assistentin mich an. \u201eDu kannst es lesen?\u201c, fragte sie. \u201eIch denke, dass Nyarlathotep mir das Wissen mit den Ger\u00e4ten injizierte. Doch leider wei\u00df ich nicht, was er mir sonst noch alles mitgegeben hatte und ich f\u00fcrchte mich davor es herauszufinden\u201c, erkl\u00e4rte ich. Vorsichtig stand ich auf und nahm das Buch mit mir in mein Zimmer. Meine Assistentin begab sich wieder in die improvisierte Bibliothek. Am Nachmittag desselben Tages, als wir alle mehr oder weniger ausgeschlafen waren, versammelten wir alle in der gro\u00dfen Eingangshalle, in welche wir inzwischen mehr Tische und St\u00fchle gestellt hatten, da sie uns als Versammlungsraum diente und meiner Ansicht nach angenehmer als die Kantine oder einer der Versammlungsr\u00e4ume war. Vor den versammelten Studenten und Assistenten berichteten wir von unseren Entdeckungen in Sathan\u2019lyeh und ich berichtete noch einmal ausf\u00fchrlich von meiner Begegnung mit Nyarlathotep, lie\u00df hier allerdings wieder das Buch aus. Nach einiger Zeit angeregter Diskussion verlie\u00dfen alle St\u00fcck f\u00fcr St\u00fcck die Halle und kehrten zu ihren Arbeiten zur\u00fcck, oder nahmen sich den Nachmittag frei, was ich ihnen nach dieser Geschichte nicht ver\u00fcbeln konnte. Ich sa\u00df etwas abseits der restlichen kleinen Gruppen in einem Sessel und rauchte mit leicht zitternder Hand. Meine Assistentin setzte sich zu mir und ich bot ihr eine Zigarette an, die sie dankend annahm. \u201eWarum hast du das Buch nicht erw\u00e4hnt?\u201c, wollte sie wissen. \u201eEs kam mir nicht richtig vor sie auch noch damit zu belasten\u201c, meinte ich mit einem Schulterzucken. \u201eIch mute den Studenten ohnehin schon genug zu und ich denke es ist nicht fair sie mehr als notwendig zu belasten.\u201c \u201eDennoch ist es auch nicht richtig ihnen Informationen vorzuenthalten\u201c, erwiderte sie und nahm einen tiefen Zug. Wieder zuckte ich mit den Schultern und dr\u00fcckte den Stummel aus. \u201eKomm einen Moment mit mir\u201c, sagte ich und stand auf. Sie folgte mir aus dem Schloss hinaus in den leichten Regen, der seit dem Mittag fiel. Ich schloss mein Auto auf und wir setzten uns hinein. Ich z\u00fcndete mir eine weitere Zigarette an und merkte, dass mein Vorrat fast ersch\u00f6pft war. \u201eIch denke es ist sicherer f\u00fcr alle, je weniger sie wissen. Die Alten sind gef\u00e4hrlich und mein Treffen mit Nyarlathotep hat mir das nur noch mehr best\u00e4tigt\u201c, er- kl\u00e4rte ich nachdem ich zwei tiefe Z\u00fcge genommen hatte. \u201eWenn das so ist, sollten wir das Projekt sofort einstellen\u201c, meinte sie, doch ich h\u00f6rte in ihrer Stimme, dass sie davon genauso wenig \u00fcberzeugt war, wie ich es war, also beschloss ich diese Aussage zu ignorieren. \u201eIch denke wir werden nicht um eine Reise nach Arkham kommen, wo ich vermute einige Hinweise auf die Alten oder zumindest auf Kulte die die Alten verehren zu finden. Und das ganze muss bald geschehen. Ich habe nicht vor dem Grafen von Schwarzburgen zu folgen, doch mich w\u00fcrde interessieren, ob die Wesen, von welchen vor mehr als einem Jahrhundert in den Zeitungen berichtet wurde, ein weiteres Mal aufgetaucht sind. Auch soll es in der Miscatonic Universit\u00e4t eine weitere Ausgabe des Necronomicons geben und es w\u00e4re vielleicht angebracht unsere Version auf ihre Richtigkeit zu \u00fcberpr\u00fcfen, nachdem ich von Nyarlathotep erfahren habe, dass das De vermis mysteriis komplett nutzlos ist.\u201c Meine Assistentin nickte abwesend und spielte mit einer ihrer Haarlocken, die ihr ins Gesicht gefallen war. \u201eIch denke du hast recht\u201c, sagte sie dann. \u201eIch werde mich um die Visa f\u00fcr uns beide k\u00fcmmern und dementsprechend den n\u00e4chst m\u00f6glichen Flug buchen, damit wir mit unseren Nachforschungen vorankommen. Du solltest aber auch dar\u00fcber nachdenken, wer in der Zeit hier alles im Blick beh\u00e4lt und uns \u00fcber den Fortschritt auf dem Laufenden h\u00e4lt.\u201c Ich nickte und blickte in den grauen Nachmittag hinaus, der langsam dunkler wurde, da der Abend d\u00e4mmerte. \u201eIch denke Creston und Dorst sollten sich gemeinsam darum k\u00fcmmern\u201c, sagte ich und schnippte den Zigarettenstummel aus dem Fenster. Sie nickte und holte dann ihre Packung mit Zigaretten aus ihrem Kittel und bot mir ebenfalls eine an. Wir sa\u00dfen noch einige Zeit schweigend und rauchend im Auto, bis ich den Motor startete. \u201eWas hast du vor?\u201c, fragte sie, als ich die Zufahrt hinabfuhr und auf die Stra\u00dfe in Richtung Schwarzburgen abbog. \u201eMir ist etwas eingefallen, was ich jetzt auf der Stelle \u00fcberpr\u00fcfen muss\u201c, erkl\u00e4rte ich. Schweigend fuhren wir in die Stadt, w\u00e4hrend es st\u00e4rker anfing zu regnen. Ich fuhr in die Altstadt und hielt vor meinem Haus in der Alighieri-Gasse. Ich schloss die T\u00fcr auf und meine Assistentin folgte mir in das kleine Haus, welches ich von meinem Onkel geerbt hatte. Ich f\u00fchrte sie in das Arbeitszimmer, in welchem jede Wand mit B\u00fccherregalen bedeckt war. Viele dieser B\u00fccher hatten meinem Onkel geh\u00f6rt, der sich selber immer als Alchemist bezeichnet hatte, doch mir war ein Buch eingefallen, in welchem er oft gelesen hatte, welches die gleichen Zeichen trug, die wir nun mit den Alten in Verbindung brachten. Ich erkl\u00e4rte meiner Assistentin, wonach wir suchten und gemeinsam begannen wir die B\u00fccherregale zu durchforsten. Es war still und man h\u00f6rte nur das Rascheln von Papier und das Prasseln des Regens. Sie schlief irgendwann mit einem Buch vor sich im Schreibtischstuhl ein, doch ich wollte umbedingt das Buch finden. Als ich beim letzten Regal ankam, hatte ich die Hoffnung fast aufgegeben, doch als ich ein Buch unabsichtlich zu weit zur\u00fcck in das Regal schob, klickte es in der Wand und das B\u00fccherregal bewegte sich einen Fingerbreit. Mit etwas Anstrengung und einem unangenehmen Kratzen, durch welches meine Assistentin wieder erwachte, schaffte ich es die geheime T\u00fcre aufzuklappen. Ich blickte in einen Glaskasten, in welchem eine Statuette von Cthulhu stand, rechts und links daneben waren zwei gr\u00fcnliche Steinplatten, die weiter seltsame Wesen zeigten. Doch was meinen Blick fing, war das Buch, welches \u00fcber dieser Vitrine stand. Der Einband war aus dunkelrotem Leder und in der Mitte war ein Pentagramm zu erkennen, welches von Tentakeln umgeben war. Ehrf\u00fcrchtig griff ich nach diesem Buch und es lag k\u00fchl in meiner Hand, als ich es zu mir zog. \u201eDas Verh\u00e4ngnis der Alten\u201c, fl\u00fcsterte ich leise und schlug die erste Seite auf. Das Pergament war alt, aber dennoch war es stabil und die Worte waren klar zu erkennen. Es war eine Mixtur von Latein und Griechisch, sowie auf einigen Seiten die Sprache der Alten. \u201eEs scheint in der Familie zu liegen\u201c, meinte ich und meine Assistentin blickte mich ernst an. Ich dr\u00fcckte das Regal wieder an seinen Platz, wo es mit einem Klicken einrastete. Die ersten Strahlen der Sonne fielen durch das Fenster und wir fuhren zur\u00fcck zum Schloss. Gemeinsam betraten wir das Schloss und gingen in die Kantine. Anscheinend hatte uns keiner vermisst, denn die restlichen Assistenten sa\u00dfen an verschiedenen Tischen und tranken den ersten Kaffee des Tages. Wir setzten uns zu Creston und Dorst, ich entschuldigte mich aber nach einigen Minuten und ging in mein Zimmer, um endlich etwas Schlaf nach zu holen. Gegen Mittag wachte ich wieder aus wirren Tr\u00e4umen aus und setzte mich schwer atmend und schwitzend auf. Zitternd fuhr ich mir mit einer Hand durch die Haare und versuchte meinen Atem zu beruhigen. Ich zog mich an und z\u00fcndete eine Zigarette an. Danach \u00f6ffnete ich das Fenster und blickte auf den dunklen Wald, der das Schloss umgab. Meine Gedanken schwirrten um die Alten und die seltsamen B\u00fccher, die nun in einem abgeschlossenem Safe in meinem Schrank lagen. Als ich am Filter der Zigarette angekommen war, schnippte ich den Stummel aus dem Fenster und schloss dieses wieder. Ich atmete noch einmal tief durch und verlie\u00df dann mein Zimmer. Mit dem Aufzug fuhr ich in den Laborkeller und betrat die Bibliothek, in der nun noch mehr B\u00fccher lagen. Meine Assistentin lief mit einem Klemmbrett zwischen den Stapeln hin und her und kategorisierte die neuen B\u00fccher. \u201eWo kommen die B\u00fccher her?\u201c, fragte ich erstaunt. \u201eDas sind die ersten B\u00fccher aus Sathan\u2019lyeh. Ich habe beschlossen, dass es besser ist die B\u00fccher hier zu studieren, da wir hier in einer mehr oder weniger gesicherten Atmosph\u00e4re sind. Wir sortieren sie hier und verteilen sie dann auf die verschiedenen Konferenzr\u00e4ume im ersten Stock. So gro\u00df wie die Bibliothek ist, wird der Platz dort allerdings auch knapp werden, aber wir hoffen so viel wie m\u00f6glich unterbringen zu k\u00f6nnen\u201c, erkl\u00e4rte sie und ich nickte zustimmend. \u201eHaben wir inzwischen eine Vorstellung wie gro\u00df die Bibliothek ist?\u201c, wollte ich wissen. \u201eLeider nicht\u201c, meinte sie mit einem entschuldigendem L\u00e4cheln. \u201eDie Ersten sind inzwischen in die weiteren R\u00e4ume vorgedrungen, die von hier ebenfalls zu erreichen sind, doch es \u00f6ffnen sich immer weitere Tiefen, da von jedem Raum weiter T\u00fcren abgehen. Es scheint als w\u00fcrde die Physik in diesen R\u00e4umen anders sein, denn sie schachteln sich scheinbar \u00fcbereinander und ineinander. Es entstehen \u00dcberg\u00e4nge zwischen R\u00e4umen, die nicht existieren d\u00fcrften und dann gehen T\u00fcren in verschiedene R\u00e4ume, die eigentlich in die gleichen f\u00fchren sollten.\u201c \u201eAlso haben wir keine Ahnung, was uns noch alles in diesen erwartet\u201c, stellte ich fest und sie nickte, w\u00e4hrend sie den n\u00e4chsten Stapel mit B\u00fcchern untersuchte. \u201eIch habe \u00fcbrigens auch den Professoren f\u00fcr Chemie und Literatur der Miscatonic Universit\u00e4t geschrieben. Ich denke, dass wenn sie einem Besuch zustimmen, ein Visum um einiges einfacher zu erhalten ist\u201c, sagte sie, als ich gerade wieder gehen wollte. \u201eHast du ihnen von unserem Interesse berichtet?\u201c, fragte ich. \u201eIch hielt diese Vorgehensweise nicht f\u00fcr ratsam. Es ist denke ich besser, wenn wir sie erst damit konfrontieren, wenn wir dort angekommen sind\u201c, antwortete sie und mit einem Nicken ging ich wieder. Ich verlie\u00df das Schloss und wanderte ziellos durch den \u00fcberwucherten Garten, der hinter dem Schloss lag. Die Hecken begannen langsam den Weg zu \u00fcberwuchern und zwischen dem Schotter kam das Unkraut hervor. In der Mitte des Gartens stand ein Pavillon auf einem runden Platz, der ein Pentagramm zeigte. Es standen einige St\u00fchle um einen kleinen Tisch und ich setzte mich hier und blickte auf die Landschaft dahinter, w\u00e4hrend langsam die Sonne unterging.",
            "wordcount": "5.849",
            "chapter_release": "26.08.2017",
            "chapter_number": "2"
        }
    },
    "title": "Das Erbe von Schwarzburgen",
    "topic": "unspecified",
    "release": "\n18.07.2017\n\t\t\t\t\t\t",
    "author": "Duotronik"
}