{
    "tags": [],
    "chapcount": "4",
    "wordcount": "10.834",
    "chapters": {
        "1": {
            "text": "Wir h\u00fcpften auf und ab. Nein, das stimmte nicht wirklich. Unser Motorboot schoss wie ein Pfeil \u00fcber die Wellen und wir wurden entsprechend durchgesch\u00fcttelt.\"Interessant wie robust Wellen doch in windstiller Nacht sein k\u00f6nnen.\", dachte ich, w\u00e4hrend neben mir die zwei Ruder, welche wir lose aneinandergebunden hatten, hin- und herrutschten. Um keinen Verdacht auf uns zu ziehen waren wir, bis wir au\u00dferhalb der Sichtweite des Hafens waren, gerudert und hatten dann den Motor eingeschaltet. Der Himmel war schwarz, von tiefen Wolken verhangen und die Stimmung an Bord war ebenso. Fokussiert, grimmig, zu jeder Schandtat bereit. \"Gib mal den Fernstecher, Kain. Ja genau. Den mit der Nachtsicht.\" Kain verzog unter seiner Kapuze die Lippen wie ich gerade noch im Dunkeln erkennen konnte. Er wusste genau, dass wir nur die zwei Exemplare MIT Nachtsicht mitgebracht hatten. Er mochte es genauso wenig wie ich unn\u00f6tige Infos zu \u0001 \u0002 sa\u00df ganz hinten im Boot, neben dem Gep\u00e4ck und dem Motor, welchen er nebenbei lenkte. Er griff in eine schwarze Kiste und holte das Objekt meiner Begierde heraus. Matilda, die neben Romy vor ihm sa\u00df, nahm ihm dieses dann ab und gab es an mich weiter. Bei der Gelegenheit hatte ich noch die Chance einen Blick auf unsere M\u00e4dchen zu werfen. So gleich und doch so \u0001 \u0002 Romy etwas schlitzf\u00f6rmige Augen und eine von Sonne verbrannte Haut, zusammen mit einer schlanken und fast schon jungenhaften Form besa\u00df, war Matilda eine fast schon klassische Sch\u00f6nheit mit fast porzellangleicher Haut, und sch\u00f6nen Kurven unter ihrer Kleidung. Dazu kam ihr Engelsgesicht mit den unschuldigen blauen Augen und den blonden Haaren, welche sie zu zwei Z\u00f6pfen gebunden hatte. Sie schien nicht hier herzu passen, obwohl sie schon von Anfang an dabei war. W\u00e4hrend wir alle dem Anlass entsprechend gekleidet waren, trug sie wie \u00fcblich das Schulm\u00e4dchenkleid. Ich nahm den Fernstecher und blickte nach vorne. Nicht weit, vielleicht nur zweihundert Meter von uns entfernt, lag der ehemalige Frachter vor Anker. Ich schaltete die Nachtsicht ein und drehte an dem Rad des Fernstechers mit welchem ich die Vergr\u00f6\u00dferung verst\u00e4rkte oder abschw\u00e4chte. Ich versuchte das Bild scharfzustellen. Durch die Nachtsicht sah ich alles wie durch tr\u00fcbes gr\u00fcnes Glas. In einer klaren Nacht w\u00e4re das Bild besser gewesen.\"Ich hab die Leine. Auf der Steuerbordseite unterhalb des Rumpfes. \"\"Gut. Hast du geh\u00f6rt Kain? Steuer etwas nach Steuerbord und fahre dann geradeaus weiter.\", befahl Athos, der vor mir und Elias sa\u00df. Dann drehte er sich um. Athos, gro\u00df, muskul\u00f6s, schweigsam, gutaussehend, dunkel, unser Anf\u00fchrer. \"Hat jemand etwas vergessen?\". Wie kann man nur so dumme Dinge mit einer so sch\u00f6nen Stimme sagen?\"In Anbetracht der Tatsache, dass wir fast schon da sind ist ein Waffencheck etwas sp\u00e4t nicht wahr?\", fragte ich und grinste. Ich sp\u00fcrte wie die d\u00fcnne Schicht Wachs auf meinem Gesicht br\u00f6ckelte. \"Immer wieder sch\u00f6n dich dabeizuhaben.\"\"\u00dcberleg doch mal, wir haben schon einen Waffencheck an Bord gemacht.\"\"Sy.\"\"Ja.\"\"Halt, die Klappe!\", sagte er mit dieser Stimme der Menschen gehorchten. Ging es nur mir so, oder h\u00f6rte ich da ein leichtes Klatschen hinter mir?Ich f\u00fcgte mich dem Befehl und hob meine Waffe. Einen Klauenhammer mit Gummigriff. Elias neben mir hob ein Schlachterbeil. Hinter mir hob Matilda eines ihrer vielen kleinen Messer. Romy zog eine Armbrust. Kain hob einen Beutel von dem ich genau wusste, dass er mit Granaten gef\u00fcllt war. Kain und ich waren recht gute Chemiker und hatten sogar verschiedene Granatentypen entwickelt: Gestank, Rauch, Tr\u00e4nengas, Offensiv oder Defensiv. Ich h\u00e4tte gerne heute noch ein paar Splittergranaten mit ihm gebaut, aber nein, er musste nat\u00fcrlich Elias mit irgendeiner Verbesserung am Motor unserer Schnellboote helfen. \"Danke f\u00fcr die Arbeiten am Motor, Elias. Er l\u00e4uft jetzt wesentlich leiser und schneller.\"Elias streckte mir die Zunge raus. Er streute auf noch Salz in meine Wunden.\"Wie lautet eigentlich der Auftrag?\", fragte Kain wie aufs Stichwort. Athos weihte nicht immer die ganze Gruppe ein, wenn es um, sagen wir mal, seltsame Auftr\u00e4ge ging. Ich dagegen war der Einzige, der immer alle Informationen bekam und auch der Einzige, der mit dem Auftraggeber verhandeln durfte. Athos war zwar schlau, doch es fehlte ihm das Talent Menschen einzusch\u00e4tzen und zu manipulieren. Oder Pl\u00e4ne zu schmieden. Und genau da kam ich ins Spiel. Ich erhielt die Infos, ich durfte blasiert sein. Gro\u00dfartig. Und genau das w\u00fcrde Kain gleich ausl\u00f6schen. Eins, Zwei, Drei.\"Wir sollen eine Anakonda stehlen.\"BUUUUUUUUUUUUUUMMMMMMMMMMMMMMMMMAthos dieser Teufelskerl. Er h\u00e4tte genauso gut auch den Mord an einem der St\u00e4dtek\u00f6nige ank\u00fcndigen k\u00f6nnen, so absurd klang es. Ich gebe zu, ich h\u00e4tte genauso reagiert. Um die Geschichte kurz zu machen: Unser gegenw\u00e4rtiger Arbeitgeber war ein hohes Tier des organisierten Verbrechens der Inseln im Rheinraum bis nach Mittelitalien, mit einem sagen wir, etwas exotischem Haustiergeschmack. Sein Glanzst\u00fcck war eine ausgewachsene Tigerpython mit einigen Genver\u00e4nderungen, durch die sie es in diesen doch recht frischen Breitengraden aushalten konnte. Und wer hier glaubt die ganze Geschichte sei verr\u00fcckt, der irrt sich. Sie wird noch \u0001 \u0002 \"Entf\u00fchrer\" besa\u00df einen Zirkus. Ja, ich hatte auch gehofft, dass dieser Beruf schon ausgestorben w\u00e4re, aber offenbar existierte noch ein Markt f\u00fcr so etwas. Reine Maskerade nat\u00fcrlich. Kein Zirkusdirektor, der ansatzweise Verstand besa\u00df, w\u00fcrde sich mit dem organisierten Verbrechen anlegen. Da musste noch etwas anderes dahinter \u0001 \u0002 das konnte uns vorerst egal sein. Wir wollten nur diesen Job erledigen und so viel Wertvolles wie nur irgend m\u00f6glich aus ihm \u0001 \u0002 ob er meine Gedanken gelesen hatte, brachte Elias das Thema zur Sprache: \"Was kriegen wir eigentlich f\u00fcr das Ganze? Ne' Tierentf\u00fchrung mit bewaffneten W\u00e4chtern is' ja schlie\u00dflich kein Spaziergang?\"\"Den Massenmord gar nicht mitgerechnet.\", f\u00fcgte ich hinzu. Irgendwie sp\u00fcrte ich das Romy und vor allem Matilda die Ohren spitzten.\"Welchen Massenmord?\", fragte Kain. Man k\u00f6nnte sagen, dass er das Herz unserer Gruppe war und er hasste so ziemlich alles wobei andere, oder wir, verletzt, get\u00f6tet, gefoltert, erniedrigt oder sonst wie gequ\u00e4lt wurden. \"An der Schiffsbesatzung.\", antwortete ich. \"Der Typ hat die Eier von einem Paten zu stehlen und dazu auch noch so ein seltenes und einmaliges Objekt. Er wird zweifelsohne Wachpersonal haben und wenn wir den Python nicht irgendwie mit dem Schlauchboot transportieren wollen- wovon ich nicht begeistert w\u00e4re- k\u00f6nnen wir ihn nur mit dem Kran des Frachtschiffs in einen unserer Stahlk\u00e4sten \u00fcberbringen und um den nutzen zu k\u00f6nnen, m\u00fcssten wir das Bordpersonal entweder festsetzen oder ausschalten. Ein solches Schiff wird von mindestens zwanzig Personen bedient und er wird wohl kaum selbst arbeiten, darum Massenmord. Noch Fragen?\"\"Abgesehen von der Bezahlung gar nichts.\", antwortete Kain. Athos grinste und seine wei\u00dfen Z\u00e4hne blitzten im Kontrast zu seiner dunklen Haut.\"Er bezahlt uns jeweils eineinhalb F\u00e4sser von echtem, reinen Wasser. Nicht dieses tr\u00fcbe, eklige Zeug, das sie in den St\u00e4dten ausschenken. Richtiges klares Wasser. Dazu noch zwei bis drei Kisten mit verschiedenem Inhalt. Sollten wir recht leicht loswerden k\u00f6nnen. Zus\u00e4tzlich d\u00fcrfen wir alles behalten, was wir auf diesem Seelenverk\u00e4ufer finden.\"Kain wollte irgendetwas sagen, schwieg dann aber. Es w\u00e4re auch reichlich dumm gewesen jetzt Einw\u00e4nde zu haben. Wir waren schlie\u00dflich schon an unserem Ziel, n\u00e4mlich der Ankerkette des ehemaligen Frachtschiffs. Athos, Elias und Matilda nahmen sich die Rucks\u00e4cke in denen sich die Ausr\u00fcstung befand und befestigten das Boot an der Ankerkette. Allein die Tatsache, dass heute Nacht Windstille herrschte, machte dieses riskante Man\u00f6ver \u0001 \u0002 den Augen meiner Freunde sah ich die verschiedensten Gef\u00fchle. Kain's Angst gemischt mit einem gro\u00dfen Pflichtbewusstsein, Athos's stillen Entschluss, Elias's Gier, das war alles noch \"menschlich\".Menschlich, wie ich dieses Wort \u0001 \u0002 in Matilda's und Romy's Augen sah ich eine Gier tiefer als nur materielles Begehren. Augen, dem Wolf auf der Jagd gleichend. Gef\u00fcllt mit Gier nach dem roten Lebenssaft ihrer \u0001 \u0002 begann damit die Kette hochzuklettern. Er musste uns gar nicht den Befehl geben zu folgen, wir kannten den Plan mit dem wir auf diesen Seelenverk\u00e4ufer kommen \u0001 \u0002 einsteigen, wer es nicht schafft nimmt ein \u0001 \u0002 henkte sich, nachdem Athos die ersten Meter hinter sich hatte ebenfalls in die Kettenglieder und begann hochzuklettern. Ich dr\u00e4ngte mich nach vorne, bereit als n\u00e4chster zu klettern. Als Matilda das sah, drehte sie sich sofort um, kletterte zur\u00fcck und dr\u00fcckte mir ihren linken Zeigefinger in die Stirn.\"Vergiss es, Kleiner. Ich wei\u00df das du mir unter den Rock gucken wirst.\" Ihre Stimme war schneidend, ganz im Kontrast zu ihrem puppenhaften Aussehen.\"Ich?\". Ich klang so unschuldig wie nur m\u00f6glich. \u00dcber uns und hinter mir h\u00f6rte ich ein R\u00e4uspern und jemand -Romy- gab mir einen leichten Schlag auf den Hinterkopf. Ich trat zur\u00fcck und Romy nahm meinen Platz ein. Ja bei ihr st\u00f6rt sie das wohl \u0001 \u0002 kamen Elias, Kain und schlie\u00dflich noch der kleine Sy die Kette hochgeklettert. Athos hatte zu diesem Zeitpunkt schon den Enterhaken am etwa zwei Meter oberhalb des Ankerlochs gelegenem Gel\u00e4nder festgemacht und war schon oben. Jetzt mussten wir alle auf unseren Positionen -in meinem Fall knapp einen halben Meter oberhalb des Wassers- warten bis Athos uns das Signal gab. Nicht sehr \u0001 \u0002 tauchte Athos's Gesicht oberhalb des Gel\u00e4nders auf und er winkte uns hoch. Nun kletterten wir alle langsam an der Kette hoch, griffen das Seil, dass von der Reling hinab hing und kletterten schlie\u00dflich an Bord. Matilda, Romy und sogar Elias gelang das ziemlich gut, aber Kain hatte schon mehr Probleme, da er a) nicht der St\u00e4rkste war und b) sich schon l\u00e4nger als die anderen an der kalten, glitschigen Kette festhielt. Langsam kletterte er die Kette entlang und schnappte sich das Seil. Jetzt ging es leichter, da er sich mit den F\u00fc\u00dfen an der Wand abst\u00fctzen konnte. Ich r\u00fcckte nach. Meine Arme brannten jetzt schon vor Anstrengung und die Kette war so glatt und kalt. Schlie\u00dflich erreichte ich das Seil und wollte eigentlich meine F\u00fc\u00dfe an der Innenseite des Ankerlochs abst\u00fctzen, doch sie rutschten ab und es gelang mir gerade noch mich mit beiden H\u00e4nden am Seil festzuhalten. \u00dcber mir sah ich Athos's Gesicht und sah noch wie der Schreck daraus entwich. Ich bezweifelte kaum, dass er mir ohne Z\u00f6gern nachgesprungen w\u00e4re, wenn ich wirklich ins Wasser gefallen \u0001 \u0002 war ein gro\u00dfartiger Mensch. Naja, bis auf den Mensch-\"Teil\".Auf den letzten Metern wurde es knapp. Meine Muskeln brannten und meine Augen pressten sich zusammen. Schlie\u00dflich lie\u00dfen meine gepeinigten Finger los. Ich erwartete zu fallen und auf den Wellen aufzuschlagen, stattdessen sp\u00fcrte ich, wie mich jemand an den Armen packte. Ich sah nach oben. Athos und Kain. Gemeinsam zogen sie mich hoch. Langsam, sitzend kam ich wieder zu Atem. Mein Blick war noch etwas tr\u00fcb. \"Geht es dir besser, Sy?\". Kain's Stimme klang besorgt. Ich hob den Kopf und sah, dass ich nicht an der Reling lehnte sondern an einem Stahlcontainer dem der Zahn der Zeit wohl schon sehr zugesetzt hatte. Mir gegen\u00fcber befand sich ein weiterer Container. Ich schaute mich um. Da der horizontale Weg wegfiel sah ich nach links und rechts. Am linken Ende stand Matilda mit zwei Messern in ihren schlanken H\u00e4nden. Neben ihr lag die Leiche eines Seemanns, die Elias gerade \u0001 \u0002 Matilda hinterl\u00e4sst keine Wunden oder gebrochenen Herzen. Nur \u0001 \u0002 stand Athos mit zwei \u00c4xten in den H\u00e4nden. Kain und Romy hockten neben mir, wobei mir Romy leicht die Arme \u0001 \u0002 Romy l\u00e4sst ihre Lippen schweigen, doch der Schrei ihrer Taten halt \u00fcber die Welt.\"Es geht schon.\", fl\u00fcsterte ich und stand wieder auf. Elias war der Erste der meine \"Wiederauferstehung\" mitbekam und trat auf mich zu. \"Gut geschlafen, Dornr\u00f6schen?\"\"Wenn du mich nicht gek\u00fcsst hast, ja.\"\"Nein ich k\u00fcsse nur Prinzessinnen. Keine Huren.\"\"Warum? Sie passen doch zu dir?\"Bei Bruder Elias muss ich immer an einen Affen denken, da er sich genauso schnell aus Problemen befreit, wie er sich in sie \u0001 \u0002 unterbrach unser kleines Fl\u00fcstergefecht. \"Alles in Ordnung, Sy?\", seine Stimme klang so ruhig wie immer, doch ich konnte die br\u00fcderliche Sorge \u0001 \u0002 Athos mag hohl und roh wirken, doch ich sah noch nie einen gefestigteren Mann, und obwohl er nie autorit\u00e4r auftrat, trug er doch Autorit\u00e4t in seiner Existenz. \"Ja.\", antwortete ich und straffte meine Schultern.\"Gut, dann fangen wir an. \"Er griff in seinen Rucksack und zog mehrere Uhren heraus. Jeder von uns nahm sich eine davon. OK, Uhren waren es nicht. Es waren spezielle Formen von Kommunikatoren, welche wir zur \u00dcbertragung von Ja- oder Nein-Fragen einsetzten. Ich \u00fcberpr\u00fcfte, wie jeder andere, die Funktion -einwandfrei- und wir griffen in die Rucks\u00e4cke von Elias, Athos und Romy. In diesen befand sich unsere \"Arbeitskleidung\". Diese bestand aus einer N\u00e4sseschutzhose mit Hosentr\u00e4gern, einer schwarzen Jacke und einer gleichfarbigen Stoffmaske. Nur Matilda tat das nicht.\"Also Matilda,\", begann Athos mit der stoischen Stimme eines Schlachthelden \"fang an.\"Matilda grinste. Die Knochen unter ihrer Haut begannen zu knacken. Kain wandte sich ab. Er hasste es, wenn Matilda ihr wahres Gesicht zeigte. Ich fand es jedes Mal faszinierend. Die Knochen in ihren Armen, Beinen und ihrem Nacken ploppten aus ihren Verbindungen und ihre Gliedma\u00dfen, Finger und ihr Hals verl\u00e4ngerten sich um knapp das Doppelte. Am Ende stand sie vor uns auf allen Vieren und blickte zu Athos auf. In dieser Haltung \u00e4hnelte sie -laut Kain- einer Spinne. Ich verglich sie viel lieber mit einem Oktopus. Das Oktopusm\u00e4dchen.\"Was soll ich tun?\", ihre Stimme klang hohl.\"Finde einen Eingang und sei uns krabbelndes Auge.\". Das bedeutete: \"Beobachte uns und gib uns Bescheid, wenn du Gefahren ausmachst.\".\"Und wenn ich jemandem begegne?\"\"Schalte ihn aus.\"Matilda strahlte, h\u00fcpfte mit einem Satz lautlos auf den Container und krabbelte davon. Kain sch\u00fcttelte \u0001 \u0002 er sich je daran gew\u00f6hnen?Wir hatten die Operation mit milit\u00e4rischer Pr\u00e4zision geplant. Der erste Part des Plans bestand darin einen Weg in den Rumpf des Schiffes zu finden. Normalerweise w\u00e4ren wir zusammengegangen, doch dieses Mal hatten wir uns in Gruppen aufgeteilt. Die erste Gruppe bestand aus Romy und Kain. Sie sollten sich im mittleren Teil des Decks umschauen. Athos und Elias, die zwei aus unserer Gruppe mit der besten physischen Kondition, sahen sich vorne um und Matilda... was immer sie machte, sie war flei\u00dfig. Ich wusste, dass sie sich zumindest ein bisschen Achtern umgesehen hatte, da ich dort einige erdrosselte Matrosen \u0001 \u0002 h\u00e4tte sie normalerweise direkt gepl\u00fcndert, ich sah das nicht ein. Nicht das ich nicht auch alles aus diesem Seelenverk\u00e4ufer und all seinen Matrosen rausholen wollte, aber alles zu seiner Zeit. Wenn man beim Verstecken spielen eines lernt dann, dass ein Schleicher oder gedungener M\u00f6rder neben seinem Werkzeug idealerweise nichts mit sich f\u00fchren darf. Er oder sie musste leicht, leise, schnell und unerkannt sein. Wie sollte ich das mit vollen Taschen schaffen?Ich war, Kain's Einw\u00e4nden zum Trotz, alleine gegangen. Mein Weg f\u00fchrte mich direkt zur Br\u00fccke. Ich suchte zwar nach dem Eingang, aber vorher hatte ich noch etwas Privates zu erledigen. Ich suchte das Archiv, sofern es dies gab. Es war eine kleine Hoffnung. Niemand durfte es erfahren. Bisher hatte noch alles geklappt. Etwas folgte mir auf dem Weg zur Br\u00fccke. Ich sp\u00fcrte seine N\u00e4he in jedem tieferen Schatten. Noch war es zu langsam um mit mir Schritt zuhalten, doch ich wusste, sobald ich stehen bleiben w\u00fcrde, w\u00fcrde es irgendwann in meinem Blickfeld auftauchen. Darum bewegte ich mich schnell aber leise. Alles ging gut, bis ich an der T\u00fcr zur Br\u00fccke angekommen war. Die war n\u00e4mlich verschlossen. Was w\u00fcrden die anderen tun?Matilda w\u00fcrde wahrscheinlich irgendetwas Krankes mit ihren Fingern tun um die T\u00fcr zu \u00f6ffnen. Elias w\u00fcrde das Schloss knacken. Athos w\u00fcrde sie \u0001 \u0002 entschied mich f\u00fcr Athos's Methode, schlug die Klauen meines Hammers in die T\u00fcr und dr\u00fcckte mich dagegen. Nutzlos. Die Tatsache, dass ich merkte wie mir langsam der kalte Schwei\u00df ausbrach, half auch nicht. Meine Finger zitterten. Ich lie\u00df den Hammer stecken und sah mich um. Es war still und ich gestehe, dass mir diese Stille sehr zu schaffen machte. Mit Brutalit\u00e4t, Angst, Terror, Schrecken, sogar mit dem Tod habe ich neben dem \u00dcberlebensinstinkt recht wenige Probleme, aber diese Stille...Sie ist eine schneewei\u00dfe Leinwand auf die mir mein Verstand den Schrecken zeichnet. Nur Bewegung oder Gedanken halfen. Ich sah mich um und fand schlie\u00dflich etwas um mir zu behelfen. Ein l\u00e4ngeres Metallrohr mit dem ich den Griff meines Hammers enorm verl\u00e4ngern konnte. Meine H\u00e4nde zitterten nicht mehr als ich daran zog und das Schloss aufbrach. Ich stolperte in die Br\u00fccke und begann sofort die dortigen Schr\u00e4nke zu durchsuchen. Es war hier noch dunkler als in den G\u00e4ngen weshalb ich ein Knick-Licht benutzte. Eines dieser Dinger aus Slawen. Billige Massenproduktion, die entweder zu wenig oder gar nicht leuchtete. Dieses leuchtete. Nach einiger Zeit fand ich schlie\u00dflich die passende Seekarte. Ich erkannte das Gebiet, das sie umfasste und eisige Schauer durchfuhren mich. Ich faltete sie und steckte sie in die Dokumenttasche meiner \u0001 \u0002 Br\u00fcder und Schwestern mussten nichts davon \u0001 \u0002 barg das Zimmer noch einen kleinen Schatz. Eine Karte des Schiffs mit eingetragenen Wegen und noch wichtiger: der Koje des Kapit\u00e4ns. Sie war nicht weit \u0001 \u0002 Blick konnte nicht \u0001 \u0002 ich mich umdrehte sah ich den toten Jungen im Schatten. Wir waren alte Bekannte.",
            "wordcount": "2.932",
            "chapter_release": "05.08.2017",
            "chapter_number": "1"
        },
        "2": {
            "text": "Er sa\u00df im Schatten des Steuerpults, hockte einfach nur da. Als sei er gerade aus dem Schlaf aufgewacht. Seine Haut war leichenblass, die Augen aufgequollen und leer. Er trug einen engen, einen viel zu engen, Anzug mit einer halb abgerissenen roten Krawatte. Die leichenblassen Finger hatte er auf den Knien abgelegt und unter seinen Fingern\u00e4geln tropfte Blut, schwarz wie Tinte, hervor. Er starrte mich nur an, mit diesen verheulten, gro\u00dfen Hundeaugen. Genau wie vor f\u00fcnf Jahren. Er sagte nie etwas. Starrte nur und das reichte schon um mich wahnsinnig zu machen. \"Du l\u00e4sst nicht locker, was?\"...\"Du willst nichts sagen, oder?\"...Ich sch\u00fcttelte den Kopf, drehte mich um und machte mich auf den Weg zur Kapit\u00e4nskaj\u00fcte. Sie lag nur zwei G\u00e4nge weiter und war zu meiner gro\u00dfen Freude unverschlossen. Endlich l\u00e4uft mal etwas nach meiner \u0001 \u0002 schickte eine Nachricht \u00fcber den Kom-Link. Jeder w\u00fcrde sich bald Mittdecks einfinden und bis dahin hatte ich noch etwas Zeit. Zeit f\u00fcr mich und die Kaj\u00fcte.\"Ach du Schei\u00dfe.\"Ich wollte eigentlich nichts sagen, doch f\u00fcr dieses Zimmer waren die Worte \"Ach du Schei\u00dfe\" geschaffen. Es gab keine normale Lichtversorgung sondern nur Schwarz- und W\u00e4rmelicht. Die W\u00e4nde waren mit mehreren Notizen, Querschnitten und/oder R\u00f6ntgenaufnahmen gepflastert. Dazwischen hatte eine offensichtlich zitternde Hand verschiedene Texte \u0001 \u0002 Zimmer eines Wahnsinnigen. Gut, die verschiedenen Terrarien und das minimalistische Bett machten diesen Eindruck nur noch st\u00e4rker, aber die Art dieser Notizen, Einzelheiten \u00fcber Mutation, Art, Gattung, Ern\u00e4hrung, gew\u00fcnschtes Ergebnis, etc. machten die Sache nur schlimmer. Kein \"nur\" Irrer, sondern ein Besessener. Ich lie\u00df meinen Verstand von der Leine, meine Blicke suchten das Zimmer ab. Alles wurde erkannt und \u00fcberpr\u00fcft. Mein Blick fiel auf den Schreibtisch... und ich w\u00fcnschte mir, ich k\u00f6nnte sofortig vergessen. Oh, verdammt. Und ich glaubte ich h\u00e4tte alles \u0001 \u0002 Kom-Link piepste. Sie warteten auf mich und waren ver\u00e4rgert. Gro\u00dfartig. Eine gute Ausrede diesen Albtraum schnell zu verlassen. Athos und die anderen warteten auf mich und sahen sehr genervt aus. \"Endlich bist du da.\", fl\u00fcsterte Kain. \"Wo bist du geblieben?\", fragte \u0001 \u0002 habe den Schock meines Lebens gehabt.\"Ich habe den Eingang gefunden\", antwortete ich. Technisch gesehen log ich nicht mal.\"Wir auch, Schlaumeier.\"\"Still, ihr beiden.\" Athos fl\u00fcsterte genauso wie wir, doch wie immer wurden wir von seiner Stimme \u00fcberrollt \"Wir m\u00fcssen los.\". Zusammen schlichen wir los. Wie ich sp\u00e4ter erfuhr hatten Elias und Athos den Eingang entdeckt. Es war ein gro\u00dfe Treppe, die uns direkt in den Bauch des Schiffes f\u00fchrte. Irgendjemand hatte die meisten W\u00e4nde entfernt und bot unserer Matilda eine regelrechte Schnellstra\u00dfe an. Woher ich das wusste? Weil ich sie mehrfach vorbeikrabbeln sah. Ist es seltsam, dass ich es irgendwo sch\u00f6n fand sie so zu sehen? Wie ein Vater, der sieht wie sein Kind Fahrrad f\u00e4hrt. Auf unserem Weg fanden wir mehrere Leichen. Sie waren in den Dachstreben oder in den W\u00e4nden versteckt. Matilda's Meisterleistung. An einer Weggabelung, stand Matilda pl\u00f6tzlich vor uns, oder eher kniete vor uns. \"Geht geradeaus weiter. Dann links halten und die dritte T\u00fcr rechts. Dort ist die Menagerie. Das ist der einzige Ort, wo er sie verstecken kann.\"Wow, Matilda. Du bist ja richtig in Fahrt. Normalerweise bist du nur unser M\u00f6rder und Sp\u00e4her, jetzt auch noch unsere \u0001 \u0002 nickte.\"Kommst du mit uns?\"Matilda sch\u00fcttelte den Kopf und das Wachs auf ihrer Haut begann Risse zu bekommen.\"Sie hat ein hohes Dach.\"\"Verstehe.\"Sofort schwang sie sich wieder in die Dachstreben und begann zu krabbeln. Wir dagegen gingen den beschriebenen Weg weiter, fanden auf dem Weg eine weitere Leiche und trafen schlie\u00dflich auf eine T\u00fcr. Sie war verschlossen. Das war das einzige Problem mit Matilda als Sp\u00e4her. Dinge wie verschlossene T\u00fcren oder versch\u00fcttete G\u00e4nge interessierten sie nie. Sie fand immer einen \u0001 \u0002 trat an die T\u00fcr. \"Gib mal den Schraubenzieher, Kain.\"Kain tat wie ihm gehei\u00dfen und Elias drehte die Schrauben der T\u00fcr heraus und begann mit einer Nadel in dem Schloss herumzustochern. Es knackte. Einmal. Zweimal. Die T\u00fcr \u00f6ffnete sich. \"Ladies first.\", fl\u00f6tete Elias, den Blick direkt auf mich gerichtet.\"Danke.\", sagte ich, schmiss mich in eine \u00fcbertriebene Frauenpose und ging voran. Athos verdrehte die Augen. Es nervte ihn, dass wir beide uns schon seit f\u00fcnf Jahren stritten wie Hund und Katze und keine Anstalten machten dies jemals zu \u00e4ndern. Kain bevorzugte in diesen Momenten \"was sich liebt das neckt sich\" zu sagen. Nur um daraufhin von uns beiden niedergeschrien zu \u0001 \u0002 einzigen Momente in denen wir unsere Feindschaft beendeten, war die Zeit in der wir sie best\u00e4tigen \u0001 \u0002 behielt die Pose f\u00fcr genau zwei Sekunden und duckte mich sofort. Gemeinsam schlichen wir durch die gro\u00dfe Halle. Um uns herum standen mehrere K\u00e4fige, in denen die absonderlichsten Kreaturen herumlungerten bzw. schliefen. Ich bewunderte sie im vorbeigehen. Nichts wirklich aufregendes. Ich erkannte einige Hausschweine, Wildschweine, ein paar immigrierte Papageien, Raben, Kr\u00e4hen, Spatzen, Menschen mit verschiedenen anatomischen Ver\u00e4nderungen (vier statt zwei Beine, mehrere Brustpaare, Arme usw.) und diverse Absurdit\u00e4ten die ich spontan nicht identifizieren konnte. Im Zentrum des Raumes stand ein K\u00e4fig, gr\u00f6\u00dfer als alle anderen. In ihm lag unser Ziel.\"Oh, verdammt.\"Oh Athos, du hattest so recht. Ich hatte keinen blassen Schimmer wie eine Anakonda normalerweiser auszusehen hatte, Athos hatte sie mir nur als sehr gro\u00dfe Schlange beschrieben, aber sogar ich erkannte, dass diese hier nicht ganz gesund war. Sie musste gewachsen sein, denn ihre Schuppenhaut war an mehreren Stellen aufgerissen oder pellte sich. Darunter konnte ich rosafarbenes Fleisch sehen. Sie schien zu schlafen aber weder ich, noch sonst jemand, au\u00dfer unserem \"Besessenen\", war scharf darauf sich diesem Monster aus Schuppen und Fleisch zu \u0001 \u0002 begannen die Gegend abzusuchen. Elias und Athos schlichen an dem K\u00e4fig der Riesenschlange vorbei in die Dunkelheit. Romy und Kain bewegten sich links und rechts von mir und ich blieb vorerst in der N\u00e4he des K\u00e4figs. Immer wieder blickte ich zu der Riesenschlange. Wie eine Sonnenfinsternis. Man wei\u00df, dass man nicht hinschauen darf aber es geht einfach nicht anders. In der N\u00e4he fand ich eine Reihe von Schreibtischen. Ich entz\u00fcndete ein weiteres Knick-Licht und begann mir ihren Inhalt anzusehen. Totales Chaos auf den ersten Blick. Verschiedene Listen, anatomische Zeichnungen, Formeln chemischer Stoffe und DNA-Sequenzen. Auf den zweiten Blick verst\u00e4rkte sich jedoch der Eindruck, den ich in der Kaj\u00fcte unseres \"lieben\" Direktors bekommen hatte. Die Listen waren sehr ausf\u00fchrlich und genau gef\u00fchrt und die chemischen Formeln stimmten, sofern ich das in einer so fl\u00fcchtigen Betrachtung sagen konnte. Daneben standen mehrere Glasbeh\u00e4lter auf dem Tisch, in denen in Alkohol oder N\u00e4hrl\u00f6sungen eingelegt, die verschiedensten organischen \"Objekte\" schwammen. Ich erkannte ein Herz und die Probe von einem St\u00fcck schuppiger Haut. Ob sie zu unserer Riesenschlange geh\u00f6rten oder nicht, konnte ich nicht sagen. \"Hast du was gefunden?\", erklang Kain's fl\u00fcsternde Stimme hinter mir. Ich deutete auf eine der Listen. In den ersten Zeilen war folgendes zu lesen:32ter Tag Schweineleiche (klein, ausgehungert) 40kg44ter Tag Schwein (ausgewachsen, gem\u00e4stet) 120kg49ter Tag Menschenleiche (weiblich 28) 56kg50ter Tag Menschenleiche (m\u00e4nnlich 30) 90 kg52er Tag Menschenleiche (m\u00e4nnlich 17) 50kg (gefunden)53er Tag Menschenleiche (weiblich 50) 89kg Appetit steigt, wird wahrscheinlich nach dritter Umwandlung exorbitant steigen. Muss die Fixierung fortsetzen. \"Sie braucht immer mehr.\"\"Ja, das \u00e4ndert die ganze Sache.\"\"Was \u00e4ndert sich?\", erklang Athos's Stimme hinter mir. Ich sah \u00fcber meine Schulter und erblickte Athos, Elias, Romy und Kain. Ich zeigte auf die Liste. Athos's Gesicht verh\u00e4rtete sich. Er wollte etwas sagen, doch da h\u00f6rte ich das Klacken der Metallt\u00fcr. Wir reagierten. Sofort ging jeder in die Hocke und schlich davon um jeden Blickkontakt mit den Neuank\u00f6mmlingen zu vermeiden. Gleichzeitig wurde ein Schalter gedr\u00fcckt und \u00fcber den mittleren Bereich des Raums breitete sich ein Lichtkegel. Der Plan war so oder so schon so gut wie gescheitert. Dieses Riesenvieh und die offensichtlich aktiven Crewmitglieder machten all unsere Planung zu Nichte. Matilda's Leichen waren sicher schon entdeckt. Es wunderte mich nur, dass es keinen Alarm gab.\"Wieso sind wir eigentlich hier? Wir sollten die anderen alarmieren und nicht diese Hydra f\u00fcttern\", h\u00f6re ich eine kratzige \u0001 \u0002 h\u00f6rte ein scharfes Einatmen.\"Das ist eine Anakonda, keine Hydra du dilettantischer Schwachkopf.\"\"Klar Sim, Lefty meinte es nich' so, oder Lefty? Sehen Sie, er meint es nicht so.\"\"Ich will dir nochmal verzeihen Tom. Au\u00dferdem, wenn irgendwer hier Schuld daran tr\u00e4gt, dass wir hier unten ohne Verst\u00e4rkung sind, dann seid ihr zwei Nasen das\", diese Stimme klang nicht unbedingt besser, war aber heller.\"Komm schon, es war nur ein einziger Abend\", diese Stimme war gedehnter und ged\u00e4mpfter.\"Ja, ein einziger Abend in dessen Verlauf ein Drittel von euch es geschafft hat verloren zu gehen, ein Drittel shanghait wurde und nur die \u00dcbrigen schafften es zur\u00fcck.\"Oh, da hat wohl jemand zu viel von Ludwigshafens Feuerwasser gekostet. Wo doch jedes Kind weiss, was da passieren kann. Es verschwinden einfach zu \u0001 \u0002 Informationen gefielen mir. Mit nur einem Drittel der Mannschaft konnten wir es sicherlich aufnehmen und wenn wir ihren Boss ausgeschaltet hatten konnten wir sicherlich das Schiff \u00fcbernehmen. Und dann...Gut, wenn die anderen zur\u00fcckkamen konnten wir die Leitern unbrauchbar machen und einfach die Belagerung beginnen. Wie lange k\u00f6nnten wir den Frachter halten? Und wenn sie das Boot entdeckten und nach unserem Kutter suchten? Unwahrscheinlich. Unser Schiff sah aus wie jeder andere Krabbenkutter im Hafen und solange kann man es auch nicht in einem schwankenden Schiff aushalten. Wir k\u00f6nnten einfach den Motor starten um sie zu verscheuchen. Und dann...Zu viele Gedanken, Sy.\"... kannst ja versuchen diese Trottel zu finden.\"\"Wie lang will der Boss diese scheiss Maskerade aufrechterhalten?\"Ich sch\u00fcttelte den Kopf. Suchte nach meinen Geschwistern. Sie waren immer noch da wo ich sie aus den Augen verloren \u0001 \u0002, dann habe ich sie wohl nicht schon wieder \u0001 \u0002 h\u00f6rte Schritte. Leicht und bedacht. Fast wie ein T\u00e4nzer.\"Ich werde diese \"schei\u00df Maskerade\" wie du, Tom, sie genannt hast,\", bei diesen Worten sah ich wie eine vierte Person ins Licht trat. Tom zuckte heftig zusammen. \"werde ich solange aufrechterhalten wie ich es f\u00fcr n\u00f6tig halte.\"Tom trat zur\u00fcck. Seine Haltung, aufgerissene Augen, zur\u00fcckgezogene Schultern, erhobene H\u00e4nde, sie alle verrieten Angst. \"B-..Boss\", sein Stottern schien die eintretende Person nur zu belustigen, denn er konnte ein heimt\u00fcckisches Lachen nicht zur\u00fcckhalten.\"Aber, aber Tom. Wo ist denn dein ganzer Mut gebliebenen? Da es dich offensichtlich so sehr nach Realit\u00e4t d\u00fcrstet, wie w\u00e4re es, wenn du heute meine kleine Sch\u00f6nheit f\u00fctterst? Was ist denn los Tom? Hast du deine Zunge verschluckt?\"Tom's Stimme wurde kein bisschen fester. \"J-...Ja.\"\"Ja, Sir.\", schalt ihn die eingetretene Person, als sie endlich den Lichtkegel in der Mitte des Raumes \u0001 \u0002 muss zugeben, dass er mich kein St\u00fcck entt\u00e4uschte. Er war das reinste Abziehbild des Zirkusdirektors aus den Kinderb\u00fcchern. Doch seine Kleidung trug den typischen Schaden unserer Welt mit einer gewissen Ironie. Die goldenen N\u00e4hte am Kragen der roten Jacke waren zerfranst, die schwarzen Schuhe waren an einigen Stellen mehr grau als schwarz, das Hemd war wohl irgendwann einmal wei\u00df gewesen aber das war schon lange her und die Fliege war schlampig gebunden. Ich hasste schlampiges Showbusiness. Ich f\u00fchlte mich pers\u00f6nlich gekr\u00e4nkt. Tom griff die zwei Leichen am Unterkiefer und begann sie zum K\u00e4fig zu schleifen. Der Direktor sah zufrieden zu. Ich handelte genauso. Ich wollte dieses Monster in Aktion sehen. Um jeden Preis. Als Tom den K\u00e4fig erreicht und ge\u00f6ffnet, die Leichen abgelegt hatte, h\u00f6rten wir alle ein Knacken. Der Direktor hielt eine Pistole. Schwarz, handlich. Glock oder Beretta?Tom's Gesicht fiel in sich zusammen. Lefty und Sim standen mit starren Gesichtern daneben. \"Wir m\u00fcssen sie doch wecken, oder?\", mit diesen Worten schoss er. Pistolen sind lauter als man immer glaubt. Ich zuckte zusammen und legte meine H\u00e4nde auf die \u0001 \u0002's Bauch platzte und sein Blut quoll \u00fcber den Boden. Ein schwerer unangenehmer Geruch breitete sich aus. Er konnte nicht von Tom stammen. Der war n\u00e4mlich noch am Leben und schrie zum Herzerweichen. Ger\u00fcche? Hormone. K\u00f6nnte er damit diese Riesenschlange unter Kontrolle halten?Der Direktor war nur noch zwei bis drei Schritte von mir, bzw. dem Tisch unter dem ich mich versteckt hatte, entfernt. Lefty und Sim standen daneben. Offensichtlich hatte ich sie untersch\u00e4tzt und sie waren wohl ein bisschen robuster als das, was normalerweise auf Schiffen herumlief. Sie hatten sich gefasst und sahen zu wie ihr Freund ausblutete. Die Schlange bewegte sich immer noch nicht. Was ging hier vor? Was sollte das Ganze? Wenn frisches Blut nicht ausreichte um diese Schlange aufzuwecken, warum hatte er Tom dann dazu gezwungen der Schlange das Futter zu bringen? Ich f\u00fchlte mich unter Zugzwang und das gefiel mir kein bisschen. Ich musste irgendetwas tun. Ich blickte umher. Athos nickte. Ich signalisierte: Zugriff. Nimm die zwei \u0001 \u0002 signalisierte: Ablenkung?Kein \u0001 \u0002 krabbelte unter dem Tisch hervor und stie\u00df \"unabsichtlich\" gegen ein Tischbein. Alles drehte sich zu mir um... und im n\u00e4chsten Moment hatte mich der Direktor gepackt. \"Ein Kind?\"Er war offensichtlich \u00fcberrascht, doch trotzdem lockerten sich seine H\u00e4nde nicht. Er wollte noch mehr tun, doch genau in diesem Moment erklangen schon die Schreie hinter uns. Er drehte sich um. Lefty und Sim waren au\u00dfer Gefecht gesetzt. In Sim's Kopf steckte ein Bolzen und Lefty's abgetrennter Kopf lag unter Athos's linkem Stiefel. Die Axt in seiner linken Hand war blutig. Romy und Kain traten aus dem Schatten. Sie alle waren wie ich maskiert. Matilda lie\u00df sich auf das Dach eines der umstehenden K\u00e4fige fallen. Zwischen ihren Lippen hielt sie einen Dolch. \"Herr Direktor,\", sagte ich und konnte mein Grinsen unter der Maske kaum zur\u00fcckhalten \"Vincenzo de Luca richtet seine besten Gr\u00fc\u00dfe aus.\".Romy richtete ihre Armbrust auf ihn.",
            "wordcount": "2.377",
            "chapter_release": "22.08.2017",
            "chapter_number": "2"
        },
        "3": {
            "text": "Der Bolzen traf. Der Direktor taumelte und ich trat ihm zwischen die Beine. Danach gegen den Arm und riss mich los. Alles hatte geklappt. Wir hatten gewonnen. Der Duft verbreitete sich in dem Moment, als ich mich befreit hatte. Ich h\u00f6rte ein \u0001 \u0002 \u0001 \u0002 Schlange schoss aus ihrem Gef\u00e4ngnis und ich hechtete hinter einen der K\u00e4fige. Meine Freunde wichen zur\u00fcck als die Riesenschlange sich sch\u00fctzend vor unserem Ziel aufbaute. Zum ersten Mal sah ich sie erwacht und ich gestehe, es war mehr als alles was ich mir erhofft \u0001 \u0002, mindestens zw\u00f6lf Meter lang und ca. 80 Zentimeter dick. Ein riesiger Behemoth aus eingerissenem Fleisch und Schuppen. Zwei K\u00f6pfe. Der erste sah noch genauso aus wie ich mir den einer Anakonda vorstellen wollte. Ein breiter dreieckiger Kopf mit gro\u00dfen runden Knopfaugen und einer st\u00e4ndig z\u00fcngelnden Zunge. Soweit so normal. Der zweite war schon anderer Natur. Klein, zu klein f\u00fcr so einen Giganten, keine Schuppen. Nur ein fleischfarbener Wurm mit schwarzen Augen und einem kaum erkennbaren Maul. Irgendwie machte mir dieses kleine unscheinbare Maul mehr Sorgen als dieses andere, gr\u00f6\u00dfere und \u0001 \u0002 kroch die Mutation zu ihrem Meister, bildete einen sch\u00fctzenden Ring um ihren Herren/Erschaffer. Ihr erster, nat\u00fcrlicher Kopf beugte sich zu ihm herunter, wie ein Tier, das sich streicheln lassen wollte. Sie mag ihren Herren? Wie kann sie das nur wagen?Unser Zirkusdirektor schien gerade nicht in Stimmung zum Streicheln zu sein. Er schrie seine Sch\u00f6pfung an, sie solle sie, womit er uns meinte, und allesamt auffressen. Diesen Auftrag w\u00fcrzte er mit zahlreichen, h\u00f6chstinteressanten Beleidigungen f\u00fcr uns und wiederum zahlreichem St\u00f6hnen und Wimmern. Der Bolzen musste irgendwo an der Schulter getroffen haben. Gleichzeitig verbreitete sich ein neuer Geruch. Ein neues Pheromon. Ich blickte mich im Raum um. Ich musste mir etwas einfallen lassen. Ich funkte Matilda an. Sie war \u00fcber ihm und wollte zuschlagen. Ich schickte ihr das Signal f\u00fcr \"warte\" und \u00fcberlegte. Was nun, was tun. Der Tisch neben mir. Die Flasche mit dem Gift. Die Pheromone. \u0001 \u0002 als sich die Schlange wieder in Bewegung setzte und auf meine Geschwister zuhielt trat ich wieder ins Licht. In einer Hand den Hammer, in der anderen die Giftflasche. \"Hey, Arschloch,\", rief ich und der Direktor drehte sich zu mir um. \"Schlangensperma gef\u00e4llig?\". Absoluter Schwachsinn, es war ja Schlangengift. Auch wenn ich inzwischen wusste, dass mein Ziel die vorher erw\u00e4hnte Substanz schon \u00f6fters zu sich genommen hatte. Ich warf den Beh\u00e4lter und traf. Perfekt. Ich h\u00e4tte einen Freudentanz auff\u00fchren k\u00f6nnen. Es war ein perfekter, im 45 Gradwinkel erfolgender Wurf, der den alten Knacker voll im Gesicht erwischte. Er schrie vor Schmerz auf und die S\u00e4ure\u00e4hnliche Mischung ver\u00e4tzte seinen K\u00f6rper als sie an ihm herabrann. Im Reflex versuchte er die Substanz abzuwischen, doch das f\u00fchrte lediglich dazu, dass sie seine H\u00e4nde benetzte. Dort, wo die Substanz \u00fcber die Haut rann, wurde das Fleisch rot. Die Haut wurde zersetzt und Blut quoll heraus, welches sich mit dem Gift vermischte und es weiter verteilte. Gleichzeitig breiteten sich neue D\u00fcfte aus. Die S\u00e4ure hatte sich mit den Pheromonen vermischt. Die Schlange wurde immer \u0001 \u0002 hatte meinen Sieg zulange ausgekostet. Der zweite Kopf wandte sich mir zu. Ich sprang zur\u00fcck und erwartete erstens, dass er nach mir schnappen w\u00fcrde und zweitens, dass meine Geschwister mir heroisch zu Hilfe eilen w\u00fcrden. Das erste geschah nicht. Ich h\u00f6rte ein Zischen und etwas Kaltes, Nasses traf mich in R\u00fccken und Nacken. Sofort sp\u00fcrte ich einen hei\u00dfen, brennenden Schmerz durch meinen K\u00f6rper jagen. Er breitete sich aus, rann mir unter die Kleidung. Verbrannte meinen R\u00fccken, meine Flanken, meine Brust. Speihkobra. Das Wort hallte durch meinen Verstand. Wo hatte ich das nochmal gelesen? DNA Elemente, Naja nigricollis, Eunectes murinus... Hinter mir erklang ein Zischen. Das Ger\u00e4usch brechender Knochen. Ein Schrei, hell, entsetzt, klar. Ich drehte mich um, wollte sehen was passierte, da wurde ich wieder von etwas getroffen. Ich schlitterte \u00fcber den Boden und die S\u00e4ure, vermischt mit meinem Blut verteilte sich weiter. Ich sah nach der Schlange. Sie zuckte wild umher, fauchte, schrie. Etwas steckte im kleineren Kopf, Blut quoll \u0001 \u0002 sah neben mich. Matilda. Sie lag in einer unnat\u00fcrlichen Haltung an einem der K\u00e4fige. Ihr Kopf war eingedellt. Blut lief \u00fcber ihr K\u00f6niginnengesicht und durch ihre blonden Locken. \"Matilda\", fl\u00fcsterte ich. Keine Reaktion. Ich robbte zu ihr und strich ihr durch die Haare. Matilda hasste es wenn, jemand ihre Haare ber\u00fchrte. Wieder keine \u0001 \u0002. Tot. Erloschen. Matilda war tot. Ich halte sehr viel von meinem Verstand. Ich bin stolz darauf, f\u00fcr jedes Problem L\u00f6sungen, f\u00fcr jede Situation Interpretationen parat zu haben. Doch dieses Mal lie\u00df er mich im Stich. Ich sa\u00df da. Nur wenige Meter von mir entfernt w\u00fctete ein Monster welches mich fressen wollte oder schlimmer. Meine Geschwister k\u00e4mpften. Doch alles war bedeutungslos vor diesem gigantischen Problem. Matilda war tot. Und ich hatte keine Ahnung was ich tun konnte oder sollte. Sogar die Schmerzen waren eine Zeit lang vergessen. Doch dann kamen sie wieder. Eine Welle der Qual brach \u00fcber mir zusammen. Ich wurde mitgerissen. Ich brach zusammen, mein Kopf landete an Matilda's Schulter. Ich schrie. Alles war wie ein gest\u00f6rter Traum. Die Schmerzen und die Emotionen machten jeden Gedanken und jeden Sinneseindruck komplett bedeutungslos. Etwas Nasses rann meine Wangen entlang. Waren es Tr\u00e4nen? S\u00e4ure? Blut? Ich wusste es nicht. Meine Trance wurde unterbrochen als mich jemand an den Schultern packte. Die Person war gr\u00f6\u00dfer als ich, was aber nicht viel hie\u00df. \u0001 \u0002 Meter sind nicht schwer zu \u00fcbertreffen. Meinem Verstand verriet seine Kleidung aber deutlich mehr. Dunkle, k\u00f6rperbedeckende Kleidung. Eines meiner Geschwister. Ich atmete und bereute es sofort. Ein \u00e4tzendes, erstickendes Gef\u00fchl breitete sich in mir aus. Ich hustete, wand mich, zappelte. Mir war schlecht. Alles drehte sich. K\u00f6nnte es einen Grund daf\u00fcr geben, dass mein Retter eine Gasmaske trug?Tr\u00e4nengasgranate, dachte ich, als ich von meinem Retter weggeschliffen wurde. Kain und ich hatten gute Arbeit abgeliefert. Zu meinem Leidwesen, denn ich hatte eine volle Dosis abbekommen. Ich konnte kaum etwas erkennen, da ich angefangen hatte Rotz und Wasser zu heulen. \"Kain nimm mir den hier mal ab.\". Ich nahm die Worte wie durch ein schlechtes Radio wahr als ich abgelegt wurde und Kain sich \u00fcber mich beugte. Er machte ein sehr besorgtes Gesicht. Zusammen mit seinem sowieso femininem Gesicht sah er aus wie eine besorgte Mutter. Irgendwie fand ich die Vorstellung von Mutter Kain zum totlachen. Ich versuchte zu lachen doch mein Rachen brannte zu sehr. Nur kleine W\u00f6rter kamen heraus. Matilda, Matilda, Matilda. Warum hilft niemand Matilda?\"... ihr nicht helfen.\", mein Verst\u00e4ndnis war nicht gerade auf der H\u00f6he. Die Schreie nahmen einen gro\u00dfen Teil meiner Aufmerksamkeit ein. Den Rest beanspruchten Schmerzen, heulen, und zappeln. Ich drehte den Kopf zur Seite. Athos, Romy und Elias waren damit besch\u00e4ftigt die Schlange aufzuhalten. Sie war immer noch hinter einem Vorhang aus Tr\u00e4nengas verborgen. Keine schlechte Idee, wenn man daran denkt, dass Schlangen mit ihren Zungen riechen. Leider hatte sich das Monster nicht zur\u00fcckgezogen und war noch aggressiver geworden. Sie alle trugen \u0001 \u0002 griff nach Kain's Granatenbeutel, doch er schlug meine Hand weg.\"Wir m\u00fcssen hier raus, Sy\". Er versuchte mich hochzuheben. Es gelang ihm aber nicht wirklich. Athos und die anderen k\u00e4mpften immer noch mit der Hydra. Einige blutende Wunden ihrerseits zeugten von den F\u00e4higkeiten meiner \u0001 \u0002 hatte den zweiten Kopf erwischt und lie\u00df seine Axt niedersausen. Sie spaltete ihn und dickes Blut quoll heraus. Gleichzeitig feuerte Romy einen weiteren Bolzen ab und Elias rammte sein Messer in eine der aufgerissenen Hautstellen. Die Schlange reagierte sofort mit \u00fcberraschender Pr\u00e4zision. Ihr gewaltiger Leib schnellte vor und wand sich um Elias. Er schrie, als die Schlange zudr\u00fcckte und wir h\u00f6rten das Brechen von Elias gesamtem Brustkorb. Er lief blau an und er spuckte Blut. Ich versuchte immer noch an den Beutel mit den Granaten zu gelangen. Athos und Romy versuchten ihm zu helfen indem sie die Schlange ablenkten. Athos warf eine seiner \u00c4xte, die in dem K\u00f6rper der Schlange stecken blieb. Romy feuerte nach dem Kopf des Monsters. Es half nichts. Die Schlange hob den sich windenden, schreienden Elias hoch und verschlang ihn. Er zappelte, k\u00e4mpfte. Wir sahen wie er in ihrem Rachen immer tiefer wanderte. Dort wo sein K\u00f6rper in ihrem K\u00f6rper herabsank und von Muskeln zusammengepresst wurde, ragte eine Delle unter den Schuppen heraus. Sie sah sich sich um. Auf der Suche nach neuer \u0001 \u0002 schaffte es in dem, durch Elias tragisches Ableben ausgel\u00f6sten Chaos, Kain den Beutel abzunehmen. \"R\u00fcckzug!\", obwohl ich heiser war und ich meine Glieder kaum noch sp\u00fcren konnte, brachte ich es fertig laut zu schreien. Athos und Romy drehten sich um und erkannten den Brandsatz in meiner Hand. Kain hatte offensichtlich meinen Plan erkannt oder zumindest begriffen, dass er nicht an jemandem herumrei\u00dfen sollte, der einen entz\u00fcndeten Brandsatz tr\u00e4gt. Jedenfalls versuchte er nicht mehr mir den Beutel abzunehmen. Athos und Romy reagierten sofort. Sie drehten sich um und rannten auf uns zu. Ich warf den Brandsatz, welcher nur wenige Meter hinter meinen Freunden und vor der Hydra explodierte. Eine kleine Wand aus Feuer breitete sich hinter uns aus und der Rauch biss mir in die Lungen. Verdammt, ich musste hier raus. Kain und Romy halfen dabei meinen Plan weiterauszuf\u00fchren indem sie mir den Granatenbeutel abnahmen und die Feuerwand mit zwei, drei weiteren Brands\u00e4tzen erweiterten. Kain hielt mich auf den Beinen, w\u00e4hrend er selbst noch eine Tr\u00e4nengasgranate hinter die Feuerwand warf. Meine Beine versagten endg\u00fcltig den Dienst und Kain w\u00e4re wohl unter meiner Last zusammengebrochen, aber Athos fing mich auf und trug mich, als wir alle aus der Menagerie st\u00fcrmten. Hinter uns h\u00f6rten wir w\u00fctendes Zischen und Fauchen. Die Kombination aus brennendem \u00d6l/Magnesium/Benzin/was-auch-immer-noch-im-Brandsatz-war und Tr\u00e4nengas schien ihr absolut nicht zu gefallen. Dazu muss erw\u00e4hnt werden, dass Schlangen nicht Farben sondern W\u00e4rmestrahlung sehen. Unsere Brands\u00e4tze mussten auf sie wirken wie Bet\u00e4ubungsleuchten auf \u0001 \u0002 bekam von dem Rest nicht mehr viel mit, als mich Athos aus dem Schiffsbauch trug und mich schlie\u00dflich drau\u00dfen ablegte. Ich sah noch wie sich Kain's besorgtes Gesicht sich in mein Blickfeld schob. \"...ruhig, ganz ruhig.\", h\u00f6rte ich. Ich musste zittern. Das Letzte was ich neben Kain's besorgtem Gesicht sah, bevor mir endg\u00fcltig die Sinne schwanden, war Romy's Gesicht. Sie starrte mich hasserf\u00fcllt an. Wenn Blicke t\u00f6ten k\u00f6nnten...Ich erwachte in der Kaj\u00fcte des Kapit\u00e4ns. Jemand f\u00fcrsorgliches, vermutlich Kain, hatte die ganzen widerlichen Inhalte des Zimmers, so gut wie alles, entfernt. Es gab nur noch das Bett auf dem ich lag, einen Schreibtisch auf dem eine brennende Kerze stand und zwei St\u00fchle. Und ihn. Er sa\u00df in der dunkelsten Ecke des Zimmers. Der tote \u0001 \u0002 Anblick hatte sich seit unserem letzten Treffen ver\u00e4ndert. Er sah immer noch so wie vorher aus: leichenblasse Haut, Blut unter den Fingern\u00e4geln, etc. aber ich erkannte zwei Unterschiede. Er hatte jetzt eine Schultasche. Ich sah einen Messergriff aus ihr herausragen. Unter ihr, sehr klein und kaum erkennbar sah ich eine Lache aus Blut. Es schien aus der Tasche zu flie\u00dfen. Sein Gesicht hatte sich allerdings eine Ver\u00e4nderung gestattet. Sein linker Mundwinkel war mithilfe von kleinen Metallhaken an einer Drahtschnur nach oben gezogen, wie zu der Parodie eines L\u00e4chelns. Immer noch schwieg er und starrte mich an. Ich drehte mich um.\"Verpiss dich.\". Meinen Worten fehlte jegliche Sch\u00e4rfe. Ich schloss die Augen, versuchte wieder zu schlafen. \"Matilda, Elias\". Ich wiederholte die Namen immer wieder, wie ein Mantra und schlie\u00dflich gewann meine M\u00fcdigkeit.\"Sy?\"Wer spricht da? Eine ruhige Stimme. Kain?\"Sy.\"Zu fest. Nicht sanft genug f\u00fcr Kain. Da blieb nur noch...\"Sy.\"Jemand packte mich an den Schultern und r\u00fcttelte mich leicht. Ich \u00f6ffnete mein linkes Auge. Ich versuchte auch das Rechte zu \u00f6ffnen, doch es gelang mir nicht. Auch nicht n\u00f6tig. Ich sah ja wer mich so unsanft weckte. Dunkle Haut. Schwarze, harte Augen. Markantes Kinn. Athos.\"Mein Held\", s\u00e4uselte ich, noch bevor ich es selbst registriert \u0001 \u0002 sch\u00fcttelte den Kopf. Was war mit ihm los? Da ist man einmal nett zu jemandem und jetzt reagiert er so. Ich angelte mit meinen Armen nach ihm, doch er wich zur\u00fcck. Er sah etwas verst\u00f6rt aus. Aber auch komisch. Die hochgezogenen Augen, das Unverst\u00e4ndnis. Ich fand es zum totlachen. Wie ein kleines Kind. Ich wollte ihn dr\u00fccken. In diesem Moment trat Kain ein. Athos sprach ihn sofort an. Ich konnte nicht genau verstehen was sie sagten, aber ich schnappte einige W\u00f6rter und Satzfetzen auf.\"... ihm gegeben?\"\"Morphiumpr\u00e4parat ... einzige M\u00f6glichkeit... zum Schweigen zu bringen. \"\"...richtig dosiert hast?\"\"...stimmen.\"\"... anderer Meinung. Sie ihn... ist irre.\"Was reden die beiden da? Was soll das? So eine Unh\u00f6flichkeit. Da versucht man nett zu sein, eine nette Prinzessin zu sein und sich bei seinem Retter zu bedanken und was tut er? Redet \u00fcber einen als ob man nicht da w\u00e4re. Am Rande meines Bewusstsein h\u00f6rte ich Schritte. Jemand kam n\u00e4her und Athos schien das gar nicht zu st\u00f6ren. Wenn der sonst so wachsame Athos eine n\u00e4herkommende Person so offensichtlich ignorierte...\"... soll ich denn machen? Die... -reits sehr hoch.\"\"... ertr\u00e4gt das.\"Ein Freund. Vieleicht kommt ja Elias und will sich bedanken. W\u00e4re auch h\u00f6chste Zeit das ich f\u00fcr meine gro\u00dfen Leistungen mal belohnt \u0001 \u0002 das \"belohnen\" k\u00f6nnte auch gerne Matilda in die Hand \u0001 \u0002 schob Athos und Kain zur Seite und ging mit schnellen Schritten auf mein Bett zu. Ich drehte den Kopf und sah Romys Gesicht. Da war er wieder. Dieser Hass. Ich konnte buchst\u00e4blich f\u00fchlen wie er sich in meinen K\u00f6rper bohrte. Ihre rechte Hand strich \u00fcber meine rechte Gesichtsh\u00e4lfte, fast schon z\u00e4rtlich. Als w\u00fcrde sie ein Haustier streicheln, falls Romy jemals die Gef\u00fchle f\u00fcr so etwas h\u00e4tte. Ich l\u00e4chelte verspielt. Sie presste \u0001 \u0002 in diesem Zustand schoss der Schmerz durch jede Faser meines K\u00f6rpers. Ich schrie, presste mein linkes Auge zu, sp\u00fcrte wie sich das Wasser unter meinen Augen sammelte. Ihre linke Hand umfasste meine andere Gesichtsh\u00e4lfte und presste meine Augenlieder nach oben. Nicht das das viel bewirkte. Durch den Tr\u00e4nenschleier konnte ich gerade noch ihr Gesicht und ihren hasserf\u00fcllten Blick \u0001 \u0002 dunkles schoss durch mein Blickfeld und Romys H\u00e4nde lie\u00dfen von mir ab. Ich h\u00f6rte das Klatschen von einer Faust auf einem K\u00f6rper. Romy stie\u00df einen hellen spitzen Schrei aus. Ich konnte nicht sehen was da vor sich ging. Der K\u00f6rper von Kain, der sich \u00fcber mich beugte, verdeckte meinen Blick. Ich zitterte, weinte. Kain hielt mich fest und strich mir beruhigend durch die Haare.",
            "wordcount": "2.448",
            "chapter_release": "04.10.2017",
            "chapter_number": "3"
        },
        "4": {
            "text": "An die n\u00e4chsten drei Tage habe ich keine klaren Erinnerungen. Kain hatte mir eine h\u00f6here Dosis Schmerzmittel gegeben und ich durchlebte die wildesten und verr\u00fccktesten Tr\u00e4ume. In dieser Zeit blieb Kain die ganze Zeit bei mir. Er wechselte meine Verb\u00e4nde, f\u00fctterte mich, beruhigte mich wenn die Albtr\u00e4ume kamen und \u00fcberpr\u00fcfte die N\u00e4hte der Neuhaut in meinem Gesicht und an meinem K\u00f6rper. Es \u00fcberraschte mich, dass er dieses wertvolle medizinische Gut f\u00fcr mich benutzt hatte. Ich wusste zwar, dass wir noch einige Mengen \u00fcbrig hatten, aber noch so viel? Kain \u00fcberraschte mich mit jedem Tag aufs Neue. Einmal mit einem sehr leckeren Nachtisch an dessen Zutaten ich mich nicht mehr erinnern kann. Ich wei\u00df nur, dass eingelegter Pfirsich drin war. Dann mit einem sehr schwachen Schlafmittel, welches mir beim Einschlafen half. Und wieder einmal legte er mir die von mir geretteten Karten neben das Bett. Daneben lag ein Zettel mit der Aufschrift:\"Meine Lippen sind versiegelt.\". Daneben hatte er ein zwinkerndes Gesicht \u0001 \u0002 sollte ich davon halten? Irgendwie wusste ich nicht wie ich auf diese Formulierung und dieses Gesicht reagieren sollte. Ein Teil in mir wurde fast wild vor Paranoia. Dieser Teil schrumpfte allerdings unter der Erkenntnis das Kain eben Kain \u0001 \u0002. Poch. Kain konnte es nicht sein. Er hatte mir gesagt, er wolle in die K\u00fcche gehen um schon mal das Essen f\u00fcr den Mittag vorzubereiten. \"Herein.\", sagte ich. Athos trat ein. Er war verstaubt und seine dunkle Haut gl\u00e4nzte vom Schwei\u00df. Er trug heute eine verschlissene, dunkle Latzhose in deren Taschen ich mehrere Schraubenschl\u00fcssel zu erkennen \u0001 \u0002 war froh, dass Kain meine Schmerzmittel endlich abgesetzt hatte. Mein Verstand funktionierte endlich wieder richtig und obwohl ich einige Schmerzen ertragen musste, war es das allemal wert. \"Oh,\", sagte er als er mich sah \"du siehst ganz sch\u00f6n \u00fcbel aus.\".Ich l\u00e4chelte ruhig. Ich wusste genau wie ich aussah. Nachdem er heute die Schmerzmittel abgesetzt hatte, hatte Kain mir auf meine Bitten hin, einen Spiegel gegeben. Die Ver\u00e4tzungen schimmerten unmerklich unter der Neuhaut hervor. Aber klarer war die Naht zu sehen, die sich durch mein Gesicht zog. Kain hatte mir garantiert, dass es keine Narbe geben w\u00fcrde. Medizin sei Dank.\"Du bist auch kein Hauptgewinn\", erwiderte ich \u0001 \u0002 \u00fcberging meine kleine Provokation ohne jede Erwiderung. Er erkannte meine L\u00fcgen inzwischen. Vor allem wenn ich mir keine M\u00fche gab. Er grinste wissend und entbl\u00f6\u00dfte die hellen wei\u00dfen Z\u00e4hne. Ich hielt seinem Blick stand. Immer noch l\u00e4chelnd.\"Willst du mich wieder kuscheln oder hast du neue Pl\u00e4ne?\"Jetzt war ich perplex. Was meinte er?\"Oh du erinnerst dich nicht?\"\"Oh nein. Absolut nicht.\"\"Soll ich`s dir erkl\u00e4ren?\"\"Verschone mich!\"\"Du warst auf Schmerzmitteln und ich wollte nach dir sehen...\"\"Verschone...\"\"... und du bist aufgewacht und hast gesagt...\"\"Habe ich nicht gesagt...\"\"Mein Held\", als er das sagte imitierte/parodierte er die Stimme eines kleinen M\u00e4dchens. Was bei seiner dunklen Stimme einfach nur bescheuert klang. \"Und hast versucht mit mir zu kuscheln.\", schloss er. Sein Grinsen war die ganze Zeit gewachsen. Meines war im gleichen Ma\u00df geschwunden.\"Bleibt das unter uns?\", fragte ich und hasste sofort meine eigene Stimme.\"Erst mal weiss es Kain bereits...\". Ich muss irgendwie sein Mitleid erregt haben und so stellte er seinen Spott ein. \"Na klar. Meinst du etwa ich renn in der Gegend herum und l\u00e4stere \u00fcber meinen Bruder, der sich, als er durch Schmerzmittel bet\u00e4ubt war, blamiert hat?\"Jetzt war auch sein Grinsen verschwunden. Er sah jetzt viel besorgter aus.\"Nein.\", erkl\u00e4rte ich und winkte ab. \"Also, was gibt`s Neues. Oder ist das hier ein Krankenbesuch?\"\"Einerseits, ja, es ist ein Krankenbesuch,\", wieder \u00fcberging Athos all meine Launen \"andererseits, bin ich hier um mit dir die n\u00e4chsten Schritte zu planen und dir zu erkl\u00e4ren was bisher passiert ist.\"\"Danke. Endlich darf ich wieder denken und planen.\", dieses Mal l\u00e4chelte ich ehrlich \"Nun gut, was habt ihr in meiner Abwesenheit angestellt?\".Athos's Erz\u00e4hlungen waren nicht sehr erfreulich, wenn auch nicht sehr \u00fcberraschend. In meiner Abwesenheit hatten sie unseren Auftraggeber mit der im Schiff angebauten Anlage angefunkt und haben ihm mitgeteilt er k\u00f6nne sich sein Reptil und ein neues Schiff bei unseren Koordinaten abholen. Soweit, so gut. Daran gab es nichts auszusetzen. Den Rest der Zeit hatten sie damit verbracht sich zu entspannen, zu essen und etwaige Wunden zu versorgen. \"Sonst noch etwas?\"\"Nein gar nichts.\"Gut damit konnte ich arbeiten. Das sollte nicht so schwer werden. F\u00fcr das Schiff hatte ich Pl\u00e4ne, aber verdammt, mir wurde kalt wenn ich an den Paten dachte. Ich habe M\u00e4nner die Brandversicherungen verkaufen, w\u00e4hrend ihre Anh\u00e4nger die Fackeln halten, schon immer gehasst. \"Ich habe einen Plan.\"\"Leg los, Sy.\"\"Zuerst pl\u00fcndern wir dieses Schiff. Wir holen alles, was auch nur ansatzweise wertvoll ist von den Bereichen des Schiffs, in die diese Monsterschlange nicht eindringen kann. Das bedeutet die Komb\u00fcse und die oberen Kabinen. Wir holen alles was nicht Niet- und nagelfest ist.\"\"Und dann?\"\"Gar nichts. Wir sitzen `rum, warten und trinken Tee.\"\"Wirklich, das ist dein ganzer Plan? Der Junge, der sich mit zw\u00f6lf schon an die Spitze diverser Untergrundorganisationen gestohlen hat, hat wirklich keinen besseren Plan?\"\"Das war `nen Versehen.\"\"Aha.\"\"Ihr wusstet doch, dass ich zur\u00fcckkommen w\u00fcrde.\"\"Nachdem sie dir eine Statue gebaut haben.\"\"Es war eine sch\u00f6ne Statue.\"\"Wir mussten dich gewaltsam entfernen.\"\"Und ich wei\u00df bis heute nicht warum.\"Athos sah mich unverst\u00e4ndlich an. Dann sch\u00fcttelte er den Kopf und stand auf. \"Also, stimmst du mir zu?\". Eigentlich interessierte es mich gar nicht. Ich wusste, dass er keine Strategien hatte. Athos war ein Anf\u00fchrer und K\u00e4mpfer aber kein Stratege. Diese Arbeit fiel mir zu. Darum hatte ich ihm die einfachste nur m\u00f6gliche Taktik gegeben, die mir mein Verstand gab. Er w\u00fcrde sie nutzen. Warum fragte ich ihn?Sehr einfach. Ich wollte nicht, dass mein einziger Kontakt mich so verlies. Ich wollte wieder mit ihm lachen. Nicht \u00fcber ihn, mit ihm.\"Na klar. Wir beide wissen das ich sie verwenden werde.\"Ich atmete durch.\"Und Sy,\"\"Ja.\"\"Willst du etwa nicht wissen was mit Romy los ist?\"\"Doch. Ich habe nur Angst erw\u00fcrgt zu werden.\"\"Ich w\u00fcnschte ich k\u00f6nnte etwas anderes sagen, aber ja. Du machst dir aus gutem Grund Sorgen. Sie ist nicht nur w\u00fctend. Sie ist kurz vorm Durchdrehen.\"\"Und was soll ich jetzt tun?\"\"Hier bleiben, Sy. Kain wird dir dein Essen bringen, ganz gegen deine sonstigen Gewohnheiten und ich werde sie dir vom Leib halten. Ich werde mit ihr reden und ihr klarmachen, dass sie, wenn sie dich angreift, \u00fcber Bord geht. In Einzelteilen.\"Bei den letzten Worten zitterte ich. Ich hatte Athos noch nie so reden h\u00f6ren. Und ich wollte ihn auch nicht so h\u00f6ren. Danach verlie\u00df er das Zimmer. Ich blieb zur\u00fcck. Alleine mit meinen \u0001 \u0002 und Sy. Vier Jahre lang hatte diese Zusammenarbeit gut funktioniert. Athos als Anf\u00fchrer und ich als die graue Eminenz. Doch vor nur drei Tagen war alles schiefgegangen. Ich wusste nicht was ich machen sollte. Ich konnte Pl\u00e4ne schmieden, aber egal was ich tat, \u00fcber unser aller Nacken schwebte jetzt ein Damoklesschwert, welches entweder fallen oder verschwinden w\u00fcrde. Alles was davor geschah war bekannt. Alles was blieb war Unsicherheit. Das war es nicht was mich st\u00f6rte. Das was mich verr\u00fcckt machte war, dass ich nichts mehr beeinflussen \u0001 \u0002 n\u00e4chsten drei Tage sollten trotz Kain`s Aufmerksamkeit zu einigen der unangenehmsten meines ganzen Lebens werden. Ich verbrachte sie haupts\u00e4chlich damit aufgekratzt in meinem Bett zu liegen, mich hin und her zu rollen, Kain's Essen zu verschlingen, was nicht leicht war, da die Kiefermuskeln meiner linken Gesichtsh\u00e4lfte durch die S\u00e4ure angegriffen waren. Kain hatte mir versichert das diese, zu meinem gro\u00dfen Gl\u00fcck nur sehr geringen Muskelsch\u00e4den, in einigen Wochen verheilt sein w\u00fcrden. Bis dahin w\u00fcrde ich leichte Probleme beim Kauen \u0001 \u0002 fand es nervt\u00f6tend. Es war eine kleine aber un\u00fcberwindbare Behinderung. Kennt ihr das, wenn ihr schlafen wollt, aber diese kleine M\u00fccke geht euch schon stundenlang auf den Zeiger? Nun ja, meine M\u00fccke war bekannt, geortet und trotz allem gab es nichts was ich gegen diese metaphorische M\u00fccke tun konnte, die dabei war mich um den Verstand zu bringen. Ich hasse das. Aber vorerst gab es f\u00fcr mich nichts anderes. Na gut, eines gab es noch. Neue Pl\u00e4ne, je nachdem was bei dem Treffen passieren \u0001 \u0002 mit Kain quatschen. Wunderbar. Jedes Mal eine Freude. Wir beide hatten immer ein gutes Thema zum Reden. Seien es die Bestandteile f\u00fcr unsere Granaten, die Bedeutung von Figuren in \"Les Miserables\" oder so simple Dinge wie unseren letzten Auftrag. So war es auch an diesem Morgen. \"Sag mal Sy, eine Sache verstehe ich immer noch nicht.\"\"Sprich dich aus mein Freund.\", erwiderte ich gutm\u00fctig.\"Wieso hast du ihn gefragt ob er...\"\"Schlangensperma will?\", beendete ich seine Frage. \"Ja. Ich meine, ich wei\u00df inzwischen...\"\"Das er seine Schlange \u00fcber echten Schlangen w\u00fcrgt.\". Er wurde langsam \u00e4rgerlich. Manchmal kann ich nicht anders als Leuten auf die Nerven zu \u0001 \u0002 sah mich w\u00fctend an. Genau wie ich hasste er es st\u00e4ndig unterbrochen zu werden. \"Ja, Sy\", sagte er und versuchte seiner Stimme einen tieferen Klang zu geben \"das will ich wissen.\"Ich seufzte, dann l\u00e4chelte ich. \"Ich habe ein sehr gro\u00dfes Verst\u00e4ndnis f\u00fcr die Abgr\u00fcnde der Verlorenen und Verdorbenen.\"Er l\u00e4chelte auch und r\u00fcckte n\u00e4her. \"Du hast dich rein geschlichen.\"Ich hob beide H\u00e4nde. \"Das ist Ansichtssache, euer Ehren.\"\"Du hast ihn \u00fcberpr\u00fcft als wir nach dem Eingang gesucht haben\", sein L\u00e4cheln wurde immer h\u00f6hnischer. Der Schalk blitzte aus seinen Augen.\"Daf\u00fcr haben sie keinen Beweis.\"Wir h\u00e4tten dieses Spiel bis ans Ende aller Zeiten treiben k\u00f6nnen, wenn nicht genau in diesem Moment Athos an die T\u00fcr geklopft h\u00e4tte. \"Sy, Kain kommt raus. Unser Auftraggeber kommt.\". Seine Stimme klang gehetzter als sonst. Hatten wir etwa neue Probleme?Kain stand sofort auf und wollte gleich losgehen, blieb jedoch an der T\u00fcr stehen als er sah, dass ich ihm nicht folgte. \"Sy, was soll das?\", seine Stimme war jetzt vorwurfsvoll, fragend. Ich mochte es nicht wenn irgendjemand so mit mir sprach. Es beschwor die Gedanken an eine Mutter mit einem unartigen Kind. Ich hasse diese Vorstellung. \"Unser Auftraggeber...\"\"Ach der kann warten.\", erwiderte ich \"Hilf mir mit den Verb\u00e4nden, Kain. Vertrau mir. Es wird klappen.\"Franco de Luca war der zweite Sohn des gro\u00dfen Vincenzo de Luca, schlug aber mehr nach seiner Mutter, als nach dem Vater, wie man mir sagte. Er hatte, im Gegensatz zu seinem Vater, feuerrote Haare und graue Augen. Nichts von den smaragdgr\u00fcnen Augen und den dunklen Haaren seines Vaters waren an ihm zu finden. Er trug die Kleidung der Familie. Schwarze, absolut reinliche Anz\u00fcge mit silbernen Manschettenkn\u00f6pfen und einer blauen Krawatte, die meiner Meinung nach schrie: \"Wenn Erektionsst\u00f6rung ein Kleidungsst\u00fcck w\u00e4ren.\". Mit ihm kamen zwanzig Mann in schwarzen Lederjacken an Deck. Sie waren mit verschiedensten Schusswaffen ausgestattet. Ich erkannte Drillinge, zweil\u00e4ufige Flinten und mehrl\u00e4ufige Hinterladerpistolen. Ich war mir sicher, dass sich unter den Jacken stichsichere Westen befanden. Schusssichere Westen waren kaum erh\u00e4ltlich. Athos und Romy standen vor ihm und gaben sich die gr\u00f6\u00dfte M\u00fche ruhig und unbeirrt auszusehen. Kain und ich kamen von der Br\u00fccke und zogen sofort alle Aufmerksamkeit auf uns. Kain's Kleidung bestand aus einer alten aber gut gepflegten Hose und einer Jeansjacke \u00fcber einem wei\u00dfen Hemd. Ich bot einen komplett anderen Anblick. Meine Hose war am rechten Knie geflickt und war etwas zu gro\u00df weshalb ich sie mit einem G\u00fcrtel b\u00e4ndigen musste. Meine schwarze Windjacke wurde vom Wind an meinen K\u00f6rper gepresst. Der gr\u00f6\u00dfte Teil meines Gesichts und meiner rechten Hand waren bandagiert. Es gab mir das Aussehen einer Mumie. Alle Blicke waren auf mich gerichtet. Wir taten so als ob wir es gar nicht bemerkt h\u00e4tten und gesellten uns zu Athos und Romy. \"Also das sind deine kraftstrotzenden Kameraden.\". Jeder h\u00e4tte den Hohn nur so aus diesem Kommentar tropfen lassen k\u00f6nnen. Franco dagegen hielt ihn aus seinen Worten fern, aber seinen Augen gelang das nicht. \"Sie sind nur etwas angeschlagen.\". Athos schaffte es tats\u00e4chlich Stolz in diese Worte zu legen. Seine sch\u00f6ne Stimme machte den Rest. Franco bemerkte das nat\u00fcrlich und es schien ihn etwas zu verwirren. Ein kleines bisschen Unverst\u00e4ndnis schlich sich in sein Gesicht. Er war es nicht gewohnt Leute vor sich zu haben die keine Angst vor ihm hatten. Unser Alter erledigte den Rest. Aber nur f\u00fcr einen Moment. Dann hatte er sich wieder gefasst. Seine Miene beruhigte sich. Die Maske war zur\u00fcckgekehrt.\"Wo ist die Schlange meines Vaters?\", fragte er mit der Stimme eines Mannes, der es gewohnt war, dass man ihm gehorchte. Genau die Art von Stimme die ich und meine Geschwister nicht ausstehen konnten.\"Wollen wir uns nicht zuerst begr\u00fc\u00dfen? Zwei meiner Freunde hatten sich versp\u00e4tet.\". Athos versuchte ein Gespr\u00e4ch in Gang zu bringen, da er genauso wie ich, dieser Stille und Spannung misstraute. \"Ich glaube nicht das, dass n\u00f6tig ist.\", erwiderte Franco. \"Gut. Folgt mir.\", sagte Athos, drehte sich um und machte sich auf den Weg zu einem Eingang in den inneren Bereich des Schiffes. Athos hatte mir vor einem Tag erz\u00e4hlt, dass er die Wege in das Schiff \u00fcberpr\u00fcft hatte. Das Ergebnis war verbl\u00fcffend. Einige Wege waren offensichtlich so gebaut worden, dass gr\u00f6\u00dfere Wesen, wie unsere werte Schlange, sie nicht durchqueren konnten und das es eine Art Trib\u00fcne \u00fcber der Menagerie gab. Genau dorthin brachte Athos jetzt Franco. Zehn von Francos Leibw\u00e4chtern folgten. Der Rest blieb bei uns. Ab diesem Moment verging die Zeit im Schneckentempo. Ich lauschte ihre Schritten, bis sie nicht mehr h\u00f6rbar waren. Da ich nichts auf der Welt so sehr hasse wie zu Warten, sah ich mir die Leibw\u00e4chter an. Ich kannte diese Sorte schon von unseren fr\u00fcheren Treffen mit der Familie. Ihre Disziplin war beeindruckend. Sie fingen nicht an herumzulungern, zu rauchen oder sonst was. Sie blieben in Formation und behielten das gesamte Oberdeck im Blick. Ich zog meine Kapuze ab. Ein leichte Brise wehte \u00fcber das Deck und ich genoss es wie sie durch mein Haar strich. Gleichzeitig hatte ich eine Gelegenheit meine Monsterfratze allen zu zeigen. Einige Blicke huschten zu mir. Ich \u00f6ffnete die Augen. \u0001 \u0002 Erwischten sahen sofort weg und ich verkniff mir ein Lachen. Matilda hatte mir gezeigt wie dieser Trick funktionierte und ich muss gestehen, er gefiel mir unglaublich gut. Das Einzige was bisher zur Ausf\u00fchrung gefehlt hatte war ein Publikum und ein bestimmtes Aussehen. Um es zu tun muss man entweder sehr h\u00fcbsch sein oder sehr \u00fcbel aussehen. Ich war letzteres. Jetzt wagten es einige nichtmehr mich anzusehen. Und so nutzte ich die Gelegenheit sie genauer zu mustern. Ich achtete nicht auf die Schusswaffen, ich suchte nach versteckten Waffen. Nach Messern oder Granaten. Ich fand einige. Die Stimmen von Athos und Franco klangen aus dem Gang, verstehen konnte ich sie aber nicht. Ihre Schritte kamen jetzt n\u00e4her. Schlie\u00dflich wurde die T\u00fcr ge\u00f6ffnet und Franco trat, umgeben von Leibw\u00e4chtern, heraus. Athos folgte ihm. Seine Miene verriet nichts Gutes. Er wirkte angespannt. \"Also,\", fragte Athos, \"wie sieht unsere Bezahlung aus?\".Franco trat an die Reling und f\u00fcnfzehn seiner Leibw\u00e4chter stiegen von Bord. \"Ich frage nochmal:\", Athos schaffte es tats\u00e4chlich ruhig zu bleiben. \"Wo bleibt unsere Bezahlung.\"\"Sie hat sich vor kurzem,\", ich war mir sicher ein L\u00e4cheln in diesen Worten zu H\u00f6ren \"substanziell ver\u00e4ndert.\"Roch ich da Rauch?\"Ihr bekommt ein Frachtschiff, eine Schlange und\", er drehte sich um und in genau diesem Moment stieg schwarzer Rauch hinter ihm auf \"alles was ihr von eurem j\u00e4mmerlichen Kahn noch retten k\u00f6nnt\". Mit diesen Worten ging er von Bord. Wir preschten zur Reling. Das Schiff von Franco fuhr gerade ab und nahm Kurs auf unseren Kutter. Unter uns standen ein paar Meter Wasser in Flammen. Er hatte eines unser Schnellboote in Brand gesetzt. Wir wussten was er \u0001 \u0002 rannte los, noch ehe einer von uns reagieren konnte. Sie st\u00fcrmte zum Bug, wo die Rettungsboote lagen. Dort angekommen begann sie mit ihrem Klappmesser das Boot loszuschneiden. Sie wollte zu unserem \u0001 \u0002 war der erste von uns der reagierte. Er st\u00fcrmte ihr nach. Ich folgte ihm und hinter mir rannte Kain. Dort angekommen, packte Athos unsere durchgedrehte Schwester und hielt sie so fest, dass sie nur noch ihre Unterarme benutzen konnte. Nat\u00fcrlich wehrte sie sich. Sie schrie trat um sich und ich versuchte, zusammen mit Kain ihre Beine unter Kontrolle zu bekommen. F\u00fcr mich endete das mit ihrem Stiefel in meinem Gesicht und wie ich vermute, einer hohen emotionalen Befriedigung ihrerseits. Nur wenige Meter vom Frachtschiff entfernt explodierte unser Kutter in einer hellen Stichflamme. Wir alle standen da wir zur Salzs\u00e4ure erstarrt, w\u00e4hrend alles was wir vieleicht \"Zu Hause\" nennen konnten in Flammen aufging. \"Ich kriege dich Franco. Dich, deinen Vater und deine tausend Br\u00fcder. Ich finde euch schlitze euch die B\u00e4uche auf und bade in euren Eingeweiden und dann werde auf die Leiche deiner Mutter wichsen.\"Diese Worte stammten von mir. Ich stand am Bug und schrie Franco's Schiff die \u00fcbelsten Drohungen hinterher. Mein Blick wurde tr\u00fcb und ich sp\u00fcrte wie etwas nasses, warmes meine Wangen benetzte. Es war mir \u0001 \u0002 ber\u00fchrte mich an den \u0001 \u0002 sp\u00fcrte es kaum. Ich war wie taub. Es gab nur einen Gedanken, nur eine Empfindung die gerade meine Sinne beherrschte: Wir hatten alles \u0001 \u0002 war am \u0001 \u0002.2219. An diesem Tag wurden die Demon Diamonds vollkommen zerschlagen. Wie sollte es jetzt f\u00fcr sie weitergehen? Ohne ein gutes Schiff? Ohne Tauschmittel und ohne Auftr\u00e4ge? Sie waren, wie schon f\u00fcnf Jahre zuvor, nackt. Ganz auf sich allein gestellt.",
            "wordcount": "3.077",
            "chapter_release": "11.10.2017",
            "chapter_number": "4"
        }
    },
    "title": "Demon Diamonds 1 Rohdiamant",
    "topic": "unspecified",
    "release": "\n05.08.2017\n\t\t\t\t\t\t",
    "author": "Jorg Blint"
}