{
    "tags": [],
    "chapcount": "4",
    "wordcount": "10.036",
    "chapters": {
        "1": {
            "text": "VorwortStopp. Wer hier Tiefsinn erwartet ist leider am falschen Ort, den das hier ist immerhin einer meiner Geschichten und ich muss meinen Titel waren. Was tut man wenn man einen irren Traum hat und einfach nicht wei\u00df wohin damit? Richtig, eine Geschichte schreiben und das m\u00f6glichst in weniger als einen Monat. XD Und so wurde mein pers\u00f6nlicher Sommer zu einen Schreibmarathon wie ich ihn noch nie erlebt habe. Nur dumm, wenn es dabei genau um das Genre geht, das man bisher gefliesen aus dem Weg gegangen ist. Horror. Was will ich denn damit? Ganz richtig. Eine Geschichte in dem Genre schreiben. Dass, und um mit Gedankenstr\u00f6men etwas rum experimentieren. Und so entstand \u00fcber den Monat August diese kleine Geschichte. Welche Genres sie enthalten wird, habe ich jetzt wohl schon verraten. Horror und vielleicht etwas Splatter. Mal sehen wie weit ich da gehe. XD Das hier ist meine erste eigene Geschichte, die ich hier hochlade und jetzt wo ich sie nach Ewigkeiten des \u00dcberlegens onstelle, bin ich doch etwas nerv\u00f6s. Im vornherein sollte ich jeden, der diese Geschichte liest, vorwarnen. Meine Rechtschreibung ist nicht gerade die Beste. XD Und besonders gruselig wird die Geschichte wohl auch nicht, auch wenn ich nat\u00fcrlich mein Bestes geben werde. Aber irgendwann muss man ja mal damit anfangen. :) So viel aber auch schon zu meiner \u0001 \u0002: Widmen m\u00f6chte ich dieses Werk meiner Schwester, meiner lieben Schreibschwester Lia und Kat. F\u00fchlt euch geknuddelt. :)So viel aber auch schon zu meiner Wenigkeit.^^_______________________________________Ein roter Tag im Mai _ PrologDing. Dong. Die Uhr schlug zw\u00f6lf und wie ferngesteuert sah ich aus dem Fenster. Es ist geschlossen. Ich sehe ein verzerrtes Bild meines Spiegelbildes. Struppiges, zerzaustes Haar, das mir \u00fcber die Schultern geht und meine Augen \u0001 \u0002 schrecke hoch. Meine Gedanken werden von der Lehrerin unterbrochen, die soeben ihre Rede beendet hat. Pl\u00f6tzlich sp\u00fcrte ich wie mein Herz schwer wird, meine Gedanken h\u00f6ren auf sich zu drehen, denn jetzt denke ich pl\u00f6tzlich nur noch an eines. Und ich wei\u00df dass ich nicht die Einzige bin, den auch die anderen Sch\u00fcler sehen pl\u00f6tzlich aus den Fenster. Zwei Jahre. Diese Zahl, brannte sich in mein Ged\u00e4chtnis. Eigentlich sollte ich mich f\u00fcrchten und Angst haben. An diesen unheimlichen Tag. Wieso, tue ich es nicht? Der Junge der damals verschwunden war, war kaum \u00e4lter als ich. Der Gedanke wird nie ausgesprochen, fast als ob es etwas Unheilvolles beschw\u00f6ren w\u00fcrde. Zwei Jahre, das war eine lange Zeit, hallt es in meinem Inneren. Ich kannte ihn nicht, hatte ihn nur einmal zuf\u00e4llig auf den G\u00e4ngen der Schule gesehen. Mit einen fr\u00f6hlichen L\u00e4cheln. Er redete nie besonders viel, war oft alleine. Auch an den Tag an den er verschwunden war, war niemand bei ihm gewesen. Niemals hatte er sich beschwert, war immer artig gewesen. Und obwohl er manchmal so einsam in einer Ecke der B\u00fccherei gesessen haben soll, wirkte er dennoch nie traurig. Wie seltsam. Das meiste waren nur Ger\u00fcchte. Er ging immer den gleichen Weg, hielt sich immer an die Regeln, widersprach nie. Und niemand konnte sich erkl\u00e4ren was damals wirklich passiert war. Man hatte sich nie wirklich f\u00fcr ihn interessiert, erst nach seinem Verschwinden merkten die Menschen das er da gewesen war. Davor war er nur ein Schatten. Was man wusste, waren meistens nur Ger\u00fcchte. Angeblich war er immer hilfsbereit gewesen. Hatte geholfen, wenn es n\u00f6tig gewesen war. Er soll flei\u00dfig gewesen sein, und dennoch habe ich ihn nie auf der Liste der Besten gesehen. Auch nicht vor meinem Namen und das, obwohl ich weder gut war, noch sonderlich viel lernte. Ein seltsamer Fall.\u201eIch w\u00fcnsche euch, ein wundersch\u00f6nes Wochenende\u201c, sagt Frau Mai, l\u00e4chelt dabei breit. Sie erw\u00e4hnt nicht was sie wirklich denkt, den mein Gef\u00fchl sagt mir, dass sie an das Gleiche denkt wie wir alle. Dabei ist es schon so lange her. Ihr Blick ist nach unten gerichtet. Stimmt. Sie war die Lehrerin des Jungen. M\u00fcde stehe ich auf. Der Unterricht war anstrengend. Meine Gedanken kreisen nun etwas langsamer, wechseln aber nicht das Thema. Auf den G\u00e4ngen sehe ich Sch\u00fcler die lachen. Manche schenken mir ein L\u00e4cheln, gr\u00fc\u00dfen mich und heben dabei eine Hand. Manche schweigen. Mein Herz macht einen H\u00fcpfer. Ich bin aufgeregt. Meine H\u00e4nde zittern. Wieso? Heute ist kein besonderer Tag, kein Grund nerv\u00f6s zu sein. Trotzdem kann ich es nicht leugnen. Etwas dr\u00e4ngt mich in eine andere Richtung, in einen anderen Gang. Also schlage ich den Weg zur Bibliothek ein. Wieso? Meine Nackenhaare stellen sich auf. Habe ich etwa Angst alleine nach Hause zu gehen? Das macht keinen Sinn. Vorsichtig \u00f6ffne ich die T\u00fcr der Bibliothek. Im wieder kommen mir Sch\u00fcler entgegen, die G\u00e4nge leeren sich langsam. Fast wie eine Massenflucht. Mein Herz macht kleinen Sprung. Vor was f\u00fcrchten sie sich? Das Gef\u00fchl bleibt, meine H\u00e4nde fangen an zu schwitzten. Mehrere Regale reihen sich aneinander. Sie umringen mich und ich f\u00fchle mich ein klein wenig sicherer. Wieso habe ich das Gef\u00fchl, dass etwas nicht stimmt? Ich f\u00fchle mich ein klein wenig beobachtet. Am Tresen steht ein alter Mann. Er hat mir den R\u00fccken zugedreht und ordnet einige Dokumente in Schubladen.\u201eEntschuldigen sie\u201c, hauche ich leise. Wieso? \u201eIch bin auf der Suche nach etwas Wichtigen.\u201c Jetzt wei\u00df ich es wieder. Mein Unterbewusstsein ist st\u00e4rker als ich. \u201eWissen sie zuf\u00e4llig etwas \u00fcber einen Luciel?\u201c Meine Stimme zittert, doch sie bricht nicht ab. Die Augen des Grauhaarigen verengen sich. Er sieht mich, mit einem misstrauischen Blick, an.\u201eWer will das Wissen?\u201c Seine Stimme klingt nicht vorwurfsvoll. Sondern fragend. Ich bleibe best\u00e4ndig. Ich muss es wissen. Es muss doch einen Grund geben, warum sich hier alle so merkw\u00fcrdig verhalten.\u201eLuciel\u201c, murmelt er leise, mehr zu sich selbst als zu irgendjemand anderen. Einige Sekunden schweigt er. \u201eEr war ein Sch\u00fcler, hier in dieser Schule.\u201c Das wei\u00df ich schon, deswegen nicke ich nur stumm. \u201eOft ist er hierhergekommen um mir beim Einr\u00e4umen zu helfen, irgendwann ist er nicht mehr gekommen. Niemand wei\u00df wieso. Ich nehme an das sie das ebenfalls schon wissen, nicht wahr?\u201c\u201eHatte er Freunde?\u201c Der alte Mann scheint zu \u00fcberlegen, jedenfalls kratzt er sich am Hinterkopf und antwortet nicht sofort. Etwas in mir brodelt. Jetzt will ich es wissen, doch ich halte mich zur\u00fcck. Irgendwann wird mich meine Neugierde noch in den Tod st\u00fcrzen.\u201e Ab und an war er mit ein paar anderen Sch\u00fclern unterwegs, wie Freunde wirkten sie allerdings nicht.\u201c\u201eWissen sie sonst noch etwas?\u201c\u201eNoch etwas? Wieso wollen sie das wissen? Es bringt Ungl\u00fcck zu lange dar\u00fcber zu reden. Wissen sie das nicht?\u201c Wirklich interessant. Ich krame schnell einen Notizblock heraus und kritzele ein paar Worte darauf. 14 Jahre zum Zeitpunkt des Verschwindens. Hatte wohl Bekannte, mit denen er \u00f6fter gesprochen hat.\u201eH\u00f6ren sie auf.\u201c Mein Herz setzt aus. Ich ringe nach Luft, fange mich aber dann wieder.\u201eWieso?\u201c, frage ich. Das macht mir jetzt doch etwas Angst.\u201eDiese Fragen haben schon mehrere Sch\u00fcler gefragt. Erinnerst du dich an Marelyn, die vor knapp zwei Wochen ins Krankenhaus gekommen ist? Zwei Tage danach soll sie verschwunden sein.\u201c\u201eVerschwunden. Ich dachte sie h\u00e4tte Suizid begangen.\u201c Ich sp\u00fcre einen Klos in meinen Hals.\u201eGlaubst du das?\u201c Ist es eine Frage. Ich nicke zaghaft. Nein. Glaube ich nicht. Und genau deswegen will ich herausfinden, was wirklich passiert ist. Meine H\u00e4nde zittern immer noch. Mein Herz schl\u00e4gt etwas schneller.\u201eSie wissen also nichts?\u201c, hacke ich vorsichtig nach. Ich sollte aufh\u00f6ren, aber meine Neugierde treibt mich in die Enge und \u00fcberw\u00e4ltigt mich.\u201eSie wollen es also immer noch Wissen? Niemand wei\u00df was genau passiert ist. Ich bin alt meine Werteste, aber ich wei\u00df bei weiten nicht alles.\u201c\u201eVerstehe\u201c, murmele ich und klinge dabei fast etwas entt\u00e4uscht. Er seufzt.\u201eNun gut. Einen Tipp kann ich dir vielleicht doch noch geben. Er ist immer sehr lange in der Schule geblieben. Erst bei Sonnenuntergang ist er nach Hause gegangen. Wohl um zu lernen, sagte er immer. Manchmal auch wegen Nachhilfe. Meistens war er schon fast dunkel. Er ist immer den Nouvaria Kanal entlang gegangen. Merkw\u00fcrdig das er verschwunden ist, wo doch die Stra\u00dfen immer mit Laternen beleuchtet sind. Das war allerdings nicht der erste Fall m\u00fcssen sie wissen. So etwas ist schon einmal passiert. Aber sie kennen die Menschen ja. Niemand erinnert sich gerne an schlimme Ereignisse.\u201c Ich muss an die Trennung meiner Eltern denken. Er hat Recht. An die schlimmen Dinge erinnert man sich nicht gerne. Mir wird flau im Magen, doch ich rei\u00dfe mich zusammen, denke kurz daran wie ich im Wohnzimmer sitze, monoton in den Fernseher sehe, der immer das gleiche Zeigt, die Beine fest an meinen K\u00f6rper gezogen. Ich schlucke und vertreibe meine Gedanken damit.\u201eDanke\u201c, sage ich trotzdem und verabschiede mich. Der Bibliothekar wirft mir einen besorgten Blick hinterher. Egal was ich mache. Jeder ist gleich besorgt um mich. Nur weil ich klein bin. Oder etwas zierlicher. Aber ich genau was ich mache. Mein Kopf geht die Informationen noch einmal durch. Wenn ich Gl\u00fcck habe, dann k\u00f6nnte ich herausfinden, wer diese \u201eBekannten\u201c waren, von denen er gesprochen hatte. Ich k\u00f6nnte auch die Eltern fragen. Diesen Gedanken verwerfe ich allerdings sofort wieder. Das letzte Mal als ich sie gesehen habe, hatten die beide ger\u00f6tete Augen mit schwarzen Augenringen. Sie weinten nicht, dennoch konnte man den Tr\u00fcbsal in ihre Stimme h\u00f6ren. Ich wollte sie damals fragen doch irgendetwas hatte mich zur\u00fcck gehalten. War es vielleicht das traurige Gesicht was sie machten, als sie mich f\u00fcr einen kurzen Moment angesehen hatten? Was war wirklich passiert, vor genau zwei Jahren? Denk an etwas anderes. Das bringt doch nichts. Krampfhaft versuchte ich meine Gedanken auf etwas anderes zu lenken. Heute hatten wir Mathe aufbekommen. Drei Bl\u00e4tter, daran w\u00fcrde ich den ganzen Nachmittag sitzen. Da blieb keine Zeit um den Weg eines Jungen abzulaufen, den ich nicht einmal kannte. Schluss mit den Gedanken. Ob Moriton wohl mitkommen w\u00fcrde? Mit schlenderndem Schritt gehe ich entlang der Rodwig Passage und bleibe vor einen gro\u00dfen, gelben Haus stehen. Der Weg ist an den Seiten des Eingangs mit roten Tulpen bepflanzt. An der rechten Seite steht ein Gew\u00e4chshaus in dem Mutter und ich erst neulich Gem\u00fcse angepflanzt haben. Ich klopfte. Niemand \u00f6ffnet, deswegen klopfte ich noch einmal. Endlich wird mir ge\u00f6ffnet. Unter ein quietschen geht die T\u00fcr auf.\u201eWenn das nicht wieder die kleine Prinzessin ist.\u201c\u201eHe\u201c, brumme ich beleidigt, was ihn zum L\u00e4cheln bringt. Ich blase die Backen auf. So ein Idiot. Seine blonden Haare sind verzottelt, sein Blick m\u00fcde und unter seinen Augen sehe ich dunkle Schatten. Seine h\u00e4sslichen grauen Augen wirkten ersch\u00f6pft auf seiner krummen Nase erkenne ich einen blauen Farbklecks.\u201eDa hat wohl wieder jemand lange gearbeitet.\u201c\u201eWie?\u201c, fragt er \u00fcberrascht und entdeckt jetzt erst den Klecks. \u201eShit!\u201c, schreit er, rennt wie von der Tarantel gestochen nach oben, wo ich ihm langsam folgte. Er steht vor einem gro\u00dfen Bild mit leuchtenden Farben. Ich konnte ein kunstvoll verziertes Haus erkennen, Efeu schl\u00e4ngelt sich an den W\u00e4nden entlang. Ein wahres Meisterwerk.\u201eW-Was mache ich denn jetzt. Die Farben sind schon eingetrocknet. Mit dem Schrott schaffe ich es nie in die n\u00e4chste Stufe. Das ist eine Katastrophe!\u201c Dann war er also wieder mal beim Malen eingeschlafen. Hatte er davon, wenn er immer bis vier aufblieb und sich mittlerweile haupts\u00e4chlich von Kaffee ern\u00e4hrte. Und trotzdem sehen seine Bilder immer noch so toll aus. Von so etwas kann ich mit meiner vier minus in Kunst nur tr\u00e4umen. Ich kichere. Fast bin ich etwas neidisch.\u201eL-Lachst du mich etwa aus? Siehst du nicht die Katastrophe? Und das waren auch noch meine letzten Farben. Wei\u00dft du wie viel Acrylfarben kosten?\u201c Was f\u00fcr eine Dramaqueen.\u201eUnd was macht Elliot?\u201c\u201eDer?\u201c F\u00fcr ein paar Sekunden unterbricht er sein Gejammer.\u201eDer hockt mal wieder vor dem PC und zockt. Du kennst ihn ja. Als ob sich das je \u00e4ndern w\u00fcrde. Dabei stehe ich gerade vor einer Katastrophe. Verstehst du?\u201c\u201eHmm, \u00fcbrigens.\u201c, ich ignoriere ihn gekonnt. \u201eHaben wir heute etwas vor.\u201c\u201eAchja? Wieso?\u201c\u201eNur so. Ich habe nur eben die perfekte Idee f\u00fcr ein unglaubliches Motiv gefunden. Das ist bei weiten besser als so ein olles altes Haus.\u201c\u201eIch mag olle alte H\u00e4user.\u201c, brummt er etwas gekr\u00e4nkt.\u201eKomm schon, frische Luft f\u00f6rdert das Denkverm\u00f6gen.\u201c\u201eAlso willst du damit sagen dass ich dumm bin?\u201cMist. Erwischt.\u201eIch meinte die Kreativit\u00e4t.\u201c Er zieht eine Augenbraue nach oben. \u201eU-Und Elliot wird es auch ganz gut tun, mal wieder raus zu kommen.\u201cEr nickt.\u201eDas ist ein Argument.\u201c Mein Herz macht einen Satz und ich bin gl\u00fccklich. Schei\u00df auf, `ich hacke nicht weiter nach`. Und wenn meine Br\u00fcder mitkommen, was soll da schon gro\u00df passieren? Ich meine, wir gehen nur einen Weg entlang. Was soll daran so gef\u00e4hrlich sein?\u201eUnd du planst nicht wieder irgendeine Dummheit?\u201c, hackt er nach.\u201eIch doch nicht.\u201c\u201eNat\u00fcrlich nicht. Wie komme ich nur darauf.\u201c Er sagt es mehr zu sich selbst als zu mir.\u201eDanke\u201c, murmele ich.\u201eNicht daf\u00fcr.\u201cKleines, kleines \u0001 \u0002 glaube mir. Irgendwann wird dir diene t\u00f6richte Neugierde zum Verh\u00e4ngnis werden.\u201eIst etwas Schwesterchen?\u201c\u201eHmm, Nein, ich dachte nur ich h\u00e4tte etwa geh\u00f6rt.\u201c\u201eDu siehst Gespenster.\u201c",
            "wordcount": "2.157",
            "chapter_release": "26.08.2017",
            "chapter_number": "1"
        },
        "2": {
            "text": "Deep down _ Prolog\u201eKomm schon, du willst doch bestimmt auch mit. Ein kleiner Spaziergang f\u00f6rdert das Denkverm\u00f6gen.\u201c\u201eVergiss es. Auf deine irren Aktionen? Keine Lust. Mein Bruder ist vielleicht dumm genug daf\u00fcr, aber bestimmt nicht ich!\u201c Er w\u00fcrdigt mir nicht mal einen Blick. Stattdessen sieht er immer noch, wie eine Maschine, auf den Monitor des Computers.\u201eIch habe Argumente, die dich bestimmt umstimmen.\u201cSeine H\u00e4nde huschen \u00fcber die Tastatur.\u201eAchja, welche, wenn ich fragen darf?\u201c Es scheint ihn nicht mal wirklich zu interessieren.\u201eWei\u00df Mum, das du die letzte Nacht durchgezockt hast?\u201c Seine H\u00e4nde halten kurz inne und er stoppt.\u201eDas tust du nicht, du miese Kr\u00f6te.\u201c\u201eSicher?\u201c, grinse ich schelmisch.\u201e Vergiss es.\u201c, wiederholt er. Jetzt bin ich fast etwas entt\u00e4uscht.\u201eOh fl\u00fcstere ich.\u201c Mir f\u00e4llt jedoch gleich wieder etwas Neues ein.\u201eIch k\u00f6nnte dir mein Taschengeld geben? Oder meinen PC f\u00fcr einen Monat.\"\u201eHmm\u201c, er scheint inne zu halten. Er ist j\u00fcnger als ich und hat noch keinen eigenen PC. Jackpot. \u201eUnd das ist auch kein Trick?\u201c, fragt er vorsichtig. Innerlich trauere ich Elfriede hinterher, aber jetzt gibt es wichtiger Sachen. Trotzdem bereue ich es jetzt schon ein wenig.\u201eEhrenwort.\u201c, beschw\u00f6re ich, wenn auch etwas zur\u00fcckhaltender als zuvor. Er scheint es zu merken und zieht eine Augenbraue nach oben, aber das ist mir egal. Wie gut das man sich auf die Sucht seines kleinen Bruders verlassen kann.\u201eNa gut. Solange es nur ein kurzer Spaziergang ist, sollte es in Ordnung gehen. Ich muss meinen Gildenkamaraden nur noch Bescheid geben, das meine olle Schwester eine auf Familie machen will und irgendwo einen Spaziergang machen will.\u201c Das ist jetzt schon fast beleidigend, aber ich wehrte es mit einen l\u00e4cheln ab. So ein \u0001 \u0002 ist es fast dunkel. Ich habe einen kleinen Rucksack gepackt. Taschenlampe, einen kleinen Proviant, weil ich wei\u00df, dass meine Br\u00fcder bestimmt nicht daran denken, einen Fotoapparat und Notizblock und Stift. Nicht zu vergessen mein Handy, falls doch etwas passiert, was nat\u00fcrlich nicht der Fall sein w\u00fcrde. Golden kann ich den Sonnenuntergang sehen. Jetzt mussten wir uns aber beeilen. Gerade kommt Moriton in den Vorgarten. Er tr\u00e4gt weder eine Jacke, noch einen Rucksack, nur einen kleinen Mal Block und einen Bleistift, das war allerdings immer noch besser ist, als Elliot, der es nicht einmal f\u00fcr n\u00f6tig gehalten hat, sich umzuziehen. Er tr\u00e4gt immer noch seinen weiten, schwarzen Pullover, seine braunen, etwas l\u00e4ngeren Haare waren ungek\u00e4mmt und seine gr\u00fcnen Augen sehen mich missmutig an. Ich kann immer noch seine tiefen Augenringe sehen. Wir sind alle nicht gerade daf\u00fcr bekannt fr\u00fch ins Bett zu gehen.\u201eK\u00f6nnen wir jetzt endlich losgehen? Dann habe ich diesen dummen Spaziergang endlich hinter mir.\u201c Er verschr\u00e4nkt die Arme demonstrativ. Na toll. \u201eIch muss in Gegensatz zu euch noch etwas machen. Heute will meine Gilde das n\u00e4chste Dungeon beschw\u00f6ren. Wenn ich das verpasse werde ich dir das niemals verzeihen.\u201c\u201eSchon gut.\u201c, brumme ich. Ich habe ja auch noch etwas zu tun. Mathe mache sich leider nicht von alleine. So ein verdammter Mist aber auch. Und mein Buch will ich auch noch beenden.\u201eEtwas mehr Motivation wenn ich bitten darf. Schlie\u00dflich geht es hier um meine Kunstnote.\u201c , betont Moriton.\u201eDann lass uns losgehen Auf zu Luciel Westons Haus!\u201c\u201eDorthin? Was wollen wir denn da?\u201c\u201eInspiration f\u00fcr Moriton.\u201c\u201eWie nett dass du dir Sorgen um mich machst. Ich bin ger\u00fchrt\u201c\u201eGlaubst du das etwa?\u201c\u201eWieso nicht?\u201eHmmm...\u201cElliot greift nach seinem Handy und sieht auf den Display. \u201eIch hoffe mal, das ist alles in einer halben Stunde vorbei.\u201cIch nicke, obwohl es wohl eine L\u00fcge ist, aber das musste er ja nicht unbedingt wissen. Wir gehen entlang der River Street, die in einer Kreuzung m\u00fcndete. Immer wieder h\u00f6re ich das Brummeln meines kleinen Bruders. Wobei klein wohl etwas weit gef\u00e4chert ist. Obwohl er f\u00fcr seine vierzehn Jahre eher klein ist, bin ich noch winziger \u0001 \u0002 den neuen, geraden, H\u00e4userw\u00e4nden werden graue W\u00e4nde, mit Erkern, wie man es von einer Altstadt kennt. Von vielen bl\u00e4ttert bereits der Putz ab. Vor einen gro\u00dfen, grauen Haus bleibe ich schlie\u00dflich stehen. Es wirkt alt, die Scheiben sehen etwas dreckig aus, das Gras ist ungeschnitten. Dennoch sehe ich ein Licht leuchten. Die Westons. Ich bin noch nie hier gewesen. Sie wohnen tats\u00e4chlich direkt neben dem Kanal. Jetzt wo ich den Nouvaria Kanal sehe, wundert ich mich erst recht, wie jemand von dieser Stra\u00dfe verschwinden kann. Hie und da gehen Leute. Der Weg wird von einem hellen Licht beschienen.\u201eSchau mal, sieh die alten H\u00e4user an! Diese Treppenstruktur an den D\u00e4chern, die Erker, die Form der Haust\u00fcren, hach, ist das nicht wunderbar?\u201c\u201eHmm. Ja.\u201c, murmele ich und Elliot seufzt, als er gequ\u00e4lt auf sein Display sieht. Ich sehe auf die Uhr. Sechs Uhr. Jetzt ist es Zeit. Mein Herz rast. Ich trete vorsichtig einen Schritt nach vorne. Entlang des Kanals. Das ist jetzt mein Weg. Meine H\u00e4nde zittern. Was w\u00fcrde wohl passieren?Es ist unheilvoll zu viel dar\u00fcber zu reden. Ich schrecke hoch, als ich mich daran erinnere. So ein Unsinn, das ist nur ein Weg, die anderen Leute scheinen sich ja auch keine Gedanken dar\u00fcber zu machen, auch wenn sie m\u00f6glicherweise eine andere Absicht verfolgen als ich. Eine Weile passiert nichts. Es wird nur etwas stiller, immer weniger Leute kommen mir entgegen, bis die Stra\u00dfe schlie\u00dflich leer ist. Und immer noch Nichts. Ich sehe \u00fcber den Kanal. Er ist verh\u00e4ltnism\u00e4\u00dfig flach, die Str\u00f6mung nicht alb zu stark. Vielleicht kann ich ihn durchwaten? Oder schwimmen? Vorsichtig steige ich in den Kanal. Das Wasser ist kalt und ich sp\u00fcrte wie eisige H\u00e4nde sich um meine H\u00fcfte legen. Ich erschaudere. Mein Herz macht einen Satz als ich sp\u00fcre wie mir das Wasser bis zur Brust ragt. Die Str\u00f6mung zerrt etwas an mir, aber ich lasse nicht locker.\u201eWas machst du?!\u201c, brummt Elliot, wirkt allerdings wenig \u00fcberrascht.\u201eB-Bist du verr\u00fcckt geworden?!\u201c \u201eBeruhige dich\u201c, fl\u00fcstere ich. Wenn ich in meinen H\u00e4nden nicht den Rucksack halten w\u00fcrde und nicht alle M\u00fch und Not h\u00e4tte mich auf den Beinen zu halten, dann h\u00e4tte ich die Arme beschwichtigend vor mich gehalten. Doch der Boden ist glitschig und jeden Augenblick drohe ich hinzufallen, deswegen bei\u00dfe ich die Z\u00e4hne zusammen und gehe weiter. Mit einem kr\u00e4ftigen, gequ\u00e4lten Laut hieve ich mich wieder hoch. Meine Hose und mein Shirt sind v\u00f6llig durchn\u00e4sst.\u201eNa, wo bleibt ihr denn?\u201c, sage ich bem\u00fcht enthusiastisch. Mein ganzer K\u00f6rper zittert.\u201eLila, mach keine Dummheiten!\u201cIch stehe auf, als ob ich seine Worte nicht geh\u00f6rt h\u00e4tte. Trotzdem frage ich mich ob das alles wohl eine so gute Idee gewesen ist. Ich h\u00f6re ein Platschen. Und sehe Elliot in Wasser, der mich b\u00f6se ansieht.\u201eDu kommt jetzt sofort wieder zur\u00fcck.\u201c Elliot klammerte sich an den Rand, schafft es aber nicht sich hochzuziehen. \u201eDas ist alles deine Schuld. Ich hasse dich wenn ich mein Treffen wegen dir verpasse.\u201c Er schaffte es immer noch nicht nach oben, weshalb ich ihm eine Hand reiche. \u201eDas\u201c, brummt er, \u201eIst alles deine Schuld.\u201c Mit diesen Worten umfasste er mein Handgelenk etwas zu fest und ich verziehe mein Gesicht. Wahrscheinlich will er mich wieder zur\u00fcck nach Hause ziehen, damit er sein gottverdammtes Spiel weiterspielen kann. Aber er ist zu schwach. In dem Moment h\u00f6rte ich wieder ein Platschen und sehe Moriton, der zu uns aufsieht und sich hochhievt\u201eWas-\u201c, f\u00e4ngt Elliot an, beendete den Satz aber nicht.\u201eAch komm schon, wir waren lange schon nicht mehr gemeinsam unterwegs. Es ist verr\u00fcckt, aber irgendwie bin ich froh dass wir mal was zusammen machen. Das letzte Mal ist Jahre her.\u201c Stimmt. Irgendwie wird mein Herz warm, wenn ich daran denke. Es gab Zeiten da habe wir uns Prima verstanden. Wir sind jeden Tag zum Park gegangen, haben verstecken und R\u00e4uber und Schandaren gespielt. Elliot mochte die Natur noch nie, aber zumindest damals konnte man ihn noch \u00fcberreden etwas drau\u00dfen zu unternehmen. Nicht vor dem PC.\u201eIch h\u00e4tte es wissen m\u00fcssen.\u201c Missmutig sieht er wieder zu mir. Etwas sagt mir, dass er nach Hause gehen w\u00fcrde, wenn er den Weg kennen w\u00fcrde. Aber den kennt er nicht. Weil er nie nach drau\u00dfen geht und bereits zu oft die Schule geschw\u00e4nzt hat. In den Moment sp\u00fcre ich Raue. Meine Gedanken kreisen und werden erst von Moriton unterbrochen.\u201eSeht mal.\u201c, fl\u00fcstert er voller Ehrfurcht. \u201eWas ist das?\u201c Wir stehen vor einem H\u00fcgel und in mitten diesem kleinen H\u00fcgel ist eine kleine H\u00f6hle. Mein Herz setzt aus. Moment das ist doch-\u201cDie Miene.\u201c, murmele ich.\u201eDas Ding da?\u201c Elliot sieht mich zweifelnd an. \u201eJa...\u201c, fl\u00fcstert Moriton. \u201eIch habe geh\u00f6rt das dort fr\u00fcher Menschen gearbeitet haben. Die Umst\u00e4nde waren wohl sehr sehr schlecht deswegen-.\u201c Er macht eine kurze Pause. \u201eWurde sie wohl geschlossen. Aber-\u201c\u201eJa?\u201c\u201eAngeblich sollen da noch andere krumme Dinge gelaufen sein.\u201c Dabei h\u00e4lt er sich nachdenklich das Kinn.\u201eEin Grund mehr dort nicht rein zu gehen. Wir sind doch nicht verr\u00fcckt?\u201c, brummt \u0001 \u0002 ungel\u00f6stes Geheimnis also. Neugierig sehe ich in die Leere der schmalen \u00d6ffnung. Wir sollten nicht reingehen. Mein Herz schl\u00e4gt schneller.\u201e Wollen wir reingehen?\u201c Ich sehe erschrocken zu Moriton der ruhig zu der Miene sieht. So gelassen wie sonst immer, wenn er nicht mal wieder seiner k\u00fcnstlerischen Ader unterliegt.\u201eIst das denn eine gute Idee?\u201c Was f\u00fcr eine dumme Frage. Nat\u00fcrlich nicht. Mein Herz h\u00e4mmert gegen meine Brust ich schlucke. Ich wei\u00df, dass ich dort rein will.\u201eSeit ihr \u00fcbergeschnappt? Ich habe es so satt das ihr, alles immer hinter meinen R\u00fccken beschlie\u00dft. Das habt ihr auch schon damals gemacht. Es geht immer nur darum was ihr wolltet. Habt ihr jemals daran gedacht dass ich das vielleicht nicht mochte? Oder spielte das einfach keine Rolle?! Vergesst es ich gehe da nicht rein.\u201c Ich sehe ihn mit gro\u00dfen Augen auf. Elliot Blick ist auf den Boden gerichtet. Das wusste ich nicht. Im selben Moment tut es mir leid. Ich wollte ihn nie zu etwas zwingen.\u201eWas soll dabei schon schief gehen? Die Miene ist stillgelegt.\u201c, h\u00f6re ich die Stimme meines Bruders im Hintergrund. Er redet auf Elliot ein. Merkw\u00fcrdig. Es ist fast so, als ob mich etwas magisch anzieht, denn ich kann nichts dagegen machen. Wenn ich so dar\u00fcber nachdenke, dann war diese seltsame Kraft auch schon vorher da. Sie sog mich ins Innere. Wieso wusste ich \u00fcberhaupt, dass ich hierher muss? Hier zu dieser alten Miene. In mir halt eine fremde \u0001 \u0002 mirImmer wieder h\u00f6rte ich die Stimme. Seit drei Wochen. Immer wieder bin ich davor stehen geblieben, habe gewartet und bin wieder gegangen. Weil ich Angst hatte. Die Stimme verfolgte mich bis in meinen Tr\u00e4umen. Deswegen merke ich jetzt nicht einmal, wie meine Br\u00fcder, immer noch diskutierenden Br\u00fcder, langsam zu Silhouetten werden. Denn in diesem Moment habe ich die Miene schon betreten. Mein Herz setzt aus und meine Gedanken sind \u0001 \u0002, so viele Zeitenfehler. \u0001 \u0002 Ich schreibe ja normalerwei\u00dfe in Pr\u00e4teritum und neige immer noch ab und an dazu verben in die Vergangenheit zu setzten. XD Wie dem auch sei. Das wars erst mal von mir. Das n\u00e4chste Update wird warscheinlich in den n\u00e4chsten zwei Wochen kommen.^^",
            "wordcount": "1.833",
            "chapter_release": "26.08.2017",
            "chapter_number": "2"
        },
        "3": {
            "text": "Sag mir wer du bist _ Mysterium IWo bin ich? Es ist dunkel, ich kann kaum etwas erkennen. F\u00fcr einen Moment halte ich die Luft an. Ich kneife die Augen zusammen und warte einen Augenblick, bis sich meine Augen an die Finsternis gew\u00f6hnt haben. Wo ist der Ausgang? In der Dunkelheit kann ich kaum etwas erkennen. Ich muss hier runtergerutscht sein, oder? Wieso ist die \u00d6ffnung an der Decke? Egal, darum kann ich mich sp\u00e4ter k\u00fcmmern. Vielleicht sollte ich ein Zeichen machen, etwas sagt mir das ich mich sonst verirre. Aber ich kann kaum etwas erkennen, das macht schwer. Vorsichtig taste ich mich durch die Dunkelheit. Immer wieder streift der raue Stein meine Haut, bis ich am Ende des Raumes angekommen bin. Oder vielleicht ist es auch kein Raum. Ich wei\u00df es nicht. Dort ist ein glatter gro\u00dfer Stein. Vermutlich. Genau kann ich es nicht sagen. Als ich meine Hand dar\u00fcber fahren lasse sp\u00fcre ich kleine Einkerbungen fast wie... Buchstaben. Jetzt bin ich mir sicher. Hier steht etwas geschrieben. Ein W ein E, R, B, I, S, T, DU. D-Das ist eine Frage? Meine Nackenhaare stellen sich auf. Nein. Schluss jetzt. Angst haben bringt nichts. Das ist nur eine Tafel. Nichts Lebendiges. Was soll schon passieren? Dennoch zittere. Mein Name.\u201eLila.\u201c, fl\u00fcstere ich und erschrecke dar\u00fcber. Schluss jetzt. Das ist nur ein Stein, kein Grund zur \u0001 \u0002 h\u00f6re ich ein Krachen. Mein Herz schl\u00e4gt schneller, ich presse die Z\u00e4hne zusammen. Schnappe nach Luft. Die Wand bewegt sich. Was geschieht hier? Vorsichtig stolpere ich zur\u00fcck. Dort wo vorher noch eine Wand war, ist nun ein schmaler Spalt erschienen. Soll ich gehen? Oder bleiben? Meine Neugierde ist st\u00e4rker. Ich wei\u00df es ist dumm und trotzdem. Fasziniert betrachte ich den Mechanismus der mich tief ins Innere f\u00fchren will. Ich sehe kleine Zahnr\u00e4der an dem Stein, der bei n\u00e4heren betrachten kein Stein ist, sondern eher ein grauer \u0001 \u0002 Augen haben sich mittlerweile an die Dunkelheit gew\u00f6hnt. Vor mir liegt ein alter Minenschacht. Ich kann die Balken \u00fcber mir sehen. Sie sehen nicht morsch aus, nicht kaputt oder angeknackst. Also beschlie\u00dfe ich, dass ich es wagen kann weiter zu gehen. Hier war ich noch nie. Das w\u00e4re bestimmt ein tolles Versteck. Wenn wir noch Kinder gewesen w\u00e4ren, und Verstecken gespielt h\u00e4tten, h\u00e4tte mich dort bestimmt niemand gefunden. Bei diesem Gedanken muss ich kichern und \u00fcberdeckte so zumindest ein wenig das mulmige Gef\u00fchl, das sich in mir breitmacht. Moriton und Elliot w\u00fcrden bestimmt bald kommen. Oder eben nicht. Dann verpassten sie eben etwas. Mutig und zuversichtlich gehe ich weiter. Eine seltsame Kraft f\u00fchrt mich durch die engen G\u00e4nge. Da komme ich an eine Kreuzung. Was nun? Etwas nerv\u00f6s sehe ich mich um. Welcher Weg? Der Rechte sieht etwas schmaler aus als die Anderen. Aber das alleine hilft mir kaum weiter. Mittlerweile ist es so dunkel, dass es mir schwer f\u00e4llt etwas zu erkennen, also packe ich kurzerhand meine Taschenlampe \u0001 \u0002. Dort liegt etwas auf den Boden. Rote Fl\u00fcssigkeit tropft von dem leblosen K\u00f6rper. Hilfe. Was ist das? Mein Atem rast. Ich schlucke und zwinge mich dazu mich zu b\u00fccken. Eine Ratte. Eine tote Ratte. Ich erschaudere und mir wird schlecht. Die hatte wohl kein Gl\u00fcck. Haha. Was rede ich da? Das ist nicht gut. Neben dem frischen Blut entdecke ich eingetrocknete Stellen. Was zum?! Was ist das? Nein das kann nicht sein?! Das Blut ist nicht nur von der Ratte. So ein Unsinn. Aber was, wenn sich doch jemand verletzt hat? Und wenn dieser jemand nicht mehr alleine hier rauskommt? Ich \u2026 Ich kann nicht gehen. Deswegen schlucke ich und sehe in die Richtung des eingetrockneten Blutes. Mein Herz geht zu schnell, ich nehme die Schritte etwas zu hastig. Doch die Spur endet auf einmal. Dort ist kein Blut mehr. Also doch nur eine Ratte? Ich mache mir zu viele Gedanken. Eindeutig. \u00dcberraschenderweise sehe ich ein fahles Licht am Ende des Ganges. Es f\u00e4rbt die Steine in ein mattes Blau. Von dem Blut ist nichts mehr zu sehen. Vorsichtig sehe ich in den Raum und meine Augen weiten sich. Vor mir liegt ein riesiger Hohlraum. Auf den Boden sehe ich viele Apparaturen. Eine Spritze, ein paar B\u00fccher und Tierteile. Bei dem Anblick wird mir ein wenig \u00fcbel. Das ist echt abartig. Auf den Zetteln stehen Zutaten f\u00fcr irgendetwas, aber ich kann sie nicht lesen. Die Schrift ist zu undeutlich. Daneben stehen Reagenzgl\u00e4ser und eine merkw\u00fcrdige wei\u00dfe Creme. Ich rieche kurz daran ziehe meine Nase aber sofort wieder zur\u00fcck. Igitt, das riecht ja nach faulen Eiern! Das Zeug will ich bestimmt nicht auf meiner Haut haben. Nie im Leben! Davor w\u00fcrde ich eher sterben. Das daneben sah aus wie Z\u00e4hne. Da scheint wohl jemand einen Fetisch zu haben nehme ich an? Ich habe ja geh\u00f6rt, dass man aus Tiergiften Medizin machen konnte. Aus Schlangengift zum Beispiel ein Gegenmittel. Und trotzdem. Wo bin ich hier \u00fcberhaupt?! Ist das ein Forschungszimmer? Waren das etwa die illegalen Dinge die hier gemacht wurden? Wenn ja, was hatten sie genau gemacht? Illegale Medikamente hergestellt?Klack. Vor lauter Unachtsamkeit sto\u00dfe ich ein Glas um. Es geht krachen zu Boden. Ich schrecke hoch. Wie albern. Jetzt habe ich sogar schon Angst. Rattenz\u00e4hne, Adlerauge... wer will denn so etwas essen? Wenn ich das richtig verstanden habe dann lebten hier fr\u00fcher Minenarbeiter. Als ich nach oben sehe, erkenne ich einen kleinen L\u00fcftungsschacht. Ob das Ding was wir gesehen haben wohl auch nur ein L\u00fcftungsschacht war? Wahrscheinlich. Aber mit ein bisschen Fingerspitzengef\u00fchl w\u00fcrde ich wohl wieder rauskommen. Ich brauche nur ein Seil. Ansonsten habe ich mein Handy. Das wahrscheinlich keinen Empfang hat... Langsam bekomme ich doch etwas Bange. Hier ist es dunkel und staubig. Unsinn, jetzt war keine Zeit zum Verzagen. Es gab ein Geheimnis zu l\u00f6sen. Und nichts ist sicher vor Lila Milton. Meine Br\u00fcder sind drau\u00dfen, die wissen bestimmt was zu tun ist. Pl\u00f6tzlich h\u00f6re ich ein Tapsen. Blitzschnell ziehe ich mich zur\u00fcck. Gerade so schaffe ich es mich hinter die T\u00fcr zu stellen. Ich halte meine Hand vor den Mund. Halte die Luft an. Die Schritte verschalen. Vorsichtig luge ich hinter der Ecke hervor. Kleine F\u00fc\u00dfe tapsen auf den Boden. Ich kenne die Wesen nicht. Sie sehen interessant aus. Der Kopf ist etwas gr\u00f6\u00dfer als der Rest. Dennoch sind sie eher entstellt, die Gliedma\u00dfe etwas zu gro\u00df, die Beine hingegen so klein und verkr\u00fcppelt, das es ein Wunder ist das die Gestalten gehen k\u00f6nnen. Sie tapsen durch die dunklen G\u00e4nge und sehen gar nicht so aus, als ob sie hierher geh\u00f6ren w\u00fcrden. Ich sehe gerade noch, wie sie hinter einer Wand verschwinden. Diese beginnt pl\u00f6tzlich zu gl\u00fchen, in blauen Farben, wie auch schon der letzte Raum. Irgendetwas sagt mir das sie zusammenh\u00e4ngen. Was passiert hier? Sie gleiten hindurch. Was zum Teufel?! Was war das, oder wer? Ich muss tr\u00e4umen! Z\u00f6gernd sehe ich mich noch einmal um. Hier gibt es nichts Weiteres zu sehen. Trotzdem stecke ich mir das kleine Buch ein, auch wenn ich es nicht lesen kann. Aber vielleicht konnte es ja jemand anderes? Meine Finger streifen \u00fcber die vergilbten Seiten. Erst jetzt sehe ich, dass die ersten Seiten mit Bildern geschm\u00fcckt sind. Immer mal wieder. Ein Junge mit einem Regenschirm ist darauf zu sehen. Es ist nur eines der Bilder, dennoch erschrecke ich. Nein. Konnte das sein? Ich fing an meinen Verstand zu zweifeln. Mein Herz macht einen Satz. Ist der Junge hier gewesen? Luciel Weston. Was wenn er hier vorbeigekommen ist. Oder vielleicht reingefallen? Das kann durchaus sein, immerhin war es dunkel gewesen, zum Zeitpunkt seines Verschwindens. Wenn er gestolpert war... Ich schluckte. Das konnte alles M\u00f6gliche bedeuten. Das konnte auch bedeuten das er... Ich schlucke. Nat\u00fcrlich ist er tot. Darum geht es auch nicht. Aber was sind diese seltsamen Wesen? Vorsichtig taste ich die Wand ab und frage mich, wie sie aufgegangen war. Bestimmt wieder einer dieser Mechanismen. Ich lege meine Hand auf den kalten, rauen Stein und fl\u00fcstere leise.\u201e\u00d6ffne dich.\u201c Nichts geschieht. Wie schade. Dann erinnere ich mich an etwas. Es mag albern klingen, aber ich mache es trotzdem. Vielleicht gerade deswegen. Ich schlie\u00dfe meine Augen und gehe einfach gerade aus. Ich strecke auch nicht die H\u00e4nde aus. Egal was es ist, es l\u00e4sst mich nicht rein, wenn ich nicht daran glaube. Es f\u00e4llt mir \u00fcberraschend schwer, aber ich lasse sie \u0001 \u0002 falle nach vorne. Meine Augen sind zu. Das N\u00e4chste was ich sp\u00fcre ist der harte Untergrund. Ich sp\u00fcre einen stechenden Schmerz in meine linken Knie. Als ich blinzele, sehe ich, dass ich in einen anderen Raum bin. Wieder ein Gang. Langsam habe ich genug davon. Tapfer klopfe ich mir den Staub von der Kleidung. Also wirklich, es gibt wesentlich bessere Wege Geheimwege zu gestalten. Hier sieht es wesentlich weniger freundlich aus, als der letzte Raum. Da ist wieder dieses Gef\u00fchl das mir Magenschmerzen bereitet, deswegen fange ich leise zu Pfeifen an. Hab keine Angst. Denn ich bin immer bei dir, sagte mein Vater immer, als ich noch klein war. Damals waren Mutter und Vater noch zusammen. Wir waren alle so gl\u00fccklich. Unsere kleine Familie. Aber das war eine lange her und eine L\u00fcge, wie das meiste was Erwachsene sagen. Seit der Trennung hatte er sich kein einziges Mal mehr gemeldet. Fast so als ob wir nicht existieren w\u00fcrden. Daf\u00fcr war Mutter da gewesen. Dennoch denke ich gerne an diesen albernen Spruch, wenn es mir schlecht geht. Und \u00fcbert\u00f6ne damit meine Angst. Wieder ein Rascheln.\u201eIst hier jemand?\u201c, br\u00fclle ich. Keine Antwort. Ich begegne auch keinen weiteren dieser Gnome. Nichts. Nicht mal ein Tier kommt mir entgegen. Wenigstens mit Flederm\u00e4usen h\u00e4tte ich gerechnet. Elliot w\u00e4re wahrscheinlich schon l\u00e4ngst schreiend aus der Miene gerannt. Bei den Gedanken muss ich grinsen. Ich schwenke meine Taschenlampe hin und her, im Takt der kleinen Melodie die ich pfeife. Sie wirft flackernde Schatten. Wenn ich hier erst einmal rauskommen w\u00fcrde, w\u00fcrde ich wohl erst mal eine warme Dusche nehmen. Oder am besten ein Bad. Ich war jetzt schon vollkommen mit Schmutz \u0001 \u0002 um. Geh nicht weiterBlitzschnell drehe ich mich um. Mein Herz macht einen Satz und rutscht mir in die Hose. Aber dort ist nichts. Meine Augen weiten sich. Ich halte die Luft an. Ich will schreien. Schaffe es aber nicht. Das kann nicht \u0001 \u0002.Dort ist \u0001 \u0002 Junge___________So das war\u2019s auch wieder von mir. Ich hoffe euch gef\u00e4llt das kleine Kapitel, auch wenn ich es leider nicht ganz p\u00fcnktlich geschafft habe >.< Die Zeit hat mir dieses Mal Probleme bereitet. Pr\u00e4sens ist normalerweise nich so mein Fall. Als n\u00e4chstes kommt aber erst mal SIL, dann setzte ich mich nach meiner Seminararbeit gleich mal an die \u00dcberarbeitung des n\u00e4chsten Kapitels.^^",
            "wordcount": "1.775",
            "chapter_release": "11.09.2017",
            "chapter_number": "3"
        },
        "4": {
            "text": "So und hier ist auch schon das n\u00e4chste Kapitel. Diesmal mit ein bisschen mehr Aktion. :3_______________________________________Niemals und vielleicht_Mysterium II\u201eWo zum Teufel ist Lila?!\u201c Elliot sieht wie wild in alle Richtungen, aber sie steht nicht mehr neben ihm. \u201eKann sie nicht einmal keinen Bl\u00f6dsinn machen?\u201c, brummt er und l\u00e4uft vor lauter Wut rot an. \u201eNie kann sie ruhig sitzen bleiben!\u201c\u201eElliot beruhige dich. Sie ist wohl schon reingegangen. Du kennst sie ja. Sie ist eben eine unverbesserliche Abenteurerin.\u201c\u201eAchja, das juckt mich nicht, wegen ihr verpasse ich mein Spiel. Das macht sie absichtlich.\u201c Er sieht dabei in die Tiefen der \u00d6ffnung. \u201eIch will da nicht rein. Vergiss es.\u201c\u201eDu musst nicht rein. Geh nach Hause. Hast du etwa Angst?\u201c\u201eIch Angst? Du spinnst doch!\u201c Seine Beine schlottern. \u201e Und wenn schon.\u201c, brummt er schlie\u00dflich. \u201eDunkle H\u00f6hlen sind nie ein gutes Zeichen.\u201c\u201eElliot, die Miene ist nicht stillgelegt weil sie einsturzgef\u00e4hrdet ist. Sie ist nicht gef\u00e4hrlich. Sie wurde still gelegt weil die Arbeitsbedingungen schlecht waren f\u00fcr die Mitarbeiter.\u201c\u201eAchja, wer sagt mir das?!\u201c, doch das h\u00f6rt Moriton schon nicht mehr, denn er ist bereits durch den schmalen Schacht gestiegen.\u201eBist du verr\u00fcckt?!\u201c Keine Antwort. \u201eI-Ich will da nicht rein.\u201c, Elliots Stimme bricht ab, als er schluckt. \u201eIch hasse euch!\u201c, sagt er mehr zu sich selbst als zu jemand anderen. Jetzt ist es still. Er steht alleine. Es ist dunkel. Er schluckt. Das ist unheimlich. Elliot will nach Hause, wei\u00df aber das er den Weg nicht kennt. Die kahle Gr\u00fcnfl\u00e4che wird vom Mond beschienen und h\u00fcllt sie in ein wei\u00dfes, mattes Licht. Ich will dort nicht hin, halt es in seinem Inneren. Wieder schluckt Elliot. Er ist der Einzige der von Anfang an nicht hier runter will. Gef\u00e4hrlich hin oder her, die ganze Sache ist ihm nicht ganz geheuer.\u201eSie sind verr\u00fcckt.\u201c, wiederholt er noch einmal. Er will hier nicht alleine stehen. Das macht ihn fast noch mehr Angst, als nach Unten zu gehen, deswegen klammert er sich an den Rand des Schachts. Sein Herz rast. Ich will hier nicht runter. Ich hasse sie. Immer entscheiden sie alles ohne mich. Er spricht diese Gedanken nicht aus. Kaum klammert er sich an den Schachtrand, merkt er wie seine Kraft in Sekunden weicht. Hilfe. Er gibt einen schrillen Schrei von sich und saust in die Tiefe. Dabei rei\u00dft er die Augen weit, fuchtelt wie wild mit den H\u00e4nden. Hilfe. Ich will noch nicht sterben. In diesen fl\u00fcchtigen Moment denkt er an die sch\u00f6nen Dinge in seinen Leben. Die vielen einsamen Stunden vor seinem Computer. Moriton, Lila, ich hasse euch. Aus ganzen Herzen. Dann wird alles schwarz. Er sp\u00fcrt einen unangenehmen Aufprall, st\u00f6hnt auf, und sp\u00fcrt einen stechenden Schmerz, der seine Fu\u00dfsohlen durchzieht. Panisch schnappt er nach Luft.\u201eNa, wenn das nicht Elliot ist.\u201c Elliot sieht das schelmische Gesicht von Moriton, der breit grinst.\u201e Lach nicht!\u201c\u201e Aber, Lachen ist gesund.\u201c Haha, sehr witzig. Daf\u00fcr w\u00fcrde er sich sp\u00e4ter revanchieren. Er mag diesen Ort nicht. Sofort bemerkt er den widerlichen miefenden Geruch und verzieht das Gesicht. Er kann kaum die Silhouette seines Bruders sehen, der direkt neben ihn steht. Seine Nackenhaare stellen sich auf. Es ist dunkel.\u201eSchei\u00dfe.\u201c, brummt er. Hier stimmt doch etwas nicht.\u201eNana, Schimpfw\u00f6rter sagt man doch nicht. Komm schon, so ein Minenschacht ist bestimmt eine wunderbare Inspiration.\u201c Nein. Bestimmt nicht. Dieser Kunstfanatiker. \u201eSie mal.\u201c Moriton zeigt auf seinen Stift. Ein leises Klicken ert\u00f6nt, der Elliot zusammenzucken l\u00e4sst. Dann beginnt der obere Punkt des Kulis zu leuchten. Bei dem Ger\u00e4usch zuckt er erneut zusammen. \u201eIst das nicht genial? Damit schaffe ich es, heimlich in der Nacht zu zeichnen, ohne dass Mum etwas merkt. Das Licht ist klein genug, das es nicht auff\u00e4llt und gro\u00df genug, das man einzelne Dinge erkennen kann, wenn man nah genug ran geht. Hat auch nur zwanzig Euro gekostet und ist perfekt zum zeichnen\u201c, Moriton selbst scheint begeistert.\u201eWie w\u00e4re es mit einer Taschenlampe.\u201c\u201eDas ist doch viel zu einfach!\u201c\u201eAchja?\u201c Was f\u00fcr ein Idiot. Wieso hat er noch mal die schlechtesten Noten? Wahrscheinlich ist er mal wieder auf irgendeinen Betr\u00fcger reingefallen. F\u00fcr einen Moment \u00fcberlegt Elliot, ob er wohl bessere Noten haben w\u00fcrde, wenn er zur Schule gehen w\u00fcrde. Nein. Er kann nichts. Und selbst wenn er sich bem\u00fcht...Egal. Er sollte beim Zocken bleiben. Es spielte keine Rolle wie sehr er sich bem\u00fchte es endete immer damit-\u201eSchau mal. Dort ist eine Steintafel. WER BIST DU? Die fr\u00e4gt wie wir hei\u00dfen.\u201c\u201eWas?\u201c Elliot sieht irritiert zu Moriton. Ist er jetzt v\u00f6llig verr\u00fcckt geworden? Aber tats\u00e4chlich. Wenn er genauer hinsieht kann auch er es lesen. Seine Augen sind schlecht, deswegen muss er n\u00e4her ran gehen. Wahrscheinlich br\u00e4uchte er bald eine st\u00e4rkere Brille. Das hat man davon wenn man Tag ein Tag aus vor den Monitor sitzt, hatte Mutter immer gesagt, aber das interessierte ihn nicht. Weil-\u201eDas sieht aus als ob dort ein Eingang w\u00e4re. An der Wand sind schmale Rillen die aussehen wie eine Art T\u00fcr. Ich frage mich wie sie ge\u00f6ffnet werden kann.\u201c Fasziniert sieht Moriton die Wand an. Er ber\u00fchrt sie achtsam. \u201eSesam \u00f6ffne dich.\u201c Nichts. \u201e\u00d6ffne dich.\u201c Nichts \u201eBitte\u201c Wieder Nichts. Langsam verliert Elliot die Geduld, w\u00e4hrend Moriton immer noch Formeln aufsagt, die immer kryptischer werden. Es vergeht eine halbe Stunde. Er f\u00e4ngt an nerv\u00f6s mit seinen Fingern auf die Handfl\u00e4che zu tippen. Dann rei\u00dft sein Geduldsfaden. Schluss jetzt mit dem schei\u00df. Moriton sieht ihn entgeistert an.\u201eVick dich schei\u00df Mechanismus!\u201c, br\u00fcllt er und tritt mit aller Kraft gegen den Metallblock. Sofort merkt er ein unangenehmes Ziehen in seinem Bein und verzieht das Gesicht. \u201eAutsch.\u201c, brummt er und scheint dar\u00fcber nur noch w\u00fctender zu sein. Dann ert\u00f6nt pl\u00f6tzlich ein ungesundes Rattern. Als ob gerade etwas kaputt gegangen w\u00e4re. Schei\u00dfe. Mit einem Krachen geht die T\u00fcr langsam auf. Seine Augen werden gro\u00df.\u201eIch\u201c, beginnt Moriton, doch Elliot unterbricht ihn.\u201eHa, das hast du davon sich mit mir anzulegen, schei\u00df R\u00e4tsel. Man legt sich nicht mit einen Progamer an.\u201c, er will seine Rede fortsetzen, da sp\u00fcrt er wieder den pochenden Schmerz in seinen rechten Fu\u00df und verzieht erneut das Gesicht. Trotzdem kann er nicht verhindern das er ein klein wenig stolz auf sich ist.\u201eIch glaube nicht,-\u201c, f\u00e4ngt Moriton erneut an.\u201eHa, kein R\u00e4tselt ist vor mir sicher!\u201c, imitiert er Lila. Sie sagte so etwas oft. Er hingegen, hatte R\u00e4tsel noch nie gemocht. Jetzt wo er merkt, dass er ausgerechnet sie zitierte, \u00e4rgerte er sich fast und l\u00e4uft dabei etwas Rot an. So ein Bl\u00f6dsinn. Er will hier nicht sein. Das ist alles die Schuld von Lila. Er hasst seine dummen Geschwister. Sie brachten sich immer nur in Schwierigkeiten. Und wenn sie in Schwierigkeiten waren, dann war er es auch. Elliot schreckt hoch, als er die Stimme seines Bruders h\u00f6rt und schnappte nach Luft.\u201eSchau mal, dieses merkw\u00fcrdige blaue Licht. Ist das nicht faszinierend? So etwas habe ich noch nie gesehen. Ich glaube es kommt vom Gestein, genau kann ich es nicht sagen. Aber es w\u00e4re ein wunderbares Motiv. Nicht wahr? Ich k\u00f6nnte die Outlines blau zeichnen.\u201c\u201eEh...\u201c, darauf muss er nicht zu antworten, denkt er sich. Kunst interessierte ihn noch nicht. Au\u00dferdem versteht er es nicht einmal. F\u00fcr ein paar Sekunden herrscht eine merkw\u00fcrdige Stille. Was wohl die anderen in seiner Gilde machen w\u00fcrde? Bestimmt waren sie schon im n\u00e4chsten Dungeon und er w\u00e4re nicht dort. Er hatte vorgehabt die Nacht durchzumachen. Standessen sitzt er jetzt in dieser ollen Miene fest und muss einen auf Familie machen. Wie idiotisch. Dumme Lila. Wann waren die beiden je f\u00fcr ihn da gewesen. Nicht als es ihn schlecht ging. In der Schule war er fast immer allein gewesen. Er war nie beliebt gewesen. Wo waren sie da? Wo sind sie gewesen, als er alleine in einer Ecke gesessen hatte? Und alle ihn mit diesen niederen Blick angesehen hatten? Sie hatten ihre Gedanken nie ausgesprochen aber er sp\u00fcrte die Abneigung der anderen. Was ist daran so schlimm aufzugeben? Er ist eben besser in zocken, als in anderen Dingen. Es geht mir gut. Ich bin ein Progamer und ein Genie. Wiederholt er in Gedanken.\u201eSchau mal, da ist eine Kreuzung.\u201c Diese Worte holten ihn wieder zur\u00fcck in die Realit\u00e4t. Seine H\u00e4nde zittern und er sehnt sich nach seinen Computer, nicht nach einer flachen unwichtigen Unterhaltung. Tats\u00e4chlich. Dort war- M-Moment d-das war doch. D-Das Rote.\u201eRote Farbe. Wie interessant. Da scheint wohl jemand gerne zu malen. Ich frage mich ob wir mit dem K\u00fcnstler ein paar Worte wechseln k\u00f6nnen. Muss wohl die gleiche Idee gehabt haben wie ich.\u201cMoriton du Idiot. Elliots Augen weiten sich. Er h\u00e4lt sich die Hand vor den Mund und bemerkt wie ihm \u00fcbel wird. Dabei kr\u00fcmmt er sich ungesund und w\u00fcrgt. Immer wieder. Sein Gesicht ist gequ\u00e4lt. Hilfe. Er will schreien, macht es aber nicht. Sonst m\u00fcsste er sich noch \u00fcbergeben. Das ist Blut. Sein Herz rutscht in seine Hose und er schnappt nach Luft. Er will rennen, blo\u00df weg von hier. Sein Gesicht ist bleich. Das ist es immer, aber jetzt wirkt es fast noch etwas blasser als sonst.\u201eB-Bist du in Ordnung Br\u00fcderchen?\u201c\u201eNein. Mir geht es schei\u00dfe. Und das ist eure Schuld. Aber wieso sage ich das \u00fcberhaupt noch. Euch interessiert es doch eh nicht.\u201c, mehr kann er nicht sagen, denn er muss wieder w\u00fcrgen. Blut. Schei\u00dfe. Was wenn Lila doch etwas passiert ist? \u201eLass uns umkehren.\u201c, fl\u00fcstert er, meint es aber nur halb ernst. Er wei\u00df dass es keinen Sinn hat. Wenn sich Moriton oder Lila etwas vorgenommen haben, dann lassen sie sich auch nicht so leicht davon abbringen.\u201eDas geht nicht.\u201c Weil Lila noch Drinnen ist, nicht wahr? Langsam geht er ein paar gequ\u00e4lte Schritte nach vorne. Seine Hand ist verschmiert und ein widerlicher, bei\u00dfender Geruch steigt ihm in die Nase. Und in diesen Moment sch\u00e4mt er sich. Er kann einfach kein Blut sehen. Das war schon so gewesen als sie noch klein gewesen waren. Wenn Moriton oder Lila hingefallen waren musste er immer gleich-\u201eBrauchst du Hilfe? Ich kann dich st\u00fctzen.\u201c\u201eNat\u00fcrlich musst du das, schlie\u00dflich ist das deine Schuld. Meine F\u00fc\u00dfe sind tot. Ich will nach Hause. Ich wei\u00df dass wir Lila finden m\u00fcssen. Du hast ja Recht. Aber ich wei\u00df nicht ob-\u201c\u201eDas wird schon. Ich habe auch viele Sachen vor denen ich mich f\u00fcrchte. Manchmal muss man sich \u00fcberwinden.\u201c\u201eIch w\u00fcnschte -\u201c es w\u00e4re so einfach wie er es sagt. Aber das ist es nicht. Elliot zieht sich schleppend voran. \u201eLass uns einfach weiter gehen. Keine Lust dar\u00fcber weiter zu diskutieren. Ich will das nur so schnell wie m\u00f6glich hinter mich bringen.\u201c\u201eElliot... ich habe dich noch nie so motiviert gesehen?\u201c Wovon redet der Schwachkopf. Er will hier nicht sein. \u201eWenn du meinst.\u201c Hier gibt es drei G\u00e4nge. Der eine wird von einer Blutspur verschmiert. Ihm wird wieder schlecht. Lila ist bestimmt dumm genug diesen Weg nehmen. Bei dem Gedanken wird ihm nur noch \u00fcbler. Mit wackligen Beinen schl\u00e4gt er diese Richtung ein. Na warte, wenn er sie in die Finger bekommen w\u00fcrde. Daf\u00fcr w\u00fcrde er ihren PC auf Lebenszeit bekommen. Ich hasse dich Lila. Der gleiche Gedanke wie vorher. Das ist deine Schuld. Er zittert und ihm wird kalt. Sie m\u00fcssen Lila finden.\u201eBist du sicher dass du diesen Weg nehmen willst?\u201c fragt Moriton und zieht verwundert eine Augenbraue nach oben. \u201eDas sieht dir gar nicht \u00e4hnlich. Sag blo\u00df du wirst-\u201c\u201eNichts werde ich. Halt einfach die Fresse. Wir m\u00fcssen Lila finden. Und du kennst doch Lila. Sie w\u00fcrde den Weg bestimmt als erstes gehen.\u201c Ob es besser w\u00e4re die Polizei zu rufen? Vielleicht. Aber wer sollte ihn schon glauben? Wom\u00f6glich ist das Blut nur von einem Tier. Elliot schluckt.\u201eWird da etwa jemand mutig, sag blo\u00df.\u201c\u201eFresse\u201c, knurrt er. Er wirkt fahl und ihm ist immer noch schlecht. Sie kommen an einer Wand. Dort geht es nicht weiter. Hat er sich etwa geirrt? Hier ist nichts. Moriton legt seine gro\u00dfe Hand an den kalten Stein. Mit gro\u00dfen Augen sieht Elliot ihn dabei zu. Fast erwartet er irgendetwas. Doch Moriton sch\u00fcttelt nur den Kopf.\u201eKeine Rillen. Nichts. Hier geht es nicht mehr weiter. Scheint wohl eine Sackgasse zu sein.\u201cErst jetzt wo Moriton den Kopf etwas dreht sieht er eine T\u00fcr und zeigt darauf. \u201eSieh mal, an der anderen Wand.\u201c Elliot erschaudert. Tats\u00e4chlich. Die T\u00fcr sieht alt aus, hat eine br\u00e4unliche Farbe, die sich erstaunlich gut zu dem Felsen erg\u00e4nzt. Achtsam begutachtet Moriton die T\u00fcr und klopft einmal.\u201eWas... soll das werden? Erwartest du etwa allen Ernstes dass dir jemand aufmacht? Im Untergrund?\u201c\u201eWieso nicht?\u201cElliot kann es nicht lassen und zieht eine Augenbraue nach oben.\u201eLass uns reingehen\u201c\u201eBist du verr\u00fcckt?\u201c\u201eVielleicht finden wir Geheimnisse heraus. Ungel\u00f6ste R\u00e4tsel.\u201c\u201eIch hasse R\u00e4tsel.\u201c Und Geheimnisse. Es gibt Dinge die besser unentdeckt bleiben sollten. Was ist daran \u00fcberhaupt so toll? Sein Herz rast immer noch. \u201eAu\u00dferdem \u2026\u201c, ihm f\u00e4llt keine Ausrede mehr ein. \u201eGeh du zuerst rein. Wenn du stirbst ist es wenigstens nicht so ein gro\u00dfer Verlust.\u201c\u201eAber ich bin ein Meisterk\u00fcnstler. Die ganze Welt w\u00fcrde mich betrauern, sie wei\u00df es nur noch nicht.\u201c\u201eUnd ich bin Progamer. Also, mach jetzt!\u201c\u201eJaja, hetz mich nicht.\u201cElliot zieht scharf die Luft ein, stellt sich blitzschnell hinter die T\u00fcr, als sein Bruder die T\u00fcrklinke hinunterdr\u00fcckt. Er denkt nicht daran dass das eines der wohl schlechtesten Verstecke sein k\u00f6nnte. Daf\u00fcr rast sein Herz zu schnell. F\u00fcr einen Moment h\u00e4lt er die Luft ab.\u201eInteressant.\u201c, murmelt sein Bruder und Elliot beginnt langsam hinter der T\u00fcr hervorzulugen, immer bedacht seinen Standort nicht sofort preiszugeben. Nichts. Der Raum ist leer. Oder zumindest war dort keine weitere Person. Ihm f\u00e4llt ein Stein vom Herzen. Vorsichtig tastet er sich voran. Doch die Erleichterung weilt nicht lange. In dem seltsameren Zimmer sind lauter Apparaturen. Ampullen auf den Tisch, seltsame B\u00fccher mit seltsamen Zeichen in den Regalen. Merkw\u00fcrdige Steine die aussehen wie- Gott, das sind Z\u00e4hne, aber sicherlich keine menschlichen. Was zum Teufel passiert hier?! Oder besser, geschah hier? Er schluckt, bem\u00fcht sich allerdings ruhig zu bleiben. Er will drau\u00dfen warten, allerdings w\u00e4re alleine irgendwo zu verweilen, wohl noch eine schlechtere Idee. Jedes Ger\u00e4usch l\u00e4sst ihn hochschrecken. Knirsch. Er erschaudert. Seine Nackenhaare stellen sich auf. Er wagt es nicht zu atmen, musste allerdings nach Luft schnappen und gibt einen schrillen Schrei von sich. Dann sieht er zu seinen F\u00fc\u00dfen. Glasscheiben.\u201eBeruhige dich. Alles ist gut.\u201c, beschwichtigt Moriton.\u201eWir m\u00fcssen Lila finden.\u201c Der Boden ist dreckig, wahrscheinlich ist hier schon ewig niemand gewesen.\u201eAber interessant ist es trotzdem.\u201c Wie kann man so etwas bittesch\u00f6n interessant finden?\u201eIch habe dir doch gesagt das hier krumme Sachen gedreht wurden. Wie es aussieht haben wir hier ein Art Labor an dem wohl Tests durchgef\u00fchrt wurden. Das ist auch heute gar nicht so un\u00fcblich. Man testet Medikamente aus um die Wirkung zu erfahren. Doch k\u00f6nnte es sein- \u201eVielleicht waren damals auch Menschen betroffen.\u201c Sofort kehrt die \u00dcbelkeit wieder zur\u00fcck.\u201eRed keinen Bl\u00f6dsinn. Wie kommt du darauf?\u201c, sagt er schnell und schnappt nach Luft.\u201eIch wei\u00df nicht.\u201c und macht eine dramatische Pause. Elliot schluckt, er merkt, wie er zu schwitzen beginnt. Sein Herz pocht unregelm\u00e4\u00dfig und gef\u00fchrt viel zu schnell. \u201eDas macht das Ganze noch viel dramatischer.\u201c\u201eWie bitte?!\u201c, faucht Elliot, holt Luft und will Moriton einen Sto\u00df in die Seite geben. Aber der grinst nur. Das macht er absichtlich. Nur weil er leicht zu erschrecken ist. Und jetzt lacht dieser Idiot auch noch. Dar\u00fcber \u00e4rgerte er sich fast am meisten. Ich hasse dich, schalt es in seinem Inneren. W\u00fctend stapft er aus dem Raum. Wo Lila wohl lang gegangen ist? Er sieht sich, die bl\u00e4ulich leuchtende Wand noch einmal an. Das Ganze ist mehr als unheimlich. Wo bin ich hier nur rein geraten, fragt er sich. Er sieht sich um, kann aber nichts erkennen. Hier geht es nicht weiter.\u201eKomm jetzt.\u201c Er sieht Moriton fl\u00fcchtig an, der immer noch fasziniert zu sein scheint. Er hat ihn noch nie verstanden. Ist es das was man k\u00fcnstlerische Ader nennt? Denn er findet hier rein gar nichts faszinierend, geschweige denn toll oder interessant. Aber was versteht er schon gro\u00df davon. Moriton folgt ihm. Er h\u00f6rt seine Schritte auf den Boden hallen. Sie stehen wieder vor der Kreuzung. Was nun?\u201eLass uns gerade ausgehen?\u201c\u201eIch will nicht.\u201c\u201eDas kann ich mir denken.\u201c Aber er hat Recht. Irgendwohin m\u00fcssen sie gehen. Der Braunhaarige seufzt und l\u00e4sst seine H\u00e4nde in den Taschen seines Hoddis verschwinden. Er will hier nicht sein. Hier ist es schmutzig, die Luft viel zu stickig, ganz anders als in seinem sicheren Zimmer. Dort kann ihm nichts passieren. Anders als hier. Immer wieder droht er zu stolpern. Zweimal f\u00e4llt er tats\u00e4chlich hin, weil ein verdammter Stein sich denkt sich ihm in den Weg zu stellen. Er st\u00f6hnt auf, steht aber wieder auf. Er war noch nie f\u00fcr Natur zu haben. Nein. Eigentlich ist Elliot f\u00fcr nichts geeignet was au\u00dferhalb seines Zimmers geschah. Und das war auch gut so. Seine kleine Welt reichte ihm, denn in dieser Welt war er toll und stark. Ha, das sind doch alles Idioten, die nicht verstehen um was es wirklich ging im Leben. Aber was ist das eigentlich genau? Krach. Er stolpert wieder. Sein Herz rast, er taumelte. F\u00e4llt. Autsch.\u201eDas ist schei\u00dfe\u201c, brummt er. Wer hatte sich so etwas \u00fcberhaupt ausgedacht? Natur? Mienen? Was f\u00fcr eine d\u00e4mliche Erfindung.\u201eIch helfe dir.\u201c\u201eNein.\u201c, erwidert Elliot schnell, der sich an seine Hand erinnert. \u201eVon dir lass ich mir nicht helfen. Ich kann aufstehen.\u201c Seine Hand ist immer noch verschmiert und er sch\u00e4mt sich ein wenig daf\u00fcr. Wie schaffen die anderen es blo\u00df immer wieder? Wie k\u00f6nnen sie so ruhig bleiben? Der Gang wir immer schm\u00e4ler und er hat das Gef\u00fchl das die Decke immer weiter zu ihm r\u00fccken w\u00fcrde. Wahrscheinlich bildete er sich das nur ein, aber allein das Gef\u00fchl, beunruhigte ihn. Es ist so still das er seinen eigenen Herzschlag h\u00f6ren kann. Immer wieder sieht er in alle Richtungen. Bildet sich ein irgendetwas zu h\u00f6ren. Aber dort ist nichts. Seine Augen sind weit ge\u00f6ffnet. Sie stolpert weiter durch die Dunkelheit. Wo ist nur Lila, zum Teufel?! Sie ist doch sonst immer so neugierig, betrachtet immer alles tausendmal, bevor sie weitergeht. Einmal waren sie zusammen in einem Museum und sie sa\u00df allein vor einen Bild. Es war nur ein verdammtes Bild. \u201eDort vorne.\u201c, fl\u00fcstert Moriton. Sein kleiner alberner Kuli zeigt auf eine alte Metallt\u00fcr. Dort sind Kratzspuren, auch wenn man sie kaum erkennen kann. Er atmet scharf ein. Das ist nicht gut. Er will umdrehen, doch Milton h\u00e4lt ihn fest. Nur mit M\u00fch und Not schafft er es sich wieder zu beruhigen.\u201eAlles ist gut.\u201c Er legt seine Hand auf die Klinke. Geschlossen.\u201eHmm...\u201c, brummt, er und scheint zu \u00fcberlegen. Aber die Zeit hat Elliot nicht. Er wirft sich gegen die T\u00fcr. Ein stechender Schmerz macht sich an seinem Schulterblatt breit. \u201eDas wird nicht funktionieren. Die T\u00fcr klemmt wohl.\u201c Doch das interessiert Elliot gar nicht. Er wirft sich erneut dagegen und st\u00f6hnt auf. \u201eDas hat keinen Sinn.\u201c Aber das ist Elliot egal. Nun stemmt sich auch Moriton dagegen. Ein Knacksen ist zu h\u00f6ren, doch sie lassen nicht nach. Noch einmal ein Knacks. Pl\u00f6tzlich springt die T\u00fcr auf und sie landen im Dreck. Elliot zuerst, dann Milton, der sich allerdings noch gerade so mit seinen H\u00e4nden auffangen kann.\u201eIch kann nicht mehr\u201c, keucht Elliot. Versucht aufzustehen, h\u00e4lt dann aber doch inne. Seine H\u00e4nde sind jetzt zu allen \u00fcbel auch noch vollkommen dreckig und er verzieht das Gesicht. Er k\u00f6nnte zu Hause sitzen und zocken. Stadtessen sitzt er hier im Dreck. Sie h\u00e4tten ja auf Abenteuer T\u00fcr gehen k\u00f6nnen, aber wieso musste er unbedingt mit? Wieso kann er nach all den Jahren nicht mal den Weg zur\u00fcck nach Hause? Wieso verl\u00e4uft er sich immer? Egal. Er ist gl\u00fccklich. Schlie\u00dflich h\u00e4tte er bald einen neuen Computer. Haha, Lila w\u00fcrde sch\u00f6n bl\u00f6d schauen. Die dachte bestimmt, dass er sofort schreiend rau gerannt w\u00e4re. Das w\u00e4re er tats\u00e4chlich, aber den Gedanken schiebt er in sein Unterbewusstsein. Er schluckt. Ich will nach Hause, schallt es wieder in seinem Inneren.\u201eGeht es dir gut?\u201c, fragt Moriton wieder. Elliot sch\u00fcttelt den Kopf, steht aber auf. Seine Beine sind immer noch etwas wackelig.\u201eIch will hier schnell raus.\u201c, f\u00e4ngt er an, beendet den Satz allerdings nicht. Sie sind in einen gro\u00dfen Raum an den Decken h\u00e4ngen Lampen. Keine sonderlich guten. Die Gl\u00fchbirnen sind kaputt, der Boden ist schmutzig. Zumindest sehen sie so aus. Dieser Teil der Miene wirkt wesentlich weniger lebendig. Fast wie eine H\u00f6hle. In der Ecke erkennt Elliot eine Luke, will es aber nicht ansprechen. Er will dort nicht runter, weshalb er schnell wo anders hinsieht. Aber hier gibt es keinen anderen Weg. Immer wieder hofft er, dass sein Bruder sie \u00fcbersieht. Immer wieder. Aber das tut er nicht.\u201eSchau mal.\u201c\u201eNein.\u201c Er will es nicht aussprechen, aber jetzt wo es gesagt ist muss er sich erkl\u00e4ren. \u201eIch will nicht noch weiter gehen. Hier ist es schon dreckig. Und es stinkt. Und au\u00dferdem ist der Gang bestimmt glitschig. Mit lauter eckigen Krabbeltieren. O-Oder vielleicht-\u201c\u201eSchlangen?\u201c Elliots Augen weiten sich. Er will widersprechen. Aber er kann nicht. Er hat es schon so oft gemacht. Es hat nie etwas gebracht. \u201eIhr seid echt so bl\u00f6d. Ich hasse euch. Wegen euch bin ich dreckig geworden.\u201c\u201eJa das sagtest du schon dreimal.\u201c\u201eDiesmal bleibe ich hier!\u201c\u201eSicher, du verpasst etwas? Wer nicht wagt wird, gewinnt auch nicht.\u201c\u201eJa.\u201c\u201eSo wie die ganzen letzten Jahre.\u201cDas tat weh. \u201eVon wegen. Ich hasse diesen Ort.\u201c, murrt er missmutig.\u201eDann bleib eben.\u201c\u201eMach ich auch.\u201c Sein Gesicht ist rot, seine Stimme laut. Die k\u00f6nnen ihm doch gestohlen bleiben! Er sieht Moriton, der langsam durch die Luke verschwindet. Er wirft ihm einen langen Blick zu. Ha, dieses Mal nicht. Dieses eine Mal w\u00fcrde er standhaft bleiben. In der n\u00e4chsten Sekunde ist er auch schon verschwunden. Pl\u00f6tzlich fing sein Herz an zu rasen. Seine H\u00e4nde schwitzen. Was macht er hier?! Jetzt ist er allein. Ist er denn v\u00f6llig bescheuert. Wie von Tarantel gestochen, rennt er aus dem Raum. Sein Puls rast. Er wei\u00df nicht was er tut. Nur ein Weg. Zum Eingang. Aber dort ist Nichts. Nur ein Schacht. Mehrere Male schreit er. Nichts. Gehetzt sieht er in alle Richtungen? Was soll er jetzt machen? Wieso haben sie ihn allein gelassen? Wieso? Wieso m\u00fcssen sie immer Dummheiten machen? Wieso muss er es immer ausbaden.\u201eIch hasse euch!\u201c, br\u00fcllt er, doch der verzweifelte Schrei bleibt unbeantwortet.\u201eIhr lasst mich immer allein. Es ist doch in wirklich egal was ich denke oder f\u00fchle. Ihr... Ihr haltet mich nur f\u00fcr ein Freak! Ich hasse euch. Aus ganzen Herzen. Ihr seid so bl\u00f6d. Verreckt doch!\u201c Wieder keine Antwort und er f\u00e4ngt an zu leise zu wimmern. F\u00fcr einen Moment, sitzt er sich hin, die Arme fest um seinen K\u00f6rper geschlungen. Die Einsamkeit macht ihn taub. Seine F\u00fc\u00dfe schmerzen, seine Knie sind aufgekratzt, seine H\u00e4nde verschmiert. Er will nach Hause. Dann steht er wieder auf. Was jetzt? Er nimmt sich einen Stein, einen zerknitterten Zettel auf den der in gro\u00dfen Lettern ein Wort schreibt. Hilfe. Er wickelt ihn um den Stein und warf ihn durch die \u00d6ffnung. Pl\u00f6tzlich packt ihn die Angst. Vielleicht kommt Moriton zum Schacht hoch, aber bestimmt nicht er. Elliot ist allein. Seine Lunge brennt und das obwohl er nicht schnell gerannt ist. Ihm wird schwindlig. Und dennoch geht er weiter. Das Blut ist verschwunden. Wieder erreicht er den Gang. Noch einmal sieht er sich um und bem\u00fcht sich ruhig zu bleiben. Mal sehen. Ganz ruhig. Stell dir vor das das nur ein Dungeon ist. Und du musst den Weg zum Boss finden. Genau. Super. So ein Unsinn. Er bei\u00dft die Z\u00e4hne zusammen. Es brachte nichts. Gehetzt sieht er sich um. Dort stand eine Lampe am Rand. Er fasst sie. Sie war Alt, etwas verstaubt, aber sie sollte es tun. Er fasste in seine Hosentasche und zog ein Streichholz heraus. Es ert\u00f6nt ein Zischen. Die W\u00e4nde flackern, als das Licht beginnt zu leuchten. Der Schein der Flamme beruhigte ihn etwas. Nicht viel. Erst jetzt bemerkt er den seltsamen Gegenstand an der T\u00fcrklinke. Es sieht fast so aus als ob...etwas sie blockiert hatte?! Und dieses etwas sah fast aus wie ein... Zweig? Das machte keinen Sinn. Vor was sollte man sich denn-\u201eSchei\u00dfe!\u201c Er rennt zur Luke sieht die ewige Finsternis die nur von seiner kleinen Flamme erleuchtet wird. Er schluckt. Ich kann das nicht, denkt er und schluckt. Dennoch steigt er hinab. Die Stufen sind Glatt. Jedes Mal hat er Angst abzurutschen. Endlich kommt er an und findet sich wieder in einen unterirdischen Gang. Er ist nass und feucht und er muss das Gesicht verziehen. Gehetzt sieht er sich um. Es geht hier in zwei Richtungen. Hier ist es gespenstisch still. Er h\u00e4lt fast den Atem an. Als er durch den feuchten Gang geht, der fast wie ein unterirdischer Kanal aussieht. Moriton, wo bist du nur? Er will nach Hause. Hier ist es nass und dreckig.\u201eMoriton!\u201c, schreit er. Dort seht jemand, auch wenn er noch klein wirkt. Das kann doch nur- Nein. Er h\u00e4lt den Atem an. Das kann nicht sein. Seine H\u00e4nde zittern. Tr\u00e4nen mischen sich in das verschwitzte Gesicht. Es ist kein Mensch. Und es ist auch nicht weit weg. Es ist klein, sieht fast etwas verkr\u00fcppelt aus. Er kann sich nicht bewegen. Steht wie angewurzelt da. Sein Mund steht offen. Und das Wesen dreht sich um. Er \u0001 \u0002 Augenl\u00f6cher. Kein Gesicht, nur ein Loch mit tausend spitzen Z\u00e4hnen. Er stolpert zur\u00fcck. Seine Augen weit ge\u00f6ffnet. Etwas f\u00e4llt auf den Boden und wirft flackerndes Licht auf die W\u00e4nde. Hilfe. Seine Nackenhaare stellen auf. Dann schnell es hervor, Elliot, will rennen, verf\u00e4ngt sich aber an seiner Hose an \u0001 \u0002 Schrei ert\u00f6nt.",
            "wordcount": "4.271",
            "chapter_release": "07.10.2017",
            "chapter_number": "4"
        }
    },
    "title": "\u25cf Der rote Regenschirm \u25cf",
    "topic": "unspecified",
    "release": "\n26.08.2017\n\t\t\t\t\t\t",
    "author": "Sinya-chan"
}