{
    "tags": [],
    "chapcount": "10",
    "wordcount": "11.316",
    "chapters": {
        "1": {
            "text": "Liebe Leserinnen, liebe \u0001 \u0002 ist ein Gemeinschaftsprojekt von mir und Sheela \u0001 \u0002 heute bis einschlie\u00dflich kommenden Dienstag werden wir jeweils t\u00e4glich eine Episode \u00fcber unsere jeweiligen Accounts hier \u0001 \u0002 Sammlungen tragen denselben Titel und erscheinen in derselben Rubrik. Die zugrundeliegende Legende von Jack O\u00b4Lantern, auf der unsere Geschichten basieren, ist in den hier folgenden beiden einleitenden Kapiteln ausf\u00fchrlich \u0001 \u0002 wird die Sammlung dann am kommenden Mittwoch wiederum hier mit dem finalen \u0001 \u0002 Montag \u2013 Stichtag: Halloween \u2013 gibt es zudem noch an dieser Stelle einen Gastbeitrag unserer wunderbaren Autorenkollegin Kate Kafkaesk. Viel Spa\u00df bei der Lekt\u00fcreund ein wohlig gruseliges Halloween-Fest uns allenw\u00fcnschtRobert Martschinke",
            "wordcount": "110",
            "chapter_release": "28.10.2022",
            "chapter_number": "1"
        },
        "10": {
            "text": "IIIAls Jack wieder zu sich kam, d\u00e4mmerte bereits die Nacht. Zumindest deutete er das ihn umgebende Zwielicht dahingehend. Aber was trieben dann all die Leute hier, die gesch\u00e4ftig an ihm vorbei durch die Stra\u00dfen eilten, offene L\u00e4den betraten, die um diese Zeit l\u00e4ngst geschlossen sein sollten, und wieder herauskamen, einem Bettler im Vorbeigehen eine M\u00fcnze zuwarfen, eine Kutsche bestiegen und die Pferde antrieben, M\u00e4nner, Frauen, die hier und da in ein Gespr\u00e4ch oder einen Disput verwickelt zusammenstanden, Schaufensterauslagen begutachteten, Kinder, die zwischen den Beinen der Erwachsenen umherliefen und Verstecken und Fangen spielten, kurzum \u2013 ein allt\u00e4gliches Stra\u00dfenbild. Allt\u00e4glich wohlgemerkt, aber kaum allabendlich \u2013 und schon mal gar nicht \u0001 \u0002 bemerkte beil\u00e4ufig, dass er genau in der Mitte der Stra\u00dfe stand. Hinter ihm erklang pl\u00f6tzlich Gepolter, das Wiehern eines Gauls \u2013 Jack wandte sich um und sah voller Entsetzen eine zweisp\u00e4nnige Droschke direkt auf sich zu rasen. Bevor er noch einen klaren Gedanken fassen konnte, war das Gef\u00e4hrt so dicht heran, dass ein Ausweichen unm\u00f6glich schien. Selbst wenn Jack es versucht h\u00e4tte \u2026Stattdessen behalf er sich ersatzweise mit der einfachsten Methode, einer Bedrohung \u2013 zumindest vermeintlich \u2013 sich zu entziehen. Er dr\u00fcckte ganz fest die Augen \u0001 \u0002 Erwartung des Zusammensto\u00dfes, der ihn zweifelsohne das Leben kosten w\u00fcrde, blieb Jack wie angewurzelt stehen. Zwar versp\u00fcrte er kurz ein seltsames Gef\u00fchl, das er nicht recht zu deuten wusste, doch die erwartete Kollision fand kurioserweise nicht statt. Stattdessen h\u00f6rte Jack das Traben der beschlagenen Hufe und das Rattern der R\u00e4der pl\u00f6tzlich nicht mehr vor sich, sondern in seinem R\u00fccken, wo es langsam abschwoll. Jack blinzelte, \u00f6ffnete dann vollends die Augen, wandte sich um \u2013 und sah das Fuhrwerk mit unvermindertem Tempo die Stra\u00dfe hinunter jagen. Halb benommen sch\u00fcttelte er den Kopf. Was war geschehen? Hatte der Kutscher auf dem Bock Jack im letzten Moment gesehen und war es ihm gelungen, sein Fuhrwerk um den Mann auf der Stra\u00dfe herum zu lenken? Jack schien es unvorstellbar. Doch welche andere M\u00f6glichkeit kam in Betracht?Tief in Gedanken trat Jack aufs Trottoir. Was war das blo\u00df f\u00fcr ein diesiges Zwielicht, in das alles getaucht war? Ein roter Ball rollte auf ihn zu, dem ein kleines M\u00e4dchen nachlief. Jack holte mit dem Fu\u00df aus, um ihr das Spielger\u00e4t entgegen zu kicken. Er h\u00e4tte schw\u00f6ren k\u00f6nnen, dass er den Ball mittig getroffen hatte \u2013 aber dem war offenbar nicht so, denn als er sich abermals umwandte, sah er die rote Kugel hinter sich weiterrollen. Das M\u00e4dchen indes lief ihm unverwandt entgegen, und Jack streckte schon die Arme aus, um einen weiteren potenziellen Zusammensto\u00df zu verh\u00fcten. Da sah er mit so viel Erstaunen wie Grauen, dass seine H\u00e4nde ins Leere griffen, dass das Kind unmittelbar vor ihm sich pl\u00f6tzlich in Luft aufzul\u00f6sen schien. Intuitiv wandte er sich abermals um und sah die Kleine hinter sich weiterlaufen, ihrem hinfort kullernden Spielzeug \u0001 \u0002 ist durch mich hindurch gelaufen!, sickerte es siedend hei\u00df in Jacks Bewusstsein. Genau wie der Ball zuvor, den er nicht hatte treten k\u00f6nnen, genau wie das Fuhrwerk, das mitnichten ausgewichen \u0001 \u0002 blickte an sich hinunter. Auf den ersten Blick kam er sich ganz normal vor. Er betastete seine Brust, seinen Bauch. Alles f\u00fchlte sich vorhanden, fest und keineswegs immateriell, substanzlos, transzendent an. Jack musterte sein direktes Umfeld. Ein gesetzter Herr in einem Zweireiher, mit Backenbart und einem hohen Hut auf dem Kopf, kam geradewegs auf ihn zu. Jack stellte sich ihm breit in den Weg und stemmte die H\u00e4nde in die H\u00fcften. Der Andere gab mit keinem Zeichen zu verstehen, dass er Jack in irgendeiner Form wahrnahm. Und es geschah, was Jack bereits erwartet hatte: Auch dieser ging, ohne dass Jack mehr als ein winziges Kribbeln versp\u00fcrte, widerstandslos durch ihn \u0001 \u0002 zitternden Beinen setzte Jack sich auf den Bordsteinrand. Noch immer hielt er in der einen Hand fest das silberne Kreuz, das einst seiner Mutter geh\u00f6rt hatte, in der anderen aber das unverdrossen in warmem Orangerot glimmende Kohlefragment. Himmel hier, H\u00f6lle da. Im all umher herrschenden Zweilicht schien die Glut sanft zu pulsieren. Jack erinnerte der Anblick spontan an ein sein eigenes schlagendes \u0001 \u0002 einer Seitentasche seines Rocks fand er einen kleinen, recht rundlichen Radi. Er erinnerte sich vage, ihn zusammen mit ein paar \u00c4pfeln vor einigen N\u00e4chten aus dem Garten der Witwe Billingham geklaut zu haben. Das alles schien ihm eine Ewigkeit her. Die Schale des Radi war schon reichlich holzig, daher nahm Jack sein Messer, schnitt ein Loch hinein, sch\u00e4lte das Innere heraus und verzehrte es nachdenklich. Er holte schon aus, um das ausgeh\u00f6hlte Wurzelgem\u00fcse auf die Stra\u00dfe zu werfen \u2013 da fiel sein Blick auf das neben ihm liegende, pulsierende St\u00fcck H\u00f6llenglut. Darin bist du gut aufgehoben, sprach Jack bei sich, nahm das Kohlest\u00fcck und tat es in die ausgeh\u00f6hlte Feldfrucht. Er schnitt ein paar weitere L\u00f6cher in die H\u00fclle, erweiterte sie aus einer spontanen Laune heraus zu einer Art stilisiertem grinsenden Gesicht und fand, dass das Ergebnis eine brauchbare Laterne abgab, um in der zwielichtigen Welt, in der er gestrandet war, nicht vollends alle Hoffnung zu \u0001 \u0002 Licht ist, ist auch Schatten, sagt der Volksmund, also sollte, wo ewiger Schatten herrscht, zumindest auch etwas Licht \u0001 \u0002 blieb noch einen Augenblick sitzen. Sein Kopf f\u00fchlte sich unendlich leer an. Wie nach einer ausgedehnten, \u00fcber Tage sich hinziehenden Zecherei. Kurioserweise, stellte er fest, versp\u00fcrte er keinerlei Durst. Er wunderte sich kurz \u00fcber diese g\u00e4nzlich neue Empfindung - dann verstaute er das Kreuz, das ihn bislang so wacker besch\u00fctzt hatte, wieder in seiner B\u00f6rse, stand auf, nahm seine neue Laterne \u2013 und ging seines \u0001 \u0002 auch immer der ihn f\u00fchren \u0001 \u0002 folgt \u2026\u2026 Halloween 2023!",
            "wordcount": "930",
            "chapter_release": "02.11.2022",
            "chapter_number": "10"
        },
        "2": {
            "text": "\u2026 Up jumped the devil and he staked his claimNick Cave & The Bad SeedsIEs war einmal ein Bursche namens Jack, dem vielleicht die Welt zu F\u00fc\u00dfen gelegen h\u00e4tte, w\u00e4re er nur etwas weniger geneigt gewesen, gelegentlich gern mal Einen \u00fcber den Durst zu \u0001 \u0002 tun aber doch viele, wenn nicht die meisten Leute hin und wieder, mag man einwenden \u2013 und zu Recht. Bei Jack wurde dieser Eine jedoch stets solange getrunken, bis Jack keinen m\u00fcden Dime, Penny oder Cent mehr in der Rocktasche hatte. Das dauerte zwar nie allzu lang, da Jack selten ein ansehnliches Guthaben sein Eigen nennen konnte, reichte aber doch oft genug so weit hin, dass ihm nachher jegliche Erinnerung daran fehlte, wie er etwa zu Bette gekommen war \u2013 beziehungsweise dorthin, wo auch immer, fr\u00fcher oder sp\u00e4ter, Jack wieder zu sich kam. Jack war also die allermeiste Zeit entweder betrunken oder aber v\u00f6llig abgebrannt. Psychologisch liegt der Verdacht nahe, dass hier ein sogenannter Teufelskreis am Werke war \u2013 Jack war chronisch pleite, weil er trank, und trank, zumindest wohl auch, weil er chronisch pleite war. Vom Teufel wollen wir an dieser Stelle indes vorerst noch schweigen. Da ein solcher Lebensrhythmus, wie Jack ihn sich zu eigen gemacht hatte, nur schwer mit der regelm\u00e4\u00dfigen Aus\u00fcbung eines regul\u00e4ren Berufs in Einklang zu bringen ist, war Jack \u2013 um \u00fcberhaupt an Kapital zu kommen, das er in seine Lieblingsbesch\u00e4ftigung investieren konnte \u2013 auf alternative Einnahmequellen angewiesen, also wahlweise Bettelei, Tagel\u00f6hnerei oder \u2013 so Gelegenheit dazu sich bot \u2013 kleine bis mittelkleine \u0001 \u0002 in allem ein Daseinskonzept, das wenig Hoffnung machte, Gottgef\u00e4lligkeit \u0001 \u0002 selbst war Realist genug, um sein pers\u00f6nliches Geschick nicht allzu pers\u00f6nlich zu nehmen. \u201eDas Leben ist kein Ponyhof\u201c, lautete sein Lebensmotto. \u201eSei\u00b4s drum! - Falle ich wenigstens nicht besoffen vom Pferd und brech\u00b4 mir dabei den Hals.\u201cJack hatte bereits in jungen Jahren Bekanntschaft mit diversen Teufeln gemacht, darunter ein pr\u00fcgelfreudiger Stiefvater, von dem er \u2013 so sein Argwohn \u2013 dessen Affinit\u00e4t zu jenem gewissen Einen \u00fcber den Durst geerbt hatte; sowie ein weniger in theologischer denn praktischer Hinsicht \u00e4u\u00dferst kinderfreundlicher Dorfpfaffe. Von all den Amtsm\u00e4nnern (sprich: Polizisten), mit denen Jack im Laufe seines Lebens meist unfreiwillig Umgang pflegte, ganz zu \u0001 \u0002 war der leibhaftige Gottseibeiuns pers\u00f6nlich, als er schlie\u00dflich an Jack herantrat, allenfalls noch das Kirschlein auf der eh schon \u00fcberzuckerten Sahnetorte. Bildlich gesprochen. IIWie bereits erw\u00e4hnt, entsprach Jacks Lebenswandel nicht gerade dem eines Heiligen \u2013 zumindest nicht im kirchlichen Sinne - was wiederum Jack selbst zu einem gefundenen Fressen f\u00fcr gewisse Leute machte, die mit Heiligen f\u00fcr gew\u00f6hnlich eher weniger bis gar nichts anzufangen \u0001 \u0002 Herrn der H\u00f6lle zum \u0001 \u0002 Abends \u2013 es war sp\u00e4t im Herbst, die Sonne l\u00e4ngst untergegangen, und der frostige Nordwind strich wie ein untoter Geist um die H\u00e4user, durch die Gassen und Stra\u00dfen \u2013 sa\u00df Jack in der Dorfschenke und fr\u00f6nte wieder einmal seiner Lieblingsbesch\u00e4ftigung, als pl\u00f6tzlich jemand auf dem Platz neben ihm sa\u00df, der \u2013 darauf h\u00e4tte Jack glatt einen Penny verwettet, wenn er denn einen h\u00e4tte er\u00fcbrigen k\u00f6nnen und wollen \u2013 nur einen Augenblick zuvor noch nicht dort gesessen \u0001 \u0002 Erscheinung machte nicht viel Aufhebens um sich selbst und verk\u00fcndete ohne gro\u00dfe Vorrede, der Teufel zu sein und Jack nun mit in die H\u00f6lle zu nehmen. So erz\u00e4hlt man zumindest. Und Betrunkene glauben ja auch meist so ziemlich alles, was man ihnen \u0001 \u0002 unmittelbare Reaktion auf die Er\u00f6ffnung des \u00fcberraschenden Sitznachbarn ist zwar \u2013 leider - nicht \u00fcberliefert, jedoch darf man wohl annehmen, dass das Leben an sich, ein Ponyhof, Pferde sowie Jacks Hals zumindest in einem Nebensatz Erw\u00e4hnung fanden. Jack kam nur \u00e4u\u00dferst selten in den Genuss eines direkten Sitznachbarn, nicht nur im Pub, was wohl auch seiner Gewohnheit geschuldet sein mochte, jeden, der ihm zu nah kam, \u00e4u\u00dferst penetrant und hartn\u00e4ckig um ein paar M\u00fcnzen oder einen Drink \u0001 \u0002 nun sowohl sein eigener M\u00fcnzvorrat als auch der Drink in seiner Hand bereits gef\u00e4hrlich nahe daran waren, zur Neige zu gehen, kam ihm der selbsterkl\u00e4rte Teufel gerade durchaus gelegen. Zur H\u00f6lle?! - Zur H\u00f6lle mit der H\u00f6lle! Oder zum Teufel \u2026 oder umgekehrt \u2026 - Jack versprach dem Anderen eloquent rhetorisch das Blaue oder auch Schwefelgelbe vom Himmel oder sonst woher, allemal, ihn treuherzig zu begleiten, wohin auch immer sein Weg ihn f\u00fchren m\u00f6ge \u2013 vorausgesetzt, dass jener die n\u00f6tige Wegzehrung gew\u00e4hrleiste. Wobei Jack unmissverst\u00e4ndlich demonstrativ mit dem Daumennagel gegen sein leeres Glas \u0001 \u0002 behaupte: Wenn der Teufel in jenem Moment auch nur den Hauch einer Ahnung gehabt h\u00e4tte, worauf er sich im Folgenden einlie\u00df \u2013 er w\u00e4re wahrscheinlich nanosekundenschnell zu einem Rauchw\u00f6lkchen verpufft oder kondensiert - oder wie auch immer sich der Teufel wieselflink vom sprichw\u00f6rtlichen Acker zu machen pflegt \u2026 vielleicht w\u00e4re er auch blo\u00df schreiend aus dem Pub gerannt \u2026 Doch nichts davon geschah \u2013 und das Verh\u00e4ngnis, dieser alte Bastard, gegen den nicht einmal der Teufel pers\u00f6nlich gewappnet scheint, nahm unerbittlich seinen \u0001 \u0002 Teufel, jovial, wie er sich gern gibt, erf\u00fcllte Jack freigiebig dessen letzten Wunsch und orderte ihm ein letztes Glas. One for the Road, wie\u00b4s so sch\u00f6n hei\u00dft. Manche behaupten, es sei Whiskey gewesen, andere Gin ...Wovon wir allemal getrost ausgehen d\u00fcrfen ist, dass Jack sich artig bedankte, bevor er seine \u201eWegzehrung\u201c \u0001 \u0002 Teufel, hei\u00dft es, sei ein Junker. Auch ein Kneipenwirt ist ein Junker. Jede Ware hat ihren Preis. Ein Drink genauso wie eine Seele. Oder ein Platz in der \u0001 \u0002 Teufel war so naseweis gewesen, einen Drink zu bestellen, ohne in Betracht zu ziehen, dass er hierf\u00fcr w\u00fcrde bezahlen m\u00fcssen. N\u00e4mlich den \u0001 \u0002 goss Jacks Glas voll, Jack trank \u2013 w\u00e4hrend seinem h\u00f6llischen Platznachbarn d\u00e4mmerte, dass er einen Fehler begangen \u0001 \u0002 hatte n\u00e4mlich kein Geld dabei. Und Zechprellerei galt auch damals schon mitnichten als Kavaliersdelikt. Egal, wer sie beging. Welcher Teufel auch immer den Teufel in jener Situation geritten haben mag \u2026 Unser Teufel hier l\u00f6ste die Malaise, in die er sich selbst man\u00f6vriert hatte, auf eine Art und Weise, auf die wohl niemand sonst, und nicht mal im Traum, gekommen \u0001 \u0002 verwandelte sich kurzerhand selbst in ein Geldst\u00fcck, um damit die Zeche zu zahlen, die er schuldig \u0001 \u0002 kann wirklich nur mutma\u00dfen, was in Jacks betrunkenem Kopf (denn betrunken war er ganz sicher) angesichts solch teuflischer Kapriolen vorging. Ohne Zweifel war Jack jedoch auch in trunkenem Zustand durchaus noch in der Lage, zwei und zwei zusammenzuz\u00e4hlen und hieraus die richtigen Schl\u00fcsse zu ziehen. Bevor der Wirt den falschen Taler kassieren konnte, hatte Jack ihn prompt selbst eingesackt und in seinem Geldbeutel verschwinden \u0001 \u0002 hatte der Teufel seinen Ruf als Zechpreller weg \u2013 denn er war augenscheinlich verschwunden, ohne zu zahlen \u2013 und fand sich au\u00dferdem unvermittelt in Jacks B\u00f6rse wieder, in Gesellschaft eines kleinen silbernen Kreuzes oder Kruzifix, Jacks einzigem Erbst\u00fcck von und Andenken an seine selige Mutter, das er h\u00fctete wie einen Schatz. Weshalb er es auch stets in seiner ansonsten klammen B\u00f6rse \u0001 \u0002 Kreuz bewies nun eindrucksvoll seine Tauglichkeit als Jacks Talisman. Es hinderte durch sein schieres Vorhandensein n\u00e4mlich den Teufel daran, sowohl sich in sich selbst zur\u00fcckzuverwandeln als auch sonst wie Jacks B\u00f6rse zu \u0001 \u0002 Teufel sa\u00df unweigerlich und ziemlich ausweglos als ausgewiesenes Falschgeld in Jacks Geldb\u00f6rse gefangen, und beiden, Jack wie dem Teufel, d\u00fcrfte sp\u00e4testens an dieser Stelle klar gewesen sein, dass Jacks H\u00f6llenfahrt an diesem Abend noch keineswegs beschlossene Sache \u0001 \u0002 und Kneipenwirte mochten Junker sein \u2013 Jack jedoch war durch langj\u00e4hrige praktische Erfahrung ein Meister des Feilschens. Seine Kalkulation sah nun in etwa wohl so aus: Fr\u00fcher oder sp\u00e4ter w\u00fcrde der Teufel bestimmt einen Weg finden, Jacks B\u00f6rse wieder zu entfleuchen und seine urspr\u00fcngliche Gestalt zur\u00fcckzugewinnen. Was Jack dann bl\u00fchen mochte, wollte dieser sich lieber gar nicht erst ausmalen. Eine einfache H\u00f6llenfahrt nahm sich dagegen wahrscheinlich aus wie eine Runde auf einem \u0001 \u0002 war es allemal besser, dem Teufel die Freiheit von sich aus zur\u00fcckzugeben \u2013 zu einem angemessenen Preis, versteht \u0001 \u0002 nichts verzichtet der Teufel indes so ungern wie auf eine bereits sicher geglaubte Seele. Die H\u00f6llenfahrt selbst zur Disposition zu stellen, w\u00fcrde also ziemlich aussichtslos sein. Zeit allerdings \u2026 Zeit hatte der Teufel im \u00dcberfluss. Ob er einer Seele nun heute oder \u2013 sagen wir mal \u2013 morgen \u2026 oder in zehn Jahren habhaft wurde, spielte f\u00fcr ihn im Grunde keine Rolle. In der H\u00f6lle w\u00fcrde sie danach eh f\u00fcr alle Ewigkeit \u0001 \u0002 unterbreitete Jack dem Teufel sein Angebot \u2013 dem wiederum blieb nicht viel anderes \u00fcbrig, als sich darauf einzulassen. Die Zeit als Zahlungsmittelimitat in Jacks Portemonnaie wurde ihm bereits lang. Zehn Jahre Aufschub f\u00fcr Jacks Seele auf Erden \u2013 und zwar auf den Tag genau zehn Jahre, keinen und keins mehr oder weniger \u2013 dann m\u00f6ge der Leibhaftige sich wieder einfinden und Jack endg\u00fcltig \u0001 \u0002 die beiden ihren Deal besiegelten, ist unbekannt; es ist jedoch kaum anzunehmen, dass sie einander die H\u00e4nde sch\u00fcttelten. So (oder so \u00e4hnlich) verlief Jacks erste pers\u00f6nliche Begegnung mit dem Teufel. Und wie der Teufel es wollte \u2013 vielleicht war es aber auch purer Zufall \u2013 ereignete sie sich just am Abend des Reformationstags, in der Nacht vor Allerheiligen.",
            "wordcount": "1.484",
            "chapter_release": "28.10.2022",
            "chapter_number": "2"
        },
        "3": {
            "text": "IIIZehn Jahre sind schnell mal um, zumal, wenn man einen nicht unbetr\u00e4chtlichen Teil der Zeit im Suff verbringt. Tempus fugit, wie schon die antiken R\u00f6mer, die dem Vernehmen nach auch keine ausgesprochenen Teetrinker waren, zu sagen pflegten. Zehn Jahre nach ihrer ersten, zumindest f\u00fcr den Teufel denkw\u00fcrdigen Begegnung \u2013 und zwar auf den Tag genau zehn Jahre, denn es war wieder die Nacht vor Allerheiligen \u2013 fand der H\u00f6llenf\u00fcrst sich wieder bei Jack ein, der gerade auf dem Heimweg vom Pub wohin auch immer eine Verschnaufpause einlegte, auf einer mondbeschienenen Wiese, mit dem R\u00fccken an einen wild wachsenden Apfelbaum \u0001 \u0002 war Jack eingeschlummert, und der Leibhaftige sah sich gen\u00f6tigt, seinen designierten Passagier erst einmal wachzur\u00fctteln. Wie lange der daraufhin brauchte, um sein Gegen\u00fcber als denjenigen zu identifizieren, der eine Dekade zuvor f\u00fcr eine kurze Zeitspanne Gastrecht in seinem Geldbeutel genossen hatte, ist ebenfalls nicht \u00fcberliefert. - So denn Jack sich nach all den Jahren \u00fcberhaupt noch an der Vorfall \u0001 \u0002 ungeachtet tat der Teufel abermals seine Absicht kund, Jack (oder dessen Seele, was aber ja im Prinzip so ziemlich dasselbe ist) in die Schwefelkl\u00fcfte der H\u00f6lle zu spedieren. Jedweder Widerstand sei vollkommen zwecklos. Sp\u00e4testens an dieser Stelle entsann sich Jack wohl des unerwarteten spendablen Sitznachbarn damals in der Dorfschenke, denn ein gravit\u00e4tischer Seufzer entrang sich seiner Brust, gefolgt von einem kapitalen B\u00e4uerchen, das den Teufel, der leicht gebeugt \u00fcber Jack stand, in einen derartigen Alkoholdunst h\u00fcllte, dass er kurzweilig bef\u00fcrchtete, seine sieben Sinne k\u00f6nnten ihm \u0001 \u0002 rappelte sich derweil auf, wobei ihm der Baum im R\u00fccken wertvolle Dienste leistete, und verlieh in einigen verdrehten S\u00e4tzen seiner Bereitschaft Ausdruck, zu folgen, wohin auch immer man ihn f\u00fchre. Wenn es dort nur mummelig warm sei, umso besser \u2013 er sp\u00fcre schon den aufziehenden Nachtfrost in den Gliedern zerren, wisse ansonsten eh nicht wohin und sei wohl auch mittlerweile schlichtweg zu alt und gereift, um noch an der frischen Luft zu n\u00e4chtigen. Der Teufel dr\u00e4ngte erwartungsgem\u00e4\u00df zum Aufbruch; man habe schlie\u00dflich noch ein gutes St\u00fcck Wegs vor \u0001 \u0002 Bemerkung war wohl eine Art Stichwort f\u00fcr Jack, denn sein mehr oder minder trunkener Blick fuhr wie auf Kommando hinauf zur bereits weitgehend entlaubten Krone des Apfelbaums, an dem er schwankend sich abst\u00fctzte, um nicht das Gleichgewicht zu verlieren \u2013 gleichzeitig knurrte sein Magen laut und vernehmlich. Wie zur Antwort schrie in der Ferne klagend ein \u0001 \u0002 schlang seine Arme um den Baum, der bedeutend st\u00e4mmiger gebaut war als er selbst, und machte seltsame Bewegungen, die den Teufel anfangs an etwas h\u00f6chst Unkeusches gemahnten \u2013 bis ihm schwante, dass sein Klient offenbar versuchte, den Baum zu \u0001 \u0002 Teufel blickte nun ebenfalls ins Astwerk desselben hinauf und ersp\u00e4hte dort das eine oder andere trotz der fortgeschrittenen Jahreszeit h\u00e4ngengebliebene St\u00fcck welken Obstes \u2013 das Mondlicht machte es m\u00f6glich. Ei, schau\u00b4, der elende Schluckspecht hat Schmacht!, zog der Leibhaftige den einzig ihm logisch scheinenden Schluss. Er sa\u00df schon wieder wie auf hei\u00dfen Kohlen, die ganze Angelegenheit zog sich auch diesmal \u00fcber Geb\u00fchr in die L\u00e4nge. Er hatte zwar sonst in jener Nacht nichts Bewegendes mehr vor, trotzdem wollte er endlich der ihm zustehenden Seele (wie er meinte), n\u00e4mlich Jacks, habhaft \u0001 \u0002 nutzt der Teufel nichtsdestoweniger jede Gelegenheit (und l\u00e4sst sich nur ungern eine entgehen), um seinen Spott mit den Menschen zu treiben, daher stelle ich mir vor, wie er Jack, der immer noch zappelnd den Baumstamm umklammert, wobei er sich rhythmisch gegen ihn wirft, betont beil\u00e4ufig fragt: \u201eSoll ich dir vielleicht Einen runterholen?\u201cUnd Jack, der den Anderen wohl gar schon wieder vergessen hatte, barmt: \u201eOh ja, bitte, werter Herr, seid so wert und holt mir Einen runter!\u201c Wobei er vielleicht noch hinzuf\u00fcgt: \u201eIch hab\u00b4 solchen Hunger! Und wenn wir noch so weit laufen m\u00fcssen \u2026 ein \u00c4pflein nur, ein winziges!\u201cSp\u00e4testens an dieser Stelle h\u00e4tten beim Teufel eigentlich s\u00e4mtliche Alarmglocken \u2013 vielleicht noch nicht schrillen, aber doch vernehmlich anschlagen m\u00fcssen. Behauptet doch der Volksmund, aus Fehlern lerne Einer und aus Schaden werde er klug. Aber das ist m\u00f6glicherweise auf andere Typen als den Teufel pers\u00f6nlich \u0001 \u0002\u00b4s jetzt mal kurz zu machen: Der Teufel kletterte also beh\u00e4nd auf den Baum, um Jack einen Apfel zu pfl\u00fccken. Das B\u00f6se, es ahnte selbst nichts B\u00f6ses. Und dann war es auch schon zu \u0001 \u0002 war der Teufel n\u00e4mlich auf dem n\u00e4mlichen Baum, z\u00fcckte Jack mit einer Flinkheit, die seiner S\u00e4ufernase Hohn sprach, sein Fahrtenmesser und schnitzte blitzeschnell ein formvollendetes Kreuz in besagten Baumes \u0001 \u0002 jeder m\u00f6ge sich nun selbst das Gesicht des Teufels vorstellen, als dieser mit einem schrumpeligen \u00c4pfelchen in der Hand wieder vom Baum steigen wollte \u2026 und Jacks Schnitzerei bemerkte. - Es d\u00fcrfte in diesem Moment noch um manches l\u00e4nger gewesen sein als das Gesicht eines der Zossen der vier apokalyptischen \u0001 \u0002 das Kreuz in der Baumrinde bildete f\u00fcr den Teufel eine unpassierbare Barriere. Jack hatte tats\u00e4chlich das Kunstst\u00fcck fertiggebracht, den Gottseibeiuns ein zweites Mal zu foppen und zu kasernieren, nach seiner Geldb\u00f6rse nun in der Krone eines einsamen, wild wachsenden \u0001 \u0002 Teufel \u00fcberlegte wohl, anstatt zu klettern einfach zu springen, doch ein neckisches W\u00f6lkchen verbarg gerade den Mond und die Nacht war eher finster, der Boden unter dem Baum kaum auszumachen, und wahrscheinlich h\u00e4tte sich der Erzschurke zwar nicht unbedingt den Hals, aber doch wom\u00f6glich den einen oder anderen Knochen \u0001 \u0002 ist nun nicht sonderlich schwer zu erraten, worauf die Situation auch hier hinauslief. Der Teufel wollte wieder vom Baum herunter, Jack wollte immer noch nicht in die \u0001 \u0002 zog Jack diesmal fraglos den K\u00fcrzeren. Ein einziges weiteres Jahr Aufschub wollte der Teufel ihm zugestehen, wenn er das Kreuz in der Rinde so weit entfernte, dass jener den Apfelbaum halbwegs w\u00fcrdevoll wieder verlassen konnte. Ein Jahr, nicht einen Tag mehr. Z\u00e4hneknirschend willigte Jack ein. Den Apfel, den er f\u00fcr Jack gepfl\u00fcckt hatte, fra\u00df der Teufel kurzerhand selbst. Jack war es einerlei. Ihm war eh der Appetit \u0001 \u0002 war die zweite Begegnung Jacks mit dem Teufel, wie sie die Legende erz\u00e4hlt, und obgleich der ungleiche Zweikampf wiederholt remis ausgegangen war, schwante wohl beiden, Jack wie seinem Teufel, dass diese Nacht von nun an ihrer beider pers\u00f6nlicher Fluch sein sollte, die allj\u00e4hrliche Nacht vor Allerheiligen, All Hallows\u00b4 Eve - oder wie es aus Jacks berufenem Munde nach einigen Gl\u00e4sern Stout, Gin, Scotch oder Bourbon ein wenig verwaschen zu klingen pflegte: Halloween. IVZuletzt, nach vielen weiteren Jahren, soll Jack dann tats\u00e4chlich zur H\u00f6lle gefahren sein. Dort schenkte ihm der Teufel ein St\u00fcckchen gl\u00fchende H\u00f6llenkohle und schickte ihn wieder weg. Jack hatte eine R\u00fcbe oder so was als Wegzehrung dabei, die h\u00f6hlte er aus und tat die Kohle hinein, um ein Nachtlicht zu haben. Aus der R\u00fcbe wurde sp\u00e4ter ein K\u00fcrbis \u2013 und Jack wurde zur Legende, die seither alle Jahre wieder an Halloween erz\u00e4hlt wird, mal so, mal so, aber immer mit derselben \u0001 \u0002 heute.",
            "wordcount": "1.132",
            "chapter_release": "28.10.2022",
            "chapter_number": "3"
        },
        "4": {
            "text": "Nach mittlerweile drei ausgesprochenen Schlappen betreffs Jacks H\u00f6llenfahrt war der Teufel \u2013 so sollte man meinen \u2013 vorgewarnt. Die Zielperson war keineswegs auf den Kopf gefallen \u2013 mochte dieser auch noch so benebelt sein \u2013 und Respekt, geschweige denn Furcht vor dem Herrn der H\u00f6lle gingen diesem Jack offenbar vollkommen \u0001 \u0002 Jahr hatte Luzifer nun Zeit gehabt, die wiederholte Pleite zu verarbeiten und nach der hinterh\u00e4ltigen Nummer mit dem M\u00fcnztrick sein angeknackstes Ego wieder halbwegs so weit zu stabilisieren, dass er den Mut aufbrachte, die Sache ein weiteres Mal anzugehen, ohne seinerseits etwa bef\u00fcrchten zu m\u00fcssen, bei der neuerlichen Sichtung des Objekts seiner Begierde wom\u00f6glich spontan in Tr\u00e4nen auszubrechen. Dann war wieder Halloween, die Nacht vor Allerheiligen, und der Teufel mag sich zur St\u00e4rkung der eigenen Courage gesagt haben: \u201eAller b\u00f6sen Dinge sind vier!\u201c - holte tief Luft und katapultierte sich hinauf aus der H\u00f6lle ans irdische Licht. Noch schien herbstlich mild die Sonne, es war gerade einmal sp\u00e4ter Nachmittag \u2013 womit jetzt keinesfalls angedeutet werden soll, der Teufel habe Angst vor dem Dunkel. Allerdings hatte Jack ihn dreimal bei Nacht hereingelegt. Das zumindest sollte dem Antichristen kein weiteres Mal \u0001 \u0002 Ziel seines h\u00f6llischen Trachtens fand der Gottseibeiuns diesmal auf den \u00f6rtlichen Friedhof. Irgendetwas in ihm wertete die Ortswahl als positives Zeichen, obwohl er nicht h\u00e4tte sagen k\u00f6nnen, was. Jack sa\u00df, den R\u00fccken gegen einen verwitterten Grabstein gelehnt, im Schatten einer Trauerweide, die dem Ort wie dem Anlass entsprechend die weitgehend entbl\u00e4tterten Zweige h\u00e4ngen lie\u00df. Die zur Neige gehende Flasche Gin, die neben ihm am Boden stand, sowie Jacks flimmernder Blick waren dem H\u00f6llenf\u00fcrsten Beleg genug, dass Jack seine \u201eWegzehrung\u201c - zumindest in fl\u00fcssiger Form \u2013 bereits ausgiebig intus hatte.\u201eEs ist vorbei\u201c, nuschelte Jack, als der Teufel sich vor ihm manifestierte, und machte dabei einen reichlich tr\u00fcben Eindruck. \u201eVorbei. Sei\u00b4s drum \u2026\u201c, wobei er aufzustehen versuchte, auf halbem Wege jedoch kehrtmachte und wieder auf seine vier Buchstaben plumpste. Der Teufel seufzte. \u201eHier bin ich. Bist du bereit?\u201c \u201eIch bin bereit\u201c, verk\u00fcndete Jack, w\u00e4hrend er zu seinem Gegen\u00fcber hinaufblinzelte, \u201eJawoll, das bin ich! Und\u201c - wobei er ein \u00e4u\u00dferst wichtiges Gesicht machte - \u201eich entschuldige mich vielmals bei Euer Durchlaucht f\u00fcr die Que-ere-leiereien, die ich Euer Durchlaucht gemacht habe.\u201c Jacks Hand wischte vor ihm durch die Luft, als wolle er ein l\u00e4stiges Insekt verscheuchen. \u201eKommt nie wieder vor. Jacks bombastisches Ehrenwort.\u201cDer Teufel grinste malizi\u00f6s. \u201eH\u00f6rt, h\u00f6rt! Einsicht ist der erste Weg zur \u2026\u201c\u201eIch muss mal \u2026 gibt\u2019s in der H\u00f6lle so ein gewisses \u2026 Stilles \u00d6rtchen? Wenn Euer Unheiligkeit versteh\u00b4n woll\u00b4n \u2026\u201cDer Teufel seufzte, ergriff Jacks flehend emporgestreckte Hand und zog ihn auf die F\u00fc\u00dfe. Jack wankte wie ein Bambus im Sturm, aber er hielt sich. \u201eSelbst wenn\u00b4s eins g\u00e4be, w\u00e4r\u00b4s f\u00fcr dich geschlossen. In der H\u00f6lle soll schlie\u00dflich gelitten, und nicht sich erleichtert werden.\u201c Dem Teufel wurde bewusst, was er da redete. Er presste die Lippen aufeinander. Jack wies mit dem Daumen \u00fcber die Schulter Richtung Weide. \u201eW\u00e4r\u00b4s dann gestattet, dass ich noch \u00b4n allerletztes Mal \u2026\u201cDer H\u00f6llenf\u00fcrst \u00fcberlegte einen Moment, ob das nun wieder Teil eines abgekarteten Spiels sein k\u00f6nnte, kam aber zu dem Schluss, dass wer viel trinkt, nun mal \u2026 Kurzum, er nickte grimmig, Jack verschwand torkelnd hinter der Weide, und einen Augenblick sp\u00e4ter vernahm der Gottseibeiuns ein verhaltenes Pl\u00e4tschern. Sein Blick fiel dabei auf die beinah leere Flasche Gin, die Jack zur\u00fcckgelassen \u0001 \u0002 kam wieder hinterm Baum hervor, wobei er sich noch den Latz zukn\u00f6pfte, streckte sich und lie\u00df einen kleinen Wind fahren. Vielleicht h\u00e4tte er seiner Flasche gar keine Beachtung mehr geschenkt, doch der Blick des Teufels hatte sie zur\u00fcck in sein Bewusstsein bef\u00f6rdert. Er b\u00fcckte sich umst\u00e4ndlich, hob sie auf und hielt sie seinem Gegen\u00fcber hin.\u201eWas soll ich damit?\u201c, zischte der Teufel.\u201eAuf uns!\u201cDer Teufel schnaubte. Ein kleines Schwefelw\u00f6lkchen quoll aus seinen N\u00fcstern. \u201eEs gibt kein uns!\u201c\u201eDann die Freundschaft.\u201c\u201eWir sind keine Freunde!\u201c\u201eDann \u2026 darauf, dass diesmal alles klappt, wie du\u00b4s dich vorstellen tus\u00b4.\u201cDer Teufel machte keinerlei Anstalten, die ihm dargebotene Spezerei entgegenzunehmen.\u201eDa is\u00b4 kein Gift nich\u00b4 drin!\u201c Jack entkorkte die Flasche, nahm einen sportlichen Schluck und halbierte damit den Restinhalt. M\u00e4chtiges B\u00e4uerchen. \u201eSiehste?\u201cGeduld ist des Teufels allerh\u00f6chste Tugend nicht, ihm dauerte das ganze Prozedere schon wieder entschieden zu lange, und wohl auch selbst noch etwas irritiert \u00fcber seine eigenen Auslassungen \u00fcber gewisse \u00d6rtlichkeiten in seinem Reich, riss er Jack nun r\u00fcde die hingehaltene Flasche aus der Hand, setzte sie an die wulstigen, verhornten, pechschwarzen Lippen \u2026 bevor er sich entsann, sie noch einmal absetzte und sorgsam inspizierte. Doch es war nur eine ordin\u00e4re, farblose Glasflasche in der markt\u00fcblichen Form, mit einem Rest einer wasserklaren Fl\u00fcssigkeit darin. Sonst nichts. Ein paar leichte Kratzer im Glas, eindeutig oberfl\u00e4chliche Gebrauchsspuren. Nirgendwo jedoch das Geringste, das irgendwie kreuzf\u00f6rmig \u0001 \u0002 Teufel schnupperte am Inhalt. Zweifelsohne gew\u00f6hnlicher Fusel, unterstes \u0001 \u0002 setzte er die Flasche an. Und diesmal leerte er sie auf einen Zug. Mehr als einen mittelgro\u00dfen Schluck gab sie eh nicht mehr her. Das Brennen im Hals schob der Teufel kurzerhand auf den Alkohol und die miese Qualit\u00e4t des \u0001 \u0002 hustete kurz, warf die Flasche in einen nahen Wacholderstrauch, blinzelte Jack an und grinste h\u00e4misch. \u201eUnd nun kein weiterer Aufschub mehr! - Willkommen in meinem Reich!\u201c Pl\u00f6tzlich flackerte und flimmerte die Luft ringsum (was Jack spontan an die paar Male erinnerte, an denen er sich mit echtem franz\u00f6sischem Absinth bek\u00f6stigt hatte), und vor Jack tat sich knisternd und schwarz lodernd eine Art h\u00f6llisch finsterer Schlund auf \u2013 blo\u00df um im n\u00e4chsten Moment mit einem leisen Plopp! wieder in sich \u0001 \u0002 Blick wanderte zum Teufel, der \u2013 nanu? - leicht vorn\u00fcbergebeugt breitbeinig dastand, die Klauenh\u00e4nde gegen den Unterleib gepresst, und ein leises Wimmern von sich gab. Dann drehte sich der F\u00fcrst der Finsternis einmal halb um die eigene L\u00e4ngsachse \u2013 und spie unvermittelt im hohen Bogen auf das zun\u00e4chst liegende \u0001 \u0002 war im ersten Moment zu perplex, um bei dem Anblick, den der kotzende Teufel ihm bot, \u00fcberhaupt irgendetwas zu denken oder zu empfinden. Stattdessen registrierte er beil\u00e4ufig, dass das besudelte Grab das des ehemaligen Gerichtsdieners war, der Jack mehr als einmal wegen Nichtigkeiten zu einem Wochenende Karzer verdonnert hatte, bei trockenem Brot und \u2013 was ungleich schwerer wog \u2013 nichts Fl\u00fcssigem au\u00dfer kristallklarem Brunnenwasser. So stand unser Held also ziemlich bedropst da, w\u00e4hrend der F\u00fcrst der H\u00f6lle seinen Mageninhalt sto\u00dfweise von sich gab \u2013 oder was sonst die stinkende Br\u00fche sein mochte, mit der er seines Erzfeindes ureigenen Acker entweihte.\u201eWas zum \u2026 Was war das, was du mir da zu saufen gegeben hast, du Lump?\u201c, kr\u00e4chzte der Teufel, als er sich wieder halbwegs in Griff hatte und Jack aus blutunterlaufenen Augen \u0001 \u0002 zuckte hilflos die Achseln. \u201eNichts. Also Gin. Nichts als Gin.\u201c Er z\u00f6gerte eine Sekunde. \u201eGin und Wasser. - Wenn ich geahnt h\u00e4tte, dass Euer Durchlaucht ein so feinf\u00fchliges Verdauungssystem \u2026\u201c\u201eWasser?!\u201c, kl\u00e4ffte der Teufel. \u201eWieso Wasser?!\u201cJack zuckte wiederum die Achseln. \u201eNun \u2026 das is\u00b4 so ein Trick, verstehen?\u201cDer Teufel zog vernehmlich den Rotz hoch und spuckte aus. \u201eNe.\u201c\u201eAlso \u2026 Ist die Flasche halbleer, f\u00fcllt man einfach ein bisschen was Wasser nach. Dann ist der Gin \u2013 oder Whisky oder was auch immer \u2013 zwar nicht mehr ganz so, hm, ergiebig \u2026 daf\u00fcr h\u00e4lt er l\u00e4nger vor. Verstehen jetzt?\u201cDem Teufel graute es innerlich angesichts derlei verquerer S\u00e4uferlogik. Vors\u00e4tzliche Schnapspanscherei. Prompt sp\u00fcrte er es wieder in seinen Eingeweiden rumoren.\u201eWasser, was?\u201c Er versuchte, m\u00e4\u00dfig erfolgreich, einen R\u00fclpser zu unterdr\u00fccken. R\u00fclpsen war gerade gar nicht gut. \u201eWas f\u00fcr Wasser? Aus \u00b4nem Ententeich etwa?!\u201c?\u201cJack zuckte wieder die Achseln, was dem Teufel, malade und gedem\u00fctigt, mit verkrampften Hals und einem Pelz auf der Zunge, mittlerweile zusehends auf die Nerven ging.\u201eTja, was f\u00fcr Wasser?\u201c Jack schien ernsthaft dar\u00fcber nachdenken zu m\u00fcssen. Dann hellte sein Blick merklich auf. \u201eOh nein, nich\u00b4 aus dem Teich! Aus diesem kleinen steinernen Becken im Vorraum von der Friedhofskapelle.\u201c Jack winkte l\u00e4ssig ab. \u201eDa trink\u00b4 ich h\u00e4ufig draus, is\u00b4 topp. Und nich\u00b4 nur ich. Auch der alte \u2026\u201cDer Teufel gab ein hohl t\u00f6nendes, blubberndes B\u00e4uerchen von sich, was Jacks Rede jedoch nur kurz unterbrach.\u201eWie gesagt: Trink\u00b4 ich quasi regelm\u00e4\u00dfig. Nie Probleme. Glasklar, sehr erfrischend.\u201c Wieder das leidige Achselzucken. \u201eAlso \u2026\u201cJetzt hatte der Teufel pl\u00f6tzlich Schluckauf. Er kniff die Augen zusammen und sch\u00fcttelte den Kopf. \u201eMoment mal, Moment. - Friedhofskapelle? - hicks! - Steinernes Becken?\u201cJack grinste d\u00fcmmlich; und zuckte die \u0001 \u0002 griff sich der Teufel wieder an den Bauch und st\u00f6hnte gepeinigt auf. \u201eDu hast mir \u2013 hicks! - Weihwasser eingefl\u00f6\u00dft?! Geweihtes Wasser?! Du \u2013 hicks! - dreimal verfluchter Sch...!\u201cWeiter kam er nicht, weil\u00b4s ihm ein weiteres Mal hochkam. Das \u00dcberraschungsmoment hielt sich f\u00fcr Jack diesmal in Grenzen. Mit fatalen Folgen. Jack war zwar im Allgemeinen kein Weichei und manches gewohnt \u2013 der Anblick des kotzenden Teufels jedoch schlug nun auch ihm sp\u00fcrbar auf den Magen. Genau wie Lachen und G\u00e4hnen kann Kotzen bekanntlich durchaus ansteckend \u0001 \u0002 stie\u00df zunehmend sauer \u0001 \u0002 hatte auch Jack es pl\u00f6tzlich m\u00e4chtig eilig, zur H\u00f6lle zu fahren. Beim blo\u00dfen Gedanken daran, sich auf einen Gottesacker zu \u00fcbergeben, standen ihm alle Haare zu Berge. Mochte es auch mit seinem Seelenheil nicht zum Allerbesten stehen \u2013 einen solchen Frevel wollte er unter gar keinen Umst\u00e4nden auf sich \u0001 \u0002 es im Grunde ziemlich absurd ist, zur Rettung des eigenen Seelenheils ausgerechnet zur H\u00f6lle fahren zu wollen, daran verschwendete Jack in dieser Situation keinen Gedanken. H\u00e4tte der Herrgott wiederum jetzt gerade in Jacks Kopf und Herz geschaut, h\u00e4tte er eventuell Jacks wahren Kern erkannt und ihn vor dem Zugriff der H\u00f6lle bewahrt. Aber vielleicht ist der Herrgott auch nicht immer und \u00fcberall zugegen, wie Pfaffen und Theologen behaupten. Oder aber er hatte Jack bereits \u0001 \u0002 best\u00fcrmte also etwas blass um die Nase, unter zahlreichen Hicksern und B\u00e4uerchen den noch immer trocken nachw\u00fcrgenden Teufel, nun doch geschwind wieder jenes flackernde, flimmernde, schwarz lodernde Portal oder was es war von vorhin zu reproduzieren, auf dass man sich schleunigst vom Ort des Geschehens empfehlen \u0001 \u0002 Teufel, nach wie vor von spasmischen Koliken geplagt, registrierte seinerseits, dass Jack offenbar ebenfalls kurz davor war zu vomieren. Er entsann sich nun wieder, wieso und weshalb er eigentlich und \u00fcberhaupt hier war, und war schon in Begriff, das magische H\u00f6llenportal zu aktivieren \u2013 als pl\u00f6tzlich das Wort S\u00e4ufer durch seinen Verstand geisterte, gefolgt von der in seinen Begriffen h\u00f6chstens als Scherz aufzufassenden Vokabel Logik. Die Kombination beider W\u00f6rter brachte ihn nun wieder auf Jacks Geschichte mit dem systematischen Panschen berauschender Getr\u00e4nke zwecks l\u00e4ngerer Verf\u00fcgbarkeit derselben, und ihm wurde schlagartig klar, dass Jack demzufolge wom\u00f6glich eine gute halbe Ginflasche voll Weihwasser in den Eingeweiden hatte. Die blo\u00dfe Vorstellung wiederum, dass Jack ihm mit besagtem Weihwasser die H\u00f6lle vollreiherte, bewirkte bei Luzifer, dass sich ihm reflexartig die Fu\u00dfn\u00e4gel \u2013 zumindest sprichw\u00f6rtlich \u2013 aufrollten. Eine derartige Sch\u00e4ndung seines Reiches durfte der H\u00f6llenf\u00fcrst unter keinen Umst\u00e4nden riskieren. Er w\u00e4re in alle Ewigkeit dem Spott nicht nur aller himmlischen Heerscharen vom Erzengel bis zur letzten Putte ausgesetzt, sondern auch dem seiner eigenen h\u00f6llischen \u0001 \u0002 r\u00fclpste munter weiter, nur gelegentlich unterbrochen von einem unregelm\u00e4\u00dfigen \u0001 \u0002 Teufel \u00fcberlegte. Mittlerweile war die Nacht angebrochen, und nur der Schein der Gaslaternen entlang der Stra\u00dfe neben dem Friedhof erhellte noch notd\u00fcrftig die \u0001 \u0002 k\u00f6nnte er Jack dazu verleiten, sich einen oder zwei Finger in den Rachen zu schieben und seinen weihevollen Magen so in dieser Welt zu entleeren, bevor man zur n\u00e4chsten hinabfuhr. Allerdings machte Jack aktuell eher den Eindruck, als ob er gerade dies unter allen Umst\u00e4nden verhindern wollte. Die Zwickm\u00fchle war nahezu perfekt. Der Teufel wollte Jack, aber unter keinen Umst\u00e4nden in dessen gegenw\u00e4rtiger Verfassung. Jack wiederum wollte aus gewissen Gr\u00fcnden partout schnellstm\u00f6glich zur H\u00f6lle, was der Teufel aus denselben Gr\u00fcnden partout nicht zulassen durfte. H\u00e4tte Jack sich an Ort und Stelle erleichtert, h\u00e4tte der Teufel ihn mit Freuden genommen. Jack wollte aber gerade darum genommen werden, um sich nicht an Ort und Stelle erleichtern zu \u0001 \u0002 stand mal wieder Patt. Der Teufel seufzte. Ihn plagten nach wie vor \u00fcble Magenkr\u00e4mpfe und Koliken als Resultate der Vergiftung durch das geschluckte Weihwasser, und im Grunde h\u00e4tte er die Sache hiermit f\u00fcr heute auf sich beruhen lassen und Jack freiwillig ein weiteres Jahr Aufschub zugebilligt \u2013 aber, ach! Wenn er nun ein drittes Mal in Folge mit leeren H\u00e4nden zur\u00fcckk\u00e4me \u2013 und dann auch noch in diesem maroden Zustand \u2013 w\u00e4re sein Ruf unter seinesgleichen ebenfalls m\u00e4chtig ramponiert und seine Autorit\u00e4t wohl keinen krummen Pfifferling mehr \u0001 \u0002 Zwickm\u00fchle mahlte und mahlte \u2026 Ums mal wieder kurz zu machen \u2013 denn Halloween ist fast schon wieder vorbei und Allerheiligen ein Feiertag, an dem der Teufel auf Erden nichts verloren hat \u2013 kam in diesem Moment, quasi wie gerufen, Jacks alter Kumpel Shady die Stra\u00dfe entlang geschlendert. Jemand hatte ihm gesteckt, dass Jack sich in Begleitung einer fast vollen Flasche Gin zum Friedhof begeben hatte, und nun war Shady hier, um seinen Kumpel um einen br\u00fcderlichen Schluck oder ein paar M\u00fcnzen oder idealerweise beides anzuhauen. Der F\u00fcrst der Finsternis ist ein Edelmann, hei\u00dft\u00b4s irgendwo bei Shakespeare, und da weder Jacks Flasche noch sein Geldbeutel Kumpel Shady etwas anzubieten vermochten, erbot sich der Teufel an dessen statt gener\u00f6s, Shady den einen oder anderen Gaumenbefeuchter spendieren zu \u0001 \u0002 war \u2013 dessen darf man gewiss sein - \u00e4u\u00dferst entz\u00fcckt. Da er selbst bereits seit sp\u00e4tvormittags reichlich blau war, fragte er sich wohl auch nicht, was ausgerechnet sein Kumpel Jack mit einem solch vornehmen, gesitteten und spendablen Gentleman zu schaffen hatte. Oder der mit \u0001 \u0002 Gentleman hakte Shady vertraulich unter, verabschiedete sich von Jack mit der omin\u00f6sen Annotation \u201eN\u00e4chstes Jahr \u2013 hicks! - mein Freund\u201c, und gemeinsam spazierten die beiden ins Dunkel der Nacht, wobei Jack h\u00e4tte schw\u00f6ren k\u00f6nnen, dass es noch kurz erratisch flackerte und flimmerte und wohl auch verhalten loderte \u2013 dann war Shady weg, und der Teufel war auch weg, und Jack blieb allein zur\u00fcck. Der Mond schien mehr recht als schlecht, ein K\u00e4uzchen rief in der Ferne \u2013 und Jack merkte jetzt erst, dass seine dr\u00e4ngende \u00dcbelkeit in der Zwischenzeit klammheimlich vollst\u00e4ndig verflogen war. Jack \u00fcberlegte just, wo er \u2013 blank wie er war \u2013 zu so fortgeschrittener Stunde wohl noch einen Drink w\u00fcrde abfischen k\u00f6nnen \u2013 da vernahm er hinter sich ged\u00e4mpfte Schritte. Er hatte sich kaum umgewandt, da ward er auch schon \u00e4u\u00dferst r\u00fcde am Schlafittchen \u0001 \u0002 K\u00fcster der Friedhofskapelle, der Jack quasi auf frischer Tat ertappt hatte, hatte den Amtsmann verst\u00e4ndigt, und der hatte Jack gleich einkassiert, gewisserma\u00dfen in flagranti. Allein auf dem Friedhof herumgelungert, offenbar sturzbetrunken, Beweisst\u00fcck leere Flasche. Mindestens zwei Gr\u00e4ber gesch\u00e4ndet durch \u00dcbergeben auf selbige. Bu\u00dfgeld auferlegt, welches der Delinquent sich nicht zu zahlen in der Lage gesehen. Ersatzweise zwei Tage und N\u00e4chte Ordnungshaft verh\u00e4ngt, stand nachher im Polizeiprotokoll vermerkt, die \u00fcblichen amtlichen Orthographie- und Interpunktionsfehler \u0001 \u0002 zuckte dar\u00fcber bestenfalls ein weiteres Mal die Achseln, nahm hin, was nicht zu \u00e4ndern war, und dachte still bei sich: Wenn der K\u00fcster w\u00fcsste \u2026",
            "wordcount": "2.438",
            "chapter_release": "29.10.2022",
            "chapter_number": "4"
        },
        "5": {
            "text": "Und wieder einmal sa\u00df Jack \u2026 ach, wir wissen l\u00e4ngst, wo er sa\u00df, auf dem Tresen vor sich eine stetig wachsende Pyramide aus Schnapsgl\u00e4sern. Er h\u00e4tte Pharao werden sollen. Isis und Osiris und Horus und wie sie alle hie\u00dfen w\u00e4ren stolz auf ihn gewesen. Und dieser andere Spinner, der nicht mal ein Gott war, sondern blo\u00df ein vom Himmel gefallener Engel, h\u00e4tte ihn in Ruhe gelassen. Jack wischte den Gedanken beiseite. Pfeif\u00b4 auf das Morgen; das Hier und Heute war es, was z\u00e4hlte.\u201eNoch Einen, Jack O?\u201c, erkundigte sich Rawlins, der Wirt, beil\u00e4ufig mit Blick auf einen seiner besten Kunden - und beantwortete sich seine Frage gleich selbst. \u201eDumme Frage.\u201c Rawlins f\u00fcllte ein weiteres Glas und schob es \u00fcber die Theke. Jack nickte nur knapp, wobei er Rawlins\u00b4 d\u00fcsteren Blick auffing. Der war auf den Sitzplatz neben Jack geheftet \u2013 obwohl dort gar niemand sa\u00df.\u2026 Zumindest bis gerade eben nicht gesessen hatte. Jack wandte den Kopf. \u201eJackie, alter Freund\u201c, vernahm er die mittlerweile nur allzu vertraute Stimme, w\u00e4hrend ihm eine schwielige Pranke schwer auf die Schulter schlug. Wenn man vom Teufel spricht, dachte Jack, wobei \u2013 blo\u00df an ihn zu denken, reicht offenbar bereits aus. \u201eDu baust dir also schon dein eigenes Denkmal\u201c, schnarrte es mit Blick auf Jacks Baukunst. \u201eSehr vorausschauend \u2026\u201c Jack sch\u00fcttelte missmutig die zugriffige, nach Schwefel m\u00fcffelnde Pfote ab. \u201eWas willst du hier?\u201cDer Andere sah Jack nur mitleidig an. Der wiederum kippte sein frisches Glas auf ex. \u201eDu bist zu sp\u00e4t.\u201c Ein neuer Baustein in der Pyramide. \u201eAber was wundert\u00b4s mich? Wer verlangt denn gerade vom Teufel P\u00fcnktlichkeit? Geschweige denn, dass er Wort h\u00e4lt.\u201c***Der Blick des Gottseibeiuns bekam einen lauernden Ausdruck. \u201eWas redest du da, Mann? Nat\u00fcrlich ist auf mein Wort Verlass!\u201cJack schnaubt blo\u00df und klopfte mit den Fingerkn\u00f6cheln auf den Tresen. Prompt stand eines neues Glas vor ihm.\u201eDas ist doch wieder einer deiner billigen Tricks.\u201cJack hob das Glas, setzte es an die Lippen, z\u00f6gerte \u2013 und wies mit einer Kopfbewegung auf den speckigen Kalender an der Wand hinter der Theke. \u201eWenn auf dein Wort Verlass ist \u2013 wo wars\u00b4 du dann gestern? An Halloween? Und wie kommt\u00b4s, dass du dich an einem hohen Feiertag wie Allerheiligen \u00fcberhaupt auf Erden blicken lassen kannst?\u201cDie Augen des Teufels waren Jacks Bewegung gefolgt. Als sie nun das Kalenderblatt erblickten, glaubte Jack einen geradezu schreckhaften Eindruck aus ihnen zu lesen.\u201eAber \u2026\u201c war alles, was der H\u00f6llenf\u00fcrst zustande \u0001 \u0002 Kalenderblatt zeigte den 1. November an.\u201eNoch mal\u201c, knurrte Jack, indem er beide H\u00e4nde flach auf den Tresen legte, \u201edu bist zu sp\u00e4t! Gestern war Halloween, heute ist Allerheiligen. Der verabredete Termin war gestern. Ich habe gewartet, du hast ihn platzen lassen und damit dein Wort gebrochen. Ergo ist unsere Verabredung null und nichtig.\u201cDer Teufel brauchte tats\u00e4chlich eine ganze Weile, um sich zu fangen. Mindestens drei, vier Sekunden. Dann sch\u00fcttelte er entschieden den Kopf.\u201eNein, dass kann nicht sein! Unm\u00f6glich! Seit dem letzten Mal sind genau 365 Tage vergangen. 365 Tage und 365 N\u00e4chte \u2026\u201c Der Teufel hob beide Klauen, und einen kurzen Moment lang f\u00fcrchtete Jack, sein Gegen\u00fcber werde ihm nun jeden einzelnen dieser 365 Tage an den krallenbewehrten Fingern ab- respektive vorz\u00e4hlen.\u201eMag ja sein\u201c, gestand Jack freim\u00fctig ein und wehrte mit einer Geste des Teufels Griffel ab. \u201eIndes \u2013 was hilft\u00b4s? Dies Jahr\u201c - wobei er wieder Richtung Abrisskalender deutete - \u201eist nun mal aber ein Schaltjahr \u2026\u201cJack legte eine kunstvolle Kunstpause ein, um seine Worte sacken zu lassen.\u201e\u2026 und ein Schaltjahr hat bekanntlich \u2013 wie viele Tage?\u201c\u201eDreihundertsechsundsechzig\u201c, schnaufte Rawlins, der den beiden Thekenhockern unvermittelt wieder gegen\u00fcberstand. Jack warf ihm einen finsteren Blick zu. Rawlins zuckte leichthin die Achseln. \u201eDas wei\u00df doch jedes Baby.\u201cDer Blick, den Jacks Sitznachbar dem Wirt daraufhin widmete, lie\u00df diesem das Blut in den Adern gerinnen. Nichtsdestotrotz verzog Rawlins tapfer keine Miene. Das Pokerface ist der Joker eines jeden guten Wirts.\u201eKapiert jetzt?\u201c, nahm Jack seinen Argumentationsfaden wieder auf. \u201eSchaltjahr. Der Februar hat einen Tag mehr, der letzte ist nicht der achtundzwanzigste, sondern der neunundzwanzigste, wodurch alle folgenden Tage um ein Datum verr\u00fcckt werden. Der eigentliche erste M\u00e4rz ist der neunundzwanzigste Februar. Und wenn man das dann monatsweise weiterf\u00fchrt \u2026\u201c\u201e\u2026 ist der erste November der einunddrei\u00dfigste Oktober.\u201c Rawlins schien sichtlich stolz auf seine \u0001 \u0002 verzog das Gesicht. \u201eGenaugenommen umgekehrt, aber egal. Jacke wie Hose.\u201c Er wandte sich wieder dem Teufel zu, der ein Gesicht machte wie ein Karnickel im Scheinwerferlicht. \u201eUnd darum bist du einen Tag zu sp\u00e4t, Amigo. Heute ist bereits der erste November. Allerheiligen.\u201c Er setzte ein weiteres Mal sein Glas an die Lippen, und diesmal kippte er den Inhalt in einem Zug runter. Dann drehte er das Glas und postierte es auf der Spitze seiner \u0001 \u0002 Teufel starrte auf seine Klauen, und wieder sah Jack ihn vor seinem inneren Auge die seit ihrer letzten Begegnung vergangenen Tage an den Fingern abz\u00e4hlen. Schnell, doch nicht zu schnell schob er nach:\u201cWie verbleiben wir nun?\u201cDer Teufel hob langsam den Blick. In seinen Augen glomm etwas, das Jack an gl\u00fchende Kohlen erinnerte. Dann erhob sich der Andere langsam, sehr langsam von seinem Barhocker.\u201eN\u00e4chstes Jahr, Jack \u2026\u201c\u201eDes Teufels Ehrenwort drauf?\u201c, beeilte Jack sich einzuwerfen, bem\u00fcht, dabei m\u00f6glichst neutral zu klingen. \u201eN\u00e4chstes Jahr \u2026\u201c \u201eSo wahr mir \u2026 So wahr ich der Teufel bin!\u201c, schrie der Teufel, und beide, Jack wie Rawlins, der Wirt, zogen reflexhaft instinktiv die K\u00f6pfe ein \u2013 als Jacks Pyramide klirrend in sich zusammenfiel.***\u201eDas war jetzt schon beinah so tolldreist wie damals die Sache mit dem M\u00fcnzwurf.\u201c Rawlins machte ein ernstes Gesicht, w\u00e4hrend er die Scherben von der Theke wischte. Die meisten Gl\u00e4ser indes hatten den Pyramidenkollaps unbeschadet \u00fcberstanden. \u201eDu hast echt Nerven, Alter.\u201cJack zuckte die Achseln. \u201eMan gew\u00f6hnt sich wohl an alles. Fr\u00fcher oder sp\u00e4ter. Selbst an den Kerl.\u201cRawlins\u00b4 Blick wanderte zum Wandkalender. \u201eFr\u00fcher oder sp\u00e4ter wird er dir auf die Schliche kommen.\u201c Das Gesicht des Wirtes verfinsterte sich erneut. \u201eOder vielmehr uns.\u201cJack zuckte ein weiteres mal die Achseln. \u201eUnd wenn schon. Bis morgen aber wohl kaum. Und selbst wenn \u2026 Schnell geschaltet \u00fcbrigens mit dem Kalender. Hatte ich jetzt gar nicht dran gedacht. H\u00e4tte ins Auge gehen k\u00f6nnen \u2026\u201c Rawlins, dem seines Stammgasts Misere selbstverst\u00e4ndlich schon seit Langem nur allzu bekannt war und der von Anfang an in Jacks diesj\u00e4hrigen Plan, dem H\u00f6llischen aufs Neue die Tour zu vermasseln, eingeweiht gewesen war, war nur Minuten, bevor der Teufel aufgetaucht war, aufgefallen, dass der Kalender an der Wand das f\u00fcr besagten Plan falsche Datum \u2013 n\u00e4mlich das richtige \u2013 auswies. Und hatte flugs noch zwei Bl\u00e4tter voreilig abgerissen. Rawlins lachte herzhaft. \u201eEin guter Wirt denkt eben an alles.\u201c\u201eZum Wohle seiner G\u00e4ste \u2026\u201c\u201eZum Wohle gewisser G\u00e4ste.\u201c Denn jenes Jahr, in dem diese Episode sich zutrug, war in der Tat ein Schaltjahr. Aber deswegen war exakt 365 Tage nach dem letzten Halloween ja eben nicht der erste November, sondern tats\u00e4chlich erst der drei\u00dfigste Oktober.\u201eRechnen m\u00fcsste man k\u00f6nnen\u201c, spottete Jack hinsichtlich der Ahnungslosigkeit seines h\u00f6llischen Widersachers, doch Rawlins relativierte. \u201eSo, wie wir deinen Amigo zugetextet haben, h\u00e4tte der wohl so ziemlich alles geglaubt.\u201cJack wiegte nachdenklich den Kopf; dann nickte er. \u201eDarauf einen Doppelten. F\u00fcr uns beide.\u201cRawlins schlug mit der flachen Hand auf den Tresen. \u201eDas wurde auch Zeit!\u201c***\u201eIm Ernst: Was willst du tun, wenn die Schwefelpranke in ihrer H\u00f6lle einen Mathematiker hat, der ihr Bescheid st\u00f6\u00dft, dass wir wir sie nach Strich und Faden genasf\u00fchrt haben? Wenn er dann eben morgen wieder auftaucht? Morgen ist schlie\u00dflich Halloween.\u201cJack zuckte wieder die Achseln. Offenbar eine Macke. Sollte wohl cool wirken. So langsam ging Rawlins die Geste auf den Keks. \u201eDu hast ihn doch geh\u00f6rt. N\u00e4chstes Jahr! So wahr ich der Teufel bin! - Auf sein Wort scheint der Bursche doch selbst einigen Wert zu legen. Also selbst wenn er morgen auftauchen sollte: F\u00fcr dies Jahr ist die Sache erledigt. \u00dcbrigens\u201c - wobei Jack mit den Fingerkn\u00f6cheln auf die Theke pochte - \u201edicken Dank, Alter. Ohne dich w\u00e4r\u00b4 die Nummer wohl kaum so geschmeidig \u00fcber die B\u00fchne gegangen.\u201cRawlins winkte ab. \u201eKein Ding, Jack O. Wof\u00fcr hat man schlie\u00dflich Freunde?\u201c Der Wirt schien sich kurz zu besinnen; dann griff er unter seine speckige Sch\u00fcrze und zog einen Notizblock darunter hervor. \u201eAu\u00dferdem w\u00e4re ich sch\u00f6n bl\u00f6d, dich so mir nichts, dir nichts zur H\u00f6lle fahren zu lassen \u2026\u201cJack sah den Block und ahnte Arges. \u201e\u2026 bei dem, was du hier aktuell so alles auf den Deckel hast.\u201c Rawlins grinste breit. Jack jaulte auf. Rawlins tat \u00fcberrascht. \u201eSag\u00b4 jetzt blo\u00df, du hast gerade kein Geld dabei. - Na, so was!\u201cJack winselte. Rawlins t\u00e4tschelte ihm mitf\u00fchlend das K\u00f6pfchen. \u201eKein Problem. Du wei\u00dft ja mittlerweile, wo Eimer und Wischmopp stehen. Und wie man fleckige Gl\u00e4ser auf Hochglanz poliert, wei\u00dft du auch. Wie man Fenster streifenfrei putzt. Ach ja, und die Toiletten \u2026 huuu!\u201cJack bereute aufrichtig, innig all seine S\u00fcnden, aufrichtiger und inniger, als er es wohl selbst in der H\u00f6lle getan h\u00e4tte. Doch es half \u0001 \u0002 morgigen Halloweenabend w\u00fcrde Rawlins\u00b4 Pub zur Feier des Tages gl\u00e4nzen und strahlen wie ein frisch geschliffener \u0001 \u0002 sei Dank.",
            "wordcount": "1.487",
            "chapter_release": "30.10.2022",
            "chapter_number": "5"
        },
        "6": {
            "text": "Dies Kapitel ist ein Gastbeitrag meiner und unserer hochgesch\u00e4tzten Kollegin Kathi alias Kate \u0001 \u0002!Es war Oktober, kurz vor der Nacht der N\u00e4chte, als Jack dieses Ungl\u00fcck gerade bewusst geworden \u0001 \u0002 starrte Jack in sein Bierglas, das bis auf ein wenig traurigen Schaum auf dem Glasboden leer \u0001 \u0002 waren ungl\u00fcckliche \u0001 \u0002 Pest ging durchs Land, rottete ganze D\u00f6rfer aus und hinterlie\u00df nur Tod und noch mehr \u0001 \u0002 Hunger, den hinterlie\u00df sie \u0001 \u0002 den Feldern wuchs das Korn, doch niemand kam, um es \u0001 \u0002 meisten Bauern hatte die Pest \u0001 \u0002 gab ein Seufzen von sich und sah sich \u0001 \u0002 in diesem Wirtshaus herrschte frohes \u0001 \u0002, die miteinander anstie\u00dfen, leichte Damen, die um Kundschaft buhlten, und nicht zuletzt wurde wild miteinander getanzt. Es roch nach Schwei\u00df, Alkohol und ein wenig nach \u2013 Schwefel \u2026?Der Mann, den der Teufel schon so herzlich lange zu sich in die H\u00f6lle holen wollte, bestellte bei der vollbusigen Bedienung noch ein weiteres \u0001 \u0002 sollte er den H\u00f6llenf\u00fcrsten blo\u00df dieses Mal an der Nase herumf\u00fchren?Er wollte gerne noch ein wenig \u0001 \u0002 musste ein meisterhafter Plan \u0001 \u0002 habe sie seine Gedanken gelesen, trat aus einer Ecke des Pubs eine h\u00fcbsche, rothaarige Frau hervor. Sie trug einen langen, dunkelgr\u00fcnen Umhang und einen lustigen Hut.\u201eGuten Abend\u201c, begr\u00fc\u00dfte sie ihn h\u00f6flich und ihr von Sommersprossen \u00fcbers\u00e4tes Gesicht \u00fcberflog ein m\u00fcdes L\u00e4cheln.\u201eIch hab kein Geld f\u00fcr \u2026 na ja \u2026\u201c, stotterte Jack, der nicht nur ziemlich angetrunken, sondern auch wirklich ziemlich knapp bei Kasse war. Die Dame sch\u00fcttelte den \u0001 \u0002 ihren Beinen schl\u00e4ngelte sich eine schwarze Katze ihren Weg nach vorne, die Jack anmiaute. \u201eSeid Ihr es nicht, der den Teufel von Jahr zu Jahr in den Wahnsinn treibt?\u201c, erkundigte sie sich \u0001 \u0002 \u00fcberkam eine G\u00e4nsehaut und er legte den Finger an die \u0001 \u0002 Ende war diese H\u00fcbsche der Gevatter pers\u00f6nlich oder eine, die in seinen Diensten \u0001 \u0002 gab es da einige Hinweise, die auf nichts Gutes \u0001 \u0002 Jack hatte ja bekanntlich mehr Gl\u00fcck als Verstand, also folgte er der Dame \u0001 \u0002 Augenblicke sp\u00e4ter spazierten Jack und die Dame mit dem albernen Hut durch das Dorf oder das, was davon noch \u00fcbriggeblieben \u0001 \u0002 L\u00e4den waren geschlossen, auf den Stra\u00dfen sammelte sich der Unrat und Ratten huschten immer wieder durch die \u0001 \u0002 dieser Gestank erst!Es war ein \u0001 \u0002 waren Jacks Gedanken ein Trauerspiel, je mehr er an das bevorstehende Halloweenfest dachte. Der Mann seufzte theatralisch, was die Aufmerksamkeit der Dame erregte.\u201eAlso, Jack \u2026 Ich habe einen Plan, wie Sie auch dieses Jahr dem Luzifer entkommen k\u00f6nnen\u201c, fl\u00fcsterte sie und l\u00e4chelte anschlie\u00dfend.\u201eAber um welchen Preis?\u201c, schoss es sofort aus Jacks Mund. Verdammt, er sollte sich zusammenrei\u00dfen! \u201e\u0001 \u0002, sagen wir, ich bin vom anderen Lager \u2026\u201cJack verstand nicht, was dieses Weib von ihm wollte!Fragend sah sie ihn an:\u201cNun, Ihr versteht nichts, oder?\u201cDer Mann sch\u00fcttelte den \u0001 \u0002 Frau zeichnete mit ihren Stiefeln ein Pentagramm in den dreckigen Boden. \u201eGuter Mann, ich bin eine \u0001 \u0002 eine \u0001 \u0002 Schwestern und ich \u2026 wir w\u00fcrden Ihnen helfen.\u201cUnd so begann sie von ihrem Plan zu berichten \u2026***Es war Vollmond in dieser nebeligen Nacht des 31. \u0001 \u0002 Teufel ritt gerade in das Dorf, in dem die Pest \u0001 \u0002, dass der vierte apokalyptische Reiter auch endlich mal wieder arbeiten durfte!Doch nicht zu viel \u00dcberschwung an diesem verfluchten Tage!Dem K\u00f6nig der H\u00f6lle graute es davor, Jack \u0001 \u0002 musste erst einmal ein Menschlein schaffen, den Teufel in Angst und Schrecken zu versetzen. Luzifer betrat die knorrige H\u00fctte, in der er Jack \u0001 \u0002 brannte lediglich eine kleine Kerze in der viel zu gro\u00dfen Stube.\u201eAmateure!\u201c, schimpfte der Teufel, und mit einer geschickten Handbewegung hatte er das Kaminfeuer angez\u00fcndet. \u201eJaaaack \u2026. Es ist Zeit!\u201c, sprach er und benutzte dabei seine d\u00e4monische Stimme und rieb sich verschw\u00f6rerisch die H\u00e4nde. Doch pl\u00f6tzlich zuckte der Teufel vor Schreck \u0001 \u0002 Baby schrie aus der \u0001 \u0002 lief er in Richtung der anderen Stube, doch in dieser befand \u0001 \u0002 Licht einer trostlosen Kerze, ein altes Weib in einem Bett, das schwer atmete. Eine Sterbende?Aus der Dunkelheit trat nun Jack, der ein blakendes \u00d6llicht in der Hand hielt. Was war das denn jetzt f\u00fcr ein Auftritt?, dachte der Teufel ver\u00e4chtlich.\u201eGuten Abend, H\u00f6llenf\u00fcrst!Ich bin gekommen, um Euch ein Angebot zu machen, dass Ihr niemals ablehnen k\u00f6nnt!\u201c\u201eJACK!Sofort mitkommen, keine Zeit f\u00fcr Diskussionen \u2026.\u201cDoch dieser Rotzl\u00f6ffel hatte den Mut, den Teufel zu unterbrechen.\u201eIch biete Euch zwei Seelen zum Preis von einer!Also Meiner!\u201c, sprach Jack und zeigte auf sich. \u201e\u00c4hm, was?!\u201cJack stellte das Licht beiseite, setzte sich in den Schaukelstuhl neben dem Bett der Alten und wippte vor und \u0001 \u0002 H\u00f6llenf\u00fcrst kratzte sich nachdenklich am Kinn.\u201eGenau, Ihr bekommt diese alte, abgelebte Seele und dieses reine, unschuldige Wesen \u2026\u201c\u201eUnd deine Seele?\u201c, knirschte der Teufel ungeduldig. \u201eAch, die holst du einfach n\u00e4chstes Jahr. Oder im Jahr darauf oder \u2026 oder \u2026\u201cDer Mann kam n\u00e4her und reichte dem K\u00f6nig der D\u00e4monen die Hand, woraufhin der Teufel \u0001 \u0002 einem lauten Knall, einer Wolke aus lila Staub und einem Duft nach Puderzucker verwandelte sich die \u0001 \u0002 hustete heftig und \u00f6ffnete wieder die \u0001 \u0002, wo der Teufel gestanden hatte, sa\u00df nun ein schwarzes Meerschweinchen, das erb\u00e4rmlich \u0001 \u0002 alte Weib war aufgestanden und hatte seine ganze Hexenpracht erscheinen lassen. Es handelte sich hierbei um niemand Geringeren als die Rothaarige, die Jack geholfen \u0001 \u0002 Baby hatte sich wieder in einen Laib Brot zur\u00fcckverwandelt. \u201eEs hat funktioniert!\u201c, rief die Hexe freudig und klatschte in die H\u00e4nde.\u201eNun, Gudrun, ich bin Euch etwas schuldig\u201c, stammelte Jack, doch Gudrun l\u00e4chelte nur.\u201eDer alte Zausel hier durchkreuzte auch unsere Pl\u00e4ne, die Welt zu einem besseren Ort zu machen \u2026 und so wird er dich bis n\u00e4chstes Jahr in Ruhe \u0001 \u0002 sei beim n\u00e4chsten Halloween auf der Hut, denn bis dahin l\u00e4sst der Zauber nach \u2026!\u201cJack hatte mehr Gl\u00fcck als Verstand gehabt, als er in dieser Nacht zufrieden seine Augen \u0001 \u0002 tr\u00e4umte vom Hexensabbat bei Vollmond, Kr\u00e4utertee und fliegenden Meerschweinchen auf winzigen Hexenbesen.",
            "wordcount": "1.018",
            "chapter_release": "31.10.2022",
            "chapter_number": "6"
        },
        "7": {
            "text": "\u2026 Und wieder \u0001 \u0002 und der Teufel sa\u00dfen Seit\u00b4 an Seit\u00b4 in Jacks Stamm-Pub an der Bar. Beide wussten, was die Stunde geschlagen hatte. Wieder mal. \u0001 \u0002 H\u00f6llenf\u00fcrst wirkte entspannt, beinah jovial. Ein Wort nur von ihm, und Jack w\u00fcrde schnurstracks zur H\u00f6lle fahren. Schneller, als wer \u201eUpps!\u201c sagen konnte. Jack nippte an seinem mittlerweile obligatorischen letzten Drink. \u201eEs hei\u00dft, der Teufel l\u00fcgt, wann immer er das Maul aufmacht.\u201c Vielleicht war es auch sein vorletzter. \u201eSag\u00b4 doch mal - stimmt das?\u201cDer Teufel klappte das Maul auf \u2013 und wieder zu. Er schien zu \u00fcberlegen. Schlie\u00dflich zuckte er mit den Schultern und grinste verschlagen. \u201eKann sein.\u201cJack trank aus. \u201eWenn es sein kann, kann es also nicht sein. Du sagst die Wahrheit. Gewisserma\u00dfen. Eben weil und indem du l\u00fcgst.\u201cDer Teufel blinzelte.\u201eIndem du l\u00fcgst, sagst du die Wahrheit. Die Wahrheit ist allerdings eine L\u00fcge. Richtig?\u201c\u201eIch \u2026\u201c Der Teufel z\u00f6gerte. Jack winkte ostentativ gelangweilt ab. \u201eGeschenkt. Sag\u00b4s nicht. Wer einmal l\u00fcgt, dem glaubt man nicht, und wenn er auch die Wahrheit spricht. Verwirrung stiften. Ist ja bekanntlich genau dein Ding.\u201c Jack orderte noch ein letztes Glas. \u201eDer Geist, der stets verneint. Ha! Der Trick ist allerdings ziemlich altbacken. Und reichlich durchschaubar.\u201cDer Teufel runzelte die Stirn und verfiel in dumpfes \u0001 \u0002 das n\u00e4chste Glas ebenfalls leer war, warf Jack ein paar M\u00fcnzen auf den Tresen und erhob sich. \u201eGehen wir?\u201cDer Teufel blickte leicht verwirrt zu ihm auf. \u201eSicher.\u201cJack l\u00e4chelte fein. \u201eAlso gehen wir nicht?\u201cDer Teufel sprang vom Barhocker. \u201eOh doch, Freundchen, wir gehen! Mit derart wohlfeilen Spielchen kommst du mir nicht mehr davon!\u201c\u201eKomme ich nicht?\u201c\u201eNein, kommst du \u2026\u201cDer hohl widerhallende Schlag der Standuhr hinter der Theke schnitt ihm das Wort ab. Vier dumpfe T\u00f6ne, gefolgt von einem exakt bemessenen Dutzend. Mitternacht. Halloween war vor\u00fcber, das Allerheiligen-Fest war angebrochen. Des Teufels Frist war damit abgelaufen. Zumindest f\u00fcr dieses Jahr. \u201eL\u00fcgner\u201c, attestierte Jack, wandte sich ruhig ab und ging.\u201eIst nicht wahr jetzt, oder?!\u201c, h\u00f6rte er den Teufel in seinem R\u00fccken greinen. Irgendwo in der Ferne kr\u00e4hte bronchitisch kr\u00e4chzend ein Hahn \u2026 Jack schlug die Augen auf und blinzelte ins grelle Tageslicht. Nanu?! Schnell blickte er aufs \u0001 \u0002 \u0001 \u0002, alles nur getr\u00e4umt!Aber die Finte schien durchaus bedenkenswert. Oder war der Trick tats\u00e4chlich altbacken?Jack \u00fcberlegte. Noch sieben Monde bis Halloween \u2026",
            "wordcount": "389",
            "chapter_release": "31.10.2022",
            "chapter_number": "7"
        },
        "8": {
            "text": "I\u2026 Jack hatte n\u00e4mlich irgendwann im Laufe des Jahres abends im Pub gegen\u00fcber einem Fremden ausgeplaudert, dass seit einiger Zeit einmal im Jahr der Teufel bei ihm aufkreuzte, um ihn zur H\u00f6lle fahren zu lassen, was er, Jack, jedoch bislang stets - mehr oder weniger vors\u00e4tzlich - zu verhindern gewusst \u0001 \u0002 Fremder entpuppte sich prompt als Mitglied einer Sekte von Satanisten, und im Austausch gegen ein paar Drinks erz\u00e4hlte Jack ihm haarklein von seinen eigenen bisherigen satanischen Begegnungen an Halloween. Vor die Aussicht gestellt, die ganze Nacht so viel zu trinken, wie er wollte - die Rechnung werde nachher aus der Sektenkasse beglichen \u2013 willigte Jack au\u00dferdem umstandslos darin ein, dass die Sektenmitglieder \u2013 so viele waren es wohl nicht \u2013 am kommenden Halloween bei der dann wieder zu erwartenden Manifestation ihres Idols zugegen sein d\u00fcrften. Einfacher, stellte Jack mit Genugtuung fest, war er wohl noch nie zu einer ganzen Nacht voll kostenloser Drinks gekommen \u2013 und w\u00fcrde es wohl auch so bald nicht \u0001 \u0002 kam, und mit der vagen Hoffnung auf ein weiteres Sponsoring fand Jack sich beizeiten im Clubhaus der Satanisten ein, wo man ihn zwar freudig, aber ohne inspirierenden Begr\u00fc\u00dfungsumtrunk, aufnahm. Die Sektenanh\u00e4nger \u2013 es waren exakt dreizehn an der Zahl und ausnahmslos M\u00e4nner \u2013 waren uniform in schwarze Kutten geh\u00fcllt und trugen jeder ein klobiges umgekehrtes Holzkreuz an einer Kette um den Hals. Die Zahl Dreizehn gab Jack kurz zu denken, stand sie doch beim Volk in Verdacht, Ungl\u00fcck zu generieren. Jedoch besann er sich schnell und wischte den Gedanken als abergl\u00e4ubischen Unfug beiseite. Denn Jack mochte vieles sein \u2013 abergl\u00e4ubisch war er bestimmt nicht. Die Sektierer geleiteten Jack alsdann in ihren Zeremonienraum, in dem sie ihre schwarzen Messen zu Ehren von Jacks allj\u00e4hrlichem Plagegeist abzuhalten pflegten. Jack staunte nicht schlecht. An den schwarz gestrichenen W\u00e4nden hingen \u2013 warum auch immer \u2013 diverse Spiegel in diversen Formen und Gr\u00f6\u00dfen. In der Mitte des Raums befand sich ein rundes Becken, etwa anderthalb Yards im Durchmesser, das Jack spontan an ein Taufbecken erinnerte. Wie er erfuhr, diente jenes Becken tats\u00e4chlich ebendiesem Zweck. Hier wurden n\u00e4mlich alle Mitglieder der Sekte in Satans Namen getauft. Das Wasser im Becken sei zwar Weihwasser, aber eben Satan geweiht. Jack schn\u00fcffelte. Immerhin \u2013 Alkohol schien es nicht zu enthalten. Das Angebot, sich ebenfalls noch schnell in Teufels Namen taufen zu lassen, schlug Jack daher h\u00f6flich aus. Eventuell sp\u00e4ter. Wenn dazu entsprechende Getr\u00e4nke gereicht \u0001 \u0002 der Mitte des Beckens erhob sich auf einem kleinen Podest ein weiteres kopfstehendes Kreuz, diesmal aus Stein. In einer Nische des Raums ersp\u00e4hte Jack au\u00dferdem eine Art Futterkrippe. In einem \u00e4hnlichen Teil, erinnerte er sich, hatte er mangels Bett als Kind schlafen m\u00fcssen. Die sei f\u00fcr den Bock, dem die Satanisten an gewissen Feiertagen zu Ehren Luzifers den Arsch k\u00fcssten, wurde Jack erkl\u00e4rt. Walpurgisnacht, Mittsommersonnenwende \u2026 Jack h\u00e4tte gern gewusst, ob die Sektierer beabsichtigten, dem Teufel, wenn der sich einfand, ebenfalls den Arsch zu k\u00fcssen, behielt seine Neugier jedoch f\u00fcrs Erste f\u00fcr sich. Die Sektierer versammelten sich nun mit Jack gemeinsam um ihr satanistisches, mit dem umgekehrten Teufelskreuz verziertes Taufbecken, um den Leibhaftigen zu beschw\u00f6ren. Da Jack kein Latein konnte \u2013 und erst recht nicht r\u00fcckw\u00e4rts gesprochen \u2013 beschr\u00e4nkte er sich auf die Rolle des and\u00e4chtigen \u0001 \u0002 monotone Singsang der Sektierer hatte Jack derma\u00dfen eingelullt, dass ihm schon halb die Augen zufielen, als es pl\u00f6tzlich vernehmlich nach Schwefel roch. Und es passierte tats\u00e4chlich das, was die Luziferj\u00fcnger sehnlichst herbeigesehnt hatten, w\u00e4hrend Jack im Grunde gut und gern darauf verzichten h\u00e4tte: Der H\u00f6llenf\u00fcrst pers\u00f6nlich manifestierte sich rauchumw\u00f6lkt in ihrer Mitte, auf der Oberseite des umgekehrten Kreuzes inmitten des Beckens hockend \u2013 und mit einem kaum weniger erstaunten Gesichtsausdruck als alle anderen im Raum \u2013 ausgenommen \u0001 \u0002 perplex sie angesichts der leibhaftigen Materialisierung ihres selbsterw\u00e4hlten Herrn auch sein mochten \u2013 die dreizehn schwarzen Kutten hatten sich schon in ostentativer Anbetung wacker zu Boden geworfen, als der Teufel immer noch Knopfaugen machte \u2013 wobei sein Blick zuerst an Jack h\u00e4ngenblieb, der sich ebenfalls verwundert umschaute und sich fragte, warum pl\u00f6tzlich alle auf den B\u00e4uchen lagen \u2013 und dann auf die zahlreichen Spiegel an den W\u00e4nden des Raums \u0001 \u0002 war sicher nicht der Einzige, der sichtlich zusammenzuckte, als der Teufel auf dem umgekehrten Kreuz unvermittelt schrill aufkreischte. Den Grund daf\u00fcr erkannte Jack aber wohl als Erster, als seine Augen dem Blick des Herrgotts der H\u00f6lle \u0001 \u0002 den Spiegeln ringsum zeigte sich n\u00e4mlich reihenweise ebenfalls ein Kreuz \u2013 jedoch kein nach satanistischer Manier umgekehrt kopfstehendes, nein, vielmehr ein Kreuz, wie jeder aufrechte Christ es inbr\u00fcnstig anbetet und \u0001 \u0002 Grund f\u00fcr dieses Ph\u00e4nomen war indes keine manifeste Intervention des Heiligen Geistes. Vielmehr war die Ursache rein optischer \u0001 \u0002 seinem erh\u00f6hten Standpunkt auf dem Kreuz aus sah der Teufel n\u00e4mlich zwar nicht das Kreuz und sich selbst in den Spiegeln, wohl aber die ebenfalls spiegelnde Oberfl\u00e4che des Wassers im Becken. Die ihrerseits das umgekehrte Kreuz in ihrer Mitte reflektierte. Die doppelte Spiegelung hatte nun den kuriosen, allerdings absolut logischen optischen Effekt, dass besagtes Kreuz gewisserma\u00dfen wieder vom Kopf auf die F\u00fc\u00dfe beziehungsweise den Fu\u00df gestellt wurde. Jack dagegen stand im von den Wandspiegeln gespiegelten Wasserspiegel auf dem Kopf, w\u00e4hrend der Teufel g\u00e4nzlich unsichtbar blieb, da der Teufel bekanntlich kein Spiegelbild \u0001 \u0002 spitze Schrei des Entsetzens, der des Leibhaftigen Brust entfleucht war, hatte auch seine J\u00fcnger neugierig gemacht, die sich nun einer nach dem anderen zaghaft wieder vom Steinboden \u0001 \u0002 erinnern uns: Jack stand im Wasserspiegel upside down, und so standen die M\u00e4nner in den schwarzen Kutten mit den klobigen umgekehrten Kreuzen um die H\u00e4lse nun ebenfalls samt und sonders auf dem Kopf \u2013 und ihre Kreuze also auch, weshalb dem Teufel aus den Spiegeln nun pl\u00f6tzlich statt einem \u2013 was f\u00fcr sich genommen schon \u00fcbel genug war - insgesamt vierzehn umgekehrt umgekehrte Kreuze \u0001 \u0002 war selbst f\u00fcr den B\u00f6sesten der B\u00f6sen zu viel des Guten. Wohl hob er noch drohend die zur Faust geballte Klaue in Jacks Richtung und zwitscherte ein gepresstes \u201eN\u00e4chstes Jahr, Jack, n\u00e4chstes Jahr \u2026\u201c \u2013 dann r\u00e4umte der Prinzipal der H\u00f6lle seinen Platz im Zentrum des satanistischen Zeremonienareals, indem er relativ bescheiden zu einem Schwefelw\u00f6lkchen verpuffte, das, obgleich die Luft im Raum mangels Fenster oder Kamin praktisch stand, umgehend verwehte. Jack sah all dies von seinem Standpunkt aus in einem der gegen\u00fcberliegenden Wandspiegel, zwischen zweien der Schwarzkutten hindurch. Im Spiegel hing der Teufel kopf\u00fcber am unteren Ende eines gottgef\u00e4llig proportionierten, ansonsten v\u00f6llig unverd\u00e4chtigen Kirchenkreuzes. Mit einem Gesicht wie das sprichw\u00f6rtliche Karnickel im Scheinwerferlicht. Im n\u00e4chsten Augenblick war er weg. IIIZum zweiten Mal binnen einer knappen Minute (denn l\u00e4nger hatte der ganze \u2013 sagen wir ruhig \u2013 Spuk nicht gedauert) machten die Satanisten Mondgesichter, freilich diesmal ohne erkennbaren Willen, sich wieder zu Boden zu begeben. \u201eWas ist? Wo ist er hin? Wieso ist er \u2026? Was hast du \u2026?\u201c Und aller Augen Blicke fixierten \u0001 \u0002 schwante Arges. Das weniger theologische als praktisch handfeste Prinzip des S\u00fcndenbocks kannte er aus eigener leidvoller Erfahrung nur allzu gut, schienen Typen seines Schlags f\u00fcr dieses Amt doch \u2013 aus welchen Gr\u00fcnden auch immer \u2013 geradezu \u0001 \u0002 versp\u00fcrte pl\u00f6tzlich dr\u00e4ngenden Durst. Nach etwas anderem allerdings als Wasser. Weder wem auch immer geweihtem noch sonst welchem. \u201eVielleicht sollte man in Zukunft auf derart christlich verbr\u00e4mten Zierrat und Brimborium verzichten\u201c, dozierte er die zahlreich im Raum versammelten Kreuze betreffend. \u201eJetzt ist meine H\u00f6llenfahrt erneut umdisponiert worden. Ts, ts.\u201c Dreizehn Augenpaare folgten ihm, wie er sich stattdessen selbst beil\u00e4ufig Richtung Ausgang disponierte. \u201eH\u00f6chst fatal und \u00e4rgerlich \u2013 f\u00fcr euren Chef \u2026 und auch f\u00fcr mich!\u201cSprach\u00b4s und empfahl sich im Laufschritt. Aus weiteren erhofften kostenlosen Drinks war mal wieder nichts geworden. Also musste wie \u00fcblich das letzte Ersparte dran glauben. Immerhin war die Sache ein weiteres Mal glimpflich f\u00fcr ihn ausgegangen. Wenn das so weitergeht, ging Jack sp\u00e4ter beim x-ten Stout durch den Kopf, sterb\u00b4 ich noch an Altersschw\u00e4che, bevor der Teufel seinen Schwur einl\u00f6st \u2026",
            "wordcount": "1.288",
            "chapter_release": "01.11.2022",
            "chapter_number": "8"
        },
        "9": {
            "text": "I\u2026 Und dann, tja, dann fand sich Jack eines Tages (wir d\u00fcrfen wohl sicher annehmen: es war an einem Halloween-Abend) tats\u00e4chlich in der H\u00f6lle \u0001 \u0002 war es dazu gekommen? Hatte unser Held vor lauter Trunkenheit den Termin v\u00f6llig vergessen? Oder waren ihm schlicht die Ideen ausgegangen, sich ein weiteres Mal aus der Aff\u00e4re zu ziehen? War er das ganze Getue, Jahr um Jahr, endg\u00fcltig leid?Wir wissen es \u0001 \u0002 wir jedoch wissen: Jack war, wie er war, in die Unterwelt transferiert worden - in Rock, Hosen und Stiefeln; mit allerlei wert- und nutzlosem Plunder in den Rocktaschen; nebst seiner chronisch klammen B\u00f6rse \u2013 in der sich jedoch nach wie vor jenes kleine silberne Kreuz befand, welches seine selige Mutter ihm dereinst vermacht und das ihm bei seiner allerersten Begegnung mit dem Teufel so wertvolle Hilfe geleistet \u0001 \u0002 mag dem h\u00f6llischen Treiben, in dem er sich unvermittelt wiederfand, geschuldet sein, dass Jack sich nun pl\u00f6tzlich an den fast schon vergessenen Talisman erinnerte. Umweht von finsteren Schatten, umtost vom Gel\u00e4chter und Gegr\u00f6hle unz\u00e4hliger D\u00e4monen und anderer h\u00f6llischer Kreaturen, im blutroten Schein der H\u00f6llenglut, holte Jack mit vor Grauen klammen Fingern seinen Geldbeutel hervor und fischte das unscheinbare, geweihte und gesegnete Kleinod \u0001 \u0002 schauderhaft erscholl da das Gebr\u00fcll und Geschrei, das Heulen und Z\u00e4hneknirschen der alteingesessenen D\u00e4monen und niederen Geister wie auch manch verdorbener Seele, die zurecht an diesem unheiligsten aller Orte ihr Heim f\u00fcr die Ewigkeit gefunden \u2013 als sie unter sich Einen gewahrten, der das lieder- und l\u00e4sterlichste aller Symbole bei sich \u0001 \u0002 wei\u00df nicht \u2013 auch wir nicht \u2013 wie oft in der H\u00f6lle tats\u00e4chlich die sprichw\u00f6rtliche H\u00f6lle los ist. In diesem schicksalhaften Augenblick aber war sie\u00b4s zweifellos. Schon versammelte sich, Pech und Schwefel speiend, die kunterbunte H\u00f6llenbrut um unseren wackeren Helden, um ihn zu h\u00e4uten, zu pf\u00e4hlen, auszuweiden und dergleichen mehr und ihn alsdann tausend Jahre in der glosensten Glut des H\u00f6llenfeuers zu r\u00f6sten \u2013 da ert\u00f6nte pl\u00f6tzlich, dr\u00f6hnend und mit m\u00e4chtigem Echo, eine schnarrende Stimme von all umher, die Jack, dem bei dem Treiben ringsum wohl noch etwas mehr als nur das Herz in die Hose gesackt war, nur allzu vertraut \u0001 \u0002 genau die Stimme sagte, verstand er zwar nicht, denn genaugenommen klang es mehr wie ein Bellen als wie wohl artikulierte Worte, der Effekt war indes verbl\u00fcffend. Das mannigfaltige H\u00f6llengez\u00fccht, das Jack gerade noch ad infinitum zu Tode foltern wollte, verstummte schlagartig, schaute mehrheitlich betreten zu Boden und trollte sich alsdann, hier und da wohl verhalten murrend, dorthin zur\u00fcck, wo immer es hergekommen sein mochte. Jack atmete tief durch \u2013 und versp\u00fcrte prompt eine unangenehme Trockenheit im Hals, die wohl auch der schwefligen Atmosph\u00e4re geschuldet sein mochte. Er drehte sich einmal im Kreis und sah sich um. Der Teufel hat den Schnaps gemacht (gemacht im Sinne von: erfunden), wei\u00df der Volksmund. Der Teufel mag auch ein Junker sein \u2013 sonderlich gesch\u00e4ftst\u00fcchtig war er indes offenbar nicht, argw\u00f6hnte Jack. Denn dann h\u00e4tte er seine Erfindung gewiss patentieren lassen \u2013 oder w\u00e4re doch zumindest selbst ins Spirituosengesch\u00e4ft eingestiegen. Jedoch vermochte Jack, wenigstens hier an Ort und Stelle auf des Teufels ureigenem Terrain, weit und breit keine Brennerei, Brauerei oder Destille auszumachen. Und erst recht keinen Pub. Hier gab es bei genauerer, n\u00fcchterner Betrachtung rein gar nichts. G\u00e4hnende, deprimierende \u00d6dnis \u0001 \u0002 war noch damit besch\u00e4ftigt, sich \u00fcber diese neue Erkenntnis zu wundern, da sp\u00fcrte er pl\u00f6tzlich schwer den Griff einer gewaltigen Klaue auf der Schulter. Von frischer Panik durchzuckt, wirbelte er herum wie ein Kreisel. Obgleich Jack ihn noch nie in dieser Ausf\u00fchrung erblickt hatte, erkannte er doch auf Anhieb, wer der da vor ihm stand. In seiner ihm ureigenen Gestalt. Sch\u00f6n sah er nicht aus, beileibe nicht. Und gutgelaunt erst recht nicht. II\u201eMein Fehler\u201c, grollte es dumpf aus dem uns\u00e4glichen Maul, w\u00e4hrend aus den schweinsnasigen N\u00fcstern sich feine Rauchf\u00e4den ringelten. Eine dunkle, hornige, gekr\u00fcmmte Kralle zeigte auf das Kreuz in Jacks Hand.\u201eDieses sechshundertsechsundsechzigmal verfluchte, garstige Ding! Ich h\u00e4tte dich sorgf\u00e4ltig abklopfen sollen, bevor ich dich herbrachte.\u201c Der Teufel sch\u00fcttelte bedauernd das unf\u00f6rmige Haupt. In Jack regte sich was. Beinah h\u00e4tte er f\u00fcr den anderen so was wie Mitleid empfunden. \u201eVerschwinde, Verdammter!\u201c, zischte der Teufel. \u201eHinaus aus meinem Reich! Auf ewig!\u201cJack stutzte. Damit hatte er nun am allerwenigsten gerechnet.\u201eAber \u2026 wie \u2026 wo \u2026 wo soll ich denn hin?\u201cJack \u00fcberflog im Geiste blitzschnell seine Optionen. Ihm war irgendwie intuitiv klar, dass er im Himmel, wo er an sich schon ziemlich schlechte Karten gehabt h\u00e4tte, nun, da er in der H\u00f6lle gewesen w\u00e4re, \u00fcberhaupt keine mehr hatte. Zumindest keine, die zum Eintritt berechtigte. Petrus\u00b4 Pforte w\u00fcrde sich seiner armen Seele keinen Spalt weit auftun. Nimmer!Auf Erden indes w\u00e4re er von nun an f\u00fcr alle Zeiten auf ewig ein Verfluchter, ein wandelnder Schatten, ein Gespenst, ein Spuk. Eine heimatlose Seele, zum Himmel nicht befugt, aus der H\u00f6lle versto\u00dfen, nichts und niemandem zugeh\u00f6rig, ein Auss\u00e4tziger, ein geisterhafter Tippelbruder, ein metaphysischer Penner. Jack fr\u00f6stelte. In der H\u00f6lle. Woanders h\u00e4tte er hier\u00fcber laut gelacht. \u201eDa, nimm!\u201c Damit dr\u00fcckte der H\u00f6llenf\u00fcrst Jack etwas in die Hand. Als der sah, dass es ein St\u00fcck glimmender Kohle war, wollte er es schon reflexhaft fallen lassen \u2013 als ihm zweierlei zu Bewusstsein kam. N\u00e4mlich erstens, dass man reflexhaft gar nichts wollen kann; und zweitens, dass die H\u00f6llenkohle keineswegs so gl\u00fchend hei\u00df war, wie sie den optischen Anschein erweckte.\u201eWas soll ich damit?\u201c Jacks Konfusion wuchs und wuchs. \u201eSteck\u00b4s dir sonst wohin\u201c, schnaubte sein Gegen\u00fcber, und seine katzenhaften Augen glommen dabei noch weit finsterer als der dunkle Brocken in Jacks Hand, \u201eund jetzt zieh\u00b4, verdammt noch mal, endlich Leine \u2026 oder ich \u00fcberleg\u00b4 mir\u00b4s anders und pfeife meine Knechte zur\u00fcck, die gerade so gewaltiges Interesse an dir bekundet haben.\u201cW\u00e4hrend Jack noch dastand wie bestellt und nicht abgeholt und den Mund aufklappte, um zu versichern, dass das ganz sicher nicht n\u00f6tig sein w\u00fcrde, f\u00fchlte er sich pl\u00f6tzlich von einem m\u00e4chtigen Wind erfasst, der ihn erst hinauf in die schwefeligen L\u00fcfte wirbelte und dann immer weiter und weiter wehte, bis die H\u00f6lle seinen Blicken entschwand und er schlie\u00dflich nurmehr vollkommen haltlos durch eine pechschwarze, totenstille, bodenlose Leere wieder hinabsank, tiefer und tiefer und noch ein St\u00fcck tiefer, und sein letzter Gedanke war wohl: So f\u00fchlt sich also sterben an. Und sein allerletzter: Wie gern h\u00e4tte ich jetzt einen Drink ...",
            "wordcount": "1.040",
            "chapter_release": "02.11.2022",
            "chapter_number": "9"
        }
    },
    "title": "Die Legende von Jack mit der Laterne oder wie man den Teufel nasf\u00fchrt",
    "topic": "unspecified",
    "release": "\n28.10.2022\n\t\t\t\t\t\t",
    "author": "Robert Martschinke"
}