{
    "tags": [],
    "chapcount": "41",
    "wordcount": "11.807",
    "chapters": {
        "1": {
            "text": "Die Schneide der rabiat geschwungenen Machete schlug im Sch\u00e4del des Posthumanen ein und spaltete ihn wie eine \u0001 \u0002 wurde der sonst so angespannte K\u00f6rper des Monsters schlapp und sackte zusammen. Der ruppige Mann mit der mit Fell bestickten Biker-Jeansjacke zerrte seine Waffe aus dem Kadaver hervor und wischte eine daran klebende, graue Masse am Hosenbein des Get\u00f6teten ab, w\u00e4hrend er h\u00e4misch lachte. Seine drei Kumpel, ebenfalls in Biker-Montur, stimmten triumphierend ein.\u201eVielleicht geht dir eines Tages ja wirklich mal ein Benzindieb in die Falle!\u201c, zeterte ein Mann mit rotem Vollbart.\u201eDann wird sich dieser arme Teufel w\u00fcnschen, nie geboren worden zu sein!\u201c, br\u00fcllte der Kerl mit der Machete \u0001 \u0002 l\u00f6ste die an einer Kette befestigte B\u00e4renfalle vom Fu\u00dfgelenk des Posthumanen, klappte sie einsatzbereit auf und versteckte sie wieder im hohen Gras.\u201eAber bis sich das jemand traut, musst du dir mit den Stinkern die H\u00e4nde dreckig machen!\u201c, lachte ein Dritter mit Tribal-Tattoo im \u0001 \u0002 war gerade dabei, \u00fcber einen dicken Schlauch Benzin aus einem Kesselwagen abzupumpen und in ein nebenstehendes Tankfahrzeug zu \u0001 \u0002 vierter Kerl mit Irokesenschnitt tankte derweil zwei Harley-Davidsons mit einem Kanister auf. Als er fertig war, wischte er sich den Schwei\u00df von der Stirn und blickte nach oben in den wolkenklaren Himmel. Ein Habicht flog kreischend \u00fcber den verlassenen G\u00fcterbahnhof hinweg. Die hei\u00dfe Sommerluft flimmerte \u00fcber den rostigen Blechd\u00e4chern der zahlreichen Waggons und erschuf aus dem Nichts wabernde Schemen, die man f\u00fcr menschliche Umrisse halten konnte, bevor sie sich wieder \u0001 \u0002 Irokesenschnitt bemerkte genauso wenig wie seine Kumpanen, dass in etwa f\u00fcnfzig Fu\u00df Entfernung ein Sch\u00fctze durch das zerbrochene Fenster eines Lagerhauses sp\u00e4hte und sich zum Schuss bereit machte\u2026",
            "wordcount": "282",
            "chapter_release": "25.02.2017",
            "chapter_number": "1"
        },
        "10": {
            "text": "Eine menschen\u00e4hnliche Gestalt sch\u00e4lte sich hinter einer H\u00e4userecke hervor und trat mit verkrampften Bewegungen und schweren Schritten in die Mitte der Stra\u00dfenkreuzung. Hinter den \u00fcberm\u00e4\u00dfig angespannten Muskeln schien eine enorme Kraft verborgen zu sein. Der oberk\u00f6rperfreie, hagere Greis, der wie aus dem Nichts aufgetaucht war, h\u00e4tte Farland m\u00fchelos in St\u00fccke rei\u00dfen und ihn mit Haut und Haar fressen k\u00f6nnen, wenn er ihn in seine angespannten, feingliederigen Finger kriegen w\u00fcrde. Dies war kein Mensch. Zumindest nicht mehr. Farland nannte diese Gesch\u00f6pfe \u201eH\u00fcllen\u201c, denn nichts Anderes waren sie: Willenlose Leiber, die als Gef\u00e4\u00dfe f\u00fcr das B\u00f6se missbraucht wurden und die menschliche Zivilisation seit Monaten heimsuchten, ganze V\u00f6lker ausrotteten und den armen Seelen, die ihren bissigen Kiefern zu nahe kamen, einen h\u00f6llischen Flucht auflasteten \u2013 ein Teil ihrer Legionen zu werden. Die H\u00fclle stand in einer Entfernung von zweihundert Fu\u00df und hatte den knienden J\u00e4ger noch nicht bemerkt. Doch das w\u00fcrde sich schnell \u00e4ndern. Zwar waren H\u00fcllen nahezu blind, konnten aber besser h\u00f6ren und riechen als jeder J\u00e4ger in Allanwick, sogar besser als Farland. Im Umgang mit ihnen profitierte er von jahrelanger Erfahrung mit Wargen, Minotauren und anderen Raubtieren, deren Bestand er im Dienste des K\u00f6nigs stets unter Kontrolle gehalten hatte. Er gab nicht das geringste Ger\u00e4usch von sich, reckte seine behandschuhte Rechte hoch und stellte mit seinen freiliegenden, h\u00f6chst empfindlichen Fingerspitzen fest, dass er gegen den Wind stand \u2013 ideal. Farland sch\u00e4tzte die Witterung der H\u00fcllen auf zweihundert bis dreihundert Fu\u00df, abh\u00e4ngig vom Eigengeruch der Beute, der Windrichtung und der Luftfeuchtigkeit. An einem verregneten Tag w\u00e4re sie sogar noch st\u00e4rker gewesen, aber zum Gl\u00fcck war es heute sonnig und keine Wolke war am Himmel zu sehen\u2026 Der Wind begann zu fl\u00fcstern, \u00e4nderte die Richtung und trug Farlands K\u00f6rpergeruch der H\u00fclle entgegen, als w\u00fcrde man einem Bluthund ein Kleidungsst\u00fcck unter die Nase halten. Die H\u00fclle raunte erkennend, drehte sich, einem verklemmten Uhrwerk gleich, um die eigene Achse und starrte in Richtung der vermeintlichen \u0001 \u0002 Farland war entschwunden\u2026",
            "wordcount": "324",
            "chapter_release": "05.03.2017",
            "chapter_number": "10"
        },
        "11": {
            "text": "Sie waren \u00fcberall, in jeder Gasse, jeder Seitenstra\u00dfe, auf jedem Platz, als h\u00e4tte man den Glasbeh\u00e4lter einer Ameisenfarm auf dem Boden zerschellen \u0001 \u0002 wurden vom Krach der Menschen, dem Get\u00f6se der modernen Gesellschaft angezogen. Zwar war das Wummern der Hubschrauberrotoren und das Knallen des Krieges schon lange verstummt, aber der Geruch von Verwesung und Tod lag noch immer \u00fcber der Skyline von Edinburgh und hielt die Infizierten in diesem Gebiet in seinem Bann. W\u00e4hrend Farland \u00fcber die traditionellen, georgianischen Dachgiebel der bis zu zehn Stockwerke hohen Altstadtgeb\u00e4ude balancierte, achtete er penibel darauf, nicht einen Ziegel in Rutschen zu bringen. Au\u00dfer Reichweite der gefletschten Z\u00e4hne konnte er mit seiner Agilit\u00e4t in kurzer Zeit einiges an Boden wettmachen. Aber ein ums andere Mal zwang ihn eine un\u00fcberwindbare H\u00e4userschlucht zur\u00fcck auf Stra\u00dfenlevel, wo der Aufwand, au\u00dfer Sicht der Posthumanen zu bleiben, diese Zeitersparnis beinahe wieder zunichtemachte. Farland konnte und wollte sich auf keine direkte Konfrontation einlassen, zu gro\u00df war das Risiko, in eine Falle zu tappen. So lief er immer wieder Umwege, harrte aus, bis ein neugieriger Posthumaner vorbeigezogen war und schaffte die gerade einmal zehn H\u00e4userbl\u00f6cke erst nach zwei Stunden \u2013 wertvolle Zeit Tageslicht. Sich bis zur untersten Sprosse einer Feuerleiter hangelnd, \u00fcberwand er die letzten acht Fu\u00df bis zum B\u00fcrgersteig mit einem beherzten Sprung und einer katzenhaften Landung. Er scannte seine Umgebung. Die Posthumanen in seinem Umkreis zeigten kein auff\u00e4lliges Verhalten, so konnte Farland wie ein Schatten auf die andere Seite der Stra\u00dfe huschen, wo er in einem Geb\u00fcsch verschwand. Die Pfeile in seinem K\u00f6cher klackerten kurz, als er f\u00fcr einen Sekundenbruchteil an einem Zweig h\u00e4ngenblieb. Auf seinem Weg durch die Stadt hatte er keinen einzigen seiner wertvollen Carbonpfeile eingeb\u00fc\u00dft. Jedes verschwendete Geschoss w\u00e4re eines zu viel gewesen, angesichts ihrer Rarit\u00e4t und der zahlenm\u00e4\u00dfigen \u00dcberlegenheit des Feindes. Farland grinste stolz unter seinem Halstuch und setzte seinen Weg einen gr\u00fcnen H\u00fcgel hinauf \u0001 \u0002 Versteck der Gesuchten kam nur ein einziger Ort infrage\u2026",
            "wordcount": "322",
            "chapter_release": "06.03.2017",
            "chapter_number": "11"
        },
        "12": {
            "text": "Die steinerne Feste von Blackwell lag bedrohlich auf dem Gipfel des H\u00fcgels inmitten der Stadt und hob sich eindrucksvoll und unverr\u00fcckbar vor dem blauen Himmel \u0001 \u0002 hohen, fast fugenlosen Mauern verliehen ihr den Eindruck, uneinnehmbar zu sein. Das Dach der St\u00e4lle zur Rechten, der gro\u00dfe, abgerundete Schutzwall direkt voraus und der k\u00f6nigliche Palast, einst Sitz des Herrschers von Blackwell, zur Linken. Seit Beginn des Krieges hatte er lange Zeit als verlassen gegolten, doch nun hatten ihn die ehrlosen Barbaren bezogen und f\u00fchrten von hier aus ihr schreckliches Regime. Das massive Torhaus am Ende einer kleinen Br\u00fccke markierte den Eingang in die Feste. Die Wimpel des K\u00f6nigshauses wehten in der leichten Nachmittagsbriese\u2026 Was Farland nicht sah, waren Wachen, bemannte Abwehranlagen oder Sch\u00fctzen, die von den Burgzinnen aus nach etwaigen Angreifern Ausschau hielten. Die Stille jenseits der Mauern war mehr als befremdlich. Hatten sich die Barbaren wom\u00f6glich tief in die Eingeweide der Feste zur\u00fcckgezogen? Auch nach zwanzig Minuten r\u00fchrte sich nichts auf dem Schutzwall. Pfeil und Bogen bereit, n\u00e4herte sich Farland vorsichtig, Schritt f\u00fcr Schritt. Auf der Br\u00fccke gab es kaum genug Deckung, jederzeit h\u00e4tte ein Pfeilhagel auf ihn niedergehen und ihn dahinraffen k\u00f6nnen. Nichts dergleichen passierte. Auf der H\u00e4lfte der Br\u00fccke richtete sich Farland schlie\u00dflich provokant auf, aber kein Alarm ert\u00f6nte\u2026 Pl\u00f6tzlich vernahmen die Ohren des J\u00e4gers ein auff\u00e4lliges Kratzen und Schaben von oberhalb. Farland richtete seinen Bogen auf die Quelle des Ger\u00e4uschs und war schon bereit, einen taktischen R\u00fcckzug anzutreten\u2026 Da schoss eine aufgeschreckte Wyver aus einem Fenster hervor und brauste kreischend davon. Farland lie\u00df den Pfeil wieder sinken, l\u00f6ste ihn aber keineswegs von der Sehne zwischen seinen Fingern. \u00dcber dem Torbogen erblickte er das Stadtwappen von Blackwell, ein Schild mit einem roten L\u00f6wen und einer Krone. Die Hybris der Besatzer war offenbar noch gr\u00f6\u00dfer als erwartet, denn das Tor war unverschlossen und der Durchgang somit \u0001 \u0002 nahm all seinen Mut zusammen und trat ins Innere der Feste\u2026",
            "wordcount": "321",
            "chapter_release": "07.03.2017",
            "chapter_number": "12"
        },
        "13": {
            "text": "Ein heftiges Klirren und Poltern ert\u00f6nte aus dem Souvenir-Shop des Scottish National War Museum inmitten von Edinburgh Castle. Farland w\u00fctete wie ein menschgewordener Sturm, stie\u00df altmodische Fl\u00fcche aus und schmiss allerhand nutzlosen, \u00fcberteuerten Ramsch beiseite. Ein Drahtgestell mit Postkarten st\u00fcrzte zur Seite und riss dabei einen St\u00e4nder mit Touristen-Guides um. Einer flatterte zu Boden und entfaltete sich. Auf Seite zwei wurde f\u00fcr die Ausstellung der schottischen Kronjuwelen im Main Exhibition Building \u0001 \u0002 griff in blinder Wut nach der \u00fcberraschend schweren Miniatur-Replik der Statue von William Wallace am Torhaus, warf damit kurzerhand das Schaufenster des Shops ein und marschierte durch das entstandene Loch nach drau\u00dfen in die Mitte des Schlosshofes, der genauso menschenleer war wie der Rest des ber\u00fchmten Denkmals aus dem vierzehnten Jahrhundert. Farlands Kopf stie\u00df wild in alle Richtungen wie eine Kobra, die sich auf die n\u00e4chstbeste, unbedachte W\u00fcstenmaus st\u00fcrzen m\u00f6chte. Dann lie\u00df er sich resignierend auf dem harten Steinboden nieder und verschr\u00e4nkte die Arme vor den Knien. Im Westen zeigte die hinter den Innenmauern des Schlosses verschwindende Sonne den sp\u00e4ten Nachmittag an. Wieder einmal war eine hei\u00dfe Spur vorzeitig erkaltet. Die M\u00e4nner, nach denen Farland suchte, mussten sich aber irgendwo in der Stadt versteckt halten. Wahrscheinlich kamen sie nur selten raus, um Vorr\u00e4te oder Benzin zu beschaffen. Fr\u00fcher hatten \u00fcber f\u00fcnfhunderttausend Menschen in Edinburgh gelebt, m\u00f6gliche Verstecke gab es also genug. Aber wo sollte er mit der Suche beginnen? \u2026 Farlands Magen knurrte so laut, als w\u00fcrde ein Posthumaner in seinem Bauch rumoren. Er musste sich eingestehen, dass er endlich etwas essen musste, da er sonst seine Mission nicht w\u00fcrde fortsetzen k\u00f6nnen. Er musste jagen, bevor die Sonne unterging\u2026",
            "wordcount": "275",
            "chapter_release": "10.03.2017",
            "chapter_number": "13"
        },
        "14": {
            "text": "Wyvern waren widerliche, gierige und aggressive Biester. Ihre K\u00f6rper waren gro\u00df und muskul\u00f6s, ihre Schuppenhaut giftgr\u00fcn, die schlangenartigen Schw\u00e4nze, messerscharfen Klauen und drachenhaften K\u00f6pfe verliehen ihnen das Aussehen von fliegenden Echsen. Nervt\u00f6tend schreiend bedeckten sie ihre Reviere fast l\u00fcckenlos mit ihren ranzigen Ausscheidungen. Das Flattern ihrer ledrigen Schwingen verhie\u00df drohendes Unheil. Diese Ausgeburten geh\u00f6rten zu den besonders h\u00e4sslichen Abk\u00f6mmlingen der Sch\u00f6pfung und ihr Fleisch schmeckte nach dem, was sie gew\u00f6hnlich fra\u00dfen: Sie bevorzugten Fisch, verschm\u00e4hten aber auch Unrat und selbst Aas nicht. Und von beidem gab es im Blackwell dieser d\u00fcsteren Tage reichlich. Wyvern w\u00e4ren das letzte gewesen, was der h\u00f6fische K\u00fcchenmeister seinem K\u00f6nig vorgesetzt h\u00e4tte. Aber in seiner aktuellen Situation hatte Farland keine allzu gro\u00dfe kulinarische Auswahl. Es gab kein offenes Gasthaus, in dem ihm eine h\u00fcbsche Dirne duftenden Met ausschenken konnte, s\u00e4mtliche Fruchtb\u00e4ume der Stadt waren mangels b\u00fcrgerlicher Pflege verdorrt oder von Sch\u00e4dlingen befallen, und genie\u00dfbares Wild nahm vor den H\u00fcllen Rei\u00dfaus, obgleich Farland nie gesehen hatte, dass diese irgendein Interesse am Verzehr niederer Tiere gezeigt h\u00e4tten. Lediglich die frechen, sturen Wyvern st\u00f6rten sich nicht an der Anwesenheit der untoten Stadtbesatzer. Stattdessen balzten und br\u00fcteten und vermehrten sie sich wie eine Plage. Zusammen mit den H\u00fcllen beherrschten sie Blackwell, v\u00f6llig frei von nat\u00fcrlichen Feinden. Deshalb waren sie sich auch nicht gewahr, dass in etwa vierhundert Fu\u00df Entfernung ein J\u00e4ger im Dickicht kauerte und mit knurrendem Magen auf den richtigen Moment wartete, um zuzuschlagen\u2026",
            "wordcount": "236",
            "chapter_release": "10.03.2017",
            "chapter_number": "14"
        },
        "15": {
            "text": "Eine der Seem\u00f6wen schrie auf, schlug wild mit den Fl\u00fcgeln und zankte sich mit vorgehaltenen Krallen mit einem futterneidischen Artgenossen. Dabei wurde eine Aschewolke aufgewirbelt und scheuchte den Schwarm V\u00f6gel kurz auf, bevor er sich wieder auf dem schwelenden Leichenhaufen niederlie\u00df und weiterpickte, als w\u00e4re nichts gewesen. Das st\u00e4ndige, hohe Gezeter der Tiere lockte alle Posthumanen im Umkreis von zwei Blocks an. Dutzende von ihnen streiften ziellos auf der Gr\u00fcnfl\u00e4che vor dem Scott Monument umher und machten es somit unm\u00f6glich, an die unbedachten M\u00f6wen heranzukommen. Edinburgh hatte vor Beginn der Epidemie unter einem gro\u00dfen Seem\u00f6wenproblem gelitten. Die aggressiven Raubv\u00f6gel hatten in der Innenstadt nach Eichh\u00f6rnchen, Tauben und kleinen Haustieren gejagt und ahnungslose, Fastfood-essende Touristen attackiert. Durch gro\u00dfe Sch\u00e4dlingsbek\u00e4mpfungsaktionen hatten die Nester zerst\u00f6rt werden sollen, um die \u00f6rtliche Population zu dezimieren. Aber nach dem Ausbruch der Epidemie hatten sich die verzweifelten B\u00fcrger um ein anderes Problem k\u00fcmmern m\u00fcssen: Die Ein\u00e4scherung der zahllosen Toten, die durch die Infektion oder im Krieg gegen die Posthumanen umgekommen waren. Drei schreckenerregend hohe Leichenberge waren vor dem Denkmal in den Princes Streets Gardens aufgeh\u00e4uft und angez\u00fcndet worden. Die Feuer waren schon lange erloschen, aber der Gestank, durch abwechselnde N\u00e4sse und Hitze immer wieder erneuert, war geblieben und w\u00fcrde wohl noch monate- oder gar jahrelang in den Stra\u00dfen und Gassen wabern. Er vereinnahmte das gesamte Riechorgan und verursachte zwangsl\u00e4ufig \u00dcbelkeit und Schwindel. Aber er hatte auch einen Vorteil: Er maskierte Farlands K\u00f6rpergeruch, weshalb er sich nun innerhalb des Witterungsbereichs der Posthumanen aufhalten konnte, versteckt hinter einem zur\u00fcckgelassenen Taxi\u2026",
            "wordcount": "253",
            "chapter_release": "10.03.2017",
            "chapter_number": "15"
        },
        "16": {
            "text": "Farland zog schnell seinen Kopf ein, als eine H\u00fclle, ungewahr seiner greifbaren Anwesenheit, vorbeistapfte, und schaute dann wieder auf. Die Wyvern verharrten noch immer an Ort und Stelle. Ein Blick zum Horizont: Die Sonne b\u00fc\u00dfte allm\u00e4hlich ihre perfekte runde Form ein und verf\u00e4rbte sich in das Rot der D\u00e4mmerung - gleich sollte es soweit sein. Wyvern waren tagaktiv und w\u00fcrden sich in den Abendstunden in ihre Nistpl\u00e4tze, deren Position Farland leider nicht kannte, zur\u00fcckziehen\u2026 Unvermittelt hob eine der Wyvern vom Scheiterhaufen ab. Die anderen taten es ihr, dem Schwarminstinkt folgend, gleich, um als mehr oder weniger ordentliche Formation in Richtung Nordwesten davonzuziehen. Farlands magischer Bogen erlaubte Sch\u00fcsse \u00fcber Distanzen, die man einem \u00fcblichen Langbogen nicht entlocken konnte. Trotzdem war auch seine Reichweite begrenzt. Es w\u00fcrde nur wenige Augenblicke dauern, bis der J\u00e4ger seine Chance f\u00fcr heute verpasst h\u00e4tte. Farland konzentrierte sich. Jahrelange Jagd- und Schie\u00dferfahrung liefen in diesem Moment zusammen. Er musste alles genau berechnen: Windrichtung und -st\u00e4rke, Bewegungsrichtung, Geschwindigkeit und Entfernung der Beute, die eingesetzte Zugkraft an der Bogensehne. Alles musste auf den Zoll genau stimmen, denn wenn er verfehlte, bedeutete das den unwiederbringlichen Verlust eines seiner magischen Pfeile. Und wenn er traf und die Beute zwischen den H\u00fcllen niederging, w\u00fcrde er sie unm\u00f6glich bergen k\u00f6nnen, und der Pfeil w\u00e4re ebenfalls verloren. Farland atmete lange aus. Er w\u00e4hlte sich ein Ziel aus dem Schwarm. Ohne das geringste Zittern der H\u00e4nde folgte er der Flugbahn der Wyver und ahnte ihre n\u00e4chste Position voraus. Beinahe war sie hinter einem drohend heranr\u00fcckenden Dachgiebel verschwunden\u2026 Farland schoss. Der Pfeil flog pfeifend durch die Luft, durchbohrte die Wyver und riss sie mitten aus dem Flug. Noch einige Sekunden an ihrer niederen Existenz festhaltend, flatterte sie krampfend mit den Fl\u00fcgeln und trudelte unkontrolliert dem Boden entgegen\u2026 Pl\u00f6tzlich ert\u00f6nte ein metallisches \u201eKlong!\u201c und die Beute war nicht mehr zu sehen\u2026",
            "wordcount": "304",
            "chapter_release": "12.03.2017",
            "chapter_number": "16"
        },
        "17": {
            "text": "Das ber\u00fchmte Festival Wheel ragte \u00fcber Farland auf und erinnerte an eine fr\u00f6hliche und sorgenfreie Zeit mit Kinderlachen und Feierlichkeiten von Juli bis August jeden Jahres. Farland betrachtete die Attraktion ungew\u00f6hnlich lange, wie ein Bewohner S\u00fcdafrikas, der das erste Mal Schnee zu sehen bekommt. Mit einem Schulterblick vergewisserte er sich, dass keine Posthumanen in unmittelbarer N\u00e4he waren. Dann trat er an eine der vier schr\u00e4ggestellten St\u00fctzen des Riesenrads, an der eine Leiter angebracht war, heran. Er pr\u00fcfte sorgf\u00e4ltig die Stabilit\u00e4t der Struktur, schaute nach oben und merkte sich die Position einer der siebenundzwanzig Gondeln. Sie befand sich auf etwa dreiviertel der H\u00f6he des hundertachtundvierzig Fu\u00df hohen Rades. Dann begann er, zu klettern. Mithilfe der Leiterstreben erreichte er z\u00fcgig die Radnabe in der Mitte. Von hier aus hangelte und balancierte er beh\u00e4nd \u00fcber die Querstreben auf den \u00e4u\u00dferen Ring des Festival Wheels zu. Farland war ein durchtrainierter Kletterer, plante jeden Schritt voraus und teilte seine Kraft sinnvoll ein, indem er, angelehnt an einige der Streben, kurze Pausen einlegte und seine behandschuhten H\u00e4nde aussch\u00fcttelte, um sie locker zu machen. Das Metallger\u00fcst \u00e4chzte kaum h\u00f6rbar unter seinen F\u00fc\u00dfen. Schlie\u00dflich gelangte er auf H\u00f6he der anvisierten Gondel, ein rot-wei\u00df lackiertes, sechseckiges Gestell mit der Nummer Dreizehn, einem Sonnenschirm aus rotem Blech dar\u00fcber und einem Sicherheitsgitter drum herum. Farland hielt sich an einer Strebe fest, lehnte sich vor und streckte eine Hand nach dem Gitter aus, um sich daran hochzuziehen\u2026",
            "wordcount": "237",
            "chapter_release": "14.03.2017",
            "chapter_number": "17"
        },
        "18": {
            "text": "Der un\u00fcblich gro\u00dfe Sch\u00f6pfbottich des ebenso au\u00dfergew\u00f6hnlich gro\u00dfen Wasserm\u00fchlrades schwang pl\u00f6tzlich frei und entzog sich Farlands Griff. Er verlor den Halt. Panisch griff er nach und kriegte den Rand des Bottichs, der in seiner Verankerung unkontrolliert vor und zur\u00fcckpendelte, zu fassen. Mit strampelnden Beinen hing Farland \u00fcber einem t\u00f6dlichen Abgrund. Seine von Hunger und Ersch\u00f6pfung geschw\u00e4chten Armmuskeln f\u00fchlten sich an, als ob sie augenblicklich rei\u00dfen w\u00fcrden. Er hangelte sich zur Seite, erreichte eine Klappe in der Au\u00dfenseite und stie\u00df sie mit dem Fu\u00df auf. Seine gesamten Kraftreserven mobilisierend, hievte er sein pl\u00f6tzlich hundert Mal schwerer erscheinendes K\u00f6rpergewicht ins Innere des etwa zehn mal zehn Fu\u00df weiten, bedrohlich schwingenden und quietschenden Bottichs und klammerte sich an sein Leben. Allm\u00e4hlich lie\u00dfen die Schwingungen nach und Farlands Herzschlag beruhigte sich. Was f\u00fcr eine seltsame Konstruktion dies war, ein Wasserrad ohne jeglichen Wasserweg, wo es zur Anwendung h\u00e4tte kommen k\u00f6nnen. Er wandte den Blick und sah die aufgespie\u00dfte Wyver neben sich liegen. Sein Stolz \u00fcber den Blattschuss wurde von der Tatsache \u00fcberschattet, dass er bei der Bergung seiner Beute beinahe sein Leben gelassen hatte. Wackelig richtete sich Farland auf und sp\u00e4hte \u00fcber den Rand des Bottichs nach unten. Angelockt von dem Krach, den er bei seiner chaotischen Kletterpartie verursacht hatte, hatten sich f\u00fcnf H\u00fcllen unter ihm versammelt, eine sechste kam gerade hinzu. Sinnlos streckten die dummen Wesen ihre H\u00e4nde nach dem J\u00e4ger aus. \u201eSieht ganz so aus, als m\u00fcsste ich die Nacht \u00fcber hierbleiben.\u201c, sagte Farland ernst. Das war aber an sich kein Problem. Er wusste, wie man auch ohne Zunder ein Feuer entfachte, und trockene Zweige hatte er in seiner Tasche immer parat, ebenso wie ein Messer, mit dem er sein heutiges Abendmahl zerteilen konnte. Seine notgedrungene Unterkunft war recht eng, aber komfortabel \u00fcberdacht, f\u00fcr den Fall, dass es regnete. Farland \u00fcberblickte das Stadtbild von Blackwell, als die Sonne den letzten D\u00e4chern einen Abschiedskuss gab und dann vollst\u00e4ndig hinterm Horizont verschwand\u2026",
            "wordcount": "319",
            "chapter_release": "17.03.2017",
            "chapter_number": "18"
        },
        "19": {
            "text": "Kapitel 3: Freund und FeindFarland rannte, so schnell er konnte. Jeder Luftzug brannte hei\u00df in seinen Lungen. Von innerer Aufruhr und Verzweiflung angetrieben hetzte er \u00fcber einen Hang und von hier aus auf die Stra\u00dfe, wo er das scheinbar Unm\u00f6gliche vollbrachte und seinen Lauf noch einmal beschleunigte. Er hatte die pechschwarze Rauchwolke schon von weitem ersp\u00e4ht, im vorst\u00e4dtischen Wohnviertel war sie unheilvoll aufgestiegen wie der Auswurf eines erwachenden Vulkans. Nun sah er sie nicht nur \u00fcber den Ziegeld\u00e4chern der Einfamilienh\u00e4user, er roch auch das brennende Holz \u2013 und die winzige Nuance verkohlten Fleischs darin. Ein ersch\u00f6pfter Schritt nach dem anderen brachte ihn n\u00e4her an das signifikante Knacken und Fauchen heran. \u201eDas darf nicht sein! Es darf nicht zu sp\u00e4t sein\u2026!\u201c, stie\u00df Farland mit jedem hechelnden Atemzug hervor. Er nahm die letzte Abzweigung am Ende der Stra\u00dfe und blieb wie angewurzelt in der Auffahrt stehen, als er das Feuer erblickte. Das ehemals pr\u00e4chtige Haus schien g\u00e4nzlich aus Flammen zu bestehen, ein lebendiges, loderndes Schauspiel des Grauens und der Verzweiflung. Farland \u00fcberwand seine Starre mit M\u00fche und rannte n\u00e4her heran, doch die Wand aus Hitze wurde bereits auf drei\u00dfig Fu\u00df Entfernung unertr\u00e4glich. Nicht die geringste L\u00fccke f\u00fchrte mehr ins Innere des ohnehin verlorenen Geb\u00e4udes. Farland lief drum herum, schrie Namen, fluchte und weinte. Zuletzt brach er zusammen und sp\u00fcrte in einem Regen aus gl\u00fchender Asche eine Trauer, die ihn auf der Stelle umzubringen drohte\u2026 Dann, hinter einem Schleier aus \u00e4tzenden Tr\u00e4nen, entdeckte er Reifenspuren in der \u0001 \u0002 Arml\u00e4nge weiter lag ein Gegenstand am Boden und Farland streckte die Hand danach aus\u2026",
            "wordcount": "261",
            "chapter_release": "18.03.2017",
            "chapter_number": "19"
        },
        "2": {
            "text": "Die Sehne seines Langbogens gespannt, der aufgelegte Pfeil auf sein Ziel gerichtet, saugte Farland die Luft in seine \u0001 \u0002 letztes Mal kreischte die Harpyie am Himmel. Dann zog sie davon, \u00fcber die weiten Ebenen, runden H\u00fcgel und dichten W\u00e4lder von Midfurth. Angesichts der harmonischen Szenerie konnte man kaum glauben, dass in diesen einst friedlichen Landen seit Monaten ein Krieg des Menschenvolkes gegen eine b\u00f6se untote Streitmacht tobte. Sicherheit existierte nicht mehr in dieser Welt, in der eine schwarze Magie unbekannten Ursprungs Freund wie Feind in grauenvolle Kreaturen mit \u00fcbermenschlichen Kr\u00e4ften \u0001 \u0002 blieb genug Zeit f\u00fcr diesen finsteren Gedanken, denn er z\u00f6gerte seinen Schuss hinaus. Nicht, weil er ein unge\u00fcbter Sch\u00fctze war. Er hatte einst als bester J\u00e4ger im ganzen K\u00f6nigreich von Allanwick gegolten. Farland z\u00f6gerte aus einem ganz anderem Grund:Er hatte mit seinen f\u00fcnfunddrei\u00dfig irdischen Jahren, selbst in diesen dunklen Zeiten, noch nie einen Menschen \u0001 \u0002 diese Pestilenz die Welt heimsuchte, hatte es seit Ewigkeiten keinen Krieg gegeben. Und selbst in den ersten Monaten der Auseinandersetzungen hatte K\u00f6nig Formacus, mit seiner unvergleichlichen Weisheit und Voraussicht, den Frieden f\u00fcr sein Volk zu wahren gewusst, bis\u2026Farland sah das Feuer vor seinem inneren Auge auflodern, vertrieb es mit einem heftigen Kopfsch\u00fctteln und konzentrierte sich wieder. Er atmete erneut tief durch und brachte damit seinen leicht angewinkelten Bogenhalter-Arm zur Ruhe. Er musste es tun, er musste stark sein, um seine Mission zu erf\u00fcllen. Er durfte sich nicht von seiner Pflicht abwenden, nicht noch \u0001 \u0002 stie\u00df einen Seufzer aus, als sich der Pfeil von seinen Fingern l\u00f6ste, von der zur\u00fcckschnellenden Sehne beschleunigt wurde und unwiderruflich \u00fcber den Bogengriff hinaus gen Ziel schoss\u2026",
            "wordcount": "275",
            "chapter_release": "25.02.2017",
            "chapter_number": "2"
        },
        "20": {
            "text": "Schwei\u00dfgebadet schreckte Farland hoch und brachte damit den Bottich zum Schaukeln. Die \u00dcberreste der Wyver am Spie\u00df kippten in die erloschene Asche seiner Feuerstelle. Farland kniff die Augen vor dem grellen Licht zusammen und richtete sich, noch immer benommen vom Schlaf, auf. Es war bereits hellichter Tag, vom Stand der Sonne her musste es etwa zwei Uhr nachmittags sein. Vom Meer zog eine dunkle Wolkenfront heran und legte einen Schatten auf die Nordseite von Blackwell. Farland wischte sich den kalten Schwei\u00df von der Stirn. Er hatte fr\u00fcher st\u00e4ndig solche dunklen Tr\u00e4ume gehabt. Sie zeigten ihm grausame Geschehnisse in einer bizarren, fremden Welt, die ihm trotzdem irgendwie bekannt vorkam. Stand er wom\u00f6glich unter dem Einfluss eines b\u00f6sen Zaubers? Das musste es sein! Irgendetwas oder irgendjemand gew\u00e4hrte ihm Einblicke in eine andere Dimension voll grausiger Visionen und Gram. Farland wischte die d\u00fcsteren Bilder mit einer Handbewegung beiseite, als wollte er Schmei\u00dffliegen abwehren. Er durfte sich von keiner schwarzen Magie von seiner Mission abbringen lassen! Er wagte einen pr\u00fcfenden Blick \u00fcber den Rand des Bottichs. Die H\u00fcllen, die ihn gestern Abend noch belagert hatten, hatten sich inzwischen verstreut. Nachdem Farland nach Beendigung seines nahezu ungenie\u00dfbaren Mahles das Feuer gel\u00f6scht und sich seitdem ruhig verhalten hatte, hatten sie die Existenz ihrer Beute schlicht vergessen. Farland machte sich schnell bereit f\u00fcr einen Abstieg, indem er sein Gep\u00e4ck in seiner Tasche verstaute und danach K\u00f6cher und Bogen schulterte. Er musste sich beeilen, um die verschwendete Tageszeit wieder wettzumachen. Als er sein Halstuch vor den Mund zog, zuckte Farland pl\u00f6tzlich zur\u00fcck. Ein greller Lichtstrahl hatte ihn geblendet. Er hob die Hand vors Gesicht und blickte zwischen seine Finger hindurch auf die Lichtquelle. Er erkannte das sternengleiche Leuchten in einiger Entfernung. Wom\u00f6glich handelte es sich um ein Fenster, welches das Sonnenlicht ung\u00fcnstig reflektierte. Da begann das Licht, umher zu tanzen, als wollte es Farland ein Signal geben\u2026",
            "wordcount": "310",
            "chapter_release": "27.03.2017",
            "chapter_number": "20"
        },
        "21": {
            "text": "Farland ruckte um eine Ecke und zielte mit seinem Bogen das weite Treppenhaus eines Edelkaufhauses hinauf. Das Lichtzeichen war aus diesem Geb\u00e4ude gekommen, daran bestand kein Zweifel. Vielleicht war es ein Hilferuf gewesen. Vielleicht war es aber auch eine Falle. Er musste das Risiko eingehen. Auf der achten Etage angekommen, betrat Farland eine Edel-Boutique. Auf dieser H\u00f6he hatte er das Leuchten ersp\u00e4ht. Er zielte in alle Richtungen und scannte die Umgebung akribisch. Das ger\u00e4umige Gesch\u00e4ft war vollkommen leer. Es wirkte umso gr\u00f6\u00dfer, weil ein Teil der Au\u00dfenwand fehlte und Wind und Sonnenlicht ungehindert hereinstr\u00f6mten. Vor dem gewaltigen Loch hing etwas. Farland trat n\u00e4her heran und betrachtete mit ratlosem Blick eine Schnur, die von der Decke herabhing und an deren Ende eine einzelne, unregelm\u00e4\u00dfig gezackte Spiegelscherbe geknotet war, wie bei einem selbstgebastelten, \u00e4rmlichen \u0001 \u0002 senkte den Bogen und betrachtete die Scherbe genauer. Es war unm\u00f6glich, dass sich das reflektierende St\u00fcck Glas bei diesem lauen Wind von selbst bewegt hatte. Als er es von der Gondel des Riesenrads aus erblickt hatte, war es heftig und unregelm\u00e4\u00dfig hin und her gewedelt worden. Ungl\u00e4ubig stie\u00df Farland es mit einem Finger an und versetzte es in Rotation. Jedes Mal, wenn sich die lichtreflektierende Seite in seine Richtung drehte, sah er f\u00fcr einen Sekundenbruchteil sich selbst in der Spiegelung, ein stolzer J\u00e4ger in erdbrauner und blattgr\u00fcner Ledertracht, die pr\u00e4chtig mit Eisenpl\u00e4ttchen beschlagen und mit Goldstich verziert war. Die R\u00fcckseite der Scherbe war matt. Farland, R\u00fcckseite, Farland, R\u00fcckseite, Farland, R\u00fcckseite, Farland, eine fremde Gestalt, R\u00fcckseite. Farland riss herum und richtete den Bogen auf die Person, die ihm aufgelauert hatte\u2026",
            "wordcount": "265",
            "chapter_release": "27.03.2017",
            "chapter_number": "21"
        },
        "22": {
            "text": "\u201eBleib ruhig! Ich bin allein und unbewaffnet.\u201c Farland stutzte, denn die Stimme der kleinen und zierlichen Gestalt, auf die er zielte, war die einer Frau. \u201eTritt aus dem Schatten!\u201c, forderte er sie auf. Die Frau trat n\u00e4her heran\u2026 und kam pl\u00f6tzlich drei Fu\u00df weiter links hinter einer Wand hervor. Farland erkannte seinen Irrtum \u2013 er hatte bis eben nur ihr Abbild in einem gro\u00dfen Spiegel anvisiert \u2013 und korrigierte sofort sein Ziel. Er musterte die Unbekannte von Kopf bis Fu\u00df. Die Frau war eher ein M\u00e4dchen, nicht \u00e4lter als achtzehn Jahre. Ihre aus Lumpen bestehende Tracht hing zerfleddert und schmutzig von ihrem schmalen Leib herab. Farlands Blick glitt \u00fcber ihre Brust hinweg, kehrte augenblicklich zur\u00fcck und verharrte dort. Das M\u00e4dchen hatte sich ein Tragetuch, in dem M\u00fctter ihre Neugeborenen zu halten pflegten, um den Oberk\u00f6rper gewickelt. Das Tuch zeigte eine auff\u00e4llige Ausbeulung und das M\u00e4dchen st\u00fctzte das darin befindliche Kind mit ihrer Armbeuge. Angesichts einer jugendlichen Maid in N\u00f6ten lie\u00df Farland den Bogen sinken, \u00fcberpr\u00fcfte ein letztes Mal mit einem Rundumblick sein Umfeld, steckte seine Waffe weg und entspannte sich. \u201eIch hei\u00dfe Davina McLaughlin.\u201c, stellte sich das M\u00e4dchen \u0001 \u0002 sie keineswegs bedrohlich wirkte, zog Farland sein Tuch vom Gesicht und deutete die Verneigung eines Ehrenmannes an, ohne sie dabei aus den Augen zu lassen. \u201eMein Name ist Farland.\u201c, verk\u00fcndete er. \u201eFarland\u2026\u201c, wiederholte Davina und schien, sich zu wundern, \u201eNur Farland?\u201c \u201eFarland von Allanwick.\u201c",
            "wordcount": "234",
            "chapter_release": "27.03.2017",
            "chapter_number": "22"
        },
        "23": {
            "text": "Davinas Augen rollten, als w\u00fcrde sie in ihrem Ged\u00e4chtnis nach etwas suchen. \u201eAl-lan-wick\u2026\u201c, sprach sie jede Silbe einzeln aus, \u201eWo liegt das? Ist das irgendwo an der K\u00fcste?\u201c Farland stutzte: \u201eDir ist das K\u00f6nigreich Allanwick nicht bekannt?\u201c \u201eNein.\u201c, antwortete Davina schlicht, \u201eAber das hei\u00dft auch nichts. Ich bin nicht oft aus der Stadt rausgekommen\u2026\u201c \u201eDu hast sicher das Lichtzeichen gegeben.\u201c, argw\u00f6hnte Farland, \u201eWie kann ich dir zu Diensten sein, junge Maid?\u201c F\u00fcr einen Sekundenbruchteil huschte ein Ausdruck von Verwirrung und Besch\u00e4mung \u00fcber Davinas Gesicht, dann antwortete sie: \u201eIch habe dich auf dem Riesenrad rumklettern sehen. Und du warst allein. Niemand sollte in dieser Stadt allein unterwegs sein. Es ist zu gef\u00e4hrlich.\u201c Als wollte sie ihren Worten Nachdruck verleihen, r\u00fcckte sie das B\u00fcndel mit dem Baby zurecht und f\u00fcgte an: \u201eVielleicht sollten wir uns zusammentun.\u201c Kaum hatte sie diesen Vorschlag, der eher wie ein Hilferuf klang, ausgesprochen, legte Farland eine bedauernde Miene auf: \u201eEs tut mir leid, junge Maid. Ich bef\u00fcrchte, ich bin nur auf der Durchreise und kann mich deshalb nur leidlich einem\u2026 zwei Sch\u00fctzlingen annehmen.\u201c \u201eBist du sicher?\u201c, fragte Davina sofort, \u201eIch k\u00f6nnte dir helfen! Ich w\u00fcrde dir auch nicht zur Last fallen. Schlie\u00dflich habe ich die letzten Monate auch allein \u00fcberlebt.\u201c Farland be\u00e4ugte sie einige Sekunden lang und sagte dann nachdenklich: \u201eWenn ich recht \u00fcberlege, k\u00f6nnte ich durchaus eine Weggef\u00e4hrtin auf meiner Suche gebrauchen\u2026\u201c \u201eWoah!\u201c, gab Davina augenblicklich von sich, \u201eImmer langsam mit den jungen Pferden! Niemand hat gesagt, dass ich gleich deine \u201eGef\u00e4hrtin\u201c werde!\u201c Farland sagte nichts darauf, sondern schaute sie nur verst\u00e4ndnislos an. Davina zog es derweil vor, das Thema zu wechseln: \u201eWonach suchst du \u00fcberhaupt?\u201c",
            "wordcount": "273",
            "chapter_release": "27.03.2017",
            "chapter_number": "23"
        },
        "24": {
            "text": "\u201eIch bin auf der Suche nach dem Kronjuwel von Allanwick.\u201c, sagte Farland vage genug, um sich nicht zu viel zu vergeben.\u201eKronjuwelen\u2026\u201c, wiederholte Davina, was eine Art rhetorische Eigenheit von ihr zu sein schien, \u201eWurden die nicht oben im Schloss ausgestellt, oder so?\u201c\u201eIch suche nur nach dem einen Juwel. Und in der Feste war ich bereits. Dort ist es nicht.\u201cFarland betrachtete das M\u00e4dchen weiter. Er konnte sich keinen Reim darauf machen, wie sie so lange hatte \u00fcberleben k\u00f6nnen, ohne Waffen, ohne R\u00fcstung oder Schutzpatrone. Sie musste au\u00dferordentliches Gl\u00fcck gehabt haben \u2013 eine Gabe, die nicht f\u00fcr immer anhielt. Er \u00fcberlegte angestrengt, wie er der Holden helfen konnte, denn er f\u00fchlte sich augenblicklich verantwortlich f\u00fcr ihr Wohlergehen. Seine so eifrig verfolgte Mission trat vor\u00fcbergehend in den Hintergrund.\u201eWie habt ihr beide nur \u00fcberlebt?\u201c, fragte Farland ratlos und streckte eine Hand nach Davinas Tragetuch aus, um es etwas zur Seite zu ziehen und das Gesicht des offenbar schlafenden Nachkommen zu \u0001 \u0002 M\u00e4dchen zuckte zur\u00fcck und nahm das Kind mit ihren Armen in Schutz.\u201eVerzeiht\u2026\u201c, gab Farland den Versuch auf, wich respektvoll zur\u00fcck und setzte sich auf einem Tr\u00fcmmerbrocken \u0001 \u0002 entspannte sich wieder und beantwortete seine Frage:\u201eIndem wir vorsichtig sind. Der gleiche Grund, weshalb ich dir den kleinen Mann erst vorstelle, sobald ich sicher bin, dass ich dir vertrauen kann.\u201c\u201eWovon lebt ihr? Wie jagt ihr?\u201c\u201eJagen tun wir nicht. Wir leben von dem, was wir in der Stadt noch so finden k\u00f6nnen.\u201cAls sie das gesagt hatte, griff sie in eine Innentasche ihrer Robe und zog etwas daraus hervor. Sie trat auf Farland zu und reichte es ihm.\u201eHier, f\u00fcr dich. Sieh es als freundschaftliche Geste!\u201c Farland betrachtete den Gegenstand in ihrer Hand, der nichts weiter als ein zylinderf\u00f6rmiger Stein mit einer \u00fcberraschend glatten Oberfl\u00e4che \u0001 \u0002 nahm er das seltsame Geschenk entgegen, stammelte ein leises \u201eDanke.\u201c und legte den Stein neben sich ab, ohne ihm weitere Beachtung zu schenken\u2026",
            "wordcount": "324",
            "chapter_release": "28.03.2017",
            "chapter_number": "24"
        },
        "25": {
            "text": "Davina schien auf irgendetwas zu warten, denn sie schaute Farland einige Sekunden lang irritiert an. Dann sprach sie weiter, um das unangenehme Schweigen zwischen ihnen zu brechen: \u201eIn der N\u00e4he gibt es einen versteckten Keller mit noch mehr davon. So viel, dass ich das Zeug allein gar nicht wegschleppen kann. Au\u00dferdem ist da noch eine Apotheke. Im Hinterzimmer sind noch immer Medikamentenvorr\u00e4te.\u201c Sie schaute erwartungsvoll in Farlands Gesicht. Dieser verkniff die Augen, als h\u00e4tte er ihre Worte nicht ganz verstanden. \u201eDas wird aber nicht mehr lange so bleiben.\u201c, setzte Davina z\u00fcgig fort, \u201eDie Silver Barbarians beanspruchen alles, was sie finden, f\u00fcr sich und lassen kaum was \u00fcbrig.\u201c Farlands Augen weiteten sich und er horchte auf: \u201eHast du gerade \u201eBarbaren\u201c gesagt?\u201c \u201e\u00c4h, ja.\u201c \u201eWei\u00dft du, wo sie sich aufhalten?\u201c Davina wunderte sich \u00fcber Farlands pl\u00f6tzliches Interesse an diesem Detail. \u201eDas wei\u00df ich nur zu gut.\u201c, antwortete \u0001 \u0002 hatte er ihre Antwort geh\u00f6rt, sprang Farland auf. \u201eKannst du mich hinf\u00fchren?\u201c, fragte er mit einem Enthusiasmus, der Davina einsch\u00fcchterte. Sie z\u00f6gerte einen Moment, dann sch\u00fcttelte sie abwehrend den Kopf: \u201eIch werde auf keinen Fall in deren N\u00e4he gehen!\u201c \u201eDann verrate mir bitte wenigstens, wo sich ihr Versteck befindet!\u201c Erneut z\u00f6gerte Davina. \u201eDas ist keine gute Idee.\u201c, winkte sie ab, \u201eDie machen dich ruckzuck kalt. Was in aller Welt willst du \u00fcberhaupt von denen?\u201c Farland begann, energisch zu gestikulieren, sodass die Pfeile in seinem K\u00f6cher klapperten: \u201eSie haben meinen K\u00f6nig ermordet! Sie haben das Kronjuwel gestohlen! Sie sind auf ihren H\u00f6llenr\u00f6ssern davongeritten und verstecken sich irgendwo hier in Blackwell! Ich muss das Kronjuwel finden und zur\u00fcckfordern! Das ist meine Mission, verstehst du?\u201c",
            "wordcount": "270",
            "chapter_release": "12.04.2017",
            "chapter_number": "25"
        },
        "26": {
            "text": "In den Augen der jungen Maid regte sich pl\u00f6tzlich tiefes Misstrauen. Sie drehte sich zur Seite, um das B\u00fcndel vor ihrer Brust noch mehr in Schutz zu nehmen. \u201eBlackwell\u2026\u201c, wiederholte Davina, \u201e\u2026 wei\u00dft du, wo du gerade bist?\u201c Farland wunderte sich \u00fcber die unangebrachte Frage. Als wollte er sich genau vergewissern, schaute er sich kurz um und wandte sich dann wieder Davina zu. \u201eIn den sieben Totenh\u00fcgeln von Blackwell, nat\u00fcrlich.\u201c, antwortete er. \u201eNein\u2026\u201c, begann Davina vorsichtig, ihr gesamter Ausdruck war bitterernst geworden, \u201eDu bist in *$\u00a7#*%\u00a7%.\u201c Farland vernahm das seltsam klingende Wort. Die Laute kamen ihm bekannt vor, aber er verstand sie nicht. \u201eWas sind das f\u00fcr eigenartige Worte?\u201c, fragte er. \u201eWas meinst du mit eigenartig?\u201c, fragte Davina zur\u00fcck, \u201eIch spreche doch ganz normal!\u201c \u201eEs ist keine Zunge, die in einem mir bekannten K\u00f6nigreich gesprochen wird.\u201c \u201eWovon faselst du eigentlich\u2026?\u201cDavina stoppte mitten im Satz, als w\u00e4re ihr eine Idee gekommen, sah kurz zu Boden und nahm dann wieder Augenkontakt zu Farland auf. Sie ging um ihn herum, griff nach dem zylinderf\u00f6rmigen Gegenstand, den Farland so achtlos beiseitegestellt hatte, und hielt ihn ihm vor die Nase. \u201eSag mir, was das ist!\u201c \u201eEin\u2026 Stein?\u201c, riet Farland. \u201eFalsch!\u201c, warf Davina ihm entgegen, \u201eLetzte Chance.\u201cFarland seufzte, seine Geduld nahm rapide ab. Er fokussierte den Gegenstand und kniff die Augen zusammen, um nach Symbolen oder Inschriften Ausschau zu halten, welche die Bedeutung des Gegenstandes erkl\u00e4ren konnten\u2026 F\u00fcr einen Sekundenbruchteil verwandelte sich der zylinderf\u00f6rmige Stein\u2026 in eine Konservendose. Dann blitzte vor Farlands innerem Auge das Feuer wieder auf\u2026",
            "wordcount": "254",
            "chapter_release": "12.04.2017",
            "chapter_number": "26"
        },
        "27": {
            "text": "Erschrocken schlug Farland die Dose beiseite. Davina wich zur\u00fcck. Farland hielt sich die H\u00e4nde vors Gesicht und schloss sie immer wieder kurz zu F\u00e4usten, als wollte er sich vergewissern, dass er nicht tr\u00e4umte. \u201eWas war das?\u201c, fragte er in den Raum und sein Gesicht wurde finster, \u201e\u2026 du warst das also\u2026\u201c \u201eWas meinst du?\u201c, fragte Davina aus der Ecke des Raums. \u201eDer Einblick in die fremde Dimension. Der dunkle Einfluss, der mich Dinge sehen l\u00e4sst, die es gar nicht geben sollte. Das warst du, Hexe!\u201c Farland nahm eine unmissverst\u00e4ndliche Drohgeb\u00e4rde ein. Im n\u00e4chsten Moment griff Davina mit einer Hand in ihr Tragetuch und zog das darunter Verborgene hervor: Eine abges\u00e4gte, doppell\u00e4ufige Schrotflinte. \u201eKomm mir blo\u00df nicht zu nahe!\u201c, schrie sie ihn mit vorgehaltener Flinte an, \u201eMit Irren wie dir hatte ich schon zu tun! Sie haben auch Spielchen mit mir gespielt. Und lass dir gesagt sein, es ist nicht gut f\u00fcr sie ausgegangen!\u201c \u201eDu treibst doch deine Spielchen mit mir, elende Hexe! Gib es zu, du bist mit den Barbaren im Bunde! Weshalb sonst sprichst du ihre Zunge und nutzt ihre schwarze, unsichtbare Magie?\u201c \u201eDu bist ja v\u00f6llig durch!\u201c \u201eSag mir, wo sich deine geh\u00f6rnten Herren verkrochen haben, dann lasse ich dir dein Leben!\u201c \u201eIch werde dir gar nichts sagen!\u201c, warf Davina ihm entgegen, w\u00e4hrend sie einen zunehmenden Sicherheitsabstand zu ihm aufbaute, \u201eUnd wehe, du folgst mir! Du wirst mich eh niemals finden! Ich habe dutzende Verstecke \u00fcberall in der Stadt. Also bleib sch\u00f6n weg, du dreckiger, abgefu\u2026!\u201c",
            "wordcount": "248",
            "chapter_release": "12.04.2017",
            "chapter_number": "27"
        },
        "28": {
            "text": "\u201e\u2026 &%#\u00a7*#!\u201c, beendete die jugendliche Hexe ihren kryptischen Fluch. Dann trat sie mit dem Fu\u00df einen Keil beiseite. Ein Kleiderst\u00e4nder rollte ins Sichtfeld und blockierte den Durchgang. Farland versuchte, das \u00fcberraschend schwere Hindernis beiseite zu wuchten. Dahinter sah er im Spiegel, wie Davina davonhetzte, nach unten absprang und verschwand. Er dr\u00e4ngelte sich m\u00fchsam am Kleiderst\u00e4nder vorbei und nahm die Verfolgung auf. An einer Stelle hatte der Boden nachgegeben und war zu einer Rampe geworden, die ein Stockwerk tiefer f\u00fchrte. Farland rutschte darauf herunter und spurtete der Hexe nach. Er war deutlich schneller als sie und schloss z\u00fcgig zu ihr auf. Da schob sich Davina geschmeidig durch eine Doppelt\u00fcr. Farland setzte ihr nach und sah gerade noch, wie Davina den ausgestreckten Zeigefinger auf ihn richtete. Blitzschnell zog er sich wieder hinter dem T\u00fcrrahmen zur\u00fcck. Einen Augenblick sp\u00e4ter riss die schwarze Magie ein splitterndes Loch in eine der T\u00fcren. Als er wagte, den Kopf wieder vorzustecken, verschwand Davina gerade hinter der n\u00e4chsten T\u00fcr. Farland zog seinen Bogen, legte einen Pfeil auf die Sehne und nahm die Verfolgung wieder auf. Die T\u00fcr entpuppte sich beim N\u00e4herkommen als \u00d6ffnung eines senkrechten Schachts. Davina rutschte gerade an einem metallischen Seil mehrere Stockwerke hinab. Farland nahm sie ins Visier. Doch er schoss nicht, weil sie sonst sicher abst\u00fcrzen w\u00fcrde. Er schulterte seinen Bogen, griff kurzerhand nach dem Seil und rutschte so schnell daran herunter, dass seine Handfl\u00e4chen unter den sch\u00fctzenden Handschuhen hei\u00df wurden. Im ersten Stock angekommen, blickte er hastig in alle Richtungen und ersp\u00e4hte Davina pl\u00f6tzlich im gegen\u00fcberliegenden Haus. Irgendwie hatte sie es geschafft, die schmale Gasse zwischen den beiden Geb\u00e4uden zu \u00fcberwinden. Die hinterlistige Hexe musste ihre Flucht ganz genau geplant haben. Farland sah ihren Schopf an den Fenstern vorbeihuschen und rannte parallel zu ihr durch die Flure. Links von ihm war ein Fenster zerbrochen, er sprang nach drau\u00dfen und h\u00fcpfte \u00fcber mehrere Podeste hinweg die Gasse hinunter. Er konnte sie noch einholen. Daf\u00fcr musste er lediglich \u00fcber die Dornenhecke vor sich springen\u2026",
            "wordcount": "330",
            "chapter_release": "12.04.2017",
            "chapter_number": "28"
        },
        "29": {
            "text": "Farland sprang vom Recycling-Container ab, blieb mit dem Hosenbein am spiralf\u00f6rmigen Stacheldraht eines Zauns h\u00e4ngen und wurde zur\u00fcckgerissen. Er st\u00fcrzte einige Fu\u00df tief und landete brutal auf dem B\u00fcrgersteig. Mit einem gr\u00e4sslichen Ger\u00e4usch wurde ihm die linke Schulter ausgerenkt. Schmerz explodierte in seinem Gehirn und er unterdr\u00fcckte mit M\u00fche einen Aufschrei, der mit Sicherheit so laut gewesen w\u00e4re, dass er alle Posthumanen in Edinburgh angelockt h\u00e4tte. Farland drehte sich auf den R\u00fccken und dr\u00fcckte sein Schultergelenk zur\u00fcck in die Pfanne. Er versuchte, sich zusammenzurei\u00dfen und seine Radar-Wahrnehmung einzuschalten. Tanzende Lichter vor seinen Augen erschwerten den Umgebungs-Scan. Dann lieferte sein Gehirn die Resultate: In etwa dreihundert Fu\u00df Entfernung stand ein einzelner Posthumaner auf der anderen Seite einer mehrspurigen Stra\u00dfe. Farland hob eine zitternde Hand in die Luft und stellte fest, dass der Wind aus der Gasse hinter ihm kam und seine Witterung in Richtung des Posthumanen tragen w\u00fcrde. Entgegen Farlands Erwartung hatte dieser ihn aber noch nicht bemerkt\u2026 Pl\u00f6tzlich nahm Farland am Rande seiner \u00fcberstrapazierten Aufmerksamkeit die gestiegene Luftfeuchtigkeit wahr und sah die dunklen Wolken \u00fcber sich\u2026Wie aus dem Nichts ergoss sich ein Platzregen auf Farland und durchn\u00e4sste ihn binnen Sekunden. Der Niederschlag intensivierte den Geruch seines vom Rennen verschwitzten K\u00f6rpers und reicherte die Atmosph\u00e4re damit an. Er roch sich nun sogar \u0001 \u0002 wandte sich der Posthumane, der offenbar mal ein Mitglied der schottischen Polizei-Spezialeinheit gewesen war, um. Die unruhig zuckende \u00d6ffnung in seinem Gesicht, an der sich einmal eine Nase befunden hatte, deutete darauf hin, dass er die Witterung aufgenommen hatte\u2026",
            "wordcount": "258",
            "chapter_release": "18.04.2017",
            "chapter_number": "29"
        },
        "3": {
            "text": "Aus den vier rauchigen, h\u00e4misch lachenden Stimmen wurden urpl\u00f6tzlich \u0001 \u0002 unerwartet verstummte Irokesenschnitt ging mausetot zu Boden, ein Pfeil steckte in seiner rechten Augenh\u00f6hle. Die drei \u00fcbrigen geschockten M\u00e4nner starrten auf ihn hinab.\u201eHeilige Sch\u2026!\u201c, brachte der B\u00e4rtige noch hervor, als ein zweiter Pfeil in seiner linken Schulter einschlug und er schreiend \u0001 \u0002 letzten zwei zogen panisch ihre Pistolen aus den H\u00fcftholstern und blickten sich um.\u201eWoher zum Teufel\u2026?\u201c\u201eDort oben ist einer!\u201cErtappt schwang sich eine Gestalt \u00fcber die Fensterkante eines Lagerhauses, landete krachend auf einem Waggon und rannte \u00fcber dessen Dach hinweg. Die beiden M\u00e4nner feuerten augenblicklich auf den unbekannten Angreifer, doch dieser sprang katzenartig von seiner erh\u00f6hten Position ab und war kurzerhand zwischen den zahlreichen G\u00fcterwagen verschwunden.\u201eVerdammt!\u201c, schrie der mit dem Tattoo, \u201eDa hast du deinen beschissenen Benzindieb!\u201c\u201eHalt die Klappe!\u201c, br\u00fcllte der Macheten-Mann zur\u00fcck und rannte voraus, die Pistole im Anschlag.\u201eAchte auf die Fallen!\u201c, rief der T\u00e4towierte und folgte z\u00f6gerlich nach.\u201eIch wei\u00df doch wohl genau, wo ich die aufgestellt habe, du Idiot! Folge mir einfach! Wir machen diesen Typen k\u2026!\u201cDas Tribal-Tattoo schien den vor Entsetzen verzerrten Gesichtsz\u00fcgen des zweiten Mannes zu folgen, als dieser sah, wie ein weiterer Pfeil zu beiden Seiten aus dem Nacken seines Macheten-schwingenden Kumpels herausragte, als w\u00e4re er an Ort und Stelle gewachsen. Der letzte \u00dcberlebende verlor endg\u00fcltig die Nerven und verlie\u00df panisch das Labyrinth aus rostigen Waggons, stolperte \u00fcber eine der Schienen, fiel vorn\u00fcber ins hohe Gras und sah das zackige Maul einer weit ge\u00f6ffneten B\u00e4renfalle auf sich zurasen\u2026",
            "wordcount": "258",
            "chapter_release": "26.02.2017",
            "chapter_number": "3"
        },
        "30": {
            "text": "Die silbernen Augen der H\u00fclle schienen, obgleich blind, direkt in Farlands Richtung zu starren. Ein tiefkehliger, unmenschlicher Laut war zu vernehmen, als sie den ersten Schritt in Richtung der entdeckten Beute machte. Sie marschierte zielgerichtet auf Farland los. Hilflos daliegend wie ein Spanferkel auf dem Tablett, \u00fcberpr\u00fcfte Farland mit ruckartigen Kopfbewegungen seine m\u00f6glichen Fluchtwege. Die Gasse hinter ihm war sein einziger R\u00fcckzugspunkt, aber auch sie war nicht ideal, denn sie wurde wenige Fu\u00df weiter von der Dornenhecke, \u00fcber die er gest\u00fcrzt war, geteilt. Farland strampelte mit den Beinen und kroch m\u00fchsam r\u00fcckw\u00e4rts, offenbar hatte er sich bei seinem Sturz \u00e4rger verletzt, als er angenommen hatte. Die H\u00fclle kam mit wuchtigen Schritten und zuckenden Klauen n\u00e4her. Sie duckte den abnorm entstellten Kopf zwischen die muskul\u00f6sen Arme und machte den Anschein eines siegessicheren Raubtiers kurz vor dem finalen Sprung. Es gab kein Entrinnen\u2026 Angestachelt von dieser grausigen Erkenntnis schaffte es Farland, seinen Bogen zu lockern. Er sch\u00fcttelte einen Pfeil aus seinem K\u00f6cher und f\u00fcgte Waffe und Munition zusammen, wobei er das Gef\u00fchl hatte, die Arme zweier verschiedener Personen befehligen zu m\u00fcssen. Nach mehreren Fehlversuchen spannte er schlie\u00dflich erfolgreich die Sehne \u2013 und renkte sich bei einer ungeschickten Bewegung erneut die \u00fcberstrapazierte Schulter aus. Diesmal schrie er, riss sich aber sofort wieder zusammen und stie\u00df den Schmerz mit lauten Luftst\u00f6\u00dfen zwischen seinen Z\u00e4hnen hervor. Die H\u00fclle hatte ihn fast erreicht. Da kam Farlands l\u00e4diertem Verstand endlich ein Einfall: Statt den Bogen wie \u00fcblich mit dem linken Arm festzuhalten, stemmte er einen Fu\u00df gegen den Griff und zog die Sehne mit dem rechten, unverletzten Arm straff. Er hob ein wenig das Bein und lie\u00df den ersten Pfeil davonschnellen. Das Geschoss blieb in der R\u00fcstung der H\u00fclle stecken, doch sie marschierte unbeeindruckt weiter. Also legte Farland einen weiteren Pfeil auf, wom\u00f6glich der letzte, den er jemals verschie\u00dfen w\u00fcrde. Er wartete. Die H\u00fclle kam auf zwei Schritte heran und beugte sich gerade \u00fcber ihn\u2026 Im letzten Moment riss er das Bein mit dem Bogen in die H\u00f6he, sodass die Pfeilspitze direkt auf den Kopf der Bestie zeigte, und lie\u00df die Sehne los\u2026",
            "wordcount": "346",
            "chapter_release": "18.04.2017",
            "chapter_number": "30"
        },
        "31": {
            "text": "Der Pfeil bohrte sich in die klaffende Nasenh\u00f6hle des Posthumanen und durchstach sein Kleinhirn. Der verkrampfte K\u00f6rper st\u00fcrzte mit voller Wucht auf Farland und dr\u00fcckte ihm die Luft aus den Lungen. Einen Moment lang zappelte die Leiche noch, als w\u00fcrde sie ihren Angriff vollenden wollen. Farland strampelte, trat und fluchte, bis er sich unter ihr hervorgewunden hatte. Er atmete ger\u00e4uschvoll auf. Schlapp griff er mit der rechten Hand nach dem Pfeil in der Nasenh\u00f6hle des Posthumanen, stemmte einen Fu\u00df gegen dessen Stirn und zog ihn heraus. Er wollte auch den Pfeil, der in der kugelsicheren Weste des Untoten steckengeblieben war, wieder an sich nehmen, aber das Carbon hatte sich unter dem Gewicht des fallenden K\u00f6rpers verbogen und war unbrauchbar geworden. Farland hatte den ersten seiner zwanzig Pfeile \u0001 \u0002 schaute zur\u00fcck in die Gasse.\u201eWie kann eine Dornenhecke\u2026?\u201cFarland hatte nicht die Zeit, sich weiter Gedanken zu machen, denn ein Trio Posthumane hatte seinen Schrei geh\u00f6rt und war jenseits der Mittelinsel der Stra\u00dfe aufgetaucht. Farland zog sich im str\u00f6menden Regen weiter in die Gasse zur\u00fcck und taumelte auf eine T\u00fcr nahe des Stacheldrahtzauns zu. Eine Sperrholzpalette, die an sie gelehnt war, wuchtete Farland mit einem Arm beiseite und \u00f6ffnete die gl\u00fccklicherweise unverschlossene T\u00fcr. Er zog sein Messer, betrat die Dunkelheit und schloss die T\u00fcr hinter sich. Hoffentlich hatten die Posthumanen noch immer nicht gelernt, wie man Klinken bedient. Mit vorgehaltenem Messer durchsuchte Farland die R\u00e4umlichkeiten, zog sich in ein Hinterzimmer zur\u00fcck und sicherte die T\u00fcr, indem er, die letzten Kr\u00e4fte mobilisierend, mit seiner H\u00fcfte einen Tisch davorschob. Schlussendlich rutschte er r\u00fccklinks angelehnt an dem M\u00f6belst\u00fcck herunter und blieb ersch\u00f6pft sitzen. Er hielt sich die Schulter und st\u00f6hnte vor sich hin:\u201eKeine Heilkr\u00e4uter, keine Tinkturen\u2026 Muss warten\u2026 bis der Schmerz nachl\u00e4sst\u2026\u201cEr schloss die Augen und schonte seine \u0001 \u0002 ihn herum lagen Unmengen an Medikamenten und Verbandszeug in den Lagerregalen\u2026",
            "wordcount": "311",
            "chapter_release": "18.04.2017",
            "chapter_number": "31"
        },
        "32": {
            "text": "Kapitel 4: Jetzt oder nieDer pochende Schmerz war wie ein D\u00e4mon auf der Schulter, der \u00fcber sein Versagen \u0001 \u0002 sa\u00df auf einem Fenstersims in einhundertneunzig Fu\u00df H\u00f6he, im Uhrenturm des ehemaligen Domizils einer reichen Familie, und sp\u00e4hte die Stra\u00dfen von Blackwell aus. Seine Augen brannten bei jeder Windb\u00f6e, denn er schloss sie nur selten, um keine einzige verd\u00e4chtige Bewegung zu \u0001 \u0002 Tage waren seit dem Zusammentreffen mit Davina vergangen. Er war ihrer F\u00e4hrte gefolgt, fand sogar eines ihrer Verstecke, aber er musste die hinterlistige Hexe knapp verpasst haben. Ohne ihre Auskunft blieb ihm nur noch eine auf reinem Gl\u00fcck fu\u00dfende Suche nach den Barbaren \u00fcbrig. Und das war angesichts seiner Verletzung kaum denkbar, denn seine Schulter war f\u00fcrchterlich geprellt und violett verf\u00e4rbt. Da keine lindernden Tr\u00e4nke zur Verf\u00fcgung standen, hatte er sich mit einer selbstgebauten Schlinge aus zwei Tuchfetzen und einem St\u00fcck Holz behelfen m\u00fcssen. Bis sein Arm seine alte St\u00e4rke zur\u00fcckerlangt hatte, war Farland zur Unt\u00e4tigkeit verdammt. Er ern\u00e4hrte sich vom Fleisch der Wyvern, die dem Uhrenturm zu nahe kamen, sowie von ein paar \u00fcberreifen \u00c4pfeln, die er auf einer Gr\u00fcnfl\u00e4che aufgelesen hatte. Die schlechte Verpflegung, der stetig h\u00e4mmernde Schmerz und die Verzweiflung \u00fcber den Stand seiner Mission machten Farland zunehmend m\u00fcrbe. War er dieser Aufgabe \u00fcberhaupt gewachsen? Eine sinnlose Frage, denn niemand anderes au\u00dfer ihm war \u00fcbrig. Und welchen Lebenszweck hatte er sonst? Die Hoffnungslosigkeit war so durchdringend, dass der schwindelerregende Abgrund zu Farlands F\u00fc\u00dfen von Minute zu Minute verlockender wirkte\u2026Da schwoll aus der Ferne das unverwechselbare Grollen der H\u00f6llenr\u00f6sser an und Farland erkannte eine Staubwolke im Nordosten. Er stand auf, riss sich mit neu entfachter Entschlossenheit die behelfsm\u00e4\u00dfige Schlinge vom K\u00f6rper und lie\u00df die geschwollene Schulter kreisen. Sie schmerzte noch immer, aber er biss die Z\u00e4hne zusammen.\u201eEs ist Zeit.\u201c, sagte er.",
            "wordcount": "300",
            "chapter_release": "21.04.2017",
            "chapter_number": "32"
        },
        "33": {
            "text": "Wylie betrat die leerstehende Wohnung im dritten Stock und bezog vor einem Fenster Stellung, wie es der Boss ihm aufgetragen \u0001 \u0002 lehnte das SIG-SG-516-Sturmgewehr ans Fenster, zog einen Stuhl heran und z\u00fcndete sich eine Zigarette der Marke \u201eClub\u201c an. Dann nahm er die Waffe und sp\u00e4hte durch das Reflexvisier. Von hier aus konnte er ohne Behinderung der Sicht die Gro\u00dfraumwerkstatt \u201eEdinburgh Car Servicing & Repair\u201c auf der anderen Stra\u00dfenseite beobachten. Der Lieferwagen war bereits r\u00fcckw\u00e4rts an die Fassade herangefahren, sodass der Boss, Fletch und Buzz \u00fcber den Laderaum sicher ins Innere des Geb\u00e4udes gelangen konnten. Rudy und Lennox lie\u00dfen in der Zwischenzeit die Motoren ihrer Harleys aufheulen, um die herbeimarschierenden Posthumanen wegzulocken, ganz nach Routine. Wylies Rolle bestand darin, das Geschehen vor der Werkstatt zu beobachten und im Notfall aus der Ferne einzugreifen. Eine zus\u00e4tzliche Sicherheitsma\u00dfnahme, die der Boss f\u00fcr n\u00f6tig hielt, nachdem vier Gangmitglieder von einer Benzinbeschaffung nicht mehr zur\u00fcckgekehrt waren. Man tat gut daran, auf den Boss zu h\u00f6ren, schlie\u00dflich war er es gewesen, der die Gang seit Beginn der Krise am Leben gehalten hatte. Seiner Cleverness und Furchtlosigkeit war es zu verdanken, dass die Silver Barbarians diese Stadt beherrschten und nichts und niemanden zu f\u00fcrchten hatten. Wylie lehnte sich kurz zur\u00fcck und paffte gen\u00fcsslich einen Rauchring zur Zimmerdecke. \u2026 als er wieder durch das Fenster sp\u00e4hte, fiel ihm die Zigarette aus dem Mund. Er fingerte ungeschickt nach dem Funkger\u00e4t in seiner Brusttasche und sprach mit gesenkter Stimme hinein:\u201eBoss, bitte kommen!\u201cNach einem kurzen, elektrischen Kratzen ert\u00f6nte eine tiefe Stimme mit strengem, schottischen Akzent:\u201eWas gibt\u2019s? Sind Stinker im Anmarsch?\u201c\u201eNein\u2026\u201c, fl\u00fcsterte Wylie ins Funkger\u00e4t, merkte, dass er den Knopf nicht gedr\u00fcckt gehalten hatte, und wiederholte: \u201eNein. Irgend so ein Typ mit Kapuze. Soll ich ihn kaltstellen?\u201cMehrere Sekunden verstrichen, in denen Wylies Zeigefinger nerv\u00f6s \u00fcber den Abzug des Gewehrs \u0001 \u0002 ert\u00f6nte wieder das kurze, elektrische Kratzen\u2026",
            "wordcount": "316",
            "chapter_release": "26.04.2017",
            "chapter_number": "33"
        },
        "34": {
            "text": "Es hatte Farlands ganzer Kraft bedurft, um mit den R\u00f6ssern der Barbaren \u0001 \u0002 b\u00f6se Macht spornte sie zu \u00fcbernat\u00fcrlicher Schnelligkeit und unersch\u00f6pflicher Ausdauer an. Als Farland das Halbdunkel der riesigen Schmiede betrat, bem\u00fchte er sich sofort, seinen Atem zu beruhigen, um nicht auf sich aufmerksam zu machen. Er durfte diese Gelegenheit, die ihm Fortuna beschert hatte, nicht entrinnen lassen. Wie oft w\u00fcrde ihm das Schicksal noch so hold sein? Einen unangenehmen Gedanken versuchte er zu unterdr\u00fccken: In seiner von Frust gen\u00e4hrten Impulsivit\u00e4t war er ohne jeden Plan in das Geb\u00e4ude eingedrungen. Noch schlimmer war, dass die hiesige Architektur vor allem aus engen und schwer einsehbaren Fluren bestand, ung\u00fcnstig f\u00fcr einen Krieger, der gew\u00f6hnlich aus der Distanz seinen Vorteil bezog. Er musste mit Bedacht vorgehen. Seine Schulter meldete sich dumpf, als Farland seinen Bogen bereitmachte. Je weiter er voranschlich, desto deutlicher wurden Stimmen vernehmbar. Farland erreichte eine geschlossene T\u00fcr und legte ein Ohr ans Holz. Er z\u00e4hlte drei, nein vier m\u00e4nnliche Stimmen, die letzte klang seltsam entfernt und irgendwie blechern. Doch er verstand kein Wort. Er \u00f6ffnete die T\u00fcr einen Spalt weit. Seiner Anwesenheit nicht gewahr, setzten die M\u00e4nner ihr Gespr\u00e4ch fort. Farland stoppte abrupt.\u2026 zu seinen F\u00fc\u00dfen war im gedimmten Licht eine feine Linie aufgeblitzt. Farland beugte sich herab und sch\u00e4rfte seinen Blick: Ein Stolperdraht. Er kannte sich mit diesen primitiven Fallen aus, obwohl er sie selbst nie bei der Jagd eingesetzt hatte. Wenn er die T\u00fcr \u00f6ffnete, w\u00fcrde ein Fallnetz auf ihn herniedergehen, da war er sich sicher. Glaubten die Barbaren wirklich, dass er darauf hereinfiel?Farland grinste, als ihm ein Einfall kam: Indem er die Falle kontrolliert ausl\u00f6ste und beh\u00e4nd in den Flur zur\u00fccksprang, konnte er die Barbaren wie unbedachtes Wild aufscheuchen und sie vielleicht voneinander trennen, um sie sich einzeln vorzunehmen. Er nahm einen Pfeil aus seinem K\u00f6cher und durchtrennte damit den Draht\u2026Eine halbe Sekunde sp\u00e4ter wurde Farland Zeuge der m\u00e4chtigsten Magie, die er je erlebt hatte\u2026",
            "wordcount": "323",
            "chapter_release": "26.04.2017",
            "chapter_number": "34"
        },
        "35": {
            "text": "Ein extrem heller Lichtblitz blendete Farland, ein markersch\u00fctternder Knall machte ihn \u0001 \u0002 taumelte orientierungslos r\u00fcckw\u00e4rts und stie\u00df gegen die Wand des Korridors. Drei M\u00e4nner st\u00fcrmten aus dem Raum hervor. Eine stahlharte Faust schlug in Farlands Magengegend ein und lie\u00df ihn zusammensacken. Sofort versuchte er, sich zur Wehr zu setzen, doch mehrere Tritte in Folge trafen seinen Rumpf und seine Gliedma\u00dfen. Dann riss ihn jemand an seinem Halstuch in die H\u00f6he, holte aus und verpasste ihm einen Schwinger aufs Kinn. Farlands schlapper K\u00f6rper st\u00fcrzte zur\u00fcck auf den Boden und blieb reglos liegen. Der Schl\u00e4ger, ein bulliger Kerl von gerade einmal f\u00fcnf Fu\u00df K\u00f6rpergr\u00f6\u00dfe, hielt nur noch Farlands Halstuch in der Hand und warf es achtlos beiseite. \u201eDieser Vollidiot hat meine Falle sogar mit Absicht ausgel\u00f6st!\u201c, lachte er h\u00e4misch, sodass die Blendgranaten an seinem G\u00fcrtel wackelten, \u201eIch glaub, ich spinne!\u201c\u201eMein Reden!\u201c, best\u00e4tigte ein schlaksiger Kerl mit schiefer Nase, \u201eWie dumm kann man sein?\u201c\u201eDie Frage ist eher, was er hier zu suchen hat.\u201c, brummte einer mit Glatze, vom Akzent her ein alteingesessener Schotte, \u201eDurchsuch seinen Rucksack!\u201cDer Bullige entriss Farland sein Gep\u00e4ck und kramte darin herum:\u201eHm, nur ein paar Zweige, Stoffreste, ein Messer\u2026 bah, was stinkt hier so? Irgendwas Fleischiges\u2026 sind das\u2026 Federn?\u201c\u201eSchei\u00df auf das olle Zeug!\u201c, sagte die Schiefnase, \u201eGuck mal, was der hier Geiles hat! Ich glaube, das Ding behalte ich!\u201cEr nahm den Bogen und den K\u00f6cher samt Pfeilen an sich und r\u00fcttelte Farlands K\u00f6rper dabei so heftig durch, dass dieser sein Bewusstsein zur\u00fcckerlangte und ein Auge halb \u00f6ffnete.\u201eFletch.\u201c, sprach der Glatzkopf genervt, \u201eDu kannst doch nicht mal mit einer Knarre richtig umgehen. Wahrscheinlich schie\u00dft du dir wieder selbst in den Fu\u00df. Oder noch schlimmer, du triffst einen von uns. Fuchtel nicht so damit rum, du Penner\u2026!\u201cEr unterbrach sich, als der am Boden liegende Farland ein schwaches R\u00f6cheln von sich gab\u2026",
            "wordcount": "310",
            "chapter_release": "26.04.2017",
            "chapter_number": "35"
        },
        "36": {
            "text": "Farland spie Blut \u0001 \u0002 setzte sich m\u00fchsam auf und versuchte durch ein Kopfsch\u00fctteln das hohe Pfeifen in seinen Ohren zu verscheuchen. Benommen griff er nach hinten, um einen Pfeil aus seinem K\u00f6cher zu ziehen und sich f\u00fcr einen Kampf bereit zu machen. Er griff ins \u0001 \u0002 war aller Schmerz vergessen. Vom Schock \u00fcber den Verlust seiner magischen Bewaffnung angetrieben, hievte er sich auf die F\u00fc\u00dfe und humpelte auf die drei Angreifer zu. Doch der Glatzkopf drohte bereits mit der todbringenden Zaubergeste.\u201eAh-ah-ah! Das w\u00fcrde ich an deiner Stelle nicht machen.\u201cFarland taumelte ein paar Schritte r\u00fcckw\u00e4rts und betrachtete fassungslos seine g\u00e4hnend leeren H\u00e4nde. Er schaute wieder hoch und beurteilte die Lage: Farland konnte den mit der blanken Glatze anhand seines Gebarens sofort als den Anf\u00fchrer erkennen. Genau wie seine beiden Untertanen war er ein Berg von einem Mann und Farland k\u00f6rperlich bei weitem \u00fcberlegen. Ohne seinen Bogen waren all die Jahre Jagd- und Schie\u00dferfahrung nicht mehr von Bedeutung. Farland machte eine vernichtende Erkenntnis: Er war besiegt, der Gnade seiner Peiniger schutzlos ausgeliefert. Er hatte das Gef\u00fchl, direkt vor einem lodernden Feuer zu stehen\u2026\u201eAlles klar.\u201c, sagte der Anf\u00fchrer schlie\u00dflich und lie\u00df seine Hand sinken, \u201eUnser Legolas hier hat kapiert, wer hier das Sagen hat.\u201c\u201eMein Name ist Farland!\u201c, warf ihm dieser regelrecht entgegen und ballte die H\u00e4nde zu F\u00e4usten.\u201eFarland? So so, von mir aus.\u201cDer schiefnasige Fletch warf derweil einen Blick auf den gestohlenen Bogen, hob eine Augenbraue fragend hoch und zwinkerte Farland dann verschw\u00f6rerisch zu:\u201eAh ja, ich verstehe schon. Haha!\u201c\u201eAlso, Farland.\u201c, erhob der Anf\u00fchrer erneut die Stimme, \u201eWas zur H\u00f6lle willst du hier?\u201cIn Farland brodelte es vor Verzweiflung und Hass. Er starrte den Anf\u00fchrer direkt an und bat die G\u00f6tter um die F\u00e4higkeit, Pfeile aus seinen Augen verschie\u00dfen zu k\u00f6nnen.\u201eUnrecht wieder recht machen.\u201c, antwortete er.",
            "wordcount": "306",
            "chapter_release": "28.04.2017",
            "chapter_number": "36"
        },
        "37": {
            "text": "\u201eBoss, hier ist noch was im Rucksack. Sieh dir das an!\u201cDer Bullige zog ein St\u00fcck Papier hervor. Der Boss nahm es an sich und entfaltete es zu einer Karte der n\u00e4heren Umgebung Edinburghs, mit roten Markierungen und der Skizze eines geh\u00f6rnten Vikingerhelms, dem Symbol der Silver Barbarians. Er senkte die Karte wieder und schien kurz nachzudenken.\u201eSag mal, Farland!\u201c, ergriff er schlie\u00dflich das Wort, \u201eVor ein paar Tagen sollten ein paar M\u00e4nner Benzin von einem G\u00fcterbahnhof nicht weit von hier besorgen. Aber sie sind nicht zur\u00fcckgekehrt. Jetzt sind wir hier, um Ersatzteile f\u00fcr einen zweiten Tankwagen zu besorgen und sie suchen zu gehen. Du bist ihnen nicht zuf\u00e4llig \u00fcber den Weg gelaufen\u2026 oder doch?\u201cDie Augen des Bosses drangen in Farlands und schienen seine Gedanken lesen zu wollen. Farland sagte nichts, sondern knirschte nur so heftig mit den Z\u00e4hnen, dass sich seine Kiefermuskulatur sichtbar anspannte. Eine Sekunde sp\u00e4ter konnte er nicht mehr anders: Ein provokantes L\u00e4cheln huschte \u00fcber sein Gesicht. Er hatte eh nichts mehr zu verlieren.\u201eDer Typ wei\u00df was!\u201c, schrie der Bullige wutentbrannt und warf Farlands Rucksack beiseite, \u201eIch sag\u2019s dir, er hat Wallace und die anderen umgebracht! Daf\u00fcr soll er bezahlen! Mach den Wichser kalt, Boss! Jag ihm `ne Kugel ins Hirn!\u201cDer Boss starrte Farland noch einige Sekunden an und faltete langsam und sorgf\u00e4ltig die Karte zusammen, w\u00e4hrend der Bullige fluchte und drohte.\u2026 dann zog er blitzschnell seinen gl\u00e4nzend polierten Revolver Smith & Wesson Model 29, dr\u00fcckte ihn an Farlands Stirn und spannte den Hahn, dessen Klicken eine Endg\u00fcltigkeit verlauten lie\u00df.\u201eSorry, Farland. Aber du hast dich mit den falschen Leuten angelegt.\u201c\u2026 Farland zuckte nicht einmal. Er l\u00f6ste den Blick auch nicht von den Augen seines \u0001 \u0002 holte er tief Luft und sprach dann seine letzten Worte:\u201eT\u00f6tet mich ruhig, Barbarenk\u00f6nig! Wenn euer geliebtes Walhalla tats\u00e4chlich existiert, erwartet es mich bereits. F\u00fcr euch Misset\u00e4ter bleiben nur die H\u00f6llenpforten Ragnar\u00f6ks!\u201c",
            "wordcount": "318",
            "chapter_release": "30.04.2017",
            "chapter_number": "37"
        },
        "38": {
            "text": "Tief im Inneren glaubte Farland nicht daran, eines Platzes in den Reihen seiner Vorfahren w\u00fcrdig zu \u0001 \u0002 schwer wog sein Versagen. Niemand w\u00fcrde sich an ihn erinnern. Er w\u00fcrde im Nichts vergehen, sobald die schwarze Magie auf ihn niederfuhr\u2026Doch nichts dergleichen passierte. Stattdessen sah Farland, wie der Barbarenk\u00f6nig den Kopf schief legte und seine Hand senkte.\u201eWas hast du eben gesagt?\u201c, fragte er \u0001 \u0002 stutzte \u00fcber den \u00fcberraschenden Sinneswandel:\u201e\u2026 ehrenlose M\u00f6rder und Brandschatzer wie ihr verdient nichts Besseres, als von den Teufeln eures eigenen fehlgeleiteten Glaubens gerichtet zu werden!\u201cDer K\u00f6nig drehte sich kurz zu seinen Untertanen um und \u00f6ffnete den Mund zu einer Fratze.\u201eHa!\u201c, stie\u00df er h\u00f6hnisch hervor, \u201eHabt ihr das gerade geh\u00f6rt? Unser Farland hier hat offenbar zu viel Sonne abbekommen!\u201c\u201eEr h\u00e4lt dich f\u00fcr einen K\u00f6nig!\u201c, l\u00e4sterte Fletch.\u201eNat\u00fcrlich tut er das!\u201c, lachte der K\u00f6nig und umkreiste Farland wie der Zerberus seine Beute, \u201eDenn genau das bin ich: Der royale Herrscher \u00fcber diese Schar kr\u00e4ftiger Recken! In jedem Land erzittern die Unw\u00fcrdigen, sobald sie meinen Namen h\u00f6ren: K\u00f6nig Russel!\u201cEr machte ein paar ausufernde Handbewegungen und ergab sich in \u00fcbertriebenem Eigenlob, dass Farland die Galle hochkam.\u201eMir reicht\u2019s jetzt!\u201c, br\u00fcllte der Bullige pl\u00f6tzlich dazwischen und zog eine Klinge, \u201eDer verar%\u00a7\u201c% uns doch! Machen wir diesen verdammten &$\u00a7\u2018%*\u201c\u00a7 kalt! Ich will, dass er an seinem \u00a7$&#\u201c# Blut erstickt!\u201c\u201eWarte, Buzz!\u201c, ging K\u00f6nig Russel dazwischen und hielt ihn mit einer Hand zur\u00fcck, \u201eIch wei\u00df, du bist sauer wegen deinem Bruder. Und wir lassen den Kerl daf\u00fcr bezahlen, keine Sorge. Aber eine Ladung aus der guten Betsy hier erscheint mir irgendwie unpassend. Mir f\u00e4llt da etwas Besseres ein\u2026\u201cEr riss zu Farland herum und packte ihn an der Kehle:\u201eWerfen wir ihn in die Feuer des Schicksalsberges!\u201c",
            "wordcount": "295",
            "chapter_release": "08.05.2017",
            "chapter_number": "38"
        },
        "39": {
            "text": "Eine Doppelt\u00fcr wurde von der Au\u00dfenseite entriegelt und aufgesto\u00dfen. Fletch und der bullige Buzz schleiften Farland in die weitr\u00e4umige Werkstatthalle und dr\u00fcckten ihn r\u00fccklings gegen ein Gel\u00e4nder. Farland wehrte sich nach Leibeskr\u00e4ften, aber binnen Sekunden hing er mit dem Kopf voran von der erh\u00f6hten Metallplattform, zehn Fu\u00df unter ihm war der Boden. Ein kollektives Raunen ert\u00f6nte irgendwo in der Halle. Nur Augenblicke sp\u00e4ter war der Boden nicht mehr sichtbar, denn zwanzig Posthumane hatten sich unter Farland versammelt und streckten ihre Arme nach ihm aus. \u201eWir haben sie vor Wochen hier zusammengetrieben, damit wir uns ungest\u00f6rt im Ersatzteilelager bewegen k\u00f6nnen.\u201c, erkl\u00e4rte Russel seelenruhig, \u201eDie armen Kerle m\u00fcssen am Verhungern sein. Mal sehen, ob sie Gefallen an dir finden!\u201cMit diesen Worten lie\u00dfen Fletch und Buzz los. Farland fiel. Er prallte auf den muskul\u00f6sen K\u00f6rper eines Posthumanen, vollf\u00fchrte einige Momente unfreiwilligen Crowdsurfings, strampelte sich frei und landete \u00fcberraschend elegant auf den F\u00fc\u00dfen. Sofort drehten sich die Menschenfresser zu ihm um und gingen auf ihn los.\u201eZeig uns deine Schwertk\u00fcnste, stolzer Krieger!\u201c, rief Russel von der Plattform herunter und warf Farland sein Jagdmesser \u0001 \u0002 fing es reflexartig am Griff \u2013 und wich dann panisch zur\u00fcck. Ein Nahkampf gegen so viele Posthumane war schlicht Selbstmord. Er wich immer wieder aus und stach nur ab und an z\u00f6gerlich zu. Die drei Biker lachten \u0001 \u0002 Russels Funkger\u00e4t meldete sich derweil Wylie: \u201eRudy und Lennox sind zur\u00fcck. Wir m\u00fcssen los.\u201c\u201eSchaden. Verstanden.\u201c, antwortete Russel b\u00fcndig.\u201eUnd vergesst Killer nicht! Ich hab ihn vorhin bei euch gesehen. Der Kleine ist hilflos ohne mich.\u201c\u201eDem verlausten Vieh passiert schon nichts! Der findet selbst den Weg nach Hause.\u201cW\u00e4hrend er sich durch die T\u00fcr zur\u00fcckzog, rief Russel noch: \u201eSodann, Farland! Unsere k\u00f6nigliche Eskorte ist da! Auf Nimmerwiedersehen!\u201cFarland reagierte: Er lief eine weite Kurve durch die Halle, beschleunigte, rannte \u00fcber ein paar Kisten hinweg, sprang ab und streckte die Hand nach dem Gel\u00e4nder aus\u2026",
            "wordcount": "316",
            "chapter_release": "08.05.2017",
            "chapter_number": "39"
        },
        "4": {
            "text": "Farland f\u00fchlte das Grauen des Mordens in sich hochsteigen, als er sich dem Leib des Gefallenen, dessen Glieder noch immer zuckten, \u0001 \u0002 Sch\u00e4del des Barbaren war in der Falle, die sein ehemaliger Kampfgef\u00e4hrte ausgelegt hatte, zermalmt worden. Widerwillig kniete sich Farland zum Leichnam nieder, lockerte sein Halstuch, womit er sich maskiert hatte, und entbl\u00f6\u00dfte eine finstere Miene. Er senkte den Kopf und sprach leise und ehrf\u00fcrchtig ein Gebet der Altvorderen, das dem besiegten Feind den \u00dcbergang ins Jenseits erleuchten sollte. Dann stand er auf und schaute in die Ferne.\u201eWieder keine Spur\u2026\u201c, sagte er zu sich selbst. Hilfesuchend schaute er in Richtung der nun herrenlosen Reittiere, zwei kleine R\u00f6sser und ein gro\u00dfes, das mit einer Art Saugr\u00fcssel gen\u00fcsslich aus einem gro\u00dfen Fass zu trinken schien. Die seltsamen Tiere standen nur stumm und reglos und vermochten keine Antworten zu \u0001 \u0002 begann Farland, seine verschossene Munition wieder einzusammeln. Mit einigem Kraftaufwand zog er einen Pfeil aus der Augenh\u00f6hle eines Barbaren mit un\u00fcblicher Haarpracht und betrachtete das Todeswerkzeug. Dies war kein gew\u00f6hnlicher Pfeil, Magie umgab ihn wie ein Schimmern und verlieh ihm die Geschwindigkeit des Windes und die Widerstandskraft der st\u00e4rksten Eiche. Auch Farlands Bogen war ein sonderbares Exemplar: Die Sehne war verzaubert, weshalb der ge\u00fcbte J\u00e4ger nur einen Bruchteil der Zugkraft, die sonst f\u00fcr einen Langbogen notwendig war, aufbringen musste\u2026Pl\u00f6tzlich fuhr der rotb\u00e4rtige Barbar mit dem Pfeil in der Schulter vom Boden hoch und ergriff die Flucht. Blitzschnell griff Farland nach seinem Bogen, legte den geborgenen Pfeil auf und zielte auf das Bein des \u0001 \u0002 brauchte ihn lebendig\u2026",
            "wordcount": "261",
            "chapter_release": "27.02.2017",
            "chapter_number": "4"
        },
        "40": {
            "text": "Seine Schulter kreischte vor Schmerz, als Farland das Gestell erreichte und sich daran \u0001 \u0002 zog sich m\u00fchsam daran hoch \u2013 da sp\u00fcrte er einen Griff von einer St\u00e4rke, die ihm augenblicklich das Wadenbein zu zerquetschen drohte. Farland schrie auf und trat blindlings nach dem Besitzer der gierigen Klaue. \u00dcber den Rand des Gestells sah er, wie die Barbaren die T\u00fcr und damit seinen einzigen Ausweg aus dieser Lage endg\u00fcltig \u0001 \u0002 heftiger Ruck fuhr durch Farlands K\u00f6rper, seine H\u00e4nde verloren den Halt und er wurde durch die Luft geschleudert. Er landete hart auf dem R\u00fccken, sah die bleichen Fratzen der zwanzig H\u00fcllen auf sich eindringen und kroch verzweifelt r\u00fcckw\u00e4rts. Er zw\u00e4ngte sich unter einer Art Bahre hindurch, auf der ein regungslos daliegendes H\u00f6llenross offenbar geduldig darauf wartete, mit neuen Hufeisen beschlagen zu werden. Er kam auf der anderen Seite wieder hervor und bemerkte schockiert, dass er sich selbst in eine Ecke man\u00f6vriert hatte. Links warfen sich die H\u00fcllen auf alle Viere und krochen ihm nach. Rechts liefen die Gesch\u00f6pfe um die Bahre herum und kreisten ihn somit ein. Er war dem Feind n\u00e4her als jemals zuvor. Kurzerhand schleuderte Farland das Messer zielgenau in die Augenh\u00f6hle einer H\u00fclle, die sofort umfiel und damit einen Stapel leerer F\u00e4sser umriss, wodurch seine Artgenossen kurz am Fortkommen gehindert wurden. Dies erkaufte Farland genug Zeit, um sich zutiefst bewusst zu werden: Er w\u00fcrde hier sterben. Diese vernichtende Erkenntnis lie\u00df alle Kraft aus seinem Leib entweichen, w\u00e4hrend die H\u00fcllen herannahten, um ihr Werk zu vollenden.\u201eIch habe versagt\u2026\u201c, hauchte Farland und hob den Blick, um die Altvorderen um Verzeihung und Gnade zu bitten.\u2026 da fiel ihm, in einer Arml\u00e4nge Entfernung, eine omin\u00f6se Steintafel mit seltsamen, reliefartigen Symbolen auf. Gleichg\u00fcltig versuchte er, sie zu entziffern \u2013 und kniff die Augen ein wenig zusammen\u2026Pl\u00f6tzlich verwandelte sich eines der Symbole\u2026 in einen roten Drehschalter. Darunter eine Aufschrift: \u201eBei Stromausfall drehen.\u201c",
            "wordcount": "312",
            "chapter_release": "08.05.2017",
            "chapter_number": "40"
        },
        "41": {
            "text": "Ein Feuer entfachte in Farlands \u0001 \u0002 Hand stie\u00df wie von selbst nach vorne, griff nach dem Schalter und drehte ihn ruckartig herum. Direkt im Anschluss ert\u00f6nte das langgezogene Zischen einer Hydraulik, deren \u00d6ldruckbeh\u00e4lter entleert wurde. Die Hebeb\u00fchne mit dem felgenlosen Land Rover darauf erzitterte und begann, sich langsam aber sicher abzusenken. Innerhalb von f\u00fcnfzehn Sekunden \u00fcberwand sie eine H\u00f6he von etwa drei Fu\u00df. Die Posthumanen, die unter der Hebeb\u00fchne hindurch auf Farland zu krochen, bemerkten es erst, als bereits mehr als drei Tonnen Gewicht auf sie einwirkten. Einige Momente lang wehrten sich ihre angespannten, hochgeputschten K\u00f6rper noch gegen den auf sie wirkenden Druck. Dann wurde das Brechen von Knochen und das Platzen von inneren Organen vernehmbar. Die Hebeb\u00fchne beendete den Absenkvorgang, unter ihr zappelten noch ein paar zermalmte \u0001 \u0002 stand vom Boden auf und hielt sich den Kopf wie bei einer Migr\u00e4ne, kalter Schwei\u00df stand auf seiner Stirn. Ein leeres Benzinfass rollte von der Seite heran und stie\u00df gegen seinen Unterschenkel. Die Posthumanen von rechts hatten sich um das Hindernis herumgewunden und drangen wieder auf ihn ein. Farland sah sich um, dann sprang er kurzerhand auf die Motorhaube des abgesenkten Land Rovers und erkletterte dessen Dach. Die Posthumanen umringten das Fahrzeug. Glasscheiben brachen, als sich die K\u00f6rper der Untoten gegen die Autot\u00fcren dr\u00fcckten. Sie griffen nach Farlands Beinen, die er wie bei einem seltsamen Tanz hastig wegzog, bevor er eine der beiden S\u00e4ulen der Hebeb\u00fchne erkletterte. Einige Sekunden balancierte er auf deren Spitze und massierte sich hektisch die \u00fcberstrapazierte Schulter. Dann machte er einen Satz in die leere Luft, direkt \u00fcber die K\u00f6pfe der Menschenfresser hinweg\u2026Er erreichte das Gel\u00e4nder der Plattform, zog die Beine schnell ein, wuchtete sich mit letzter Kraft dar\u00fcber und knallte auf die Metallplattform \u2013 au\u00dfer Reichweite. Heftig atmend blieb er liegen und rollte sich in k\u00f6rperlicher \u2013 und seelischer \u2013 Pein auf dem Gitteruntergrund \u0001 \u0002 ihm verfluchten die Posthumanen den Verlust ihrer sicheren Beute.",
            "wordcount": "320",
            "chapter_release": "08.05.2017",
            "chapter_number": "41"
        },
        "5": {
            "text": "Der B\u00e4rtige taumelte hinter den Tanklaster und somit aus der Schusslinie des \u0001 \u0002 nutzte das Zeitfenster, um sich auf seine Harley zu schwingen, den Motor anzuwerfen und das Gef\u00e4hrt mit nur einem verf\u00fcgbaren Arm umst\u00e4ndlich zur\u00fcck auf die Stra\u00dfe zu lenken. Von Todesangst getrieben, gab er Vollgas und baute rapide Abstand zu seinem omin\u00f6sen Verfolger auf\u2026 Der B\u00e4rtige sp\u00fcrte pl\u00f6tzlich einen heftigen Schmerz, diesmal in seiner rechten Schulter, und sah die blutige Spitze eines Carbonpfeils daraus hervorstechen. Sein Griff um den Lenker l\u00f6ste sich und das Bike geriet au\u00dfer Kontrolle. Gef\u00e4hrt und Fahrer st\u00fcrzten um und rutschten \u00fcber den rauen \u0001 \u0002 der schweren Karosserie seines Motorrads begraben, fand sich der Mann im Stra\u00dfengraben liegend wieder. Da schloss der Unbekannte zu ihm auf und richtete seinen Compoundbogen auf ihn: \u201eR\u00fchre keinen Muskel, Barbar! Sag mir, wo euer Lager ist, und ich verschone dich!\u201c\u201eLeck mich!\u201c, spuckte der Biker mit schmerzverzerrtem Gesicht aus.\u201eSprich, Elender!\u201c, forderte der Sch\u00fctze erneut, \u201eWohin habt ihr das Kronjuwel gebracht?\u201cDer B\u00e4rtige h\u00f6rte nun genauer hin:\u201eKronjuwel? Was bist du, so eine Art Irrer?\u201cDer Mann mit dem Bogen schien w\u00fctender zu werden, denn er spannte die Sehne noch einen Deut mehr:\u201eDas Kronjuwel von Allanwick, das ihr Scheusale gestohlen habt! Wo ist es? Sag es mir!\u201c\u201eDu\u2026 hast ja einen Dachschaden\u2026!\u201c, blubberte der B\u00e4rtige. Zeitgleich tastete seine Hand \u00fcber den Sitz seines Bikes hinweg und erreichte die schwarze Satteltasche mit dem Logo eines geh\u00f6rnten Vikingerhelms und dem Schriftzug \u201eSilver Barbarians Motorcycle Club\u201c.Er versuchte, etwas daraus hervorzuziehen\u2026",
            "wordcount": "254",
            "chapter_release": "28.02.2017",
            "chapter_number": "5"
        },
        "6": {
            "text": "Farlands gesch\u00e4rftem Blick entging die Hand des Barbaren, die einer Spinne gleich \u00fcber die Satteltasche seines H\u00f6llenrosses tastete, keineswegs.\u201eHalte ein! Ich will dich nicht t\u00f6ten!\u201c, versuchte er, zum am Boden Liegenden \u0001 \u0002 dieser schien eine g\u00e4nzlich andere Zunge zu sprechen und Farlands Worte nicht zu verstehen, w\u00e4hrend er ungeschickt an der Lasche seines Gep\u00e4cks herumfingerte.\u201eTu das nicht\u2026!\u201c, erhob Farland, diesmal flehend, noch einmal die \u0001 \u0002 der Barbar h\u00f6rte nicht auf ihn. Er reckte seine Hand in die H\u00f6he und da sah Farland es: Dieselbe mysteri\u00f6se Geste, die er schon bei den anderen Feindeskriegern gesehen hatte. Der Zeigefinger ausgestreckt und leicht nach innen gekr\u00fcmmt, die drei anderen Finger angelegt, der Daumen nach oben abgespreizt, eine kaum merkliche Bewegung ausf\u00fchrend, auf die ein deutlich wahrnehmbares Klicken folgte\u2026 Farlands Bogen schleuderte den Pfeil wie von selbst ins Ziel, direkt in die Stirn des Barbaren. Ein letztes Muskelzucken bewegte den Arm des Barbaren. Ein kurzer Feuersto\u00df loderte von seiner Hand auf, begleitet von einem ohrenbet\u00e4ubenden Knall. Das magische Projektil verfehlte Farland und traf in einiger Entfernung das riesige Reittier mit dem R\u00fcssel, das sich nicht daran zu st\u00f6ren schien und weiter lautstark aus dem gro\u00dfen Fass trank. Farland starrte es einen Moment lang an und drehte sich dann langsam zu seinem gef\u00e4llten Gegner \u0001 \u0002 fiel regelrecht auf die Knie, fasste sich frustriert an den Hinterkopf und vergoss eine einzige Tr\u00e4ne, von der er sich nicht sicher war, ob sie dem unsinnigen Massenmord oder der Hoffnungslosigkeit seiner Mission geschuldet war.\u201eWarum hast du mich gezwungen, das zu tun?\u201c, fragte er den Geist des Barbaren, der sich in der sommerlichen Luft von Midfurth verfl\u00fcchtigte\u2026",
            "wordcount": "274",
            "chapter_release": "02.03.2017",
            "chapter_number": "6"
        },
        "7": {
            "text": "Farland kniete noch eine ganze Weile, w\u00e4hrend die Sonne auf seiner Kapuze \u0001 \u0002 stand er auf, schulterte seinen Bogen, raffte seine vier Pfeile zusammen und steckte sie zu den restlichen sechzehn zur\u00fcck in den R\u00fcckenk\u00f6cher. Den Revolver, den der tote B\u00e4rtige noch in der starren Hand hielt, nicht wahrnehmend, kehrte er zum f\u00fchrerlosen Tanklaster der Biker-Gang zur\u00fcck. Aus einem kreisrunden Loch im blechernen Rumpf des Fahrzeugs entleerte sich das frisch aufgetankte Benzin und bildete einen Teich auf dem Asphalt. \u201eSchwarze Magie, unsichtbar f\u00fcr das menschliche Auge\u2026\u201c, murmelte Farland vor sich hin. Er hielt eine Hand in den Strahl der herauslaufenden Fl\u00fcssigkeit und roch daran, r\u00fcmpfte sofort angewidert die Nase und wischte die \u00f6lige Hand an seinem Hosenbein ab. Dann lief er um den Tanklaster herum und streichelte \u00fcber dessen Motorhaube, als w\u00fcrde er ein sterbendes Tier beruhigen wollen. Ein sanftes \u201eSsshhht\u2026\u201c verlie\u00df seine Lippen. In derselben Sekunde erzeugte der punktierte Tank nicht mehr genug Unterdruck und die Pumpe schaltete sich \u0001 \u0002 entfernte sich vom Laster und n\u00e4herte sich mit vorgehaltenen Handfl\u00e4chen der \u00fcbriggebliebenen Harley-Davidson. \u201eKeine Sorge.\u201c, fl\u00fcsterte er, \u201eIch werde dir nichts tun. Du bist jetzt frei und kannst ziehen, wohin du willst. Ich will dich nur von deinem Zaumzeug befreien\u2026\u201cFarland l\u00f6ste behutsam die Satteltasche und schaute verdutzt, ratlos dar\u00fcber, dass sich das Motorrad nicht von selbst startete und einfach davonfuhr. Er trat zur\u00fcck und legte die Tasche auf den \u0001 \u0002 er einen Moment darin herumgew\u00fchlt hatte, zog er ein gefaltetes St\u00fcck Papier hervor. Er breitete es aus und enth\u00fcllte eine Karte von der n\u00e4heren Umgebung. Mit Rotstift waren zahlreiche Markierungen darauf eingetragen. Eine war besonders auff\u00e4llig, denn jemand hatte die Skizze eines Vikingerhelms hinzugef\u00fcgt. Daneben stand, in gro\u00dfen Buchstaben, der Name einer Stadt:\u0001 \u0002 Blick wurde noch finsterer, als er entzifferte: \u201eDie sieben Totenh\u00fcgel von Blackwell\u2026\u201c",
            "wordcount": "305",
            "chapter_release": "02.03.2017",
            "chapter_number": "7"
        },
        "8": {
            "text": "Farland stie\u00df gegen einen mit Moos bedeckten Stein und geriet ins \u0001 \u0002 Schmerz in seinen Zehen ignorierend, setzte er den Aufstieg fort. Seine Oberschenkelmuskeln brannten infolge der langen und beschwerlichen Reise zu Fu\u00df. In den letzten zwei Tagen hatte er an die sechzig Meilen zur\u00fcckgelegt. Er h\u00e4tte die Strecke auch schneller hinter sich gebracht, schlie\u00dflich hatte er sich kaum Pausen f\u00fcr Rast und St\u00e4rkung geg\u00f6nnt. Aber er hatte die einst sicheren Pfade und P\u00e4sse meiden m\u00fcssen, um den gierigen Augen und M\u00e4ulern der Wesen, die das ganze Land infiziert hatten, zu \u0001 \u0002 brachte die letzten m\u00fchsamen Schritte hinter sich und erreichte den etwa achthundertzwanzig Fu\u00df hohen Gipfel des Hausbergs von Blackwell, vor ihm ein halsbrecherischer Steilhang, an dessen Fu\u00df die Stadt lag, das Ziel seiner Reise. Einst war Blackwell eine bl\u00fchende Metropole mit gl\u00fccklichen und gesch\u00e4ftigen Bewohnern gewesen. Jetzt blieb von ihrer Sch\u00f6nheit und ihrem Wohlstand nichts \u00fcbrig als eine Ruine, eine Geisterstadt, ein Reich des Todes. Farland konnte vom Hausberg aus die gesamte Szenerie \u00fcberblicken. Ein Teil des Stadtbildes war alt und traditionell, der andere bestand aus bizarren Bauten mit flachen D\u00e4chern und Hunderten von Fenstern. Hier und da lugten Kircht\u00fcrme und Tempelanlagen aus dem Geb\u00e4udedickicht hervor. Keine Turmglocken ert\u00f6nten und kein Laut von Gesch\u00e4ftigkeit war zu h\u00f6ren. Die Stimme der Stadt war seit Monaten verstummt. Nur der Wind fl\u00fcsterte vom n\u00f6rdlich gelegenen Meer herbei und trug den Duft von Salz und Fisch, vermischt mit einem leichten Hauch von Feuer und Verwesung, mit \u0001 \u0002 der Krieg ausgebrochen war, hatte sich Farland geschworen, nie mehr einen Fu\u00df in diesen H\u00f6llenpfuhl zu setzen. Doch nun blieb ihm keine Wahl. Das Kronjuwel von Allanwick zu finden war seine Mission, sein Lebenszweck, ohne den seine Existenz sinnlos \u0001 \u0002 r\u00fcckte den Bogen auf seinem R\u00fccken zurecht und machte sich an den Abstieg\u2026",
            "wordcount": "303",
            "chapter_release": "03.03.2017",
            "chapter_number": "8"
        },
        "9": {
            "text": "W\u00e4hrend sich Farland, den Steilhang von Arthur\u2019s Seat im R\u00fccken, der Grenze der Innenstadt von Edinburgh n\u00e4herte, verlangsamte er seinen Schritt und aus seinem entschlossenen, zielgerichteten Lauf wurde ein zur\u00fcckhaltendes und lautloses Schleichen. Mit geduckter Haltung, das Gesicht hinter seinem Halstuch verborgen, trat er auf eine asphaltierte Stra\u00dfe. So wie er den Kopf unaufh\u00f6rlich in alle Himmelsrichtungen drehte, sein Umfeld mit den Augen scannte, die Ohren nach jedem verd\u00e4chtigen Ger\u00e4usch ausrichtete und jedes Luftmolek\u00fcl roch und schmeckte, wirkte er beinahe wie ein lebendiges Radar. Ein Ein-Mann-\u00dcberwachungssystem. Einem Verfolger w\u00e4re es angesichts diesem Ma\u00df an Aufmerksamkeit unm\u00f6glich gewesen, ungesehen an den J\u00e4ger heranzuschleichen und ihn zu \u00fcberfallen. Dieses Ma\u00df an Aufmerksamkeit war mehr als \u0001 \u0002 pirschte Farland, den Bogen in der Hand, seine Pfeile jederzeit griffbereit, die Stra\u00dfe hinab und schl\u00e4ngelte sich um M\u00fcll, Tr\u00fcmmer und liegengebliebene Fahrzeuge herum. Bei jeder Kurve \u00fcberpr\u00fcfte er sorgf\u00e4ltig die Winkel und Ecken seiner Umgebung\u2026 Unvermittelt blieb Farland stehen, lie\u00df sich auf ein Knie sinken und fixierte mit den Augen eine entfernte Kreuzung. Sie war v\u00f6llig leer. Farland wartete. Dann wurden, auch f\u00fcr das unge\u00fcbte Ohr, schlurfende, unregelm\u00e4\u00dfige Schritte vernehmbar. Sie n\u00e4herten sich der Kreuzung und hallten von den Geb\u00e4udew\u00e4nden der ausgestorbenen Stadt wider\u2026",
            "wordcount": "204",
            "chapter_release": "04.03.2017",
            "chapter_number": "9"
        }
    },
    "title": "FARLAND - Eine Geschichte aus der Welt von THE BITING",
    "topic": "unspecified",
    "release": "\n25.02.2017\n\t\t\t\t\t\t",
    "author": "AlexanderCChristian"
}