{
    "tags": [],
    "chapcount": "13",
    "wordcount": "12.569",
    "chapters": {
        "1": {
            "text": "Blut war auf dem Boden ausgebreitetEs war noch frisch, also war es wohl noch nicht lange her, seitdem es geschehen \u0001 \u0002 herrschte hier, sodass er kaum etwas sehen \u0001 \u0002 zun\u00e4chst daran gew\u00f6hnend, fasste er sich an seinen \u0001 \u0002 hatte einen verdammten Filmriss, denn er konnte sich nicht \u0001 \u0002 so einen Raum gelangt zu sein?Kurz offenbarten sich vor seinem inneren Auge, ein paar Bilder, ,die jedoch ganz schnell vorbeizogen, was ihn, daraus, also nicht schlau werden \u0001 \u0002 st\u00f6hnte er auf vor Schmerz. Dieses Gef\u00fchl, so als h\u00e4tte er zu viel getrunken oder so etwas in der \u0001 \u0002 wieder aufrichtend, wollte er, einfach nur aus diesem Raum verschwinden. Dabei trat er in etwas \u0001 \u0002 war das? Auf den Boden blickend war er sich zun\u00e4chst nicht sicher, doch da sah er noch etwas Anderes liegen. Als Mensch konnte man dieses \"Ding\" nicht mehr erkennen, aber ein solcher war \u0001 \u0002 diesem Bild wurde ihm spei\u00fcbel, sodass er sich die Hand vor den Mund hielt, um sich nicht gleich \u00fcbergeben zu \u0001 \u0002 war einfach zu viel f\u00fcr ihn, er wusste nicht was hier vor sich ging, aber \u00fcber Eines, war er sich im Klaren, er musste von hier \u0001 \u0002 schnell wie nur \u0001 \u0002 nahm Mason Whitman, auch sogleich in Angriff, denn an diesem Ort, wollte er nicht mehr l\u00e4nger \u0001 \u0002 dauerte eine Weile, doch als er die Klinke gefunden hatte, ging der Rest ziemlich \u0001 \u0002 \u00f6ffnete er die T\u00fcr, wobei er nach Kurzem, nach drau\u00dfen gelangte, dort angekommen, h\u00f6rte er nicht auf zu rennen, denn er wollte es einfach nicht wahrhaben...",
            "wordcount": "274",
            "chapter_release": "06.09.2013",
            "chapter_number": "1"
        },
        "10": {
            "text": "Herein kam nun die Empfangsdame, die anscheinend, mitgeh\u00f6rt hatte, was sich hier zutrug oder sie war rein zuf\u00e4llig angekommen, je \u0001 \u0002 zu erwarten, war sie ganz sch\u00f6n geschockt, bei dem Anblick, der sich ihr darauf bot. Mittlerweile hatte er seine H\u00e4nde von Daniel genommen, sodass dieser lediglich bewusstlos auf dem Boden lag.\u201eWas ist hier passiert!?\u201c, fragte diese zun\u00e4chst, obwohl sie es sich eigentlich auch denken konnte, wenn man genau betrachtete, wie es hier \u0001 \u0002 musste er jedenfalls schnell handeln, eigentlich hatte er nicht wirklich vorgehabt, die Frau sich auch noch vorzunehmen, aber wenn er jetzt so dar\u00fcber nachdachte, dann w\u00e4re es wohl, doch besser dies zu tun, denn sonst w\u00fcrde der Verdacht, so oder so, auf ihn \u0001 \u0002 bewegte er sich mit Bedacht auf sie zu, nicht zu schnell, denn dann w\u00fcrde klar sein, auf was Whitman ungef\u00e4hr hinauswollte, deswegen ging er nun, mehr oder weniger mit Bedacht \u0001 \u0002 wich sein Gegen\u00fcber zur\u00fcck, allem Anschein nach, ahnte sie etwas, denn ihre Schritte wurden zunehmens schneller, bis sie sich von ihm abwandte und wegrennen \u0001 \u0002 war anzusehen, dass sie es mit der Angst zu tun bekam und sie nur noch hier heraus. An ihrer Stelle, w\u00fcrde es anderen Menschen, auch nicht viel besser \u0001 \u0002 w\u00fcrde er sie nicht so einfach gehen lassen, denn das w\u00fcrde sich nicht zu seinem Vorteil, und die Polizei h\u00e4tte eher herausgefunden, dass er hinter, all den Morden steckte, als ihm, in dem Fall lieb \u0001 \u0002 er verschnellerte sein Tempo, dennoch fiel es ihm \u00e4u\u00dferst schwer, da diese im Moment, flaches Schuhwerk und konnte ganz sch\u00f6n flink sein, was die Sache , umso schwieriger zu machen, als sie es ohnehin schon warWenig sp\u00e4ter \u00f6ffnete sie die T\u00fcr und war auch bereit abzuhauen, jetzt wurde es also langsam brenzlig, weswegen gehandelt werden musste, bevor er nichts mehr gro\u00dfartig tun konnte. Es konnte schneller vorbei sein als gedacht und das durfte einfach nicht passieren. Deswegen packte er sie, daraufhin am Arm, zog sie ruckartig zur\u00fcck, sodass es ihr verwehrt blieb, hier weiterkommen zu k\u00f6nnen.\u201eSie werden sch\u00f6n hier bleiben, \u201e meinte er und hatte sie nun auch in der Hand.\u201eGanz sicher nicht, was haben sie \u00fcberhaupt mit mir vor?\u201c, versuchte sie sich immer noch gegen ihn zu wehren.\u201eWeil, sie mir nur im Weg stehen w\u00fcrden ganz einfach. Wenn ich sie so einfach laufen lasse, dann werden sie es , doch ganz sicher der Polizei verraten, nicht?\u201cSie schluckte.\u201cLassen sie mich gehen und ich werde es wirklich niemandem erz\u00e4hlen, \u201e fing sie an, was nun ganz sch\u00f6n erb\u00e4rmlich klang, wer w\u00fcrde, denn schon, auf solch einen Trick hereinfallen? Mason ganz sicher nicht.\u201e Das ist echt zu billig, damit beeinflussen sie mich ganz sicher nicht, denn auf so etwas, falle ich doch nicht herein, \u201e meinte er nur, da er sie l\u00e4ngst durchschaut hatte. Wenn Menschen Angst hatten, dass ihnen etwas zustie\u00df, dann logen sie oft, um wieder aus der Anlegenheit herauzukommen. Nicht, das jeder dies tun w\u00fcrde, aber es gab schon so Einige, die so etwas durchaus in Betracht zogen, sollte es keinen anderen Ausweg mehr f\u00fcr sie \u0001 \u0002 auch f\u00fcr sie war es nun vorbei, da konnte die Frau, nichts mehr dagegen tun, denn auch er zeigte ihr hier, wer, denn nun der St\u00e4rkere von \u0001 \u0002 dachte er sich das so, aber ihr war es, dann letztendlich, doch, in dem sie mit ihm von hinten, fest auf den Fu\u00df trat, gelungen, dass sein Griff sich um sie herumlockerte, dies nutzte diese, dann auch aus, um sich ganz aus seinen F\u00e4ngen zu \u0001 \u0002 leicht, machte er es ihr aber auch nicht, denn er hatte bereits einen Entschluss gefasst, wie er, all das hier, ganz schnell beenden \u0001 \u0002 Mal reagierte Whitman, um Einiges schneller, nur um sie dann mit gewissen Schl\u00e4gen, an bestimmte Stelle ihres K\u00f6rpers zu treffen und sie somit lahm legen zu \u0001 \u0002 dem Bereich kannte er sich ganz gut aus, auch wenn er blo\u00df an der Wall Street arbeitete, einige Recherchen, hatten dabei, durchaus weitergeholfen. So als h\u00e4tte er geahnt, das irgendwann einmal gebrauchen zu k\u00f6nnen und eigentlich war es auch ganz n\u00fctzlich, wie man hier und jetzt unmittelbar feststellen \u0001 \u0002 hatte seine Pflicht noch nicht getan, denn jetzt folgte erst der zweite Schritt, n\u00e4mlich die zwei Personen hier herauszubekommen und mit ihnen von hier wegzufahren, nicht nur, weil er dann ungest\u00f6rt sein konnte, sondern auch, weil es hier so gut wie nichts gab, was man als Werkzeug h\u00e4tte verwenden k\u00f6nnen, deswegen war es einfach besser \u0001 \u0002 hatte er auch nichts Brauchbares im Moment dabei, nun musste er nur die Beiden in einen Sack oder etwas \u00c4hnlichem packen, denn die Stra\u00dfe, an der die psychiatrische Praxis lag, war nicht gerade wenig \u0001 \u0002 das sollte seine kleinste Sorge sein, laut dem Terminkalender des Psychologen, sollte ihn auch sonst niemand mehr gro\u00df st\u00f6ren, da dies bereits sein letzter war, was er herausgefunden hatte, nachdem er sich diesen angesehen \u0001 \u0002 auch besser so, jetzt schleppte er die Beiden also erst einmal, bis ins letzte Zimmer, dann ging er nach drau\u00dfen, um sich das Gebrauchte zu holen, man hatte eben immer so etwas dabei, f\u00fcr den Notfall, wie diesen hier, jedenfalls passten beide gerade so herein, da war es gut, dass sie nicht besonders dick \u0001 \u0002 schn\u00fcrte er diesen zu, zwar so, dass sie noch Luft bekommen w\u00fcrden, aber eben auch so, dass niemand genau sah, was sich, denn da nun drin \u0001 \u0002 brachte er nun also nach drau\u00dfen, \u00f6ffnete den Kofferraum und schmiss den Sack hinein, machte die T\u00fcr, dann wieder \u0001 \u0002 w\u00e4re erledigt, der Rest w\u00fcrde sich eigentlich ganz von selbst ergeben, nur musste er auch daf\u00fcr sorgen, die Beiden, auch keinesfalls eher aufwachten, als er mit seinen Vorbereitungen fertig sein \u0001 \u0002 daran glaubte er recht wenig, da Mason, zudem ungef\u00e4hr, sagen konnte, wann genau das sein w\u00fcrde, auch dar\u00fcber hatte er sich per Internet Informationen gesucht, nun stieg er also ins Auto ein und fuhr los...",
            "wordcount": "998",
            "chapter_release": "06.09.2013",
            "chapter_number": "10"
        },
        "11": {
            "text": "Er war bereit. Das Werkzeug hatte er soweit ordentlich aufgereiht, w\u00e4hrend er sich auch extra f\u00fcr diesen Anlass, umgekleidet \u0001 \u0002 eine gro\u00dfe Ver\u00e4rderung gab es dabei nicht, da er lediglich einen wei\u00dfen Overall trug, wie er manchmal auch von der Forensik an Tatorten getragen \u0001 \u0002 hatte er ihr hier ebenfalls angezogen und Stiefel mit Stahlkappen, obwohl er nicht wirklich glaubte, dass seine Opfer so einfach entkommen \u0001 \u0002 hatte sie beide, jeweils an einen OP-Tisch gefesselt, mit dem Material, was er auf die Schnelle fand und daf\u00fcr durchaus brauchbar war. Dabei hatte er sie, abgesehen von der Unterw\u00e4sche, ihre Klamotten entfernt. Wie er an all das rangekommen war? Nun dies wurde fr\u00fcher einmal f\u00fcr rechtsmedizinische Untersuchungen genutzt und hatte erst seit Kurzem, dicht gemacht, die genauen Gr\u00fcnde, kannte und wollte er, dabei auch nicht unbedingt kennen, war jedenfalls ohne Interesse f\u00fcr \u0001 \u0002 Fahrt \u00fcber waren sie nicht wieder zu sich gekommen, was auch gut so war, denn er wollte erst, dass sie wieder zu Bewusstsein kamen, wenn er alles soweit vorbereitet \u0001 \u0002 er wollte sie die Schmerzen, deutlich sp\u00fcren lassen, es gab f\u00fcr ihn ein befreiendes Gef\u00fchl, wenn man es solches bezeichnen \u0001 \u0002 kamen auch, nach einer gewissen Zeit wieder zu sich, war zwar nicht genau, dann als er es erwartet hatte, aber so genau konnte man auch eigentlich auch gar nicht beschreiben, wann die Beiden h\u00e4tten urspr\u00fcunglich h\u00e4tten aufwachen sollen, h\u00e4tte ebenso sein k\u00f6nnen, dass sie bereits im Auto zu sich h\u00e4tten kommen \u0001 \u0002 \u00f6ffnete also der Psychiater als Erster die Augen, wusste nicht so recht wie ihm geschah, bis ihm klar wurde, in welcher Lage er sich befand. Seine Augen weiteten sich als er zu Mason hin\u00fcbersah, der bereit war mit ihm \u201ezu spielen\u201c, wie er es, so gerne \u0001 \u0002 seine Angestellte kam nun wieder vollst\u00e4ndig zu sich, benahm sich aber auch noch durchaus aufgeregter als der Mann.\u201eNun beruhigen sie sich doch, \u201e fing er an, wandte sich dabei an Beide.\u201cSie k\u00f6nnen sie sowieso nichts mehr an ihrer Situation \u00e4ndern, au\u00dferdem sollten sie sich geehrt f\u00fchlen, dass ich gerade sie, ausgew\u00e4hlt habe, ich h\u00e4tte auch wen anders nehmen k\u00f6nnen, aber der Moment war gerade so passend.\u201c Er l\u00e4chelte leicht, w\u00e4hrend er ein Werkzeug aufnahm.\u201eK\u00f6nnten wir nicht noch einmal dar\u00fcber reden? Was haben wir ihnen getan?\u201c, fragte Daniel, der nicht sterben wollte, anscheinend auch Angst, wie die meisten Menschen, auch, hatte.\u201e Ich denke nicht und was sie mir getan haben? Nun ich mag sie ganz einfach nicht, zudem will ich mich auch gar nicht mehr \u00e4ndern, da ich so bleiben m\u00f6chte wie ich bin\u201c, antwortete er ihm auf seine Fragen \u0001 \u0002 in dem Moment passierte es auch. Pl\u00f6tzlich hielt er inne, da das \u201eb\u00f6se Selbst\u201c, fast schon von dem normalen \u201eMason Whitman\u201c, wie man ihn kannte, verdr\u00e4ngt zu werden schien, denn Kopfschmerzen machten sich nun ihm \u0001 \u0002 rechte Hand, in einen Bohrer, das sogenannte Werkzeug hatte, begann zu zittern.\u201eWas hat er denn jetzt auf einmal?\u201c, wandte sich die junge Frau an ihren Kollegen.\u201eNun, dieser Mann ist eben psychisch krank und sollte dringend unter Behandlung gestellt werden, scheint jedenfalls so, als h\u00e4tte er zwei Seiten, so habe ich den Eindruck.\u201cNoch etwas mit sich k\u00e4mpfend, schaffte er es sich wieder unter Kontrolle zu bekommen, was auch gut so war, denn mehr Zeit, wollte er nun auch verschwenden, sondern gleich zum \u201eSpa\u00df\u201c. \u00fcbergehen.\u201eVielleicht stimmt es ja was sie sagen, Daniel Hopkins, doch das wird ihnen auch hier nicht weiterhelfen, selbst, wenn dem so sein sollte und sie werden es sowieso nicht mehr miterleben, aber keine Sorge, ich werde sie noch nicht sofort t\u00f6ten.\u201c\u201eWir k\u00f6nnen ihnen auch unter die Arme greifen und sie heilen, wenn sie nur jemanden an sich heranlassen, \u201e versuchte es der Psychiater erneut.\u201eVerlockendes Angebot, doch ich lehne ab.\u201c Er lachte leise.\u201c Jedenfalls haben wir jetzt genug geredet und gehen zur eigentlichen Sache \u00fcber, dabei fange ich mit ihnen an, die junge Dame, nehme ich mir, danach vor.\u201cSo machte er schaltete er das Ger\u00e4t an und fing an, zun\u00e4chst im Bauchbereich damit \u0001 \u0002 st\u00f6hnte sein Opfer vor Schmerzen auf, versuchte dabei anscheinend einen Schmerzensschrei zu \u0001 \u0002 entrang seiner Kehle, dann doch ein gellender Schrei, als er tiefer damit ging. Nat\u00fcrlich war das noch nicht alles, denn er nahm sich damit nicht nur noch andere K\u00f6rperteile wie Arme und Beine vor, sondern auch andere Sachen, hatte er diesbez\u00fcglich noch vorgehabt.\u201eNun, bitte h\u00f6ren sie auf, das ist nicht der richtige Weg,\u201c hatte er jetzt schon so einiges an Schmerzen ertragen m\u00fcssen, auch wenn dies erst der Anfang gewesen war.\u201eGenau, sie k\u00f6nnen immer noch zur\u00fcck. Wir k\u00f6nnen auch daf\u00fcr sorgen, dass sie nicht im Gef\u00e4ngnis landen, sondern in eine Psychiatrie kommen, wo man sie behandeln und ihnen helfen kann, \u201e sagte nun also auch die Frau, denn ihr, auch wenn sie noch nicht dran war, ging es in dem Moment \u0001 \u0002 verband sozusagen das Gleiche. Sie hatten Todesangst und hatten ehrlich gesagt nicht vor hier zu sterben, kaum jemand, w\u00e4hlte freiwillig den Tod, zumindest, wenn man davon ausging, dass dieser Mensch, auch wirklich gesund im Kopf war und nicht irgendeine psychische Krankheit oder \u00c4hnliches besa\u00df.\u201eTut mir leid, ich habe schon angefangen, also werde ich es auch zu Ende bringen.\u201c\u201eWir glauben daran, dass si noch eine gute Seite haben, die sie nur rausholen m\u00fcssten. In Wirklichkeit wollen sie das doch alles nicht tun, \u201e redete Daniel weiter auf ihn ein.\u201eWissen sie, langsam gehen sie mir mit ihrem Gerede, wirklich auf die Nerven. Ich glaube, da sollte ich mal etwas unternehmen.\u201c Nun wandte er sich zu seinen Werkzeugen, suchte dabei, nach etwas ganz Bestimmten. Bis es ihm direkt ins Auge fiel. \u201eAh, da ist es ja, \u201e nahm er nun eine Zange zur Hand. \u201eSie werden doch nicht...\u201c, konnte sich der Mann schon denken, was gleich kommen w\u00fcrde.\u201eH\u00f6ren sie auf damit! Lassen sie ihn in Ruhe!\u201c, rief die junge Dame, h\u00e4tte Daniel am liebsten geholfen, konnte jedoch nichts tun, da sie ja selbst nicht besser dran war...",
            "wordcount": "1.007",
            "chapter_release": "06.09.2013",
            "chapter_number": "11"
        },
        "12": {
            "text": "Nun hatte er es also schlie\u00dflich getan. Dem Psychiater war die Zunge entfernt wurden, sodass dieser nur noch gurgelnde Laute von sich gab, aber noch, war er ja mit ihm noch nicht ganz fertig.\u201eHm, wenn jemand seine Klappe nicht halten kann, dann muss man eben, wie in diesem Fall, nachhelfen,\u201c sprach er.\u201cEigentlich hatte ich mir etwas mehr von ihnen erhofft, aber so wirklichen Spa\u00df habe ich hier nicht. Vielleicht sieht es bei ihrer Assistentin, dann anders aus.\u201cDaraufhin wollte Hopkins etwas sagen, bekam aber kein einziges Wort heraus, was nicht weiter verwunderlich, in seinem Zustand, war.\u201eWollten sie gerade etwas sagen? Ich verstehe sie so schlecht,\u201c meinte er und grinste leicht, ohnehin, w\u00fcrde das nichts an der momentanen Situation des Typen \u0001 \u0002 hatte die junge Frau zu weinen angefangen, ihr war das einfach zu viel und ihre Psyche zerbrach langsam, wenn man es so nennen konnte.\u201eKeine Sorge, sie werden auch gleich dran sein, denn an dem hier, habe ich nun wirklich kein allzu gro\u00dfes Interesse mehr, eher gesagt, langweilt mich dieser Typ sogar. Sagen sie schon einmal auf wiedersehen, \u201e mit diesen Worten, hatte er nun zu einem Beil gegriffen, was er ebenfalls, als Waffe hier hatte und dieses nutzte er, dann auch, um es in den Hals seines Opfers zu \u0001 \u0002 diesem, dauerte es auch nicht wirklich lange, bis derjenige ausgeblutet war, da er die Halsschlagader, zudem, gut getroffen hatte.\u201eSo das w\u00e4re erledigt, \u201e wandte er sich, anschlie\u00dfend von diesem Typen ab. \u201eNun, sind sie dran. Mal sehen was mir da so Sch\u00f6nes einf\u00e4llt.\u201c\u201eBitte, oh bitte...lassen sie mich gehen,\u201cflehte sie ihn an.\u201eTut mir leid, aber das kann ich nicht tun. Sie haben mich gesehen, mein Gesicht, einfach alles und da kann ich sie einfach so gehen lassen, \u201e meinte er nur, als er wieder zu seinen \u201eInstrumenten\u201c griff.\u201eNun fangen wir erst einmal, langsam an, so zum einstimmen beziehungsweise aufw\u00e4rmen bei ihrem K\u00f6rper, immerhin sind sie nicht alle vollkommen gleich, \u201e f\u00fcgte er anschlie\u00dfend hinzu und nahm ein Skalpell zur \u0001 \u0002 schnitt er langsam, immer tiefer und tiefer herein, bis es anfing zu bluten. Schon jetzt fing sie an zu schreien, wobei dies noch leise war, denn wenn sie wollte, konnte richtig laut \u0001 \u0002 glitt ihren K\u00f6rper mit der scharfen Klinge weiter entlang, lie\u00df dabei, kaum eine Stelle aus, eben bis auf ein paar Ausnahmen und genoss seine Tat, f\u00fcrs \u0001 \u0002 an Blut, leckte er auch ganz einfach ab, weil ihm dies, noch mehr zu gefallen schien. Doch mittendrin, hielt er, dann doch inne, denn irgendetwas, stimmte nicht mit ihm. Sein Kopf begann schon wieder zu pochen und lie\u00df ihn damit aufh\u00f6ren, da lauter Bilder sich nun vor seinem inneren Augen abspielten, das war noch nicht alles, denn langsam schien es so zu sein, als w\u00fcrde der \u201eechte\u201c Mason Whitman wieder zum Vorschein kommen, was f\u00fcr ihn, gerade jetzt, nicht besonders gut \u0001 \u0002 begann also sozusagen ein Kopfkampf, so wie Gut gegen B\u00f6se, konnte man fast sagen, was den Braunhaarigen, doch glatt noch hinten stolpern lie\u00df, sodass er in dem n\u00e4chstbesten Regal \u0001 \u0002 Frau wusste nat\u00fcrlich nicht so ganz was da jetzt vor sich ging, fand das eigentlich nur recht seltsam und verr\u00fcckt, konnte es nicht ganz \u0001 \u0002 sicher w\u00fcrde der Typ sich jetzt nicht von dem was er vor hatte abhalten lassen, rappelte sich rasch auf und schaffte es sich noch einmal, halbwegs unter Kontrolle zu \u0001 \u0002 musste er noch etwas durchhalten, bis der Rest, erledigt worden war und allzu lange w\u00fcrde das nicht mehr dauern, denn nun hatte er einen Plan, das hier auch beenden zu k\u00f6nnen. Langsam ging ihm das auf die Nerven, da musste sich noch etwas tun, aber das, konnte er, dann auch ,wenn alles erledigt andere, hier erledigt \u0001 \u0002 nahm er also eine Kreiss\u00e4ge zur Hand. \u201eMachen wir das gleich Mal etwas leichter, \u201e fing er an und schaltete diese, dann auch gleich an.\u201eWas sind sie nur f\u00fcr ein kranker Typ!?\u201c, schrie diese v\u00f6llig au\u00dfer sich, w\u00e4hrend immer mehr Tr\u00e4nen ihre Wangen herunterliefen und sie sich einfach nicht mehr \u0001 \u0002 lie\u00df er sich jedoch nicht mehr leiten, zog einfach weiter sein Ding durch, denn jetzt gab es ohnehin, kein Zur\u00fcck \u0001 \u0002 \u201eWerkzeug\u201c begann zu rotieren und dann drang es langsam in sie ein, zuerst waren ihre Arme dran, die er damit abs\u00e4gte, ja, es war nicht leicht, aber dennoch gelang es ihm dadurch, auch wenn er eben durch die Knochen s\u00e4gen \u0001 \u0002 fing an wie am Spie\u00df zu Kreischen, denn dies brachte unglaubliche Qualen mit sich, die kaum einer wirklich aushalten w\u00fcrde, wenn ihm dies widerfahren \u0001 \u0002 danach ging es auch weiter, an ihre Beine, die nun dran glauben mussten, auch dies waren unglaublich starke Schmerzen, die das Opfer, schon nah an die Bewusstlosigkeit brachten, sie dachte jetzt schon, dass sie daran sterben m\u00fcsste, doch der beste Teil, kam dazu erst \u0001 \u0002 durchtrennte er auch ihren Hals damit, sodass der Kopf eben auch einzeln war, am Anfang tat es auch noch furchtbar f\u00fcr sie weh, bis der Schmerz dann pl\u00f6tzlich weg war und sie erstarrte. Die junge Frau hatte hier ihr Leben nun auch ausgehaucht, es war \u0001 \u0002 war also fertig mit seinem Werk, jetzt w\u00fcrde er sich \u0001 \u0002 diesem Moment waren die Sirenen von der Polizei zu h\u00f6ren, hatten sie ihn etwa gefunden? Jedenfalls h\u00f6rte er dann Stimmen und die Worte \u201e Kommen sie raus, wir haben das Geb\u00e4ude umstellt\u201c, doch ganz sicher, w\u00fcrde er sich nicht von ihnen erwischen \u0001 \u0002 dem Moment erlosch auch seine andere Seite, sodass der \u201enormale\u201c Mason, der gerade nicht wirklich einen Plan hatte, was hier abgegangen war, zum Vorschein \u0001 \u0002 trotz allem war ihm bewusst, dass er von hier verschwinden musste, denn wenn man ihn jetzt erwischte, war er sowieso \u0001 \u0002 suchte er nach einem Weg, hier auch rauskommen zu k\u00f6nnen, ohne das man ihn erwischen w\u00fcrde, doch das war gar nicht einmal so leicht. War es das etwa jetzt gewesen?",
            "wordcount": "999",
            "chapter_release": "06.09.2013",
            "chapter_number": "12"
        },
        "13": {
            "text": "Er konnte h\u00f6ren, wie die Polizei langsam aber sicher mit ihren M\u00e4nnern anr\u00fcckte, um das Haus zu st\u00fcrmen, jetzt oder nie, musste etwas getan werden, sonst konnte es wirklich \u00fcbel f\u00fcr ihn enden und das wollte er auf jeden Fall \u0001 \u0002 suchte er immer weiter nach einem Weg, der nach drau\u00dfen f\u00fchren konnte, bis er eine Art Geheimgang entdeckte, zwar wusste er nicht, wo dieser ihn hinf\u00fchrte, aber solange es ihn hier heil wieder herausbrachte, war ihm dies relativ \u0001 \u0002 begab er sich also nach unten und rannte dadurch, versteckte das Loch, was sich im Boden befand wieder, da dies diesen unterirdischen Gang, darstellte und machte sich auf und \u0001 \u0002 Leute der Polizei kamen wenig sp\u00e4ter herein, konnten ihm, jedoch nicht mehr folgen, da er bereits verschwunden war.\u201eMist, der Kerl ist verschwunden, \u201e stellte einer von ihnen fest.\u201eUnd scheint so als h\u00e4tte er uns ein paar h\u00fcbsche Souvenirs dagelassen,\u201c meinte ein anderer, dazu nur und deutete auf die beiden Leichen, die gefesselt dalagen.\u201e\u00dcberlassen wir das erst einmal der Spurensicherung und dem Rechtsmediziner, vielleicht finden sich daraufhin ein paar Spuren,\u201c sagte der Officer, der wusste, dass sie im Moment erst einmal, nicht viel tun \u0001 \u0002 T\u00e4ter war nun also f\u00fcrs N\u00e4chste fort, zwar hatten sie seinen \u201eUnterschlupf\u201c gefunden, aber wussten trotzdem noch immer nicht, dessen \u0001 \u0002 machte die ganze Sache nat\u00fcrlich um Einiges schwieriger und brachte sie in dem Fall, nicht wirklich \u0001 \u0002 \u00fcberlie\u00dfen sie den anderen Typen, die mit ihnen zusammenarbeiteten, also zun\u00e4chst die Arbeit und konnten sich selbst nur Gedanken machen, wie sie nun weiter vorgehen w\u00fcrden, denn so einfach gaben sie ganz sicher nicht auf, immerhin, waren sie ganz nah dran gewesen, viel hatte eigentlich nicht mehr gefehlt und beim n\u00e4chsten Mal schnappten sie sich ihn bestimmt schon. Nur mit Zuversicht kam man ans Ziel, dies galt f\u00fcr alle m\u00f6glichen Bereiche, nicht f\u00fcr diesen \u0001 \u0002 war es Mason also gelungen ihnen zu entkommen, dabei kam er in einer Seitengasse wieder heraus, die gar nicht einmal so weit von seinem Apartment, entfernt gewesen \u0001 \u0002 machte er sich also auf dort einzutreten, denn dort konnte er sich f\u00fcrs N\u00e4chste zur\u00fcckziehen, ohne das ihn jemand gro\u00df dabei st\u00f6rte, zumindest dachte er sich das \u0001 \u0002 ging er nach oben, schloss die T\u00fcr hinter sich zu und seufzte erleichtert auf, als er sich wieder in seinem Territorium \u0001 \u0002, das da eben, wovon er gefl\u00fcchtet war, geh\u00f6rte auch ihm, das wusste er irgendwie. Also war, dann doch f\u00fcr all das verantwortlich?Die ganzen Morde, die sich in letzter Zeit zugetragen hatten, konnte er etwa was daf\u00fcr? Whitman wusste nicht mehr was er noch denken sollte, ein Gef\u00fchl machte sich langsam in ihm breit, doch er f\u00fchlte sich trotz allem kein bisschen \u0001 \u0002 schien ihm das, was da soeben passiert war, sogar zu gefallen. Konnte wirklich gut sein, dass er daf\u00fcr verantwortlich \u0001 \u0002 das nicht in einer erschreckenden Art und Weise, be\u00e4ngstigend \u201ekrank\u201c? Dann stimmte das, was dieser Psychiater da erw\u00e4hnt hatte, wohl doch?Genau konnte er das nicht sagen, aber irgendwie hatte der Braunhaarige schon das Gef\u00fchl, das da etwas dran \u0001 \u0002 wie sollte es jetzt weitergehen? Sein altes Leben, er glaubte kaum, dass er so, wie er es vorher gewohnt war, weiterleben \u0001 \u0002 gewisser Drang hatte sich mit der Zeit in ihm breit gemacht und er wusste nicht, wer daraufhin als N\u00e4chstes dran sein \u0001 \u0002 also auch gut sein, dass einer seiner Kollegen dran glauben m\u00fcsste. Dabei war die Sache mit Paul schon so eng gewesen, das konnte er sich keinesfalls \u0001 \u0002 jeden Fall musste da irgendwie ein Plan geschmiedet werden, was er, denn nun tun w\u00fcrde, zumindest ansatzweise, denn einfach spontan da ran zu gehen ,war nicht gerade \u0001 \u0002 erwischte man ihn dann doch und das w\u00e4re gar nicht gut. Beinahe h\u00e4tte es sogar geklappt, doch zu seinem Gl\u00fcck, hatte er diesbez\u00fcglich, alles noch einmal wenden k\u00f6nnen. Das w\u00fcrde nicht immer so gehen, irgendwann kam er dann in eine verzwickte Lage, \u00e4nderte sich, nicht bald \u0001 \u0002 \u201eMason Whitman\u201c, den man in der \u00d6ffentlichkeit kannte, gab es nicht mehr, sein altes Ich war Geschichte, konnte man \u0001 \u0002 auch immer ihn soweit gebracht hatte, daran etwas zu \u00e4ndern, w\u00fcrde schwierig sein und so belie\u00df Mason es auch \u0001 \u0002 w\u00fcrde er leben m\u00fcssen und er wollte auch nicht, dass man ihn davon heilte. Es war eigentlich alles gut so, wie es war, auch wenn es einige negative Dinge, zu vermerken gab. Kein Leben war perfekt. Jeder hatte so seine H\u00f6hen und Tiefen. Es gab keinen, einzigen Menschen, auf der Welt, bei dem alles glatt \u0001 \u0002 w\u00fcrde Whitman, das schon in den Griff bekommen, auch wenn es einer gewissen Zeit bedurfte, war es die, allemal \u0001 \u0002 musste er eben einen Teil zur\u00fccklassen, das w\u00fcrde zwar nicht unbedingt leicht werden, doch da musste der Braunhaarige dr\u00fcber stehen, klappte schon \u0001 \u0002 war zuversichtlich in dieser Hinsicht, sah nach Vorne, denn er hatte noch Vieles vor sich, auch wenn der Weg holprig sein w\u00fcrde, kein Grund, in dieser Hinsicht, jetzt aufgeben zu \u0001 \u0002 es das Ende? Nein, erst der Anfang, seines neuen Leben, konnte man sagen. Wie dies ablaufen w\u00fcrde, gestaltete er selbst und dann zeigte sich auch, ob es nun gut oder schlecht \u0001 \u0002 bestimmten Dingen konnte man viel machen, wie hier zum Beispiel, auch wenn es auf den ersten Moment nicht so \u0001 \u0002 Menschen w\u00fcrden dies als eine Art Schicksalschlag ansehen, doch er war da ganz anders \u0001 \u0002 ihn war das nichts weiter als ein Neuanfang, den er machen konnte. Ihm wurde noch einmal eine Chance gegeben, sein Leben, ein weiteres Mal zu \u00e4ndern, aus dem gew\u00f6hnlichen Alltag zu entfliehen und anderen Dingen nachzugehen, die durchaus zeigten, was die menschliche Psyche, doch f\u00fcr Abgr\u00fcnde \u0001 \u0002 jedenfalls hatte er jetzt auch eine Entscheidung getroffen, nachdem er sich ausreichend Gedanken gemacht \u0001 \u0002 dieser Stadt plante er zu verschwinden, sodass Mason auch wirklich alles hinter sich lassen und ganz er selbst sein konnte...",
            "wordcount": "1.005",
            "chapter_release": "06.09.2013",
            "chapter_number": "13"
        },
        "2": {
            "text": "Ich wei\u00df, das erste Kapitel ist vielleicht noch nicht so spannendaber das kommt nochHoffentlich gef\u00e4llt es euch trotzdemUnd ihr bleibt weiterhin dranAlso viel Spa\u00df beim Lesen____________________________________________________________________________________Das Klingeln seines Weckers riss ihm aus den Schlaf. 6 Uhr, es war an der Zeit, sich f\u00fcr die Arbeit fertig zu \u0001 \u0002 war noch hundem\u00fcde, kein Wunder nachdem, was ihn, die ganze Nacht \u00fcber wach gehalten. Jedoch gab es keine Anhaltspunkte, dass dies der Realit\u00e4t entsprach, so lie\u00df deutete Mason, dies zun\u00e4chst als einen Albtraum ab, da er sich so, erst einmal, beruhigen konnte. Es fiel ihm schwer aus dem Bett zu kommen, dann schaffte er es jedoch, auch wenn dies, eher langsam vor sich \u0001 \u0002 a\u00df er zun\u00e4chst etwas zum Fr\u00fchst\u00fcck, machte sich rasch fertig. Dabei verflog die Zeit wie im Fluge, sodass er sich auch schon gleich zu seiner Arbeit begeben \u0001 \u0002 arbeitete in einer Investmentfirma an der Wall Street und war dort als Banker t\u00e4tig. Sich nicht weiter auf das Negative einlassend, versuchte er sich, strikt seiner Arbeit zu \u0001 \u0002 angekommen, traf er auch gleich, auf einen seiner Kollegen, mit dem er sich recht gut verstand, zudem schien ihm dieser, anzusehen, dass es ihm nicht so richtig gut zu gehen scheint.\u201eWie es aussieht, konntest du wohl nicht recht schlafen, was ist denn los?\u201c, fragte dieser auch sogleich.\u201eNichts Besonderes Eric, es ist alles gut, ja? Also frag mich nicht weiter danach aus.\u201c Dabei klang seine Stimme nicht gerade freundlich, was er, in dem \u0001 \u0002 relativ egal war. Am liebsten h\u00e4tte er sich noch einmal ins Bett gelegt, um sich ein paar Stunden ausruhen zu k\u00f6nnen.\u201eLass ihn doch einfach in Ruhe, wenn er noch nicht ausgeschlafen ist, \u201e meldete sich eine Br\u00fcnette zu Wort. Sie h\u00f6rte auf den Namen Sarah Martens. Zudem arbeitete die junge Frau, ebenfalls in der Abteilung von Eric und Mason.\u201eSarah, ich wollte ihm doch blo\u00df helfen, \u201e entgegnete er ihr.\u201eDas hat man gesehen,\u201c blieb sie stehen und verschr\u00e4nkte die Arme vor der Brust.\u201eUnd achja, ehe ich es vergesse, gibt es noch etwas ganz \u0001 \u0002 ich euch zu erz\u00e4hlen habe\u201c, sprach er nun etwas aufgeregt und hastig \u0001 \u0002 die Haare fahrend seufzte Mason nur.\u201cUnd das ist ganz sicher nicht wieder eine von deinen Geschichten, die du blo\u00df erfunden hast?\u201c Mit ihm war das n\u00e4mlich auch immer so eine Sache. Ab und an, war das was er erz\u00e4hlte, nicht unbedingt wahr, damit wollte er andere blo\u00df ein bisschen \u00e4rgern.\u201eNein, dieses Mal ist es wirklich wahr\u201c, fing er an. \u201eIch war gerade auf dem Weg zur Arbeit, als ich an einem Haus vorbeigefahren war, wo man Absperrband angelegt hatte. Also bin ich da kurz stehengeblieben, um zu sehen was da los war und dann sah ich wie sie Leichen raus trugen, die nicht gerade sch\u00f6n mit anzusehen waren. Mehr wollte ich, dann auch nicht mehr sehen und bin dann weitergefahren\u201c, fasste er alles soweit zusammen, sodass es kurz und knapp formuliert war.\u201eUnd in welcher Stra\u00dfe war das genau?\u201c, hakte Whitman nach, der diesbez\u00fcglich etwas misstrauisch wurde, was nicht unbedingt daran lag, dass er ihm, nicht glaubte. Eher gesagt, hatte er bei der ganzen Sache, ein ungutes Gef\u00fchl.\u201eIn der Fulton Street.\u201cWie erstarrt blieb der Braunhaarige, dann auf einmal stehen. Diese Stra\u00dfe! Sie kam ihm so bekannt vor. Erst war er kurz in Gedanken versunken, nur, um dann zu erkennen, dass er sich ebenfalls dort, gestern Nacht vorgefunden hatte. Also war es, dann doch wahr, was da passiert war? Das er pl\u00f6tzlich dort aufgewacht war? Aber was hatte das zu bedeuten? Wieso hatte er sich dort befunden?\u201eMason, was hast du, denn auf einmal?\u201c, sprach ihn auch gleich seine Kollegin an, als er eine Weile lang blo\u00df stocksteif dastand und keinen einzigen Ton von sich \u0001 \u0002 seinen Gedanken gerissen, lie\u00df ihn, dies kurz zusammenzucken, brachte ihn aber, dennoch wieder in die Realit\u00e4t zur\u00fcck.\u201cIch...war blo\u00df etwas in Gedanken. Das muss echt furchtbar gewesen sein, bestimmt kein sch\u00f6ner Anblick.\u201c\u201eJa, und wie, ich h\u00e4tte mich fast \u00fcbergeben, wenn ich nicht weitergefahren w\u00e4re.\u201c\u201eKann ich dir glauben, aber wir sollten zun\u00e4chst einmal an die Arbeit gehen, bevor der Abteilungsleiter noch sauer wird.\u201c\u201eDu hast recht, mit dem ist nicht zu spa\u00dfen.\u201cSo trennten sich ihre Wege, also f\u00fcrs N\u00e4chste und jeder ging, mehr oder weniger, seiner Arbeit \u0001 \u0002 bekam er, jedoch, einfach nicht aus dem Kopf, was Eric zu ihm gesagt hatte. Auch wenn er, wie schon erw\u00e4hnt, nicht immer die Wahrheit sagte, glaubte er dieses Mal nicht, dass er log. Es schien echt zu sein und genau dies breitete in ihm ein wirklich ungutes Gef\u00fchl aus. Zudem war er auch neugierig, was denn nun wirklich dahinter steckte. Vielleicht sollte er nach der Arbeit noch einmal dort hin, um mehr dar\u00fcber in Erfahrung zu bringen. Anderenfalls w\u00fcrde es ihn keinesfalls ruhig stellen, wenn er dies nicht t\u00e4te und dies k\u00f6nnte so seine Auswirkungen \u0001 \u0002 konnte es auch gut sein, dass es in den Medien erw\u00e4hnt wurde, aber musste sich schon selbst Gewissheit dar\u00fcber verschaffen, denn heutzutage konnte, man denen, auch nicht unbedingt trauen. Nun war er wieder etwas angespannt, weil er die Gedanken, einfach nicht loswerden konnte. Nur seltsam war, dass von letzter Nacht, keinerlei Spuren zu erkennen waren, so als h\u00e4tte er sie allesamt beseitigt, aber davon h\u00e4tte er gewusst, denn soweit sich Whitman entsinnen konnte, hatte er sich gleich hingelegt und versucht zu \u0001 \u0002 war alles sehr dubios. Aber irgendwie, w\u00fcrde er schon, fr\u00fcher oder sp\u00e4ter, dahinterkommen, denn er war von Natur aus, ein Mensch, der, wenn er sich ein Ziel gesetzt hatte, auch so ziemlich alles versuchte, dieses auch erreichen zu \u0001 \u0002 w\u00fcrde es, jedoch, nicht gerade leicht werden, da musste er durch, wenn er Antworten, auf seine Fragen haben \u0001 \u0002 hier ging irgendetwas nicht mit rechten Dingen zu, dabei schien er, unmittelbar, damit in Verbindung zu stehen und da konnte er einfach nicht still sitzen und unt\u00e4tig bleiben. Selbst wenn sich alles \u00e4u\u00dferst unrealistisch anh\u00f6rte, musste es daf\u00fcr, doch eine simple Erkl\u00e4rung geben. Das konnte jedenfalls noch interessant werden, wenn nicht sogar gef\u00e4hrlich, konnte man nie wissen. Andere Leute, die ihm wichtig waren, wollte er davon nicht unbedingt berichten und sie damit reinziehen...",
            "wordcount": "1.040",
            "chapter_release": "06.09.2013",
            "chapter_number": "2"
        },
        "3": {
            "text": "Der Rest des Arbeitstages wollte einfach nicht vergehen. Mit der Zeit war es schon etwas \u00e4tzend, aber immerhin war es auch Montag, an diesem Tag, war das h\u00e4ufig so, und ihm ging es, nicht als Einziger \u0001 \u0002 dann aufmachend, als dann Ladenschluss war, kam ihm wieder Eric entgegen.\u201eHey, Mason. Gut, dass ich dich nochmal sehe, ehe du weg gehst, m\u00f6chte ich dich n\u00e4mlich noch etwas fragen,\u201c fing er an.\u201eIch h\u00f6re, \u201emeinte dieser, war etwas hibbelig, konnte man schon beinahe sagen, doch seinem Gegen\u00fcber, schien es dieses Mal, nicht gro\u00df aufzufallen. Wahrscheinlich dachte Eric auch nur, dass er schnell nach Hause wollte.\u201eNun, ich wollte wissen, ob du heute Abend schon etwas vorhast, denn ich wollte mit Robert und Jason ins Dorsia und da dachte ich mir, dass du vielleicht mitkommen k\u00f6nntest. Also was sagst du dazu?\u201c\u201eIm Dorsia? Ist das dein Ernst? Da bekommt man, doch nur so schlecht eine Reservierung.\u201c\u201eDarum wurde sich schon gek\u00fcmmert. Also nun komm schon, so etwas l\u00e4sst du dir, doch sicher nicht entgehen, wenn du schon einmal die Gelegenheit dazu hast.\u201cDa hatte er ausnahmsweise einmal recht. Auch wenn noch etwas Wichtiges zu kl\u00e4ren hatte, was ihm etwas Unbehagen bereitete, sagte er dazu nicht nein. Konnte er eigentlich im Moment ganz gut gebrauchen, so dachte er sich das.\u201cOkay, ich geh mit.\u201cEin leichtes Grinsen legte sich auf die Lippen des Goldblonden.\u201c\u201eDann treffen wir uns dort. Sagen wir, damit du auch gen\u00fcgend Zeit hast, 19 Uhr?\u201c\u201eEinverstanden, bis dann, \u201e setzte er sich dann also in Bewegung, wobei seine Schritte ziemlich schnell waren, sodass man beinahe schon sagen konnte, dass er \u0001 \u0002 galt es noch etwas zu \u00fcberpr\u00fcfen, ehe er sich dort blicken lie\u00df, da er sich noch etwas Zeit, mit der Begutachtung lassen \u0001 \u0002 machte er sich also auf in die Fulton Street. Eigentlich ein gl\u00fccklicher Zufall, dass diese, auch auf seinem Weg lag. Es gab mehrere Stra\u00dfen, die er nutzen konnte, wobei er diese, am Wenigstens \u0001 \u0002 sp\u00e4ter dort angekommen, war es ruhig, um die Stelle, an der es geschehen war. Die Leute von der Polizei, hatten wahrscheinlich schon alles erledigt. Die Leichen waren zwar schon wegger\u00e4umt worden, aber das machte ihm nichts auf. Eigentlich sollte er hier nicht sein, denn wenn ihn jemand erwischte war er f\u00e4llig, deswegen musste er auch ganz vorsichtig sein, damit niemand ihn dabei \u0001 \u0002 dem Absperrband, auch wenn es verboten war, drunter gehend, betrat er den Ort des Geschehens. Und tats\u00e4chlich hier kam ihm die Erinnerung von letzter Nacht wieder hoch. Das Blut hatte man noch nicht entfernt, weswegen diese Spuren immer noch zu sehen waren, auch wenn es mittlerweile schon so gut wie getrocknet \u0001 \u0002 darauf geschah es auch schon. Sein Kopf begann heftig zu schmerzen, sodass er sich diesen instinktiv \u0001 \u0002 schien so, als rauschte eine Art Film, vor seinem Inneren Auge vorbei. Da sah er es. Sah wie jemand mit einer Axt schwang und den Frauenk\u00f6rper in seine Einzelteile zerhackte. Es spritzte Blut, wobei er nicht genau erkennen konnte, wer, denn das nun war. Dann konnte er noch zwei andere Menschen sehen, einen jungen Mann und eine weitere Frau, die ganz sch\u00f6n \u00e4ngstlich schauten. Das Rotieren einer Kreiss\u00e4ge, soweit er sich entsinnen konnte, war zu h\u00f6ren, dann noch ein letzter Schrei und er befand, sich abrupt wieder in der \u0001 \u0002 genau das war und was er davon halten sollte, das wusste er nicht, jedoch sah er auf er auf einmal, wie da jemand aus dem Schatten auf ihn zuzukommen zu schien und mit einer Waffe nach ihm \u0001 \u0002 stieg in ihm auf und so nahm er die Beine in die Hand und rannte schnurstracks nach \u0001 \u0002 war das Ganze nicht mehr geheuer, drau\u00dfen angekommen, hielt er kurz inne und sah hinter sich, da war \u0001 \u0002 Schwei\u00dfperlen traten auf seine Stirn, w\u00e4hrend er versuchte sich wieder zu beruhigen. \u0001 \u0002 das nur zu bedeuten? Vollends verwirrt, sank er langsam auf die Knie. Das war doch alles nicht mehr \u0001 \u0002 besten w\u00e4re es, von hier so schnell wie m\u00f6glich zu verschwinden. So rappelte er sich rasch wieder auf und machte sich auf den Weg nach \u0001 \u0002 Lenkrad seines Wagens fest umklammert, durchflutete ihn noch ein gewisses Gef\u00fchl, nicht nur das der Ungewissheit, sondern auch das, der \u0001 \u0002 Augen immer noch vor Schock geweitet, konnte er diese Bilder, einfach nicht vergessen, dabei nur wenig R\u00fccksicht auf den Verkehr nehmend, w\u00e4re er beinahe, mit einem anderen Wagen zusammengekracht, wenn er nicht rechtzeitig, gebremst h\u00e4tte.\u201eHey, kannst du nicht besser aufpassen!?\u201c, wurde er von dem Autofahrer angeschnauzt, der dann, jedoch auch gleich weiterfuhr, da dieser es anscheinend eilig zu haben \u0001 \u0002 lie\u00df ihn leicht hochschrecken und wieder richtig wach werden, sodass auf seinem weiteren Weg, nichts Gro\u00dfartiges mehr \u0001 \u0002 hatte er heute Abend, auch noch etwas Anderes vor, auch wenn ihn der ein oder andere Gedanke, diesbez\u00fcglich, den Dingen, die soeben geschehen waren, einfach nicht loslie\u00df, doch damit musste er erst einmal klar kommen. So schnell etwas daran zu \u00e4ndern, w\u00fcrde nicht ganz leicht werden, dessen war er sich durchaus \u0001 \u0002 kam er auch im Verlaufe des Abends wieder etwas runter, immerhin, brachte es nichts, sie unendlich Gedanken dar\u00fcber zu \u0001 \u0002 w\u00fcrde die Lage, in der er sich befand, auch nicht viel besser machen. Es konnte auch gut sein, dass sich ein Teil, ihm auch selbst offenbarte, ohne, dass er etwas gro\u00df, dagegen unternehmen \u0001 \u0002 wollte er das auch niemand Anderem im Moment erz\u00e4hlen, denn so etwas wie Mitleid, oder was in dem Fall, noch so anfiel, das konnte er nun wirklich nicht \u0001 \u0002 f\u00fcr den Abend im Dorsia bereit machend, versuchte er sich, erst einmal, nur darauf zu konzentrieren, um freie Gedanken zu \u0001 \u0002 hatte er wirklich genug davon, auch wenn jeder Andere in seinem Fall, sicherlich auch nicht anders reagiert h\u00e4tte. Auf die Polizei konnte man keineswegs z\u00e4hlen, die w\u00fcrden einem das nie einkaufen und einen dann wahrscheinlich noch \u0001 \u0002 war nicht verr\u00fcckt, nun wirklich nicht, das war echt was er gesehen hatte, das w\u00fcrde er sich doch nicht nur einbilden!Es w\u00fcrde sich schon noch alles regeln, er musste es positiv sehen, so war er schon oft in seinem Leben weitergekommen, aber wirklich sehr viele gute Dinge, gab es da nun wirklich nicht....",
            "wordcount": "1.053",
            "chapter_release": "06.09.2013",
            "chapter_number": "3"
        },
        "4": {
            "text": "Noch etwas nerv\u00f6s, richtete er die Fliege seines Smokings. Er hatte sich daf\u00fcr besonders schick gemacht, da in dieses Restaurant nicht jeder dahergelaufene Typ konnte, besonders, weil es immer gut besucht war, und ohne eine Reservierung, lief dort gar \u0001 \u0002 war er fertig daf\u00fcr, gen\u00fcgend Zeit, blieb Mason, dabei noch, sich auf den Weg dorthin zu machen. Ich brauche mir nichts vorzumachen. Es ist wie es ist und daran kann ich wohl nichts \u00e4ndern, dass, das an mir nagt. Auch wenn ich versuche dar\u00fcber hinwegzusehen, funktionieren, tut es nicht. Dann sollte ich einfach das Beste aus dem hier und jetzt machen, und den Rest, dann sp\u00e4ter kl\u00e4ren. Es macht mir schon in gewisser Weise Angst. Gerade, weil das so ist, weckt dies meine \u0001 \u0002 leichtes Seufzen entrang seiner Kehle, wobei er, dann auch gleich losging, um nicht zu sp\u00e4t, zu kommen. Wenn, man ihn schon einlud, und ihm w\u00fcrde dies passieren, r\u00fcckte, dies den Banker, nur in ein schlechtes Licht und ja, sein Ansehen, war ihm, auch durchaus \u0001 \u0002 dem Auto begab er sich dort hin, da das Restaurant, von seinem Apartment, schon ganz sch\u00f6n entfernt \u0001 \u0002 Motor anlassend, fuhr er los, sein Tempo gleichm\u00e4\u00dfig haltend, ahnte er nicht, was bald auf ihn zukommen \u0001 \u0002 normal anfahrend, achtete er soweit auf den Verkehr, als er dann pl\u00f6tzlich sah, wie da jemand auf der Fahrbahn \u0001 \u0002 geschah, jedoch, trotz allem, recht sp\u00e4t, sodass er scharf abbremsen musste, um Schlimmeres zu \u0001 \u0002 einen kurzen Moment hatte Mason die Augen geschlossen, als er glaubte, einen Aufprall vernommen zu \u0001 \u0002 seinem Gl\u00fcck war dies eine Seitenstra\u00dfe und somit recht wenig befahren, besonders, an Tagen wie \u0001 \u0002 Gef\u00fchl sagte ihm, dass er nachsehen musste, ob er den Typen \u00fcberfahren hatte. Wie konnte das \u00fcberhaupt passieren? Es schien so, als sei der Mann, aus dem Nichts \u0001 \u0002 T\u00fcr \u00f6ffnend stieg er aus, ging zur Vorderseite seines Wagens, doch was, er, da sah, konnte er nicht \u0001 \u0002 war niemand. Sonst in der Gegend befand sich ebenso keine weitere Person. Seine Augen wurden sichtlich gr\u00f6\u00dfer, diese Tatsache schockierte ihn. Was hat das nur zu bedeuten? Ich war mir doch ganz sicher diesen Typen hier gesehen zu haben und nun ist er pl\u00f6tzlich verschwinden. Hier geht es doch nicht mehr mit rechten Dingen zu. Es wird einfach immer seltsamer. Normal ist das jedenfalls \u0001 \u0002 eine Weile blieb er noch so stehen, fing sich, dann, aber wieder und begann weiterzufahren. Daraufhin passierte auch nichts weiter Seltsames, Spannendes, Schreckliches oder was eben sonst noch, unangenehme Folgen, beziehungsweise Nebeneffekte haben \u0001 \u0002 erreichte er, wenige Minuten darauf, auch das Geb\u00e4ude. Dort angekommen begegnete er auch Eric, sowie Robert und Jason, die ja ebenfalls, zu diesem \u201eTreffen\u201c, eingeladen waren. Sie trugen allesamt, auch einen Sakko mit einem Hemd und passender Hose dazu, wobei diese eher heller ausfiel, womit man sich, durchaus, im Dorsia sehen lassen konnte. Besonders die Damen hatten etwas Reizvolles an sich, mit ihren bodenlangen Beinkleidern, sah man, dass sie Klasse besa\u00dfen und diese nicht in irgendeinem billigen Laden gekauft hatten.\u201eGuten Abend,\u201cbegr\u00fc\u00dfte er sie.\u201eSch\u00f6n, das du gekommen bist, gehen wir nun also rein?\u201c, sprach ihn sein Kollege, gleich direkt darauf \u0001 \u0002 gingen sie dann also hinein, wundersch\u00f6nes Ambiente, mit gold-braunen Tapeten, einigen Kronleuchtern und einer ganzen Mengen an reich gedeckten Tischen, wobei man von hier aus keinen sehen konnte, der unbesetzt war. Der Teppich war dabei hingegen in ein karmesinrot getaucht, was dem Ganzen, einen gewissen Stil verlieh. Der Kontrast der Farben war in diesem Fall gut gew\u00e4hlt.\u201eTut mir leid, aber ohne Reservierung bekommen sie hier keinen Tisch, \u201e fing der Maitre d hotel\u201eIch habe reserviert, unter dem Namen \u201e Eric Preston.\u201c, antwortete er ihm, auf seine Worte \u0001 \u0002 sah dieser auf seine Liste, auf der er notiert hatte, wer sich alles hierf\u00fcr, angemeldet hatte.\u201cGut, dann folgen sie mir bitte.\u201cDies taten sie dann auch, zu einem Tisch gebracht, lie\u00dfen sie sich also nieder, w\u00e4hrend der Mann sich mit einem \u201eEs wird sich schon bald jemand um ihre Bestellungen k\u00fcmmern\u201c, verabschiedete und sich anderen Personen, die hier aufkreuzten zuwand.\u201eEs ist wirklich lange her, seitdem ich das letzte Mal hier war, \u201e meinte Robert auch gleich, als er sich auf einen der St\u00fchle gesetzt hatte.\u201eUnd es hat sich nichts ge\u00e4ndert, mal sehen wie es mit dem Essen aussieht,\u201c f\u00fcgte Jason hinzu, also waren sie mindestens einmal hier gewesen.\u201eIch, um ehrlich zu sein, war hier noch nie, \u201e trug Mason zu dem Gespr\u00e4ch bei.\u201eNun, das ist das hier eben dein erstes Mal und du wirst es nicht bereuen,\u201c f\u00fcgte der Goldblonde hinzu.\u201eJa, ich hab schon Vieles davon geh\u00f6rt, war nur eben noch nicht hier, \u201e antwortete er ihm \u0001 \u0002 sahen sie also in den Speisekarten nach, was sie, denn nun bestellen w\u00fcrden, wobei der Blick von Eric, kurz auf einen der Nebentische fiel. \u201eIst das da dr\u00fcben nicht Paul Allen?\u201c, stellte dieser dann eine \u0001 \u0002 Blicke aller am Tisch sitzenden, besonders der von Mason, fielen auf diesen Tisch.\u201cNein, ich glaube nicht, dass er das ist.\u201cWie ich diesen Kerl, doch hasse. Ich hoffe wirklich einmal, dass das nur eine Verwechslung ist. Denn so jemanden wie ihn kann ich jetzt wirklich hier nicht gebrauchen. Das w\u00fcrde mir noch fehlen.\u201eAch, denkst du so, ich denke, das, er es wirklich ist, \u201e meinte Robert, der Allen ebenfalls zu kennen schien, nun unbekannt, war dieser Mann, nun auch nicht wirklich, besonders, weil er sich \u00fcberall, mit einmischen musste, selbst in Dinge, die ihn rein gar nichts angingen, und eher auf privater Basis, verliefen.\u201eEs scheint so, als h\u00e4tte er uns gesehen, denn er steuert, genau auf unseren Tisch zu, wie es scheint, \u201e bemerkte Jason, der sich, nun auch wieder zu Wort gemeldet \u0001 \u0002 wirklich heiter werden, aber er sah es mal positiv, immerhin gab es Schlimmeres, da konnte er das mit dem was sich nun zutragen konnte, nicht vergleichen, so dachte er sich \u0001 \u0002, es w\u00fcrde noch so Einiges, auf ihn zukommen, von dem er, bis jetzt, noch keine Ahnung hatte, immerhin konnte er auch schlecht in die Zukunft sehen, diese F\u00e4higkeit besa\u00df niemand, obwohl, es vielleicht, dann wohl doch nicht so gut w\u00e4re, wenn er w\u00fcsste, was als N\u00e4chstes passierte...",
            "wordcount": "1.041",
            "chapter_release": "06.09.2013",
            "chapter_number": "4"
        },
        "5": {
            "text": "Nun befand er sich in einem Apartment. Worauf hatte er sich da \u00fcberhaupt eingelassen? Ja, er war etwas betrunken, sodass er recht wenig von der Umwelt, noch \u0001 \u0002 einem Sessel niedergelassen wusste er noch nicht, was da auf ihn zukommen w\u00fcrde, Da kam er auch schon wieder, derjenige, der ihn hierher gef\u00fchrt \u0001 \u0002 kam ihm nichts unnat\u00fcrlich vor, es schien alles normal zu sein. Doch als sein Gegen\u00fcber ihm immer n\u00e4her und n\u00e4her kam, machte es ihn, schon ein wenig \u0001 \u0002 blieb dieser, wenige Meter vor ihm stehen. Ein leicht seltsames Grinsen hatte sich auf dessen Lippen gelegt, bis er dann, ohne Weiteres, mit einem Messer nach ihm \u0001 \u0002 seinen Bewegungen durch den Alkohol und das dies so pl\u00f6tzlich kam eingeschr\u00e4nkt, traf ihn dieses genau in den \u0001 \u0002 breitete sich auf seinem einst wei\u00dfen Hemd aus und der rote Saft, lief dabei ebenso seine Mundwinkel \u0001 \u0002 sah er zu dem Typen der ihm das angetan hatte, denn glauben konnte er es noch immer \u0001 \u0002 wurde das nun mit Blut besprenkelte Metall herausgezogen, wodurch ihm noch ein st\u00e4rker Schmerz, als ohnehin schon \u0001 \u0002 lie\u00df seine Alarmglocken leuten, sodass er von hier zu entkommen, fiel dabei hinter den Sessel, als er dies versuchte, ignorierte dabei aber, angehende Schmerzen, da er es sich jetzt nicht leisten konnte, sonst w\u00e4re es schneller vorbei als \u0001 \u0002 auch der \u201eFeind\u201c w\u00fcrde ihn mit gro\u00dfer Wahrscheinlichkeit, nicht so einfach entkommen lassen, denn er sah hinter sich, dass dieser ihm bereits dicht auf den Fersen \u0001 \u0002 krabbelnd als laufend, suchte er nach einer T\u00fcr, denn ihm wurde, das langsam alles ein bisschen zu \u0001 \u0002 schien so als sei dies nur ein schlimmer Traum, nur das er aus diesem wahrscheinlich nicht mehr aufwachen \u0001 \u0002 Todesangst getrieben, schaffte er es sich zwar leicht aufzurappeln, machte dadurch, aber einige hastige Bewegungen, wobei man auch mit sehen konnte, wie nerv\u00f6s er in diesem Moment \u0001 \u0002 konnte sich der Wahnsinnige, der da hinter ihm her war, nur zu Nutze machen, denn es dauerte auch nicht mehr wirklich lange, bis er diesen erreicht und am Kragen gepackt hatte, somit zur\u00fcckzog und noch einmal seine Waffe zum Einsatz bringen \u0001 \u0002 machte den Au\u00dfrei\u00dfer, nur noch hibbeliger, sodass er sich umsah, um etwas Brauchbares zu finden, da lag etwas auf dem Boden!Ein Schraubenzieher, der musste wahrscheinlich heruntergefallen sein, nun auch egal, denn jedenfalls griff er nun danach und im n\u00e4chsten Moment, trug es sich, dann also zu, dass er dieses Werkzeug, in den Arm des Angreifers \u0001 \u0002 traf und dieser gab ein leises St\u00f6hnen von sich, dadurch wurde der Griff, um seinen Kragen lockerer, sodass er sich daraus befreien \u0001 \u0002 hie\u00df es nur noch, schnell einen Ausgang zu finden und einfach nur von hier verschwinden zu \u0001 \u0002 hatte das Gef\u00fchl, es jetzt auch schaffen zu k\u00f6nnen, w\u00e4hrend sein Verfolger, noch mit der Wunde, die er ihm zugef\u00fcgt hatte, zu k\u00e4mpfen \u0001 \u0002 dachte er sich das zumindest, damit lag er aber komplett falsch. Gerade als er die T\u00fcrklinke, die er mittlerweile erreicht hatte, nach unten dr\u00fccken wollte, konnte er seine Hand, f\u00fcr einen kurzen Moment nicht mehr \u0001 \u0002 sp\u00e4ter wurde ihm, dann klar, dass sie ihm, eine tiefe Wunde zugef\u00fcgt worden war, die seine Hand, fast unbewegbar machte.! Hinter ihm hatte der \u201ePsychopath\u201c, anders konnte er ihn nicht beschreiben, bereits Stellung genommen, nun trug dieser eine Axt bei sich. Woher hatte er nur all das? Bunkerte er etwa so etwas in der Art? Das konnte er nicht wissen, aber das war ihm jetzt auch egal, da er einfach nur noch hier herauswollte. Ihm wurde das allm\u00e4hlich zu viel, seine Psyche, w\u00fcrde das nicht mehr sehr lange mitmachen, so viel stand schon einmal \u0001 \u0002 war sowieso schon zu sp\u00e4t f\u00fcr ihn, \u00e4ndern konnte er, daran nun ohnehin nichts mehr. Aus und Vorbei, als der Gegner erneut zuschlug, dieses durchaus st\u00e4rker und weitaus st\u00e4rker, sodass das Blut \u00fcberall herum spritzte. Sogar auf dem Teppich breitete sich ein Teil der Fl\u00fcssigkeit aus, im Gesicht des T\u00e4ters sah man dies ebenso deutlich, der dort Einiges abbekommen \u0001 \u0002 hatte er keine Chance mehr etwas dagegen zu tun, denn schon nach den ersten zwei Schl\u00e4gen, schien es f\u00fcr ihn unm\u00f6glich zu sein, noch irgendeine Handlung ausf\u00fchren zu k\u00f6nnen. So war das also, sozusagen, sein Schicksal, hier zu \u0001 \u0002 tat er dabei schon l\u00e4ngst nicht mehr, ganz einfach aus dem Grund, weil er sowieso viel zu geschockt davon war, sodass kein Laut \u00fcber seine Lippen \u0001 \u0002 war es also nach wenigen Minuten vollbracht. Er hatte die Welt verlassen, aber jetzt konnte man ihn als denjenigen, der er einst gewesen war, nicht mehr erkennen konnte, so \u00fcbel war er zugerichtet \u0001 \u0002 in seine Einzelteile zerlegt wurde er, dann auch gleich in einem Leichensack davon \u0001 \u0002 noch so winzig kleine Spur wurde dabei beseitigt und ebenso wurde darauf geachtet, dass die Leiche, nicht so schnell wieder finden w\u00fcrde, am besten gar \u0001 \u0002 war bereits dunkel und im Schutze der Nacht hatte der T\u00e4ter, keine weiteren Probleme mit der \u0001 \u0002 Rest war, dann eigentlich gar nicht mal mehr so schwer, auch wenn er es sich, um Einiges, leichter vorgestellt hatte, wenn er ernsthaft dar\u00fcber \u0001 \u0002 war dieser Typ nun aus dem Weg ger\u00e4umt und das war auch gut so. Etwas anderes hatte dieser Mistkerl, nun auch wirklich nicht verdient \u0001 \u0002 genehmigte er sich nun auch eine Dusche, da er selbst auch Einiges abbekommen hatte, die Wunde, an seinem Arm, brannte auch l\u00e4ngst nicht mehr so stark wie vorher, zudem hatte er Gl\u00fcck, dass der Schraubenzieher nicht tiefer darin gewesen \u0001 \u0002 warme Wasser lie\u00df ihn entspannen, sodass er alles soweit vergas, ehe er \u0001 \u0002 seine Klamotten in die W\u00e4sche tat und sich in sein Bett \u0001 \u0002 gewisse M\u00fcdigkeit hatte ihn dabei \u00fcberkommen, sodass es auch nicht wirklich lange dauerte, bis er in einen tiefen und ruhigen Schlaf verfiel, ganz so, als w\u00e4re nichts Besonderes \u0001 \u0002 was sich in dieser Nacht ereignet hatte w\u00fcrde zun\u00e4chst, v\u00f6llig unter ihm bleiben und ob \u00fcberhaupt jemand, dahinter kam, dass er daf\u00fcr verantwortlich war? Nun das w\u00fcrde er eher weniger behaupten, au\u00dfer, es passierte etwas, mit dem, selbst er, nicht gerechnet hatte...",
            "wordcount": "1.045",
            "chapter_release": "06.09.2013",
            "chapter_number": "5"
        },
        "6": {
            "text": "Beim Aufwachen am n\u00e4chsten Morgen hatte Mason, schon wieder so ein verdammt komisches Gef\u00fchl, denn nachdem sich Paul Allen, ihrem Tisch gen\u00e4hert hatte, schien es so, als h\u00e4tte sein Gehirn, ab dem Moment \u0001 \u0002 wusste nicht recht, was er davon halten sollte, aber an den Rest des Abends, konnte er sich, nicht im Geringsten erinnern, dies jagte ihm, schon einen gewissen Schauer \u00fcber den \u0001 \u0002 war ihm alles nicht ganz geheuer. Jedenfalls hatte er zun\u00e4chst ersteinmal keine Zeit, nur die ganze Zeit, im Bett herumzuliegen und nachzudenken, denn die Pflicht rief. Die Woche war noch nicht herum, also musste er auch, dementsprechend, wieder zur Arbeit \u0001 \u0002 richtete er sich langsam auf, kurz durchzog ihn, kurz darauf richtete er seinen Blick, auf seinen rechten Arm. Es schockierte ihn schon ein \u0001 \u0002 er da sah. Aber das...was habe ich nur gemacht!? Ich kann mich gar nicht daran erinnern, mich so verletzt zu \u0001 \u0002 was soll das? Noch mehr verwirrende Fragen schwirrten ihm jetzt in seinem Kopf herum, w\u00e4hrend er sich f\u00fcr seinen n\u00e4chsten Arbeitstag fertig \u0001 \u0002 wurde, doch irgendwie, immer krasser, was wohl als N\u00e4chstes kam? Und ob er jemals herausfinden w\u00fcrde, was sich dahinter verbarg?Nun noch den Rest erledigend, bekam er diverse Gedanken nicht mehr aus dem Kopf. Der Braunhaarige war nun einmal verunsichert und dies auch zurecht, denn das, konnte man sagen, war jetzt schon das zweite \u0001 \u0002 gab es hier auch keine weiteren Anhaltspunkte, was ihn zunehmends stutzig machte. So etwas brachte ihn, in diesem Fall, auch nicht wirklich, \u0001 \u0002 jegliche Umschweife begab er sich, dann wieder auf dem Weg zur Arbeit. Dort angekommen, begegnete er auch gleich seinen Kameraden, doch in dem Moment, passierte auch etwas \u00e4u\u00dferst Merkw\u00fcrdiges. Sie wissen es schon l\u00e4ngst alle. Nur wollen sie es dir nicht sagen. Ihnen kannst du nicht \u0001 \u0002 er sich das jetzt nur eingebildet, oder hatte er da wirklich, eben eine fremde Stimme in seinem Kopf geh\u00f6rt? Quatsch, das war sicher nur eine durch Stress hervorgerufene Halluzination. Also kein Grund sich sorgen zu machen.\u201eAlles in Ordnung, Mason?\u201c\u201e\u00c4h, klar. Was soll sein?\u201c, antwortete er Sarah.\u201eDu sahst nur so...gedankenverloren aus...als w\u00fcrde dich etwas bedr\u00fccken, oder als w\u00e4rst du kurz \u201eganz woanders\u201c gewesen,\u201c f\u00fcgte nun Eric hinzu, der sich einfach nicht aus diesem Gespr\u00e4ch, heraushalten konnte.\u201eIch bin gerade nur etwas im Stress, nichts weiter, \u201e sagte er etwas z\u00f6gerlich, versuchte dabei sich nichts anmerken zu lassen, was sich, als gar nicht so leicht herausstellen w\u00fcrde.\u201e\u0001 \u0002, k\u00f6nnten sie mal bitte mitkommen, \u201e sprach ihn dann pl\u00f6tzlich sein Boss an und so folgte er diesen also.\u201eWas gibt es, denn so Wichtiges?\u201c\u201eDas werden sie, dann schon sehen, \u201e antwortete er ihm darauf, was nicht gerade sch\u00f6n klang. Wenn er schon so etwas sagte, dann hatte, das, doch mit gro\u00dfer Wahrscheinlichkeit, nichts Gutes zu \u0001 \u0002 waren sie nun angekommen und da standen zwei unifomierte Polizisten.\u201eDiese beiden Herren, h\u00e4tten ein paar Fragen an sie. Also beantworteten sie, sie auch angemessen, \u201e war alles was er dazu sagte, ehe er, dann wieder an seinen eigenen Arbeitsplatz \u0001 \u0002 einmal setzten sie sich allesamt auf die St\u00fchle, die sich in dem Raum befanden, in dem sie sich nun aufhielten.\u201c Haben sie keine Angst. Es ist nichts Schlimmes. Wir wollen lediglich, dass sie uns ein paar Fragen, diesbez\u00fcglich, zu Paul Allen beantworten.\u201c\u201eOkay..., aber d\u00fcrfte ich fragen warum?\u201c\u201eEr ist seit gestern Abend verschwunden und dann nicht wieder aufgetaucht. Seine Frau Debra macht sich bereits gro\u00dfe Sorgen.\u201cSeine Augen weiteten sich leicht.\u201cOh, das kann ich mir bei ihr gut vorstellen. Sie ist immer so f\u00fcrsorglich,\u201c gab er ehrlich \u0001 \u0002 so als wissen sie es. Sie sind deine Feinde und m\u00fcssen ausgeschaltet \u0001 \u0002 wieder diese Stimme. Was hatte das nur zu bedeuten? Wurde es vielleicht, doch nicht nur, durch Stress hevorgerufen? Hatte dies einen tieferen Sinn und doch nur keine \u201eEinbildung\u201c?\u201eWir werden sie auch nicht viel l\u00e4nger aufhalten, also k\u00f6nnen sie, dann auch sofort wieder an die Arbeit. Uns ist jedenfalls zu Ohren gekommen, dass sie an diesem Abend Paul Allen getroffen haben.\u201c\u201eJa, das ist richtig, aber woher wissen sie das?\u201c\u201eEiner ihrer Freunde hat es uns erz\u00e4hlt, als wir ihm, \u00fcber den Weg gelaufen sind, \u201e antwortete einer der Cops.\u201eOkay, und weiter?\u201c\u201eNachdem sie sich mit ihm unterhalten haben, sind sie mit ihm, dann zu ihrem Apartment gegangen?\u201c\u201eDaran kann ich mich nicht erinnern, also nein.\u201c\u201eUns wurde, jedoch erz\u00e4hlt, dass es so war, \u201e meinte einer der Beiden.\u201eDann wei\u00df ich, aber leider nichts \u0001 \u0002 das tue ich nicht.\u201c\u201eGut, und sie sagen auch mit gro\u00dfer Wahrscheinlichkeit die Wahrheit und l\u00fcgen uns auch ja nicht an? Sie wissen bestimmt, was das f\u00fcr Konsequenzen haben sollte, wenn sie dies tun, denn herausfinden, tun wir es so oder so.\u201c\u201eEs ist wahr. Mir k\u00f6nnen sie ruhig glauben.\u201c Was reden die da nur? Ich h\u00e4tte es schon gewusst, wenn ich Paul zu mir nach Hause eingeladen h\u00e4tte und warum in aller Welt sollte ich das tun? Welchen Grund hatte ich dazu? Das ergibt alles nicht wirklich Sinn.\u201eWenn, dem so ist, dann werden wir nun gehen. Einen sch\u00f6nen Tag noch, \u201e mit diesen Worten richteten sie sich auf und verlie\u00dfen anschlie\u00dfend das \u0001 \u0002 sah er ihnen noch nach, ehe er sich, dann auch erhob, um nun angemessen, seiner Arbeit nachgehen zu \u0001 \u0002 lief in Richtung seines Arbeitsplatzes, doch seitdem er diese Stimme in seinem Kopf geh\u00f6rt hatte, machte sich schon eine gewisse Angst in ihm \u0001 \u0002 stimmte es sogar, was ihm, da per Gedanken \u00fcbermittelt wurde. In gewisser Weise hatte er schon das Gef\u00fchl, dass dem so war, genau konnte der Braunhaarige, es, jedoch nicht sagen. Es war schon nicht leicht, insbesondere, da die ganze Sache, immer verr\u00fcckter zu werden, als es ohnehin schon \u0001 \u0002 wusste nicht mehr, was er noch denken sollte. Vielleicht hatte er in seinem Umfeld, dann doch nur Feinde, um sich herum, ohne es je gemerkt zu \u0001 \u0002 was sollte er jetzt dagegen tun...?",
            "wordcount": "1.004",
            "chapter_release": "06.09.2013",
            "chapter_number": "6"
        },
        "7": {
            "text": "Das ergab alles in letzter Zeit nicht so wirklich einen Sinn. Genau beschreiben konnte er es auch nicht, aber irgendwie hatte er das Gef\u00fchl, etwas getan zu haben, was er in naher Zukunft bereuen \u0001 \u0002 versp\u00fcrte er, dennoch so einen seltsamen Drang, den er ebenso wenig einzuordnen vermochte oder ga deuten \u0001 \u0002 hatte er eine Befragung der Polizei hinter sich, er wurde, doch glatt, so ausgefragt, als ob der Braunhaarige, wirklich etwas mit dem Verschwinden von Paul Allen zu tun hatte und sie wollten ihn, dann nur dazu bewegen, ein entsprechendes Gest\u00e4ndnis \u0001 \u0002 war, doch alles totaler Bl\u00f6dsinn. Noch ein paar Mal, hatte er, sich alles was sich zugetragen hatte, durch den Kopf gehen \u0001 \u0002 Endeffekt brachte ihn das kein St\u00fcckchen weiter, denn schlau wurde Mason daraus nicht. Da konnte ihm, in diesem Fall, auch kein Anderer helfen.\u201eNa, und was haben dich die Bullen gefragt?\u201c, konnte er im n\u00e4chsten Moment die Stimme von Eric hinter sich vernehmen.\u201eHm? Was meinst du?\u201c\u201eNun, tu nicht so unwissend, ich wei\u00df genau, dass sie etwas mit dir zu bereden hatten und du kennst ja meine Neugier, also?\u201c\u201eEs ging lediglich, um das Verschwinden, von Paul, nicht mehr und nicht weniger.\u201c\u201eAha, so ist das \u0001 \u0002, jetzt wo du es sagst, einer meiner Kumpel hatte mich dar\u00fcber in Kenntnis gesetzt soweit ich wei\u00df. War er nicht bei dir im Apartment?\u201cMason seufzte leicht, dabei fuhr er sich \u00fcber die Haare.\u201cNun, fang du, nicht auch noch an. Ich wei\u00df nichts davon.\u201c\u201eVielleicht warst du auch angetrunken und kannst dich daher nicht erinnern,\u201c meinte er nachdenklich, denn ihm kam, das auch etwas spanisch vor.\u201cIch glaube nicht, dass Jason mich anl\u00fcgen w\u00fcrde.\u201c\u201eDann hat er sich eben get\u00e4uscht.\u201c\u201eGlaube ich eher weniger.\u201c\u201eK\u00f6nnen wir das Thema nicht beiseite schieben?\u201c Dieses ganze Hin und Her, konnte einem mit der Zeit, auch ganz sch\u00f6n auf die Nerven gehen, besonders, wenn man schon falsch abgebogen und somit in einer Sackgasse gelandet war. Am liebsten w\u00e4re Mason jetzt viel lieber f\u00fcr sich allein, vollkommen ungest\u00f6rt, denn das w\u00e4re das Beste f\u00fcr ihn, um all das, hier erst einmal, in irgendeiner Form verarbeiten zu k\u00f6nnen.\u201eVielleicht solltest du mal zu einem Psychodoc oder so etwas in der Art gehen.\u201c\u201eIch bin nicht verr\u00fcckt!\u201c\u201eDas meinte ich gar nicht, zudem gehen viele Menschen dort hin. Wer wei\u00df, vielleicht verdr\u00e4ngst du auch ungewollt nur alles und merkst es dabei selbst nicht einmal richtig. Nur so ein Ratschlag\u201c, fing er an, wand sich, dann aber auch gleich wieder von ihm ab.\u201c Musst ihn ja nicht annehmen, ich meine nur, kann schon helfen.\u201c Er grinste nur \u0001 \u0002 diesen Worten \u00fcberlie\u00df er ihn, dann wieder sich selbst. Lange verweilte der Braunhaarige hier auch nicht mehr, denn der Dienstschluss, war dieses Mal, schneller gekommen als gedacht, was eigentlich auch gut so \u0001 \u0002 auch, wenn es sein Kollege, zum Teil scherzhaft, aber auch in gewisser Weise ernst meinte, ihm damit schon irgendwie helfen wollte, war er sich, bei dieser Sache, nicht so ganz sicher. W\u00fcrde ihm das wirklich etwas bringen?Am besten erst einmal eine Nacht dr\u00fcber schlafen und dann mal sehen, was daraus nun werden w\u00fcrde, so genau konnte er das noch gar nicht \u0001 \u0002 auch gut sein, dass er es im Endeffekt, dann doch nicht so schlecht fand, aber zun\u00e4chst brauchte er seine Ruhe und ein Gespr\u00e4ch w\u00fcrde ihn in diesem Fall, auch nicht viel weiter helfen, dessen war er sich durchaus \u0001 \u0002 machte sich auf den Heimweg , hatte er jedoch, dann auch einmal kurz angehalten, da ihm unten am Ufer des eines Flusses, unterhalb einer Br\u00fccke, etwas Merkw\u00fcrdiges aufgefallen \u0001 \u0002 irgendeiner Art und Weise, machte ihn das schon neugierig und zudem schien sein ganzer K\u00f6rper daf\u00fcr zu sprechen, sich nach unten zu begeben, um nachzusehen. Dies nahm er, dann schlie\u00dflich, auch in Angriff, ohne Weiteres, nicht eine Sekunde z\u00f6gernd, parkte er sein Auto und ging nach unten, um sich das Ganze genauer \u0001 \u0002 es ein Fehler war oder nicht, stellte sich bereits in wenigen Minuten heraus. Da am Rand, lag ein blauer \u0001 \u0002 wusste er dabei nicht, was ihn erwartete, aber trotzdem, vorsichtig, \u00f6ffnete er diesen, um zu ersp\u00e4hen, was genau sich darin befand, denn leer, schien dieses Teil nicht zu sein, daf\u00fcr, aber schien es nichts \u0001 \u0002 Anblick der sich ihm im n\u00e4chsten Moment bot, war nicht gerade der Sch\u00f6nste. Den meisten Menschen h\u00e4tte sich dabei, mit gro\u00dfer Wahrscheinlichkeit, der Magen umgedreht, doch seltsamerweise, f\u00fchlte er dabei so gut wie gar nichts. Ganz so, als w\u00e4re es, das Normalste der Welt. Darin lagen zerhackte Einzelteile eines Menschen , von wem genau die stammten, konnte er dabei nicht genau sagen, bis er den Kopf \u0001 \u0002 wenn dieser, genauso wie der Rest davon, ganz sch\u00f6n verunstaltet war, erkannte trotzdem bei all dem Blut und den fatalen Wunden, beziehungsweise Schnitten, um wen es sich dabei \u0001 \u0002 entsetzt riss er die Augen auf. Paul Allen! Ja, das war er. Erst seit Kurzem als vermisst gemeldet und nun das hier, das sah ganz und gar nicht gut \u0001 \u0002 was sollte er jetzt tun? Die Polizei kontaktieren. Mason war auch schon dabei dies in Angriff zu nehmen, als es, dann auch schon wieder \u0001 \u0002 an deiner Stelle w\u00fcrde die Polizei nicht dar\u00fcber informieren. Sie haben sowieso schon ein schlechtes Bild davon. Verbrenne all das hier, es sind sowieso deine Fingerabdr\u00fccke an dem Sack, also was hast du noch f\u00fcr eine Wahl?Ausnahmsweise hatte diese seltsame Stimme in seinem Kopf recht. Auch wenn es gegen jegliche menschliche Moral verstie\u00df, hatte er das Gef\u00fchl, dass diese Handlung, trotz allem richtig sein \u0001 \u0002 wenn es verr\u00fcckt klang, viele h\u00e4tten wahrscheinlich ihn schon l\u00e4ngst dazu geraten einen Psychiater oder \u00c4hnliches aufzusuchen, wenn er ihnen Genaueres, \u00fcber seine Geschehnisse \u0001 \u0002 war es ja auch so wichtig, das geheim zu halten und jetzt erstmal den Rest von Paul zu beseitigen, ehe er noch, von irgendjemandem gesehen wurde, denn, dann sah er erst recht schwarz. Dann w\u00fcrde er daf\u00fcr verantwortlich gemacht werden, das wollte er nicht, da er doch vollkommen \u201eunschuldig\u201c war...",
            "wordcount": "1.016",
            "chapter_release": "06.09.2013",
            "chapter_number": "7"
        },
        "8": {
            "text": "Wurde er nun langsam wirklich verr\u00fcckt? Nun in die Flammen schauend, die sich langsam z\u00fcngelnd \u00fcber die Leiche erstreckten und nur noch die Knochen \u00fcbrig lie\u00dfen, den Rest w\u00fcrde er dann wahrscheinlich ins Meer werfen, bot sich an oder sonst wohin, wo es noch durchaus passend w\u00e4re.. Welcher normale Mensch h\u00f6rte schon auf eine Stimme in seinem Kopf?Nun kaum jemand h\u00e4tte dies wirklich getan, sondern sich lieber, ab diesem Moment, professionelle Hilfe gesucht, war vielleicht auch gar nicht so schlecht, aber das hier musste er jetzt \u0001 \u0002 sollte er, doch einmal den Tipp seines Freundes annehmen, vielleicht half es sogar. Konnte man nie \u0001 \u0002 hatte er gerade etwas getan, was gegen das Gesetz verstie\u00df, aber er hatte, in diesem Sinne, keine andere Wahl gehabt, weswegen es, wohl oder \u00fcbel, so hatte kommen \u0001 \u0002, wenn er nicht genau wusste, wer genau f\u00fcr diesen Mord verantwortlich war, hatte er sich schon, in einer gewissen Art und Weise, daf\u00fcr zust\u00e4ndig \u0001 \u0002 konnte der dabei selbst nicht so genau \u0001 \u0002 verlie\u00df er diesen Ort. Der Rest w\u00fcrde sich von ganz allein regeln, daf\u00fcr war bestens gesorgt, zudem w\u00fcrde hier keiner, von ihm einmal abgesehen, so schnell hierherkommen w\u00fcrde, so viel stand schon einmal \u0001 \u0002 kam er, als ganz normaler Mensch, zumindest hatte, das so den Anschein, obwohl er sich innerlich, schon l\u00e4ngst nicht mehr so \u0001 \u0002 ein wenig, denn er schien, mittlerweile, nicht mehr der zu sein, der er vorher einmal \u0001 \u0002 konnte er sp\u00fcren. Mason machte eine Ver\u00e4nderung durch und ob sie gut oder schlecht war, das wusste er selbst nicht so \u0001 \u0002 fing pl\u00f6tzlich sein Handy zu klingeln, er ging dran und konnte schon die Stimme von Eric \u0001 \u0002 berichtete ihm, dann doch tats\u00e4chlich, dass er bereits einen Termin, ohne seines Wissens, vereinbart hatte, einfach aus dem Grund, weil er es wirklich mal versuchen sollte, dann konnte er sp\u00e4ter immer noch sehen, ob es ihm nun etwas brachte oder \u0001 \u0002 musste er leicht schmunzeln, nahm das Angebot, dann aber doch an, schaden konnte es eben immerhin \u0001 \u0002 hatte er sich also ,kurzerhand, auf den Weg dorthin begeben, da er sich Zeit lie\u00df, und so war der Braunhaarige, dann wenig sp\u00e4ter bei dem Geb\u00e4ude, in dem es stattfinden w\u00fcrde, \u0001 \u0002 dann mal los. Nun betrat er dieses also, ging einen langen Korridor entlang zum Empfangsraum, f\u00fchlte sich, jedoch mit einem Mal, ganz seltsam, ihm war leicht schwindelig und er sah alles \u0001 \u0002 als w\u00e4re alles vollkommen in Blut getr\u00e4nkt, dies war schon etwas seltsam, einen genauen Reim, konnte er sich daraus, nun auch nicht machen, denn es machte sich schon wieder so ein seltsames Gef\u00fchl in ihm \u0001 \u0002 schien bekannt, aber trotzdem konnte er sich nicht recht daran erinnern, dieses schon einmal gehabt zu haben, denn das, beim letzten Mal, hatte sich anders \u0001 \u0002 leise drang etwas an sein Ohr. Langsam kehrten seine Sinne wieder vollends zur\u00fcck, bis er, dann genau verstand, was man zu ihm gesagt hatte:\u201cWas kann ich f\u00fcr sie tun? Alles in Ordnung mit ihnen?\u201c\u201eJa, ,mir geht es soweit gut.\u201c\u201eSicher? Sie sehen n\u00e4mlich so blass aus.\u201c\u201eIch bin nur etwas aufgeregt.\u201c\u201eAh, sie sind es also. Sie sind hier das erste Mal, oder?\u201c\u201eSo ist es.\u201c\u201eUnd sie sind?\u201c\u201eMason Whitman.\u201c\u201eMan erwartet sie bereits.\u201c\u201eDessen bin ich mir bewusst.\u201c\u201eGut, dann gehen sie bitte gerade aus und dann in die erste T\u00fcr rechts, dort wird sich auch gleich, um sie gek\u00fcmmert.\u201c\u201e\u0001 \u0002 Dank, \u201e mit diesen Worten, wand er sich von der Empfangsdame ab und ging los. Das fing doch einmal wirklich gut an, irgendwie beunruhigte dieser Ort ihn. Wem w\u00fcrde das nicht in irgendeiner Art und Weise Angst machen, nachdem was Mason zu Gesicht bekommen \u0001 \u0002 betrat er dann also, nach einem kurzen Klopfen und einer Best\u00e4tigung, desjenigen, der sich darin befand, den Raum.\"Guten Tag, ich bin Daniel Hopkins, dann m\u00fcssten sie Mason Whitman sein, richtig?\". stellte er sich ihm nun also vor.\"Tag, und ja das ist richtig.\"\"Gut, dann setzen sie sich bitte, \"sprach der Psychiater, nachdem sie sich die H\u00e4nde gesch\u00fcttelt \u0001 \u0002 nickte leicht und lie\u00df sich schlie\u00dflich auf eine Couch gegen\u00fcber von Daniel nieder.\"Nun, weswegen sind sie hier?\"Er l\u00e4chelte leicht.\" Naja, ein Freund hat sie mir empfohlen und den Termin klar gemacht, so habe ich mir gedacht, dass es nicht schaden kann, hier mal vorbeizuschauen.\"\"Ist es vielleicht nicht auch deswegen, weil sie sich in gewisser Weise eingestanden haben, dass sie ein Problem zu haben scheinen?\", hakte er daraufhin \u0001 \u0002 sah auf.\" Schon m\u00f6glich, denn in letzter Zeit, geht es bei mir schon drunter und dr\u00fcber, wenn ich das so sagen darf.\"\"Hm, k\u00f6nnten sie mir diesbez\u00fcglich, vielleicht ein paar Beispiele nennen?\"Das musste jetzt wohl kommen, aber schaden konnte es dabei, jedoch nicht, wie er fand.\" Nun, ich habe das seltsame Gef\u00fchl, in irgendwie verfolgt zu werden, sodass mir jemand, auf Schritt und Tritt folgt und dann pl\u00f6tzlich wieder verschwindet, \" gestand er und wusste dabei selbst nicht, was es damit auf sich hatte.\"Hm, interessant. Und k\u00f6nnten sie bei dieser Sache mehr ins Detail gehen? Das w\u00fcrde uns einen gro\u00dfen Schritt weiterbringen und sie wollen doch, dass ich ihnen helfe, nicht?\"\"Nun also ich war ganz normal mit dem Auto auf dem Weg nach Hause, als da pl\u00f6tzlich ein Mann auf der Stra\u00dfe stand, den ich glaubte umgefahren zu haben, doch als ich aus dem Auto stieg, um nachzusehen, war da komischerweise niemand. Zudem glaubte ich dieser Mann, hatte mir schon vorher, in einer gewissen Art und Weise verfolgt, beziehungsweise, beobachtet, \" log er teils, wobei er nur das mit dem Tatort verschwieg, das musste Hopkins nicht unbedingt wissen. Zudem war ihm das mit dem Mann, dann erst sp\u00e4ter aufgefallen, denn f\u00fcr einen kurzen Moment hatte er sich ja umgedreht und da so einige Merkmale, mit dem, der da auf der Stra\u00dfe stand, finden k\u00f6nnen. Es war eben nicht leicht, besonders, da er so eine seltsame Vorahnung hatte...",
            "wordcount": "1.023",
            "chapter_release": "06.09.2013",
            "chapter_number": "8"
        },
        "9": {
            "text": "Was er ihm dann als N\u00e4chstes als Frage gestellt hatte, wusste er nicht so recht, was es darauf antworten sollte, denn es schien ihm, doch etwas fadenscheinig zu sein. Er ging davon aus, dass Mason, Halluzinationen hatte, zumindest hatte er so einige Schlussfolgerungen aus seinen Worten \u0001 \u0002 nachdem er dies ihm auch gesagt hatte, ging es, dann auch schon wieder los, richtig verr\u00fcckt zu \u0001 \u0002 ist auch gegen dich und hat nur vor dir Schaden zuzuf\u00fcgen. Mit seinen Techniken versucht er deine Schw\u00e4chen herauszubekommen, um all das, dann gegen dich vorzugehen. Also vertraue ihm \u0001 \u0002 hatte ihm in dem Moment noch gefehlt, selbst wenn er einmal dieser Stimme gehorcht \u0001 \u0002 es auch wirklich zu seinen Gunsten verlaufen war, aber noch einmal w\u00fcrde er das ganz sicher \u0001 \u0002 es kam nur noch schlimmer, denn langsam, aber sicher, schwanden seine Sinneseindr\u00fccke, sodass diese, dann nur noch ganz schwach wahrgenommen \u0001 \u0002 schon wieder. Das hat doch schon einmal auf dem Flur so \u0001 \u0002 dieses Mal habe ich das Gef\u00fchl, dass es st\u00e4rker ist als vorher. Was geht da nur genau vor sich? Hat er vielleicht doch recht und ich wei\u00df nur nicht davon, doch es klingt so unglaubw\u00fcrdig.\u201eWas ist mit ihnen? Geht es ihnen vielleicht nicht gut?\u201c, hinterfragte Daniel, der zu bemerken schien, dass sein Patient, irgendwie ,mit sich zu k\u00e4mpfen.\u201eMir ist nur etwas schlecht, aber sonst geht es mir ganz gut, also machen sie sich keine Sorgen, \u201e richtete er sich dann schlie\u00dflich auf, wollte eigentlich diesen Ort, nur noch so schnell wie m\u00f6glich verlassen, denn er wusste, wenn er hier noch l\u00e4nger blieb, konnte dies fatale Folgen \u0001 \u0002 hatte er, auch gar nicht einmal so unrecht, doch es brachte ihm im Endeffekt ohnehin nichts, da es viel schneller ging als \u0001 \u0002 war schon wieder fast so, als h\u00e4tte er ein Blackout oder so etwas in der Art, jedoch gelang es ihm dieses Mal, noch halbwegs das Bewusstsein zu behalten, als w\u00fcrde jemand Anderes ihn, sozusagen steuern, und er w\u00fcrde blo\u00df der Zuschauer \u0001 \u0002 war das \u00fcberhaupt m\u00f6glich? Bildete er sich das alles nicht doch nur ein oder war dies alles ein Traum?Letztendlich wurde es ihm, als es, dann erst richtig spannend wurde, dann doch verwehrt, so als schalte man eine Maschine aus, ganz \u00e4hnlich wie bei ihm nun, denn wenig sp\u00e4ter, bekam Mason, nun auch nicht mehr mit, was sich als N\u00e4chstes \u0001 \u0002 der Psychiater war derjenige, der alles bei vollem Bewusstsein mitbekommen w\u00fcrde. So passierte es, dann also, dass der Braunhaarige ganz langsam auf ihn zu, was schon leicht bedrohlich wirkte, denn auch Daniel wusste nicht so recht, was er davon halten sollte. Ihm war das schon ganz sch\u00f6n be\u00e4ngstigend.\u201cWas haben sie vor?\u201c, fragte er ihn, da ihm das Ganze, nicht geheuer \u0001 \u0002 bekam er, dann jedoch keine Antwort darauf, stattdessen wurde er von seinem Gegen\u00fcber blo\u00df vollkommen \u00fcberrumpelt, als dieser dann, eine abrupte Reaktion wagte. Mit dieser hatte der Mann ganz und gar nicht gerechnet, besonders da er, so etwas, bei einem Patienten, noch nie erlebt \u0001 \u0002 bevor dieser richtig in Aktion treten, griff Hopkins nach dem n\u00e4chstbesten Gegenstand, eine Vase, die sich in seiner Reichweite befand, damit wollte er sich zur Wehr setzen. Aber das ging schief, denn sein Gegen\u00fcber hatte einfach viel mehr Kraft als er, weswegen dies also scheiterte und der Gegenstand unweigerlich zu Boden ging. Das war noch nicht alles, denn nun lie\u00df er diesen von seinem Sofa fallen, brachte ihn zu Boden und schloss seine H\u00e4nde, fest um seinen Hals und dr\u00fcckte fest zu.\u201eNun...lassen...sie..gef\u00e4lligst...los,\u201c brachte dieser, gerade so noch zustande, wobei er nach Luft rang, von der er, im Moment, nicht genug bekam.\u201eDas k\u00f6nnen sie sch\u00f6n vergessen, aber keine Sorge, noch ist es mit ihnen nicht aus, da ich noch etwas mit ihnen \u201espielen\u201c ;\u201c antwortete er ihm auf seine Worte hin, dabei trug er ein leichtes Grinsen auf den Lippen, man erkannte ihn gar nicht mehr wieder, denn sein Charakter, schien sich nun auch ver\u00e4ndert zu \u0001 \u0002 was habe ich mich da nur hineingeritten? Dieser Mann hat sie wirklich nicht mehr alle und sollte schnellstm\u00f6glich in die Psychiatrie \u00fcberwiesen werden, bevor es zu sp\u00e4t \u0001 \u0002 Gedanken huschten ihm in dem Moment durch den Kopf, als er immer noch versuchte, sich aus dem Griff, von Whitman zu befreien. Aber so leicht war das nun auch nicht, da dieser Typ, echt verdammt stark war, das musste er schon \u0001 \u0002 allem was er hatte wehrte er sich trotz allem dagegen, denn so leicht gab er in dem Moment nicht auf, immerhin ging es hier um sein Leben und wenn er nicht gleich etwas tat, konnte es auch ganz sch\u00f6n schnell vorbei sein, auch wenn er nicht sofort get\u00f6tet werden \u0001 \u0002 wusste er nicht, was dann auf ihn wartete, das konnte wirklich \u00fcbel enden, deswegen durfte er hier und jetzt auf keinen Fall, den K\u00fcrzeren \u0001 \u0002 gab es jedoch Situationen, die man einfach nicht mehr \u00e4ndern konnte und in denen man, das was sich da zutrug, einfach zulassen musste, wenn es nun einmal wie jetzt, nicht anders \u0001 \u0002 verlor er also sein Bewusstsein und sank langsam in sich zusammen, sein K\u00f6rper erschlaffte, sodass sich jetzt nur noch darum gek\u00fcmmert werden musste, diesen Typen, da raus zu bringen, aber das war nun wirklich nicht das \u0001 \u0002 es war eigentlich noch das Leichteste, konnte man sagen, denn darin, kannte er sich soweit aus, was auch gut so \u0001 \u0002 schnell w\u00fcrde ihn da niemand erwischen, insbesondere, wenn er das Geb\u00e4ude hinter sich gelassen hatte, denn er kannte da schon so seine Wege und \u0001 \u0002 wie sollte es auch anders kommen, hatte jemand, von all dem, dann wohl doch Wind bekommen, denn nun konnte der Braunhaarige Schritte vernehmen, die immer lauter und lauter wurden, was nur best\u00e4tigte, dass sich jemand diesem Raum \u0001 \u0002, ganz toll und jetzt? Schnell sah er sich um, denn jetzt musste er sich \u00fcberlegen, wie er hier am besten herauskam, denn Daniel ,konnte er auch nicht so einfach hier liegen lassen, immerhin wusste, dieser was er mit ihm gemacht hatte und das w\u00e4re dann nicht gut, wenn er ihn einfach so gehen lassen \u0001 \u0002 passierte es jedoch, denn nun konnte er sehen wie die Klinke der T\u00fcr, sich langsam nach unten bewegte und diese dann langsam aufgemacht wurde...",
            "wordcount": "1.064",
            "chapter_release": "06.09.2013",
            "chapter_number": "9"
        }
    },
    "title": "Other Inside",
    "topic": "unspecified",
    "release": "\n06.09.2013\n\t\t\t\t\t\t",
    "author": "EtheriousofHellsCore"
}