{
    "tags": [],
    "chapcount": "5",
    "wordcount": "10.406",
    "chapters": {
        "1": {
            "text": "Ich glaube, ich habe die richtige Ecke gefunden um meinem kranken und gleichzeitig kreativen Geist freien Lauf zu lassen. Wenn es um Horror geht, bl\u00fche ich einfach auf. Ich habe viele Ideen, deshalb wird das nicht die letzte Geschichte hier sein, aber ich habe beschlossen, mich mit einem gewaltigen (und vor allem gewaltt\u00e4tigen) Paukenschlag vorzustellen. Also wer RICHTIGEN Horror mag, ist hier genau richtig. Macht euch bereit f\u00fcr grenz\u00fcberschreitenden Extremhorror. An alle, die sich trauen: Viel Spa\u00df :)_________________________________________________________________Sie bev\u00f6lkern unser Fernsehprogramm, \u00fcbernehmen die Bildschirme, \u00fcberfluten unsere Reize - Realityshows. Sie gehen weiter als jemals zuvor, machen vor nichts mehr Halt. Mit was kann man die Fernsehzuschauer also noch fesseln und schockieren?Sehr geehrtes Publikum, ich bin Miles McMorgan, ihr Gastgeber. Ich entf\u00fchre sie in die n\u00e4chste Dimension der Reality-Shows. Der Kampf um den Sieg wird gnadenloser und brutaler denn je. Denn der Sieg bedeutet Leben. Und verlieren bedeutet sterben...Ich habe mir gezielt M\u00f6chtegern-Sternchen ausgesucht, die schon Erfahrungen mit Reality-Shows haben, da sie jeweils der Gewinner ihrer Show sind. Aber wer von diesen \"Gewinnern\" wird es schaffen, meine Show zu gewinnen?DanielBlond, athletisch, gutaussehend. Daniel ist der Sunnyboy von nebenan. Er ist symphatisch und charmant. Diese Charaktereigenschaften haben ihn auch den Sieg bei der \"Surfer-Champions-League\" gebracht, bei der er seine Surfk\u00fcnste unter Beweis stellen konnte. Doch Surfen wird ihm hierbei nicht viel \u0001 \u0002 rothaarige, rassige Russin hat gezeigt, dass sie auch einiges auf dem Kasten hat. Bei der Quizshow \"who knows the most?\" hat sie 100 000 Dollar gewonnen. Vielleicht bringt sie strategisches Denken weiter, aber bei den k\u00f6rperlichen Challenges wird auch sie an ihre Grenzen gehen. Und diesemal beinhaltet der Gewinn nicht Geld, sondern ihr \u0001 \u0002 Er wird Feuer und Temperament mit in die Show bringen. Der hei\u00dfbl\u00fctige S\u00fcdl\u00e4nder hat schon mal gezeigt, wie viel Temperament in ihm steckt. Bei der latein-amerikanischen Show \"The Best Dancer\" hat er seine H\u00fcften bis zum Sieg geschwungen. Das hei\u00dft, dass er schon recht sportlich sein muss. Aber reicht seine k\u00f6rperliche Verfassung, um sich sein Leben zu erspielen?Sarah Sarah ist die wohl mit Abstand bestaussehendste Kandidatin im Rennen. Bei der Castingshow \"Supermodels\" hat die h\u00fcbsche Blondine gewonnen und somit einen Modelvertrag ergattert. Mit wallender M\u00e4hne, blauen Augen und einen strahlenden L\u00e4cheln lebt sie in Glanz und Glamour. Wird das verw\u00f6hnte Society-Girl seine Krallen ausfahren, wenn es um ihr Leben geht?ChrisEr hat die wohl besten Vorrausetzungen: Er ist stark, hart und m\u00e4nnlich: Chris hat es bei \"Jungle-Survivor\" allen gezeigt. Bei einem Rennen durch den Dschungel Australiens hat er alle Konkurrenten hinter sich gelassen und sich durch t\u00f6dliche Gefahren gek\u00e4mpt. Doch diesmal sind die Gefahren wirklich t\u00f6dlich...JamesFrauenschwarm und mysteri\u00f6ser Bad-Boy. James hat dunkles Haar, stahlblaue Augen und einen aufreizenden Dreitagebart. Dies hat ihm sicherlich zum Sieg bei \"Shooting-Star\" verholfen, wo er eine Rolle in einem Hollywood-Film gewonnen hat. Aber ob der charismatische Ladykiller wirklich ein b\u00f6ser Junge ist, oder es nur eine Masche war, werden wir ja jetzt herausfinden. LeylaDie exotische und dunkelh\u00e4utige Sch\u00f6nheit hatte schon ein Treffen mit ihrem Lieblingstar. Denn bei \"Groupies\" hat sie ihre Mitstreiterinnen bei zahlreichen Challenges ausgestochen, nur um als Sieg einmal ihr Idol hautnah zu erleben. Ob sie sich wohl genau so anstrengt, wenn es um ihr Leben geht?Van Der witzige und humorvolle Thail\u00e4nder zeigte bei \"Master-Cook\" seine Kochk\u00fcnste. Sein Essen hat die Jury wohl \u00fcberzeugt, aber was, wenn es keine Jury gibt? Hier muss er statt kochen k\u00e4mpfen. Und hat er die Kraft und den Mut dazu, seine Konkurrenten zu \u00fcbertrumpfen?Thau-LiVon ihrem niedlichen und s\u00fc\u00dfen Erscheinungsbild darf man sich nicht t\u00e4uschen lassen. Diese verschmitzte Asiatin hat es geschafft, ein Rennen durch ganz China zu gewinnen. Bei der Reality-Show \"The Race through China\" musste sie zahlreiche Hindernisse \u00fcberwinden und es auf schnellsten Wege durch China schaffen. Sind ja eigentlich gute Voraussetzungen...DonLast but not least stelle ich euch auch meinen letzten Kandidaten vor. Der dunkelh\u00e4utige und kurzrasierte Don hat eine samtweiche Soul-Stimme, die schon die Herzen endlos vieler Zuschauer erobert hat. \"Sing um dein Leben\" hat er gewonnen, doch jetzt hei\u00dft es: K\u00e4mpfe um dein Leben!Am Ende dieser Show wird nur noch einer von ihnen \u00fcbrig bleiben. Es kann nur einen Gewinner geben, nur der St\u00e4rkste wird siegen und alle anderen werden qualvoll untergehen. Seid bereit f\u00fcr eine Reality-Show, wie er sie garantiert noch nie gesehen habt. Seid bereit f\u00fcr den gnadenlosesten, brutalsten und spannendsten Kampf ums \u00dcberleben, den ihr je erlebt habt. Seid bereit f\u00fcr \u0001 \u0002, das war die Einleitung in meine bluttriefende Geschichte. Ich hoffe, das erste Kaptiel hat euch gefallen und ihr habt Appetit auf mehr bekommen. Ich w\u00fcrde mich wirklich sehr \u00fcber Reviews freuen, damit ich wei\u00df, wie die Geschichte ankommt, was euch gef\u00e4llt und was ich evtl noch besser machen kann. Also scheut euch nicht davor, mir eure Meinung zu sagen :)",
            "wordcount": "841",
            "chapter_release": "01.01.2013",
            "chapter_number": "1"
        },
        "2": {
            "text": "Schade, dass es zum Prolog noch keine Reviews gegeben hat. Aber das war ja auch nur die Einleitung. Ich hoffe, dass euch zur richtigen Geschichte vielleicht etwas einf\u00e4llt, dass ihr mir hinterlassen k\u00f6nnt. Jetzt geht es auf jeden Fall weiter und ich w\u00fcnsche euch viel Spa\u00df beim Lesen :)____________________________________________________________Leyla wachte in einem sterilen, wei\u00dfen und winzigen Raum auf. Neon-Beleuchtung reizte ihre Augen und so konnte kaum geradeaus blicken, weil ihr immer noch ganz schwindlig war. Wie war sie hier her gekommen? Sie konnte sich nicht erinnern. Das letzte, was sie wusste war, dass sie in einer Bar einen Cocktail getrunken hatte und... oh nein! Jemand hatte ihr etwas unter gemischt. Jemand wollte sie vergewaltigen! Wurde sie schon vergewaltigt? Sie blickte an sich herab. Sie trug immer noch ihre Kleidung. Im gleichen Zustand wie zuvor auch. Nicht zerrissen oder zerfetzt. Als sie sich zum zweiten mal umblickte, erkannte sie, dass sie nicht allein war. Es lagen viele andere Menschen bewusstlos in dem kleinen Raum verteilt. Sie versuchte sich zu konzentrieren und nachzuz\u00e4hlen, wie viele es waren. Neun. Es waren neun weitere Personen in dem Zimmer. Also waren sie insgesamt zehn. Leyla wurde schlecht. Was sollte das hier? Was geschah mit ihr und den anderen Entf\u00fchrten? Sie blickte sich nach einem Ausgang um. Doch vergebens. Einzig und allein ein gro\u00dfes Metalltor war in die Ost-Wand eingebaut. Unm\u00f6glich zu durchbrechen. Leyla beschloss, die anderen aufzuwecken, damit sie sich nicht allein mit dieser schrecklichen Situation auseinandersetzen \u0001 \u0002 wurde durch ein R\u00fctteln wach. Er erschrak. Als er hochfuhr, sah er eine h\u00fcbsche, dunkelh\u00e4utige Frau. Sie w\u00fcrde sehr gut zu ihm passen. Das war aber schon alles, an was er denken konnte, da es in seinem Kopf pochte. Er fasste sich an die Stirn und f\u00fchlte... extremen Schmerz. Er blickte seine Finger an. Sie waren blutverschiert. Oh nein, er hatte eine Wunde am Kopf. Jemand hat ihn niedergeschlagen. Aber wo hatte ihn diese Person hingebracht? Wo war er jetzt? Er war zusammen mit einer Frau eingesperrt, das stand fest. Aber WO waren sie eingesperrt? Alles was er erkennen konnte, waren wei\u00dfe W\u00e4nde. Wohin wurde er verschleppt?\"Wo... wo sind wir?\", brachte Don hervor.\"Das wenn ich w\u00fcsste.\", antwortete die Frau. Don versuchte sich aufzurappeln. Zumindest konnte er sich hinsetzten und sich umblicken. Offensichtlich waren die beiden nicht allein. Acht weitere Menschen lagen ohnm\u00e4chtig um sie herum. \"Als ich aufgewacht bin, lag ich in diesem Raum. Wer uns hierher geschleppt hat und wo wir sind wei\u00df ich nicht.\", murmelte sie. \"Wenn wir hier rein gekommen sind, m\u00fcssen wir auch rauskommen.\", schlussfolgerte Don.\"Keine Chance. Durch das Metalltor gibt es kein entrinnen.\", zerst\u00f6rte Leyla Don's \u00dcberlegungen. Don blickte sich um. An der S\u00fcdwand des Raumes war ein kleiner Nebenraum eingebaut, der offensichtlich die Toilette darstellen sollte. An der West-Wand gab es eine kleine Einkerbung, die durch einen Vorhang getrennt war. Und an der Nordwand... dort gab es eine gewaltige Schiebet\u00fcr ohne T\u00fcrgriffe.\"Sollen wir die anderen aufwecken?\", fragte Leyla.\"Das w\u00fcrde ich mal vorschlagen. Ich bin Don.\"\"Ich hei\u00dfe Leyla.\"Als James die Augen \u00f6ffnete, sah er einen dunkelh\u00e4utigen, glatzk\u00f6pfigen Mann, der \u00fcber ihn gebeugt war. Er blinzelte. Er nahm alles verschwommen wahr und konnte die Situation nicht richtig koordinieren. Ihm war mulmig und schlecht. \"Hey, Alter. Bist du ok?\", h\u00f6rte er den Mann sagen.\"Mehr... mehr oder weniger.\", stammelte James. \"Uns geht es auch nicht besser. Los, du musst dich zusammen rei\u00dfen. Wir m\u00fcssen hier raus.\", motivierte Don James.\"Wo raus? Wo bin ich \u00fcberhaupt. Ich f\u00fchle mich, als ob ich eine Nacht durchgefeiert h\u00e4tte.\", meckerte James. Er versuchte sich zu erinnern. Wie kam er hier her? Nachdem er am Cast seines neuen Films war, a\u00df er beim Catering noch ein Sandwich. Wahrscheinlich wurde ihm dort etwas untergemischt. \"Das wei\u00df keiner von uns. Wir sind alle in diesem kleinen Raum hier aufgewacht.\", erkl\u00e4rte der Mann \u0001 \u0002 richtete sich auf und blickte sich um. Karge, wei\u00dfe W\u00e4nde. Wie und vor allem wo ist er da nur hingeraten? Er wurde verschleppt, das stand fest. Bleibt nur die Frage, was dieser verfickte Psycho mit ihm vorhatte. Vermutlich wollte er L\u00f6segeld erpressen. Also konnte er nur hoffen, dass sein Management so schnell wie m\u00f6glich den geforderten Betrag auszahlt, damit er so schnell wie m\u00f6glich hier raus kam. Nur, wer waren die anderen, die mit ihm hier eingeschlossen waren? Vermutlich auch irgendwelche B-Prominenten. Manche Gesichter kamen ihm bekannt vor, die meisten jedoch nicht. Die meisten waren sowieso noch bewusstlos. Lediglich eine dunkelh\u00e4utige Frau war noch wach, sie versuchte gerade, einen thail\u00e4ndischen Typen zu \u0001 \u0002 Van aufwachte, kannte er sich nicht richtig aus. Eine Frau hatte ihn geweckt und jetzt war er inmitten zum Teil wachen, zum Teil bewusstlosen Menschen. Offensichtlich wurde er mit den anderen Menschen verschleppt. \u00c4ngstlich und benommen blickte er sich um. \"W- was wir hier tun?\", fragte er in seinem gebrochenen Englisch.\"Wir hier tun gar nix, bis uns jemand rausholt.\", veralberte ihn James.\"Ich wollen nach Hause.\", jammerte Van. \"Das wollen wir alle. Nur leider wissen wir nicht, wie wir das anstellen sollen.\", erlkl\u00e4rte James. Wie sich herausstellte, gab hier anscheinend James den Ton an. Er hatte ein bestimmendes und dominantes Wesen, welches ihn offenbar zum Anf\u00fchrer hier auszeichnete. \"Was mit uns geschehen?\", stotterte Van weiter. \"Das wissen wir noch nicht. Wir sollten erstmal die anderen aufwecken.\", schlug Don vor.\"Ja, genau. Vielleicht schaffen wir es zusammen, hier irgendwie auszubrechen.\", spekulierte James. James wusste schon, wen er als n\u00e4chstes wachr\u00fctteln wollte. Auf der anderen Seite des Raums lag eine hei\u00dfe Blonde. Sie entsprach genau seinem Typ. Wer wei\u00df, vielleicht hatte die ganze Sache ja noch etwas Gutes und er konnte eine hei\u00dfe Nummer mit der scharfen Braut schieben, sobald er hier herau\u00dfen war. Er sch\u00fcttelte sie an den Schultern, bis sie ihre h\u00fcbschen Augen \u00f6ffnete. Sie l\u00e4chelte und strahlte ihn an. Das war schon mal ein gutes Zeichen. \"Bin... bin ich im Himmel?\", murmelte sie benommen.\"Wohl er in der H\u00f6lle. Den f\u00fcr den Himmel w\u00e4ren wir beide zu hei\u00df.\", kokettierte \u0001 \u0002 kicherte. Und fasste sich dann gleich mit schmerzverzerrter Mimik an den Kopf.\"Auu. Mein Sch\u00e4del dr\u00f6hnt. Das liegt wahrscheinlich an dem vielen Koks, das ich gestern gezogen habe. Bin ich in meinem Hotel?\", fragte sie und blickte verwirrt um sich. \"Wohl eher nicht. Wir sind in diesem verdammten Zimmer hier gefangen. Wer uns hierher gebracht hat und wo wir sind, wissen wir nicht.\", kl\u00e4rte sie James auf.\"Also wurden wir entf\u00fchrt?\", folgerte die Blonde.\"Bingo.\"\"Na toll.\", st\u00f6hnte sie genervt. \"Bei mir hat sich der Drecksack nicht mal viel M\u00fche geben m\u00fcssen. Von dem ganzen Alk und Koks war ich sowieso schon weggetreten.\"\"Lady, du bist ganz nach meinem Geschmack.\", stellte James erfreut fest.\"Du bist auch nicht gerade von schlechten Eltern.\", schmunzelte sie. \"Ich bin Sarah.\"\"Mein Name ist James. Sollen wir die anderen aufwecken oder k\u00fcmmern wir uns lieber um uns?\", fragte James.\"Hmm. Wecken wir die anderen auf. Je eher ich hier rauskomme, um so besser.\"\"Also mit dir k\u00f6nnte ich ewig eingesperrt bleiben.\", schmeichelte James Sarah.\"Das glaube ich nicht.\"James blickte verwirrt.\"Denn sobald wir hier raus kommen v\u00f6gel ich dir das Hirn raus.\"Als Chris aufwachte, bot sich ihm ein sch\u00f6ner Anblick. Die M\u00f6pse einer Blondine mit Model-Statur baumelten \u00fcber seinem Gesicht. Sie trug keinen BH. Daf\u00fcr standen die Dinger wie eine eins. Doch die erste Freude verflog, als er den Schmerz in seinem R\u00fccken sp\u00fcrte. Ihm w\u00fcrde \u00fcbel davon. Es stach und brannte. Was ist ihm geschehen? Wo war er hier? Im Krankenhaus? Ja wahrscheinlich, denn es war alles wei\u00df.\"Geht es dir gut?\", fragte die Blondine. \"Naja, k\u00f6nnte besser sein.\", keuchte Chris. \"Wo bin ich?\"Vermutlich hat uns jemand entf\u00fchrt und jetzt stecken wir hier fest.\", schilderte \u0001 \u0002 konnte sich Chris erinnern. Gestern Nacht hatte er eine Schl\u00e4gerei mit einem maskierten Mann. Er hatte ihm ein paar auf die Fresse gegeben, doch der Kerl zog einen Schlagstock und schlug damit auf seinen R\u00fccken ein, bis er zu Boden ging. Dann wurde er ohnm\u00e4chtig. Und jetzt wurde er hier von dieser scharfen Schnecke wachger\u00fcttelt.\"Verfickte Schei\u00dfe. Dann schauen wir, dass wir so schnell wie m\u00f6glich hier raus kommen.\"\"Wenn du ein Metalltor aufbrechen kannst, bitte.\", forderte James das Muskelpaket mit den kurzgeschorenen Kopf heraus.\"Du h\u00e4ltst dich wohl f\u00fcr den Obercoolsten hier? Wer hat dich \u00fcberhaupt gefragt?\", stichelte Chris zur\u00fcck.\"Ich muss nicht gefragt werden, um zu reden.\", machte James klar.\"Jungs, ein Hahnenkampf ist das Letzte, was wir jetzt gebrauchen k\u00f6nnen.\", schlichtete Sarah.\"Ja, versucht lieber die restlichen Vier aufzuwecken.\", schlug Don vor. Chris erkannte, dass sich dieser dunkelhaarige Kerl anscheinend gern aufspielte. Das w\u00fcrde fr\u00fcher oder sp\u00e4ter noch Stress geben, wenn er immer auf Boss \u0001 \u0002 weckte die einzige im Raum auf, die auch asiatischer Abstammung war. Sie blinzelte und blickte ihn an. Die junge Frau war wirklich h\u00fcbsch.\"Mmh, wo- wo bin ich?\" Sie sprach besser Englisch als er.\"Wir gefangen. In kleinen Raum.\", kl\u00e4rte Van sie bruchst\u00fcckartig \u0001 \u0002 rappelte sich auf und schaute sich um. Die beiden waren nicht allein, wie sie zuerst vermutete. Es befanden sich noch acht andere Personen im Raum. F\u00fcnf davon waren wach. Drei lagen noch mit geschlossenen Augen auf dem Boden. Thau-Li rieb sich die Augen und versuchte, einen klaren Gedanken zu fassen. Wie war sie hierher gekommen? Und wer k\u00f6nnte Interesse daran haben, sie zu kidnappen? Wollte er ihre Familie erpressen? Sie stammte schlie\u00dflich aus reichem Haus. Bestimmt wollte irgend ein Verbrecher L\u00f6segeld fordern. Dann waren die anderen neun Menschen bestimmt auch aus verm\u00f6genden Familien, von denen ihr Entf\u00fchrer Geld erpresste. \"Wir wurden entf\u00fchrt. Jemand erpresst bestimmt unsere Familien.\", vermutete Thau-Li.\"Ich nicht reich.\", erkl\u00e4rte Van.\"Das ist merkw\u00fcrdig.\" Thai-Li \u00fcberlegte. Wie kam sie hierher? Sie erinnerte sich, einen strengen und intensiven Geruch vernommen zu haben, als sie schlief. Vermutlich hatte sie jemand mit Ethanol bet\u00e4ubt. \"Na gut, dann m\u00fcssen wir jetzt versuchen, hier raus zu kommen.\" Thau-Li handelte schnell in komplizierten Situationen. Probleme waren da, um sie zu l\u00f6sen. Sie w\u00fcrden schon alle bald hier drau\u00dfen sein. Daniel wurde von einem Kerl mit kurzen Haaren aufgeweckt. Er r\u00fcttelte ihn brutal wach, was seine Schwindelgef\u00fchle nur noch verst\u00e4rkte. Er musste sich erstmal zurecht finden. Alles woran er sich erinnern konnte war, dass er etwas getrunken hatte, das merkw\u00fcrdig schmeckte. Anscheinend war es giftig, denn ihm wurde schwarz vor Augen und jetzt ist er hier aufgewacht.\"Hey, Sunnyboy, komm zu dir, wir m\u00fcssen aus dieser Schei\u00dfe raus.\", begr\u00fc\u00dfte ihn der Kerl. Daniel rieb sich die Augen und blickte sich dann um. Insgesamt waren sie zu zehnt und in einen kleinen Raum eingesperrt. Super. Er wurde entf\u00fchrt. \"Hier muss es doch einen Ausweg geben.\", gr\u00fcbelte Daniel. Er wollte sich zumindest nicht einfach kampflos mit dieser Situation abfinden. Es waren noch zwei Personen bewusstlos. Ein Mann und eine Frau. Zuerst sollten die aufgeweckt werden. Zehn K\u00f6pfe wussten schlie\u00dflich mehr als nur acht. Deshalb weckte Daniel die rothaarige Frau auf. Sie fuhr erschrocken hoch und stammelte irgendetwas auf russisch vor sich hin. \"Hey, hey. Alles ist in Ordnung. Denke ich zumindest...\", versuchte Daniel sie zu beruhigen. \"Oh. Wo bin ich?\", fragte sie zwar auf Englisch, aber mit russischem Akzent. \"Wir sind alle hier eingesperrt. Und m\u00fcssen einen Weg raus finden.\", verdeutlichte Daniel ihr.\"Mein Name ist Sheela. Ich nur wollen heim. Ich keinen \u00c4rger will.\", sagte sie mit hochgehaltenen H\u00e4nden.\"Nein, nein. Wir wollen alle keinen \u00c4rger. Wir m\u00fcssen nur hier raus finden, verstehst du?\"\"Ja, ja. Ich will keinen Stress.\", wiederholte Sheela. Thau-Li weckte den letzten der zehn Gefangenen auf. Er ist er sofort ins Auge gestochen. Er war ein h\u00fcbscher und rassiger S\u00fcdl\u00e4nder. Anscheinend hat dieser Van ein Auge auf sie geworfen, aber sie stand mehr auf echte M\u00e4nner. Also versuchte sie, den Mann aufzuwecken. Als Gulio aufwachte, dr\u00f6hnte ihm erstmal der Sch\u00e4del. Hatte er gestern zu viel Alk erwischt? Aber hatte doch nicht mal so viel getrunken oder? Hatte er etwas Falsches erwischt? Wollte ihn irgendein verr\u00fcckter Groupie entf\u00fchren? Aber wie es aussah, befand er sich nicht allein in diesem Raum. Es waren noch neun weitere Menschen hier. Dann war er wom\u00f6glich als letztes aufgewacht. Wie immer. Er richtete sich auf und versuchte die Kopfschmerzen zu verdr\u00e4ngen.\"Hi Leute, kann mir irgendjemand sagen, was hier gespielt wird?\", wollte er wissen. \"Leider wei\u00df das keiner. Wir sind alle aufgewacht, als wir hier eingesperrt waren.\", erkl\u00e4rte ihm ein duneklhaariger Typ.\"Und wie du siehst d\u00fcrfte es auch nicht so einfach sein, hier raus zu kommen.\", erg\u00e4nzte einer mit kurzgeschorenen Kopf.\"Oh man. Sind wir soetwas wie Geiseln?\", spekultierte Gulio weiter.\"Man k\u00f6nnte es vermuten. Vielleicht wird L\u00f6segeld f\u00fcr uns erpresst.\", \u00fcberlegte die Asiatin, die ihn aufgeweckt hatte. \"Oder vielleicht hat uns ein fanatischer Fan von Reality-Shows hier eingeschlossen.\", warf ein blonder Kerl in den Raum. \"Und jetzt k\u00f6nnen wir nichts tun, au\u00dfer hier zu warten?\", seufzte Gulio.\"Auf den ersten Blick gibt es jedenfalls keinen Weg raus hier.\", stimmte eine h\u00fcbsche Blonde mit ein. \"Ziemlich schwierig.\", nuschelte ein dunkelh\u00e4utiger Typ.\"Fuck. Echt beschissen. Ich bin jedenfalls Gulio.\"Daraufhin stellten sich auch alle anderen vor. Wie es aussah, befanden sie sich wirklich in einen kleinen, wei\u00dfen Raum, in den sie durch ein Stahltor gebracht wurden, welches jetzt verschlossen war und in dem es eine offensichtlich elektrisch bedienbare Schiebet\u00fcr gab und zwei kleine Nebenr\u00e4ume. Eins davon war das Klo, dass Gulio jetzt auch dringend benutzen musste, aber da es nur durch einen Vorhang abgetrennt war, genierte er sich etwas. Fenster gab es auch keine, deshalb wusste er nicht, welche Tageszeit ungef\u00e4hr war. Er konnte sich nur zur\u00fccklehnen und abwarten. Und zusehen, wie die Katastrophe ihren Lauf \u0001 \u0002, das war das zweite Kapitel meiner Geschichte. Ich hoffe, es hat euch gefallen. Es gab zumindest schon etwas mehr zu lesen als im ersten. Vielleicht f\u00e4llt euch ja jetzt auch ein, was ihr in einem Review schreiben k\u00f6nntet? Wie gesagt, ich w\u00fcrde mich seeehr \u00fcber eins freuen. :)",
            "wordcount": "2.461",
            "chapter_release": "01.01.2013",
            "chapter_number": "2"
        },
        "3": {
            "text": "Soo, da ich \u00fcbers Wochenende weg fahre um meinen Geburtstag zu feiern, poste ich heute nochmal ein Kapitel. Bis jetzt ist ja noch nicht wirklich viel passiert, aber langsam wird es jetzt etwas spannender, versprochen ;) Vielleicht schreiben dann auch ein paar mehr ein kleines Review f\u00fcr mich?? :P Danke \u00fcbrigens an Kitty11 f\u00fcr das nette Review :)Also dann laber ich jetzt nicht mehr lange rum sondern w\u00fcnsche euch viel Spa\u00df und schaurig-sch\u00f6ne Spannung beim \u0001 \u0002 lange waren sie jetzt schon in diesen Raum eingesperrt? Daniel konnte es nicht sagen. Es gab keine Uhr, keine Handys, keine Fenster, um das Tageslicht oder die Dunkelheit der Nacht erkennen zu k\u00f6nnen. Sie waren v\u00f6llig von der Au\u00dfenwelt abgeschottet. Keine M\u00f6glichkeiten, um nach drau\u00dfen zu kommunzieren zu k\u00f6nnen. Seid einiger Zeit sa\u00dfen sie nun hier rum und hatten absolut keine Ahnung, was mit ihnen geschehen w\u00fcrde. Er selbst hatte mit ein paar anderen schon eine Gruppe gebildet. Mit James, Chris, Gulio und Sarah verstand er sich recht gut. Sarah war ganz klar der Mittelpunkt der m\u00e4nnlichen Aufmerksamkeit. Was auf Missgunst von Leyla und Sheela stie\u00df. Thau-Li dachte nicht an Konkurrenzkampf. Nicht in so einer Situation. Sie dachte eher daran, auf schnellsten Wege hier raus zu finden. James und Chris stie\u00dfen sich die H\u00f6rner ab. Sie wollten beide die Rolle des Alpha-M\u00e4nnchens \u00fcbernehmen. Ansonsten schien Daniel's Gruppe das ganze erstaunlicherweise eher locker zu nehmen.\"Also ich k\u00f6nnte es mir schlimmer vorstellen. Es gibt doch was schrecklicheres als mit so vielen h\u00fcbschen Kerlen eingesperrt zu sein.\", stellte Sarah am\u00fcsiert fest. \"Anstatt deine Nymphomanie zu Schau zu stellen, solltest du dir lieber \u00fcberlegen, wie wir hier rauskommen.\", zischte Leyla.\"Das k\u00f6nnen ja die M\u00e4dchen machen, die intelligent statt h\u00fcbsch sind. Also du zum Beispiel.\", giftete Sarah zur\u00fcck. \"Jetzt pass mal auf, Blondie.\", grollte Leyla.\"Hey, hey. Wenn wir uns gegenseitig an die Gurgel gehen, hilft uns das auch nicht weiter.\", schlichtete Don. \"Also ich h\u00e4tte die beiden gern raufend auf dem Boden gesehen.\", gestand James. \"Hey.\", Sarah boxte ihn spielerisch in die Seite. \"Don, sag das mal James. Er macht auch nicht recht viel mehr, als seiner Geilheit freien Lauf zu lassen.\", stichelte Chris. \"Chris ist nur neidisch, weil Sarah auf mich steht und nicht auf ihn.\", entgegnete James.\"Das glaubst auch nur du.\", konterte Chris.\"Ich glaub, dass Sarah mich am liebsten mag.\", mischte sich auch Gulio ein.\"Ich hatte zugegebenerma\u00dfen schon immer eine Schw\u00e4che f\u00fcr S\u00fcdl\u00e4nder.\", best\u00e4tigte Sarah ihn. \"Hey, Gulio, du spannst sie uns noch allen aus.\" James boxte ihn scherzhaft auf die \u0001 \u0002 war nicht der Streitmittelpunkt des Geschehens. Eher war die Stimmung zwischen Chris und James und zwischen Sarah und Leyla geladen. \"Okay, also lasst uns die Situation nochmal durchgehen.\", meldete sich Thau-Li zu Wort. \"Wir zehen wurden verschleppt und hier eingesperrt. Warum und von wem wissen wir nicht. Es gibt keine M\u00f6glichkeit nach drau\u00dfen zu gelangen, da weder das Eisentor noch die Schiebet\u00fcr zu bewegen sind. Alle Kommunikationsmittel wurden uns entrissen.\"\"Wie sch\u00f6n, dass du uns noch mal die Aussichtslosigkeit unserer Situation vor Augen gef\u00fchrt hast.\", meckerte Gulio. \"Und was sollen wir jetzt bitte machen?\", seuftze Daniel.\"Wir k\u00f6nnen nur \u00fcberlegen, WARUM uns der Entf\u00fchrer hier eingeschlossen hat.\", schlug Don vor. \"Weil er L\u00f6segeld erpressen will, ganz einfach.\", meinte Leyla.\"Genau, deshalb k\u00f6nnen wir nur warten, bis uns die Polizei findet oder das Geld bezahlt wird und wir hier raus k\u00f6nnen.\", fasste Thau-Li zusammen.\"Wenn blondes M\u00e4dchen nicht alles als Party sehen w\u00fcrde, k\u00e4men wir schneller hier raus.\", warf Sheela ein.\"Wenn rothaariges M\u00e4dchen deutsch lernen w\u00fcrde, k\u00f6nnten wir sie vielleicht auch verstehen.\", gab Sarah zynisch zur\u00fcck.\"Vielleicht doch noch eine Chance auf ein Match mit nackten Frauen?\", freute sich James.\"Hoffen k\u00f6nnen wir ja mal.\", grinste Gulio.\"Hoffentlich wir so schnell wie m\u00f6glich raus.\", schmollte Van. \"Meine lieben G\u00e4ste, ich hei\u00dfe euch herzlich Willkommen in der spektakul\u00e4rsten Reality-Show aller Zeiten.\", ert\u00f6nte eine verzerrte Stimme aus versteckten \u0001 \u0002 zehn Leute erschraken und schauten sich verwundert um. Woher kam diese merkw\u00fcrdige Stimme aller Zeiten? Und was sollte das hei\u00dfen? Spektakul\u00e4rste Reality-Show aller Zeiten?\"Was soll denn jetzt die Schei\u00dfe?\", schimpfte Chris.\"Wer ist da?\", rief Don.\"Lassen sie uns hier raus.\", forderte James.\"Ihr werdet euch sicherlich fragen, wie er hierher gekommen seid, wo ihr jetzt seid und was mit euch geschehen wird.\", vermutete die Stimme.\"Ja, das w\u00e4re nett zu wissen.\", best\u00e4tigte Gulio.\"Die Welt kennt euch aus diversen Reality-TV-Shows. Und Gl\u00fcckwunsch, ihr habt sie jeweils gewonnen. Deshalb hab ich euch eingeladen, in MEINER Show, der gr\u00f6\u00dften Reality-Show aller Zeiten dabei zu sein. Ich bin sehr gespannt, wer DIESE Show gewinnen wird.\", f\u00fchrte die Stimme die Kandidaten ein.\"Was soll das hei\u00dfen? In WELCHER Show sind wir dabei?\", fragte Leyla etwas hysterisch.\"Was haben sie mit uns vor?\", wollte Thau-Li \u0001 \u0002 enstand Panik in dem Raum.\"Ich habe vor, die gr\u00f6\u00dfte Reality-Show aller Zeiten zu machen. Und ihr zehn seid die Kandidaten.\"Wortlos schauten sich die Entf\u00fchrten an.\"Nur einer von euch kann gewinnen. Und derjenige darf den Raum als Sieger verlassen.\", erkl\u00e4rte die Stimme die Regeln.\"Anscheinend ist es wirklich ein fanatischer Fan, der selbst eine Show machen will.\", vermutete Daniel. \"Wissen sie schon, dass sie sich dadurch strafbar gemacht haben?\", schrie er der unbekannten Stimme zu.\"Und wie soll diese Show aussehen? K\u00f6nnen wir diese Schei\u00dfe bitte so schnell wie m\u00f6glich hinter uns bringen?\", motzte Sarah.\"In diversen Challenges k\u00e4mpfen jeweils zwei Kandidaten, die ihr selbst ausw\u00e4hlt, darum, in die n\u00e4chste Runde einzuziehen. Der Gewinner kommt weiter, bis am Schluss nur noch zwei Kandidaten \u00fcbrig sind. Von denen beiden wird der Gewinner ausgew\u00e4hlt, welcher die Festung verlassen darf.\", weihte die Stimme die zehn Gefangenen in die Spielregeln ein.\"Dann machen wir jetzt, damit wir schnell rauskommen.\", forderte Sheela. \"Warum sollen wir Schei\u00dfe mitmachen?\", hinterfragte Van.\"Wartet... der Gewinner darf dieses Drecksloch hier verlassen? Und die anderen sollen hier bleiben oder was?\", fragte Chris \u0001 \u0002 Stimme beantwortete seine Frage. \"Nun... die anderen werden hier bleiben. Nur nicht lebendig... sondern tot.\"Ein Raunen ging durch die Menge.\"Was!?\", schrie Don aus.\"Die jeweiligen Duelle wird nur ein Kandidat lebend \u00fcberstehen. Der andere wird sterben. Somit wird am Schluss nur einer am Leben bleiben. Dieser darf ohne weiteres gehen.\"\"Das ist doch krank. Die Polizei wird uns schon bald finden, sie Psychopath!\", kreischte Leyla.\"Ja, wir machen da auf keinen Fall mit!\", schlie\u00df sich ihr James \u0001 \u0002 Stimme lachte.\"Euch wird nichts anderes \u00fcbrig bleiben. Denn wenn ihr auf mein Signal hin keine zwei Kandidaten nominiert, werdet ihr ALLE sterben. Und zwar auf keine sch\u00f6ne Weise.\"\"Das geht doch gar nicht.\", zweifelte Thau-Li.\"Genau. Wie wollen sie uns denn bitte umbringen? Wir sind zu zehnt und sie allein.\", machte Daniel ihm klar.\"Ja, wir rei\u00dfen ihnen den Arsch bis zu ihrem schei\u00df Hirn auf.\", drohte Chris ihm an.\"Wenn ihr an die Decke schaut seht ihr dort Wasser-Sprinkler. Nur wird kein Wasser auf euch herabregnen, wenn ich diese einschalte. Es wird hoch-\u00e4tzende Salzs\u00e4ure auf euch herabprasseln, die euch binnen Sekunden ver\u00e4tzen und f\u00f6rmlich aufressen wird. Ein \u00e4u\u00dfert schmerzhafter Tod.\", schilderte die Stimme mit sadistischen Genuss. Mit \u00e4ngstlicher Mimik schauten die zehn Leute sich an.\"Das... das glauben wir ihnen nicht.\", traute sich James zu sagen. \"Ich dachte mir schon, dass ihr einen Beweis wollt.\" Pl\u00f6tzlich \u00f6ffnete sich die Schiebet\u00fcr und es wurde ein gl\u00e4sener K\u00e4fig, der an der Oberseite offen war, hereingefahren. In dem Glaskasten befand sich eine Katze. Gespannt und erschrocken wurde das Szenario von zehn Augenpaaren beobachtet. Der Glaskasten wurde elektrisch unter eine Sprinkler-Anlage gefahren, die daraufhin startete und eine durchsichtige Fl\u00fcssigkeit herabregnen \u0001 \u0002 von Sekunden fauchte und schrie die Katze auf. Ihr Fell l\u00f6ste sich auf, genau wie ihr Fleisch. Blut f\u00fcllte den gl\u00e4sernen K\u00e4fig und ver\u00e4tztes Fleisch fiel zu Boden. Die S\u00e4ure fra\u00df sich durch Sehnen und Nerven. Schon bald war die Katze nicht mehr als mein blutiger Fleischklumpen, aus den Knochen ragen. Die Augen quollen wie dickfl\u00fcssiger Brei aus den H\u00f6hlen und zum Schluss war nicht mehr recht viel mehr \u00fcbrig als das Skelett, welches langsam auch von der S\u00e4ure zersetzt wurde. Schrilles Kreischen durchhallte den Raum. Entsetzen und blanke Angst breiteten sich in den Gesichertern der Menschen auf. Frauen als auch M\u00e4nner liefen Tr\u00e4nen \u00fcber die Wangen. Manche hielten ihre H\u00e4nde vor den Mund, andere krallten sich an ihren Haaren fest. \"Jetzt liegt es an euch. Wir k\u00f6nnen das ganze kurz halten und ich l\u00f6sche euch alle mit einem Knopfdruck aus, was f\u00fcr euch sicherlich schmerzhafter als f\u00fcr mich w\u00e4re oder ihr spielt mit, und habt somit eine 10-prozentige Chance, lebend aus der Sache raus zu kommen.\", bot die Stimme die beiden Alternativen an. Geschockt und zitternd starrten alle auf die \u00dcberreste der Katze, die wieder in die Schiebet\u00fcr transportiert wurden. V\u00f6llig aufgel\u00f6st und wortlos standen die zehn Leute nun da und wussten nicht, wie es weiter gehen soll. \"Ich akzeptiere euer Schweigen als Zusage. Sobald das Signal ert\u00f6nt, begibt sich einer nach den anderen in den Nebenraum und nominiert eine Person. Die zwei Teilnehmer mit den meisten Stimmen treten zur ersten Challenge an, die nur einer der beiden \u00fcberleben wird. Ich freue mich darauf.\" Dann verstummten die Lautsprecher.\"Was... was sollen wir jetzt machen?\", stammelte Sarah.\"Wenn wir nicht wie die Katze enden wollen, m\u00fcssen wir mitspielen.\", erkannte Don.\"Aber hast du nicht geh\u00f6rt, was er gesagt hat? Bei jeder Challenge wird nur einer \u00fcberleben, der andere wird sterben. Es wird am Schluss nur einer \u00fcberleben, das hei\u00dft, wir m\u00fcssen uns gegenseitig wegrichten.\", schrie James vollkommen durch den Wind.\"Ja, und wer wei\u00df, wie krank die Challenges sind und was wir da machen m\u00fcssen.\", gab Daniel zu bedenken.\"Ja, wenn der Typ zu sowas hier in der Lage ist, werden wir sicher nicht in Watte geh\u00fcllt, wenn wir mitmachen.\", mutma\u00dfte auch Thau-Li. \"Schei\u00df drauf. Lieber hab ich die Aussicht, hier lebend rauskommen zu k\u00f6nnen als von S\u00e4ure ver\u00e4tzt zu werden.\", meinte Chris.\"Ja und dabei haben wir wenigstens die Chance zu k\u00e4mpfen.\", wusste Leyla.\"Aber euch ist schon bewusst, dass wir uns dabei gegenseitig ausstechen m\u00fcssen und hoffen werden, dass der andere stirbt, nur um selbst zu \u00fcberleben?\", rief Gulio den anderen nochmals ins Ged\u00e4chtnis. \"So sind die Spielregeln.\", murmelte Sheela.\"Ich will nicht sterben.\", nuschelte Van resigniert.\"Also hei\u00dft das, dass wir mitmachen?\", fragte Don die ultimative \u0001 \u0002 Nicken der Beteiligten deutete er als ein \"ja\".___________________________________________________________________Das war Kapitel Nummer drei. Ich hoffe sehr, dass es euch gefallen hat und das es langsam auch richtig spannend wird. Wie gesagt, freue mich seeehr \u00fcber ein \u0001 \u0002 ich heute Geburtsag habe, k\u00f6nntet ihr mir doch ein Review als Geschenk da lassen oder? :)",
            "wordcount": "1.925",
            "chapter_release": "01.01.2013",
            "chapter_number": "3"
        },
        "4": {
            "text": "Okay, okay ich wei\u00df, dass ich lange gebraucht habe. Tut mir ja auch leid. Aber hier ist das n\u00e4chste Kapitel meines Horror-Thrillers. Ich hoffe, ihr seid mir nicht b\u00f6se und lest es trotzdem. Ich hab mir daf\u00fcr auch extra viel M\u00fche gegeben. UND ich habe auch zwei neue Geschichten angefangen. \"Happiness\" und \"Worst Case Scenario\". W\u00fcrde mich freuen, wenn ihr da auch mal vorbei schaun w\u00fcrdet. ;)Aber jetzt erstmal viel Spa\u00df bei dem Kapitel. Hoffentlich gef\u00e4llt es euch :)_________________________________________________________Nun stand es also fest. Alle zehn Geiseln nahmen an dem kranken und perversen Spiel dieses Verr\u00fcckten teil. Aber die Aussichten, um sein Leben zu spielen und die M\u00f6glichkeit zu haben, lebend aus der Sache rauszukommen, war eben besser als die, von S\u00e4ure \u00fcbergossen zu werden. Jetzt blieb nur die Frage, wann und wie das Spiel anfangen w\u00fcrde. Nach der schrecklichen Erkenntnis, was ihnen bevor steht, war die Spannung in der Luft zum Greifen nah. Was w\u00fcrde jetzt als n\u00e4chstes geschehen?\"Okay, und was kommt jetzt?\", schrie Chris in die Luft.\"Wer wei\u00df, was wir jetzt f\u00fcr kranke Schei\u00dfe durchmachen m\u00fcssen.\", bef\u00fcrchtete Thau-Li.\"Oh Gott, ich will einfach hier raus. Warum kann er uns nicht einfach gehen lassen?\", weinte Sarah. \"Wir m\u00fcssen einfach nach seinen Regeln spielen. So ist es einfach. Am Schluss kann nur einer \u00fcberleben. Und wir sollten mitmachen, um den einen diese Chance zu geben.\", predigte Don. \"Wir haben wohl keine andere Wahl.\", stellte auch Gulio fest. Die Kandidaten sa\u00dfen resigniert im Raum verteilt, in dem es langsam stickig wurde. Gott sei Dank bel\u00fcftete wenigstens eine Klimaanlage das Zimmer, denn es gab keine M\u00f6glichkeit, sich zu pflegen oder zu waschen. Die M\u00e4nner waren ganz oben ohne, die Frauen trugen nur ein d\u00fcnnes Unterhemd. Zu Essen gab es auch nichts, lediglich 100 Flaschen mit Wasser waren bereit gestellt. \"Wenn wir jetzt in einer anderen Situation w\u00e4ren, k\u00f6nnte ich mich nicht zur\u00fcck halten.\", durchbrach James die Stille.\"Wie meinst du das?\", fragte Daniel.\"Sieh dir doch mal die geilen Br\u00e4ute an, so knapp bekleidet.\", schilderte James seine Gedankeng\u00e4nge.\"Also das ist doch wirklich unfassbar. Wir sind hier in einer aussichtslosen Situation und James kann nur an seine testostheron-gesteuerten Triebe denken.\", mischte sich Leyla ein. \"Naja, du warst die einzige, bei der ich nicht an meine Triebe gedacht habe.\", schoss James zur\u00fcck.\"Hey, rei\u00df dich mal zusammen!\", fauchte jetzt Don James an.\"Das sagst du nur, weil du in Leyla verknallt bist. Aber du solltest dir mal gr\u00fcndlich \u00fcberlegen, wo du dich da reinreitest. Entweder kommst du hier lebend raus und sie geht drauf oder umgekehrt. Oder gar keiner von euch beiden kommt hier lebend raus.\", stichelte James weiter. \"Du bist ein Riesen-Arschloch, wei\u00dft du das eigentlich?\", zischte Don.\"James ist sowieso der gr\u00f6\u00dfte Penner \u00fcberhaupt. Er h\u00e4lt sich f\u00fcr was besonderes und ist nur ein gottverdammter Loser.\", beteiligte sich Chris an dem Streit.\"Schon klar, das du dich einmischen musst. Du mochtest mich von Anfang an nicht, weil ich die gr\u00f6\u00dfte Konkurrenz f\u00fcr dich war.\", durschaute James ihn.\"DU bist f\u00fcr mich ganz sicher keine Konkurrenz!\", lachte Chris.\"Aber Chris hat recht, mit dem was er sagt.\", best\u00e4tigte Don.\"Du Nigger h\u00e4ltst sowieso deine Fresse.\", griff Chris ihn an.\"Ich war auf deiner Seite, du Hurensohn!\", beleidigte Don ihn.\"Ich brauch niemanden auf meiner Seite!\" Chris schubste Don nach hinten, der daraufhin ihn anrempelte. Gulio ging dazwischen.\"Hey, wie es aussieht m\u00fcssen wir uns so oder so noch gegenseitig abmurksen, da m\u00fcssen wir das doch nicht jetzt schon machen.\", schrie er die beiden an.\"Gulio hat recht.\", meinte auch Daniel. \"Aber nur, damit eins klar ist. Ich werde euch alle aus dem Weg r\u00e4umen.\", drohte Chris und setzte sich in eine Ecke. \"Jetzt drehen alle durch.\", stellte Sarah verzweifelt fest.\"Ja. Aber wenn wir uns gegenseitig bek\u00e4mpfen, f\u00e4llt es uns umso leichter, um unser eigenes \u00dcberleben zu k\u00e4mpfen.\", analysierte Thau-\u0001 \u0002 wenn die Erkenntnis be\u00e4ngstigend war, musste Sarah doch einsehen, dass Thau-Li recht hatte. Wie viel Zeit war jetzt schon vergangen? Jegliches Zeigef\u00fchl ging verloren. Die zehn Gefangenen waren m\u00fcde, hungrig und v\u00f6llig ausgelaugt. Sie lagen die meiste Zeit nur im Raum verteilt, schliefen oder versuchten mindestens zu schlafen. Hin und wieder musste jemand seine Notdurft verrichten, was die anderen durch den Vorhang meist mitbekamen. Doch es interessierte niemanden. Jeder hatte Angst davor, was wohl mit ihnen geschehen wird. \"Der Streit vorhin war unterhaltsam, aber langsam wird es langweilig. Deshalb wird es Zeit f\u00fcr die erste Challenge.\", meldete sich die Stimme aus den Lautsprechern zu Wort. Es war, als ob das Geschehen den Atem anhalten w\u00fcrde, wenn diese Stimme sprach. Es war das pure Grauen und das Epi-Zentrum des Hasses. Die Stimme war das Schlechte, B\u00f6se, Grausame. Wen auch immer sie geh\u00f6rte, er hatte sie hier rein gebracht. Er war an allem Schuld. Deshalb war es wie eine Folter f\u00fcr die Ohren, wenn die Stimme sprach. \"Und was sollen wir jetzt machen, du Wichser?\", wollte Chris wissen.\"Diese Frage werde ich dir beantworten. Einer nach dem anderen wird in den Abstimmungsraum gehen und den Namen von genau einem Kandidaten aussprechen. Die zwei Kandidaten, die am Schluss die meisten Stimmen haben, treten zur ersten Challenge an.\", erkl\u00e4rte die Stimme in sachlichen und n\u00fcchternen Tonfall. \"Und wo wird die Challenge stattfinden?\", fragte Daniel. \"Das werdet ihr schon mitbekommen, keine Angst. Ich werde euch aufrufen, dann begebt ihr euch bitte ohne Verz\u00f6gerung in die Kammer. Ihr wisst ja, was passiert, wenn ihr nicht mitspielt.\", erinnerte der Unbekannte seine \u0001 \u0002 schauten sich angsterf\u00fcllt und stillschweigend gegenseitig an. Jetzt w\u00fcrde es losgehen. \"THAU-LI\"Oh nein, sie war als erste dran. Wen sollte sie w\u00e4hlen? Irgendjemand, der besonders negativ aufgefallen ist. Wenn sie \u00fcberleben wollte, musste sie am Schluss sowieso alle sterben sehen. Aber die Guten haben es wenigstens verdient, noch etwas l\u00e4nger am Leben zu bleiben. Aber war es in dieser Situation wirklich besser, l\u00e4nger am Leben zu bleiben? Jedoch wusste niemand, wie grausam der Tod sein w\u00fcrde, wenn man eine Challenge verlor. Sie schlich in den Abstimmungsraum und f\u00fchlte sich, als ob alle Blicke auf ihr lagen. Sie konnte sich nicht umdrehen, denn sie wusste, dass sie denjenigen, den sie nominieren w\u00fcrde, nicht in die Augen sehen konnte. Der Abstimmungsraum war von einem schweren Vorhang bedeckt. Kein Fenster, kein Licht, nichts. Thau-Li atmete tief durch und fl\u00fcsterte den Namen.\"James.\"Sie hatte nichts gegen ihn. Aber er spielte sich auf und hatte einen Streit provoziert. Das war der Grund, warum sie ihn nominierte. Dann verlie\u00df sie den Raum.\"DON\"Nach Thau-Li war Don dran. F\u00fcr ihn war es nicht schwer. Er wusste, wen er nominieren wollte. Genau genommen gab es zwei Kerle, die er in die Challenge schicken wollte. Und das waren logischerweise die beiden mit der gr\u00f6\u00dften Klappe. Chris und James. Er musste sich nur f\u00fcr einen der beiden entscheiden. Schadenfreudig ging er in Richtung Abstimmungskammer und grinste den beiden entgegen. Ja, sollten sie sich abm\u00fchen und dabei beweisen, wie stark sie wirklich waren. Am Schluss w\u00fcrde er sowieso alle ausknocken und als Sieger davon gehen. Dabei musste er aber auch Leyla ausknocken. Verdammt, den Floh hatte ihm James ins Ohr gesetzt. Aber Chris hatte ihn einen \"Nigger\" genannt. Das war noch schlimmer. Also ging er in die Kammer und sagte \u00fcberzeugt den Namen des Kandidaten, den er auserw\u00e4hlt hatte.\"Chris.\"Daraufhin verlie\u00df er den Raum und war zufrieden mit seiner Entscheidung.\"SHEELA\"Sheela hielt sich die ganze Zeit \u00fcber zur\u00fcck. Erstens konnte sie nicht allzu gut Englisch und zweitens wollte sie ihre Kraft und Konzentration nicht f\u00fcr Streitereien verschwenden. Sie hoffte nur, sich irgendwie durch diese Lage rauswinden zu k\u00f6nnen, einfach nicht aufzufallen, dadurch nicht nominiert zu werden und dann als einzig Lebende hier raus zu kommen. Denn wenn sie niemand hasste, w\u00fcrde sie auch niemand nominieren. Aber wen sollte sie jetzt w\u00e4hlen? Wen mochte sie am wenigsten? Oder besser gesagt, wer war die gr\u00f6\u00dfte Konkurrenz, wenn es um den Sieg ging? Da fiel ihr James ein. Er war stark und gleichzeitig intelligent. Er konnte gef\u00e4hrlich werden. Deshalb musste er aus dem Weg ger\u00e4umt werden. \"James.\"Sie tat es zwar nicht gern, aber sie musste ihn nominieren. Es ging schlie\u00dflich um ihr eigenes Leben hier. Als sie die Kammer wieder verlie\u00df, f\u00fchlte sie sich schrecklich. Sie hatte jemanden ins Verderben gest\u00fcrzt. Aber was blieb ihr \u00fcbrig? Sie musste es ja machen, wenn sie hier \u00fcberleben wollte.\"GULIO\"Als viertes musste Gulio einen Kandidaten w\u00e4hlen. Er hat sich schon \u00fcberlegt, wen er nominieren wollte. Zurzeit gab es drei Platzhirsche, die andauernd f\u00fcr \u00c4rger sorgten. Und das waren Chris, Don und James. James mochte er von allen am liebsten, deshalb w\u00fcrde er f\u00fcr ihn nicht stimmen, aber Chris konnte sich einfach nicht unter Kontrolle halten. Er beleidigte andere aufs \u00dcbelste. Niemand hatte so etwas verdient, was ihnen bevor stehen w\u00fcrde, aber es MUSSTE ja jemand gew\u00e4hlt werden, deshalb war Chris der Naheliegendste. Dann konnte er mal zeigen, ob er wirklich so viel drauf hatte, wie er immer behauptete. Gulio stand auf und marschierte auf die Kammer zu. Sie sah wirklich unheimlich aus. Ein dicker Vorhang und dahinter komplette Dunkelheit. Wer wei\u00df, was ihm hier drin passieren konnte? Wom\u00f6glich \u00fcberfiel ihn der Verr\u00fcckte und metzelte ihn gleich hier nieder. \"Chris.\"Gulio konnte seinen Nominierten mit gutem Gewissen ausw\u00e4hlen, da es der einzige war, mit dem er nicht sonderlich gut auskam.\"DANIEL\"Wen sollte Daniel nominieren? Er hatte auch versucht, so gut es geht, sich im Hintergrund zu halten, damit er nicht zuviel auffiel. Aber er musste nachdenken, mit wem er hier am wenigsten auskam. Naja, fr\u00fcher oder sp\u00e4ter mussten alle anderen sterben, wenn er \u00fcberleben wollte. Also sollte er den nominieren, der ihm am gef\u00e4hrlichsten werden konnte. Das waren Gulio, James oder Chris. Chris war zwar stark aber Gulio und James waren cleverer. Und James noch etwas st\u00e4rker. Aber auch die M\u00e4dels durfte er nicht untersch\u00e4tzen. Aber keine davon konnte ihm wirklich gef\u00e4hrlich werden. Deshalb gab es eigentlich nur einen, den er nominieren konnte.\"James.\",sagte er, als er in der Kabine stand. Es tat ihm wirklich leid, da er nichts gegen ihn hatte, aber es ging hier um sein gottverdammtes Leben. Deshalb musste er auf seinen eigenen Arsch schauen und durfte kein Mitleid mit irgendjemanden haben. \"VAN\"Nach Daniel kam Van dran. Er w\u00fcrde wirklich gerne wissen, wen die anderen nominiert hatten. Wen er auf jeden Fall schon mal nicht nominieren w\u00fcrde, war Thau-Li. Sie war wirklich h\u00fcbsch und etwas ganz besonderes. Sie musste am Leben bleiben. Van \u00fcberlegte, wer es am ehesten verdient h\u00e4tte, in die Challenge zu gehen. Und er konnte sich an einen erinnern, der den ganzen Streit von eben angestachelt hat. Also \u00fcberlegte er nochmal kurz, bevor er den Vorhang zur Kabine \u00f6ffnete und entschloss sich dann.\"James.\"Wenn er keine bl\u00f6den Spr\u00fcche gemacht h\u00e4tte, w\u00e4re es zu dem allem gar nicht erst gekommen. Auch wenn er niemanden g\u00f6nnte, dies alles durchzumachen, musste er sich ja f\u00fcr jemanden entscheiden.\"SARAH\"Als siebtes musste sich Sarah f\u00fcr einen Teilnehmer entscheiden, der in die Challenge gehen musste, in der es um Leben und Tod ging. Wen konnte man so etwas zumuten? Eigentlich niemanden, aber wenn sie selbst ihren s\u00fc\u00dfen Arsch hier rausbringen wollte, musste sie jetzt skrupellos sein und jemanden ins Verderben schicken. Es wurde schlie\u00dflich von ihr verlangt, dass sie jemanden w\u00e4hlte. Sie tat es ja nicht aus freier Entscheidung. Als Sarah durch die am Boden sitzenden Leidensgenossen schritt, dachte sie nochmal, wie sch\u00f6n es war, am Catwalk zu laufen. Dieses Gef\u00fchl wollte sie unbedingt nochmal erleben. Und daf\u00fcr musste sie jetzt k\u00e4mpfen! Also hie\u00df es, nicht zerbrechlich und zimperlich zu sein, sondern jetzt ihre Frau zu stehen! Aber wen sollte sie ausw\u00e4hlen? Eigentlich gab es nur eine, die sie hier nicht sonderlich ausstehen konnte und die andauernd rumzickte. Also w\u00fcrde sie diejenige Person nominieren.\"Leyla.\"Leyla war die ganze Zeit nur am mosern und meckern und meinte auch noch, Sarah die Show stehlen zu k\u00f6nnen. Da hat sie sich aber geschnitten. Sollte sie mal sehen, wie sie mit der Challenge klar kam. \"CHRIS\"Als Chris aufgerufen wurde, fielen alle Augen auf ihn. Schon klar, er war einer derjenigen, die deutlich im Vordergrund standen. Aber jetzt musste er sich \u00fcberlegen, wen er nominieren wollte. Es hatte den Anschein, als ob er der einzige w\u00e4re, der den Ernst der lage peilte. Alle anderen wollen auf Friede, Freude Eierkuchen machen. Aber es ging hier ums \u00dcBERLEBEN, verdammte Schei\u00dfe nochmal! Sie alle waren Konkurrenten, man durfte sich mit niemanden anfreunden, da am Schluss nur ein einziger hier raus kam. Daher war es Chris eigentlich egal, wen er nominierte, da er fr\u00fcher oder sp\u00e4ter jeden bek\u00e4mpfen musste. Jeder war sein Gegner. Jeder war sein Feind. Aber es gab zwei, die er ganz besonders nicht mochte. Und einen davon w\u00fcrde er jetzt sch\u00f6n in die Schei\u00dfe reiten.\"Don.\"Der Typ h\u00e4tte es noch gewagt, mit ihm eine Schl\u00e4gerei anzufangen. Der Nigger sollte doch wissen, dass man bei einem Kampf mit Chris immer den K\u00fcrzeren zieht. Sp\u00e4testens jetzt sollte ihm das klar werden. Dieser Don konnte ja mal schauen, ob er auch bei der Challenge so eine gro\u00dfe Klappe hatte wie hier herau\u00dfen. Er \u00f6ffnete den Vorhang, trat hinaus und grinste h\u00e4misch. \"JAMES\"Als Vorletztes musste James seine Stimme abgeben. Gerade, als sich Chris wieder auf den Boden setzte, stand James auf und ging auf die Abstimmungskabine zu. Er wurde von allen Seiten angeschaut, da er ja in den Streit vorhin verwickelt war. Er hatte ein ungutes Gef\u00fchl, er k\u00f6nnte oft nominiert worden sein. Da er zum einen auffiel und zum zweiten als starker Gegner empfunden wurde. Das nahm er eigentlich als Kompliment wahr, aber in dieser Situation war es eher vom Nachteil f\u00fcr ihn. Er wusste, dass er \u00fcberleben wollte und hatte auch den Siegeswillen. Nur mit dem Gedanken, alle anderen auszustechen konnte er sich noch nicht wirklich anfreunden. Klar mochte er hier einige nicht, aber sie gleich umbringen war auch krass. Aber wohl oder \u00fcbel musste er damit klarkommen, wenn er \u00fcberleben wollte. Und das wollte er auf jeden Fall. Vor der Kabine angekommen \u00fcberlegte er noch kurz, aber entschloss sich dann.\"Chris.\"Er mochte mehr dort drau\u00dfen nicht, aber Chris war ihm von Anfang an unsymphatisch. Und er war auch die gr\u00f6\u00dfte Konkurrenz f\u00fcr ihn. Es war ein starker Mitstreiter. Aus diesen beiden Gr\u00fcnden nominierte er ihn.\"LEYLA\"Als Letzte musste Leyla ihre Stimme abgeben. Es waren einige hier, die sie nicht mochte. Sarah war eine eingebildete Tussi, James war ein selbstgef\u00e4lliger Macho. Aber am wenigsten mochte sie Chris. Er hatte Don als \"Nigger\" beleidigt. Und somit auch sie. Au\u00dferdem war Don ihr engster Vertrauter, das konnte sie nicht so auf ihn sitzen lassen.\"Chris.\",sagte sie schlie\u00dflich, als die den winzigen Raum betrat. Sie w\u00fcnschte ihm nicht etwas derart Grausiges, aber es war die fairste und naheliegendste Entscheidung f\u00fcr sie. Als sie aus der Kammer trat schauten sie alle an. Sie war die Letzte. Das hie\u00df, dass die Abstimmung zu Ende war. Das Ergebnis wurde verk\u00fcndet. Aber wie? Und wann?Atemlos standen die Zehn im Raum. Jeder hatte eine Stimme abgegeben. Das hie\u00df, dass das Ergebnis f\u00fcr die erste Challenge fest stand. Zwei mussten daran teilnehmen. Aber wer war es? Wer wurde ausgew\u00e4hlt? Wer hatte am meisten Stimmen erhalten?Nat\u00fcrlich wollte es niemand sein. Niemand wollte erfahren, was ihm bei einer Challenge erwarten w\u00fcrde. Ein kranker Psychopath, der sie hier einsperrte, w\u00fcrde sicher keine Kissenschlacht f\u00fcr einen Wettkampf aussuchen. Nein, es war sicher etwas Grausames und Abartiges. \"Meine lieben zehn Teilnehmer. Das Ergebnis steht fest. Zwei von euch haben am meisten Stimmen erhalten. Und das sind...\"Die Luft blieb stehen. Die Spannung stieg ins Unermessliche.\"... Chris...\"\"Verdammte Schei\u00dfe, ich wusste es doch. Aber ich werds euch zeigen. Ich werde euch alle in den Arsch ficken und diese gottverdammte Challenge im Handumdrehen meistern.\", versprach dieser.\"... und James.\"James faltete die H\u00e4nde hinter den Kopf zusammen. Er war tats\u00e4chlich nominiert worden. Ihn wollten sie weg haben. Aber bitte, so war es, so sollte es sein. Er w\u00fcrde die Challenge gewinnen. Und dann w\u00fcrden sie sehen, was sie davon haben.\"Na gut. Dann gehen wir es an.\", sagte er. James und Chris pochte das Herz bis zum Hals. Sie schauten auf das gro\u00dfe Eisentor, das sich langsam und m\u00fchselig zu \u00f6ffnen \u0001 \u0002, das war das vierte Kapitel meiner Geschichte. Ich w\u00fcrde mich wie immer sehr \u00fcber Reviews freuen. Also gebt euch doch einen Ruck, wenn ihr dieses Kaptiel gelesen habt und lasst mit nur eine knappe, kurze R\u00fcckmeldung da. Es d\u00fcrfen auch ruhig Verbesserungsvorschl\u00e4ge dabei sein. Jedenfalls hoffe ich, dass es euch gefallen hat :)",
            "wordcount": "2.879",
            "chapter_release": "01.01.2013",
            "chapter_number": "4"
        },
        "5": {
            "text": "Langsam geht es ans Eingemachte. Jetzt findet die erste Challenge statt. James und Chris m\u00fcssen gegeneinander antreten. Wie wird die Challenge aussehen? Wer wird \u00fcberleben? Und wie geht es dann mit den anderen neun Kandidaten weiter? Das werdet ihr jetzt alles erfahren :)Viel Spa\u00df beim lesen!___________________________________________________________Alle zehn Kandidaten standen vor dem gro\u00dfen Eisentor und starrten wie gebannt darauf, als es sich \u00f6ffnete. Mit qu\u00e4lend langsamer Geschwindigkeit zogen sich die beiden T\u00fcren in entgegengesetzte Richtungen. Besonders Chris und James lag der Schwei\u00df auf der Stirn, schlie\u00dflich ging es um ihre Haut. Jetzt w\u00fcrde sich ihnen zeigen, was sie machen mussten, um um ihr Leben zu k\u00e4mpfen. \"Jetzt geht es los. Es gibt kein zur\u00fcck mehr.\", stellte James fest.\"Es gab doch noch nie eine Option, oder? Au\u00dfer mit S\u00e4ure \u00fcbergossen zu werden. Was es auch ist, ich bin mir sicher, es ist angenehmer als letzteres.\", \u00e4u\u00dferte Chris seine Meinung. Als sich das Tor langsam \u00f6ffnete, konnte man nur erkennen, dass der Raum dahinter in Dunkelheit geh\u00fcllt war. Die anderen Kandidaten w\u00fcrden nicht sehen, was auf James und Chris zukam. Die beiden zitterten und konnten ihr Herz bis zum Hals pochen h\u00f6ren. \"Bitte tretet ein.\", sagte die Stimme, als das Tor ge\u00f6ffnet war. \"Na dann mal los.\", sagte Chris mit Siegessicherheit.\"Uns bleibt nichts anderes \u00fcbrig.\", erkannte \u0001 \u0002 die anderen Kandidaten hielten den Atem an. Sie wussten, dass sie sich fr\u00fcher oder sp\u00e4ter auch einer Challenge stellen mussten. Deshalb f\u00fchlten und fieberten sie mit den beiden mit. Chris und James schreiteten den Tor entgegen und traten in die Unheil bringende Dunkelheit. Nachdem sie darin verschwunden waren, schloss sich das Tor. Und jeder wusste, dass nur einer der beiden wiederkommen w\u00fcrde. Das Tor war geschlossen. James und Chris dahinter eingesperrt. Alle anderen acht standen davor und wussten nicht, was sie sagen oder wie sie sich verhalten sollten. \"Was... wird wohl mit ihnen geschehen?\", wagte es Gulio, die Stille zu durchbrechen.\"Ich glaube, das wollen wir gar nicht wissen.\", vermutete Daniel. \"Glaubt ihr, war es richtig, dass wir die beiden gew\u00e4hlt haben?\", zweifelte Thau-Li.\"Wir MUSSTEN jemanden w\u00e4hlen und ich finde, die beiden haben es am meisten verdient, da sie die gr\u00f6\u00dften Arschl\u00f6cher waren.\", rief Don ihr ins Ged\u00e4chtnis. \"Ja, sie haben sich aufgef\u00fchrt, wie der letzte Dreck.\", stimmte Leyla zu. \"Weil du dich ja so sozial verh\u00e4ltst.\", sagte Sarah zynisch.\"Was willst du, Blondie?\", giftete Leyla zur\u00fcck. \"Ich will damit nur sagen, dass sie nicht die einzigen hier herinnen waren, die sich unpassend benommen haben.\", teilte Sarah ihre Meinung mit. \"Was haben die anderen denn bitte gemacht?\", wollte Daniel wissen.\"Naja, Leyla zum Beispiel zickt andauernd rum.\", erkl\u00e4rte Stacy.\"Wie bitte? Ausgerechnet ICH?\", schrie Leyla auf. \"DU bist doch hier die Oberzicke!\"\"Don ist auch nicht gerade der Engel auf Erden.\", kreidete Daniel ihm an.\"Was? Wieso? Nur, weil ich mich verteidige, wenn ich angegriffen werde?\", konterte Don. \"Leute, wir sollten uns jetzt nicht gegenseitig bekriegen. Wir haben eine Wahl getroffen und wir k\u00f6nnen sie nich mehr r\u00fcckg\u00e4ngig machen.\", schlichtete Gulio.\"Er Recht haben. Es ist, wie es ist.\", stimmte Van ihm zu. \"Ja. Fr\u00fcher oder sp\u00e4ter muss jeder mal da rein. Wer wei\u00df, ob es nicht sogar besser ist, wenn man am Anfang in die Challenges gew\u00e4hlt wird.\", \u00fcberlegte Thau-Li. \"Oh Gott. Ich habe solche Angst. Was wird uns nur alle geschehen?\", zitterte Sheela. \"Fest steht, dass alle bis auf einer sterben werden.\", analysierte Don.\"Keine angenehme Aussicht.\", bemerkte Daniel betr\u00fcbt. Es dauerte eine gef\u00fchlte Ewigkeit, bis das Portal aus Stahl sich wieder \u00f6ffnete. Die acht gekidnappten Menschen geisterten in dem kleinen Raum umher und warteten darauf, wen sie wieder sehen w\u00fcrden. Die Stimmung war zum zerrei\u00dfen gespannt. Das Atmen fiel schwer. Die Luft war stickig. Die Hitze war unertr\u00e4glich. Wann w\u00fcrde sich der Sieger endlich zeigen?Dann, nach endlos vielen Minuten, \u00f6ffnete sich die gigantische T\u00fcr aus Eisen. Unertr\u00e4glich tr\u00e4ge zogen sich die beiden H\u00e4lften auseinander. Alle Blicke flitzten in die Richtung, denn jeder wollte wissen, wen er wieder sehen w\u00fcrde. Es war, als ob die Zeit stehen geblieben w\u00e4re, als man den Sieger der Challenge erkennen konnte. Und es war...... James!Doch der Anblick war grauenerregend. Blut\u00fcberstr\u00f6mt stand er in der T\u00fcr und wackelte auf die anderen acht Kandidaten zu. Thau-Li, Gulio, Daniel und Sarah st\u00fcrmten gleich auf ihn zu und st\u00fctzten ihn.\"Oh mein Gott, was ist passiert?\", wollte Sarah panisch wissen. \"Ja, Alter. Was ist verdammt noch mal da drinnen abgegangen?\", erkundigte sich auch Gulio. \"Ich... ich kann nicht dar\u00fcber sprechen! Es war zu grausam.\", stotterte James st\u00f6hnend. \"Oh mein Gott. Ist das grausam.\", fingt Thau-Li an zu weinen.\"Aber du MUSST es uns erz\u00e4hlen.\", beharrte Daniel.\"Ich schlage vor, er setzt sich erstmal und beruhigt sich.\", schlug Gulio vor.\"Ja. Wenn ich mich einigerma\u00dfen erholt und beruhigt habe, werde ich euch alles erz\u00e4hlen.\", versprach \u0001 \u0002 setzte sich in eine Ecke und trank etwas. Er sah mitgenommen und fertig aus. Was hatte er wohl da drinnen mitgemacht?\"Der Arme. Jetzt w\u00e4hlen wir ihn nicht mehr.\", beschloss Sarah.\"Aber jeder von uns wird das mal durchmachen m\u00fcssen.\", bef\u00fcrchtete Don.\"Und wer wei\u00df, was mit Chris passiert ist.\", warf Sheela ein. \"Ja. Ihn d\u00fcrfen wir nicht vergessen. Er ist da drinnen gestorben. Und ich bef\u00fcrchte, dass er auf keine angenehme Weise umgekommen ist.\", meine Daniel.\"Ich denke mal, James wird es uns erz\u00e4hlen, wenn er bereit dazu ist.\", vermutete Gulio.\"Ich werde es euch erz\u00e4hlen.\", sagte James, der anscheinend mitgeh\u00f6rt hatte. \"Du sein... sicher?\", wollte Van wissen. \"Ja bin ich.\", antwortete James. \"Also, wollt ihr es wissen oder nicht?\", hakte James \u0001 \u0002 Antwort n\u00e4herten sich seine acht Leidensgenossen und setzten sich um ihn herum in einen Kreis, als ob James eine Geschichte erz\u00e4hlen w\u00fcrde. Nur war es keine Gute-Nacht-Geschichte...\"Nachdem Chris und ich in den dunklen Raum gegangen sind, schloss sich das Eisentor hinter uns. Es war stockfinster, ich konnte meine eigene Hand vor Augen nicht mehr sehen. Um ehrlich zu sein, schlotterten mir die Beine. Ich wusste nicht, was auf mich zukam. Der verr\u00fcckte Killer konnte auch aus der Dunkelheit hervor kommen und mich einfach so abschlachten. Ich hatte einfach keine Ahnung, was uns erwarten w\u00fcrde. Und ganz ehrlich, ich h\u00e4tte es am liebsten auch nicht wissen wollen....Doch dann gang das Licht an. Und wir sahen den kleinen, wei\u00dfen, sterilen Raum, der ungef\u00e4hr halb so gro\u00df war wie der, in dem wir uns jetzt befinden. In dem Raum war nichts bis auf...bis auf Stacheldraht, der quer durch den ganzen Raum gespannt war. Von einer Ecke zur anderen, viele endlose F\u00e4den aus Stacheldraht, die durch das ganze Zimmer reichten und keinen Zentimeter ausliesen. Sie nahmen das ganze Zimmer ein, deckten alles ab und gl\u00e4nzten in dem grellen Neon-\u0001 \u0002 konnte mir denken, was jetzt kommen w\u00fcrde. Doch dann meldete sich wieder die grauenvolle Stimme...'Herzlich Willkommen in eurer ersten Challenge, Chris und James. Ich werde euch jetzt die Regeln erkl\u00e4ren. Ihr seht bestimmt den Buzzer am anderen Ende des Raumes. Wer ihn zuerst dr\u00fcckt, hat gewonnen. Dabei gibt es leider nur einen Haken. Der Weg dorthin wird euch durch Stacheldraht versperrt, den ihr \u00fcberwinden m\u00fcsst. Ihr m\u00fcsst euch durch den Stacheldraht dr\u00fccken und schl\u00e4ngeln und wer als erster den Buzzer erreicht, hat gewonnen. Was mit dem anderen passiert, wisst ihr ja...'Ich sah den Buzzer, er war einige Meter von uns entfernt. Ich war entschlossen, diese Challenge zu gewinnen. Ich fragte mich nur, wie der Verlierer sterben w\u00fcrde, denn der Stacheldraht konnte ja niemanden umbringen.'Der Wettkampf startet in drei Sekunden.', verk\u00fcndete die Stimme. Eine digitale Uhr z\u00e4hlte herunter. Das Herz pochte mir bis zum Hals. Ich war aufgeregt, nerv\u00f6s und hatte Angst. Doch ich wollte Chris schlagen und \u0001 \u0002...2...und... 1!!!Ohne nachzudenken zog ich mit meinen H\u00e4nden den gespannten Stacheldraht auseinander, um mich durchzuwinden. Doch die Schmerzen machten sich sogleich bemerkbar. Die Stacheln bohrten sich in mein Fleisch und ich sp\u00fcrte das warme Blut an meinen H\u00e4nden und Armen herabflie\u00dfen. Es tropfte auf meine Kleidung und Boden. Als ich mich durch den Stacheldraht k\u00e4mpfte, zerrissen die scharfen Stacheln meine Kleidung und schlitzten meine Haut auf. Es war ein brennender, stechender Schmerz, der mich f\u00fchlen lie\u00df, als ob meine Haut brannte. Die sauberen und klaren Schnitte zogen meine Haut in zwei und lie\u00dfen das Blut heraus str\u00f6men. Doch ich versuchte, den Schmerz nicht zu beachten und ich mich weiter vor zu k\u00e4mpfen. Ich wagte es, einen Blick nach rechts auf Chris zu werfen und zu kontrollieren, wie weit er war. Und was ich sah, lie\u00df mein Herz still stehen. Er war mir ein paar Schritte voraus! Er hatte sich weiter vorgek\u00e4mpft als ich. Und er sah mindestens genau so schlimm aus wie ich. Seine Haut war zerfetzt, das Blut lief an ihm herab. Es war einfach... grauenhaft. Doch ich durfte darauf nichts geben. Wenn ich \u00fcberleben wollte, durfte ich ihn nicht beachten und musste mich auf mich konzentrieren. Der \u00dcberlebenswille erwachte in mir. Schmerzen und Blut waren mir egal. Ich k\u00e4mpfte mir meinen Weg durch den Stacheldraht. Ich zog ihn auseinander, kletterte unter ihn durch, stieg dar\u00fcber oder quetschte mich daran vorbei. Die Stacheln rissen weiterhin meine Haut auf, bohrten sich in mein Fleisch und lie\u00dfen das Blut heraus spritzen. Doch ich versuchte, mein Schmerzempfinden abzuschalten und mich nur auf das Ziel zu konzentrieren. Der Buzzer war nur noch ca zwei Meter entfernt. Jetzt war ich mit Chris gleich auf! Wir k\u00e4mpften uns Kopf an Kopf durch den Draht. Dann vernahm ich einen Schrei rechts von mir. Ich schaute mich um und sah, dass Chris \u00fcber einen niedrig gespannten Stacheldraht gestolpert war. Das war meine Chance? Ich zog die restlichen Dr\u00e4hte zur Seite und erreichte somit den Buzzer. Chris hat sich gerade wieder aufgerichtet und erschrak, als er merkte, dass ich schon am Ziel war. Mir lief es eiskalt den R\u00fccken runter, als ich realisierte, dass ich Chris t\u00f6ten w\u00fcrde, wenn ich auf den Buzzer dr\u00fccke. Aber ich hatte keine andere Wahl. Wenn ich selbst \u00fcberleben wollte, MUSSTE ich es tun. Also dr\u00fcckte ich mit voller Kraft auf den roten Knopf. Ein Signal ert\u00f6nte, dass mich erschrecken lie\u00dfe. Verzweiflung, Erleichterung und Schmerzen gingen einher, als ich realisiert habe, dass ich gewonnen habe!Die Karabiner-Haken, an denen die Stacheldr\u00e4hte befestigt waren l\u00f6sten sich automatisch und die Dr\u00e4hte fielen somit zu Boden. Chris stand mir gegen\u00fcber, genau so blut\u00fcberst\u00f6mt wie ich und sah mich an. Wir beide wussten nicht, was jetzt passieren w\u00fcrde. Ich wusste nur, dass Chris jetzt sterben w\u00fcrde.'Herzlichen Gl\u00fcckwunsch, James. Du hast die erste Challenge gewonnen. Chris, du hast leider verloren.', meldete sich die Stimme. In diesem Moment zuckte Chris heftig und fiel dann leblos zu Boden. Ich erschrak und lief auf ihn zu. Er hatte keinen Herzschlag und keinen Puls. Er war tot. Das Tor \u00f6ffnete sich. Ich ging darauf zu und trat zu euch hinaus.\"Keiner wusste, was er sagen sollte, als James aufh\u00f6rte zu erz\u00e4hlen. Alle waren sprachlos. Das was er durchmachen musste, war grausam. Und jeden von ihnen stand so etwas auch bevor. \"Das... das ist schrecklich.\", wagte Thau-Li schlie\u00dflich, die Stille zu durchbrechen.\"So etwas ist krank und abartig.\", best\u00e4tigte Don.\"Und pervers.\", erg\u00e4nzte \u0001 \u0002 schauten sich an. Wie sollten sie jemanden zur zweiten Challange w\u00e4hlten, nun, da sie jetzt wussten, was den Nominierten bevor stand? Gut, es war vor Anfang an klar, dass die Challenges aus unvorstellbaren Brutalit\u00e4ten bestand aber jetzt hatten sie die Best\u00e4tigung daf\u00fcr. \"Und Chris ist jetzt tot.\", erkannte Daniel.\"Ja. Eine unfassbare Vorstellung.\", meinte auch Leyla.\"Er ist dabei gestorben. Und wir wissen nicht mal, wie.\", murmelte Gulio vor sich hin.\"Ich kann es euch sagen.\", hallte die unbekannte Stimme durch den Raum. \"W\u00e4hrend ihr bewusstlos wart, habe ich euch operativ einen Chip integriert, der t\u00f6dliches Gift beinhaltet. Nachdem ein Kandidat die Challenge verloren hat, aktiviere ich ihn und das Gift str\u00f6mt in eure K\u00f6rper, woraufhin ihr innerhalb weniger Sekunden sterben werdet. Nur der Chip des Gewinners dieses Spiels wird nie aktiviert.\"Es war, als ob jedes mal wenn die Stimme sprach, der Teufel seinen eisigen Atem durch den Raum hauchte. Egal, was sie verk\u00fcndete, es war jedes mal wie ein Schlag ins Gesicht.\"Ehm, naja, immer noch besser, als durch Salzs\u00e4ure zu sterben.\", begann Gulio das Wort aufzunehmen. \"Am liebsten w\u00e4re es mir, gar nicht zu sterben.\", begann Sarah zu weinen. Die furchtbare Aussicht wurde ihr jedes mal aufs Neue vor Augen gef\u00fchrt. \"Das sein alles beschissen.\", st\u00f6hnte auch Van, legte seine Arme auf die angewinkelten Beine und st\u00fctzte seinen Kopf darauf. \"Achja und noch was.\", fuhr die Stimme fort. \"Das war eine Aufw\u00e4rm-Challenge. Glaubt nicht, dass es so einfach bleiben wird!\"_______________________________________________________________Okay, das war das n\u00e4chste Kapitel. Jetzt ist es endlich auch mal ein bisschen zur Sache gegangen und der erste ist gestorben. Vielleicht war es noch nicht ganz so schlimm, aber es wird schon noch h\u00e4rter. Der Gewaltgrad wird langsam steigen und immer etwas brutaler werden. Aber ich hoffe, es hat euch trotzdem gereicht und gefallen. Wie habt ihr die erste Challenge gefunden? W\u00fcrde mich wie immer sehr freuen, wenn ihr eure Meinung in einem Review schreiben w\u00fcrdet ;)",
            "wordcount": "2.300",
            "chapter_release": "01.01.2013",
            "chapter_number": "5"
        }
    },
    "title": "Reality",
    "topic": "unspecified",
    "release": "\n01.01.2013\n\t\t\t\t\t\t",
    "author": "scythe"
}