{
    "tags": [],
    "chapcount": "10",
    "wordcount": "11.068",
    "chapters": {
        "1": {
            "text": "Willkommen zu einem neuen Projekt der etwas anderen Art von mir! Ich habe vor Kurzem den Eintrag \u201eSacrificium\u201c von Angstkreis gelesen. Eine wirklich spannende und gruselige Geschichte, welche mich besonders gepackt und zum Nachdenken angeregt hatte. Die Idee und die Story an sich hat mir so sehr gefallen, dass ich beschlossen habe, ein alternatives Ende zu dem Szenario zu schreiben. In 10 Kapiteln werdet ihr erfahren, wie ich diese abgeschlossen \u0001 \u0002 rate jedem, sich die Originalgeschichte durchzulesen. Diese ist oben bei der namentlichen Erw\u00e4hnung verlinkt. Generell hat mich Angstkreis extrem von sich \u00fcberzeugt! Definitiv einer der besten Autoren, auf die ich bislang gesto\u00dfen bin. Eine klare Empfehlung f\u00fcr jeden Horrorfan!Ansonsten hier eine kurze ZUSAMMENFASSUNG der wichtigsten Punkte, welche bisher geschehen sind, bis zu der Stelle, an der meine Version losgeht:------------Die Menschheit ist von einer verheerenden Seuche befallen worden, genannt \u201edas Jucken\u201c. Die Betroffenen werden von einem derart schlimmen Juckreiz heimgesucht, so dass sie sich buchst\u00e4blich die Haut abkratzen, bis sie verbluten oder an Blutvergiftung sterben. Eine hochansteckende und t\u00f6dliche Krankheit, welche vor allem das Hirn und andere Organe \u0001 \u0002 implantierte Gesundheitschips ist es der Regierung m\u00f6glich, den Lebensstil und s\u00e4mtliche Vitalwerte der B\u00fcrger zu \u00fcberwachen. Durch die \u00fcbermittelten Daten erfahren die Zust\u00e4ndigen, dass aus dem Blut eines bestimmten Mannes (Jan Dehner) ein Heilmittel f\u00fcr die Seuche gewonnen werden kann. Dieses Vorhaben birgt jedoch eine makabere Bedingung mit sich: Um die richtigen Werte zu erreichen, muss Jan auf brutalste Art und Weise gefoltert \u0001 \u0002 Informationen werden dem Protagonisten von der Kanzlerin Frau Melanie St\u00f6rmann per Videoanruf \u00fcbermittelt. V\u00f6llig fassungslos lehnt dieser das \u201eAngebot\u201c sofort ab. Zu seinem Leidwesen wurde das Telefonat live \u00fcbertragen, weshalb das ganze Land hinter Herrn Dehner her ist. W\u00fctende B\u00fcrger wollen der Seuche ein Ende setzen und scheuen keine Mittel, um ein Heilmittel aus Jan heraus zu bekommen. Panisch flieht dieser zu seiner Freundin Stefanie, welche jedoch seinen Standort verraten hat. An diesem Punkt wird der Protagonist in der Originalgeschichte von einer aufgebrachten Meute verschleppt und ins Labor gebracht. Aber was w\u00e4re, wenn Jan noch etwas mehr Zeit und die M\u00f6glichkeit zu fl\u00fcchten gehabt h\u00e4tte...?------------Verrat. Verrat schmerzt von allen denkbaren Martern wahrscheinlich am schlimmsten, wobei ich bald vielleicht eines Besseren belehrt werde.\u201eIch hasse dich\u201c sagte ich leise und n\u00fcchtern. \u201eIch hoffe, du bekommst das Jucken und verreckst daran, bevor sie ein Heilmittel aus mir herausquetschen k\u00f6nnen.\u201cMeine Worte trafen sie. Das sah ich an ihren Augen. Gut. Wenigstens ein kleiner Trost f\u00fcr \u0001 \u0002 war fassungslos. Meine Freundin schien mir wie das einzige Licht am Ende dieses furchtbar d\u00fcsteren Tunnels. Doch dem war nicht so. Die g\u00fctige Helligkeit, welche ich in ihr sah, war nicht der Ausgang, sondern der \u0001 \u0002 holt dich nicht heraus. Nein! Er t\u00f6tet dich. Nun ist es offiziell gewesen: Ich konnte niemandem mehr \u0001 \u0002 Weiteren wurde mir klar, dass ich sofort abhauen musste. Sie k\u00f6nnten jede Sekunde hier sein und nun wusste der w\u00fctende Mob sogar meinen Standort. Mein fatales Schicksal ist mir damit ein gro\u00dfes St\u00fcck n\u00e4her ger\u00fcckt. Stefanie w\u00fcrdigte ich keines Blickes mehr und sprang zum Ausgang. Wie bei den meisten Wohnungen hingen auch in ihrer neben der Haust\u00fcr einige Schl\u00fcssel. Ohne jegliche Skrupel schnappte ich mir den ihres Autos und verlie\u00df das Apartment. Dieses Mistst\u00fcck hatte mich verraten und mich mutwillig den schlimmsten Qualen und Leid ausgesetzt. Was aus ihr wurde, k\u00fcmmerte mich nicht die Bohne. Ich versp\u00fcrte in diesem Moment nichts als Hass und Entt\u00e4uschung ihr gegen\u00fcber.\u201eLass es doch bitte sein Jan! Es hat keinen Sinn, sie werden dich fr\u00fcher oder....\u201c, rief mir meine Freundin schwerm\u00fctig entgegen, w\u00e4hrend ich hinaus sprintete. Stefanies Gef\u00fchle interessierten mich zwar nicht. Dennoch interpretierte ich ihren Tr\u00fcbsinn eher als Reaktion auf die Tatsache, dass ich fl\u00fcchtete, anstatt mich zu stellen. Dass ich ihr Auto klaue, schien f\u00fcr sie nebens\u00e4chlich. Sie wirkte nicht einmal w\u00fctend, viel mehr \u0001 \u0002 konnte ich aus ihrer Handlung aber nicht deuten. Zum einen, weil ich bereits die T\u00fcr hinter mir zugeschlagen hatte. Der offensichtlichste Grund aber war der, dass mein Kopf derzeit mit einer anderen Priorit\u00e4t ausgelastet gewesen ist. N\u00e4mlich unbeschadet hier wegzukommen. Alles, was f\u00fcr mich z\u00e4hlte, war dieser blutr\u00fcnstigen Meute zu entkommen.",
            "wordcount": "696",
            "chapter_release": "09.04.2023",
            "chapter_number": "1"
        },
        "10": {
            "text": "Ersch\u00f6pft und m\u00fcde von der Arbeit, betrat Frank das Haus. Er war diese Woche f\u00fcr die Sp\u00e4tschicht eingeteilt worden. Nun freute er sich darauf, den Abend Zuhause mit seiner Frau Susi ausklingen zu lassen. Seinen Mantel hing der Mann an einen Haken im Flur, die Tasche fand ihren Platz auf einem Stuhl im Wohnzimmer.\u201eHey Schatz! Wie war dein Tag?\u201c, begr\u00fc\u00dfte ihn seine Partnerin wie gewohnt freundlich.\u201eDas \u00dcbliche, anstrengend\u201c, erwiderte Frank karg und apathisch. Er zuckte leicht mit den Schultern, befreite sich langsam von seinen Arbeitsklamotten. Susi nickte kurz und wechselte nach dem \u00fcblichen Begr\u00fc\u00dfungsritual zum eigentlichen Thema, welches sie sich vorgenommen hatte anzusprechen. Sie senkte ihre Stimme auf einen ernsteren Tonus:\u201eHabe vorhin die Nachrichten geschaut. Jan ist tot. Er hat heute Mittag in einem Wald Suizid begangen.\u201cFranks Augen weiteten sich. Zum ersten Mal seit seiner Ankunft widmete er sich einem Thema mit seiner vollen Aufmerksamkeit. Erschrocken antwortete er seiner Frau:\u201eBitte?! Was ist passiert?\u201c\u201eEr hat sich mit einer Pistole in den Kopf geschossen\u201c, erwiderte Susi knapp und mit gesenktem \u0001 \u0002 ihrer Stimme war Trauer herauszuh\u00f6ren. Sie hatte vorhin bereits geweint. Jetzt, als sie das Fass noch einmal \u00f6ffnete, kamen etliche Gef\u00fchle erneut in ihr hoch. Jan ist ihr Cousin gewesen. In den vergangenen Monaten hatten die beiden nicht besonders viel Kontakt gehabt, dennoch ist er ein wichtiger Teil ihrer Familie gewesen. Sie ist kaum \u00e4lter als er gewesen und kannte ihn von klein auf. Seitdem die Thematik um den Heiler bekannt geworden ist, hatte die Ehefrau die Neuigkeiten stets aufmerksam und mit Sorge \u0001 \u0002 hatte sogar versucht, ihren Cousin zu kontaktieren. Etliche Male hatte sie ihn angerufen oder ihm geschrieben. Diese wurden von Jan leider nie angenommen oder auf eine andere Weise \u0001 \u0002 Grund f\u00fcr seine kommunikative Enthaltsamkeit konnte sich die Hausfrau zusammen reimen. Wahrscheinlich hatte er sein Handy bei der Flucht verloren oder das Mobiltelefon quoll vor Nachrichten bereits \u0001 \u0002 hatte selbstverst\u00e4ndlich auch davon mitbekommen. Sowohl von dem externen Drama in den Medien, als auch den Bezug, den seine Frau zu dem \u201eHeiler\u201c gehabt hat. Mitf\u00fchlend nahm er Susi in den Arm und streichelte ihr sanft \u00fcber den R\u00fccken. Der Kopf seiner Frau lag auf Franks Schulter. Sein Hemd wurde an jener Stelle langsam von ihren Tr\u00e4nen durchn\u00e4sst.\u201eEs tut mir so leid, Schatz! Ich wei\u00df, dass dir diese Sache sehr am Herzen liegt. Du musst es so sehen, lieber ist er friedlich im Jenseits, als dass er von irgendwelchen Psychopathen in Doktorkitteln gefoltert und verst\u00fcmmelt wird. Ich wei\u00df, das sagt sich leichter, als es ist. Aber es ist die einzig richtige M\u00f6glichkeit damit umzugehen\u201c, versuchte Frank auf seine Frau einzureden, um sie zu tr\u00f6sten. Nach ein paar weiteren Schluchzer, schniefte Susi laut auf. Sie wischte sich \u00fcber ihre feuchten Augen und antwortete ihrem Ehemann mit heiserer Stimme:\u201eJa ich wei\u00df. Du hast ja recht. Mir ist bewusst gewesen, dass es wahrscheinlich nicht gut ausgehen wird. Seine Chancen waren von Anfang an gering. Trotzdem tut es weh, dies nun endg\u00fcltig realisieren zu m\u00fcssen. Was diese kranke Regierung und diese ekelhaften B\u00fcrger mit ihm angestellt hatte. Er war unschuldig!\u201c\u201eDa kann ich dir nur zustimmen. Es ist immer wieder erschreckend zu sehen, wie unmoralisch und frevlerisch sich unsere Gesellschaft in Ausnahmesituationen verh\u00e4lt. In Situationen wie diesen zeigt sich das wahre Gesicht der Menschen leider immer wieder ab\u201cSusi nickte auf die Aussage ihres Ehemannes. Nachdem sie sich eine Weile an ihn gelehnt hatte, lies sie ihn los und trat einen Schritt zur Seite. Mit nachdenklicher Miene lie\u00df sie sich ersch\u00f6pft in den Sessel fallen. Sie hielt f\u00fcr einen Moment inne und verzog nachdenklich ihre Lippen. Um sich zumindest f\u00fcr einen Moment auf andere Gedanken zu bringen, wechselte sie bewusst das Thema. \u201eTut mir leid, dass ich noch nichts zum Essen vorbereitet hatte. Bin durch den ganzen Trubel zu nichts gekommen\u201c\u201eDu musst dich nicht entschuldigen. Ist doch alles gut, Schatz. Nat\u00fcrlich verstehe ich das! Wie w\u00e4rs, wenn du dich weiter ausruhst und wir bestellen uns f\u00fcr heute was? Ich k\u00f6nnte auch f\u00fcr uns kochen\u201c, bot Frank seiner Frau \u0001 \u0002 Susis Lippen fuhr ein leichtes Grinsen. Zum ersten Mal seit einigen Tagen konnte sie zumindest wieder Schmunzeln. Sie freute sich \u00fcber das Verst\u00e4ndnis, welches ihr entgegengebracht wurde. Sie schaute ihrem Gatten in die Augen und erwiderte auf sein Angebot:\u201eDanke dir! Und ich glaube, es w\u00e4re f\u00fcr uns beide besser, wenn wir was bestellen w\u00fcrden. Ich habe heute bereits einen Mann, der mir viel bedeutet, verloren. Ich m\u00f6chte vermeiden, dass der Wichtigste bei einem Brand stirbt.\u201cFrank schnaubte durch die Nase und verdrehte seine Augen. Auch er musste zumindest dezent l\u00e4cheln \u00fcber diese Bemerkung. Recht hatte sie. Dennoch konnte er die Dreistigkeit seiner Frau nicht ohne einen kleinen Konter stehen lassen.\u201eHaha! Bevor das passiert bin ich bereits vor Lachen gestorben, aufgrund deiner grandiosen Witze\u201c antwortete er \u0001 \u0002 hatte sich Frank umgedreht und nach seinem Handy gegriffen. Als er Lieferando \u00f6ffnete und durch die Liste von Restaurants scrollte, h\u00f6rte er, wie der Fernseher anging. Ablenkung ist die derzeit beste Medizin f\u00fcr seine Frau, dies war ihm bewusst. Seine lockere Stimmung kippte binnen einer Sekunde, als er die folgenden Worte von Susi vernahm:\u201eFr...Frau St\u00f6rmann...? Was machen Sie hier?\u201c",
            "wordcount": "870",
            "chapter_release": "17.06.2023",
            "chapter_number": "10"
        },
        "2": {
            "text": "Alleine der Gedanke, was diese aufgew\u00fchlte Meute und die Wissenschaftler mit mir anstellen w\u00fcrden, lies mich massiv erzittern. Ich atmete schwerer. Mein Herz pochte wie \u0001 \u0002 meine Mitmenschen war ich nicht nur die L\u00f6sung, sondern auch der Schuldige f\u00fcr ihre Probleme. Zumindest konnte man das aus dem Verhalten, wie sie auf mir herumhackten, \u0001 \u0002 die Seuche lagen etliche Nerven blank. Sie wollten nichts mehr als diese zu beenden, f\u00fcr dieses Vorhaben ging ihnen kein Mittel zu \u0001 \u0002 der Stelle ein herzliches \u201eFick dich\u201c an unsere Kanzlerin Frau St\u00f6rmann. Dieser Fotze hatte ich das alles zu \u0001 \u0002 Gegensatz zu mir wohnte Stefanie im zweiten Obergeschoss. Ein Sprung aus dieser H\u00f6he w\u00e4re mir selbst in meiner derzeitigen Lage zu riskant gewesen. Die Zeit tickte gnadenlos gegen mich. Aber mit kaputten Beinen konnte ich mich nicht einmal mehr gegen andere wehren, geschweige denn \u0001 \u0002 eilte nach unten zum ersten Stockwerk des Hausflures. Von dort aus wollte ich hinunterspringen, wie ich es bei mir Zuhause getan hatte. Gerade als ich dabei gewesen bin, das Fenster zu \u00f6ffnen, konnte ich im Augenwinkel erkennen, wie eine T\u00fcr aufgerissen wurde. Sie geh\u00f6rte zu der Wohnung, welche sich genau eine Etage unter der von Stefanie \u0001 \u0002 Mann stapfte hinaus, ich sch\u00e4tze ihn auf Mitte 30. Er war breit gebaut, hatte eine Glatze und trug ein Shirt von \u201eErik & Sons\u201c sowie schwarze Springerstiefel. Der Nachbar meiner Freundin schaute mich mit einem aggressiven Blick an. Lauthals schrie er in seinen Flur hinein:\u201eDa ist dieser feige Untermensch! Der Kerl mit dem besonderen Blut! Er steht in unserem Treppenhaus!\u201cOhne eine einzige weitere Sekunde zu vergeuden, dr\u00fcckte ich mich hoch auf das Fensterbrett. Mir blieb keine Zeit nach hinten zu schauen. Dennoch konnte ich die lauten Schritte mehrerer Menschen h\u00f6ren, welche sich mir n\u00e4herten. W\u00e4re die Distanz zwischen Fenster und Wohnung k\u00fcrzer gewesen, h\u00e4tten sie mich wahrscheinlich \u0001 \u0002 befand sich direkt unter mir ein kleiner Busch, auf dem ich einigerma\u00dfen weich und sicher landen konnte. Nach der Landung auf meinem Hintern, rollte ich mich geschickt ab, bis ich wieder auf meinen F\u00fc\u00dfen stand. Wie ein Wahnsinniger rannte ich zu Stefanies Auto. Den Schl\u00fcssel hatte ich in der Eile schnell in meine Hosentasche gesteckt. Panisch griff ich nach diesem. Wie es die prek\u00e4re Situation so wollte, sorgten meine zittrigen H\u00e4nde daf\u00fcr, dass ich ihn fallen lie\u00df.\u201eVerdammte Schei\u00dfe! Doch nicht jetzt!\u201c, schimpfte ich verzweifelt vor mich \u0001 \u0002 hob den Schl\u00fcssel auf und dr\u00fcckte auf den Knopf zum Entsperren. Ein agiler Sprung ins Auto und ich befand mich drinnen. Mit einer akrobatischen Landung bef\u00f6rderte ich mich selbst in den Sitz, als Juror w\u00fcrde ich mir daf\u00fcr eine 10 von 10 geben. Es folgte eine rasche Umdrehung im Schl\u00fcsselloch sowie das L\u00f6sen der Handbremse und ein kr\u00e4ftiger Tritt aufs Gaspedal. Ich vergeudete keine Sekunde f\u00fcr meine \u0001 \u0002 ich losd\u00fcste, konnte ich im R\u00fcckspiegel sehen, wie der Typ von gerade eben sowie zwei seiner Kollegen und eine Frau aus dem Haus heraus st\u00fcrmten. Beinahe h\u00e4tte sich einer von ihnen an das Heck des Autos dranh\u00e4ngen k\u00f6nnen, es fehlten lediglich Millimeter. Aus Frust vor ihrem Misserfolg warf der n\u00e4chste seinen Baseballschl\u00e4ger hinterher. Dieser prallte auf die hintere Scheibe des Wagens. Dadurch bildeten sich ein paar Risse im Glas, brechen konnte er sie jedoch \u0001 \u0002 Adrenalin Spiegel war auf dem absoluten Maximum angekommen. Noch niemals in meinem Leben versp\u00fcrte ich solche Angst wie \u0001 \u0002 allen Seiten wurde ich bedr\u00e4ngt und gejagt wie eine Antilope in der Savanne. Zu jeder Zeit und aus jeder Ecke konnte mein blutr\u00fcnstiges Ende auf mich \u0001 \u0002 fragte mich immer wieder, wie diese elendigen m\u00f6chtegern Kopfgeldj\u00e4ger sich meine Reaktion vorstellten:Will mir hier wirklich jemand weismachen, dass es mein Schicksal oder sogar meine Verpflichtung w\u00e4re, durch die H\u00f6lle gehen zu m\u00fcssen?Meinen sie ernsthaft, dass ich dazu gezwungen bin, uneingeschr\u00e4nkt zuzustimmen, mich selbst einer derart schlimmen Folter auszusetzen?Und wenn ich ablehne, macht mich das zu einer schlechten Person?Jedes Lebewesen hat ein Recht auf k\u00f6rperliche und seelische Unversehrtheit, egal in welcher Lage wir uns befinden!Von diesen Arschl\u00f6chern w\u00e4re mindestens die H\u00e4lfte nicht dazu bereit, sich f\u00fcr fremde Menschen entstellen zu lassen!Dass diese Krankheit \u00fcberhaupt erst im Umlauf ist, war nicht zu einer Sekunde meine Schuld!Aber das alles interessierte sie gewiss nicht. Nat\u00fcrlich kann ich zumindest ihre Gier nach dem Heilmittel in gewisser Hinsicht verstehen. Aber niemand kann mich dazu n\u00f6tigen, ein solch furchtbares Schicksal erleiden zu m\u00fcssen. Zumal meine Motivation nach all ihren Hassbotschaften, Drohungen und dem Druck, den sie auf mich aus\u00fcben, nur weiter sank als \u0001 \u0002 h\u00e4tte ich zumindest noch ein bestimmtes Ma\u00df an Qualen auf mich genommen, um dem Allgemeinwohl zu helfen. Nun aber sind sie f\u00fcr mich nicht einmal dieses wert. Noch nie zuvor verfluchte ich die Menschheit wie jetzt. Niemals werde ich mich f\u00fcr sie opfern! Ich hasste jeden Einzelnen, der mich jagte!Mit ihrer rigorosen Fahndung auf mich bewiesen sie, dass sie die Schurken in dieser Story sind. Ich mag ein wenig egoistisch sein, das gebe ich zu. Aber was sie mit mir vorhatten, widersprach jeglicher Form der Humanit\u00e4t. Es gibt einen Unterschied dazwischen jemandem aktiv schaden zu wollen oder seine eigene Unversehrtheit \u00fcber die der anderen zu \u0001 \u0002 wollen oder besser gesagt haben mein Leben bereits ruiniert. Ich wollte gar nicht erst daran denken. Doch es war die bittere \u0001 \u0002 Gro\u00dfteil der Bewohner dieses Landes hasste mich und hatte die Intension, mich wie eine dreckige Laborratte zu fangen und leiden zu sehen. Und ich soll der B\u00f6se sein? \u0001 \u0002 wieder stieg das ekelhafte Kopfkino in mir hoch... wie diese kranken Wissenschaftler mich foltern w\u00fcrden und ich unertr\u00e4gliche Schmerzen erleiden m\u00fcsste. Binnen weniger Sekunden kamen mir die schrecklichsten Vorstellungen in den Sinn. Meine Fantasie schien mich innerlich aufzufressen. Ich konnte sie nicht \u0001 \u0002 sie mir Nadeln und Schrauben aus Metall unter die N\u00e4gel bohren?M\u00f6glicherweise auch gleich die Finger und Zehen abschneiden?Mir jeden Zahn einzeln herausbrechen?Oder sogar die komplette Nase und Augen herausrei\u00dfen?Vielleicht nutzen sie einen Hammer, um mir ganz langsam jeden einzelnen Knochen zu brechen!Danach stecken sie mir einen Rosenstengel in meine Harnr\u00f6hre und zertr\u00fcmmern meine Hoden!Wahrscheinlich w\u00fcrden sie mir die Haut am eigenen Leibe abziehen!Mit Kreiss\u00e4gen und Machete w\u00e4re es ein Leichtes, meinen Brustkorb aufzuschneiden und an meine Organe zu gelangen!Wer wei\u00df, was zu dem Ganzen noch an psychischer Folter dazu kommen w\u00fcrde... ich war nicht im Bilde dar\u00fcber, was man in dieser Richtung anstellen k\u00f6nnte. Diese Ungewissheit. Sie machte die Situation nicht ertr\u00e4glicher. Im Gegenteil! Mir war nur eines klar: Dass ich bei der Tortur bei vollem Bewusstsein sein \u0001 \u0002 schluckte angstverzerrt runter. Ein dicker Klos bedeckte meinen Hals. Kalter Angstschwei\u00df sammelte sich auf meiner Stirn und floss mir \u00fcber das Gesicht. Meine Gliedma\u00dfen waren schwer wie \u0001 \u0002 Vorstellung dieser drakonischen Tortur war bereits eine gute Dosis an Folter f\u00fcr mich. Mir wurde kotz\u00fcbel und ich konnte nicht aufh\u00f6ren, am ganzen K\u00f6rper zu zittern. Sogar leichte Tr\u00e4nen kullerten mir vor Angst \u00fcber die Wangen. Ein \u00e4u\u00dferst untypisches Verhalten f\u00fcr mich und es nervte mich innerlich, dass dies \u0001 \u0002 hielt mich schon immer f\u00fcr einen gestandenen Mann, welcher der Meinung gewesen ist, mit allem fertig werden zu k\u00f6nnen. Im Notfall auch allein. Vor allem aber ohne Geheule oder Gejammer. Schlie\u00dflich bin ich keine erb\u00e4rmliche Pussy. Weinen ist etwas f\u00fcr Frauen und ich bin ein Typ Anfang \u0001 \u0002 bin ich stets hart im Nehmen gewesen, was Probleme angeht. Aber an meiner jetzigen Lage war \u00fcberhaupt nichts \u0001 \u0002 f\u00fchlte mich gebrochen. Niemandem hatte ich Leid angetan und trotzdem hassten mich alle und wollten mir genau dieses zuf\u00fcgen. Jeder war fortan mein Feind, inklusive der Frau, welche ich geglaubt hatte, zu \u0001 \u0002 kalt ich mich vor ihr gegeben hatte, setzte es mir dennoch zu. Die Folgen ihres Handelns zerrissen mich innerlich. Stefanies Verrat schmerzte von allen bisherigen Strapazen am meisten.",
            "wordcount": "1.317",
            "chapter_release": "17.06.2023",
            "chapter_number": "2"
        },
        "3": {
            "text": "Zwei Stunden fuhr ich mit Stefanies Auto umher. Diese st\u00e4ndige Angst, erkannt zu werden, sie war eine Tortur. Jede rote Ampel lie\u00df mein Herz auf Rekordgeschwindigkeit schlagen. Es war extrem gef\u00e4hrlich, stehenzubleiben. Jederzeit k\u00f6nnte ein Auto parallel neben mir halten und zu mir r\u00fcberschauen. Durch die Fahrzeuge vor und hinter mir k\u00f6nnte ich nicht wegfahren. Die Wahrscheinlichkeit, dass diese Person mich erkennen w\u00fcrde, war Furcht einfl\u00f6\u00dfend gro\u00df. Das finstere Anthrazitgrau der Nacht half mir nur \u0001 \u0002 ich diesen Tanz auf der Rasierklinge eine Weile mitmachen musste, erreichte ich endlich eine wenig befahrene Stra\u00dfe, welche an einen Wald grenzte. Von Sicherheit war ich selbstverst\u00e4ndlich noch meilenweit entfernt. Dennoch eine dezente Besserung. Auf Luxus konnte ich lange warten, momentan musste ich annehmen, was mir geboten wurde. Ich bog ein in eine kleine Seitengasse und stellte den Wagen zwischen ein paar B\u00e4umen \u0001 \u0002 schaute ich mich im Auto um. Ich suchte nach Kleidungsst\u00fccken oder sonstigen Accessoires, mit denen ich mein Gesicht ein wenig verdecken konnte. F\u00fcndig wurde ich im Handschuhfach. Das Erste, was mir dort zwischen die Finger geriet, war eine Snapback Cap, sie geh\u00f6rte meiner Freundin. Die Kappe hatte eine rot/graue Farbe, ein \u201eChicago Bulls\u201c Logo zierte die Vorderseite. \u201eMeine Fresse, Stefanie. Lebst du noch im Jahr 2013? Damit sehe ich ja wie der letzte Spasti aus! Dazu noch diese zerrissene Jeans. Ich will das alles nicht mehr\u201c, schimpfte ich kopfsch\u00fcttelnd vor mich \u0001 \u0002 meinem jetzigen Look h\u00e4tte ich mich normalerweise nicht einen einzigen Meter vor meine Haust\u00fcr getraut. Aber wie gesagt, hatte ein keine Wahl. Jede Gelegenheit auf minimale zus\u00e4tzliche Sicherheit musste ich mit offenen Armen empfangen. Nach kurzer \u00dcberlegung wurde mir klar, dass mir diese Verkleidung sogar doppelt in die Karten spielen k\u00f6nnte. Ein f\u00fcr meine Verh\u00e4ltnisse untypisches Erscheinungsbild w\u00fcrde es den anderen zus\u00e4tzlich schwere machen, mich zu erkennen. Die Tatsche, dass ich damit wie ein Trottel aussah, der auf Selfies Duckfaces zieht, war ein verh\u00e4ltnism\u00e4\u00dfig kleiner \u0001 \u0002 weitere Sekunden zu verlieren, richtete ich meine Haare anders. Ich setzte die Snapback auf und zog sie tief runter in mein Gesicht. Tats\u00e4chlich f\u00fchlte ich mich sofort ein kleines St\u00fcck sicherer. Nerv\u00f6s blickte ich mich in meiner Umgebung um. Niemand schien mich zu beobachten. Die Autos fuhren in einem Sicherheitsabstand an mir \u0001 \u0002 sei Dank! Ich atmete tief durch und fasste mir an meine Brust. Mein Herzschlag wurde marginal langsamer. Erst jetzt bemerkte ich, wie staubtrocken mein ganzer Mund sowie Halsbereich gewesen ist. Ich drehte meinen Oberk\u00f6rper nach hinten zum R\u00fccksitz. Dort lagerte Stefanie meistens eine Tasche mit ein paar Flaschen Wasser f\u00fcr Notf\u00e4lle. Dies war \u0001 \u0002 griff nach der Ersten, die in meine Hand rutschte und nahm einen kr\u00e4ftigen Schluck. Eine Wohltat, die ich gebraucht hatte. Mein eigener Rucksack lag noch bei Stefanie, in meiner Eile hatte ich ihn vergessen \u0001 \u0002 verstand diese elendige Verr\u00e4terin etwas von guter Ausstattung. Das musste man ihr \u0001 \u0002 ersten Mal seit meiner Abfahrt von ihrer Wohnung hatte ich den Nerv, um auf solche \u201eKleinigkeiten\u201c wie mein Durstgef\u00fchl \u00fcberhaupt zu achten. Dennoch sollte ich nicht zu lange hier verweilen. Irgendwann w\u00fcrde zu 100% jemand ins Auto schauen und mich erkennen. Ich hatte diesen Gedanken nicht einmal fertig gedacht, schon beschleunigte sich meine Atmung wieder. Auch das H\u00e4mmern in meinem Brustkorb wurde \u0001 \u0002 beschloss ich die Gelegenheit noch ein wenig zu nutzen und suchte weiter nach brauchbaren Utensilien. Nachdem ich tiefer in das Handschuhfach gegriffen hatte, sp\u00fcrte ich etwas Hartes. Mein Tastsinn verriet mir zwar bereits, um was f\u00fcr eine Art Objekt es sich handelte. Da ich es jedoch zuerst selbst nicht glauben wollte und meinen Augen mehr Vertrauen schenkte als den Fingern, musste ich es dennoch herausnehmen, um \u0001 \u0002. Mein Gef\u00fchl hatte mich nicht belogen. In meiner Hand befand sich eine Pistole. Genauer gesagt eine Glock, das 42er-Modell, wenn ich mich nicht irre. Im Thema Waffen war ich kein Experte. Dennoch hatte ich von dieser Version mal geh\u00f6rt, da es sich hierbei um die kleinste Ausf\u00fchrung der Familie handelte. Im Magazin befanden sich sieben \u0001 \u0002 war im ersten Moment \u00fcberrascht und zum Teil auch erschrocken \u00fcber meine Entdeckung. Es dauerte nicht lange, bis ich den Sinn dahinter verstand. Stefanies Vater arbeitete als Polizist. Ein Mann, der sich nicht wenig um seine geliebte Tochter sorgte. Wenn es nach ihm ginge, h\u00e4tte er sie 24/7 \u0001 \u0002 dieses Wunschdenken logischerweise nicht in die Tat umgesetzt werden konnte, hatte er ihr des \u00d6fteren Mittel zur Selbstverteidigung mitgegeben. Utensilien wie Pfefferspray oder Schlagst\u00f6cke packte er ihr immer wieder heimlich ein. Dass er nun zu h\u00e4rteren Gesch\u00fctzen gegriffen hatte, wunderte mich nicht. Damit ergab auch das Modell der Pistole einen Sinn. Eine kleine Handfeuerwaffe wie diese konnte gut von zierlichen Frauenh\u00e4nden bedient werden. Ihr Vater hatte sich gewiss etwas dabei gedacht, um seine Tochter zu \u0001 \u0002 konnte er ohnehin nie leiden. Als Aufpasser f\u00fcr sein heiliges M\u00e4dchen kam ich daher nicht in Frage. \u201eGenug jetzt! Nicht schon wieder mit dem Thema Stefanie anfangen! Diese Trulla hat dich verraten und du musst endlich auf sie schei\u00dfen!\u201c, schnauzte ich mich selbst \u0001 \u0002 hasste es, dass sie mir nicht aus dem Kopf gehen wollte. Obwohl ich sie f\u00fcr ihre Aktion verachtete, konnte ein Teil in mir nicht so schnell mit ihr abschlie\u00dfen. Ich schiebe diese unn\u00f6tige Anh\u00e4nglichkeit auf meine momentane Lage. Wenn ein Mensch sich verletzlich und schwach f\u00fchlt, klammert er sich eher an bestimmte Personen als in guten Zeiten. Dass es mir schlecht geht, h\u00e4tte ein Blinder \u0001 \u0002 weiterer Grund, warum ich tats\u00e4chlich nicht mehr \u00fcber meine Ex nachdenken sollte. Sinnlose Trauer lenkt mich von meinem Hauptproblem ab. Dies durfte ich mir nicht \u0001 \u0002 schaute vorsichtshalber noch einmal in alle Richtungen: Vorne, rechts, links, hinten... Niemand da! Es war ruhig, zu ruhig. Ich atmete wieder tief durch und legte die Knarre auf den Beifahrersitz. Bevor ich endlich weiterfuhr, konnte ich es nicht lassen, noch ein letztes Mal nachzuschauen, was auf Social Media abging. Die Anzahl der SMS- und WhatsApp-Nachrichten stieg weiterhin an. Beide befanden sich mittlerweile im 6-stelligen Bereich. Eine Sache, mit der ich gerechnet hatte. Von diesem Anblick wurde ich nicht einmal mehr geschockt, so traurig sich diese Aussage auch anh\u00f6rte. Es zog mich dennoch herunter. Zu sehen, wie tief ich gefallen bin, war kein sch\u00f6nes Gef\u00fchl. Immerhin musste ich nicht online gehen und mir die ganzen Hassnachrichten und Drohungen genauer \u0001 \u0002 Instagram und Twitter h\u00e4ufte sich der Groll ebenfalls in Form von weiteren Kommentaren und Posts. Von den zwei Hashtags hatte #CatchTheCure die meisten Beitr\u00e4ge dazugewonnen, deshalb w\u00e4hlte ich diesen aus, um mich zu erkunden. Ich scrollte mich nach unten durch. Diese riesige Menge an Hass h\u00e4tte ich mir in meinem ganzen Leben nie vorstellen k\u00f6nnen. Bis auf ein paar Ausnahmen beschimpfte und beleidigte mich so gut wie jeder der Leute im Internet. Ich konnte die Boshaftigkeit in den Texten herauslesen, es war kein \u00fcbliches in den Dreck ziehen. Die Leute schoben ihren kompletten Unmut, den sie aufgrund der Krankheit hatten, auf mich. Sie w\u00fcrden alles daf\u00fcr tun, um diese Epidemie zu beenden. Ich war hierbei der Stein, welcher ihnen im Weg \u0001 \u0002 drakonische Art und Weise, wie die Gesellschaft mit meiner Situation umging. Ich war f\u00fcr sie wie eine Art zweite Seuche, welche sie am liebsten direkt vernichten w\u00fcrden.\u201eWieso wollen diese Bastarde nicht begreifen, dass nichts davon meine Schuld ist?!\u201c, schimpfte ich frustriert vor mich \u0001 \u0002 Verzweiflung machte sich erneut in mir breit. Abermals daran erinnert zu werden, dass man im negativen Mittelpunkt der kompletten Gesellschaft steht, war schlimmer, als private Nachrichten zu \u0001 \u0002 geballte Faust knallte gegen das Lenkrad. Von jetzt auf gleich von jedem derma\u00dfen verachtet zu werden. So sah mein Leben fortan aus. Die Hetzjagd sowie die grausame Intension dahinter machten mich fertig. Es sorgte daf\u00fcr, dass ich mich elendig schwach f\u00fchlte, schlie\u00dflich konnte ich rein gar nichts dagegen tun. Ich war \u0001 \u0002 ich mein Handy gerade wieder weglegen wollte, wurde ich im letzten Moment von einem weiteren Hashtag angesprochen. Dieser trug den Namen: \u201eJanDehnerAktuell\u201cIch konnte meinen Finger nicht daran hindern, auf das jeweilige Feld zu tippen. Selbst meine Furcht vor dem, was ich eventuell gleich sehen werde, konnte mich nicht aufhalten. Tats\u00e4chlich wurde meine Angst sogar \u00fcbertroffen.",
            "wordcount": "1.369",
            "chapter_release": "30.04.2023",
            "chapter_number": "3"
        },
        "4": {
            "text": "#JanDehnerAktuell, lautete der Name des Hashtags, welcher mir das Blut in den Adern gefrieren \u0001 \u0002 war glasklar. Die Beitr\u00e4ge, die unter diesem Schlagwort gepostet wurden, werden mir fr\u00fcher oder sp\u00e4ter zum Verh\u00e4ngnis \u0001 \u0002 Posts mit zus\u00e4tzlichen privaten Details stachen mir ins Auge. Darunter auch ein paar Bilder. Es waren Schnappsch\u00fcsse. In meinem derzeitigen Wagen! Ich wurde bereits auf meiner Flucht heimlich \u0001 \u0002 mussten Fu\u00dfg\u00e4nger gewesen sein, da mir bis jetzt niemand gefolgt ist. Auch mein Kennzeichen hatten sie bereits erfasst. Unter den meisten Fotos sind sogar Koordinaten des jeweiligen Standortes angegeben \u0001 \u0002 eiskalter Schauer lief mir \u00fcber den R\u00fccken. Von der Meute geschnappt und weggeschleppt zu werden. Das qualvolle Verderben. Mein grausames Schicksal war mir so nah wie noch \u0001 \u0002 Arschl\u00f6cher wussten, wo ich mich in etwa aufhalte! Dies reichte aus, um mich wieder auf die Flucht zu begeben. Keine einzige Sekunde durfte ich \u0001 \u0002 startete den Motor, legte den R\u00fcckw\u00e4rtsgang ein und lenkte den Wagen zur\u00fcck auf die Stra\u00dfe. Gerade als ich dabei gewesen bin, in den ersten Gang zu wechseln, vernahm ich hinter mir ein lautes \u0001 \u0002 Ger\u00e4usch kam von einem schwarzen BMW, welcher soeben an mir vorbeigefahren ist. Ich hatte nicht viel Zeit hineinzuschauen, lediglich eine Person konnte ich grob erkennen. Dem Aussehen nach war dieser m\u00e4nnlich und mittleren Alters. Im R\u00fcckspiegel konnte ich erkennen, wie er in einem agilen Drift eine 180-Gradwendung \u0001 \u0002 schlug meinen Fu\u00df gegen das Gaspedal. Eine gro\u00dfe Menge an Panik und Elan steckten in meinem Bein. Ich musste schnellstens hier wegkommen, und beschleunigte den Wagen auf \u0001 \u0002 waghalsige Aktion, die beinahe schiefging. Das kurze Ruckeln verriet mir, dass ich fast den Motor abgew\u00fcrgt h\u00e4tte. Zum Gl\u00fcck hatte Gott noch einmal Erbarmen mit mir. Ich konnte \u0001 \u0002 andere Auto folgte mir, dies konnte allein schon am Klang des Motors feststellen. Das Brummen wurde stufenweise lauter, \u00e4hnlich wie bei einem fliegenden Insekt, welches sich langsam dem Ohr \u0001 \u0002 hatte keine Ahnung, wer in diesem Gef\u00e4hrt sa\u00df. Aber eines war klar. Die Person ging aufs Ganze und wollte sich das Heilmittel pers\u00f6nlich schnappen. Ich hatte keine andere Wahl, als ihn \u0001 \u0002 ein Irrer brauste ich durch die Waldstra\u00dfe. Der BMW kam langsam, aber sicher n\u00e4her. Ich f\u00fchlte die Messerschneide, auf der mein Leben derzeit stand. Tiefer und tiefer bohrte sich die metaphorische Klinge in mein Fleisch \u0001 \u0002 Zittern sp\u00fcrte ich bereits in den Knochen. Das starke Pochen meines Herzens. Die Panik, welche mir emporstieg. Ich musste mich bem\u00fchen, nicht von diesen Gef\u00fchlen abgelenkt zu werden. Jegliche Emotion war ein Ballast f\u00fcr mich, welche ich versuchte zu \u0001 \u0002 lag mir die Fahrzeugkontrolle im Blut, ich bin schon immer ein guter Fahrer gewesen. Somit konnte ich hoffen, dass mich mein Talent aus der Schei\u00dfe retten w\u00fcrde. Es lag allein an meinen F\u00e4higkeiten und der Probe meiner mentalen Belastungsgrenze. Dem Verfolger zu entkommen, w\u00fcrde dennoch eine Herkulesaufgabe werden. BMW Modelle waren schnell, mit dem Mittelklasse-Wagen meiner Ex konnte ich dagegen nicht viel ausrichten. Im Dragster Rennen schon gar nicht. Der kurvigere Teil der Strecke, welcher uns gleich erwartete, war meine letzte Hoffnung. Dort musste ich mein Gl\u00fcck \u0001 \u0002 konnte ich in den ersten Stra\u00dfenbiegungen nach rechts ca. 1-2 Meter wieder zur\u00fcckgewinnen. In diesen Abschnitten wogen Fertigkeiten mehr als Motorst\u00e4rke. Mein Fahrstil, mit dem ich die Kurven befuhr, glich dem eines Wahnsinnigen. Die Hinterr\u00e4der drehten beim Umlenken durch. Von meiner Flanke bis zum Stra\u00dfenende war praktisch kein Platz \u0001 \u0002 m\u00f6glichen Millimeter musste ich aus diesem Wagen heraus quetschen. Tats\u00e4chlich schien dies sogar mehr oder weniger zu funktionieren. Ich konnte den BMW zwar nicht abh\u00e4ngen, aber zumindest einen kleinen Vorsprung aufbauen. Den Waldbereich hatten wir verlassen, wir befanden uns mittlerweile auf einem \u0001 \u0002 es dieser elendige Tag wollte, hatte das Leben erneut blo\u00df Zitronen f\u00fcr mich \u00fcbrig. Der Anblick von der n\u00e4chsten langen Gerade lie\u00df mich abermals erzittern.\"NEIN NEIN NEIN NEIN!\" , schrie ich desperat und panisch vor mich \u0001 \u0002 Wagen meines J\u00e4gers holte mich weiter ein. Ich konnte nichts tun, ich war chancenlos. Meine Augen erblickten die n\u00e4chste Kurve in weiter Ferne. Ich konnte nur beten, dass er mich bis dahin nicht erreicht hat. Mein J\u00e4ger klebte praktisch schon am Heck meines \u0001 \u0002 hatte bereits eine Ahnung, was die Person h\u00f6chstwahrscheinlich vorhaben k\u00f6nnte. Ich entschied mich dazu, das Risiko einzugehen und trat auf die Bremse. Fr\u00fcher und h\u00e4rter, als es n\u00f6tig gewesen \u0001 \u0002! Dieser Arsch wollte mich mit einem Rammsto\u00df von der Stra\u00dfe torpedieren. Doch ich hatte es geschafft, auf seine Attacke rechtzeitig zu reagieren und diese zu parieren. Durch mein Ausweichman\u00f6ver hatte der BMW nicht mehr den n\u00f6tigen Prellbock, gegen den er das Gewicht seines Wagens schie\u00dfen \u0001 \u0002 flog das Auto meines Verfolgers selbst im hohen Bogen von der Stra\u00dfe. Der Fahrer hatte vollkommen die Kontrolle verloren und \u00fcberschlug sich mehrmals auf dem gr\u00fcnen Boden der \u0001 \u0002 hatte ich nicht sehen k\u00f6nnen. Die n\u00e4chste Kurve stand an und ich musste mich auf die Stra\u00dfe vor und nicht hinter mir konzentrieren. Lediglich ein Scheppern von hinten hatte ich noch \u0001 \u0002 atmete erleichtert auf, zum Gl\u00fcck war ich ihn los. Es ist nicht meine Absicht gewesen, jemanden zu verletzen und ich kann nur hoffen, dass ihm nichts weiter passiert ist. Aber was hatte ich bittesch\u00f6n f\u00fcr eine Wahl?Dieser Mistkerl hatte es auf mich abgesehen. Ich werde mich gewiss nicht geschlagen geben und mich ohne Gegenwehr auf die Folterbank schleppen \u0001 \u0002 ruhigerem Puls als zuvor fuhr ich weiter die Landstra\u00dfe entlang. \u00dcber mein genaues Ziel war ich mir immer noch nicht im Klaren. Ich wusste nur, dass ich weg von hier musste. Weit weg. Zumindest sollte ich das Land verlassen. Wie ich das genau anstellen w\u00fcrde, war mir momentan \u0001 \u0002 liebsten w\u00fcrde ich das Radio einschalten, um mich mit Musik ein wenig abzulenken. Dieses Bed\u00fcrfnis in die Tat umzusetzen, hielt ich aber f\u00fcr keine gute Idee. Ich musste wachsam bleiben. Auch nur ein Prozent meiner Aufmerksamkeit f\u00fcr etwas anderes zu verschwenden, k\u00f6nnte fatal enden. Wer wei\u00df, wie lange es dauern w\u00fcrde, bis der n\u00e4chste Verr\u00fcckte mir \u0001 \u0002 ich \u00fcber meine Flucht gegr\u00fcbelt habe, riss mich eine rote Leuchte aus meiner Gedankenwelt. Das Warnlicht blinkte im Bereich des Tachometers, genauer gesagt an der Kraftstoffanzeige. Der Zeiger war fast beim \u201eE\u201c angekommen. Mein vorhandener Sprit neigte sich dem Ende zu. Missmutig st\u00f6hnte ich auf.\u201eVerfluchte Schei\u00dfe! Das darf doch nicht wahr sein, auch das noch! Was habe ich verfickt nochmal getan, um das alles zu verdienen?!\u201cMeine Pechstr\u00e4hne wollte kein Ende nehmen. Ein Problem jagte das n\u00e4chste. Die Flucht aus diesem Land konnte ich f\u00fcrs Erste vergessen. Nun ging es erst einmal darum, auf die Schnelle einen geeigneten Platz zum \u00dcbernachten zu finden. Die Bedingungen f\u00fcr jene Aufgabe k\u00f6nnten kaum schlechter sein. Ich befand mich in der Wildnis, in fast v\u00f6lliger \u0001 \u0002 musste eine abgeschottete Stelle sein. Eine, an der ich mich und mein Auto verstecken konnte. Das Risiko nachts gefunden, entf\u00fchrt und ins Labor geschleppt zu werden, durfte ich nicht untersch\u00e4tzen. Zur Verf\u00fcgung standen mir lediglich noch ein paar Liter Benzin, die ich an einer Hand abz\u00e4hlen konnte. \u0001 \u0002 ungef\u00e4hr einer halben Stunde Fahrt erreichte ich einen weiteren Wald. Diesen zu erkundigen, hatte einen nicht allzu geringen Gruselfaktor. Wer glaubt, dass die Nacht in der Stadt oder auf einem Feld schon d\u00fcster und Furcht einfl\u00f6\u00dfend sind, der w\u00fcrde hier den Verstand \u0001 \u0002 wenige Mondlicht der Nacht wurde von den Baumkronen verdeckt. Ohne das Fernlicht w\u00e4re ich aufgeschmissen. Als Fu\u00dfg\u00e4nger h\u00e4tte ich kaum einen Meter vor mir etwas gesehen. Die Rufe der Eulen sowie das Pfeifen von Bl\u00e4ttern, die im Winde wehten, machten die schaurige Stimmung \u0001 \u0002 f\u00fchlte mich wie der Protagonist einer Horror-Geschichte. Auf mein Happy End werde ich wohl lange warten \u0001 \u0002 Wagen hatte schon beinahe ausgedient, das konnte ich an der schwachen Motorleistung sp\u00fcren. Wenn ich das Gaspedal bet\u00e4tigte, f\u00fchlte es sich an, als h\u00e4tte ich gerade mal ein Zehntel des Hubraumes zur Verf\u00fcgung. Zumindest hatte ich ein Pl\u00e4tzchen erreicht, dieses k\u00f6nnte mir Sicherheit gew\u00e4hrleisten. Ich fuhr das Auto hinter einen gr\u00f6\u00dferen Busch sowie drei dickere B\u00e4ume und stellte den Wagen \u0001 \u0002 letztes Mal musterte ich meine Umgebung. Ich sah nichts au\u00dfer Schwarz. Die erdr\u00fcckende Dunkelheit zog sich durch mein gesamtes Umfeld. Alles andere als eine einladende Atmosph\u00e4re. So trostlos und gruselig dieser menschenfeindliche Ort auch gewesen ist, musste ich ihn dennoch \u0001 \u0002 sehen zu k\u00f6nnen und kilometerweit von jeglicher Zivilisation zu verweilen. Nicht die besten Hoffnungstr\u00e4ger, die ich je hatte. Leider momentan die Einzigen. Die Finsternis war nun der Verb\u00fcndete meiner Ein-Mann-\u0001 \u0002 versuchte mein Bestes, um in dem kleinen, unbequemen Auto Schlaf zu finden. Die Lehne des Fahrersitzes dr\u00fcckte ich nach unten und machte mich lang. Jede Erholung, die ich bekommen konnte, musste ich nutzen. Ich wusste bereits, dass mir nicht viel davon gegeben \u0001 \u0002 w\u00fcrde die Jagd auf mich noch eine Weile andauern. Die ganzen grausamen Fantasien meiner m\u00f6glichen Folter schlichen sich abermals in meinen Verstand. Sie hinderten mich daran, mir die n\u00f6tige Erholung zu \u0001 \u0002 sehr ich die Menschheit verabscheute.",
            "wordcount": "1.518",
            "chapter_release": "07.05.2023",
            "chapter_number": "4"
        },
        "5": {
            "text": "Ein lautes Knacken lie\u00df mich aufschrecken. Nerv\u00f6s schaute ich mich um. Das triste Schwarz der Nacht dominierte mein Sichtfeld. Wie aus dem Nichts erhoben sich die K\u00f6pfe zweier Menschen am Fenster auf der Fahrerseite. Mit einem sadistischen L\u00e4cheln starrten sie mir in die Augen. Ein Blick, welcher sich tief in meine Seele bohrte. Ihre Augen waren weit aufgerissen, die M\u00fcnder formten ein b\u00f6ses Grinsen. Jeder einzelne Zahn l\u00e4chelte mich schief \u0001 \u0002 Angst hatte mich eingefroren. Jegliche M\u00f6glichkeit, mich zu bewegen, blieb mir verwehrt. Ich war wie gefesselt. Meine Bewegungsunf\u00e4higkeit wurde von den beiden direkt ausgenutzt. Ein Arm griff durch das Fenster hindurch und packte mich am Kragen. Es ging alles so verdammt schnell. Ich hatte noch nicht einmal blinzeln k\u00f6nnen, schon wurde ich aus dem Wagen gezerrt und \u0001 \u0002 unbekannte Person zog mich hinter sich her. V\u00f6llig verzweifelt versuchte ich mich zu wehren. Jede Zelle meines K\u00f6rpers wurde von Panik erf\u00fcllt. Mit aller Kraft versuchte ich mich loszurei\u00dfen. Aber egal wie sehr ich mit meinen Armen und Beinen umher strampelte, es brachte alles nichts. Aus einem mir unerkl\u00e4rlichen Grund war ich sowohl extrem langsam als auch schwerf\u00e4llig. Es f\u00fchlte sich an, als w\u00e4re ich unter Wasser. Die Kontrolle \u00fcber meinen K\u00f6rper schien ich an meine Furcht verloren zu \u0001 \u0002 ich von dem Ersten fortgeschleppt wurde, peinigte mich der Zweite. Er holte sein Messer heraus und stach mehrmals auf mich ein. In meine Arme, meinen Bauch sowie meinen Genitalbereich. Die scharfe Klinge bohrte sich abermals in mein Fleisch hinein. Ich sp\u00fcrte elendigen \u0001 \u0002 wurde jene Tortur von dem verst\u00f6renden, immer wiederkehrenden Gel\u00e4chter. Meine hoffnungslosen Versuche, dem etwas entgegenzusetzen, brachten alle nichts. Meine Gliedma\u00dfen waren schwach, das Gewebe weich wie Pudding. Ich war \u0001 \u0002 beiden zerrten mich in eine Art H\u00f6hle hinein. Die anf\u00e4ngliche Dunkelheit wurde schnell von einem wei\u00dfen Licht ersetzt. Diese unleidliche Helligkeit! Sie brannte in meinen Augen, ich war nahezu \u0001 \u0002 ich mich versah, lag ich gefesselt auf einem OP-Tisch. Der Raum, in dem ich mich befand, geh\u00f6rte von der Optik in ein Krankenhaus. Ich war mir sogar sicher, dass ich dieses Zimmer schon mal gesehen hatte. Jedoch hatte ich keine Zeit, um dar\u00fcber \u0001 \u0002 standen ungef\u00e4hr ein Dutzend \u00c4rzte an meinem Tisch. Sie berieten einander, jedenfalls vermutete ich dies. Ihre Worte konnte ich nicht verstehen, lediglich ein abstruses Lautgebilde drang zu meinen Ohren durch. Den Sinn der einzelnen S\u00e4tze herauszuh\u00f6ren, geschweige denn zu verstehen, blieb mir verwehrt. Genauso wenig konnte ich mich bewegen. Die Fesseln hielten mich fest, ich hatte kaum einen Millimeter Spielraum zur Verf\u00fcgung. Zus\u00e4tzlich hatte ich sogar das Gef\u00fchl, keine Luft zu bekommen. Ein weiterer Faktor, den ich auf die Angst \u0001 \u0002 sah, wie ein Roboterarm sich mir n\u00e4herte. Die Finger der metallischen Hand waren lang und messerscharf, der Ausdruck \u201eKrallen\u201c w\u00e4re die passendere Bezeichnung gewesen. Mein Herz schien mir aus meinem Brustkorb zu springen, als sich diese in mein Fleisch \u0001 \u0002 Maschine bewegte sich in einem mehrmaligen Takt ruckartig weg und riss mir langsam die Haut vom Leib. Ich konnte jeden zerrissenen Nerv f\u00fchlen, jede Vene, die durchtrennt wurde, jeder Teil meines Gewebes. Die empfindlichen Stellen meines K\u00f6rpers wurden auf brachiale Weise \u0001 \u0002 rosafarbene Schicht hatte sich vollst\u00e4ndig von meiner Physis gel\u00f6st. Ich konnte nun direkt auf meine Muskeln blicken. Meine Sehnen und Arterien lagen an der freien Luft. Rote Pf\u00fctzen breiteten sich langsam aus. Unerkl\u00e4rlicherweise hatte ich sogar das Gef\u00fchl, an einigen Stellen Teile meiner Organe sehen zu k\u00f6nnen. Dieser Anblick! So verst\u00f6rend und widerlich! Mein Herz sowie der Darm ragten zur H\u00e4lfte aus meinem Torso heraus. Die glitschigen Innereien wabbelten wild an der freien Luft \u0001 \u0002 schlimmsten war der Gedanke, dass dieser v\u00f6llig entstellte Korpus mir selbst geh\u00f6rte. Ein unertr\u00e4gliches Brennen fuhr durch jeden Zentimeter meines K\u00f6rpers. Dieser bestand nur noch aus einer einzigen offenen Wunde und freiliegenden \u0001 \u0002 war unm\u00f6glich, diese Schmerzen in Worte zu fassen. Ich wollte mir die Lunge aus der Seele schreien. Doch so sehr ich mich auch angestrengt hatte, konnte ich dies nicht tun. Mein Mund stand weit offen und dennoch brachte ich kaum einen Ton \u0001 \u0002 vernahm ich ein metallisches Rattern, es erinnerte mich an unangenehme Zahnarztbesuche. Wieder schienen Objekte wie aus dem Nichts zu erscheinen, dieses Mal waren es zwei Kreiss\u00e4gen. Beide waren so breit wie meine Faust und bestanden aus mehreren Scheiben. Sofort drangen diese in meinen Rumpf ein oder besser gesagt, was davon noch \u00fcbrig geblieben \u0001 \u0002 scharfen Rotorbl\u00e4tter hatten ein leichtes Spiel. Ich sp\u00fcrte, wie gro\u00dfe Klumpen herausgerissen wurden. Blutige Fleischfetzen, welche gerade eben noch zu mir geh\u00f6rt hatten, flogen quer durch den Raum. Die S\u00e4gen machten kurzen Prozess, mein K\u00f6rper wurde wie Unkraut \u0001 \u0002 konnte nicht verstehen, wieso ich \u00fcberhaupt noch am Leben gewesen bin. Wie sehr hatte ich mir in diesem Moment den Tod gew\u00fcnscht. Die S\u00e4gen haben aufgeh\u00f6rt zu rotieren, stattdessen kam der Greifarm zur\u00fcck und w\u00fchlte in einer der offenen Wunden \u0001 \u0002 n\u00e4chste, was ich sehen konnte, war, wie sich eine Schere meinem Kopf n\u00e4herte. Das scharfe Metall durchtrennte Teile meines Gesichts. Meine Nase wurde langsam durchtrennt, mein Augapfel dagegen von der Spitze zerstochen. Ich sah von dem Geschehen nicht viel, umso mehr sp\u00fcrte ich es. Dieser elendige Schmerz nahm kein Ende.\u201eDu tust das Richtige, Jan...du tust das Richtige....\u201c, h\u00f6rte ich eine mir bekannte weibliche Stimme reden.\u201eBald sind wir wieder vereint... du musst weiter leiden...\u201c\u201eStefanie?!\u201c, dachte ich laut vor mich \u0001 \u0002 sah ich, wie sie sich \u00fcber mich beugte. Sie trug ebenfalls einen Arztkittel. Seltsamerweise einen v\u00f6lligen sauberen, nicht einmal der Ansatz von roten Blutspuren bedeckten das strahlende Wei\u00df ihrer \u0001 \u0002 sie l\u00e4chelte mich an. Mit einer hohen und viel zu fr\u00f6hlich klingenden Stimmlage sprach sie zu mir:\u201eDu hast es fast geschafft wie sch\u00f6n! Schau mal!\u201cSie setzte mir einen Spiegel vor die Augen. Mein v\u00f6llig entstelltes Gesicht lie\u00df mein schwaches Herz \u0001 \u0002 gesamter Sch\u00e4del bestand nur noch aus offenem Gewebe. Jede Stelle war \u00fcbers\u00e4t von zerrissenen Muskelfetzen und abgetrennten \u0001 \u0002 Augapfel l\u00f6sten sich aus ihren urspr\u00fcnglichen Positionen. Besser gesagt, was noch von ihnen \u00fcbrig geblieben ist. Die Sehorgane wanderten langsam nach unten. Jene F\u00e4den, an denen sie hingen, bewegten sich immer weiter aus den zwei \u00d6ffnungen \u0001 \u0002 Nase wurde vollkommen extrahiert, stattdessen befand sich an dieser Stelle lediglich ein ekelhaftes Loch. Ich erkannte mich selbst nicht mehr wieder. Dennoch war mir bewusst, dass ich es bin. Dieser v\u00f6llig deformierte und verst\u00fcmmelte \u00dcberrest eines menschlichen K\u00f6rpers... er geh\u00f6rte zu mir!Zuletzt hatte ich das Gef\u00fchl, zu fallen. Ein schlagartiger Sprung nach vorn beendete den freien Flug. Mein Kopf prallte gegen das Autodach.",
            "wordcount": "1.102",
            "chapter_release": "14.05.2023",
            "chapter_number": "5"
        },
        "6": {
            "text": "\u201eW...w... was zum? Ich... im... Auto! \u0001 \u0002,T... Traum?!\u201c, stammelte ich vor mich hin. Mehr als diese verworrenen S\u00e4tze konnte ich in meiner momentanen Verfassung nicht von mir geben. Ich war vollkommen fertig. Noch nie zuvor in meinem Leben hatte mich etwas derart verst\u00f6rt. Ein paar Sekunden, eventuell sogar Minuten vergingen. Ich brauchte sie, um zu mir zu \u0001 \u0002 Verstand realisierte langsam, dass das gerade nur ein Traum gewesen ist. Dank dieser Feststellung besserte sich mein Zustand marginal, mehr auch nicht. Diese widerlichen Bilder vor meinen Augen, sie wollten mir nicht aus dem Kopf \u0001 \u0002 ich halbwegs zu Bewusstsein gekommen bin, merkte ich wie verschwitzt ich gewesen bin. Man k\u00f6nnte annehmen, dass ich soeben mit meinen Klamotten duschen gewesen w\u00e4re. Ich zitterte am ganzen Arm bis zu den Fingerspitzen. Mein Herz wollte nicht aufh\u00f6ren zu rasen, als w\u00e4re ich auf \u0001 \u0002 f\u00fchlte mich erstarrt. Mal wieder. Wie sehr ich diesen Zustand mittlerweile hasste. Dennoch zwang ich mich dazu, meinen Kopf vorsichtig nach links und rechts zu bewegen, damit ich meine Umgebung mustern \u0001 \u0002 befand mich immer noch im selben Wald. Mit dem einzigen Unterschied, dass es inzwischen hell gewesen ist. Der Tag war angebrochen. Das Licht schien durch die Baumkronen hindurch, genug, um alles um mich herum klar und deutlich sehen zu k\u00f6nnen. Die V\u00f6gel zwitscherten vor sich hin.\u201eAlso wirklich nur ein Traum. Es ist alles gut\u201c, redete ich mit mir \u0001 \u0002 Traum, welcher sich grauenhaft echt angef\u00fchlt hatte. Nach N\u00e4chten wie diesen ben\u00f6tigt man eine Weile, um vollst\u00e4ndig zu begreifen, dass nichts davon real gewesen ist und man f\u00fcrs Erste in Sicherheit ist. Der Schock und die immer noch bestehende Sorge fra\u00dfen mich innerlich \u0001 \u0002 atmete mehrmals tief durch und versuchte langsam herunterzukommen und meine Fassung zur\u00fcckzugewinnen. Eine Aufgabe, die ich zumindest teilweise bew\u00e4ltigen \u0001 \u0002 st\u00e4ndige Stress sowie die Angst und die Aussichtslosigkeit meiner jetzigen Situation machten mir zu schaffen. Ich hatte mit so vielen D\u00e4monen zu k\u00e4mpfen. Niemand stand hinter mir, ich musste allein in diese Schlacht \u0001 \u0002 einst immenser Stolz schrumpfte von Stunde, zu Stunde. Ich f\u00fchlte mich mittlerweile wie eine leere H\u00fclle eines Mannes, der auf der Schwelle der Hoffnungslosigkeit balancierte. Alles, was von mir \u00fcbrig geblieben ist, war ein Schatten meiner \u0001 \u0002 musste es irgendwie schaffen, dieses Land zu verlassen. An meinen Chancen zweifelte ich selbst. Aber was blieb mir anderes \u00fcbrig? Woanders w\u00fcrde ich eventuell Asyl bekommen. Die schwierigste H\u00fcrde w\u00fcrde es werden, sich \u00fcber die Grenze zu \u0001 \u0002 schaute auf mein Smartphone. Es war 8:30 Uhr morgens. Vor dem Schlafen hatte ich es ein wenig aufgeladen, 40% Akku standen mir noch zur Verf\u00fcgung. So wie ich diese l\u00e4cherlichen Laufzeiten von heute kannte, w\u00fcrde mein Handy maximal einen Tag \u00fcberleben. Die letzten Prozente musste ich sparsam, aber dennoch sinnvoll nutzen. Ich googelte, wie weit es von meinem Standpunkt aus bis zur Grenze w\u00e4re. 96 Kilometer Richtung Osten wurden mir angezeigt. Wenn ich mich ran halten w\u00fcrde, k\u00f6nnte ich in normalem Schritttempo mein Ziel bis \u00fcbermorgen erreichen. Auf dem Weg befand sich keine gr\u00f6\u00dfere Stadt, durch die ich wandern musste. Zumindest ein Faktor, der mir gelegen \u0001 \u0002 der bisher einzige. Aufgrund meiner ekelhaften Tr\u00e4ume, sowie dem unbequemen Fahrersitz, auf dem ich schlafen musste, konnte ich nur wenig Erholung tanken. Genauer gesagt, ich f\u00fchlte mich ziemlich ger\u00e4dert. Ich versuchte noch einmal den Wagen zu starten, bedauerlicherweise sprang dieser nicht mehr an. Der Tank hatte ausgedient. Daher stand ich auf und lief zum Heck des Autos. Dort kramte einen Rucksack aus dem Kofferraum. In diesem verstaute ich die wenigen G\u00fcter, welche mir zur Verf\u00fcgung standen:Die zweite und letzte Flasche Wasser, die sich in Stefanies Wagen befand, ein Handtuch, eine Packung Taschent\u00fccher und nicht zu vergessen die Pistole, welche ich mir in meine Hosentasche steckte. Mit diesem \u00fcberschaubaren Inventar musste ich mein Gl\u00fcck versuchen.\u201ePfff\u2026 Gl\u00fcck! Als w\u00fcrde ich so etwas noch im Leben bekommen. Ich meine, schau mich an! Ich bin ein menschliches Wrack geworden\u201c, schnaufte ich genervt vor mich her, als ich mit herunter gezogener Hose meine Blase an einem Baumstamm \u0001 \u0002 ich fertig mit Pinkeln gewesen bin, lief ich weiter durch den Wald. Um die bestm\u00f6gliche Orientierung so lange wie m\u00f6glich im Auge zu behalten, blickte ich immer wieder kurz auf mein Handy. Noch ein paar Kilometer wird mich der Wald begleiten. Die menschenleere Gegend, die geschm\u00fcckt ist von B\u00e4umen, war wie ein Schutzschild f\u00fcr mich. Danach wird es wieder gef\u00e4hrlicher werden. Auf Feldern und Landwegen w\u00fcrde ich mich wie ein Fisch im Krokodil-Becken f\u00fchlen. Dieses Risiko war mir \u0001 \u0002 hatte ich mir noch den Kopf \u00fcber meine weitere Taktik zerbrochen, so sp\u00fcrte ich einen Moment sp\u00e4ter auf selbigem K\u00f6rperteil einen harten Schlag. Schmerzerf\u00fcllt fasste ich mir an die Stelle an meinem Haupt. Ich wollte gerade zur Seite blicken, um den \u00dcbelt\u00e4ter ausfindig zu machen, schon wurde ich auf rabiate Weise an einen Baumstamm \u0001 \u0002 mir befand sich ein Mann. Er musste ungef\u00e4hr in meinem Alter sein, eventuell ein bis zwei Jahre j\u00fcnger. Seine linke Hand dr\u00fcckte er mir auf die Brust, in der rechten hielt er einen langen Dolch. Bevor ich reagieren konnte, bewegte er die Klinge hoch zu meiner \u0001 \u0002 bildeten sich auf meiner Stirn, als ich sehen konnte, wie nah mir Messer gewesen ist. Zwischen meinem Hals und dem scharfen Metall befanden sich nur wenige Zentimeter \u0001 \u0002 ernstem Blick schaute er mich an. Sein Tonfall passte zu jenem seri\u00f6sen Gesichtsausdruck. Nachdem er mich noch einmal gemustert hatte, sprach er zu mir:\u201eDu! Du bist dieser Heilungstyp! An deiner Stelle w\u00fcrde ich jetzt keine Dummheiten machen!\u201c",
            "wordcount": "937",
            "chapter_release": "19.05.2023",
            "chapter_number": "6"
        },
        "7": {
            "text": "Genau das hatte mir jetzt noch gefehlt. Der Albtraum von letzte Nacht traumatisierte mich immer noch, nun k\u00f6nnte dieser zur Realit\u00e4t werden. Auf keinen Fall werde ich mich diesem Wichser einfach so geschlagen geben! Den Hals durchtrennt zu bekommen, w\u00e4re qualvoll. Dennoch k\u00e4me es h\u00f6chstwahrscheinlich nicht mal im Ansatz an die bevorstehende Tortur heran, welche mich im Labor bei diesen gest\u00f6rten \u00c4rzten erwarten \u0001 \u0002 packte mich die Angst. Zum ersten Mal stand ich meinem Verderben so nah wie jetzt. Elektrisierende Stromst\u00f6\u00dfe der Furcht durchstr\u00f6mten meinen K\u00f6rper von Kopf bis Fu\u00df. Meine Herzfrequenz erreichte einen neuen H\u00f6hepunkt. Die unvermeidliche Reaktion meines Organismus blieb meinem Gegen\u00fcber nicht unbemerkt. Kein Wunder, schlie\u00dflich platzierte er seine Hand weiterhin auf meiner Brust.\u201eAch, da ist aber einer nerv\u00f6s! Keine Sorge, ich werde dir nichts tun, solange du brav mit mir mitkommst\u201c, waren die Worte meines Peinigers. Die \u00dcberheblichkeit in seiner Stimme lie\u00df reizte \u0001 \u0002 nur, dass er mich ausliefern wollte, nun verspottet er mich auch noch. Ich hatte es satt, mir was von ihm gefallen zu lassen. Zumal ich ohnehin kaum noch etwas zu verlieren \u0001 \u0002 als mich der Mann vom Baum wegzerren wollte, nutze ich die Sekunde. Das Wort \u201eSekunde\u201c war hierbei noch gro\u00dfz\u00fcgig ausgedr\u00fcckt. Es waren winzige Bruchteile eines Momentums, welche mir zum Reagieren geblieben sind. Mit meinem rechten Arm packte ich sein Handgelenk, in der er die Klinge heilt und zog dieses nach unten. Sofort merkte der Dreckskerl, dass ich mich wehre und dr\u00fcckte das Messer nach vorne zu mir hin. Meine Kehle konnte ich aus der Gefahrenzone befreien, mein Torso zahlte daf\u00fcr den Preis des Risikos. Das scharfe Metall bahnte sich seinen Weg von meiner Brust bis zu meinem \u0001 \u0002 war ein weiter, aber dennoch nicht tiefer Schnitt. Ich hatte Gl\u00fcck im Ungl\u00fcck, ansonsten w\u00e4re ich h\u00f6chstwahrscheinlich tot gewesen. Dennoch konnte er Schaden anrichten. Ich konnte ganz genau sp\u00fcren, wie sich, die die Klinge in Teile meines Fleisches bohrte. Ein qualvolles Brennen zog sich durch die l\u00e4dierte Stelle an meinem Oberk\u00f6rper. Von einer Sekunde auf die n\u00e4chste wurde mir \u0001 \u0002 versuchte den Schmerz so gut es ging auszublenden und diesen mit nicht mehr als einem St\u00f6hnen zu w\u00fcrdigen. Dies bekam ich hin. Zum Jammern hatte ich vorerst keine Zeit, ich musste mich weiter \u0001 \u0002 nutze den R\u00fcckenhalt des Baumstammes, um mich anzulehnen. Ohne diese St\u00fctze h\u00e4tte mir die Kraft in diesem Moment gefehlt. Mit zusammen gebissenen Z\u00e4hnen nutzte ich die letzte Energie, die mir verblieben ist und verpasste dem Mann einen \u0001 \u0002 jener Bewegung versp\u00fcrte ich erneut den stechenden Schmerz. Zumindest hatte ich es geschafft, ihn auf Distanz zu bringen. Die Zeit, welche ich in Sport investiert habe, schien sich endlich bezahlt zu machen. Meine gute Physis sowie die Vorteile, welche mir meine K\u00f6rpergr\u00f6\u00dfe bot, lie\u00dfen mich nicht im Stich. Verletzung hin oder \u0001 \u0002 schon instinktiv bewegte sich mein Arm nach unten zu meiner Hose. Mit zittriger Hand griff ich nach der Pistole und entsicherte sie. Mein Angreifer ist gerade dabei gewesen, zur n\u00e4chsten Attacke mit dem Messer auszuholen. Bruchteile einer Sekunde entscheiden dar\u00fcber, wer den ersten Treffer landete. Dieser kam von \u0001 \u0002 ohrenbet\u00e4ubender Knall hallte durch den Wald, nachdem ich den Abzug durchgedr\u00fcckt hatte. F\u00fcr pr\u00e4zises Zielen hatte ich keine Zeit. Die Tatsache, dass ich ihn an der richtigen Schulter traf, in der er sein Messer hielt, hatte ich fast ausschlie\u00dflich dem Gl\u00fcck zu verdanken. Wenigstens einmal kam mir dieses \u0001 \u0002 Mann lie\u00df einen lauten Schrei los und lie\u00df die Klinge fallen. Fluchend taumelte er nach hinten, ich lud noch einmal nach und schoss auf seine Knie. Beim zweiten Mal war der Treffer meinem K\u00f6nnen zu verschulden.\u201eGeschieht dir recht, d\u00e4mlicher Nuttensohn\u201c, meldete ich mich das erste Mal zu Wort seit unserer Begegnung. Die Pistole hielt ich noch immer in der Hand, den Lauf auf sein Gesicht gerichtet. Wahrscheinlich war es unter anderem dem sinkenden Adrenalinspiegel zu verschulden, denn direkt, nachdem ich diesen Satz ausgesprochen hatte, meldete sich der Schmerz meiner Verletzung erneut zur\u00fcck. Abermals st\u00e4rker als zuvor. Ich konnte nicht anders, als erneut beide Kiefermuskeln gegeneinander zu pressen und ein qualvolles St\u00f6hnen aus den Tiefen meiner Lunge frei zu \u0001 \u0002 dieses Arschloch jammernd am Boden lag, nutzte ich die Gelegenheit, um mir meine L\u00e4dierung anzuschauen. Die Schnittwunde reichte von der Brust bis zu der Unterseite meines Bauches. Sie war gleichm\u00e4\u00dfig und markant. Das Messer hatte sich tief in mein Fleisch geschnitten. Nicht genug um die Organe zu besch\u00e4digen, dennoch verlor ich eine Menge \u0001 \u0002 musste schnellstm\u00f6glich handeln. Die Wunde musste verschlossen oder zumindest bedeckt werden. Sofort warf ich meinen Rucksack auf den Boden und griff in die \u00d6ffnung der hinteren \u0001 \u0002 mich zu b\u00fccken, musste ich unter anderem meinen Oberk\u00f6rper bewegen. Die Verletzung machte sich erneut bemerkbar. Es fiel mir \u00e4u\u00dferst schwer, diese zu ignorieren. Bereits bei der kleinsten Bewegung sp\u00fcrte ich ein brennendes Stechen an meinem Torso. Es f\u00fchlte sich beinahe so an, als w\u00fcrde ein Teil meines Oberk\u00f6rpers abgerissen werden.\u201eAhhh! Verfickte Schei\u00dfe!\u201c, pl\u00e4rrte ich schmerzverzerrt, zwischen zusammen gebissenen Z\u00e4hnen, vor mich her. Ich steckte die Pistole in meine Hose rein und startete erneut einen Versuch. Dieses Mal langsamer und mit mehr Sensibilit\u00e4t. Mit Vorsicht kramte ich in dem Rucksack und holte das Handtuch heraus. Mit diesem s\u00e4uberte ich die Wunde und wischte mir den Gro\u00dfteil des Blutes von Brust und Bauch. Meine Fresse hatte ich viel davon \u0001 \u0002 Tuch war nicht gerade klein, dennoch hatten sich bereits dreiviertel der Fl\u00e4che rot gef\u00e4rbt. Die R\u00fcckseite war zur H\u00e4lfte sauber geblieben, diesen Teil nutzte ich, um die Hauptquelle der roten Fl\u00fcssigkeit abzudecken. Wahrscheinlich konnte ich die Blutung nicht vollst\u00e4ndig stoppen, aber wenigstens genug, damit ich nicht bewusstlos \u0001 \u0002 ich mich selbst verarztete, hatte ich beinahe \u00fcbersehen, wie der Mann mich erneut angreifen wollte. Er schien ebenfalls gro\u00dfe Schmerzen zu haben, das konnte ich ihm ansehen. Mit verzerrter Miene kam er angekrochen und h\u00e4tte es fast geschafft, sein Messer in mein Bein zu rammen. Ich konnte im letzten Moment einen Schritt zur\u00fcck machen. Dieser Bastard sollte froh sein, dass ich ihn am Leben gelassen habe. Gereizt trat ich ihm das Messer aus der \u0001 \u0002 n\u00e4chste St\u00f6hnen wich \u00fcber meine Lippen. Ab jetzt musste ich vorsichtiger sein. Jede falsche Bewegung machte sich sofort bemerkbar. Allein der Tritt war ein Gef\u00fchl, als w\u00fcrden weitere Messer in meinen Torso stechen. Zudem k\u00f6nnte die Wunde weiter aufrei\u00dfen. Ich hatte keine andere Wahl, als mich an die neuen Bedingungen zu gew\u00f6hnen. Die Schwierigkeit hatte das n\u00e4chste Level \u0001 \u0002 ich langsam weiter humpelte, vernahm ich noch ein letztes Mal die Stimme des Mannes, mit dem ich mich soeben duelliert hatte:\u201eGlaubst du wirklich, du wirst damit durchkommen? Fr\u00fcher oder sp\u00e4ter werden sie dich kriegen! Wenn nicht ich, macht es irgendwer anders. Wie viele Menschen willst du bis dahin noch verletzen? In diesem Katz und Maus Spiel wird es keine Gewinner geben, nur Verlierer!\u201c",
            "wordcount": "1.146",
            "chapter_release": "25.05.2023",
            "chapter_number": "7"
        },
        "8": {
            "text": "Ich lief den Waldweg entlang. Etwas mehr als eine halbe Stunde ist vergangen, seitdem ich meinem Angreifer begegnet bin. Meine Beine waren zwar nicht von der Verletzung betroffen, dennoch erinnerte mich die Ersch\u00fctterung beim Laufen durchgehend an die Wunde an meinem \u0001 \u0002 Handtuch hatte sich mittlerweile fast komplett rot gef\u00e4rbt. Die offene Haut brannte wie Feuer, bedauerlicherweise wurde der Schmerz nicht weniger. Jeder einzelne Schritt gab mir das Gef\u00fchl, als w\u00fcrden Nadeln in mein Fleisch stechen. Dieses Empfinden zog sich vom oberen Teil meiner Brust bis zu meinem Bauch. Als jenes Leid zunehmend schwerer zu ertragen wurde, war ich gezwungen, eine Pause einzulegen.\u201eBitte Gott, lass diese Wunde so schnell es geht heilen!\u201c, gab ich verzweifelt von mir, w\u00e4hrend ich mich langsam in das Moos \u0001 \u0002 wurde dieser Satz von einem lang gezogenen St\u00f6hnen und anderen Schmerzger\u00e4uschen. Nachdem ich einige Male ein- und ausgeatmet und mich ein wenig gefangen hatte, lie\u00df ich meinen Frust freien Lauf:\u201eVerdammte Schei\u00dfe! Bei diesem Schneckentempo werde ich eine Woche bis zur Grenze ben\u00f6tigen. Ich hoffe, deine Knie werden nie wieder funktionieren, du dreckiger Hurensohn!\u201cImmer wenn ich geglaubt hatte, den Tiefpunkt erreicht zu haben, wurde ich zeitnah eines Besseren belehrt. Genau wie mein K\u00f6rper wurde auch meine Hoffnung fragiler. Falls sich nicht schnell etwas \u00e4ndern w\u00fcrde, sah ich f\u00fcr meine Flucht schwarz. Gestern war ich noch ein selbstbewusster Mann. Gepflegt, gutaussehend und frei von gr\u00f6\u00dferen Sorgen. Ich hatte normal meine Arbeit verrichtet und mich auf den wohlverdienten Feierabend in Begleitung von Netflix gefreut. Ich hatte gewiss nicht alles, dennoch f\u00fchrte ich ein gutes Leben. Die Umst\u00e4nde schienen auf meiner Seite zu sein. Ich war \u0001 \u0002 sa\u00df ich wie ein elendiges Wrack mitten im Wald. Meine Hose war zerrissen und verdreckt, mein Shirt voller Blut. Ich hatte Angst, war allein und gro\u00dfe Schmerzen am Torso plagten mein Wohlbefinden. Ich f\u00fchlte mich von vorne bis hinten miserabel. Kein Wunder, schlie\u00dflich hatte ich seit fast einem ganzen Tag nichts gegessen und gerade mal einen knappen Liter Wasser getrunken. Mein K\u00f6rper ern\u00e4hrte sich seit gestern von Adrenalin und Panik geschuldeten \u0001 \u0002 allem spiegelte sich das gr\u00f6\u00dfte \u00dcbel immer noch darin wider, dass mich so ziemlich das komplette Land hasste und in eine Folterkammer stecken wollte. Sowohl mein Zustand, meine Situation, als auch mein Anblick. Ich war in allen Punkten \u0001 \u0002 zu verhindern, dass ich weiter im Selbstmitleid und Depressionen versank, zwang ich mich selbst dazu, die unfreiwillige Pause sinnvoll zu nutzen. Ich kramte mein Handy aus der Tasche und warf ein Auge auf die News, die mich betrafen. Die 23% auf der Akkuanzeigen lie\u00dfen mich \u0001 \u0002 suchte erneut nach den mir gewidmeten Hashtags. #JanDehnerAktuell war das mittlerweile am meisten verwendete Schlagwort. Die Leute wussten, dass diese Herangehensweise eine hohe Wahrscheinlichkeit auf Erfolg hatte. Wenn sie selbst auf dem neuesten Stand hielten und Informationen zu meinem vermeidlichen Standort weitergaben, k\u00f6nnte es nicht lange dauern, bis sie mich in ihre Finger \u0001 \u0002 tippte bei der Auswahl der Beitr\u00e4ge den Tab \u201eAktuell\u201c an. In den j\u00fcngsten Posts war von einem Schussger\u00e4usch die Rede, welches von einem Wald aus zu h\u00f6ren war. Da derzeit keine weiteren Nachrichten \u00fcber Straft\u00e4ter im Umlauf waren, wurde von einigen angenommen, dass dieser Knall etwas mit mir zu tun haben m\u00fcsste. Die dazugeh\u00f6rigen Koordinaten zu jenem gr\u00fcnen Distrikt, in welchem ich mich derzeit befand, wurden ebenfalls \u0001 \u0002 hei\u00dfer Blitz schoss durch meinen Magen. Meine Atmung setzte ein weiteres Mal aus. Sie hatten bereits eine Ahnung, in welchem Areal ich mich auffielt. Der Wald ist zwar gro\u00df gewesen, dennoch erh\u00f6hte sich das Risiko erneut um ein \u0001 \u0002 unerbittliche Masse an Menschen befand sich bereits ganz in der N\u00e4he und hatten nun ein mehr oder weniger klares Ziel vor Auge. Binnen weniger Sekunden schossen etliche Bilder durch meinen Kopf. Innerlich sah ich mich bereits wieder auf dem OP-Tisch, umgeben von \u00c4rzten, die mich langsam und qualvoll \u0001 \u0002 Mitb\u00fcrger waren mehr als nur bereit, die Jagd auf mich zu beenden. Wie eine Horde L\u00f6wen wollten sie sich auf ihre Beute st\u00fcrzen. Die Zeit spielte gegen mich, ich schien das Rennen gegen sie zu verlieren. Wie gerne h\u00e4tte ich diesen verdammten Hashtag einfach gesperrt. Ein Teil von mir bereute es erneut \u00fcberhaupt nachgeschaut zu \u0001 \u0002 steckte ich das Handy zur\u00fcck in meine Hosentasche. Von schlechten Neuigkeiten hatte ich genug. Mich weiterhin damit zu qu\u00e4len, w\u00fcrde es nur noch schlimmer machen. Stattdessen nahm ich den Rest meiner Kraft zusammen und versuchte aufzustehen. Dies gelang mir besser als erwartet. Anscheinend hatte die kurze Pause tats\u00e4chlich etwas gebracht. Die zur\u00fcck erlangte Kontrolle und Energie verwunderten mich selbst ein wenig. Durch die von Unheil gepr\u00e4gte, katastrophale Lage, in der ich mich befand, f\u00fchlte sich die blo\u00dfe Anwesenheit von Gl\u00fcck bereits ungewohnt falsch an. Ich traute dem Braten \u0001 \u0002 war mein Pessimismus nicht unbegr\u00fcndet. Kaum hatte ich mich ein paar Schritte nach vorn geschleppt, h\u00f6rte ich abermals Schritte hinter mir. Ein Mann mittleren Alters erzeugte dieses Ger\u00e4usch.\"Nicht schon wieder!\", dachte ich mir \u0001 \u0002 verspannte sich mein K\u00f6rper. Mir wurde \u00fcbel. Der Rest meiner Handlung passierte \u0001 \u0002 fackelte nicht lange und z\u00fcckte meine Waffe. Ein schnelles Entsichern sowie kurzes Kr\u00fcmmen meines Zeigefingers, um den Trigger zu bet\u00e4tigen. Es waren keine zwei Sekunden vergangen, schon hatte der Fremde Blei gefangen. Meine Verfolger wussten ohnehin bereits von meinem ungef\u00e4hren Standort, der zus\u00e4tzliche L\u00e4rm w\u00fcrde meine Lage sicher nicht \u0001 \u0002 hatte ihn im Bereich seiner Schulter getroffen, der Mann sank zu Boden. Eigentlich wollte ich es dabei belassen und weiter abhauen. Doch der pl\u00f6tzliche Schrei einer weiteren Person hatte mich aus der Fassung gebracht.\u201ePapa?!\u201c, vernahm ich eine z\u00e4rtliche \u0001 \u0002 kam von einem Jungen, er konnte nicht \u00e4lter als zehn Jahre gewesen sein. Tr\u00e4nen liefen \u00fcber seine Wangen, ein mitleiderregendes Quieken verlie\u00df seinen Mund. Mit einem derart verst\u00f6rten Blick rannte der Knirps zu dem Mann, welcher soeben den Geschmack meiner Kugel gekostet \u0001 \u0002 Herz h\u00f6rte auf zu schlagen, als mir bewusst wurde, was ich getan hatte.",
            "wordcount": "996",
            "chapter_release": "01.06.2023",
            "chapter_number": "8"
        },
        "9": {
            "text": "\u201eDu musst abhauen und zwar schnell!\u201c\u201eVerschwinde endlich! Es kann nicht mehr lange dauern, bis die w\u00fctende Meute hier sein wird.\u201c\u201eBist du dumm?! Sich hier l\u00e4nger aufzuhalten, ist reine Zeitverschwendung. Zu warten wird dein Verderben bedeuten, begreifst du das nicht!?\u201cMeine Gedanken sprachen klare Worte mit mir. Mein Gewissen hinderte mich dennoch daran, das Weite zu suchen. Es war, als w\u00fcrden meine Beine von einer unsichtbaren Hand festgehalten werden. Meine Reue baute einen K\u00e4fig um mich herum und nahm mich als ihren Gefangenen. Der Anblick versteinerte \u0001 \u0002 mag sich seltsam anh\u00f6ren, dass mich das schlechte Gewissen bei einem einzelnen Opfer mitnimmt, wenn doch die Krankheit immer noch im Umlauf ist und Tausende Menschen t\u00f6tet. Dies hatte ich im Hinterkopf, dennoch habe ich mich f\u00fcr diese Katastrophe stets nicht als Schuldigen gesehen. Ich habe diesen Virus nicht freigesetzt oder jemanden damit angesteckt. Ich war nicht daf\u00fcr verantwortlich, dass so viele ihr Leben lie\u00dfen. Daher sah ich mich nicht in der Verpflichtung, meines zu opfern. Zu verlangen, ich m\u00fcsste mich verst\u00fcmmeln lassen und durch die H\u00f6lle gehen, um fremde Leute, die mich jagten und schikanierten, zu heilen ist unfair, absurd und zudem noch \u0001 \u0002 hatte ich aber tats\u00e4chlich jemanden auf dem Gewissen. Der Mann hatte mich anscheinend nicht einmal versucht zu jagen. Er war ein Unschuldiger, der lediglich mit seinem Sohn unterwegs gewesen ist. Dass die beiden in meine N\u00e4he kamen, war reiner Zufall. Dieses Verbrechen geht auf meine Kappe. Es gab keine \u0001 \u0002 Sch\u00fctteln bahnte sich den Weg aus den Tiefen meiner Seele, der Kummer drang bis nach au\u00dfen durch. Die kleinen H\u00e4rchen auf meinen Armen standen mir zu Berge. Ich sp\u00fcrte jedes einzelne von ihnen. Das Heulen des kleinen Jungen, sowie meine Umgebung verschwammen f\u00fcr ein paar Sekunden. Gerade gab es nur mich sowie die pure \u0001 \u0002 ich getan hatte, setzte mir sehr zu. Die Verfolgungsjagd und die st\u00e4ndige Panik, erwischt zu werden, machten mich beinahe wahnsinnig. Sie drangen in meinen Verstand ein und w\u00fchlten diesen derma\u00dfen auf. Die drastische Folge dieser Stresssituation, welche dazu f\u00fchrte, dass ich wahllos auf einen unschuldigen Vater geschossen habe. Ich wollte es nicht \u0001 \u0002 ersten Moment, als ich wieder Herr meiner Sinne geworden bin, rannte ich auf die beiden zu. Es war kaum zu glauben, der Mann war tats\u00e4chlich nicht tot. Zumindest noch nicht. Anscheinend hatte er gro\u00dfes Gl\u00fcck. ICH hatte gro\u00dfes Gl\u00fcck!Als ich an ihn herantrat, konnte ich sehen, wie er schmerzverzerrt am Boden lag und nach Luft schnappte. Das Blut str\u00f6mte aus seiner Schulter, an seinem Bauch befand sich der Kopf seines verzweifelten Sohnes. Dieser flehte seinen Vater an, nicht zu gehen.\u201eEs tut mir so wahnsinnig leid! Ich... ich... w...wollte das nicht. Ich dachte, ihr greift mich an und...\u201c, versuchte ich stockend zu \u0001 \u0002 Reaktion f\u00fcr meinen Entschuldigungsversuch erntete ich lediglich einen kurzen Blick des Jungen. Sein knallroter Kopf bewegte sich zu mir hin. Die feuchten Augen starrten mich an. Kein einziges Wort wich \u00fcber seine Lippen. Danach blickte er wieder zu seinem Vater. Er musste Angst vor mir gehabt haben. Kein Wunder, wer k\u00f6nnte es ihm \u0001 \u0002 n\u00e4chste Schritt von mir folgte instinktiv. H\u00e4tte ich dar\u00fcber nachgedacht, w\u00e4re diese Handlung bestimmt nicht geschehen. Dennoch hielt ich es f\u00fcr richtig, den Notdienst zu rufen. Der Mann ben\u00f6tigte Hilfe. Ich erz\u00e4hlte ihnen, dass ich \u201ezuf\u00e4llig\u201c mitbekommen hatte, wie ein Typ soeben eine Kugel abbekommen hatte. Logischerweise musste ich den \u00c4rzten daf\u00fcr den Standort \u0001 \u0002 h\u00e4tte ich es hinbekommen, dies zu tun, wenn ich auch nur ein paar Sekunden l\u00e4nger dar\u00fcber nachgedacht h\u00e4tte. Nun sind die Leute auf direktem Weg zu mir. Sicher werden einige andere davon mitbekommen. Dass es sich um den Heiler handelt, k\u00f6nnen die meisten sich sicher denken. Es war ohnehin bereits bekannt, dass ich mich in diesem Wald \u0001 \u0002 Game Over hatte ich damit selbst eingeleitet. Der Ausweg ist nach dieser Aktion nahezu unm\u00f6glich, dies musste ich einsehen. Ich konnte nicht mehr weiter spielen. Noch weniger wollte ich \u0001 \u0002 mich f\u00fcr diese ganzen b\u00f6sen Leute opfern und die mit Sicherheit schlimmsten Qualen meines Lebens erleiden und anschlie\u00dfend als seelisches Wrack auf den Tod warten? Mir gingen die Optionen aus. Dies schien jedoch meine letzte zu \u0001 \u0002 ich das Handy wieder eingepackt hatte, wandte ich mich erneut an den kleinen Jungen. Ich kniete mich neben die beiden und sprach zu dem Sohn:\u201eDu musst mir jetzt ganz genau zuh\u00f6ren! Ein Krankenwagen ist auf dem Weg, du musst hier warten...\u201cMeine Worte schienen ihn nicht weiter zu interessieren. Wie es aussah, hatte er nicht einmal wirklich wahrgenommen, dass ich auf ihn einredete. Der Junge w\u00fcrdigte mich keines Blickes.\u201eVERDAMMT H\u00d6R MIR JETZT ZU!\u201c, schrie ich ihm ins Gesicht. Mit panischem Gesichtsausdruck schaute er zitternd zu mir r\u00fcber. Gut, seine Aufmerksamkeit hatte ich gewonnen.\u201eIch habe gerade einen Krankenwagen angerufen. Sie sind auf dem Weg hierher. Deinem Vater wird geholfen, er wird nicht sterben! Leider kann ich hier nicht l\u00e4nger bleiben. Deswegen musst du bei ihm warten und erkl\u00e4ren, was passiert ist. Hast du mich verstanden?\u201cDer Junge nickte schnell mit dem Kopf. Meine Worte sind zu ihm durchgedrungen und die Rettung war auf dem Weg. Meinen Soll hatte ich somit erf\u00fcllt, mehr konnte ich nicht f\u00fcr sie tun. Wenigstens eine Sache, f\u00fcr die ich gut sein konnte. Ganz ohne drakonische Ma\u00dfnahmen des Staates. Nichtsdestotrotz war ich von jeglicher Form des Stolzes weit \u0001 \u0002 und Furcht umh\u00fcllten meine Seele. Ich war ein Gefangener meines Schicksals. Nie mehr k\u00f6nnte ich reinen Gewissens meinen Ballast abwerfen und nach vorne blicken. Zumindest nicht in diesem Leben. Ich war innerlich kaputt. Die Au\u00dfenwelt hatte mich in eine Sackgasse \u0001 \u0002 paar wenige Minuten sind vergangen, ich hatte mich gerade hinter einem Busch in der N\u00e4he versteckt. Die gr\u00fcnen Bl\u00e4tter des Strauches sowie ein dicker Baumstamm daneben verdeckten meine Wenigkeit und sch\u00fctzten mich vor indiskreten Blicken. Im Hintergrund konnte ich die Ger\u00e4usche der Menschen wahrnehmen. Die Sirene des Krankenwagens, die Schritte der \u00c4rzte. Sie drangen dumpf zu mir \u0001 \u0002 paar Unbeteiligte waren ebenfalls hierhergekommen. Wahrscheinlich standen sie zu den Rettungskr\u00e4ften in Kontakt und haben sich mehr oder weniger heimlich mit geschlichen. Ich wei\u00df es nicht. Eine Tatsache, welcher mir gleicherma\u00dfen egal gewesen \u0001 \u0002 Stimmen verschwammen ineinander. Einzelne Worte konnte ich nicht heraush\u00f6ren. Lediglich meinen Namen nahm ich in einem Wirrwarr von Lautgebilde wahr.\u201eJan Dehner\u201c - Ja, dies war mein Name. Sie wollten mich nimmer noch kriegen diese Ratten. Ich hatte l\u00e4ngst mit ihnen abgeschlossen. Alles ist bedeutungslos f\u00fcr mich \u0001 \u0002 faltete meine H\u00e4nde und sprach ein letztes Gebet. M\u00f6ge Gott meiner beschmutzten Seele gn\u00e4dig sein und mir meine S\u00fcnden vergeben. Mit zittriger Hand platzierte ich die Pistole an meine Schl\u00e4fe und bet\u00e4tigte den Abzug.",
            "wordcount": "1.117",
            "chapter_release": "11.06.2023",
            "chapter_number": "9"
        }
    },
    "title": "Sacrificium (Alternatives Ende)",
    "topic": "unspecified",
    "release": "\n09.04.2023\n\t\t\t\t\t\t",
    "author": "NostalgiaVibez"
}