{
    "tags": [],
    "chapcount": "9",
    "wordcount": "10.665",
    "chapters": {
        "1": {
            "text": "Jasmin konnte nicht schlafen. Schon wieder nicht, fast jede Nacht war es das gleiche. Das ging seit fast zwei Wochen so und sie war langsam am Ende ihrer Kr\u00e4fte. Sie schlief so gut wie gar nicht und war dennoch nicht m\u00fcde wenn sie ins Bett ging. Immer wieder schossen Gedanken in ihren Kopf sobald sie sich ins Bett legte. Dann starrte sie in der Nacht die Decke an. Doch diese Nacht war es anders. Durch die geschlossene Jalousie fiel das Licht der Stra\u00dfenlaternen und f\u00fchrte zu seltsamen Formen an der Wand. Pl\u00f6tzlich h\u00f6rte Jasmin ein Ger\u00e4usch, ganz leise. Es klang fast als w\u00fcrde jemand in der Wohnung umher laufen. Erst dachte sie es sei Leo, aber er lag schlafend neben ihr. Seine regelm\u00e4\u00dfigen Atemz\u00fcge wurden ab und an durch ein Schnarchen abgel\u00f6st. Das sind doch bestimmt nur wieder die Menschen die \u00fcber mir wohnen, dachte sie. Seit einiger Zeit war sie der \u00dcberzeugung, dass sie es auf sie abgesehen hatten und sie in den Wahnsinn treiben wollten. Jeden Tag h\u00e4mmerten sie, so viele Bilder konnte doch niemand in seiner Wohnung aufh\u00e4ngen. Dann war da wieder dieses Ger\u00e4usch, wieder ganz leise, aber das konnte nicht sein. Bevor sie ins Bett gegangen war, hatte sie sich vergewissert, dass die Wohnungst\u00fcr abgeschlossen war. Au\u00dferdem hatte sie alle Jalousien geschlossen. Es war also unm\u00f6glich, dass sich irgendjemand in der Wohnung befand. Ihre Augen waren offen und sie lauschte weiter. Nachts waren sowieso alle Ger\u00e4usche lauter. Sie lie\u00df ihren Blick umherschweifen, konnte in der Dunkelheit jedoch nichts erkennen. Oder doch? Waren da nicht eben zwei rot leuchtende Augen? Ihre Fantasie spielte ihr da wohl einen Streich. Niemand hatte rote Augen, das waren doch alles nur Horrorgeschichten. Dann war da abermals dieses Ger\u00e4usch, es klang diesmal viel n\u00e4her als zuvor. Sollte sie Leo wecken? Er musste morgen arbeiten und brauchte folglich seinen Schlaf. Also verwarf sie diesen Gedanken \u0001 \u0002 schaute sie sich um und konnte nichts erkennen. Langsam bekam sie es wirklich mit der Angst zu tun. Eigentlich wollte sie aufstehen, aber sie traute sich nicht. Was war, wenn pl\u00f6tzlich eine Hand unter dem Bett hervorkommen w\u00fcrde? F\u00fcr einige Momente blieb sie starr liegen. Sie h\u00f6rte jetzt nichts mehr und sah auch nichts Ungew\u00f6hnliches in der Dunkelheit. Das war alles nur Einbildung sagte sie sich und schaffte es doch noch \u0001 \u0002 n\u00e4chsten Morgen wachte Leo durch das Klingeln seines Weckers auf. Er ging ins Bad und danach in die K\u00fcche um sich einen Kaffee vorzubereiten. Jasmin wollte er noch etwas schlafen lassen, schlie\u00dflich wusste er, dass sie im Moment nicht gut schlief. Nachdem er die H\u00e4lfte seines Kaffees getrunken hatte, ging er ins Schlafzimmer um Jasmin zu wecken. Sie wollte ihn sehen bevor er zur Arbeit ging und w\u00fcrde es ihm \u00fcbel nehmen, wenn er einfach so ginge. Er \u00f6ffnete die Jalousie ein St\u00fcck, aber nur so weit, dass ein wenig Licht ins Zimmer fiel. Dann trat er ans Bett und bekam den Schock seines Lebens. Jasmin lag mit offenen Augen da, der linke Arm hing aus dem Bett, von blauen Flecken \u00fcbers\u00e4t und ein Rinnsal getrockneten Blutes lief daran herab.",
            "wordcount": "518",
            "chapter_release": "22.04.2013",
            "chapter_number": "1"
        },
        "2": {
            "text": "Immer und immer wieder h\u00e4mmerte es. Luka hielt es kaum noch aus. Er fragte sich, woher dieses nervenzehrende H\u00e4mmern kam. Seitdem er gegen sieben Uhr aufgestanden war, gab es kaum f\u00fcnf Minuten, in denen es ruhig war. Mittlerweile war es 13 Uhr und Luka sehnte sich nach der Mittagsruhe. Heute wollte er unbedingt den ersten Teil seines Romans fertig schreiben, aber daf\u00fcr ben\u00f6tigte er vor allem \u0001 \u0002 H\u00e4mmern h\u00f6rte auf und Luka beschloss, dass es Zeit w\u00e4re sich etwas zu essen zu machen. In Gedanken versunken durchsuchte er den K\u00fchlschrank nach etwas Essbarem. Da begann das H\u00e4mmern wieder. \u201eJetzt reicht es mir aber\u201c, sagte Luka und \u00f6ffnete die Wohnungst\u00fcr, um herauszufinden, woher das H\u00e4mmern kam. Niemand war gerade dabei ein- oder auszuziehen, so dass er sich nicht erkl\u00e4ren konnte, wer es aus dem Haus sein sollte. Im Flur h\u00f6rte er das H\u00e4mmern auch, also beschloss er einfach mal bei allen Nachbarn zu klingeln. Zwei Stunden Ruhe konnte er wirklich gebrauchen und notfalls w\u00fcrde er noch einmal auf die Hausordnung verweisen, falls ihm jemand dumm kommen \u0001 \u0002 den Nachbarn war es niemand, der das H\u00e4mmern verursachte und sonst hatte es auch kein anderer wahrgenommen. Luka fragte sich, ob er langsam verr\u00fcckt werden w\u00fcrde. Es konnte doch nicht sein, dass niemand au\u00dfer ihm das h\u00f6ren konnte. Resigniert ging er wieder in seine Wohnung und schloss die T\u00fcr hinter sich ab. Die Klingel stellte er aus. Er wollte einfach nur seine Ruhe haben. Seit drei Tagen war Marina nun weg und seit drei Tagen schlief er sehr schlecht. Au\u00dferdem hatte er, bedingt durch den Schlafmangel, nahezu anhaltend Kopfschmerzen gegen die auch keine Tabletten halfen oder nur f\u00fcr kurze Zeit. \u201eMorgen wird sich das bestimmt \u00e4ndern, dann kommt Marina endlich von ihrer Fortbildung zur\u00fcck\u201c, sagte er halblaut zu sich, w\u00e4hrend er weiter den K\u00fchlschrank durchforstete. Dann ging dieses H\u00e4mmern wieder los und da Luka nichts ansprechendes im K\u00fchlschrank gefunden hatte, beschloss er kurzerhand einfach ausw\u00e4rts zu essen. Nur zwei Stra\u00dfen weiter, befand sich ein Chinese, der sehr gut war. Marina und Luka hatten schon \u00f6fters in diesem, mit dem typischen Kitsch eingerichteten, Restaurant \u0001 \u0002 Stunde sp\u00e4ter befand sich Luka auf dem Heimweg. Als er den Hausflur betrat, lauschte er erst einmal. Er h\u00f6rte nichts und ging zur\u00fcck in seine Wohnung. Tr\u00e4ge vom chinesischen Essen, setzte er sich an seinen Computer und \u00f6ffnete die Datei, die seinen Roman enthielt. Heute hatte er noch kein Wort geschrieben und er hoffte, dass es nicht so bleiben w\u00fcrde. Bevor er sich jedoch durchgerungen hatte, eine Taste anzuschlagen, beschloss er sich erst einen Kaffee \u0001 \u0002 der Kaffee durchgelaufen war, nahm er seine Lieblingstasse und setzte sich wieder vor den Bildschirm des Computers. An seinem Kaffee nippend, las er sich das Kapitel noch einmal durch, welches er am gestrigen Tag verfasst hatte. Dann begann wieder dieses H\u00e4mmern, vor Schreck h\u00e4tte er beinahe seine Tasse fallen lassen, so vertieft war er in die Lekt\u00fcre gewesen. W\u00fctend lief er durch die Wohnung und ging auf den Balkon, vielleicht konnte er hier herausfinden, woher das H\u00e4mmern kam. Es klang fast so, als w\u00fcrde es aus dem n\u00e4chsten Haus kommen, also ging er dorthin und klingelte bei den vermeintlichen \u00dcbelt\u00e4tern. Er riss sich zusammen als die Gegensprechanlage ert\u00f6nte und versuchte sein Anliegen freundlich zu schildern, aber die junge Frau teilte ihm mit, dass das H\u00e4mmern nicht von ihr k\u00e4me und sie auch nichts geh\u00f6rt h\u00e4tte. Frustriert ging Luka zur\u00fcck, vielleicht w\u00fcrde ihm ein kleiner Spaziergang helfen, endlich etwas zur Ruhe zu kommen. Zwei Stunden sp\u00e4ter schloss er abermals die Haust\u00fcr auf und lauschte. Wieder war nichts zu h\u00f6ren. Er wollte Marina anrufen, das w\u00fcrde ihn sicherlich beruhigen und ablenken. Nach dem vierten Klingeln nahm sie ab und freute sich seine Stimme zu h\u00f6ren. Luka erz\u00e4hlte von seinem Horrortag und versuchte Marina mal wieder davon zu \u00fcberzeugen, dass sie umziehen mussten. Marina versuchte ihn zu beruhigen. Dann h\u00e4mmerte es wieder. \u201eMarina, das hast du doch jetzt geh\u00f6rt oder?\u201c, fragte Luka. \u201eNein ich habe nichts geh\u00f6rt, du wei\u00dft doch wie schlecht der Empfang hier ist. Ich bin schon froh, dass wir \u00fcberhaupt telefonieren k\u00f6nnen und die Verbindung nicht st\u00e4ndig unterbrochen wird.\u201cNachdem Marina ihm von ihrem Tag erz\u00e4hlt hatte und sie noch einiges Gepl\u00e4nkel ausgetauscht hatten, legte Luka auf. Jetzt ging es ihm tats\u00e4chlich etwas besser, seine Kopfschmerzen waren nicht mehr so stark wie am Mittag und das H\u00e4mmern h\u00f6rte er auch nicht mehr. Endlich konnte er wieder \u0001 \u0002 war schon sp\u00e4t als Lukas Magen sich meldete. Ununterbrochen hatte er geschrieben seitdem er mit Marina telefoniert hatte. In der K\u00fcche belegte er sich ein Brot mit Wurst und K\u00e4se, kochte sich einen Tee und ging wieder ins Arbeitszimmer. W\u00e4hrend des Essens las er, was er soeben verfasst hatte und war nach einigen kleinen Sch\u00f6nheitskorrekturen zufrieden. Dann begann es wieder zu H\u00e4mmern, aber lauter als es den ganzen Tag \u00fcber gewesen ist. Luka wollte gerade aufspringen und wieder die Nachbarn befragen, als neben ihm in der Wand Risse erschienen. Unf\u00e4hig sich zu bewegen, starrte er an die Wand, die krachend ineinander zusammen fiel. Aus ihr trat ein Wesen hervor, das g\u00e4nzlich von Feuer umgeben war, eine kaum auszuhaltende Hitze ging von ihm aus. Seine Augen gl\u00fchten rot und es starrte Luka an. Dieser sa\u00df wie gel\u00e4hmt auf seinem Stuhl, das konnte er sich doch nur einbilden. Er schloss die Augen und versuchte sich zu entspannen. Als er sie wieder \u00f6ffnete, sah er die Hand des Wesens, die sich langsam seinem Gesicht \u0001 \u0002 n\u00e4chsten Tag \u00f6ffnete Marina die Wohnungst\u00fcr und rief freudig nach Luka. Sie erhielt jedoch keine Antwort. Sich dar\u00fcber wundernd ging sie ins Arbeitszimmer, wo Luka mit dem R\u00fccken zu ihr sa\u00df. Sie drehte den Stuhl um und schreckte zur\u00fcck. Lukas Haare waren versengt, seine Haut an einigen Stellen rot, an anderen schwarz, richtig verkohlt. Marina schrie laut und verstummte aber sogleich, als sie sah, was auf Lukas Bildschirm stand: Die erste Begegnung mit dem Feuerwesen.",
            "wordcount": "987",
            "chapter_release": "22.04.2013",
            "chapter_number": "2"
        },
        "3": {
            "text": "Sophie hatte wirklich keine Lust auf die Geburtstagsfeier von Sam. Jedes Jahr war es das gleiche und Sam war daf\u00fcr bekannt sich immer neue dumme Sachen auszudenken. Letztes Jahr wollte er Topfschlagen spielen, nur dass die T\u00f6pfe aus Glas waren und man mit einem Hammer danach suchen sollte. Das d\u00fcmmste daran war aber, dass man dazu auch noch die H\u00e4nde zusammengebunden bekam. Der Hammer wurde dann mit in das Seil gebunden, so dass man kaum steuern konnte, wohin man schlug. Eine hohe Verletzungsgefahr gab es obendrein auch noch, trotzdem hatte sich seltsamerweise niemand verletzt, obwohl der Topf nat\u00fcrlich zerschlagen wurde. Dann gab es da noch dieses seltsame Flaschendrehen mit zwei aneinander befestigten Flaschen. Die Flaschen zeigten somit immer auf zwei Personen und Sams Fragen waren wirklich unter der G\u00fcrtellinie und die alternativen Mutproben \u0001 \u0002 waren mehr als genug Gr\u00fcnde f\u00fcr Sophie der Feier fernzubleiben. Sie hatte vor eine Erk\u00e4ltung vorzut\u00e4uschen. Leider hatte ihr Mann Michael es wieder einmal geschafft sie zu \u00fcberreden doch hinzugehen: \u201eEs wird dir gut tun mal wieder raus zu kommen und Leute zu treffen. Au\u00dferdem w\u00e4ren Sam und Lisa sicherlich sehr entt\u00e4uscht, wenn du nicht kommen w\u00fcrdest. Immerhin kennst du die beiden doch schon seit 10 Jahren.\u201cVielleicht hatte er nicht ganz unrecht. Trotzdem hatte sie schon beschlossen, sich auf keinen Fall auf die d\u00e4mlichen Spiele, die sich Sam mit Sicherheit wieder ausgedacht hatte, einzulassen. Die Fahrt zu Sam und Lisa dauerte nur 10 Minuten und Sophie beschlich ein ungutes Gef\u00fchl. Michael klingelte und kurz darauf \u00f6ffnete Sam die T\u00fcr. Er war mit einer schwarzen Lederhose und einem schwarzen Hemd bekleidet, hinter ihm erschien Lisa, die doch tats\u00e4chlich den gleichen Kleidungsstil hatte, nur dass sie anstelle des Hemdes eine Bluse trug. Beide hatten wei\u00df geschminkte Gesichter, die Augen schwarz umrundet und trugen schwarzen Lippenstift. \u201eKommt doch rein und lasst uns Spa\u00df haben\u201c, sagte Sam mit einem s\u00fcffisanten L\u00e4cheln. Sophie dachte, dass er sich wohl insgeheim mal wieder \u00fcber sie lustig machte mit ihren Bluejeans und ihrer wei\u00dfen Bluse. Offensichtlich hatten die beiden eine Mottoparty geplant, ohne das Motto jemandem mitzuteilen. Die restlichen G\u00e4ste hatten jedenfalls keine ledernen oder schwarzen Sachen an und trugen auch kein 'gothicartiges' Make-up. Es hatten sich kleine Gruppen gebildet und man unterhielt sich \u00fcber dies und das, bediente sich am B\u00fcffet und ging hinaus in den Garten, um die letzten Strahlen der Herbstsonne zu genie\u00dfen. Sophie musste Michael recht geben, es tat ihr wirklich gut sich mit anderen Menschen zu unterhalten und Sam hatte bisher noch kein d\u00e4mliches Spiel angek\u00fcndigt. Inzwischen war es dunkel geworden und Sam kam aus der K\u00fcche und stellte ein Tablett mit den unterschiedlichsten Alkoholsorten auf den Tisch. Lisa kam ebenfalls aus der K\u00fcche und stellte ein anderes Tablett, mit alkoholfreien Getr\u00e4nken auf den Tisch. \u201eBitte bedient euch, das meiste hier sind noch Reste, die wir unbedingt loswerden m\u00f6chten. Wer will schlie\u00dflich schon einen ganzen Schrank voll haben mit angefangen Spirituosen. Ich hole gleich noch Gl\u00e4ser und Bier.\u201c Damit gingen Sam und Lisa wieder in die K\u00fcche. Sophie mixte sich erst einmal Whisky und Cola, so konnte sie sicher sein, dass sie den Abend gut \u00fcberstehen w\u00fcrde, falls Sam doch noch eine seiner Ideen in die Tat umsetzen w\u00fcrde. Sp\u00e4ter k\u00f6nnten sie mit einem Taxi nach Hause fahren und das Auto morgen abholen. Das hatten Michael und Sophie schon auf der Fahrt besprochen. \u201eWas haltet ihr denn von einem kleinen Spiel?\u201c, sagte Sam als er wieder ins Zimmer kam. \u201eIch dachte da an ein Partnerspiel, alles ganz harmlos. Es soll nur darum gehen, wie gut ihre euren Partner kennt.\u201c Sophie seufzte laut, sie hatte es bef\u00fcrchtet und ging hinaus in den Garten um eine Zigarette zu rauchen, so w\u00fcrde sie sicherlich dem dummen Spiel entgehen k\u00f6nnen. Lisa gesellte sich zu ihr und sagte dann: \u201eKeine Sorge, dass ist nicht eines der abgewandelten Kindergeburtstagsspiele, wir haben das letztens in einer Zeitschrift gelesen und wollten es unbedingt mal ausprobieren.\u201c\u201eWorum soll es denn dabei gehen?\u201c, fragte Sophie und riss sich zusammen um ihrer Stimme keinen entnervten Unterton zu geben.\u201eEigentlich ist es nichts weiter, man sitzt R\u00fccken an R\u00fccken mit seinem Partner und beantwortet Fragen. Also wirklich ganz harmlos. Es geht dabei darum, wie gut man den anderen kennt. Du bist doch schon so lange mit Michael zusammen, das ist doch bestimmt keine Herausforderung f\u00fcr euch.\u201c Lisa l\u00e4chelte Sophie an, die sich doch breitschlagen lie\u00df. Dieses Spiel klang wirklich ungef\u00e4hrlich. Die beiden Frauen gingen gemeinsam wieder ins Haus, wo sich die anderen Paare schon auf die St\u00fchle gesetzt hatten. Michael sa\u00df ebenfalls schon auf einem Stuhl und Sophie lie\u00df sich auf dem leeren Stuhl nieder, der mit der Lehne zu dem von Michael stand. Sam r\u00e4usperte sich: \u201eDann lasst uns doch anfangen. Ich werde die Fragen stellen, danach geht Lisa die Reihen durch und h\u00f6rt sich eure Antworten an. Zun\u00e4chst werden die M\u00e4nner Lisa ihre Antwort ins Ohr fl\u00fcstern. Die Frauen sagen ihre Antwort laut und wenn ihr die gleichen Antworten gegeben habt, bekommt ihr einen Punkt.\u201c \u201eUnd was gewinnen wir, wenn wir die meisten Punkte haben?\u201c, fragte Martin, der mit seiner Frau Mel ebenfalls jedes Jahr hier war. \u201eIhr gewinnt, dass ihr euch sicher sein k\u00f6nnt zusammen zu passen. Ist das nicht Belohnung genug?\u201c, frotzelte Sam. \u201eNein nat\u00fcrlich haben wir uns einen Gewinn ausgedacht, aber ich will euch den Spa\u00df nicht verderben. Fangen wir an. Wenn euer Mann im Lotto gewonnen h\u00e4tte, welches Auto w\u00fcrde er sich dann kaufen?\u201cSophie musste lange \u00fcberlegen, Michael war niemand, der sich einfach ein Auto kaufen w\u00fcrde f\u00fcr sein pers\u00f6nliches Vergn\u00fcgen. Sie hatte noch ein wenig Zeit sich die Antwort zu \u00fcberlegen, denn Lisa war noch nicht am Ende der Stuhlreihe mit ihrem Notizblock angelangt. F\u00fcnf Minuten sp\u00e4ter, begann Sam der Reihe nach die Antworten durchzugehen. Martin und Mel waren bisher die einzigen, die einen Treffer gelandet hatten, jetzt war es an Sophie ihre Antwort kundzutun. \u201eIch glaube Michael w\u00fcrde sich dann einen Hummer zulegen.\u201c \u201eNein, Sophie, das stimmt leider nicht, Michael hat gesagt, dass er sich dann einen BMW X6 zulegen w\u00fcrde\u201c, grinste Sam sie schadenfroh an. Zum Gl\u00fcck konnte sie Michaels Gesicht nicht sehen, er w\u00fcrde bestimmt entt\u00e4uscht sein. Wie konnte sie nur so dumm sein, nat\u00fcrlich wollte er immer schon einen BMW, das hatte er ihr bereits am Anfang ihrer Beziehung gesagt. \u201eMachen wir weiter, diesmal m\u00fcssen die M\u00e4nner antworten und die Frauen fl\u00fcstern Lisa die Antwort zu. Welchen zweiten Vornamen w\u00fcrde eure Frau eurem ersten Sohn geben?\u201c Sophie begann zu schwitzen, sie hatte mit Michael noch nie dar\u00fcber gesprochen. Das Thema Kinder lag f\u00fcr sie in weiter Ferne und sie war sich auch nicht zu einhundert Prozent sicher, ob sie \u00fcberhaupt ein Kind mit Michael haben wollte. Lisa kam jetzt zu ihr, da musste sie sich schnell etwas \u00fcberlegen. Nat\u00fcrlich hatten Michael und sie wieder nicht die gleiche Antwort gegeben. Vielleicht hatten sie die n\u00e4chsten Male etwas mehr Gl\u00fcck. Nach weiteren 10 Fragen, war abzusehen, dass sie und Michael das Spiel auf keinen Fall gewinnen w\u00fcrden. Langsam begann sich Sophie zu fragen, ob Michael wirklich der Partner f\u00fcrs Leben war. Die Fragen waren schlie\u00dflich nicht so schwierig, aber bisher hatten sie nur einen Punkt bekommen. Sie begann sich schl\u00e4frig zu f\u00fchlen und wollte eigentlich Michael sagen, dass sie nach Hause gehen wollte, bekam aber keinen Ton \u0001 \u0002 erwachte Sophie, ihr Kopf f\u00fchlte sich schwer an. Sie hatte wohl einen Kater. Ihre Beine schmerzten und ihr R\u00fccken ebenso. Unter ihren Fingern f\u00fchlte sie etwas weiches, einen Teppich. Doch nicht so einen Teppich, wie Sam und Lisa hatten. Ihr Kopf wurde etwas klarer und sie bemerkte, dass sie auf dem Boden lag. Den Kopf hebend, versuchte sie etwas in ihrer Umgebung zu erkennen, aber es war alles nur dunkel. Der Strahl einer Taschenlampe richtete sich auf ihr Gesicht. \u201eSch\u00f6n dass du endlich wach bist Sophie\u201c, sagte Sam. Langsam versuchte Sophie aufzustehen, was ihr nach dem dritten Anlauf auch gelang. Sie war noch etwas zittrig auf den Beinen und setzte ganz vorsichtig einen Fu\u00df vor den anderen. Die Taschenlampe blendete sie, wurde aber pl\u00f6tzlich ausgeschalten, so dass sie jetzt gelbe Punkte inmitten der Dunkelheit sah. Ihr Fu\u00df stie\u00df gegen etwas weiches und sie tastete vorsichtig danach. Erst jetzt bemerkte sie, dass sie barfu\u00df war. Behutsam setzte sie ihren Fu\u00df \u00fcber das Hindernis, trat in etwas glitschiges und rutschte aus. Ihre H\u00e4nde griffen ins Leere und sie fiel der L\u00e4nge nach hin, ihre Bluse sog sich mit einer Fl\u00fcssigkeit \u0001 \u0002 richtete die Taschenlampe wieder auf sie und sie erschrak, es war Blut was da auf dem Boden war, sehr viel Blut. Sophie musste einen Brechreiz unterdr\u00fccken und sah sich erneut um. Das weiche, was sie vorhin mit ihrem Fu\u00df abgetastet hatte, war Martin. Seine Augen waren offen und neben seinem Gesicht hatte sich eine Blutlache gebildet. Sie begann zu schreien und bekam aber sofort eine Hand auf den Mund gepresst. \u201eSei doch still, du wolltest es doch so.\u201c \u201eWas wollte ich?\u201c, fragte sie mit d\u00fcnner Stimme. \u201eNa wir passen einfach viel besser zusammen als alle anderen. Sie haben doch nur gelogen und sich die gro\u00dfe Liebe vorgegaukelt. Wir beide geh\u00f6ren zusammen. Deine Antworten waren alle richtig, ich wusste schon l\u00e4ngst, dass wir das perfekte Paar abgeben w\u00fcrden. Du bist meine Traumfrau und ich habe alle st\u00f6renden Elemente beseitigt. Schau dort hinten ist Michael und neben ihm liegt Lisa. Die beiden passen viel besser zusammen.\u201c Der Strahl der Taschenlampe beleuchtete die hintere Ecke des Raumes, dort lagen Michael und Lisa eng umschlungen in einer Pf\u00fctze aus Blut und anderen Fl\u00fcssigkeiten.\u201eJetzt k\u00f6nnen wir f\u00fcr immer zusammen sein. Du wirst f\u00fcr immer bei mir sein.\u201c Sam streichelte ihr Gesicht und Sophie erbrach sich vor seinen F\u00fc\u00dfen.",
            "wordcount": "1.609",
            "chapter_release": "22.04.2013",
            "chapter_number": "3"
        },
        "4": {
            "text": "Endlich hatte ich das schon lang erhoffte Date mit Elena, sie studierte mit mir Chemie. Mehrere Monate hatte es gedauert, bis sie sich endlich von mir hatte einladen lassen. Fast schon hatte ich die Hoffnung aufgegeben. Ganz klassisch gingen wir ins Kino und danach wollten wir noch etwas essen. Bisher lief alles sehr gut und ich hatte mir keinen Patzer erlaubt, nicht so wie in meinem Alptraum von letzter Nacht. Nat\u00fcrlich hatte ich von dem Date getr\u00e4umt und in meinem Traum trat ich von einem Fettnapf in den n\u00e4chsten. Vom Kino aus gingen wir die Stra\u00dfe entlang zu einem Restaurant. Mittlerweile war dichter Nebel aufgezogen, der den L\u00e4rm der Autos verschluckte und f\u00fcr die Nacht war ein Sturm vorhergesagt. Das Restaurant war ein polnisches. Die polnische K\u00fcche kannte ich bisher so gut wie gar nicht und Elena ging es ebenso. Der Kellner war ein Pole und hatte dementsprechend einen Akzent als er uns begr\u00fc\u00dfte. Unsere Jacken wurden uns abgenommen und er begleitete uns zu einem Tisch in der N\u00e4he der Bar. Ich bestellte zun\u00e4chst ein Wasser und Elena fragte, ob sie einen Fencheltee bekommen k\u00f6nnte. Bei ihrer Bestellung fiel mir wieder auf, dass sie auf jeden Fall au\u00dfergew\u00f6hnlich war. Schmunzelnd widmete ich mich der Lekt\u00fcre der Karte. Diese war sehr fleischlastig und mir fiel wieder ein, dass Elena eigentlich Vegetarierin war. Elenas Gesichtsausdruck war voller Ekel, wahrscheinlich hatte sie gerade die Suppe gesehen, die mit Innereien gemacht wurde, was eines der Nationalgerichte der polnischen K\u00fcche ist. Als der Kellner zur\u00fcckkam um unsere Getr\u00e4nke zu bringen, fragte Elena, ob es auch vegetarische Gerichte geben w\u00fcrde. Daraufhin runzelte der Kellner die Stirn und entschuldigte sich damit, dass er in der K\u00fcche nachfragen wollte. Seufzend schaute mich Elena an: \u201eIch dachte eigentlich, dass man mittlerweile \u00fcberall vegetarische oder sogar vegane Gerichte bestellen k\u00f6nnte.\u201c\u201eDas dachte ich auch, mach dir nichts daraus, die werden bestimmt etwas f\u00fcr dich haben. Obwohl ich immer noch nicht verstehen kann, wieso man sich ohne Fleisch ern\u00e4hren m\u00f6chte.\u201c Genau das war einer der Fettn\u00e4pfe, die ich eigentlich vermeiden wollte. Erwartungsgem\u00e4\u00df stieg Elena gleich darauf eine leichte R\u00f6te ins Gesicht, sie blickte mich zornig an und sagte: \u201eIch dachte, dass du endlich einmal damit aufh\u00f6rst. Langsam denke ich, dass alle Menschen mit einem Y-Chromosom der Meinung sind, der Mensch ist ausschlie\u00dflich ein Fleischfresser.\u201cGerade wollte ich zu einer Erwiderung ansetzen, als der Kellner zur\u00fcckkam und Elena mitteilte, dass sie durchaus vegetarische Gerichte haben. Der Koch h\u00e4tte sogar heute eine ganz spezielle Empfehlung f\u00fcr sie. Sie l\u00e4chelte den Kellner an und sagte ihm, dass sie gern die Empfehlung der Kochs ausprobieren wolle. Der Kellner l\u00e4chelte ebenfalls und sagte zwinkernd, dass sie diese Wahl sicherlich nicht bereuen w\u00fcrde und zog sich \u0001 \u0002 ich Angst hatte, dass sie das Gespr\u00e4ch von eben wieder aufnehmen w\u00fcrde, begann ich \u00fcber den Film zu sprechen. Wir hatten uns einen Horrorfilm mit Werw\u00f6lfen angesehen, was Elenas Idee war. Mich hatte sehr erstaunt, dass eine Frau, die so h\u00fcbsch war, Horrorfilme mochte. Diesen Gedanken behielt ich allerdings f\u00fcr \u0001 \u0002 einer halben Stunde kam das Essen, ich hatte mir H\u00fchnchen bestellt und sie hatte verschiedenes ged\u00fcnstetes Gem\u00fcse und Salat bekommen. Schweigend a\u00dfen wir und ich lie\u00df den Abend noch einmal Revue passieren. Leicht nerv\u00f6s wurde ich, wenn ich an das dachte, was noch folgen sollte oder k\u00f6nnte. Bislang hatte Elena noch keine Bemerkung fallen lassen, wie es weiter gehen w\u00fcrde. Ich war auch nicht sehr zuversichtlich, dass es \u00fcberhaupt weitergehen w\u00fcrde. Schlie\u00dflich hatten wir uns noch nicht angefasst, nicht einmal im Kino. Mein Essen war vorz\u00fcglich und Elena hatte ihres auch genossen, wie sie mir mitteilte und wie beschlossen noch ein Dessert zu nehmen. Sie wollte ein Eis essen, aber da der Kellner ihre Frage bejaht hatte, dass darin Gelatine enthalten sei, entschied sie sich f\u00fcr eine Obstplatte. Kurze Zeit sp\u00e4ter kam der Kellner mit dem Dessert wieder. Die Obstplatte sah sehr gut aus, alles schien frisch zu sein, vertreten waren Erdbeeren, Pfirsich, Ananas und Mango. Nachdem wir fertig waren, bezahlte ich und wir gingen aus dem Restaurant zur\u00fcck auf die Stra\u00dfe. Ich h\u00f6rte, wie hinter uns die Jalousien des Restaurants geschlossen wurden. Meine H\u00e4nde wurden feucht als ich jetzt neben ihr stand und nicht wusste, was ich tun sollte. Ein vorbei fahrendes Auto blendete mich mit seinen Xenon-Scheinwerfern. Gerade als ich die Augen schloss um nicht geblendet zu werden, sp\u00fcrte ich, wie Elenas Lippen auf meine trafen. Vollkommen \u00fcberrumpelt, erwiderte ich ihren Kuss. Damit hatte ich wirklich nicht gerechnet. Ihre K\u00fcsse wurden immer fordernder und es bereitete mir fast schon Qualen als sie aufh\u00f6rte mich zu k\u00fcssen.\u201eWollen wir noch zu dir gehen, du wohnst doch in der N\u00e4he oder?\u201c, fragte sie mich grinsend. \u201eJa, das stimmt\u201c, murmelte ich, kaum f\u00e4hig richtig zu artikulieren. Auf dem Weg zu meiner Wohnung musste ich mich zwingen, nicht immer schneller zu laufen. Ich konnte kaum fassen, was Elena da angedeutet hatte. Der Weg erschien mir viel l\u00e4nger als sonst und endlich stand ich vor meiner Wohnungst\u00fcr und schloss auf. Kaum waren wir in der Wohnung, begann Elena mich erneut zu k\u00fcssen. Langsam zog ich ihre Kleidung aus und lotste sie in mein Schlafzimmer. Ich lie\u00df mich auf das Bett fallen und Elena war jetzt \u00fcber mir. Sie riss mein Hemd f\u00f6rmlich von meinem Oberk\u00f6rper und k\u00fcsste mich \u00fcberall, so dass ich auf dem besten Weg war, meine Beherrschung zu verlieren. Dann biss sie pl\u00f6tzlich zu, direkt unterhalb meiner Rippen. Vor Schmerz schrie ich auf, jedoch blieb mir der Schrei fast im Hals stecken als ich sie ansah. Elenas Mund war voller Blut und ihre Haut war ganz wei\u00df geworden, ihre Augen waren schwarz und gl\u00e4nzten. Sie sah aus wie eine Untote oder ein Zombie. Ich sp\u00fcrte einen weiteren Schmerz als sie mich wieder biss, danach wurde alles dunkel um mich \u0001 \u0002 n\u00e4chsten Tag stand der Kellner vor dem Restaurant und l\u00e4chelte bei dem Gedanken an das junge Paar von letzter Nacht. Sicherlich war die Nacht f\u00fcr beide unvergesslich gewesen, nachdem sie jetzt im Reich der Toten sein w\u00fcrden. Er hasste gl\u00fcckliche Paare und war froh, dass der Koch immer etwas besonderes f\u00fcr diese hatte. Sich sch\u00fcttelnd, schloss er die T\u00fcr zum Restaurant auf und betrachtete noch einmal das Schild auf polnisch \u00fcber dem \u0001 \u0002 \u00dcbersetzung lautete: \u201eNur ein weiteres Opfer\u201c",
            "wordcount": "1.046",
            "chapter_release": "22.04.2013",
            "chapter_number": "4"
        },
        "5": {
            "text": "Mein Name ist Anastasia. Eigentlich hatte ich mir mein Leben anders vorgestellt, aber das macht nichts, denn ich bin gl\u00fccklich. Vor einigen Jahren wusste ich nicht so recht, was ich mit mir anfangen soll. Die Schule hatte ich abgeschlossen, aber einen richtigen Plan f\u00fcr mein zuk\u00fcnftiges Leben hatte ich nicht. Meine Eltern konnten mir da nicht helfen, zwar hatten sie viele Vorschl\u00e4ge, jedoch wirklich angesprochen hat mich davon nichts. Deshalb ging ich freiwillig f\u00fcr ein Jahr ins Ausland. Dort wollte ich als Au-Pair-M\u00e4dchen einfach etwas Neues kennen lernen und mir dar\u00fcber klar werden, was ich mit meinem Leben anfangen wollte. Zun\u00e4chst schien dies eine gute Idee zu sein. Ich kam bei einer freundlichen Familie unter. Leider kam es dann anders, trotz des idyllischen Familienlebens bemerkte ich, dass etwas nicht stimmte. Nach nur zwei Wochen wusste ich, was das war. Die Frau hatte einen Liebhaber und der Mann eine Geliebte. Das hatten sie mir von Anfang an zwar gesagt, aber ich h\u00e4tte zu diesem Zeitpunkt schon stutzig werden sollen. Eine offene Beziehung kann doch nicht gut gehen. Obwohl ich noch nicht so alt war und keinerlei Erfahrungen mit Beziehungen hatte, schien mir diese Idee doch eine schlechte zu sein. Jedenfalls gab es nach zwei Wochen einen heftigen Streit und die Frau ging. Am n\u00e4chsten Tag k\u00fcmmerte ich mich wie die Tage zuvor um die drei Kinder und hoffte, dass die Frau doch bald zur\u00fcck k\u00e4me. Sie kam aber nicht und der Mann schickte mich zum Einkaufen. Kein leichtes Unterfangen, war ich doch erst kurze Zeit hier und der Sprache nur bedingt m\u00e4chtig. Entsprechend lange dauerte mein Einkauf in dem kleinen Tante-Emma-Laden. Auf dem Weg zum Haus meiner Gastfamilie fuhren ein Polizeiwagen und mehrere Krankenwagen an mir vorbei. Gedacht habe ich mir dabei noch nichts, erst als ich sah, dass sie vor dem Haus hielten, in das ich hinein wollte. Nat\u00fcrlich wurde ich nicht vorbei gelassen und die Polizei stellte mir viele Fragen, wovon ich die meisten nicht verstand. Wenigstens konnte ich ihnen mitteilen, dass ich als Au-Pair hier war. Daraufhin teilten sie mir mit, dass die Familie tot sei. N\u00e4heres sagten sie mir nicht. Ich wollte den Polizisten fragen, was ich jetzt tun sollte, aber er war zu besch\u00e4ftigt und winkte nur ab als ich auf ihn \u0001 \u0002 sollte ich jetzt tun? Schlie\u00dflich war ich in einem fremden Land und zu allem \u00dcberfluss auch noch in einem kleinen Kaff, wo es noch nicht einmal einen Supermarkt gab. Nachdem ich eine ganze Weile ziellos umher gelaufen bin, entschloss ich mich zur Polizei zu gehen. Dort konnte mir aber niemand helfen oder wollte nicht, da alle vollauf mit dem Tod meiner Gastfamilie besch\u00e4ftigt waren. Dann brach ich zusammen, weinend setzte ich mich einfach auf den Bordstein. Irgendwann sprach mich eine Frau an. Sie war so um die vierzig sch\u00e4tzte ich und fragte mich, was denn los sei. Mit meinen wenigen Sprachkenntnissen war das ziemlich schwierig, aber dann lud sie mich in ein Caf\u00e9 ein. Immerhin konnte ich ihr begreiflich machen, in welcher Lage ich mich nun befand. Geduldig h\u00f6rte sie sich alles an und versuchte mich zu tr\u00f6sten. Sp\u00e4ter nahm sie mich mit zu sich, was mich im ersten Moment \u00fcberraschte. Zugleich hatte ich Angst, denn ich kannte die Frau nicht und wusste nichts \u00fcber sie. Gl\u00fccklicherweise wohnte sie allein, was mich ein wenig beruhigte und sie stellte mir ein kleines Zimmer zur Verf\u00fcgung. Am Tag darauf ging ich morgens mit ihr in einen Blumenladen. Es stellte sich heraus, dass das ihr Laden war und ich blieb den ganzen Tag bei ihr und half so viel ich konnte. Damit begann es. Ich blieb bei dieser Frau und sie bildete mich aus. Mittlerweile habe ich einen eigenen Blumenladen und bin immer noch in dem Land, wo es mich als Au-Pair hin verschlagen hatte. Meinen Eltern hatte ich in einem Brief geschrieben, in dem ich mitteilte, dass es mir gut geht und sie sich nicht sorgen m\u00fcssen. Das ist jetzt schon mehrere Jahre her und au\u00dfer einem Antwortbrief habe ich nichts mehr von ihnen geh\u00f6rt. Irgendwann erfuhr ich, dass sie bei einem Autounfall umgekommen sind. Deshalb blieb ich hier, nicht im gleichen Ort, aber im gleichen \u0001 \u0002 hatte ich sparen m\u00fcssen um meinen eigenen Laden er\u00f6ffnen zu k\u00f6nnen. Manchmal frage ich mich, was passiert w\u00e4re, wenn alles anders gekommen w\u00e4re. Wahrscheinlich h\u00e4tte ich dann nie erfahren, was meine Berufung ist. Denn meine Berufung sind Blumen. Sicherlich h\u00f6rt sich das seltsam an, aber es ist so. Luxus kann ich mir keinen leisten, daf\u00fcr wirft das Gesch\u00e4ft nicht genug ab, dennoch bin ich froh, dass alles so ist, wie es ist. Seit kurzem habe ich eine Auszubildende. Ihr Name ist Deliah und bisher erweist sie sich als gro\u00dfe Hilfe. Heute wird sie eine der unsch\u00f6neren Seiten dieses Berufes kennen lernen, denn ich hatte eine Bestellung f\u00fcr eine Beerdigung auszuliefern. Mir ist es schon einige Male passiert, dass ich die Hinterbliebenen beim Arrangieren der Blumen getroffen habe. Das hat bei mir immer ein Gef\u00fchl der Beklemmung hinterlassen. Deswegen hoffte ich, dass Deliah davon verschont blieb. Wir tragen eigentlich immer Sch\u00fcrzen wenn wir die Blumenstr\u00e4u\u00dfe zusammenstellen. Allerdings hielt ich es f\u00fcr angemessen, dass wir diese auszogen als wir vor dem Bestattungsinstitut anhielten. Der Inhaber des Bestattungsinstitut kam heraus und begr\u00fc\u00dfte mich. Wir kannten uns schon etwas l\u00e4nger. Er gab mir oft Auftr\u00e4ge, wenn die Hinterbliebenen sich nicht selbst k\u00fcmmern wollten oder konnten, sonst empfahl er mich. F\u00fcr diese Beerdigung hatte er mich selbst beauftragt. Wir holten die verschiedenen Kr\u00e4nze und Str\u00e4u\u00dfe aus dem Auto, um die Trauerhalle damit zu schm\u00fccken. Offensichtlich hatten wir Gl\u00fcck, denn die Trauerhalle war leer. Deliah verkrampfte sich etwas beim Anblick der trostlosen Umgebung, ich legte ihr eine Hand auf die Schulter und sagte ihr, wo sie die Blumenkr\u00e4nze hinlegen sollte. Danach widmete ich mich den Str\u00e4u\u00dfen und arrangierte sie nach meinen Vorstellungen. All das dauerte nur eine Viertelstunde und Deliah hatte sich ein wenig entspannt, da die Umgebung durch die Blumen etwas weniger deprimierend wurde. Ob dies die Hinterbliebenen ebenso sehen w\u00fcrden, wusste ich nicht. Das einzige was ich wusste war, dass die Blumen dazu gedacht waren Trost zu spenden. Als wir am Tag vorher alles vorbereitet hatten, hatte ich Deliah mit den einzelnen Bedeutungen der Blumen bereits vertraut gemacht und ihr auch erkl\u00e4rt, welche Farben f\u00fcr diesen traurigen Anlass geeignet sind. Da ich keine Anweisungen erhalten hatte und nicht wusste, welche die Lieblingsblumen der Verstorbenen waren, hatte ich mich ganz klassisch f\u00fcr Lilien, Callas und Vergissmeinnicht entschieden. An der T\u00fcr drehte ich mich noch einmal um, um zu pr\u00fcfen, ob alles so war, wie ich es mir ausgemalt hatte. Zufrieden ging ich in Richtung Ausgang, als ich hinter mir eine Stimme vernahm. Ein Mann kam auf mich zu. Es war der Freund der Verstorbenen und er wollte sich bei mir f\u00fcr die sch\u00f6nen Blumen bedanken. Ich dr\u00fcckte mein Beileid aus und sagte ihm, dass ich das gern getan habe und musterte ihn. Wie ich solche Momente hasste und die Tatsache, dass der Mann wohl erst Mitte zwanzig war, machte es nicht besser. Mit der Entschuldigung, dass ich wieder zur\u00fcck in meinen Laden m\u00fcsse, verabschiedete ich mich. Als ich vor dem Bestattungsinstitut die T\u00fcr hinter mir geschlossen hatte, atmete ich erst einmal tief durch. Deliah stand neben dem Transporter und fragte warum das so lange gedauert hatte. Kurz erkl\u00e4rte ich ihr, was passiert war, dann stiegen wir ein und fuhren zur\u00fcck. Den Rest des Tages gab ich Deliah frei, f\u00fcr heute stand nur noch die Inventur aus. Der junge Mann ging mir nicht mehr aus dem Kopf, besonders betroffen hatte er nicht gewirkt, aber jeder ging wohl anders mit seiner Trauer um. Mittlerweile war es Nachmittag und ich hatte gerade die Inventur beendet, als das Gl\u00f6ckchen \u00fcber der Ladent\u00fcr ert\u00f6nte. Ein Mann mit graumeliertem Haar und einem schwarzen Anzug kam in das Gesch\u00e4ft und hielt direkt auf mich zu. Er wollte zehn rote Rosen f\u00fcr seine Frau. Ich begann den Strau\u00df zusammenzustellen und er erz\u00e4hlte mir, dass er l\u00e4ngere Zeit auf Gesch\u00e4ftsreise war und seiner Frau eine Freude machen wollte. Wieder so eine Geschichte, ich h\u00f6rte nur mit halbem Ohr hin. Manchmal hatte ich das Gef\u00fchl, dass die Menschen mich mit einer Barkeeperin verwechselten. Nachdem ich den Strau\u00df auf die Theke gelegt hatte um das Geld zu kassieren, fragte er mich, ob ich vielleicht Lust h\u00e4tte, mit ihm einen Kaffee trinken zu gehen. H\u00f6flich l\u00e4chelnd, lehnte ich ab indem ich ihm sagte, dass ich noch eine Menge zu tun h\u00e4tte. Resignierend gab er mir das Geld, nahm den Strau\u00df und ging. Wieder so ein Typ, der wohl ein schlechtes Gewissen hatte oder vielleicht auch nicht. Dass mich jemand auf einen Kaffee einladen wollte, passierte nicht so oft. Meistens kamen die M\u00e4nner mit gesenktem Kopf und liefen etwas ziellos im Laden umher. Man sah ihnen f\u00f6rmlich an, was sie getan hatten und ich hatte immer die Aufgabe einen besonders h\u00fcbschen Strau\u00df anzufertigen. H\u00e4ufig hatten sie nicht einmal eine Vorstellung, wie der Strau\u00df genau aussehen sollte und sagten, dass ich ihn so gestalten solle, wie er mir gefallen w\u00fcrde. Zwischenzeitlich hatte ich mir sogar \u00fcberlegt ein Plakat mit den verschiedenen Bedeutungen der Blumen aufzuh\u00e4ngen, so dass die M\u00e4nner sie sich selbst aussuchen k\u00f6nnten. Andererseits belebte es das Gesch\u00e4ft, dass viele M\u00e4nner fremdgingen. Sicherlich war das umgekehrt ebenso, aber Frauen w\u00fcrden ihren M\u00e4nnern sicherlich keine Blumen zur Beruhigung ihres Gewissens \u0001 \u0002 ich gerade den Laden abschlie\u00dfen wollte, kam ein Mann auf den Laden zu gerannt. Ich hielt ihm die T\u00fcr auf und unterdr\u00fcckte einen Schreckensschrei. Es war der Mann aus dem Beerdigungsinstitut. Sch\u00fcchtern l\u00e4chelte er mich an und fragte, ob ich schon geschlossen h\u00e4tte. Nachdem ich ihm gesagt hatte, dass ich genau dies gerade tun wollte, lud er mich zum Essen ein. Damit wolle er sich bedanken weil meine Blumenarrangements so sch\u00f6n gewesen w\u00e4ren. Solch eine Situation hatte ich bisher noch nicht erlebt und ich wollte nicht unh\u00f6flich sein. Mir fiel auf, dass er sehr blass war und die Ringe unter den Augen deuteten darauf hin, dass er schon l\u00e4nger keine ruhige Nacht mehr verbracht hatte, was in seiner Lebenslage mich auch nicht verwunderte. Wir gingen in ein nahegelegenes Restaurant und er erz\u00e4hlte mir von seiner verstorbenen Freundin. Es war nicht das erste Mal, dass er eine seiner Freundinnen begraben musste. Vorher hatte er ebenfalls schon einige von ihnen verloren. Warum sagte er nicht und ich traute mich nicht ihn danach zu fragen. Sp\u00e4ter, als wir zusammen gegessen hatten, begleitete er mich zur\u00fcck. Ich hatte eine kleine Wohnung \u00fcber dem Laden gemietet. Als ich mich verabschieden wollte, fragte er, ob er noch einige Rosen haben k\u00f6nne, um sie zum Grab seiner Freundin zu bringen. Bereitwillig \u00f6ffnete ich die T\u00fcr zu meinem Laden. Er l\u00e4chelte, schloss die T\u00fcr ab und kam auf mich zu.\u201eWei\u00dft du wie sehr ich mich nach dir gesehnt habe? Schon als du damals als Au-Pair-M\u00e4dchen zu uns kamst, gingst du mir nicht mehr aus dem Kopf. Ich hatte nur den Wunsch mit dir vereint zu sein, deshalb habe ich sie alle get\u00f6tet. Ich wollte dich f\u00fcr mich allein, aber du warst fort, bist einfach nicht mehr wieder gekommen.\u201cAm n\u00e4chsten Morgen stand Deliah etwas ratlos vor dem Blumenladen. Normalerweise war er immer schon offen als sie ankam. Sie kramte in ihrem Rucksack nach dem Schl\u00fcssel und schloss auf. Ger\u00e4uschvoll lie\u00df sie die T\u00fcr hinter sich wieder ins Schloss fallen und ging in Richtung Ladentheke. Gerade als sie rufen wollte, sah sie hinter die Theke und bekam einen Schock. Dort lag sie mit geschlossenen Augen. Was Deliah aber noch mehr schockierte, war der Anblick, der sich ihr bot. Vollkommen blass lag Anastasia da, ihr K\u00f6rper war verziert mit zweifachen kleinen Einstichen. In jedem von ihnen steckte eine rote Rose.",
            "wordcount": "1.958",
            "chapter_release": "22.04.2013",
            "chapter_number": "5"
        },
        "6": {
            "text": "Alex hatte sie im Fernsehen gesehen und war seitdem von ihr besessen. Vor einigen Monaten war es nachts so hei\u00df, dass er nicht schlafen konnte, deshalb hatte er fern gesehen. In einer Pseudo-Reality-Doku, die das Thema Auswandern hatte, sah er sie. Noch nie hatte er diese Art Sendung angeschaut, aber zuf\u00e4llig lief sie gerade in dem Moment, als er den Fernseher einschaltete. Irgendetwas war in dem Augenblick passiert, als er Marina gesehen hatte. Sie entsprach seiner Vorstellung einer Traumfrau \u00fcberhaupt nicht, nicht dass er jemals an so etwas geglaubt h\u00e4tte. Ebenso wenig glaubte er an Liebe auf den ersten Blick. In dieser Nacht fand er kaum noch Schlaf und das Bild dieser Frau tauchte immer wieder in seinen Gedanken auf. Deswegen setzte er sich an seinen Computer und suchte nach der kompletten Folge, da er nur die letzten Minuten gesehen hatte. So erfuhr er, dass Marina ausgewandert war, um in Australien ein Bistro zu er\u00f6ffnen. Er notierte sich alles, um sp\u00e4ter weitere Nachforschungen anstellen zu k\u00f6nnen. Schlie\u00dflich k\u00f6nnte es sich dabei auch um Laien-Darsteller handeln. Diese Art von Serien waren in letzter Zeit sehr beliebt. Man blieb kaum davon verschont, deswegen hatte Alex davon geh\u00f6rt, obwohl er solchen Dingen eigentlich nie Aufmerksamkeit schenkte. Leider gab es ein Problem, denn Marina war nicht allein dorthin gegangen, sondern ihr Mann, ihre kleine Tochter und ihr Sohn waren mit ihr ausgewandert. Aus diesem Grund recherchierte er vorerst nicht weiter, doch ging ihm die Frau in den n\u00e4chsten Wochen nicht mehr aus dem Kopf. Durch nichts konnte er sich von ihr ablenken, allm\u00e4hlich begann seine Arbeit darunter zu \u0001 \u0002 Monate sp\u00e4ter hatte Alex seinen Job gek\u00fcndigt, seine Eigentumswohnung verkauft und ein Visum f\u00fcr Australien beantragt. Sein Job war sehr eintr\u00e4glich gewesen und er hatte vor einigen Jahren eine Erbschaft erhalten, die er gewinnbringend angelegt hatte. Um Geld musste er sich keine Sorgen machen, also musste er nicht lange \u00fcberlegen. Es hielt ihn nichts in Deutschland, zu seiner Familie hatte er keinen Kontakt. Freunde hatte er nie, er hatte keine Zeit um Freundschaften zu pflegen. Laut seiner Recherchen lebte Marina in Gold Coast, an der S\u00fcdostk\u00fcste von Queensland. Zun\u00e4chst mietete er sich in einer kleinen Pension ein Zimmer. T\u00e4glich ging Alex in dem kleinen Bistro essen, um sie beobachten zu k\u00f6nnen. Marinas Mann Viktor arbeitete in der K\u00fcche. Wenn nicht viel los war, setzte er sich ab und an zu den wenigen Stammg\u00e4sten, die das Bistro hatte. Manchmal setzte er sich auch zu Alex, dem es schwer fiel, seine Abneigung gegen Viktor zu verbergen. Viktor erz\u00e4hlte ihm oft, wie sie es geschafft hatten, sich hier eine Existenz aufzubauen und dass er schon als Kind den Wunsch hatte nach Australien auszuwandern, nachdem er eine Dokumentation \u00fcber Australien gesehen hatte. Mittlerweile hatte Alex ein Further-Stay-Visum beantragt und bewilligt bekommen. Viktor erz\u00e4hlte ihm, dass ein Bekannter ein Strandhaus vermieten wollte, was Alex sofort hellh\u00f6rig werden lie\u00df. Er fragte Viktor, ob er ihn seinem Bekannten vorstellen k\u00f6nnte, was er auch bereitwillig tat. Nach einem Treffen und einer Besichtigung, mietete Alex das \u0001 \u0002 war das Strandhaus viel zu gro\u00df f\u00fcr ihn. Es bestand aus zwei Etagen, die untere wurde von einem riesigen Wohnbereich eingenommen. Zu diesem geh\u00f6rte eine offene K\u00fcche und eine Nische, in der er sich ein kleines Heimkino eingerichtet hatte. Die dem Meer zugewandte Seite des Hauses besa\u00df eine Glasfront. Anfangs war ihm das unangenehm, denn er hatte st\u00e4ndig das Gef\u00fchl, das jeder ihn beobachten konnte, aber nach einigen Tagen hatte er sich daran gew\u00f6hnt. Wer sollte ihn schon vom Meer aus beobachten? In der oberen Etage waren mehrere Schlafzimmer untergebracht. So viele brauchte er nicht, aber das Haus lag nahe dem Bistro, wodurch er Marina noch besser beobachten konnte. Wenn Alex nicht im Bistro war oder es von seinem Haus aus beobachtete, ging er tauchen. Kurz nachdem er nach Australien gekommen war, hatte er den ersten Kurs besucht. Heute hatte er Marina und Viktor eingeladen, um das Strandhaus einzuweihen. Es verlief alles so, wie Alex es sich ausgemalt hatte. Nach dem Essen gingen die Kinder Marinas an den Strand. Viktor schloss sich ihnen an, w\u00e4hrend Marina Alex half den Tisch abzur\u00e4umen.\u201eMarina, wei\u00dft du eigentlich, dass du meine Traumfrau bist?\u201c, sagte Alex und schaute ihr dabei in die Augen. Marina wendete sich stirnrunzelnd ab, dann begann sie zu lachen.\u201eAlex, was soll das? H\u00f6r auf mich auf den Arm zu nehmen. Das ist wirklich nicht lustig.\u201c\u201eEs soll auch kein Witz sein. Das erste Mal habe ich dich gesehen als du bei dieser Auswanderer-Doku mitgemacht hast. Von da an war ich dir verfallen.\u201c\u201eLass das bitte!\u201c, fiel Marina ihm ins Wort. \u201eAber es stimmt, bitte, glaube mir doch. Ich m\u00f6chte mit dir zusammen sein. Um deine Kinder und Viktor habe ich mich bereits gek\u00fcmmert.\u201cMarina wurde bleich, dann rannte sie los und stie\u00df Alex beiseite, der ihr l\u00e4chelnd nachsah. Gerade als sie die letzte Stufe der kleinen Treppe, die vom Haus zum Strand f\u00fchrte, erreichte, knickten ihre Beine ein und sie fiel hin. St\u00f6hnend vor Schmerz, versuchte sie sich am Treppengel\u00e4nder hochzuziehen, aber es gelang ihr nicht. Ihre Arme wurden schwer, ihren ganzen K\u00f6rper befiel eine M\u00fcdigkeit, die sich nicht mehr vertreiben \u0001 \u0002 kam langsam die Treppe herunter, er hob Marina hoch und trug sie zum Strand, wo er sie absetzte. Marina versuchte zu schreien, vermochte aber keinen Ton hervorzubringen. Alex lachte: \u201eSchone deine Kr\u00e4fte, ich habe dir ein leichtes Schlafmittel verabreicht, genau wie deinen Kindern und deinem Mann. Du willst doch das gro\u00dfe Finale nicht verpassen oder?\u201cEntsetzt schaute Marina zum Wasser, dort lag ihre kleine Tochter. Ihre Lippen waren blau und sie lag vollkommen still. Viktor hatte ihren Sohn in den Armen und kam wankend aus dem Wasser heraus. Vorsichtig legte er den K\u00f6rper ab und schaute in Marinas Richtung. Sein Gesicht war zornig, er stand auf und machte einen Schritt weg von den beiden leblosen K\u00f6rpern, besann sich dann jedoch und begann mit Reanimationsversuchen. Er redete auf seine beiden Kinder ein, so als w\u00fcrden sie ihn noch h\u00f6ren k\u00f6nnen. Marina beobachtete die verzweifelten Rettungsversuche und begann zu weinen. Alex strich \u00fcber ihr Gesicht und wischte ihre Tr\u00e4nen fort. \u201eWarum weinst du Marina? Ich habe uns den Weg geebnet, jetzt steht nichts mehr zwischen uns.\u201c Einen Brechreiz unterdr\u00fcckend, versuchte sie sich seiner Hand zu entwinden, aber ihr K\u00f6rper gehorchte ihr nicht. Nach einer scheinbar endlos langen Zeit, gab Viktor die Rettungsversuche auf. Tr\u00e4nen liefen \u00fcber seine Wangen. Mit geballten F\u00e4usten kam er auf Alex und Marina zu. Mit Schrecken sah sie das typische Strickleitermuster vom Stich einer Seewespe am Bein Viktors. Belustigt schaute Alex zu, wie Viktors Schritte immer angestrengter wurden und er letztendlich zusammenbrach. \u201eWei\u00dft du warum ich ausgerechnet dieses Haus haben wollte Marina? Die Seewespe oder Chironex fleckeri kommt hier sehr h\u00e4ufig vor und gerade hier in diesem Abschnitt gibt es keine Z\u00e4une, so dass sie ungehindert bis an den Strand kommen k\u00f6nnen. Erstaunlich, dass solch ein durchsichtiges, fast schon unscheinbares Tier, eines der giftigsten der Welt sein soll. Jetzt habe ich endlich gesehen, was passiert, wenn man von einer angegriffen wird. Ist es nicht faszinierend so etwas aus n\u00e4chster N\u00e4he mitzuerleben?\u201cEr drehte sich zu Marina um, die ohnm\u00e4chtig im Sand lag.",
            "wordcount": "1.201",
            "chapter_release": "22.04.2013",
            "chapter_number": "6"
        },
        "7": {
            "text": "Mein Onkel Hans-J\u00fcrgen lag nun schon seit zwei Wochen im Krankenhaus. Ich besuchte ihn fast jeden Tag, nur leider musste ich im Moment ziemlich viel arbeiten, so dass ich nur noch eine Stunde hatte, bevor die Besuchszeit vor\u00fcber war. Er hatte eine schwere Lungenentz\u00fcndung, aber mittlerweile ging es ihm schon besser. Heute hatte er mir erz\u00e4hlt, dass er n\u00e4chste Woche endlich entlassen werden sollte, so k\u00f6nne er seinen Geburtstag zu Hause feiern. Zum Gl\u00fcck hatte er mich daran erinnert, ich h\u00e4tte es sonst vergessen. Kein Wunder bei dem Stress, den ich im Moment hatte. Mir blieb also noch genau eine Woche um ein Geschenk f\u00fcr ihn zu finden. Es sollte etwas besonderes sein, denn schon als Kind hatten wir eine enge Beziehung zueinander. Er passte oft auf mich auf wenn meine Eltern keine Zeit hatten und nahm mich dann mit in den Wald, denn er war F\u00f6rster. Jedes Mal wenn ich sein Haus betrat, f\u00fchlte ich mich unbehaglich. Direkt neben dem Eingang stand ein ausgestopfter Fuchs. Er hatte die Z\u00e4hne gefletscht und es sah so aus, als w\u00fcrde er gleich auf seine Beute springen. Au\u00dferdem gab es noch einige Geweihe und einen Wildschweinkopf, der \u00fcber dem Eingang zum Wohnzimmer hing. Ich war zwar schon lange kein Kind mehr und schon unz\u00e4hlige Male an den ausgestopften Tieren vorbei gegangen, aber trotzdem jagte mir der Anblick immer wieder einen Schauer \u00fcber den R\u00fccken. Als ich heute nach dem Besuch im Krankenhaus nach Hause kam, setzte ich mich gleich vor den Computer. Leider hatte ich bisher keine Idee, was ich meinem Onkel schenken k\u00f6nnte und hoffte, dass ich beim St\u00f6bern auf verschiedenen Websites vielleicht etwas fand. Nach zwei Stunden gab ich auf und wollte gerade meinen Computer ausschalten, als mir doch noch eine Idee kam. Fr\u00fcher, wenn mein Onkel auf mich aufgepasst hat, hat er mir im Wald oft Geschichten von Fabeltieren erz\u00e4hlt, unter anderem auch von einem Wolpertinger, den er angeblich gesehen hatte. Das w\u00e4re das perfekte Geschenk, selbst wenn es bedeutet, dass er dann noch mehr gruselige Tiere in seinem Haus h\u00e4tte. Ich suchte im Internet nach einem Tierpr\u00e4parator in der Umgebung und beschloss am n\u00e4chsten Tag dort vorbei zu \u0001 \u0002 n\u00e4chsten Morgen stand ich vor dem Gesch\u00e4ft und wappnete mich innerlich gegen den Anblick, der sich mir darin bieten w\u00fcrde. \u00dcber der T\u00fcr hing ein Schild auf dem \u201eTaxidermist Clarks\u201c stand. Eine in Deutschland un\u00fcbliche Bezeichnung f\u00fcr den Beruf des Pr\u00e4parators. Im Schaufenster war lediglich ein Fuchs, ein Eberkopf und ein Reh zu sehen, \u00e4hnlich denjenigen, die mein Onkel bereits besa\u00df. Mein Herzschlag beschleunigte sich sp\u00fcrbar als ich die Klinke herunter dr\u00fcckte. Nachdem ich die T\u00fcr ge\u00f6ffnet hatte, schlug mir eine Vielzahl verschiedener Ger\u00fcche entgegen. Es roch nach Desinfektionsmitteln, Formaldehyd, Schwefel und Staub. In diesem Moment war ich froh, dass ich bisher nur einen Kaffee zu mir genommen hatte. Ich sah mich nach dem Besitzer des Ladens um, konnte ihn aber nicht entdecken. Die W\u00e4nde waren fast vollst\u00e4ndig von verschiedenen Tierk\u00f6pfen bedeckt, ansonsten standen im Raum verteilt verschiedene Podeste mit kompletten Tieren. Wieder waren hier nur die \u00fcblichen in Mitteleuropa beheimateten Tiere zu sehen: F\u00fcchse, Wildschweine, Rehe, Hirsche, Eichh\u00f6rnchen und sogar ein Wolf. Dann entdeckte ich einen Tresen auf dem eine Klingel stand. Z\u00f6gernd bet\u00e4tigte ich die Klingel und erschrak, denn das Ger\u00e4usch war nicht wie erwartet ein L\u00e4uten, sondern war dem Schrei einer Eule nachempfunden. Es \u00f6ffnete sich hinter dem Tresen ein Vorhang, den ich bislang nicht wahrgenommen hatte und ein kleiner \u00e4lterer Mann kam auf mich zu. Er l\u00e4chelte mich freundlich an und streckte mir seine Hand entgegen. \u201eGuten Tag, ich bin Arthur Clarks, was kann ich f\u00fcr Sie tun?\u201c, sagte er mit einem leicht englischen Akzent.\u201eGuten Tag, mein Name ist Nathalie Roth. Ich suche ein Geschenk f\u00fcr meinen Onkel, aber es sollte etwas spezielleres sein, kein Fuchs oder Wildschwein. Fertigen Sie auch auf Wunsch bestimmte Tiere?\u201c\u201eDas kommt darauf an, was Sie damit meinen, kommen Sie doch kurz mit, ich zeige Ihnen, was ich noch im Angebot habe.\u201cEr \u00f6ffnete den Vorhang und hielt ihn zur Seite damit ich durchgehen konnte. Der Geruch nach Formaldehyd war hier noch st\u00e4rker und ich hielt mir eine Hand vor die Nase. Herr Clarks l\u00e4chelte mich an und sagte: \u201eIch rieche das gar nicht mehr, aber es wird Ihnen gleich besser gehen.\u201cSchnell ging er zu einem Fenster und \u00f6ffnete es, ich ging ein wenig n\u00e4her zu den Fenstern und als sich mein Magen etwas beruhigt hatte, sah ich mich um. In diesem Raum gab es noch mehr ausgestopfte Tiere, nur wirkten einige sehr fremdartig. Ich sah einen Hasen mit dem Geweih eines Rehs und ein Tier, das den Rumpf eines Fuchses hat, den Kopf einer Ziege und Beine, die vermutlich G\u00e4msen nachempfunden wurden. Auch wenn mich der Anblick dieser Fabelwesen erschaudern lie\u00df, so war ich doch beruhigt, denn offensichtlich war ich hier richtig. \u201eAlso wie kann ich Ihnen helfen Frau Roth?\u201c\u201eMein Onkel ist F\u00f6rster und hat bereits sehr viele Tiere. Ich dachte eher an einen Wolpertinger.\u201c\u201eWie soll er denn aussehen? So weit ich wei\u00df gibt es da unterschiedliche Vorstellungen was das Aussehen betrifft.\u201c\u201eEr soll den K\u00f6rper eines Hasen haben, allerdings sind die Haare etwas l\u00e4nger als es bei einem Hasen \u00fcblich ist. Au\u00dferdem hat er die Fl\u00fcgel einer Ente, einen langen buschigen Schweif und vorn zwei Rei\u00dfz\u00e4hne. Zumindest hat ihn mir mein Onkel so beschrieben als ich noch klein war.\u201c \u201eNun ich denke das sollte kein Problem sein, aber ich muss noch eine Ente bestellen. Das wird noch zwei bis drei Wochen dauern.\u201c\u201eDas ist schade, mein Onkel hat schon n\u00e4chste Woche Geburtstag und zwei Tage sp\u00e4ter muss ich zu einer Schulung, die drei Wochen dauern soll.\u201c\u201eBis dahin werde ich es nicht schaffen, aber vielleicht k\u00f6nnen Sie ihm einen Gutschein geben und er kann sich den Wolpertinger dann selbst abholen. Ich habe hier auch einige Ansichtskarten, die ich als Vorlagen benutze. Ich gebe Ihnen eine davon.\u201cNachdem das gekl\u00e4rt war und wir noch \u00fcber den Preis gesprochen hatten, verlie\u00df ich das Gesch\u00e4ft und atmete tief durch. Den Formaldehydgeruch w\u00fcrde ich vermutlich den ganzen Tag nicht mehr aus der Nase bekommen. Die Ansichtskarte, die mir Herr Clarks gegeben hatte, bildete tats\u00e4chlich einen Wolpertinger ab, zwar nicht so einen, wie ihn mir mein Onkel beschrieben hatte, aber eine gewisse \u00c4hnlichkeit war vorhanden. Ich ging kurz beim B\u00e4cker vorbei und danach zur \u0001 \u0002 Woche sp\u00e4ter klingelte mein Telefon. Es war Herr Clarks, der mich bat, noch einmal in seinen Laden zu kommen, damit ich mir das vorl\u00e4ufige Ergebnis ansehen konnte, denn er hatte die Ente doch fr\u00fcher bekommen als erwartet. Ich sagte ihm zu, denn meine Neugier siegte, auch wenn mich der Gedanke noch einmal in diesen Laden zu gehen, nicht unbedingt erfreute. Am Tag zuvor war der Geburtstag meines Onkels, der mir eine Predigt hielt, weil ich so ein teures Geschenk bestellt hatte. Am darauffolgenden Morgen stand ich wieder vor dem Gesch\u00e4ft. Zwar war mir dieses Mal etwas weniger unwohl, aber vorsichtshalber nahm ich noch einmal einen tiefen Atemzug bevor ich den Laden betrat. Wieder war niemand zu sehen und ich ging zielstrebig zur Theke um die Klingel zu bet\u00e4tigen. Der Eulenschrei lie\u00df mich wieder zusammen zucken. Kurze Zeit sp\u00e4ter kam Herr Clarks und bedeutete mir nach hinten zu kommen. Z\u00fcgig ging ich an ihm vorbei und blieb dann wie angewurzelt stehen. In der Mitte des Raumes stand eine Art Seziertisch, wie ich ihn bisher nur im Fernsehen gesehen hatte. Gerade als ich mich umdrehen wollte, sp\u00fcrte ich in meinem Hals ein Piksen und danach wurde alles dunkel um mich \u0001 \u0002 Wochen sp\u00e4ter ging Hans-J\u00fcrgen Roth in freudiger Erwartung zu dem Gesch\u00e4ft des Pr\u00e4parators. Zwar war er immer noch ein wenig ver\u00e4rgert weil Nathalie so viel Geld f\u00fcr sein Geschenk ausgegeben hatte, aber er freute sich trotzdem. Er \u00f6ffnete die T\u00fcr und sah sich die kunstvoll ausgestopften und ausgestellten Tiere an. Danach ging er zur Theke und dr\u00fcckte auf die Klingel. Anders als Nathalie zuckte er nicht zusammen, sondern begann zu lachen. Herr Clarks kam aus dem Hinterzimmer und begr\u00fc\u00dfte ihn. \u201eIch bin hier um den Wolpertinger abzuholen. Meine Nichte hat ihn mir zum Geburtstag geschenkt.\u201c\u201eNat\u00fcrlich warten Sie kurz.\u201cF\u00fcnf Minuten sp\u00e4ter kam Herr Clarks mit dem Wolpertinger zur\u00fcck.\u201eSo da haben wir ihn. Es kann sein, dass er anfangs noch etwas nach den benutzten Produkten riecht, aber so weit ich wei\u00df, ist das nicht das erste Pr\u00e4parat, das sie besitzen.\u201c\u201eDas hat Ihnen wohl Nathalie erz\u00e4hlt. Es ist schade, dass sie nicht mitkommen konnte, aber sie wird den Wolpertinger noch fr\u00fch genug bewundern k\u00f6nnen.\u201c\u201eDa bin ich mir sicher\u201c, l\u00e4chelte Herr \u0001 \u0002-J\u00fcrgen betrachtete den Wolpertinger und bestaunte, wie genau er demjenigen entsprach, von dem er Nathalie immer erz\u00e4hlt hatte. \u201eNathalie hat ein sehr gutes Ged\u00e4chtnis was die Details betrifft. Offensichtlich hat sie Ihnen ein sehr genaues Bild \u201emeines\u201c Wolpertingers liefern k\u00f6nnen. Der Schweif erinnert mich irgendwie an sie, er hat genau die gleiche Farbe wie Nathalies Haare.\u201c\u201eNun ich dachte, dass es vielleicht sch\u00f6n w\u00e4re, wenn Sie das Gef\u00fchl haben, dass ein Teil von Nathalie auch in diesem Pr\u00e4parat steckt.\u201c",
            "wordcount": "1.513",
            "chapter_release": "22.04.2013",
            "chapter_number": "7"
        },
        "8": {
            "text": "Alex meldete sich schon lange nicht mehr. Als Petra ihm von ihrer Schwangerschaft berichtete, schien er sich wirklich zu freuen. Er hatte ihr sogar einen Diamantring besorgt und wollte sie heiraten. Doch pl\u00f6tzlich meldete er sich nicht mehr. Petra konnte sich das nicht erkl\u00e4ren. Anfangs hatte sie mehrmals pro Woche die Distanz zwischen ihrer und seiner Wohnung zu Fu\u00df zur\u00fcckgelegt. Mittlerweile konnte sie das nicht mehr. Sie f\u00fchlte sich wie eine aufgedunsene Matrone. Ihre Arbeit als Diplomatin hatte sie f\u00fcr die Zeit des Mutterschutzes aufgegeben. Eigentlich wollte sie nicht mehr in diesem Job arbeiten, aber da Alex sie offensichtlich verlassen hatte, w\u00fcrde sie wieder zur\u00fcck nach Australien gehen. Der Geburtstermin war f\u00fcr Mitte Dezember berechnet worden. Ihr blieben also noch sechs Wochen um sich mit dem Gedanken anzufreunden alleinerziehende Mutter zu werden. Um sich nicht weiter in Erinnerungen zu verlieren und Depressionen zu entwickeln, beschloss Petra Musik zu h\u00f6ren um sich abzulenken und schlief ein. Nachts klingelte es an der T\u00fcr. Petra schreckte aus dem Schlaf hoch und zog sich einen Morgenmantel an. Schlie\u00dfen konnte sie ihn nicht mehr \u00fcber ihrem Bauch, der mehr und mehr einer \u00fcberdimensionalen Murmel glich. Vor der T\u00fcr lag ein Zettel, Petra b\u00fcckte sich schwerf\u00e4llig um ihn aufzuheben. Triff mich am Dienstag um 21 Uhr in dem Haus, das wir uns zusammen angeschaut haben. A. Sie traute ihren Augen nicht. Dieser Mistkerl besa\u00df die Frechheit sich so lange nicht zu melden und ihr dann auf diese Weise eine Nachricht zukommen zu lassen. Petras Gesicht f\u00e4rbte sich rot, w\u00fctend schlug sie die T\u00fcr zu und ging ins Wohnzimmer um sich zu setzen. Das Baby trat sie in diesem Moment heftig und erinnerte sie daran, dass sie sich beruhigen musste. Nachdem sich ihre Wut gelegt hatte, verfiel sie wieder in ihre, sie immer h\u00e4ufiger begleitende, Melancholie. Dann entwickelte sie einen Plan, sie w\u00fcrde Alex einen Denkzettel \u0001 \u0002 stand vor dem Spiegel im Bad und betrachtete sich. Ihr Gesicht wirkte, wie ihr ganzer K\u00f6rper aufgequollen. Um sich zumindest etwas attraktiver zu f\u00fchlen, benutzte sie Make-Up und zog sich ein schwarzes Kleid an, dass weniger nach Umstandsmode aussah als ihre \u00fcbrige Kleidung. Einige Minuten sp\u00e4ter ging sie los, nachdem sie sich noch einmal vergewissert hatte, dass sie auch die richtige Adresse in ihrem Smartphone gespeichert hatte. Zehn Minuten sp\u00e4ter stand sie vor dem alten Haus. In ihrer Erinnerung sah das Haus weniger verfallen aus als jetzt. Der Mond beleuchtete die T\u00fcr und sie nahm ihren ganzen Mut zusammen und klopfte. Die T\u00fcr schwang dabei nach innen auf. Der Flur war von Kerzen erhellt, die eine Spur zu bilden schienen. Petra schloss die T\u00fcr und ging durch den Flur bis zum Wohnzimmer. Ihr Herz schlug immer schneller. Sie schaute sich im Wohnzimmer um, die M\u00f6bel wirkten antik, oder aus der Dinosaurierzeit, dachte Petra schmunzelnd. Ihr Blick blieb an dem Wohnzimmertisch haften, auf ihm standen Kerzen, Weingl\u00e4ser und leere Teller. Sie trat n\u00e4her heran und las die Botschaft auf dem Zettel. Setz dich, es ist alles vorbereitet. Ich habe eine \u00dcberraschung f\u00fcr dich. \u0001 \u0002 Vorfreude setzte sich Petra an den Tisch, besann sich jedoch auf ihr eigentliches Vorhaben. \u201cAlex, komm doch bitte her, ich m\u00f6chte mit dir sprechen.\u201d Aus der K\u00fcche h\u00f6rte sie das Klappern von Geschirr, dann gingen alle Kerzen aus. Petra stockte der Atem, sie lauschte. Es war still, sie konnte lediglich ihren eigenen Atem h\u00f6ren. Panik machte sich in ihr breit, das Baby trat sie und Petra keuchte. Gerade als sich Petras Augen an die Dunkelheit gew\u00f6hnt hatten, gingen die Kerzen wieder an. Sie schaute sich um, konnte aber niemanden entdecken. \u201cAlex, es reicht jetzt, wei\u00dft du, ich wollte dir noch sagen, dass das gar nicht dein Baby ist.\u201d Sie stand hastig auf, drehte sich um und wollte zur T\u00fcr rennen, als die Kerzen abermals erloschen. Abrupt blieb sie stehen, die Dunkelheit kam ihr bedrohlicher vor als zuvor. Es n\u00e4herten sich schl\u00fcrfende Schritte, erst langsam, dann z\u00fcgiger. Petra begann zu schreien und blickte sich hektisch um. Dann wurde sie von hinten gepackt und eine Hand legte sich auf ihren Mund. Sie roch eine Chemikalie, dann wurde es immer dunkler vor ihren Augen. Als Petra erwachte, war sie an einen Stuhl gefesselt. Im schummrigen Licht einer alten Gl\u00fchbirne sah sie auf der gegen\u00fcberliegenden Seite eine geflieste Wand. Es roch modrig. Der Geruch kam von einer Badewanne, die mit Schlamm gef\u00fcllt war. Auf der anderen Seite stand ein kleiner \u00e4lterer Mann, der sich ihr nun n\u00e4herte und sie freundlich anl\u00e4chelte. \u201cSch\u00f6n, dass ich Sie gefunden habe Frau Printz, so jemand wie Sie fehlte mir noch in meiner Sammlung.\u201d, sagte Arthur und stach die Spritze mit dem konservierenden Drogencocktail in Petras Arm.",
            "wordcount": "775",
            "chapter_release": "30.01.2016",
            "chapter_number": "8"
        },
        "9": {
            "text": "Elise vermisste ihre Puppe nun schon seit einiger Zeit, sie hatte sie wirklich \u00fcberall gesucht. Doch die Puppe war nicht auffindbar. Dabei handelte es sich doch um eine besondere Puppe. An einem Dienstag war Elise wieder im Kindergarten. Anke, eine der Erzieherinnen kam zu ihr und hielt ihr die Puppe hin. Elise nahm sie dankbar an und ging sogleich in die hinterste Ecke des Raumes, um sich mit der Puppe zu unterhalten. \u201cIch erinnere mich nicht an dich.\u201d, sagte die Puppe. \u201cDu kennst mich doch, ich habe dich an meinem zweiten Geburtstag als Geschenk bekommen.\u201d, sagte Elise traurig. \u201cNein, ich kenne dich nicht, lass mich sofort los!\u201d Die Puppe wehrte sich und schlie\u00dflich konnte Elise sie nicht mehr festhalten. Die Puppe griff neben sich und nahm den Vogelk\u00e4fig, in dem sich ein kleiner Wellensittich befand. Sie fing den Wellensittich und zerquetschte ihn, dann packte sie Elise, sperrte sie in den K\u00e4fig und rannte davon. Anke kam nach einer Weile zu Elise und erschrak als sie sie im K\u00e4fig sah. \u201cWas hast du mit dem Vogel gemacht? Hat er dich wieder ausgelacht?\u201d, sagte Anke, w\u00e4hrend sie den K\u00e4fig \u00f6ffnete. Elise wollte ihr antworten, erinnerte sich aber dann daran, dass dienstags der Tag war, an dem nur in Reimen gesprochen werden sollte. Sie hasste diesen Tag und sagte daher nichts. Die Erzieherin sah den toten Vogel neben dem K\u00e4fig liegen. \u201cIch werde jetzt deinen Gro\u00dfvater anrufen, er soll dich abholen und bestrafen f\u00fcr das, was du dem Vogel angetan hast.\u201d Elise begann zu weinen: \u201cIch war das nicht, das war Lily.\u201d\u201cDeine Puppe soll das gewesen sein? Das glaubst du doch selbst nicht! Du sollst nicht l\u00fcgen, sonst wirst du immer betr\u00fcgen! Ich werde jetzt deinen Gro\u00dfvater anrufen.\u201d Mit diesen Worten ging Anke weg. Lily kam lachend auf Elise zu. \u201cDas war vielleicht ein Spa\u00df, wenigstens k\u00f6nnen wir jetzt nach Hause gehen, dort ist es sch\u00f6ner als hier. Ich war viel zu lange hier. Nur du kannst mir Kraft geben Elise. Ich habe dich so vermisst.\u201d\u201cWarum hast du mich in den K\u00e4fig gesperrt und gesagt, dass du mich nicht erkennst?\u201d\u201cIch wollte dich nur \u00e4rgern. Ich bin einfach so gl\u00fccklich, dass du mich wieder gefunden hast.\u201dElise nahm die Puppe auf den Arm als ihr Gro\u00dfvater mit seinem Spazierstock ins Zimmer kam. Er schaute Elise grimmig an: \u201cWas muss ich h\u00f6ren? Du hast den kleinen Vogel get\u00f6tet?\u201d\u201cDas war ich nicht, das war Lily.\u201d\u201cBitte l\u00fcge deinen alten Gro\u00dfvater nicht an, Elise. Wir werden jetzt nach Hause gehen, den kleinen Vogel mitnehmen und ihn im Garten begraben. Wo ist denn der Wellensittich?\u201d\u201cSch\u00f6n, dass sie da sind Herr D\u00fcrrenberg. Elise, wo hast du denn den Vogel versteckt?\u201d fragte Anke, die gerade ins Zimmer hereinkam.\u201cIch habe ihn nicht versteckt, er lag doch genau hier neben dem K\u00e4fig.\u201d, sagte Elise und dr\u00fcckte Lily fest an sich. \u201cK\u00f6nnen wir gehen Opa?\u201dNachdem sie zu Hause angekommen waren, schickte Bernhard seine Enkelin auf ihr Zimmer: \u201cIch m\u00f6chte, dass du dar\u00fcber nachdenkst, was du getan hast. Morgen wirst du dich bei den anderen Kindern entschuldigen. Ich werde dich sp\u00e4ter fragen, warum du den Vogel zerquetscht hast und hoffe, dass du mir dann eine gute Antwort geben kannst.\u201dElise ging auf ihr Zimmer, sie wollte ihrem Gro\u00dfvater erkl\u00e4ren, dass es Lily war, die den Vogel get\u00f6tet hatte, aber sicherlich w\u00fcrde er ihr auch nicht glauben. Sie legte Lily auf das Bett und setzte sich genau davor und beobachtete die kleine unscheinbare Puppe.\u201cSpionierst du mich jetzt aus?\u201d sagte Lily und w\u00fcrgte den Vogel heraus: \u201cLass uns rausgehen und mit dem Vogel spielen.\u201d\u201cWarum hast du den Vogel get\u00f6tet Lily?\u201d\u201cIch habe ihn nicht get\u00f6tet, ich werde es dir beweisen.\u201d Lily schnippte mit dem Finger und der Vogel begann zu zwitschern und flog im Zimmer umher. Elise rief sofort nach ihrem Gro\u00dfvater, der die Treppe herauf kam. \u201cSieh doch Opa, der Vogel ist nicht tot.\u201dStirnrunzelnd stand Bernhard in der T\u00fcr. \u201cWo hast du denn den Vogel her?\u201d\u201cDas ist Tommy, der Wellensittich aus dem Kindergarten. Er ist nicht tot.\u201d\u201cGeh auf den Dachboden und hol den kleinen K\u00e4fig, wir werden den Vogel zur\u00fcck in den Kindergarten bringen.\u201dElise holte den alten K\u00e4fig vom Dachboden. Sie ging damit zur\u00fcck in ihr Zimmer, fing Tommy ein und ging dann zum Auto ihres Gro\u00dfvaters. Als sie im Kindergarten ankamen, waren fast keine Kinder mehr da, Anke unterhielt sich gerade mit einer Mutter. \u201cSieh doch Anke, Tommy ist nicht tot\u201d, lachend hielt Elise ihr den K\u00e4fig hin. \u201cWie ist das denn m\u00f6glich? Bring ihn bitte in das Bonsaizimmer. Er wird Ruhe brauchen nach dieser kleinen Reise. Elise rannte in das Zimmer und holte Tommys K\u00e4fig aus dem anderen Raum. Tommy lag jedoch am Boden und bewegte sich nicht mehr. Vor Schreck lies Elise den K\u00e4fig fallen, stolperte und fiel hin. Schnell kam sie wieder auf die Beine und rannte aus dem Zimmer zur\u00fcck zu Anke und ihrem Gro\u00dfvater.\u201cIch habe alles erledigt, lass uns wieder nach Hause fahren Opa.\u201dZielstrebig ging Elise in ihre Zimmer und stellte Lily zur Rede. \u201cWas hast du getan Lily? Tommy war wieder tot.\u201d\u201cNat\u00fcrlich war er tot, ich kann keine Toten zum Leben erwecken. Dies war nur ein Zauber. Sieh, Tommy ist immer noch hier.\u201d Sie hielt kleine Knochen in die H\u00f6he, die sauber abgenagt waren. Elise \u00fcbergab sich auf ihren Teppich.\u201cWenn du noch einmal versuchst mein Essen zu stehlen, werde ich dich t\u00f6ten Elise.\u201dElise rief nach ihrem Gro\u00dfvater. \u201cLily will mich t\u00f6ten Opa, bitte nimm sie weg.\u201d\u201cWas ist denn nur heute mit dir los, Elise? Das ist eine Puppe, ein Spielzeug, sie kann dir nichts anhaben.\u201d Als er das Erbrochene auf dem Boden sah und die weinende Elise im Arm hatte, kam Bernhard eine Idee, um Elise zu beruhigen. \u201cWir werden Lily auf den Dachboden bringen, dort legen wir sie in eine Kiste, dann bist du sicher vor ihr.\u201dElise nickte und gab Bernhard die Puppe. Er nahm sie und begab sich auf den Dachboden. Nach einigen Minuten h\u00f6rte Elise ein Poltern und ging nachsehen was passiert ist. \u201cDachtest du, du k\u00f6nntest mich so einfach loswerden?\u201d Lily stand mit verschr\u00e4nkten Armen da und schaute Elise hasserf\u00fcllt an. \u201cDu solltest lieber sofort weglaufen, sonst geht es dir wie deinem lieben Opa.\u201dElise sah ihren Gro\u00dfvater mit unnat\u00fcrlich verdrehten Gliedma\u00dfen liegen. Sie \u00fcberwand ihre Starre und begann zu rennen.",
            "wordcount": "1.058",
            "chapter_release": "04.09.2016",
            "chapter_number": "9"
        }
    },
    "title": "Sammlung: Gruseliges, Horrorkurzgeschichten, Thriller",
    "topic": "unspecified",
    "release": "\n22.04.2013\n\t\t\t\t\t\t",
    "author": "Weeping"
}