{
    "tags": [],
    "chapcount": "15",
    "wordcount": "14.935",
    "chapters": {
        "1": {
            "text": "Es war dunkel, als ich aufstand. Die Stra\u00dfenlaternen waren am leuchten. Fast keine Autos fuhren durch die Stra\u00dfe und es war still, so still wie noch nie. Ich zog meine Jeans an und einen schwarzen Pullover mit meinen schwarzen Chucks. Dann ging ich aus dem Haus. Meine Eltern hatten es nicht bemerkt. Ich bin schon oft hinaus geschlichen, ohne dass sie es bemerkt hatten, aber sie fanden es nicht gut, dass ich morgens immer so verschlafen aussah. Als ich durch die Stra\u00dfen ging, musste ich an Kim denken. Sie ging erst seit ein paar Wochen auf unsere Schule. Sie war anders, anders vom Aussehen und ihre ganze Art war anders. Sie war mutig und nicht so zickig, wie andere M\u00e4dchen es normalerweise waren. Sie war cool, ohne sich zu verstellen. Sie verhielt sich nicht so wie eine Tussi, nein, sie verhielt sich wie ein cooles M\u00e4dchen was einfach ihr Leben so lebt wie es ist. Auch wenn es gerade eine schlechte Fase gab, sie meckerte nie. Ich kam an eine Ampel. Sie war nicht gr\u00fcn, aber ich ging trotzdem \u00fcber die Stra\u00dfe. Die Jungs hatten gesagt ich m\u00fcsste bis vierundzwanzig Uhr da sein, ansonsten werde ich ausgeschlossen und dass Leben wird mir zur H\u00f6lle gemacht. Aber ich kam p\u00fcnktlich, wie immer. Wir trafen uns in einer leeren Lagerhalle. Sie war dunkler als die Nacht. Ich hatte Angst, aber ich durfte sie nicht zeigen. Ich war ein Junge und ich musste mich wie ein Mann verhalten. Es leuchtete ein Licht auf. Ich konnte f\u00fcnf Jungs erkennen. Wahrscheinlich waren es Jake, Leon, Felix, Alex und Toby. Alex war unser Anf\u00fchrer. Er war nicht immer nett. Wenn man nicht das tat, was er befahl, dann konnte es sein, dass du zu einen seiner Opfer wurdest, aber wenn du das tatst was er wollte, dann warst du ein echter Freund f\u00fcr ihn. Ich ging weiter in die Lagerhalle. Ich konnte nichts sehen, ich sah nur das Licht bei den f\u00fcnf Jungs. Einer von ihnen rief zu mir r\u00fcber,, Leo, du bist ja doch da!\u2019\u2019 Ich glaube es war Jake, der gerufen hat. Er tat gerne einen auf wichtig, aber eigentlich war er eine \u00fcberfl\u00fcssige Person in dieser Clique. Na ja, er war schon ganz in Ordnung und er machte seinen Job auch ganz gut, aber wenn er immer so wichtig sein will, dann ist er wirklich nervig. Als ich bei den f\u00fcnf ankam, sah ich die Gesichter genau. Alex sagte,, Sch\u00f6n dass du gekommen bist. Ich habe neue Aufgaben zu verteilen. Wir brauchen neue Kohle. Jake und Leon, ihr geht zu diesem Kiosk um der Ecke, der hat keine \u00dcberwachungskameras. Leo und Felix, ihr besucht diese nette alte Dame.\u2019\u2019 Alex hielt uns ein Zeitungsartikel hin. Ich nahm ihn und las ihn durch. Diese Frau wurde zur reichsten Frau in dieser Stadt gekr\u00f6nt. Sie wohnte am Ende der Broad Street. Sie hat bei einer Wissensshow \u00fcber f\u00fcnfundvierzig Millionen Dollar gewonnen. Alex sagte,, Holt mir Tausend, dann bin ich zufrieden mit euch!\u2019\u2019 Ich nickte und schaute zu Felix. Er sah nicht sehr erfreut aus, dass er eine alte Dame \u00fcberfallen soll, aber er musste. Alex schaute zwischen mir und Felix hin und her und sagt,, Ja los, ihr wisst wo die Dame wohnt. Ich will die Kohle morgen Nachmittag haben. Wir treffen uns hier in der Lagerhalle!\u2019\u2019 Wir nickten und rannten raus. Nachdem ich die T\u00fcr geschlossen hatte sagte Felix,, Bist du sicher, dass wir das machen d\u00fcrfen?\u2019\u2019 Ich schaute ihn an,, Es geht nicht ums d\u00fcrfen, es geht um das wollen. Alex will die Kohle und wenn er sie nicht bekommt dann bringt er uns um!\u2019\u2019 Felix nickte. Wir gingen Richtung Broad Street. Ich versuchte noch ein paar Einzelheiten aus dem Text heraus zu bekommen. Die Frau ist 87 Jahre. Nicht schlecht. Als wir vor dem Haus standen war ich mehr verwundert als erstaunt. Die Frau lebte nicht in einer Villa oder so, nein, sie lebte in einen herunter gekommenes Haus. Die wei\u00dfe Farbe an den W\u00e4nden bl\u00e4tterte ab und die Dachziegel waren schon zur h\u00e4lfte kaputt. Der Garten sah auch nicht viel besser aus. Ich ging auf die T\u00fcr zu und klopfte. Es dauerte eine Zeit lang, bis das Licht im Flur anging. Die T\u00fcr wurde aufgeschlossen. Mir fiel ein, dass ich \u00fcberhaupt nicht wusste was ich sagen sollte. Aber zum nachdenken war es jetzt zu sp\u00e4t. Die T\u00fcr war auf und die alte Dame stand vor mir. ,, Hallo junger Mann, was kann ich f\u00fcr dich tun?\u2019\u2019 Ich guckte mich nach Felix um. Er stand dicht hinter mir. ,, Hallo. Ich wollte fragen, ob sie vielleicht ein wenig Brot f\u00fcr uns haben, wir haben schon lange nichts mehr gegessen.\u2019\u2019 Die Frau guckte uns freundlich an.,, Na klar, kommt rein. Es ist ziemlich k\u00fchl da drau\u00dfen.\u2019\u2019 Wir folgten der Frau. Von innen sah das Haus etwas besser aus. \u00dcberall standen alte, kostbare M\u00f6bel. Direkt im Flur stand ein Sparschwein. Es sah sehr voll aus. Ich gab Felix ein Zeichen und er nickte. Die Frau brachte uns in ihre K\u00fcche. Die K\u00fcche war im Bauernstiel gebaut. Felix setzte sich an den Tisch, w\u00e4ren die Frau etwas Essen aus dem K\u00fchlschrank holte. Ich sagte,, Entschuldigung, k\u00f6nnte ich mal auf die Toilette?\u2019\u2019 Die Frau nickte und sagte,, Gleich hier um die Ecke.\u2019\u2019 Als ich auf dem Flur war schlich ich zu dem Sparschwein und verschwand damit auf der Toilette. Ich schloss die T\u00fcr ab und knipste das Licht an. Ich hatte Gl\u00fcck, dass das Sparschwein ein Gummiverschluss hatte. Ich \u00f6ffnete es und holte das Geld heraus. Es waren nur hundert Dollar Scheine. Ich stopfte alles in meine Jackentasche und verschloss das Schwein wieder. Nachdem ich es wieder weggestellt hatte ging ich zur\u00fcck in die K\u00fcche. Die Frau hatte Felix ein gro\u00dfes Br\u00f6tchen gegeben. Sie sagte,, Hier mein Junge, das ist f\u00fcr dich.\u2019\u2019 Sie hielt mir ebenfalls ein Br\u00f6tchen hin. Ich bedankte mich und gab Felix ein Zeichen das wir gehen konnten. Er sagte,, Es ist schon sp\u00e4t, wir sollten besser gehen, sie brauchen ihren schlaf, meine Dame!\u2019\u2019 Die Frau nickte und brachte uns zur T\u00fcr. Sie sagte noch,, Kommt mich bald mal wieder besuchen.\u2019\u2019 Wir nickten. Nachdem wir au\u00dfer h\u00f6rweite waren fragte Felix,, Wie viel hast du?\u2019\u2019 ,, \u00dcber Tausend!\u2019\u2019 Er nickte und knabberte an seinem Br\u00f6tchen. Ich war auf den Weg nach Hause, als mein Handy klingelte. Es war Alex. Ich dr\u00fcckte ihn weg und machte das Handy aus.",
            "wordcount": "1.068",
            "chapter_release": "16.02.2012",
            "chapter_number": "1"
        },
        "10": {
            "text": "Ich nickte,, Ja und das M\u00e4dchen ist meine gro\u00dfe Schwester, aber sie spielt nur Lockvogel. Sie tut so, als ob sie auf seiner Seite w\u00e4re, aber in Wirklichkeit erz\u00e4hlt sie mir alles, was Alex vorhat.\u2019\u2019 Die anderen fanden die Idee cool. Noel und Felix kamen raus. Als sie bei uns waren sagte ich,, Darf ich vorstellen, mein Zwillingsbruder Noel und mein bester Freund Felix.\u2019\u2019 Alle begr\u00fc\u00dften die beiden, aber Noel zog mich weg,, Kim will dich unbedingt sprechen. Ihr ist etwas vorgefallen und sie heult sich die Augen aus dem Kopf.\u2019\u2019 Ich rannte nach oben, ohne mich von den anderen zu verabschieden. Als ich in meinem Zimmer kam, sa\u00df Kim weinend auf unserm Sofa. Ich setzte mich neben ihr und fragte,, Was hast du?\u2019\u2019 Sie sagte mit zerst\u00f6rter Stimme,, Ich habe ein gro\u00dfen Fehler gemacht!\u2019\u2019 Ich schaute sie fragend an,, Und der w\u00e4hre?\u2019\u2019 Sie schlang ihre Arme um meinen Hals und fing an zu weinen,, Ich habe einen anderen gek\u00fcsst!\u2019\u2019 Ich nahm es gelassen und hob ihr Gesicht hoch,, Und deswegen zerbrichst du dir den Kopf? Was soll ich denn sagen? Mir laufen alle M\u00e4dchen hinterher und erwarten das ich mit ihnen gehe.\u2019\u2019 Kim sah schon erleichterter aus. Ich fragte neugierig,, Wer war denn der gl\u00fcckliche?\u2019\u2019 Jetzt schaute sie weg und sagte stumpf,, Einer aus \u0001 \u0002. Er hie\u00df Levin.\u2019\u2019 Ich war erleichtert, dass es nicht Xavier war. Ich nahm sie in den Arm und sagte,, Ist doch nicht schlimm. Wir sind Freunde und werden es bleiben.\u2019\u2019 Sie guckte mich an,, Also war das kein Fremdgehen?\u2019\u2019 Ich sch\u00fcttelte den Kopf,, Nein.\u2019\u2019 Ich stand auf und sagte,, Was ist eigentlich, wenn wir beide mit jemanden anderes zusammen kommen?\u2019\u2019 Sie zuckte mit den Schultern und sagte,, Dann ist es eben so.\u2019\u2019 Ich nickte und konnte gelassen wieder nach drau\u00dfen gehen. Bevor wir zum Abendessen in die Cafeteria gehen durften, mussten wir alle drau\u00dfen warten. Xavier und die andern kamen zu mir. Wir redeten ein bisschen, bis wir wieder zuwuchs bekamen. Cary, Aron, Bea, Jana, Miguel, Claire, Letje, Levin, Lerry, Leik, Andrew, Meg, Olli, Vera und Selina kamen dazu. Sie waren alle mit Kim verwand. Lerry und Leik waren die einzigen Geschwister, die bei diesem Haufen dabei waren. Sie wussten das ich nicht mehr mit Kim zusammen war und sie wussten auch, dass alle M\u00e4dchen nur so nach mir schreien. Und ich wusste auch wer ganz besonders. Meg, Selina, Letje und Bea. Sie waren am schlimmsten von allen. Sie schrieben Briefe, Gedichte und fragten jede Woche ob ich mit ihnen gehen will, aber zu ihrer Endt\u00e4uschung sage ich immer nein. Meg und Letje waren gute Freundinnen, mehr aber nicht. Selina und Bea waren solche Tussis wie Polly. Mode hier Mode da. Cary war schon seit der ersten Klasse hinter mir her und ihr gro\u00dfer Bruder Levin half ihr auch noch. Cary war in der siebten und Levin in der zehnten. Levin war schon ein cooler Typ, aber sein Name lie\u00df mich etwas zur\u00fcck schrecken.",
            "wordcount": "495",
            "chapter_release": "16.02.2012",
            "chapter_number": "10"
        },
        "11": {
            "text": "Ich dachte an Kim, dass sie einen Levin aus \u0001 \u0002 gek\u00fcsst hat. Ich fragte Xavier,, Sag mal, habt ihr einen Levin bei euch in der Klasse oder so?\u2019\u2019 Xavier fing an zu lachen,, Oh ja, das haben wir.\u2019\u2019 Ich guckte misstrauisch,, Das klingt ja nicht gerade toll.\u2019\u2019 ,, Er ist ein cooler Streber. Der auch noch viel Geld hat, also ein Mischling, alles von jedem.\u2019\u2019 Ich nickte und \u00fcberlegte. Nachdem wir Abendbrot gegessen haben mussten wir in unsere Zimmer. Felix schaute mich auf dem Weg zum Zimmer an. Ich fragte ihn,, Was hast du?\u2019\u2019,, Nichts, aber du hast irgendwas!\u2019\u2019 Ich ging ins Zimmer und setzte mich auf das Bett.,, Ja, ich habe einen Fehler gemacht.\u2019\u2019 Felix schaute besorgt.,, Einen Fehler?\u2019\u2019 Ich nickte,, Ja, Kim und ich h\u00e4tten uns nicht trennen sollen. Unsere ganze Freundschaft ist dadurch irgendwie kaputt gegangen!\u2019\u2019 Felix nickte ,, Stimmt, aber meinst du, dass sie der gleichen Meinung ist?\u2019\u2019 Ich zuckte mit den Schultern,, Ich wei\u00df es nicht, aber wo sie einen anderen gek\u00fcsst hat, da hatte sie angst, dass ich sie nicht mehr mag. Das wird schon was hei\u00dfen.\u2019\u2019 Mr. Jons kam in das Zimmer und sagte,, Hallo Leo und Felix, wollt ihr nicht mehr mit zur Nachtwanderung? Die anderen warten alle unten in dem Innenhof.\u2019\u2019 Ich schaute Felix an und l\u00e4chelte,, Doch Mr. Jons, wir haben uns nur Schuhe angezogen.\u2019\u2019 ,, Ja dann los, wir wollen doch nicht die b\u00f6sen Geister verpassen!\u2019\u2019 Felix und ich gingen lachend aus dem Raum, gefolgt von Mr. Jons. Als wir zu den anderen gingen fl\u00fcsterte Felix,, Versuch es doch gleich mit Kim zu kl\u00e4ren.\u2019\u2019 Ich nickte. Bei den anderen angekommen kamen Toby und Leon zu mir. Sie sahen nicht gerade sehr erfreut aus. ,, Was ist Leute?\u2019\u2019 Toby kam mir zwar etwas kindlich vor, aber er fing fast an zu weinen.,, Alex hat uns gedroht!\u2019\u2019 Ich hielt den Atem an,, Gedroht? Was hat er denn gesagt?\u2019\u2019 Leon erz\u00e4hlte etwas sorgenloser,, Er hat gesagt, dass wir lieber wieder in seine Gangkommen sollen, bevor er uns alle umbringt. Aber wir sollten es dir nicht sagen, weil er dich als erstes umbringen will.\u2019\u2019 Ich war etwas unsicher, aber ich hatte das Gef\u00fchl, dass da etwas faul war. Felix hatte zugeh\u00f6rt und fragte neugierig,, Und seit ihr sicher das er genau das gesagt hat?\u2019\u2019 Toby zuckte mit den Schultern,, Ja, er will uns alle umbringen.\u2019\u2019 Leon verlor nun etwas die nerven,, Halloween, ja, an Halloween will er es machen. Und das ist morgen!\u2019\u2019 Ich dachte an meine Schwester, die mir eigentlich sein vorhaben berichten sollte, aber sie hatte mir nichts erz\u00e4hlt. Pl\u00f6tzlich tauchte sie auf. Sie war ganz aufgel\u00f6st und Tr\u00e4nen standen ihr in den Augen,, Leo, du musst hier verschwinden. Alex will dich umbringen!\u2019\u2019 Ich versuchte sie zu beruhigen,, Bist du sicher das er mich umbringen will? Ich meine, was habe ich gemacht? Oder hat er das etwa mit dir herausgefunden?\u2019\u2019 Sie sch\u00fcttelte den Kopf,, Nein, sonst h\u00e4tte er mir das nicht erz\u00e4hlt. Er hat mir alles \u00fcber seiner alten Clique erz\u00e4hlt und seiner neuen. Die j\u00fcngeren sehen ihn alle als Vorbild, also nahm er sie alle in die Clique auf. Aber sie haben noch Angst vor gef\u00e4hrlicheren Taten und da sch\u00e4tze ich, dass sie in Gefahr kommen k\u00f6nnten, weil Alex ihnen gedroht hat, wenn sie ihm nicht gehorchen, dann sie nicht mehr lange leben werden. Die armen kleinen Kinder, sie werden alle sterben und ich kann nicht helfen!\u2019\u2019 Ich sch\u00fcttelte den Kopf,, Nein Fey, sie werden nicht sterben. Felix, Kim, Leon, Toby, ich und die anderen sind doch auch noch da, wir k\u00f6nnen dir helfen!\u2019\u2019 Fey fing an zu weinen,, Aber was ist wenn dir etwas passiert! Dass k\u00f6nnte ich mir nie verzeihen und Mum w\u00e4re ziemlich sauer auf mich. Das kannst du nicht machen!\u2019\u2019 Ich nickte,, Doch, das werden wir machen. Ich riskiere mein Leben f\u00fcr dein Leben. Weil wenn er alle umbringen will, dann dich bestimmt auch. Und die kleinen Kinder m\u00fcssen wir genauso besch\u00fctzen!\u2019\u2019 Felix nickte,, Genau, wir m\u00fcssen eine Gruppen Versammlung machen.\u2019\u2019 ,, Stimmt, gute Idee, ich suche gerade die anderen und dann gehen wir bei uns ins Zimmer!\u2019\u2019 Fey nickte und kam mit mir. Wir suchten alle zusammen und sagten Mr. Jons, dass wir lieber etwas anderes in unseren Zimmern machen wollen. Als ich mich auf das Sofa in unseren Zimmer setzte, war das Zimmer ziemlich voll. Noel, Ray, Andrew, Kim, Felix, Fey, Leon, Toby, Xavier, Larry, Levin, Cassy, Arian, Bastian, Ben, Candy, Charley, Chris, David, Fiete, Franklin, Hanna, Selene, Ida, John, Irma, Matt, Natt, Mano, Mirabella, Minette, Mona, Briddy, Dustin, Gina, Mary, Leik, Juliet, Anabel, Claire und David. Sie alle geh\u00f6rten zu unserem coolen Trio. Ich habe sie alle w\u00e4ren des Aufenthalts hier im Internat kennen gelernt au\u00dfer meine Geschwister, Kim, Leon, Felix und Ray. Meine Schwester fing an zu erz\u00e4hlen. Alle waren still. Keiner traute sich etwas zu sagen, besonders Kim, sie guckte die ganze Zeit mit Tr\u00e4nen in den Augen zu mir. Ich wollte mit ihr reden, aber hier vor den Leuten konnte ich es nicht. Ich traute mich einfach nicht, stattdessen lasse ich sie lieber leiden. Ich bin so ein Idiot! Als Fey zu ende gesprochen hat, sagte Claire,, Was wollt ihr denn jetzt machen, ich meine, es ist doch besser, wenn wir es den Lehrern erz\u00e4hlen!\u2019\u2019 Natt war da gegen.,, Die glauben uns doch sowieso nicht!\u2019\u2019 Ich nickte und stand auf.,, Genau. Wir m\u00fcssen das schon selber regeln. Wenn Alex mich morgen wirklich umbringen will, dann soll er mich erst einmal bekommen. Wir m\u00fcssen den kleinen Kinder sagen, was sein vorhaben ist. Sie m\u00fcssen uns helfen.\u2019\u2019 Ida stand ebenfalls auf und sagte,, Ja, aber wenn sie uns helfen, dann werden sie aber umgebracht!\u2019\u2019 Ich sch\u00fcttelte den Kopf,, Nein, sie werden nicht ganz umgebracht. Aber so k\u00f6nnen wir Alex wenigstens hinter Gitter bringen!\u2019\u2019 Alle nickten und stimmten mir zu. Fay kam zu mir und sagte,, Ich werde das mir den kleinen besprechen. Auf mich h\u00f6ren sie gut.\u2019\u2019 Ich nickte und dann verschwand sie zu den kleinen Kindern, die durften n\u00e4mlich nicht mit auf Nachtwanderung. Ich teilte die anderen in Gruppen auf, damit wir morgen an verschiedenen Orten nach Alex suchen k\u00f6nnen. Nach f\u00fcnfzehn Minuten kam Fey wieder in unser Zimmer. Sie sagte,, Die kleinen machen nichts mehr, was Alex will!\u2019\u2019 Cassy stand auf und ging zur T\u00fcr,, Ich geh dann mal Leute, wir sehen uns morgen.\u2019\u2019, dann verschwand sie. Am Ende war nur noch meine Gruppe da. Xavier, Kim, Noel, Fey, Felix, Ray, Andrew, Charley, Ben, Natt, Mona und Minette. Felix schuppste mich zu Kim, die mich immer noch mit traurigen Augen ansah. Ich verstand erst nicht was er meinte, aber dann fiel mir ein, dass ich mit Kim \u00fcber unsere Trennung reden wollte. Es waren aber immer noch so viele im Raum. Ach, ist ja auch egal! ,, \u00c4hm, Kim, wir m\u00fcssen reden.\u2019\u2019 Kim guckte mir in die Augen.,, Reden? Wor\u00fcber? Ist irgendwas Schlimmes passiert?\u2019\u2019 Ich sch\u00fcttelte den Kopf,, Nein, eigentlich nicht, aber wir haben einen Fehler gemacht.\u2019\u2019 Kim verstand nicht ganz was ich meinte, aber ich redete weiter.,, Wir h\u00e4tten uns nicht trennen sollen!\u2019\u2019 Jetzt stand Kim auf und umarmte mich.,, Bist du sicher, dass das eine gute Idee ist?\u2019\u2019 Ich nickte,, Ja, ganz sicher. Das war der Gr\u00f6\u00dfte Fehler, den wir gemacht haben.\u2019\u2019 Kim nickte und sagte,, Ja, du hast recht!\u2019\u2019 Xavier, Noel, Felix, Ray, Andrew, Ben und Natt klatschten und sagten,, Knutschen, knutschen!\u2019\u2019 Kim guckte sich im Zimmer um und grinste,, Mhh, warum eigentlich nicht?\u2019\u2019",
            "wordcount": "1.242",
            "chapter_release": "16.02.2012",
            "chapter_number": "11"
        },
        "12": {
            "text": "Jetzt war ich der jenige, der rot wurde, aber so wie die Jung es wollten, standen wir nun im Zimmer und knutschten. Als Kim sich dann irgendwann langsam l\u00f6ste kam Xavier zu mir und haute mir auf die Schulter,, Hast du gut gemacht! Dann verabschiedete er sich und ging aus dem Zimmer. Ich schaute aus dem Zimmer um mir fiel auf, dass es schon ziemlich sp\u00e4t war. Ich sagte,, Geht jetzt lieber auf eure Zimmer, die anderen kommen gleich bestimmt von der Nachtwanderung zur\u00fcck!\u2019\u2019 Die anderen nickten un gingen aus dem Raum, au\u00dfer Kim. Felix, Ray, Noel, ich und Kim sa\u00dfen nun im Zimmer und wussten nicht was wir machen sollten. Kim fragte,, Leo, ich habe Angst, dass Alex dich wirklich umbringen will!\u2019\u2019 Ich schaute sie an und sagte,, Du brauchst keine Angst haben, es passiert schon nichts. Wir sind viel mehr als er und seine Clique.\u2019\u2019 Kim nickte ,, Ja, schon, aber Alex kann viele leicht beeinflussen, dass weist du!\u2019\u2019 Nun meldete sich Felix zu Wort,, Ja, dass stimmt zwar, aber ich glaube es wissen mittlerweile alle bescheit, dass Alex ein Arschloch ist. Die meisten haben es sogar mitbekommen, wo er geplant hat, dich umzubringen. Also so doof muss erst mal einer sein, um den zu vertrauen.\u2019\u2019 ,, Ja und deswegen freundet er sich mit den Grundsch\u00fclern an, weil die nicht wissen, was er vorhat.\u2019\u2019 Kim schaute zu mir und stand auf.,, Ich gehe jetzt mal nach Irma, die fragt sich bestimmt schon wo ich bleibe.\u2019\u2019 Sie gab mir noch einen Kuss und verschwand dann. Ich sp\u00fcrte nichts gutes. Irgendetwas hatte sie vor. Mit einem unguten Gef\u00fchl ging ich dann ins Bett. Am n\u00e4chsten Morgen wurde ich dann fr\u00fch geweckt. Irma stand in unserem Zimmer. Sie schaute unruhig . Ich fragte verschlafen,, Hallo Irma, was ist denn los so fr\u00fch am Morgen?\u2019\u2019 Felix sagte aufgeregt,, Kim ist verschwunden.\u2019\u2019 Ich sprang aus dem Bett,, Was!?\u2019\u2019 Irma kam weiter in den Raum,, Ja, als ich heute Morgen wach wurde, war sie weg. Ich dachte sie w\u00e4re auf Klo, oder bei euch, aber sie war hier nicht.\u2019\u2019 Ich zog schnell meine Jeans und meinen schwarzen Pullover an,, Ich habe mir schon gedacht, dass etwas passiert. Als sie mich gestern Abend gek\u00fcsst hat, da hatte ich schon so ein komisches Gef\u00fchl.\u2019\u2019 Noel fragte,, Und was machen wir jetzt?\u2019\u2019 ,, Ich gehe jetzt erst einmal nach Fey und dann gehe ich Kim suchen!\u2019\u2019 Noel und Felix beschlossen mit zu kommen. Ray blieb im Zimmer um sicher zu gehen und Irma ging zur\u00fcck auf ihr Zimmer. Als wir auf dem Weg nach Fey waren wir ziemlich verwundert, dass es so ruhig bei den kleinen war, eigentlich waren die doch immer die ersten, die wach waren. Noel \u00f6ffnete leise eine T\u00fcr und guckte in eines der Zimmer. Er sagte,, Es ist alles leer!\u2019\u2019 Ich war ziemlich verwundert. Ich guckte durch den leeren Gang und sah einen kleinen Jungen versteckt hinter den M\u00fclleimer. Ich ging zu ihn hin. Er schaute mich ganz \u00e4ngstlich an und sagte,, Lasst mich hier, ich werde nichts verraten, ich will doch nichts von euch!!!\u2019\u2019 Ich schaute ihn verwundert an,, Was sagst du da? Wo sind die anderen?\u2019\u2019 Der Junge schaute mich an,, Bist du nicht einer von diesen b\u00f6sen Jungs?\u2019\u2019 Ich sch\u00fcttelte den Kopf,, Nein, ich bin Leo. Wie hei\u00dft du kleiner?\u2019\u2019 Der kleine Junge stand auf und wischte sich die Tr\u00e4nen aus dem Gesicht,, Ich bin Sam. Ich gehe in die 4a.\u2019\u2019 ,, Also Sam, wo sind deine Freunde?\u2019\u2019 Sam schaute auf den Boden,, Heute Morgen, es war sehr fr\u00fch, da kamen Jungs in unser Zimmer und haben alle aufgeweckt und dann aus dem Zimmer gejagt . Es war auch ein M\u00e4dchen an einem Strick dabei. Sie hatte braune Haare. Ich sch\u00e4tze mal, sie ist in deinem alter.\u2019\u2019 Ich starrte ihn an,, Ein M\u00e4dchen? Das war Kim, sie ist auch verschwunden. Weist du, wo die Jungs die anderen hin gebracht hat?\u2019\u2019 Sam sch\u00fcttelte den Kopf,, Nein, ich weis nur, dass sie nach unten gegangen sind.\u2019\u2019 Ich bedankte mich bei Sam und rannte zur\u00fcck zu unseren Zimmer. Ray fragte,, Na, habt ihr sie?\u2019\u2019 Ich sch\u00fcttelte den Kopf,, Nein, aber sie ist nicht die einzige, die verschwunden ist. Fast alle Grundsch\u00fcler sind verschwunden. Ein einziger ist noch da. Er meinte sie sind nach unten gegangen.\u2019\u2019 Ray sagte,, Dann lasst uns unten weiter suchen. Noel und ich gehen im Eingangssaal suchen und du unten im Keller.\u2019\u2019 Ich nickte und rennte los. Ich rannte die lange, staubige und br\u00fcchige Treppe hinunter. Es war dunkel und kalt. Es war der perfekte Ort um zu t\u00f6ten. Ich hatte eine Taschenlampe dabei und sah pl\u00f6tzlich Blutspuren auf der Treppe. Jetzt rannte ich noch schneller. Ich rief bei Ray auf dem Handy an. Ray fragte,, Hast du sie?\u2019\u2019 ,, Nein, aber ich habe eine Spur. Kommt zu mir in den Keller!\u2019\u2019 ,, Ok, wir kommen.\u2019\u2019 Ich legte auf und rannte weiter. Der Keller war gro\u00df, sie konnten \u00fcberall sein. Ich war kurz am verzweifeln, als Noel und Ray hinter mir auftauchten.,, Und?\u2019\u2019 Ich sch\u00fcttelte den Kopf,, Ich habe keine Ahnung.\u2019\u2019 Pl\u00f6tzlich h\u00f6rte ich ein jammern. Ich drehte mich um und rannte weiter. Ich kam an eine gro\u00dfe, alte und staubige Holzt\u00fcr. Ich \u00f6ffnete sie und bereute es gleich. Der ganze Raum war voller Blut. Fast alle Grundsch\u00fcler waren tot, nur ein paar haben \u00fcberlebt. Ich guckte mich um und konnte Kim nicht finden.,, Kim! Wo bist du?\u2019\u2019 Ein kleines jammern kam aus der Ecke. Ich leuchtete hin und sah Kim blutend an der Wand h\u00e4ngen. Sie wurde mit Seilen gefesselt und aufgeh\u00e4ngt. Das Blut aus ihren Gelenken, da wo das Seil einschnitt, tropfte auf die Kinder die unter ihr lagen. Die Kinder waren tot. Und h\u00e4tten wir Kim nicht gefunden, dann w\u00e4re sie in den n\u00e4chsten paar Stunden auch tot. Entweder w\u00e4re sie verblutet, verdurstet, verhungert oder einfach nur vor Schmerz gestorben.",
            "wordcount": "970",
            "chapter_release": "16.02.2012",
            "chapter_number": "12"
        },
        "13": {
            "text": "Ich brachte es \u00fcber mich und kletterte \u00fcber die toten Kinder r\u00fcber um Kim zu befreien. Es war ekelhaft. Ich legte Kim \u00fcber meiner Schulter und trug sie aus dem Raum raus. Ich legte sie auf dem Boden und l\u00f6ste sie von ihren Fesseln. Als ich das Klebeband von ihrem Mund gel\u00f6st hatte schrie sie los,, Dieses Arsch! Ich werde ihn umbringen!\u2019\u2019 Ich versuchte sie zu beruhigen und trug sie nach oben. Als wir wieder in der Eingangshalle des Hauses waren, kam Mr. Jons rein. Er war halb geschockt, als er Kim sah.,, Ohh Gott, was ist denn mit dir passiert?\u2019\u2019 Kim fing an alles zu erz\u00e4hlen.,, Also, Alex aus der 9. und Leo hatten stress. Alex drohte Leo umzubringen. Ich wollte es verhindern und ging heute morgen ziemlich fr\u00fch los. Pl\u00f6tzlich kam einer von ihnen von hinten und klebte mir den Mund zu. Sie holten alle Grundsch\u00fcler und brachten sie runter in den Keller. Sie fesselten mich und hingen mich unten an die Wand. Alex hatte ein Messer bei sich. Er stach auf jedes Kind ein. Dann hob er sie hoch und warf sie wie M\u00fcll in ein leeren Raum. Jake trampelte zum Schluss \u00fcber alle dr\u00fcber, wie \u00fcber ein Haufen Papier. Das Blut spritze \u00fcberall hin. Dann gingen sie aus dem Raum und verschlossen die T\u00fcr. Der ganze Raum roch nach Blut. Die Seile an meinen Gelenken schnitten sich immer tiefer in meine Haut. Ja, dann irgendwann hat Leo mich dann gefunden. H\u00e4tte er mich nicht gefunden, w\u00e4re ich in den n\u00e4chsten Stunden tot.\u2019\u2019 Mr. Jons klopfte mir auf die Schulter und sagte,, Gut gemacht Leo. Die anderen sind noch unten im Keller?\u2019\u2019 Ich nickte,, Ja, aber die meisten sind tot.\u2019\u2019 Mr. Jons ging runter in den Keller. Ich und Kim folgten ihm. Er sch\u00fcttelte den Kopf und zog jedes Kind aus dem Raum. Es waren 50 Grundsch\u00fcler, davon lebten nur noch 5 plus den, der oben sich retten konnte, also noch 6. Ich versuchte nicht genau zu erkennen, wer da alles lag. Es war einfach nur grauenhaft zu sehen, wie viele Kinder sterben mussten. Einfach so, ohne Grund. Mr. Jons drehte sich zu mir um und sagte,, Versucht diesen Alex und diesen Jake zu finden! Wir m\u00fcssen sie zu fort finden, sonst k\u00f6nnten noch mehr sterben!\u2019\u2019 Ich nickte und ich rennte los. Kim folgte mir langsam.,, Kim, geh du nach oben zu Irma. Ich geh Alex und Jake alleine mit den Jungs suchen.\u2019\u2019,, Aber, wenn er dich auch umbringt?\u2019\u2019,, Nein, dass wird er nicht. Und jetzt geh! Ich werde wieder kommen!\u2019\u2019 Kim gab mir noch einen langen Kuss und ging dann nach oben. Noel, Ray und ich rannten raus auf dem Schulhof. Noel fragte,, Und was machen wir jetzt? Oder besser gesagt, wo suchen wir jetzt?\u2019\u2019 Ich guckte mich um,, Ray, ruf du Xavier und die anderen an und du Noel rufst Fey an. Wir m\u00fcssen wissen wo Alex und Jake grad sind.\u2019\u2019 Die Jungs nickten und fingen an zu telefonieren. Noel war als erster fertig.,, Fey hat gesagt, dass Alex und Jake in den Wald gehen wollten, um zu angeln, da w\u00e4re ein See.\u2019\u2019 Ich guckte leicht verwirrt.,, Ich hab mir mal die Karte angeguckt und hier gibt es keinen See. Und Alex kann noch nicht mal angeln und au\u00dferdem hasst er Fisch.\u2019\u2019 Noel zuckte mit den Schultern,, Ich glaub das hei\u00dft nichts guten, oder?\u2019\u2019 Ich nickte zustimmend. Nachdem Ray die anderen angerufen hat und sie alle bei uns waren, gingen wir in den Wald um Alex und Jake zu suchen. Mr. Jons war auch mitgekommen, da er Alex und Jake pers\u00f6nlich noch zur rede stellen wollte, bevor er die Polizei \u0001 \u0002 Noel, der vorgerannt war, lie\u00df nichts gutes h\u00f6ren:,, Dort vorne liegen sie. Oder besser gesagt, dort dr\u00fcben liegt Alex, Jake h\u00e4ngt.\u2019\u2019 Xavier rannte zu ihm und sagte:,, Ach du schei\u00dfe!\u2019\u2019,, Mr. Jons, rufen sie sofort die Polizei.\u2019\u2019, sagte ich und Mr. Jons kramte sein Handy aus seiner Hosentasche.",
            "wordcount": "657",
            "chapter_release": "16.02.2012",
            "chapter_number": "13"
        },
        "14": {
            "text": "Das h\u00e4tte ich jetzt nicht von Alex erwartet, dass er sich selbst umbringt, obwohl er mich umbringen wollte. Wahrscheinlich hat er es eingesehen, dass das so nicht weiter gehen kann, aber er h\u00e4tte sich doch nicht umbringen m\u00fcssen, oder?Ok, es war schon heftig, was er heute Morgen da geleistet \u0001 \u0002 Jungs l\u00f6sten den Knoten von der Schlaufe um Jake\u2019 s Hals. Als ich noch in der Clique war, hatte ich mir so oft gew\u00fcnscht, dass er gehen w\u00fcrde oder was wei\u00df ich, und jetzt tat er mir fast leid. Er h\u00e4tte auch nicht bei Alex bleiben d\u00fcrfen, aber er war so leicht zu manipulieren, da war das schon vorhersehbar, dass er bei ihm \u0001 \u0002 Minuten sp\u00e4ter war die Polizei, Krankenwagen und ein Leichenwagen da. Die Sanit\u00e4ter liefen sofort nach Alex. Man konnte nicht wirklich erkennen an was er gestorben war. Er wurde sofort in den Krankenwagen gebracht, so als ob sie ihn wiederbeleben \u0001 \u0002 Bestatter stieg seelenruhig aus seinem Auto und schlendert zu uns r\u00fcber. Selbst eine Schnecke war fast schneller als er!Als er bei uns war, fragte er:,, Wie hei\u00dft der Tote?\u2019\u2019Mr. Jons schluckte:,, Jake Barker.\u2019\u2019 Der Bestatter nickte:,, Ah, ok.\u2019\u2019Xavier sagte leicht genervt:,, Sollten sie ihn nicht jetzt in einem Sag legen und in ein Leichenhalle bringen?\u2019\u2019Der Bestatter lachte:,, Nein, die Polizisten m\u00fcssen erst einmal alles fotografieren und so.\u2019\u2019 Xavier \u0001 \u0002 Polizist mit schwarzen Haaren kam zu uns:,, Guten Tag meine Herren. Wenn ich euch ein paar Fragen stellen darf.\u2019\u2019 Wir nickten. Er fragte:,, Seit ihr alle Freunde von ihm?\u2019\u2019 Mr. Jons sagte:,, Ich glaube Leo kann mehr dazu sagen, als die anderen.\u2019\u2019 Ich nickte:,, Ja, also vorher als wir noch Zuhause waren, da hatten wir so eine Clique. Er verlangte irgendwann von uns, dass wir Leute bestehlen. Und als ich und mein bester Freund einmal die Oma von meiner Freunden bestehlen sollten wurde es uns zu viel. Die Clique l\u00f6ste sich eigentlich ganz auf, au\u00dfer Jake Barker blieb bei ihm. Als wir dann auf dem Internat waren, drohte er mehrmals mich umzubringen. Ja und heute Morgen waren alle Grundsch\u00fcler aus ihren Zimmern, und das vor Unterrichtsbeginn. Und meine Freundin war auch spurlos \u0001 \u0002 Freunde und ich machten uns nat\u00fcrlich sofort auf die Suche und ich fand sie dann unten im Schulkeller in einem kleinen Raum. Meine Freundin war an die Wand gefesselt und die meisten Grundsch\u00fcler lagen erstochen in dem kleinen Raum. Es waren F\u00fcnfzig und davon haben mindestens sechs oder so \u00fcberlebt. Ja, dann kam Mr. Jons uns entgegen und wir sollten Alex und Jake suchen. Ich fragte meine Schwester ob sie w\u00fcsste wo sie sind, da sie ihn ausspioniert hatte. Ja und dann fanden wir sie hier im Wald.\u2019\u2019Der Polizist, der alles aufmerksam mitgeschrieben hatte, sagte:,, Ok. Und die Grundsch\u00fcler sind noch alle im Keller?\u2019\u2019 Ich nickte. ,, Ok. Die Sanit\u00e4ter versuchen gerade Alex wieder zu beleben. Er hat einen heftigen tritt gegen die Sch\u00e4deldecke bekommen. Wenn er es schaffen sollte, kommt er erst mal ins Krankenhaus und dann stellen wir ihn vors Gericht.\u2019\u2019Ich nickte. Das war doch mal eine gute \u0001 \u0002 der Sanit\u00e4ter kam aus dem Krankenwagen:,, Alex lebt noch, er ist nur bewusstlos. Ich denke wir bringen ihn erst einmal ins Krankenhaus. Es wird nicht lange dauern bis ihr ihn vor Gericht vernehmen k\u00f6nnt.\u2019\u2019",
            "wordcount": "555",
            "chapter_release": "16.02.2012",
            "chapter_number": "14"
        },
        "15": {
            "text": "Die n\u00e4chsten Wochen vergangen wie im Flug. Als Alex kam f\u00fcr f\u00fcnfundzwanzig Jahre ins Gef\u00e4ngnis und Jake nur zehn, weil er ja angeblich so manipuliert war, das er ja nicht alleine denken \u0001 \u0002 wir, wir mussten alle wieder nach Hause und auf unsere alte \u0001 \u0002 anderen von den anderen Schulen werde ich vermissen. Zum Beispiel Xavier. Er war echt nen netter Typ, und ich w\u00e4re gerne noch auf dem Internat geblieben, aber man kann es ja nicht \u0001 \u0002 Eltern waren \u00fcbrigens froh das ich aus der Clique ausgestiegen bin. Ich musste ihnen alles \u0001 \u0002 und ich sind jetzt schon \u00fcber nen Monat zusammen. Sie plant schon unsere \u0001 \u0002 was?",
            "wordcount": "115",
            "chapter_release": "16.02.2012",
            "chapter_number": "15"
        },
        "2": {
            "text": "Am n\u00e4chsten Morgen war es warm. Die Sonne schien und die Temperatur war \u00fcber drei\u00dfig Grad. Das wird ein anstrengender Tag, dachte ich mir. Als ich in die K\u00fcche kam, guckte mich meine Mutter komisch an und sagte,, Morgen mein Lieber, du hast gut geschlafen, oder?\u2019\u2019 Ich zuckte mit den Schultern,, Ja, wieso?\u2019\u2019 ,, Du siehst nicht so verschlafen aus!\u2019\u2019 Ich nickte. Ich ging zur\u00fcck in mein Zimmer und zog die Sachen von der letzten Nacht an. Ich nahm meine Tasche und ging raus. Auf dem Weg zur Schule traf ich Felix. Er sah nicht gut aus.,, Felix, du siehst nicht sehr gut aus, was hast du?\u2019\u2019 Er guckte mich mit traurigen Augen an,, Alex hat angerufen. Er meinte du h\u00e4ttest ich weggedr\u00fcckt, als er dich angerufen hat. Das h\u00e4ttest du nicht machen d\u00fcrfen!\u2019\u2019 Ich verstand nicht ganz.,, Warum h\u00e4tte ich das nicht machen d\u00fcrfen?\u2019\u2019 ,, Weil er ziemlich w\u00fctend geworden ist. Er wird dir den Tag heute zur H\u00f6lle machen!\u2019\u2019 Ich sch\u00fcttelte den Kopf,, Nein, dass kann er gar nicht. Wie soll das in der Schule gehen? Es darf doch keiner von unserer Clique erfahren!\u2019\u2019 Er zuckte mit den Schultern. Auf dem Schulhof angekommen, sah ich die anderen mit Alex bei der gro\u00dfen Eiche. Ich konnte mir vorstellen, dass Alex das in der Tat umsetzten w\u00fcrde, also ging ich erst gar nicht zu ihnen hin. Ich setzte mich auf einen der Steine und wartete bis wir endlich in die Schule durften. Kim und noch zwei andere M\u00e4dchen, ich glaube es waren Amy und Judy, kamen zu mir. Kim setzte sich neben mir und sagte,, Warum sitzt du hier so alleine?\u2019\u2019 Ich guckte zu den anderen und sagte,, Ach, in der Gruppe gab es ein bisschen Streit, ich habe kein bock darauf.\u2019\u2019 Sie nickte verst\u00e4ndnisvoll. Judy setzte sich ebenfalls neben mir und sagte,, Was machst du denn so sch\u00f6nes heute Nachmittag?\u2019\u2019 Ich guckte sie an,, Ich muss nur kurz nach Alex, aber so habe ich nichts vor.\u2019\u2019 Judy und Amy guckten mich mit funkelnden Augen an. Amy sagte,, Dann k\u00f6nnen wir ja was zusammen machen!\u2019\u2019 Ich war jetzt nicht so begeistert, aber es war immerhin besser, als mit der Clique rumzuh\u00e4ngen. Ich nickte und die beiden verschwanden. Kim guckte mich an,, Du hast ein Date mit den beiden?\u2019\u2019 Ich zuckte mit den Schultern,, Keine Ahnung.\u2019\u2019 Sie lachte,, Du bist schon komisch. Warum machst du nichts mit den Jungs? Kein cooler Junge, so wie du, w\u00fcrde sich mit M\u00e4dchen abfinden. Ihr macht doch lieber irgendwas anderes, wie zum Beispiel im Park den sch\u00f6nen M\u00e4dchen hinterher pfeifen oder so, aber mit ihnen Eisessen gehen, so etwas macht ihr doch nicht!\u2019\u2019 Ich guckte sie an,, Versteh mich jetzt nicht falsch, aber du bist anders.\u2019\u2019 Sie guckte mich fragend an,, Anders? Das verstehe ich jetzt nicht.\u2019\u2019,, Du, wie soll ich das sagen. Du bist vom Typ her einfach anders. Du bist ein sch\u00f6nes M\u00e4dchen, du lebst dein Leben, wie keine andere und dazu bist du auch noch cool!\u2019\u2019 Sie l\u00e4chelte mich an,, Sollte das ein Kompliment sein?\u2019\u2019 Ich nickte,, Ja, eigentlich schon.\u2019\u2019 Sie gab mich ein Kuss auf die Wange und sagte,, Du bist auch ganz anders. Du siehst gut aus, du ziehst dich cool an, die meisten M\u00e4dchen sind hinter dir her, was dich irgendwie nicht beeindruckt und du hast so eine Geheimnisvolle Seite.\u2019\u2019 Ich grinste und sagte,, Ich glaube jeder hat eine Geheimnisvolle Seite!\u2019\u2019 ,, Aber nicht so wie du! Du w\u00e4rst bestimmt ein guter Kumpel!\u2019\u2019 Ich nickte,, Ja, wir w\u00e4ren bestimmt gute Freunde, aber wenn die Jungs wissen, dass ich mit einem M\u00e4dchen abh\u00e4nge, dann machen die Brei aus mir!\u2019\u2019 Sie schaute mich an,, Du bist mit diesem Alex aus der neunten befreundet, oder?\u2019\u2019 Ich nickte,, Ja, Felix, Toby, Jake und Leon auch. Sie sind ja auch alle bei ihm, nur ich nicht.\u2019\u2019 ,, Warum?\u2019\u2019 Ich schaute weg,, Kann ich dir nicht sagen.\u2019\u2019 Sie ber\u00fchrte mein Arm und sagte,, Warum, hattest du Streit mit einem von ihnen?\u2019\u2019 Ich sch\u00fcttelte den Kopf,, Nein, die sind alle ganz in Ordnung. Besonders Felix, wir mochten uns am Anfang erst nicht, aber jetzt sind wir echt gute Freunde.\u2019\u2019 Sie schaute mich erleichtert an und wechselte das Thema,, Heute sagte Mr. Jons uns, wer in das Internat kommt. Ich hoffe wir beide kommen zusammen auf das Internat und am coolsten w\u00e4re es dann auch noch, wenn wir in die gleiche Klasse kommen.\u2019\u2019 Ich nickte und merkte, wie sehr sie sich f\u00fcr mich interessierte. Das gefiel mir. Endlich klingelte es und wir durften in die Klasse. Kim wich mir nicht von der Seite und alle starrten uns hinterher. Das fand ich unangenehm, als ob ich einen Fehler gemacht habe. In der Klasse sa\u00df sie ebenfalls neben mir. Wir verstanden uns wirklich super. Ich hatte \u00fcberhaupt nicht bemerkt, dass Amy und Judy mich w\u00fctend ansahen. Als ich es bemerkt hatte, war mir das eigentlich egal. Ich verstand mich so gut mit Kim, dass ich sie nach der Stunde fragen wollte, ob sie nach der Schule Zeit hat. Als Mr. Jons in die Klasse kam und uns begr\u00fc\u00dft hatte, fing er an \u00fcber das Internat zu erz\u00e4hlen,, Also, heute werde ich euch die Namen vorlesen, die es geschafft haben, auf das Internat zu kommen. Also, folgende Personen haben es geschafft: Judy, Amy, George, Peter, Kim, Bastian, Freddy, Ika, Isabel, Livo, Leo, Lola, Matt, Mona, Ray, Rika, Sitt, Stephen, Vicky, Woody, Zahra, Felix, Leon, Jake, Jo, Jill, Emma, Amanda, Irma und Noel.\u2019\u2019 Ich und Kim freuten uns. Mr. Jons redete weiter,, Alle Klassen, die es geschafft haben, treffen sich gleich in der Aula. Dort werden alle Namen vorgelesen.\u2019\u2019 Ich konnte mich \u00fcberhaupt nicht mehr konzentrieren, so froh war ich. Als die Stunde zu ende war, ging ich mit Kim Richtung Aula.",
            "wordcount": "951",
            "chapter_release": "16.02.2012",
            "chapter_number": "2"
        },
        "3": {
            "text": "Mir fiel ein, dass ich noch was machen wollte,, Du Kim, kann ich dich was fragen?\u2019\u2019 Sie schaute mich an,, Ja, was gibt es Leo?\u2019\u2019 Ich schaute ihr in die Augen,, Hast du heute Nachmittag schon was vor?\u2019\u2019 Sie grinste,, Nein, ich nicht, aber du wolltest doch was mit Judy und Amy machen.\u2019\u2019 Ich sch\u00fcttelte den Kopf,, Eigentlich nicht. Jetzt will ich was mit dir machen. Das will ich schon die ganze Zeit.\u2019\u2019 Ihr grinsen wird noch breiter,, Ja, wir k\u00f6nnen gerne was zusammen machen. Ich wollte nur kurz zu meiner Oma und du, wolltest du nicht noch nach Alex?\u2019\u2019 Da fiel es mir wieder ein. Die tausend Dollar. Ich wusste nicht ob ich es sagen sollte. Ich guckte sie an,, Ja, wollte ich. Du, wo wohnt denn deine Oma?\u2019\u2019 Sie guckte verwundert,, Am ende der Broad Street.\u2019\u2019 Ich bekam ein halben Schock. Die Frau von der letzten Nacht war Kims Oma. Ich konnte Alex das Geld nicht geben. Ich musste es der Oma zur\u00fcckgeben. Ich wusste nur nicht wie. Als wir in der Aula sa\u00dfen, waren wir schon ganz gespannt, wer noch auf das Internat kommt. Der Direktor kam auf die B\u00fchne und fing an zu reden,, Hallo liebe Sch\u00fcler und Sch\u00fclerinnen. Heute wurde gesagt, welche von euch in das Internat in Cork kommen. Nun lese ich euch die Zimmeraufteilungen vor, denn wir m\u00fcssen Morgen schon los fahren. Die Zimmeraufteilung der Jungs im siebten Jahrgang. Alexander, Aron und Miguel im Zimmer 1a. Ben, Billy und Felipe im Zimmer 1b. Chris, Dag und Dustin im Zimmer 1c. Ed, Gebbo und Jago im Zimmer 1d. Ibo, Ivan und Ivo im Zimmer 1e. Jetzt die Zimmeraufteilung der M\u00e4dchen. Anna, Bea, Bess und Briddy Zimmer 1f. Cary, Daria, Ebba und Fanny Zimmer 1g. Gina, Hannah, Helena und Holly Zimmer 1h. Ina, Jana und Lea Zimmer 1i. Das waren die siebener, jetzt die achter. Die Aufteilung der Jungs. George, Peter, Bastian und Freddy Zimmer 2a. Ika, Livo, Matt und Sitt Zimmer 2b. Leo, Ray, Noel und Felix Zimmer 2c. Stephen, Woody, Leon und Jake Zimmer 2d. Jo und Jill ihr m\u00fcsst mit zwei neunern in ein Zimmer. Jo, Jill, Alex und Toby Zimmer 2e. Jetzt die M\u00e4dchen. Amanda, Irma, Kim und Vicky Zimmer 2f. Isabel, Lola, Mona und Rika Zimmer 2g. Zahra, Emma, Judy und Amy Zimmer 2h. Jetzt die neuner Jungs. Jan, Kevin, Mino und Pablo Zimmer 3a. Olli, Nat, Piet und Lu Zimmer 3b. Mano, Merlin, Raul und Ron Zimmer 3c. Sasso und Tom mit zwei Zehnern. Sasso, Tom, Andrew und Azzo Zimmer 3d. Jetzt die M\u00e4dchen. Alexa, Evi, Janet und Kaja Zimmer 3e. Kyra, Lizzy, Meg und Vera Zimmer 3f. Mirabella, Minette, Vanessa und Zoe Zimmer 3g. Polly und Selina mit zwei aus der zehnten. Polly, Selina, Anabel und Claire Zimmer 3h. Jetzt Die Zehner. Benny, Bruce, Derek und David Zimmer 4a. Lerry, Leik, Lenny und Levin Zimmer 4b. Emil, Flori, Godofrey und Justus Zimmer 4c. Marlo, Max, Mortimer und Monty Zimmer 4d. Jetzt die M\u00e4dchen. Ellen, Erma, Felicitas und Fey Zimmer 4e. Juliet, Kara, Kira und Letje Zimmer 4f. Lexa und Mary Zimmer 4h. So, ihr merkt euch die Zimmeraufteilung und geht jetzt nach Hause. Morgenfr\u00fch seit ihr um acht hier an der Schule, mit Koffer und dem neuen Schulsachen. Sch\u00f6nen Tag noch.\u2019\u2019 Ich war von meinen Zimmergenossen begeistert. Wenigstens ein sehr guter Freund dabei und mein Bruder noch dazu. Die ganze Clique fuhr auf das Internat. Auch Alex. Ich hielt Ausschau nach ihm. Ich konnte ihn nicht finden. Ich rannte mit Kim nach drau\u00dfen. Als wir vom Schulgel\u00e4nde waren kam mein Bruder von hinten.,, Leo, Leo, wir sind in einem Zimmer!\u2019\u2019 Ich drehte mich um,, Ich wei\u00df Noel. Hast du Felix gesehen?\u2019\u2019 Er nickte,, Ja, er hat mich nach dir gefragt. Er sollte gleich kommen.\u2019\u2019 Und da kam er schon. Ich sagte zu Kim,, Sorry, ich muss mal kurz mit ihm alleine reden.\u2019\u2019 Sie nickte und ich ging mit Felix ein paar Schritte voraus. Er fragte,, Hast du das Geld dabei?\u2019\u2019 Ich nickte,, Ja, aber ich werde es Alex nicht geben!\u2019\u2019 Er starrte mich an,, Wieso? Du wei\u00dft was er macht, wenn er das Geld nicht bekommt.\u2019\u2019 ,, Ich kann ihm das Geld nicht geben, weil die alte Frau Kims Oma ist!\u2019\u2019 Jetzt drehte er sich um und guckte nach Kim,, Das ist was anderes. Soll ich mit dem Geld vorrennen und es der Oma wiederbringen?\u2019\u2019 Ich nickte,, Das w\u00e4re nett!\u2019\u2019 Ich gab ihn den Umschlag mit dem Geld und dann lief er voraus. Kim kam wieder zu mir. Sie schaute mich vertraut an und meinte,, Meine Oma wird dich m\u00f6gen!\u2019\u2019 Ich l\u00e4chelte und \u00fcberlegte was Alex jetzt mit uns machen wird. Die einzige L\u00f6sung die mir jetzt einfiel, war, nichts mit ihnen machen. Ich sollte mir neue Freunde suchen und aus der Clique aussteigen. Das war doch sowieso alles Schei\u00dfe. Wenn unsere Eltern das herausfinden, dann d\u00fcrfen wir \u00fcberhaupt nicht mehr raus. Ich muss mit Kim dar\u00fcber reden. Sie merkte das etwas mit mir nicht stimmte. Aber sie fragte nicht nach. Als wir bei ihrer Oma waren, wurde mir auf einmal so warm und ich fing an zu schwitzen. Als die Oma uns die T\u00fcr aufmachte und mich sah, sagte sie,, Ach hallo junger Mann, sch\u00f6n dich wieder zu sehen. Dein Freund war eben auch hier. Er sitzt im Wohnzimmer. Er hat mein Geld zur\u00fcckgebracht, aber er will mir nicht erkl\u00e4ren wieso. Ah, hallo Kim meine s\u00fc\u00dfe.\u2019\u2019 Kim umarmte ihre Oma und dann gingen wir ins Wohnzimmer. Als Felix mich sah, sah er nicht besser aus, als ich. Ich setzte mich neben ihn und fl\u00fcsterte ihm ins Ohr,, Wir m\u00fcssen aus der Clique aussteigen!\u2019\u2019 Er nickte,, Ich wei\u00df. Am besten noch heute!\u2019\u2019 Ich nickte und beschloss mit Kim und der Oma dar\u00fcber zu reden. Die Oma sagte,, Ich habe mich noch gar nicht vorgestellt, ich bin Marcella. Und wie hei\u00dft ihr, meine jungen Freunde?\u2019\u2019 Ich guckte erst zu Kim und dann zu Marcella.,, Ich bin Leo und das ist mein Freund Felix. Es tut uns leid, dass wir sie letzte Nacht gest\u00f6rt haben.\u2019\u2019 Die Frau nickte leicht und guckte auf den Umschlag mit dem Geld.,, Warum habt ihr das Geld mitgenommen? Brauchtet ihr Geld?\u2019\u2019 Jetzt guckte Kim mich ungl\u00e4ubig an,, Ihr hab Geld von meiner Oma gestohlen?\u2019\u2019 Ich schaute sie an,, Kim, wir wollten es nicht machen. Wahrscheinlich w\u00e4ren wir noch nicht einmal auf die Idee gekommen hier her zu kommen!\u2019\u2019 Sie sch\u00fcttelte den Kopf,, Und warum habt ihr es gemacht?\u2019\u2019 Felix sagte,, Wahrscheinlich bringt Alex uns jetzt um, deswegen m\u00fcssen wir jetzt so schnell wie m\u00f6glich aus der Clique aussteigen!\u2019\u2019 Kim guckte zu mir,, Ihr werdet umgebracht?\u2019\u2019 Ich nickte,, Ja, Alex ist unser Anf\u00fchrer. Er hat eine Gang gebildet. Felix, Leon, ich, Toby und Jake sind die Mitglieder. Letzte Nacht hat er von uns gefordert Leute zu \u00fcberfallen. Leon und Jake sollten zum Kiosk und ich und Felix sollten von deiner Oma tausend Dollar holen. Ich wusste nicht, dass es deine Oma ist, aber ich hatte da schon so ein schlechtes Gef\u00fchl, weil sie so nett war. Als ich dann geh\u00f6rt habe, dass sie deine Oma ist, wollte ich das Geld so schnell wie m\u00f6glich wieder zur\u00fcck bringen. Das Problem ist jetzt, Alex hat uns gedroht, wenn wir ihm das Geld nicht bringen, dann bringt er uns um. Und da wir ja jetzt alle auf das Internat kommen, m\u00fcssen wir noch vorher aus der Clique aussteigen.\u2019\u2019 Kim umarmte mich,, Du armer. Ich habe angst um dich und ich werde dir helfen!\u2019\u2019 Die Oma stand auf und nickte,, Ich find es sch\u00f6n, dass ihr so ehrlich seit. Ich werde euch auch helfen. Ich werde euch tausend Dollar geben, aber dann steigt ihr aus. So rettet ihr euer Leben und dein Anf\u00fchrer ist zufrieden.\u2019\u2019 Ich stand auf und bedankte mich bei der Oma. Pl\u00f6tzlich klingelte mein Handy. Es war Alex. Ich sagte,, Es ist Alex.\u2019\u2019 Als ich abnahm schrie er,, Wo bleibt die Kohle? Wo ist Felix? Ich drohe euch nur ungern, aber wenn ich die Kohle nicht bekomme, dann seit ihr auch nicht mehr lange da!\u2019\u2019",
            "wordcount": "1.341",
            "chapter_release": "16.02.2012",
            "chapter_number": "3"
        },
        "4": {
            "text": "Ich versuchte ihn zu beruhigen,, Bleib locker alter! Wir haben das Geld. Wir kommen jetzt zur Lagerhalle. Wir m\u00fcssen sowieso noch mit dir reden!\u2019\u2019 ,, Gut. In zehn Minuten seit ihr hier, verstanden!\u2019\u2019 Ich legte auf und schaute nach Kim,, Er will das Geld in zehn Minuten haben. Wir m\u00fcssen jetzt los.\u2019\u2019 Kim stand auf,, Ich komme mit. Zur Sicherheit.\u2019\u2019 Ich nickte. Marcella gab mir das Geld und scheuchte uns aus dem Haus und sagte noch,, Viel Gl\u00fcck ihr drei!\u2019\u2019 Wir bedankten uns und liefen los. An der Lagerhalle angekommen sagte ich zu Kim,, Du solltest drau\u00dfen bleiben.\u2019\u2019 Sie sch\u00fcttelte den Kopf,, Nein , ich komme mit rein.\u2019\u2019 Ich gab mich geschlagen und betrat als erster die Halle. Alex sa\u00df mit einer Taschenlampe auf einer alten Kiste und wartete. Jake, Leon und Toby waren auch dort, aber sie standen weit weg von Alex. Das schien ihn zu beunruhigen. Als ich bei ihn war, sagte ich,, Bitte Alex, die tausend Dollar. Und jetzt lass uns in Ruhe!\u2019\u2019 Er stand auf,, Was soll das hei\u00dfen? Und was macht die kleine hier?\u2019\u2019 Felix guckte ihn an und sagte,, Wir steigen aus. Und die kleine hat auch einen Namen!\u2019\u2019 Alex wurde w\u00fctend,, Ihr k\u00f6nnt jetzt nicht einfach aussteigen. Ihr m\u00fcsst doch nur noch eine Aufgabe machen, dann seit ihr doch offizielles Cliquenmitglied!\u2019\u2019 Ich sch\u00fcttelte den Kopf,, Nein, wir steigen aus. Was w\u00e4re denn die n\u00e4chste Aufgabe gewesen? T\u00f6te die und die Person und bring mir sein Geld? Von wegen, du gehst uns am Arsch vorbei!\u2019\u2019 Alex sch\u00fcttelte den Kopf,, Ihr macht einen gro\u00dfen Fehler, aber macht was ihr wollt. Ich werde im Internat bessere Mitglieder finden. Ich habe ja auch noch Toby, Leon und Jake!\u2019\u2019 Toby und Leon kamen auf ihn zu,, Tut uns leid Alex, aber wir schlie\u00dfen uns ihnen an. Wir steigen auch aus!\u2019\u2019 Jetzt sagte er nichts mehr. Jake kam zu ihn und sagte,, Keine Angst Kumpel, wir werden bessere Mitglieder finden.\u2019\u2019 Ich sagte,, Kommt Leute, wir haben hier nichts mehr verloren!\u2019\u2019 Alex wollte noch was sagen, aber wir waren schon weg. Als wir drau\u00dfen waren fragte ich Toby und Leon,, Warum seit ihr auch ausgestiegen?\u2019\u2019 Toby guckte auf den Boden und sagte,, Unsere Eltern haben herausgefunden, dass wir Nachts immer aus dem Haus gehen. Sie haben gesagt, wir sollten uns von dem Jungen fern halten, ansonsten d\u00fcrfen wir nicht auf das Internat.\u2019\u2019 Ich nickte. Kim ich und Felix gingen in den Park. Felix sagte,, Wenn die im Internat weiter machen, dann m\u00fcssen wir etwas dagegen unternehmen!\u2019\u2019 ,, Ich wei\u00df. Wir k\u00f6nnten unseren eigenen Geheimclub gr\u00fcnden. Ich kenne genug coole Jungs und M\u00e4dels. Kim geh\u00f6rt nat\u00fcrlich mit zu den Anf\u00fchrern.\u2019\u2019 Sie grinste mich an und sagte,, Genau, wir sind das coole Trio!\u2019\u2019 Ich legte einen Arm um ihre Schulter,, Ja, und du bist das coolste M\u00e4dchen der Welt!\u2019\u2019 Sie kicherte,, Deine Komplimente werden immer Schlimmer!\u2019\u2019 Felix verstand, was ich gerade versuchte und half ihr auf die Spr\u00fcnge,, Das Alphatier versucht gerade das Weibchen zu beeindrucken!\u2019\u2019 Sie blieb stehen,, Ach so ist das also. Du willst mich als deine feste Freundin?\u2019\u2019 Ich grinste frech,, K\u00f6nnte man so sagen!\u2019\u2019 Sie nahm meine Hand und wir gingen weiter,, Wenn das so ist.\u2019\u2019 Ich guckte sie an,, War das ein Ja?\u2019\u2019 Sie guckte mir in die Augen,, Eigentlich ja.\u2019\u2019 Felix klatschte und sagte lachend,, Und jetzt d\u00fcrfen sie die Braut k\u00fcssen!\u2019\u2019 Ich schaute zu ihn und jagte ihn \u00fcber die Wiese. Wir hatten unseren Spa\u00df und Kim setzte sich auf die Bank. Als wir wieder zu Kim kamen, waren Irma und Amanda dazu gekommen. Die beiden gingen bald in unsere Klasse. Amanda war die Schwester von Kim. Sie war ein Jahr \u00e4lter als Kim, aber sie wurde mit ihr eingeschult. Amanda guckte mich an,, Ich habe geh\u00f6rt, dass das Alphatier das Weibchen beeindruckt hat. Gl\u00fcckwunsch!\u2019\u2019 Ich grinste und setzte mich neben Kim. Sie guckte mich an und sagte,, Was ist jetzt eigentlich mit Judy und Amy? Die warten bestimmt in der Eisdiele.\u2019\u2019 Ich nickte,, Ich wei\u00df, aber was soll ich da? Meine Traumfrau sitzt doch neben mir.\u2019\u2019 Sie kicherte und legte ihren Kopf auf meine Schulter und sagte,, Der coolste Junge der Schule hat mich, das M\u00e4dchen, was fast unwichtig ist, gefragt, ob es mit ihm gehen will.\u2019\u2019 Ich guckte sie an,, Du bist nicht unwichtig. Hast du schon mal \u00fcberlegt wie viele Freunde du hast?\u2019\u2019 Sie sch\u00fcttelte den Kopf,, Nein, ist mir auch egal, Hauptsache ich habe welche!\u2019\u2019 Ich nickte,, Das h\u00f6rt sich schon besser an!\u2019\u2019 Ich stand auf,, Ich muss nach Hause, den Koffer noch packen. Meine Eltern wissen noch nicht einmal, dass ich es geschafft habe!\u2019\u2019 Sie nickte,, Ich will mit kommen. Ich k\u00f6nnte dir helfen. Deine Mutter ist bestimmt nett.\u2019\u2019 Ich lachte,, Ja, besonders zu den Freundinnen ihres Sohnes!\u2019\u2019 Sie nickte,, Um so besser!\u2019\u2019 Ich sagte zu Felix,, Dann bis morgen an der Schule!\u2019\u2019 Er nickte und Kim und ich gingen nach Hause. Als ich die T\u00fcr aufgeschlossen hatte, kam meine Mutter mir schon entgegen,, Leo mein s\u00fc\u00dfer, du hast es ja doch geschafft. Ich bin so stolz auf dich. Ah, hallo, wer bist du denn? Leos neue Freundin?\u2019\u2019 Ich grinste meine Mutter an,, Jepp, seit zehn Minuten. Hat Noel dir erz\u00e4hlt das er mit mir in einem Zimmer ist?\u2019\u2019 ,, Ja, Gl\u00fcckwunsch. Kann sein, dass du Kim bist?\u2019\u2019 Sie nickte,, Ja, woher wissen sie wie ich hei\u00dfe?\u2019\u2019 Mum grinste,, Weil dein Name auf jeden Schreibblock von Leo steht!\u2019\u2019 Ich schaute sie an,, Vielen dank f\u00fcr diese wunderbaren Informationen!\u2019\u2019 Ich zog Kim weiter in mein Zimmer. Ich schloss die T\u00fcr hinter uns. Ich zog mein Koffer unter dem Bett hervor. Kim sagte,, Hast du wirklich meinen Namen \u00fcberall stehen?\u2019\u2019 Ich schaute sie an,, Wenn ich es so sagen soll, ja.\u2019\u2019 Sie setzte sich neben mir.,, Das ist s\u00fc\u00df. Ich finde so etwas voll cool. Dein Name steht ein paar mal in meinem Tagebuch.\u2019\u2019 Ich kam n\u00e4her zu ihr und sagte,, Ich finde so etwas zum anbei\u00dfen!\u2019\u2019 Sie kicherte. Unsere Gesichter kamen n\u00e4her. Unsere Lippen ber\u00fchrten uns sanft. Ich wollte nichts \u00fcberst\u00fcrzen, also lie\u00df ich sie machen was sie wollte. Nach einer Weile l\u00f6ste sie sich von mir und sagte,, Ich wollte dir beim einpacken helfen und dich nicht daran hindern.\u2019\u2019 Ich lachte,, Ich brauche sowieso immer eine halbe Ewigkeit. Mein Bruder ist da schneller.\u2019\u2019 Sie lachte. Den Rest des Nachmittags verbrachten wir damit, meine ganzen Klamotten in meinem Koffer zu verstauen. Als wir alles n\u00f6tige eingepackt hatten sagte sie,, Dann werde ich jetzt mal nach Hause und meinen Koffer packen. Wir werden uns morgen an der Schule sehen!\u2019\u2019 Ich nickte. Sie k\u00fcsste mich noch einmal auf den Mund und dann verschwand sie.",
            "wordcount": "1.099",
            "chapter_release": "16.02.2012",
            "chapter_number": "4"
        },
        "5": {
            "text": "Als ich gerade die T\u00fcr verschlossen hatte, merkte ich, das Mum hinter uns gestanden hat. Sie sagte,, Sie scheint dich wirklich sehr zu m\u00f6gen.\u2019\u2019 Ich nickte,, Ja und ich mag sie auch sehr. Wir sind auch gute Freunde. Im Internat sind wir auch in einer Klasse.\u2019\u2019 Mum nickte,, Aha, Kommt Felix auch auf das Internat?\u2019\u2019 Ich nickte,, Ja, er ist auch bei mir auf dem Zimmer.\u2019\u2019 Mum und ich redeten noch ein bisschen und irgendwann sagte sie,, So mein Lieber, dann gehst du jetzt brav ins Bett, du musst morgen fr\u00fch raus!\u2019\u2019 Ich nickte und ging ins Bett. Als ich da so lag, dachte ich, was f\u00fchr ein gl\u00fccklicher Junge ich eigentlich bin. Am n\u00e4chsten Morgen war ich fr\u00fch wach. Ich zog meine besten Sachen an, schlie\u00dflich wollte ich Kim beeindrucken. Meine Mum, Noel, Fey und Vanessa sa\u00dfen schon am Tisch. Fey und Vanessa waren meine \u00e4lteren Schwestern. Vanessa ging mit Alex in eine Klasse. Sie mochte ihn nicht sehr. Aber er mochte sie. Sogar mehr als m\u00f6gen. Wenn er jetzt nicht so angesagt in der Schule w\u00e4re, dann w\u00fcrde er wahrscheinlich vor ihr auf die Knie fallen. Na ja, Fey war da schon anders. Sie fand Alex cool. Ich w\u00fcrde ihr das zwar abraten, aber sie wollte sich mal mit ihm treffen. Das Problem war nur, sie geht in die zehnte Klasse und Alex stand nicht wirklich auf \u00e4ltere M\u00e4dchen. Nur auf die, die unwiderstehlich sch\u00f6n aussahen und so eine war meine Schwester. Sie hatte lange, blonde Haare. Sie waren gepflegt wie nichts anderes auf der Welt. Sie trug die sch\u00f6nsten Sachen der M\u00e4dchenwelt und war das begehrteste M\u00e4dchen der Schule. Jeder Junge w\u00fcrde alles f\u00fchr sie geben wollen. Na ja, au\u00dfer ich und Felix. Felix hatte jemand anderen ins Herz geschlossen. Polly. Sie ging in die neunte und war die beste Freundin von Vanessa. Polly war genau das Gegenteil von Kim. Sie war eine Tussi. Mehr f\u00e4llt mir zu diesem M\u00e4dchen nicht ein. Sie musste immer perfekt aussehen. Ihre Lieblingsfarbe war rosa und sie hatte blonde Haare. Ich hasste solche M\u00e4dchen. Kim dagegen war perfekt. Lange, sch\u00f6ne, braune Haare, blaue Augen und der Rest ihres Gesichtes war \u00fcberirdisch sch\u00f6n. Sie zog sich immer l\u00e4ssig an. Sie schminkte sich nicht, deswegen wundere ich mich manchmal, warum sie so sch\u00f6ne lange Wimpern hat. Ich stellte sie mir manchmal in einen sch\u00f6nen Kleid vor, wie wir im Park sitzen und unsern Picknickkorb leer essen. Wahrscheinlich w\u00fcrde ich sie auch m\u00f6gen, wenn sie sich so anziehen w\u00fcrde wie Fey, solange sie sich nicht so wie eine Tussi verhielt. Ich setzte mich an den Tisch und wollte anfangen zu essen, als Fey sagte,, Mum hat uns erz\u00e4hlt, dass du was mit der neuen hast.\u2019\u2019 Ich guckte zu meiner Mutter, die jetzt aus dem Raum ging. Vanessa r\u00e4umte ihre Cornflakes Schale weg und sagte,, Leo, fast alle M\u00e4dchen von der Schule sind hinter dir her und du nimmst gleich die erst beste. Du musst erst ein bisschen spielen. Sie einvers\u00fcchtig machen. Du nimmst erst andere und wenn sie dich zu einem Date einl\u00e4dt, dann kommst du ihr langsam n\u00e4her. Die anderen werden dich im Internat nur verfolgen, dass ist mein Ernst!\u2019\u2019 Ich guckte zu Fey,, Aber, was h\u00e4tte ich den anderes machen sollen? Ich mag sie schon so lange und die anderen sind alle so, so komisch.\u2019\u2019 Vanessa sch\u00fcttelte den Kopf,, Du bist auch komisch.\u2019\u2019 Dann ging sie aus dem Zimmer. Nun sa\u00dfen Fey und ich alleine in der K\u00fcche. Fey sagte,, Keine Angst kleine, h\u00f6r einfach nicht auf sie. Du bist mit Kim zusammen, ihr beide Liebt euch und die ganze Welt ist in Ordnung. So soll es sein.\u2019\u2019 Ich guckte sie an,, Nein, die ganze Welt ist eben nicht in Ordnung!\u2019\u2019 Sie schaute auf,, Wie meinst du das?\u2019\u2019 ,, Ich bin Nachts immer aus dem Haus geschlichen.\u2019\u2019 Sie starrte mich an,, Warum?\u2019\u2019 ,, Alex. Er hat eine Clique gegr\u00fcndet. Er hat nicht sehr nette Aufgaben gefordert. Letztens mussten ich und Felix die Oma von Kim \u00fcberfallen. Wir mussten ihm tausend Dollar holen. Die n\u00e4chste Aufgabe w\u00e4re wahrscheinlich noch h\u00e4rter geworden.\u2019\u2019 Sie sch\u00fcttelte w\u00fctend den Kopf,, Dieser Idiot ist schlimmer als ich gedacht habe. Und was w\u00e4re passiert wenn ihr ihm das Geld nicht gebracht h\u00e4ttet?\u2019\u2019 Ich guckte auf den Tisch,, Dann h\u00e4tte er uns umgebracht!\u2019\u2019 Jetzt riss ihr endg\u00fcltig der Faden. Sie sprang auf und sagte,, Was? Sag mal ist dieser Idiot v\u00f6llig bescheuert? Was denkt der sich eigentlich? Das er machen kann was er will? Wer ist noch alles in der Clique?\u2019\u2019 Ich schaute sie an,, In der Clique sind jetzt nur noch er und Jake. Felix, Toby, Leon und ich sind ausgestiegen.\u2019\u2019 Fey kam zu mir und strich mir \u00fcber den Kopf.,, Das h\u00f6rt sich schon besser an. Aber er wird dich bestimmt nicht in Ruhe lassen.\u2019\u2019 Ich nickte,, Ich weis und ich habe da schon eine Idee.\u2019\u2019 Ich grinste sie an und sie schien zu wissen was ich vor hatte,, Lass mich raten. Ich soll so tun, als ob ich mit ihm gehen will?\u2019\u2019 Ich nickte,, Ganz genau. Ich weis das er dich mag, zwar nicht so wie Vanessa, aber er mag dich. Dann machst du dich an ihn rann und du wirst schnell merken, dass er mit spielt. Dann wird er versuchen dich mit in die Clique zu holen, was er dann auch schafft, aber du wirst nur das M\u00e4del an seiner Seite sein. Ihr habt dann eure Geheimnisse in der Clique und die erz\u00e4hlst du mir und den anderen dann. So k\u00f6nnen wir hinter sein Vorhaben kommen und er bekommt seine Strafe!\u2019\u2019 Fey grinste,, Du bist ziemlich schlau. Also bin ich nur die brave Ehefrau des m\u00e4chtigen K\u00f6nigs?\u2019\u2019 ,, Kann man so sagen.\u2019\u2019 Sie nickte,, Einverstanden!\u2019\u2019 Ich a\u00df schnell auf und verschwand dann in meinem Zimmer. Ich packte die restlichen Sachen ein und schleppte meinen Koffer in den Flur. Noels Koffer stand da schon. Ich suchte ihn und fand ihn im Wohnzimmer vor dem Fernseher. Ich setzte mich zu ihm. Wir waren Zwillinge, aber wir sahen nicht direkt gleich aus. Na ja, so waren wir gleich, aber unsere Augenfarben waren unterschiedlich. Ich hatte baue Augen und er hatte braune Augen. Wir hatten auch den gleichen Style. Aber die M\u00e4dchen waren nicht so hinter ihm her, wie hinter mir. Das \u00e4rgerte mich manchmal. Wir beiden verstanden uns super und wir hatten nie Streit. Wir kannten alle unsere Geheimnisse. Er war der erste in der Familie, der das mit der Clique erfahren hat. Er wusste auch, dass ich ausgestiegen bin. Ich hatte ihm auch den Plan mit Fey erz\u00e4hlt. Er fand den Plan genauso gut wie ich. Dann rief Mum,, Fey, Leo, Vanessa, Noel, wir m\u00fcssen fahren!\u2019\u2019 Noel machte den Fernseher aus und wir zogen uns an. Als wir an der Schule ankamen standen drei Busse vor der Schule. Meine Klasse stand vor einem ziemlich coolen Bus. Meine Mutter sagte,, Kommt her meine s\u00fc\u00dfen.\u2019\u2019 Wir umarmten Mum. Sie sagte noch,, Macht kein Unsinn und seit weiterhin so gut wie ihr jetzt seit. Ruft an, wenn ihr da seit!\u2019\u2019 Wir nickten und liefen zu unseren Klassen.",
            "wordcount": "1.176",
            "chapter_release": "16.02.2012",
            "chapter_number": "5"
        },
        "6": {
            "text": "Mr. Jons stand auch schon da. Ich guckte mich nach Kim um, als mir pl\u00f6tzlich jemand die Augen zuhielt. Ich h\u00f6rte jemand kichern. Ich drehte mich um und guckte direkt in die Augen von Kim.,, Hallo s\u00fc\u00dfe, ich habe dich schon gesucht.\u2019\u2019 Sie grinste und gab mir ein Kuss auf den Mund. Amanda, Noel und Felix standen hinter ihr. Ich stellte mir gerade vor, wie gut Noel und Amanda zusammen passen w\u00fcrden. Das w\u00e4re voll cool. Als Mr. Jons uns in den Bus schickte war ein wildes Durcheinander auf dem Schulhof zu sehen. Im Bus gab es vierer Pl\u00e4tze. Ich holte uns einen vierer. Felix kam etwas zu sp\u00e4t in der Bus, deswegen sa\u00dfen Amanda, Noel und Kim bei mir. Kim sa\u00df neben mir und wir dachten wahrscheinlich das gleiche. Sie fl\u00fcstert mir ins Ohr,, Die beiden w\u00e4ren ein s\u00fc\u00dfes P\u00e4rchen.\u2019\u2019 Ich nickte,, Das habe ich eben auch schon gedacht.\u2019\u2019 Ich schaute mich nach Felix um. Er sa\u00df hinter mir in einen zweier mit Ray. Er war auch mit in unserem Zimmer. Ray war ein cooler Typ. Er w\u00fcrde perfekt in unseren Geheimclub passen. Als der Bus losfuhr war es im Bus ziemlich laut. Noel und Amanda verstanden sich super. Ich guckte zu ihn her\u00fcber und ich merkte, dass er mit ihr flirtete. Das gefiel mir. Ich wand mich wieder zu Kim. Ich fragte sie,, Und, was hast du so sch\u00f6nes noch gemacht?\u2019\u2019 Sie zuckte mit den Schultern,, Ich haben ein bisschen mit Larry und Leik im Internet gesurft. Du musst dich mal mit ihnen treffen. Ihr w\u00fcrdet euch super verstehen. Die beiden w\u00fcrden auch in unseren Geheimclub passen.\u2019\u2019 Ich nickte.,, Ja, ich habe heute Morgen mit Fey gesprochen. Sie ist auch im Geheimclub. Ich habe ihr das mit Alex erz\u00e4hlt, dass er uns umbringen wollte und so. Sie will Lockvogel f\u00fcr uns spielen.\u2019\u2019 Kim fand die Idee gro\u00dfartig. Nach so einer Stunde kamen wir in Limerick an. Der Bus hielt auf einen Rastplatz und alle Sch\u00fcler und Sch\u00fclerinnen durften aussteigen um Fr\u00fchst\u00fcckspause zu machen. Inzwischen war es schon zehn Uhr. Kim, Felix, Amanda, Noel und ich setzten uns an einen Tisch mit zehn St\u00fchlen. Wir fingen an zu essen. Meine Schwestern kamen mit Larry, Leik und Toby um die Ecke. Ich war ganz verwundert das Fey und Toby sich so gut verstanden. Sie setzten sich alle zu uns. Fey sa\u00df neben mir. Ich sagte zu ihr,, Was ist denn mit dir los? Seit wann verstehst du dich so gut mit Toby?\u2019\u2019 Sie grinste mich an,, Er hat sich im Bus einfach neben mir und fing an \u00fcber dich zu reden. Ja und so kamen wir ins Gespr\u00e4ch. Er ist echt nett, aber nicht mein Typ.\u2019\u2019 Ich nickte erleichtert. Das h\u00e4tte mir gerade noch gefehlt. Wenn meine Schwestern mit meinen besten Freunden zusammen w\u00e4ren, dann w\u00fcrde ich lieber sterben als mir das zu w\u00fcnschen. Manchmal sind die beiden einfach nur nervig. Larry und Leik waren auch Zwillinge. Sie sahen sich total \u00e4hnlich, aber Larry hatte schwarze Haare, na ja, hat Leik auch, aber Larrys sind dunkler. Sie haben beide blaue Augen und ziehen sich genauso l\u00e4ssig an wie ihre Schwester. Die beiden waren gute Kumpels. Ich kannte sie schon l\u00e4nger als Kim. Larry kam zu mir und schlug mir freundschaftlich auf die Schulter.,, Na Alter, was geht?\u2019\u2019 Ich grinste und sagte gelassen,, Meine F\u00fc\u00dfe, wenn ich aufstehen k\u00f6nnte, aber deine Schwester sitzt auf meinem Scho\u00df.\u2019\u2019 Larry lachte,, Tja, sie kann echt anh\u00e4nglich sein, aber ihr beide gebt echt ein s\u00fc\u00dfes Paar ab.\u2019\u2019 Wir redeten und redeten und es dauerte nur f\u00fcnf Minuten bis sich mehrere um uns versammelt hatten. Die meisten kannte ich. Ray, Amy, Judy, Stephen, Vicky, Irma, Miguel, Ivan, Emma, Briddy, Cary, Dustin, Ed, Ben, Leon, Janet, Zoe, Piet, Minette, Mirabella, Merlin, Letje, Mary, Levin, Kira, Kara und Juliet. Die anderen kannte ich nur vom sehen. Ich schaute mich nach Alex um. Der stand mit Jake, Monty, Jill, Gebbo, Alexander und noch ein paar anderen an dem dicken Baum. Ich winkte Fey zu mir her\u00fcber. Sie fragte,, Was ist Bruderherz?\u2019\u2019 Ich guckte sie an,, Nenn mich nicht immer so! Du wolltest doch noch was mit Alex machen. Jetzt ist deine Chance.\u2019\u2019 Sie guckte zu Alex und nickte. Bevor sie los ging, befestigte ich noch eine Wanze an ihrem Pullover, so konnte ich alles mit h\u00f6ren. Als sie bei Alex ankam sagte sie,, Hi Alex, wie geht es so einen hei\u00dfen Typen wie dir?\u2019\u2019 Ich beobachtete die beiden und merkte wie nerv\u00f6s Alex wurde. Er antwortete,, Mir geht es super, wenn so ein Sonnenschein wie du in meiner N\u00e4he ist. Was machst du denn nachher wenn wir da sind? Wollen wir vielleicht was zusammen machen?\u2019\u2019 Fey grinste ihn an,, Klar doch. Wir sind doch auch im gleichen Bus, wir k\u00f6nnen uns auch zusammensetzten.\u2019\u2019 Das hat den Durchbruch gebracht. Alex wurde nerv\u00f6s und seine Wangen f\u00e4rbten sich etwas rot. Ich musste mir das Lachen verkneifen. Er benahm sich gerade wie ein M\u00e4dchen. Er sagte,, \u00c4hm, ja gerne. \u00c4h, wie alt bist du noch mal? Dein Bruder hat es mir mal gesagt, aber ich hab es leider wieder vergessen.\u2019\u2019 Fey lachte leicht und guckte in meine Richtung.,, Ich bin siebzehn. Und du mein s\u00fc\u00dfer?\u2019\u2019 ,, Ich bin sechzehn.\u2019\u2019 Fey nickte und sagte,, Ja dann bis gleich im Bus.\u2019\u2019 Sie winkte ihn zu und kam wieder zu mir. Als sie wieder bei uns war gab sie mir die Wanze und sagte,, Das hat ja besser geklappt, als ich gedacht h\u00e4tte. L\u00e4sst der sich immer so leicht einsch\u00fcchtern?\u2019\u2019 Ich sch\u00fcttelte den Kopf,, Nein, eigentlich nicht. Ich fand das selbst etwas komisch. Der ist voll nerv\u00f6s geworden, als du ihn so heftig angemacht hast.\u2019\u2019 Sie musste kichern,, Ich wei\u00df, aber es hat funktioniert. Und sag mal, warum habt ihr \u00fcber mich geredet?\u2019\u2019 Ich guckte grinsend in Alex Richtung,, Wir haben nie \u00fcber dich geredet. Er hat das nur so gesagt. Er wollte sich versichern, dass du nicht zu alt bist.\u2019\u2019 Jetzt musste ich lachen und Fey jagte mich \u00fcber den kleinen Spielplatz, der neben dem Tisch lag. Mr. Jons rief uns und wir mussten alle wieder in den Bus einsteigen.",
            "wordcount": "1.016",
            "chapter_release": "16.02.2012",
            "chapter_number": "6"
        },
        "7": {
            "text": "Ich gab Fey die Wanze wieder und sie nickte. Als ich im Bus war, setzte ich mich in einem zehner. Felix und Kim sa\u00dfen neben mir. Amanda, Noel, Ray, Irma, Leon, Jill und Emma sa\u00dfen auch bei uns. Wir durften Laptops mit in den Bus nehmen. Ich klappte das Laptop auf und steckte den Wanzenanschluss ein, so konnte ich die beiden bei ihrem Gespr\u00e4ch beobachten. Kim musste lachen,, Wir sind ja so fies. Das der das aber auch nicht bemerkt, dass wir dahinter stecken.\u2019\u2019 Ich nickte,, Ich wei\u00df und jetzt sei leise, ich will mit h\u00f6ren.\u2019\u2019 Wir waren still. Fey sa\u00df gegen\u00fcber von Alex. Wahrscheinlich hat sie die Wanze in das Haar oder in eine M\u00fctze gesteckt, auf jeden Fall war es weiter oben. Alex sa\u00df ganz cool auf seinem Platz. Neben ihm sa\u00df neben Merlin. Er redete mit jemandem. Fey guckte neben sich. Merlin redete mit Vanessa. Ich wusste wieso Fey neben Vanessa sa\u00df. Vanessa war eine Flirt Expertin. Sie wusste alles um das Thema Liebe. Sie war zwar erst f\u00fcnfzehn und wusste mehr als Fey, aber manchmal Fey war f\u00fcr solche dinge besser. Fey fing an zu reden,, So, dann erz\u00e4hl mir doch mal was von dir. Wie viele Geschwister hast du?\u2019\u2019 Alex setzte sich gerade hin,, Also, ich habe zwei Br\u00fcder und zwei Schwestern. Meine Br\u00fcder sind Mortimer und Monty. Meine Schwestern gehen auf die High School. Ashley ist 17 und Miranda ist 18. Und dann ist da noch mein kleiner Bruder Tommy. Er ist gerade 3 geworden. Er ist echt nervig. Und bei dir?\u2019\u2019 Fey musste lachen,, Ach, ich habe zwei verr\u00fcckte Br\u00fcder und drei Schwestern. Ein mal Vanessa und dann noch Samantha. Samantha ist 10. Meine Br\u00fcder kennst du ja wahrscheinlich, oder?\u2019\u2019 Alex nickte,, Ja, Leo und Noel. Die beiden sehen so gleich aus, ich muss immer zwei mal hingucken, bis ich gemerkt habe, wer Leo und wer Noel ist.\u2019\u2019 Fey kicherte,, Also ich habe keine Schwierigkeiten.\u2019\u2019 ,, Ja, habe ich bei Mortimer und Monty auch nicht.\u2019\u2019 Fey wurde aufmerksam,, Die beiden sind Zwillinge?\u2019\u2019 Alex nickte,, Ja, Monty hat nur einen anderen Haarschnitt, ansonsten sind sie gleich.\u2019\u2019 Fey nickte und guckte zu Vanessa. Die fl\u00fcsterte ihr etwas zu. Dann wand sie sich wieder an Alex.,, Und was machst du so in deiner Freizeit?\u2019\u2019 Alex Muskeln spannten sich an und ich wusste, dass er jetzt l\u00fcgen wird. Dann sagte er,, Ich treffe mich meistens mit meinen Freunden und unternehme mit ihnen was. Leo ist ja leider ausgestiegen. Er war ein echt guter Kumpel. Kannst ihn ja mal fragen warum er nichts mehr mit mir zu tun haben will.\u2019\u2019 Fey nickte,, Ja kann ich machen. Was mach ihr denn so sch\u00f6nes? Ich w\u00fcrde gerne mal mit kommen. Das ist bestimmt voll cool.\u2019\u2019 Alex beugte sich \u00fcber den Tisch und fl\u00fcsterte ihr ins Ohr,, Setzt dich neben mir, dann kann ich es dir erz\u00e4hlen.\u2019\u2019 Fey nickte und bat Merlin mit ihr den Platz zu tauschen. Jetzt konnte ich nur noch Vanessa und Merlin reden sehen aber ich konnte Alex und Fey verstehen. Alex sagte,, Hat dein Bruder, also Leo, dir irgendetwas von unserer Clique erz\u00e4hlt?\u2019\u2019 Fey zuckte mit den Schultern,, Ja, aber nicht besonders viel. Er hat nur gesagt, dass du ihn in deiner Clique aufgenommen hast und das ihr immer so coole Sachen macht. Er war voll happy, dass du ihn aufgenommen hast.\u2019\u2019 Alex sagte,, Ich war auch froh das er bei mir in der Clique war, aber wir haben nicht sehr tolle Sachen gemacht.\u2019\u2019 ,, Was denn zum Beispiel? Kleine Kinder \u00e4rgern? M\u00e4dels anmachen? Leute \u00fcberfallen? So etwas ist doch cool.\u2019\u2019 Fey guckte Alex an und der starrte sie mit gro\u00dfen Augen an,, Findest du?\u2019\u2019 Fey nickte,, Ja, ich stehe auf Jungs, die so etwas machen. Die sehen immer so cool aus und sie sind nicht solche Weicheier. Mein Bruder ist auch schon ganz anders geworden. Wie ein richtiger Mann. Du bist auch ein richtiger Mann.\u2019\u2019 Alex schien ihr in die Augen zu gucken und ich fand das ziemlich witzig, weil mir das so vorkam, als ob er anfing sie zu m\u00f6gen. Und mein Plan ging schlie\u00dflich auf.,, Du k\u00f6nntest ja an meiner Seite stehen und meine rechte Hand sein.\u2019\u2019 Fey wurde hellh\u00f6rig,, Was soll das hei\u00dfen?\u2019\u2019 Alex drehte sich weiter zu Fey,, Das soll hei\u00dfen, dass ich dich mag und ich w\u00fcrde mich freuen wenn du das M\u00e4dchen an meiner Seite w\u00e4rst. Nat\u00fcrlich k\u00f6nntest du in der Clique meine rechte Hand sein.\u2019\u2019 Fey nickt und legte ihr Kopf auf seine Schulter und sagte,, Das klingt sehr gut. Und mit dem M\u00e4dchen an deiner Seite, meinst du damit..\u2019\u2019 ,, Ja, ich meine damit zusammen sein.\u2019\u2019 Fey setzte sich gerade hin und guckte zu Alex,, Das w\u00e4re cool. Also ich bin einverstanden.\u2019\u2019 Alex nahm die Hand von Fey und fragte,, Fey, willst du mit mir zusammen sein?\u2019\u2019 Sie nickte,, Ja.\u2019\u2019 Als Fey wieder normal auf ihrem Platz sa\u00df, hielt sie die ganze Zeit mit Alex H\u00e4ndchen. Vanessa guckte sie mit gro\u00dfen Augen an und schien \u00fcber den schnellen Erfolg \u00fcberrascht zu sein. Die Informationen reichten mir. Ich machte das Laptop aus und steckte es wieder in meine Tasche. Kim guckte mich an,, Das ging ja besser als ich gedacht h\u00e4tte.\u2019\u2019 Ich nickte,, Ich wei\u00df. Aber Fey schleimt immer so sehr, dass man sie einfach m\u00f6gen muss.\u2019\u2019 Felix musste lachen,, Aber die beiden sind nicht so schlimm wie ihr.\u2019\u2019 Ich guckte ihn an,, Was genau meinst du?\u2019\u2019 ,, Ich meine damit, dass die beiden nicht die ganze Zeit rumknutschen.\u2019\u2019 Ich guckte brummig,, Ich und Kim knutschen nicht die ganze Zeit rum! Und Fey ist ja auch nur ein Lockvogel.\u2019\u2019 Er nickte und Kim grinste mich an,, Und wo wir schon \u00fcber das rumknutschen reden.\u2019\u2019 Ich grinste,, Ja, ja, mach was du willst.\u2019\u2019 Die grinste und gab mir einen langen Kuss auf den Mund. Dann lehnte sie ihren Kopf an meine Schulter und wir hielten den Rest der Busfahrt H\u00e4ndchen. Felix sch\u00fcttelte nur den Kopf und beobachtete Noel, der gerade schon wieder mit Amanda flirtete. Als wir dann endlich an dem Internat ankamen, war ich begeistert. Das Internat sah von au\u00dfen aus wie ein Schloss. Als wir durch das Tor gingen kamen wir auf einen gro\u00dfen Hof. Der Hof war dreimal so gro\u00df wie unser Haus und das war schon gro\u00df. In der Mitte des Hofes war ein kleiner Park mit B\u00e4nken und ein paar B\u00e4umen. Alle Klassen wurden nun in ihre Zimmer geschickt. Noel, Felix, Ray und ich gingen Richtung Zimmer 2c. In dem Haus gab es zehn Stockwerke. Im ersten waren die siebener, im zweiten die achter, im dritten die neuner, im vierten die zehner, im f\u00fcnften die Erstkl\u00e4ssler, im sechsten die zweier, im siebten die dreier, im achten die vierer, im neunten die f\u00fcnfer und im zehnten die sechser. Als wir in das Zimmer kamen war ich sprachlos.",
            "wordcount": "1.131",
            "chapter_release": "16.02.2012",
            "chapter_number": "7"
        },
        "8": {
            "text": "Das Zimmer war riesengro\u00df. Es gab ein Schlafbereich und ein Wohnbereich. Die Betten waren auch cool. Jeder hatte einen eigenen Schrank. Am Fenster stand ein gro\u00dfer Schreibtisch, gro\u00df genug f\u00fcr uns vier. Auf der linken Seite des Zimmers, standen vier gro\u00dfe Betten. Sie waren so gro\u00df, dass sogar zwei Leute drin schlafen k\u00f6nnten. Auf der rechten Seite standen zwei Sofas und ein kleiner Tisch. Neben einem der Sofas stand noch ein kleiner Tisch mit einem Telefon. Es sah recht modern aus. Ich warf mich auf das Bett am Fenster und sagte,, Das Leben ist wie ein M\u00e4rchen.\u2019\u2019 Noel nahm das Bett neben mir und sagte,, Du klingst wie ein M\u00e4dchen. Du solltest nicht so viel mit Kim machen!\u2019\u2019 Ich guckte ihn an,, Du bist auch nicht viel besser. Wer labert den die ganze Zeit mit Amanda?\u2019\u2019 Noel wurde rot. Ich grinste,, Wust ich doch, du magst sie. Aber keine Angst, es bleibt unter uns.\u2019\u2019 Wir packten unsere Sachen in die Schr\u00e4nke und sahen uns ein bisschen im Zimmer um. Wenn man aus dem Fenster sah, konnte man viele kleine H\u00e4user sehen. Auf den H\u00f6fen liefen Tiere herum. Ich glaube es geh\u00f6rte noch zum Internat. Weiter weg, hinter den H\u00f6fen war die Schule, wo nur wir Internatssch\u00fcler draufgingen. Ich setzte mich auf das Sofa und sagte,, Ray, du bist so still. Du hast noch nicht viel mit uns geredet.\u2019\u2019 Ray sa\u00df am Schreibtisch und sagte,, Ich wei\u00df. Ihr seit so cool und ich bin im Gegensatz zu euch eine Nullnummer. Ich habe gro\u00dfen Respekt vor euch.\u2019\u2019 Felix fing an zu lachen. Noel ging zu Ray und sagte,, Keiner ist eine Nullnummer, au\u00dfer vielleicht Alex und seine Anh\u00e4nger.\u2019\u2019 Jetzt drehte Ray sich um,, Ihr geh\u00f6rt doch zu Alex Freunden.\u2019\u2019 Ich sch\u00fcttelte den Kopf,, Nein, wir sind ausgestiegen. Er wurde immer schlimmer. Letztens hat er gedroht, das er uns umbringt, wenn wir ihm keine tausend Dollar holen. Wir mussten Kims Oma bestehlen. Als n\u00e4chstes h\u00e4tten wir wahrscheinlich welche umbringen m\u00fcssen.\u2019\u2019 Ray guckte mich mit gro\u00dfen Augen an.,, Er wollte euch umbringen? Was ist das den f\u00fcr ne Nullnummer! Aber er wird doch weiter machen, oder?\u2019\u2019 Ich nickte,, Ja, wir haben da aber schon einen Plan.\u2019\u2019 Ich erz\u00e4hlte ihn alles und so kam er auch bei uns in die neue coole Clique. Mr. Jons kam in unser Zimmer,, Hallo meine Herren. Habt ihr schon alles wegger\u00e4umt?\u2019\u2019 Noel nickte,, Ja Sir!\u2019\u2019 Mr. Jons guckte sich um,, Gut, wir treffen und gleich in der Aula. Sie ist mit der Cafeteria verbunden. Gleich dort hinten.\u2019\u2019 Er zeigte aus dem Fenster auf ein gro\u00dfes Geb\u00e4ude neben dem Internat. Wir nickten und Mr. Jons verlie\u00df den Raum. Noel und ich gingen los um unsere M\u00e4dels abzuholen. Amanda und Kim waren ja nur drei Zimmer weiter. Wir klopften und Irma \u00f6ffnete die T\u00fcr.,, Hi Jungs, kommt rein.\u2019\u2019 Als wir rein gingen sprang Kim mir in die Arme,, Hallo mein s\u00fc\u00dfer. Coole Zimmer, was?\u2019\u2019 Ich nickte,, Ja, ich schlafe am Fenster.\u2019\u2019 Kim lachte,, Ich auch.\u2019\u2019 Ich guckte mich um. Kim hatte einen gr\u00fcnen Bettbezug. Vicky hatte einen rosa Bettbezug. Ein Grund mehr sie nicht zu m\u00f6gen. Auf Kims Nachtschr\u00e4nkchen stand ein Foto. Ich ging hin und guckte es an. Es war noch nicht lange her, dass das Foto geschossen wurde. Es war an der Schule in der Mensa. Ich sa\u00df alleine an einem Tisch und schaute mich um. Ich drehte mich zu Kim und sagte,, Warum hast du heimlich ein Foto von mir geschossen?\u2019\u2019 Sie grinste frech,, Da sahst du gerade so aus wie so ein Filmstar. Au\u00dferdem fand ich dich so oder so zum anbei\u00dfen sch\u00f6n.\u2019\u2019 Sie gab mir einen Kuss und nahm mir das Foto wieder weg. Ich sch\u00fcttelte lachend mein Kopf und ging nach Noel, der an der T\u00fcr stand. Noel sagte,, Kommt ihr, wir m\u00fcssen zur Aula.\u2019\u2019 Die M\u00e4dels nickten. Als ich und Kim Hand in Hand zur Aula gingen, fragte sie,, Werde ich jetzt immer von dir abgeholt?\u2019\u2019 Ich grinste,, Kommt drauf an.\u2019\u2019 Als wir in die Aula kamen, war ich begeistert. Sie war gr\u00f6\u00dfer, als die von zuhause. Die anderen Sch\u00fcler, die wir nicht kannten, waren auch schon da. Der Direktor kam auf die B\u00fchne und fing an zu reden,, Hallo und Herzlich Willkommen in Cork. Ihr Sch\u00fcler und Sch\u00fclerinnen der Schulen aus London, Cardiff, Dublin und \u0001 \u0002. seit hier her gekommen, mit guten Zensuren und mit einer Hoffnung auf ein gutes, gebildetes Leben. Gleich zur Mittagspause gibt es Essen, hier in der Cafeteria. Eure Klassenlehrer lernt ihr nach der Mittagspause kennen. Die Sch\u00fcler aus London, also Klasse 1a- 1c, 2a- 2c, 3a- 3c und 4a- 4c sind im Obergeschoss der Schule. Ihr trefft euch auf dem Schulhof. Die Sch\u00fcler aus Cardiff, also Klasse 1d- 1e, 2d-2e, 3d-3e, 4d-4e und 5a-5c sind ebenfalls im Obergeschoss. Die Sch\u00fcler aus Dublin, also die Klassen 7a, 8e, 9c und 10 d sind im ersten Geschoss. Ihr trefft euch im Park von dem Internat. Die Sch\u00fcler aus \u0001 \u0002., also die Klassen 5d-5e, 6a-6e, 7b-7e, 8a-\u0001 \u0002 b d e, 10 a b c e, ihr seit in der Mitte. Ihr trefft euch hier vor der Cafeteria. Und jetzt geht ihr am besten eure Sachen f\u00fcr die Schule einpacken und dann w\u00fcnsche ich euch einen guten Appetit!\u2019\u2019 Alle klatschten. Dann standen wir alle auf und wollten nach drau\u00dfen. Es war ziemlich voll. Ich trat auf einen Fu\u00df. Ein M\u00e4dchen drehte sich um und sagte,, Aua, pass doch mal auf du Idiot!\u2019\u2019 ,, Sorry, war nicht extra!\u2019\u2019 Das M\u00e4dchen guckte mich an,, Ach, schon in Ordnung.\u2019\u2019 Als wir endlich drau\u00dfen waren, sagte Kim,, Was war das denn f\u00fcr ein M\u00e4dchen?\u2019\u2019 Ich zuckte mit den Schultern,, Keine Ahnung. Ich habe aus versehen auf ihr Fu\u00df getreten. Dann hat sie mich angemeckert und als ich gesagt habe, dass es nicht extra war, hat sie gesagt ist schon in Ordnung.\u2019\u2019 Kim guckte mich an,, Du gehst doch nicht etwa fremd, oder?\u2019\u2019 Ich musste lachen,, Kim, was denkst du denn?\u2019\u2019 Sie sch\u00fcttelte den Kopf und ging. Noel, Felix und Ray kamen zu mir. Felix fragte,, Was ist mit Kim?\u2019\u2019 Ich schaute ihn an,, Ach, so ein M\u00e4dchen aus einer anderen Schule hat mich angesprochen, weil ich ihr af den Fu\u00df getreten habe. Jetzt denkt sie das ich fremd gehe.\u2019\u2019 Noel klopfte mir auf die Schulter,, Ihr h\u00e4ttet lieber erst Freunde bleiben sollen. Vanessa hat dich gewarnt.\u2019\u2019 Ich erinnerte mich an Vanessas Worten. Ich nickte,, Stimmt. Ich sollte lieber erst mal nur mit Kim befreundet sein.\u2019\u2019 Ich rannte zu Kim. Als ich vor ihrer T\u00fcr stand, wusste ich nicht, was mich erwarten w\u00fcrde. Ich klopfte. Ein paar Minuten sp\u00e4ter machte sie mir die T\u00fcr auf. Sie sah normal aus. Sie sagte,, Wir m\u00fcssen reden!\u2019\u2019 ,,Ich wei\u00df.\u2019\u2019 Ich kam in ihr Zimmer und setzte mich auf einen Stuhl. Sie fing an,, Wir sollten lieber erst mal Freunde bleiben. Dann k\u00f6nnen wir beide noch etwas Freiheit erleben.\u2019\u2019 Ich nickte,, Ja, das wollte ich auch vorschlagen.\u2019\u2019 Kim guckte mich fragend an,, Und du bist nicht traurig?\u2019\u2019 Ich sch\u00fcttelte den Kopf,, Nein, warum? Wir bleiben doch Freunde.\u2019\u2019 Sie nickte,, Ja. Wer war das M\u00e4dchen \u00fcberhaupt?\u2019\u2019 ,, Keine Ahnung. Sie hat keinen Namen erw\u00e4hnt. Vielleicht sehen wir sie ja gleich beim Mittagessen.\u2019\u2019 Sie nickte. Dann stand ich auf und ging in mein Zimmer. Ray sa\u00df auf seinem Bett und fragte,, Und, wie ist es gelaufen?\u2019\u2019 Ich ging auf meine Schultasche zu und sagte,, Sie hat das gleiche vorgeschlagen. So k\u00f6nnen wir beide unsere Freiheit noch etwas genie\u00dfen.\u2019\u2019 Ray nickte,, Ganz deiner Meinung. Und, wirst du nach dem Geheimnisvollen M\u00e4dchen suchen?\u2019\u2019 Ich zuckte mit den Schultern,, Vielleicht.\u2019\u2019 Wir gingen zusammen zur Cafeteria. Jetzt sah sie besser aus als vorher. \u00dcberall standen kleine Tische verteilt. Auf der B\u00fchne stand ein gro\u00dfer Tisch. Er war noch nicht besetzt, also gingen wir dort hin. Ray setzte sich hin und passte auf den Tisch auf. Ich ging los und holte mir etwas zu essen. \u00dcberall sa\u00dfen unbekannte Gesichter. Wahrscheinlich waren es die Sch\u00fcler aus \u0001 \u0002. Sie waren alle ziemlich gut angezogen. Ich nahm mir ein Tablett und holte mir ein St\u00fcck Pizza. Als ich wieder zum Tisch gehen wollte, stand das M\u00e4dchen von eben vor mir. Sie sagte,, Hi, ich bin Melinda. Wer bist du denn mein s\u00fc\u00dfer Fu\u00dftreter?\u2019\u2019 Ich grinste sie an und sagte,, Ich bin Leo.\u2019\u2019 Ich wollte weiter gehen, aber sie stellte sich vor mir,, Darf ich dich mit zu deinen Freunden begleiten?\u2019\u2019 Ich zuckte mit den Schultern,, Mach doch.\u2019\u2019 Sie ging mir aus den Weg und verschwand. Ich ging schnell zum Tisch zur\u00fcck und setzte mich neben Ray und Noel. Noel merkte das etwas nicht stimmte. Er fragte,, Was ist los?\u2019\u2019 Ich schaute ihn an,, Melinda, also das M\u00e4del dem ich auf den Fu\u00df getreten bin, dass baggert mich voll an.\u2019\u2019 Noel musste lachen,, Und deswegen bist du vor ihr auf die Flucht?\u2019\u2019 Ich nickte,, Ja, ich habe ein schlechtes Gewissen wegen Kim.\u2019\u2019 Kim setzte sich gerade an unser Tisch und fragte,, Leo, du siehst nicht gut aus, was hast du?\u2019\u2019 ,, Das M\u00e4dchen, dem ich auf den Fu\u00df getreten bin, das baggert mich voll an.\u2019\u2019 Sie musste lachen,, Und jetzt hast du Angst vor ihr, oder was?\u2019\u2019 Ich sch\u00fcttelte den Kopf,, Nein, aber ich habe ein schlechtes Gewissen.\u2019\u2019 Kim sch\u00fcttelte den Kopf,, Das brauchst du nicht. Lass sie einfach baggern und fertig.\u2019\u2019 Ich nickte. Ich fing an meine Pizza zu essen, als Melinda mit f\u00fcnf anderen M\u00e4dchen und drei Jungs an unsern Tisch kam,, Hallo zusammen. Ich bin Melinda und das sind meine Freunde Verena, Sally, Nora, Cora, Ann, Massimo, Walty und Xavier. Wir sind von der Schule in \u0001 \u0002. D\u00fcrfen wir uns zu euch setzen?\u2019\u2019 Kim l\u00e4chelte,, Klar doch. Ich bin Kim.\u2019\u2019 Melinda setzte sich neben ihr und guckte mich l\u00e4chelnd an. Die Jungs sahen sehr cool aus und ich wusste leider nicht, was Kim gerade dachte, aber sie sah so aus, als ob sie einen von ihnen m\u00f6gen w\u00fcrde. Ich glaube aber, dass sie nichts von ihr wissen wollten. Melinda fing wieder das reden an,, Also, von welcher Schule seit ihr?\u2019\u2019 Noel guckte zu mir und sagte,, Wir sind von der Schule aus Dublin.\u2019\u2019 Melinda sah zwischen mir und Noel hin und her.,, Ihr seitZwillinge, oder?\u2019\u2019 Ich nickte,, Ja, aber wir haben einen kleinen Unterschied.\u2019\u2019 Melinda guckte uns genau an. Einer der Jungs, ich glaube er hei\u00dft Xavier, sagte,, Ihr habt unterschiedliche Augenfarben.\u2019\u2019 Ich nickte und wunderte mich, wie er das gesehen hat. Er stand mindestens vier Meter von mir entfernt. Melinda musste lachen,, Xavier, nicht hier!\u2019\u2019 Er guckte genervt und seine wei\u00dfen Z\u00e4hne kamen zum Vorschein. Er sagte,, Was hab ich denn jetzt schon wieder gemacht? Manchmal bist du echt die nervigste Schwester die man haben kann!\u2019\u2019 Dann ging er weg. Ich fragte,, Was hat er denn gemacht?\u2019\u2019 Melinda sch\u00fcttelte den Kopf,, Ach, er hat seit seinem f\u00fcnften Lebensjahr so komische Kr\u00e4fte. Er kann besser sehen und h\u00f6ren als jeder andere und er kann riechen wie ein Hund. Der Arzt meint, bei ihm w\u00e4ren die Hormone etwas verr\u00fcckt.\u2019\u2019 Ich nickte und der arme tat mir irgendwie leit. Kim schien es genauso zu gehen. Nachdem ich das St\u00fcck Pizza aufgegessen hatte, stand ich auf und sagte,, Ich geh dann schon mal. Noel, kommst du mit? Ich muss noch mit Fey reden.\u2019\u2019 Er nickte und stand auf. Als wir nach drau\u00dfen kamen, sah ich Xavier auf einen Stein bei den Pferden.",
            "wordcount": "1.894",
            "chapter_release": "16.02.2012",
            "chapter_number": "8"
        },
        "9": {
            "text": "Wir gingen zu ihm r\u00fcber. ,, Was wollt ihr von mir?\u2019\u2019 Ich setzte mich neben ihm,, Du bist echt ein cooler Typ.\u2019\u2019 Er schaute uns an,, Was soll das?\u2019\u2019 Ich sagte,, Was deine Schwester sagt, ist doch schei\u00df egal!Leb dein Leben wie es ist. Deine Schwester ist eh ein bisschen komisch.\u2019\u2019 Xavier lachte,, Das kannst du laut sagen. Sie muss immer die teuersten Klamotten haben. Na ja, auch wenn wir so viel Geld haben, muss das ja noch lange nicht hei\u00dfen, dass wir uns anziehen m\u00fcssen wie die neusten Barbie Puppen, oder?\u2019\u2019 Ich nickte,, Ja, ganz deiner Meinung. Ich hasse solche M\u00e4dchen.\u2019\u2019 Jetzt guckte er mich an,, Du magst meine Schwester nicht?\u2019\u2019 Ich sch\u00fcttelte den Kopf,, Nein, tue ich nicht.\u2019\u2019 Er klopfte mich auf die Schulter,, Kluger Junge. In welcher Klasse gehst du?\u2019\u2019 ,, Wir beide gehen in die 8e und du?\u2019\u2019 ,, Ich gehe in die 8d. Meine Schwester und der Rest ihrer Idioten in die 8b. Ich hasse ihr Klasse. Die M\u00e4dchen sind alle so hochn\u00e4sig und die Jungs laufen rum wie die letzten Dreckss\u00e4cke.\u2019\u2019 Ich fing an den Jungen wirklich zu m\u00f6gen. Er ist bestimmt ein guter Kumpel. Es klingelte. Wir standen auf und gingen zu den Treffpunkten und warteten auf die Lehrer. Nachdem unsere neue Klassenlehrerin mit uns und mit Mr. Jons in die neue Klasse gingen, waren wir alle sehr erstaunt, wie gro\u00df diese Schule war. In der Klasse angekommen, mussten wir uns einen Sitzplatz suchen. Ich setzte mich so an den hintersten Tisch. Noel sa\u00df am Fenster, zusammen mit Amanda und Ray. Ich fand es doof, dass er nicht bei uns mit am Tisch sa\u00df. Seit dem wir das mit Alex gekl\u00e4rt haben, macht der nur noch was mit diesem M\u00e4del! Na ja, wenigstens sa\u00dfen nur Jungs bei mir am Tisch. Felix, Matt, Freddy, Stephen und Leon. Matt und Stephen waren cool gekleidet. Matt trug eine schwarze Lederjacke. Stephen trug einen coolen Pullover. Freddy dagegen, sah aus wie so ein Mathe- Freak. Er trug zwar keine Brille und steckte seine T-Shirts auch nicht in die Hose, aber seine Haare sagte alles. Am schlimmsten war Sitt. Er war der Sohn von einem ziemlich reichen Mann. Sein Vater hatte wahrscheinlich noch mehr Geld, als die Oma von Kim. Sitt zog sich immer an wie so ein kleiner Multimillion\u00e4r, das regt einen voll auf. Seine Haare immer sch\u00f6n zur\u00fcck gestrichen und immer brav den teuren Anzug tragen, mit der Nachhilfe sch\u00f6n lernen und blo\u00df nicht dreckig machen. Das ist das einzige was dieser Junge kann. Mr. Jons und Mrs. Luck standen nun Vorne und erz\u00e4hlten uns etwas \u00fcber das Internat und \u00fcber den Unterricht. Es gab auch einen so genannten pflege Unterricht. Da m\u00fcssen wir raus zu den Tieren und sie verpflegen. Immer kleine Gruppen mussten sich um bestimmte Tiere k\u00fcmmern. Es gab Hunde, Katzen, Kaninchen, Hamster, Esel, Pferde, H\u00fchner, Schweine, K\u00fche, V\u00f6gel, M\u00e4use und Meerschweinchen. Ich war jetzt nicht gerade ein gro\u00dfer Bauernhoffan, aber mit Hund, Katze und Co. k\u00f6nnte man ich mich noch abfinden. Als Mrs. Luck uns fragte, wer sich um welche Tiere k\u00fcmmern will, meldeten sich die meisten M\u00e4dchen f\u00fcr die Pferde. Nat\u00fcrlich durften nur f\u00fcnf in die Gruppe. Ich, Stephen, Emma, Jo und Noel meldeten sich f\u00fcr die Hunde. Ich war froh, dass ich und Noel uns da wenigstens einig waren. Emma war ganz begeistert, dass sie mit uns in einer Gruppe war. Sie hatte nicht viele Freunde, weswegen sie auch nicht so bekannt war. Ich fand es fast gr\u00e4sslich so bekannt zu sein. Alle M\u00e4dchen liefen mir hinterher und wollten mit mir befreundet sein. Einfach nur schlimm. Ja, und so doof wie ich war, bin ich mit ihnen dann auch noch befreundet. Emma war vielleicht die letzte aus der Klasse die jetzt noch wahrscheinlich dazu k\u00e4me, aber das k\u00fcmmerte mich nicht. Nach der Stunde hatten wir den Rest des Tages frei. Wir konnten auf unsere Zimmer oder einfach nur drau\u00dfen abh\u00e4ngen und mit den Tieren spielen. Ich beschloss ein wenig zu den Hunden zu gehen. Es gab drei Sch\u00e4ferhunde, ein Labrador, ein Pinscher, zwei Huskys, ein Pudel, ein Dackel und ein Beagle. Die drei Sch\u00e4ferhunde sahen alle ganz anders aus. Der eine war wei\u00df, der andere war braun- schwarz und der andere war schwarz mir eine braune Schnauze. Ich fand den wei\u00dfen ganz s\u00fc\u00df. Die Frau die haupts\u00e4chlich f\u00fcr die Hunde zust\u00e4ndig war, kam in den K\u00e4fig. Sie sagte,, Oh hallo. Ich bin Kati. Du musst einer von den Jungs sein, die mir hier helfen wollen, oder?\u2019\u2019 Ich nickte,, Ja, ich bin Leo.\u2019\u2019 Ich guckte zu dem wei\u00dfen Hund. Kati folgte meinen Blick und l\u00e4chelte,, Das ist Tasso. Er ist sch\u00f6n oder?\u2019\u2019 Ich nickte,, Ja, darf ich mich um ihn k\u00fcmmern?\u2019\u2019 Kati nickte,, Ja, wieso nicht. Ihr m\u00fcsst nur ein Formular ausf\u00fcllen um welches Tier ihr euch k\u00fcmmert. Hier, f\u00fcll du das doch schon mal aus, deine Freunde machen das dann morgen.\u2019\u2019 Ich setzte mich zu Tasso in den gro\u00dfen K\u00e4fig und f\u00fcllte das Formular aus. Als ich mich gerade hingesetzt hatte, kam Tasso ganz aufgeregt zu mir hin und beschnupperte mich. Vom nahen war er noch s\u00fc\u00dfer. Als ich mit dem ausf\u00fcllen fertig war, sagte Kati,, Gut, dann kann ich das ja schon mal an Tassos K\u00e4fig h\u00e4ngen, nicht das noch jemand ihn haben will.\u2019\u2019 Ich nickte,, Ja, wie zum Beispiel mein Zwillingsbruder.\u2019\u2019 Kati guckt mich an,, Du hast ein Zwilling?\u2019\u2019 Ich nickte,, Ja, er sieht so aus wie ich, aber er hat braune Augen, ich habe blaue.\u2019\u2019 Kati nickte,, Ah, und er ist auch hier?\u2019\u2019 Ich nickte und setzte mich wieder zu Tasso. Wahrscheinlich sa\u00df ich eine Stunde bei ihm und habe mit ihm gespielt, bis Kati zu mir kam und sagte,, Ein paar Freunde von dir stehen drau\u00dfen, sie wollen das du raus kommst.\u2019\u2019 Ich streichelte Tasso noch einmal \u00fcber den Kopf und ging raus. Ein paar Freunde ist gut. Xavier und seine ganze Clique standen vor mir. Er kam zu mir und schlug mir freundschaftlich auf die Schulter.,, Na alter, hast dich auch ein bisschen verkrochen?\u2019\u2019 Ich nickte leicht. Wir setzten uns in den kleinen Park und laberten. Aber erst mal stellte er mir seine Freunde vor.,, Das sind Cassy, Arian, Bastian, Ben, Candy, Charley, Chris, David, Fiete, Franklin, Hanna, Selene, Ida und John.\u2019\u2019 Ich nickte und guckte einmal in die Runde und merkte wie die M\u00e4dchen schon wieder auf mich starrten. Xavier hatte alle nach der Reihenfolge aufgez\u00e4hlt. Cassy sagte,, Du musst Leo sein, oder? Der coolste Junge des Internats, hab ich recht?\u2019\u2019 Ich guckte Hilfe suchend nach Xavier und er nickte,, Ja das ist er. Er ist echt cool, so cool, dass meine verr\u00fcckte Schwester auf ihn abf\u00e4hrt.\u2019\u2019 Alle fingen an zu lachen. John, der neben mir sa\u00df sagte,, Du armer, der kann man anfangs schlecht widerstehen, aber nach einer Zeit geht das schon.\u2019\u2019 Ich nickte,, Keine Angst, die geht mir jetzt schon am Arsch vorbei.\u2019\u2019 Die M\u00e4dchen guckten mich bewundernswert an und ich fing an es zu m\u00f6gen. Ich bildete meine eigene Clique. Ich erz\u00e4hlte ihnen alles \u00fcber Alex und Jake und sie empfingen den Abscheu den ich ihnen \u00fcbergab. Sie wollten mir alle helfen. Selbst die M\u00e4dchen, nat\u00fcrlich nur, weil ich der Anf\u00fchrer war. Pl\u00f6tzlich sagte Ben,, Hey, ist das da vorne nicht dieser Alex?\u2019\u2019 Ich drehte mich um und sah ihn mit Fey und einem kleineren Sch\u00fcler. Er war wahrscheinlich erst in der zweiten Klasse oder so.",
            "wordcount": "1.225",
            "chapter_release": "16.02.2012",
            "chapter_number": "9"
        }
    },
    "title": "The School Killer",
    "topic": "unspecified",
    "release": "\n16.02.2012\n\t\t\t\t\t\t",
    "author": "SweetFlower13"
}