{
    "tags": [],
    "chapcount": "4",
    "wordcount": "12.257",
    "chapters": {
        "1": {
            "text": "Ich sah nichts. Meine Augen waren verbunden. Ich sp\u00fcrte feste Kabelbinder um meine Handgelenke und um meine F\u00fc\u00dfe. Alles wackelte um mich herum. Sa\u00df ich in einem Auto? Oder war ich in einem Zug? Ich wollte um Hilfe schreien, doch etwas klebte \u00fcber meinem Mund. Ich bekam nur dumpfe T\u00f6ne heraus, oder zumindest h\u00f6rte ich sie so. Ich sp\u00fcrte, dass Kopfh\u00f6rer um meine Ohren lagen, die die Ger\u00e4usche von der Au\u00dfenwelt abschw\u00e4chten. Ich wusste nicht, wo ich war, noch was passierte. Tr\u00e4nen liefen mir \u00fcber die Wangen, alles tat weh und mir war unglaublich warm... Mein Gef\u00fchl von Zeit war schon lange \u0001 \u0002 sp\u00fcrte eine Hand auf meiner Schulter und instinktiv zuckte ich weg und wollte noch mehr schreien und um mich schlagen, doch durch meinen Kampf gegen die Fesseln wurden meine Schmerzen nur noch schlimmer...Wie konnte ich nur in so eine Lage kommen?Ich hatte selbst keine Ahnung. Pl\u00f6tzlich stoppte das Schwanken und ich fiel nach vorne. Mein Kopf landete gegen etwas Senkrechtes vor mir. Ein Sitz? Ein Mensch? Ich konnte es nicht sagen. Und die Panik in mir wurde schlagartig noch gr\u00f6\u00dfer, als sie ohne hin schon war. Ich stie\u00df mich wieder zur\u00fcck und da wurden mir die Kopfh\u00f6rer abgenommen. \"Seien Sie ganz ruhig, Miss Gilberts. Sonst muss ich Sie sedieren und...\", sagte eine m\u00e4nnliche Stimme, doch ich h\u00f6rte gar nicht mehr zu und schrie aus vollem Halse und versuchte, um mich zu schlagen. Da sp\u00fcrte ich einen Stich in meinen Oberarm und danach.... Ja, was genau danach passierte, wei\u00df ich nicht mehr. Ich erinnere mich nur noch an den gr\u00fcnen Raum mit einer langen Glasfasade vor mir...Ich lag auf einem Teppich mit Karomustern. Ich versuchte so schnell es ging meinen Kopf frei zu bekommen, doch ich sah noch verschwommen. Nur der Ausblick aus der Glaswand ist noch so klar in meinem Ged\u00e4chtnis, dass es mir Angst \u0001 \u0002 wundersch\u00f6ne Winterlandschaft war zu erblicken. B\u00e4ume mit leuchtend wei\u00dfen \u00c4sten strahlten mir entgegen und wie eine wundersch\u00f6ne Szene aus einem Film lachte mich dieser unglaubliche Anblick aus. Der Halbmond war gut zu \u0001 \u0002 Kopf dr\u00f6hnte leicht und reflexartig hielt ich mir die H\u00e4nde an die Schl\u00e4fe und ich lie\u00df meine Finger kreisen. Als ich etwas klarer war, fing ich an zu schreien.\"Hilfe!!\" Immer und immer wieder schrie ich lauter und lauter und...[Warum sind Sie nicht rumgelaufen und haben einen Ausgang gesucht, Miss Gilberts?]Ich habe es ja versucht, aber ich war an jedem Fu\u00df mit 2 dicken Ketten an ein Gewicht gebunden. Sie waren so schwer, ich konnte mich nur im Umkreis von 4 Metern bewegen. Nun weiter... Bis fast meine Stimme versagte, schrie und schrie ich. Schlie\u00dflich brach ich auf dem Teppich zusammen und da \u00f6ffnete es sich? [Was \u00f6ffnete sich?]Eine Klappe im Boden. Ein kleiner Aufzug, mehr nur ein Brett kam aus der Klappe des Holzbodens und in meiner Reichweite stand auf einmal etwas zu Essen und ein Zettel. Es war mein Lieblingsessen. Sommerrollen aus diesem angesagten Laden in meiner Stadt. Seit ein paar Wochen gibt es denn erst und...[Bleiben wir doch beim wesentlichen...]Das ist wichtig! Warum konnte mein Entf\u00fchrer das wissen. Ich kenne den Laden ja selbst erst wenige Wochen. Das hei\u00dft, er hat mich beobachtet oder nicht? [Entschuldigen Sie, Miss Gilberts. Ich meinte das nicht feindselig.] Ja, ist schon \u0001 \u0002 sah ich diese leckeren Sommerrollen und dann sp\u00fcrte ich pl\u00f6tzlich meinen Magen. Er schrie \"Iss es!\", doch ich hatte Angst...Was w\u00e4re denn, wenn da was drin ist und mich das langsam t\u00f6tet?! Ich drehte mich schnell davon weg und dann h\u00f6rte ich ein Klingeln. Laut und schrill und vor Schreck hielt ich mir die Ohren zu, doch es h\u00f6rte nicht auf. Ich drehte mich auf dem Teppich und ich sah auf den Zettel. Ich wei\u00df nicht wieso, aber ich griff danach und dann h\u00f6rte das Klingeln auf. Nennen Sie es Zufall, Schicksal oder wie Sie wollen. Ich las den Zettel.[Wissen Sie noch was draufstand?] Jedes Wort. Eigentlich sollten Sie in meiner Akte gelesen haben, dass ich ein eidetisches Ged\u00e4chtnis besitze. [Miss Gilberts...]Jaja...Auf dem Zettel stand: \"Sehr geehrte Klara Gilberts, bitte entschuldigen Sie diese Aufmachung und die Umst\u00e4nde dieser Therapie. Ich brauche dringend Ihre Hilfe und ich w\u00fcrde mich sehr freuen, wenn Sie das Gericht essen, welches ich Ihnen extra besorgt habe. Leben Sie sich erst etwas ein. Ich werde bald zu Ihnen \u0001 \u0002 freundlichen Gr\u00fc\u00dfen Ihr Gastgeber\"Ich legte den Zettel an die Seite und rief: \"Bitte, lassen Sie mich gehen! Ich habe ein Kind. Sie ist 9 und sie braucht mich.\" [Warum haben Sie ihm das gesagt?] Ich habe nicht wirklich dar\u00fcber nachgedacht. Ich wollte nur so schnell wie m\u00f6glich aus dieser Situation raus. [Sie haben wirklich eine Tochter?] Ja, schon. Nur sie lebt momentan bei ihrem Vater in Oxford. Auch zu diesem Zeitpunkt war sie da. Beziehungsweise denke ich, dass die beiden nach meiner Entf\u00fchrung dahin zur\u00fcckgeflogen sind. Wir waren zusammen f\u00fcr Caro im Urlaub. Das hat sie sich von uns, also Nils und mir, \u0001 \u0002 glaube, ich habe es gesagt, weil ich einfach gehofft hatte, dass er sich erbarmt und mich gehen l\u00e4sst. Hat er aber nicht. Es kam nur wieder dieses furchtbare \u0001 \u0002 schrie auf und nahm mir schnell den Teller mit dem Essen. Das Klingeln h\u00f6rte so schnell es gekommen wieder auf. Auch dieser kleine Bodenlift fuhr wieder runter und klappte zu. Vorsichtig roch ich erstmal daran, dann biss ich ein kleines St\u00fcck ab. Es schmeckte nat\u00fcrlich nicht mehr so frisch wie im Restaurant, aber trotzdem sehr gut. Mein Magen meldete sich auch nochmal und eh ich mich versah, hatte ich aufgegessen. Danach war es eine lange Zeit ganz still und f\u00fcr mich f\u00fchlte es sich so an, als ob die Zeit stehen geblieben war. Ich schaute mich in dem Raum genauer um. Ich sa\u00df in einem kleinen Zimmer mit 3 dunkelgr\u00fcnen W\u00e4nden und, wie ja schon erw\u00e4hnt, einer ganzen Glasfront. Nur eine T\u00fcr war auszumachen. Wo sie hinf\u00fchrt, wusste ich da noch nicht. In meiner Reichweite stand eine schwarze, sehr edel aussehende Toilette. Einfach so mitten im Raum. Nur ein Vorhang hing von der Decke rund um das Klo herum. Ein Waschbecken war auch da. Es war so ein aufstellbares Waschbecken mit zwei Wassertanks darunter, wahrscheinlich eins mit sauberem Wasser und das andere zum Auffangen. Auf dem Becken lag eine Zahnb\u00fcrste und so Zahnpastatabletten. Auf einem der zwei Gewichten stand ein Plastikbecher und noch 3 Flaschen Wasser. Dann lagen auf dem Teppich noch ein Kissen und eine zusammengefaltete Decke. Etwas weiter weg stand noch ein alter Sessel. Der war aber nicht in meiner Reichweite. [Und was war mit Ihren Medikamenten?]Nun, das war etwas schwierig. Nach meinen ersten 3 Stunden dort, fingen sie an. Mein Kopf fing an zu dr\u00f6hnen und zu stechen. Bei so was nehme ich dann meistens Zolmitriptan ein. Das verschreibt mir immer eine befreundete \u00c4rztin und eigentlich war ich darauf schon eingestellt, doch der ganze Stress hatte es wohl wieder st\u00e4rker ausgel\u00f6st. Mir wurde schlagartig schlecht und ich rannte zum Klo und \u00fcbergab mich. Dann h\u00f6rte ich sie. Die Stimme des Mannes, der mich sediert hatte. \"Was haben Sie, Miss Gilberts?\" Ich schaute mich \u00e4ngstlich um, doch es war niemand da. \"Sie k\u00f6nnen mich nicht sehen. Ich spreche durch die Anlage zu Ihnen. Aber ich kann Sie sehen, deshalb auch der Vorhang f\u00fcr die Toilette.\" Als ich dem Klang der Stimme folgte sah ich die Lautsprecher und die bewegliche Kamera an der Decke. Sie waren so klein, dass ich sie erst nicht bemerkt hatte. \"Miss Gilberts, bitte sagen Sie mir, was Sie haben? War das Essen schlecht? Ich hatte es eigentlich frisch geholt. Es war keine Stunde alt, als ich es Ihnen schickte.\"Ich wischte mir mit dem Klopapier den Mund ab und kniete mich auf dem Teppich vor die Kamera.\"Bitte, lassen Sie mich gehen. Ich wei\u00df nicht, was ich getan habe und ich habe doch mein kleines M\u00e4dchen, dass mich braucht...\" \"Bitte beantworten Sie meine Frage!\", schrie die Stimme pl\u00f6tzlich und ich zuckte stark zusammen. \"Nun gut, ich habe chronische Migr\u00e4ne und \u00dcbelkeit. Ich nehme immer Zolmitriptan dagegen ein.\" \"Oh... Das wusste ich nicht. W\u00fcrde denn f\u00fcrs erste Aspirin gehen?\" \" I... Ich denke schon...\", fl\u00fcsterte ich, \"aber bitte, lassen Sie mich gehen...\" \"Nun, das geht nicht, Miss Gilberts. Ich brauche Sie. Genau hier bei mir. Sie m\u00fcssen mir helfen.\" Da kam der Lift wieder und es standen ein Plastikbecher und eine Aufl\u00f6stablette darauf. Die Verpackung war noch zu, also \u00f6ffnete ich sie und warf die Tablette in den Becher. Dann nahm ich eine der Wasserflaschen und f\u00fcllte mir etwas rein. \"W...Wobei soll ich Ihnen den helfen. Sie h\u00e4tten doch bei meiner Praxis anrufen k\u00f6nnen und nach einem Schnelltermin fragen k\u00f6nnen.\"Ich h\u00f6rte ein Seufzen, dann sagte die Stimme: \" Sie k\u00f6nnen mir erstmal nur hier helfen, Klara. Ist das ok, wenn ich Sie so nenne? K\u00f6nnen wir uns duzen? Nennen Sie mich doch Philipp, einfach Philipp. \" Ich atmete tief ein und nahm einen Schluck. \"Okay Philipp. Wir k\u00f6nnen uns duzen.\", sagte ich und versuchte ruhig zu bleiben. Mein Kopf dr\u00f6hnte immer noch sehr. \"Bitte trink erstmal aus und danach sprechen wir weiter. Es ist ja fast 4 Uhr. Wir k\u00f6nnen um 12 Uhr morgen die Sitzung anfangen, ja?\" Die Stimme h\u00f6rte sich auf einmal so unschuldig wie ein Kind an. Und trotz meines Bed\u00fcrfnisses sofort hier rauszukommen, nickte ich. [Warum?] Naja, ich wollte diesen Mann nicht ver\u00e4rgern. Und meine Migr\u00e4ne wurde von Minute zu Minute schlimmer. Richtig klare Gedanken konnte ich da nicht formen und f\u00fcr mich war das erstmal die beste \u0001 \u0002 trank ich aus und legte mich auf das Kissen. Die Decke legte ich \u00fcber mich und ich wartete. Schlafen konnte nat\u00fcrlich nicht, aber ganz langsam wirkte die Tablette und ich konnte wieder klar denken. Ich versuchte mir zu \u00fcberlegen, wie ich hier rauskommen k\u00f6nnte, doch es gab nur die eine T\u00fcr. Das Glas der Fensterfront konnte ich nicht einschlagen, denn 1. war ich ja noch mit Ketten befestigt und 2. hatte ich nicht festes zum Werfen. [Und was wollten Sie dann tun?] Ich dachte, vielleicht k\u00f6nnte ich ihn dazu \u00fcberreden, mich frei zu lassen. Schlie\u00dflich kann ich Menschen recht gut einsch\u00e4tzen und durch meine Joberfahrung, hatte ich die Hoffnung, ihn davon zu \u00fcberzeugen. Ich habe bei meiner Arbeit mit vielen Menschen zu tun, die durch ihre psychische Erkrankung Verbrechen begangen haben. Auch schon mit ein paar Entf\u00fchrern. Ich dachte, vielleicht kann ich ihn dazu bringen, sich zu stellen und mich frei zu lassen. [Das ist aber ganz sch\u00f6n selbstsicher von Ihnen. Schlie\u00dflich sind Sie doch noch sehr jung oder? Wie lange sind Sie schon Therapeutin?] Also zu der Zeit war ich 5 Jahre fertig mit dem Studium. Und seit 3 \u00be Jahren arbeite ich als Therapeutin f\u00fcr \u0001 \u0002 Tochter bekam ich w\u00e4hrend des Studiums. Mia war zu der Zeit noch 9, jetzt ist sie ja schon 11. Und ich war damals 35 Jahre alt als Philipp mich entf\u00fchrte. [Kannten Sie ihn eigentlich?]Nein, doch er kam am n\u00e4chsten Tag um 12 zu mir und stellte sich nochmal richtig \u0001 \u0002 bat ihn, als er durch die T\u00fcr kam, mich doch bitte gehen zu lassen. Ich wusste da ja schon, dass es nichts bringt, aber dieser Satz kam einfach so raus. Er setzte sich in den alten Sessel. Sein K\u00f6rper war gro\u00df, um die 1 Meter 90. Er trug einen schwarzen Hoodie, eine Jeans und wei\u00dfe Socken. Sein Gesicht konnte ich nicht erkennen, da er eine Maske trug. Sie war matt schwarz und sah ein bisschen aus wie die aus Squid Game. Nur etwas trauriger, da der Mundschlitz zu einem traurigen Mund nach unten gezogen war. Seine Haare waren ungef\u00e4hr Schulterlang und dunkelbraun. Trotz seiner lockeren Kleidung konnte man aber erkennen, dass er sehr stark war. Er sah ein bisschen aus wie ein Schwarzb\u00e4r. Auch seine H\u00e4nde waren gro\u00df. [Also ist er k\u00f6rperlich um einiges st\u00e4rker als sie gewesen.] Ich hatte ja so oder so nicht vor zu k\u00e4mpfen. Ich bin ja recht klein. 1 Meter 64 und sportlich war und bin ich jetzt nun auch nicht wirklich. Ich machte nur damals noch etwas Tischtennis mit einigen Arbeitskollegen. Aber nicht wirklich richtig krassen Sport wie Karate und generell ging ich nicht ins Fitnessstudio.[Miss Gilberts, Sie driften wieder etwas ab.] Ja, tut mir leid. Also da sa\u00df der Mann von einem B\u00e4ren da und hielt mir einen Starbucksbecher hin. Das Getr\u00e4nk war nur noch lauwarm, wahrscheinlich damit ich ihn nicht \u00fcber ihn sch\u00fctte oder so. \"Kaffee mit Soyamilch und etwas Zucker richtig?\" Ich nickte und nahm ihn entgehen. Neben ihm stand eine T\u00fcte und auch diese reichte er mir. \"Du hast hierher doch sehr geschwitzt. Ich habe dir neue Klamotten mitgebracht. Du kannst sie ja nach der Sitzung hinter dem Vorhang anziehen.\" Ich \u00f6ffnete den Deckel des Kaffeebechers und roch skeptisch daran. \"Ist nicht vergiftet, versprochen.\" Ich trank einen kleinen Schluck und stellte ihn dann neben mich auf den Boden.\"K\u00f6nnen wir anfangen Klara?\", fragte er und r\u00e4usperte sich, \" also ich bin Philipp. Nachname spielt jetzt keine Rolle. Bin 29 Jahre alt und war schon mehrmals in psychiatrischer Behandlung und in mehreren Kliniken. Und kannst du dich auch nochmal vorstellen?\" \"O...okay\" ,ich z\u00f6gerte etwas, \"Aber du scheinst ja schon einiges \u00fcber mich zu wissen, Philipp.\"R\u00f6te breitete sich \u00fcber seine Wangen aus. Ob es jetzt Scham oder etwas anderes war, konnte ich damals noch nicht sagen. \"Ich bin Klara Gilberts, bin 35 Jahre alt und arbeite als Therapeutin und Psychologin. Aber Philipp, du musst mich gehen lassen und...\" \"Klara, ich sagte doch schon, das geht nicht. Du musst mir hier helfen. Hier, in diesem Haus.\" Seine Stimme war ganz ruhig, doch seine K\u00f6rpersprache sagte mir, dass er langsam w\u00fctend wurde. Ich beschloss ihn erstmal nicht weiter zu dr\u00e4ngen. Trotzdem blieb ich ehrlich, Sie fragen sich bestimmt warum oder? Er hatte so eine Aura\u2026 Eine Aura, die mich dazu brachte nicht zu l\u00fcgen.\"Okay, gut. Ich versuche hier mit dir zu arbeiten, aber ich kann nichts versprechen. Ich bin gerade sehr ver\u00e4ngstigt und in diesem Zustand ist es schwer klar zu denken.\"\"Was kann ich tun, um dir die Angst zu nehmen?\"\"Ich bin deine unfreiwillige Gefangene. Ich glaube nicht, dass ich mich je hier sicher und wohl f\u00fchlen kann. Deshalb reden wir jetzt erstmal \u00fcber dich, Philipp. Wobei soll ich denn helfen?\" Ich zitterte innerlich, doch ich zwang mich ruhig zu bleiben. Er z\u00f6gerte etwas. Viele Patienten tun sich am Anfang schwer ehrlich und sofort offen zu sein. Das war eigentlich vollkommen normal, da man ja auch erstmal den Therapeuten kennen lernt, doch Philipp war anders. Er wirkte mehr so, als ob er nicht w\u00fcsste, wo und wann er anfangen soll. \"Du sagtest, dass ich dir nur hier helfen kann. Was bedeutet das?\", fragte ich schlie\u00dflich und er nickte. \"Also gut. Das hier ist mein Elternhaus. Ich bin hier eine lange Zeit aufgewachsen. Und... naja. Es war keine tolle Kindheit.\" \"Kannst du das n\u00e4her erkl\u00e4ren?\" \"Also es war nicht mein richtiges Elternhaus. Es ist das Haus meiner Pflegeeltern. Ich bin aus dem Waisenhaus zu ihnen gekommen. Und die ersten Monate war es sch\u00f6n... sehr sch\u00f6n, doch dann fingen diese Gedanken an...\" Philipp hielt sich die H\u00e4nde an die Schl\u00e4fe, als ob er pl\u00f6tzlich starke Kopfschmerzen h\u00e4tte. \"Nun ich fing an, \u00fcber komische Sachen nachzudenken. Ich hatte das Gef\u00fchl, eigentlich mehr das Bed\u00fcrfnis, die nette Familie, die mich aufnahm zu... naja... du wei\u00dft schon.\" Ich sch\u00fcttelte den Kopf. \"Mich \u00fcberkam jeden Tag das starke Gef\u00fchl sie zu verletzen und naja... irgendwann wurden die Gedanken so stark, dass ich sie sogar ... t\u00f6ten wollte.\" Ich erschrak innerlich. Ich hatte sowas schon mehrmals von Patienten geh\u00f6rt, aber trotzdem zuckte ich innerlich immer etwas zusammen. Andere Patienten von mir, meistens M\u00f6rder, Entf\u00fchrer oder Kindersch\u00e4nder, hatten auch solche Gef\u00fchle und Bed\u00fcrfnisse vor mir ge\u00e4u\u00dfert, aber was Philipp mir weiter erz\u00e4hlte, hatte ich noch nie geh\u00f6rt. \"Klara, ich habe bei Menschen, die ich liebe das starke Bed\u00fcrfnis sie zu t\u00f6ten, um ihr Blut in mir zu sp\u00fcren. Als ob ich dann ihre guten Eigenschaften in mir aufnehmen k\u00f6nnte und so... so ein guter Mensch werden kann. Bitte lach mich nicht aus... Ich... Ich will das selbst nicht. Ich wei\u00df, dass das so nicht funktioniert, aber ich kann es nicht unterdr\u00fccken. Bitte, ich will doch nur ein normales Leben f\u00fchren, wie alle anderen! Und jetzt... jetzt bist du hier und ich sp\u00fcre, wie ich mich langsam in dich verliebe und ich sp\u00fcre, dass ich dich t\u00f6ten will, aber ich habe dich ja ausgew\u00e4hlt, mir zu helfen...\"[Das ist... krass, Miss Gilberts. Wie haben Sie darauf reagiert? Schlie\u00dflich war das ja nicht nur eine Liebeserkl\u00e4rung von einem wildfremden Mann, sondern auch eine Mordandeutung.]Ja, da konnte ich meinen Schock nicht verbergen. Er sah mich verzweifelt an und ich fing stark an zu zittern. Ich kannte ihn nicht einmal und jetzt war ein Psychopath in mich verliebt! Das war einfach zu viel. Ich konnte es gar nicht glauben und ich wusste nicht, was ich sagen sollte. Philipps Kopf fiel in seine H\u00e4nde und er sagte dann: \" Das war zu viel oder? Ich h\u00e4tte nicht gleich mit der Verknallt-Karte rausr\u00fccken sollen. Schlie\u00dflich kennst du mich auch nicht. Nur weil wir uns einmal vor deiner Praxis begegnet sind. Ich habe dich \u00fcber ein Jahr beobachtet und wollte dich ansprechen, ganz normal und nach einem Termin bitten, doch... Jetzt sind wir hier. Meine Affekthandlung hat uns das eingebrockt. Du hasst mich wahrscheinlich...\"[Was haben Sie dazu gesagt?] Nichts. Also ich wollte ihn nicht ver\u00e4rgern, aber meine Hoffnung ihn zu \u00fcberreden, mich hier raus zu lassen, wurde schlagartig zerst\u00f6rt. Wie bringe ich einen in mich verliebten Psychopathen dazu, mich nicht zu t\u00f6ten? Ich war \u00fcberfordert... Da ich sein Gesicht nicht erkennen konnte, hatte ich auch keine Ahnung, ob wir uns wirklich mal getroffen haben oder nicht. Auch wenn ich ein sehr gutes Ged\u00e4chtnis habe, brauche ich nat\u00fcrlich trotzdem irgendwelche Anhaltspunkte. Meistens merke ich mir Menschen durch Gesichter und dann die passenden Stimmen dazu, aber hier hatte ich ja nur die Stimme\u2026\"Klara, bitte ich brauche ihre Hilfe. Wieso bin ich so und warum t\u00f6ten ich alle, die ich liebe?\" Ich rutschte auf dem Teppich etwas weiter weg und sagte: \" A... Also das kann i... ich...\" Meine Stimme brach ab. Nach so einer kurzen Besprechung konnte ich ja auch noch keine Diagnose stellen. Eine Therapie bedeutet viel Zeit und Geduld, aber ob dieser Mann das aufbringen konnte und ob ich die Kraft dazu h\u00e4tte, wusste ich nicht. [Wollten Sie ihm denn helfen? Nach allem, was er da mit Ihnen gemacht hat?] Nat\u00fcrlich wollte ich nicht da bleiben. Ich war eine Gefangene, ein Opfer von Entf\u00fchrung. Ich kann doch keine Therapie machen, wenn ich selber nicht wirklich frei bin. Keiner kann so arbeiten.[Sie kennen das Stockholm-Syndrom oder?] Nat\u00fcrlich kenne ich das! Ich bin selbst Therapeutin, schon wieder vergessen?! [Miss Gilberts \u2026] Ach, jetzt reicht es aber. Denken Sie wirklich eine so gute Psychologin wie ich w\u00fcrde sowas nicht auffallen. Ich bin nicht in Philipp verliebt! [Sie sind es jetzt eventuell nicht mehr, aber waren Sie es innerhalb der 1 \u00bd Jahre vielleicht? Auch eine \"so gute Psychologin\" wie Ihnen kann sowas passieren.].... [Ja?] Ach, da waren vielleicht Spannungen, aber nicht von meiner Seite aus. Ich habe nur mitgespielt. [Mitgespielt oder sich selbst das eingeredet?] Was f\u00fcr eine Art von Therapeut sind Sie denn, um so provozierende Fragen zu stellen? [Einer, der Ihre Akte sorgf\u00e4ltig gelesen hat, Miss Gilberts.] ...[Ich wei\u00df von Ihnen, dass Philipp Miller Sie am \u0001 \u0002.2020 in Kapaa beim Familienausflug auf der Insel Kauai entf\u00fchrt und mit seinem kleinen Flugzeug zur\u00fcck nach England gebracht hat. Dann hat er sie in einem Haus im Wald in der N\u00e4he ihres eigentlichen Zuhauses gebracht und Sie fast 1 \u00bd Jahre dort festgehalten, um diese \u201eTherapie\u201c zu machen. Er hat Sie sowohl psychisch als auch sexuelle missbraucht. Dann eines Tages rastete er aus und er h\u00e4tte Sie fast get\u00f6tet. Sie konnten es ihm aber noch irgendwie ausreden oder sonst was. Ich m\u00f6chte doch nur verstehen, was passiert ist, Miss Gilberts.]Aber Philipp ist kein\u2026Er ist nur krank. Sehr krank und ich konnte ihm helfen, auch wenn das nicht der richtige Weg \u0001 \u0002, ich gebe zu, dass ich auch irgendwann etwas f\u00fcr ich ihn empfunden habe, ist es das, was Sie h\u00f6ren wollen?Aber es war keine Liebe oder Zuneigung, sondern nur tiefe Traurigkeit, vielleicht auch etwas Empathie und ich verstand es ein wenig, warum er diese Dinge tat, auch wenn sie mich und andere stark verletzten. Als er dann anfing, mich zu\u2026 naja\u2026Schei\u00dfe, ich sag es jetzt. Als er anfing mich zu sexuellen\u2026 Dingen zu zwingen, wusste ich, dass er mich nicht t\u00f6ten w\u00fcrde, aber mich auch niemals gehen lassen konnte. Ich wurde sein Ventil. Mein K\u00f6rper wurde zu seinem Anker, der ihm vom T\u00f6ten abhielt. Trotz meiner Schmerzen und Qualen konnte ich Philipp aber nicht hassen. Irgendwann k\u00e4mpfte ich nicht mehr\u2026 Ich lie\u00df es einfach geschehen und nahm mein Schicksal an. Und jetzt sitze ich hier und auch das f\u00fchlt sich wie ein schlechter Scherz an. Da dachte ich, so w\u00fcrde mein Leben nun aussehen und jetzt bin ich aus der schlimmsten H\u00f6lle gerettet worden und bin f\u00fcr immer gezeichnet. Deshalb bin ich ja auch hier in der Psychiatrie. Und jetzt kommen Sie an und ich soll wieder in diese H\u00f6lle zur\u00fcck? Ich soll alles nochmal erz\u00e4hlen, bis ins kleinste Detail, obwohl ich ja sowieso niemals etwas vergessen \u0001 \u0002 wegen meiner \u00c4rztin mache ich das hier. Sie sagt, dar\u00fcber zu sprechen, k\u00f6nnte helfen. Pah! Das ich nicht lache. Ich habe schon so oft dar\u00fcber gesprochen. So viele Male seit ich aus diesem Feuer raus bin und hat es mir je geholfen? NEIN![Sie haben etwas vergessen.]Was?[Sie sind nicht nur deswegen in dieser Anstalt und ich bin nicht das erste Mal bei Ihnen. Sie haben von den Ermittlungen geh\u00f6rt und haben Dr. Albert auf Knien darum gebeten, dass ich zu Ihnen komme. Denn es gab etwas, was Sie niemanden erz\u00e4hlt hatten. Etwas, was Sie aber mir erz\u00e4hlten. Sie sagten mir, dass Philipp Sie dazu brachte, selbst so wie er zu werden. Sie arbeiteten zusammen und entf\u00fchrten Frauen, M\u00e4nner, Kinder\u2026 Nur um Philipps furchtbaren Plan immer und immer weiter voran zu treiben. Er wollte eine Welt der Gewalt und Sie haben ihm dabei geholfen. Sie wurden zu seiner J\u00fcngerin des Schmerzes. Das war vor 1 Monat, Miss Gilberts.]Nein, das\u2026 das kann nicht sein!Ich\u2026 ich will jetzt sofort auf mein Zimmer. Lassen Sie mich in Ruhe und gehen Sie. Ich will Sie nie wieder sehen![Miss Gilberts\u2026]NEIN!! NEIN!! Lassen Sie mich![Ich\u2026]*Doch Klara Gilberts trat und schrie wild um sich. Dr. Sanchez rief sofort die Pfleger zu sich. Sie packten die Patientin und sprachen beruhigend zu ihr und langsam, ganz langsam beruhigte sich Klara. Ihr schwarzes Haar war ganz zerzaust und ihre Klamotten waren durcheinander. Dr. Sanchez konnte klar und deutlich die Narben ihrer Vergangenheit auf ihrer dunklen Haut erkennen. Ihr Pullover legte ein Teil ihrer Schulter frei und er erkannte Verbrennungsnarben von Zigaretten und Karmineisen, Kratzer und sogar etwas herausgeschnittenes Fleisch. Er wusste, dass Klara Gilberts schwer gezeichnet war und was Philipp ihr alles angetan hatte, doch es noch in Wirklichkeit zu sehen, lie\u00dfen ihn erschaudern\u2026 Nein mehr noch\u2026 Pure Angst ergriff ihn. Philipp Miller war noch da drau\u00dfen. Er lief frei irgendwo hier in England herum und tat sonst was. Klara Gilberts war das einzige Opfer was bis jetzt \u00fcberlebt hatte. Sie war die Einzige, die gefangen genommen werden konnte und die Philipps wahres Gesicht gesehen hatte. Der einzige Beweis, dass er Menschen zu seines gleichen formen konnte. Sie war der Beweis f\u00fcr Philipp Millers starken manipulierbaren F\u00e4higkeiten. Wer war dieser Mann wirklich? Hie\u00df er wirklich Philipp Miller oder war das nur ein Deckname? In den Zeitungen hatte er sogar mehrere verschiedene Namen bekommen: der Seelenfresser \u201esoul eater\u201c, und der Menschenwandler \u201ehuman changer\u201c. F\u00fcr Dr. Sanchez allerdings war der schlimmste Name: Geistbrecher \u201emindbreaker\u201c. Denn das beschreibt Klara Gilberts und alle anderen Opfer am besten. Ihr Geist wurde gebrochen und ihr Charakter wurde gezeichnet. Sie war nicht mehr die Klara Gilberts, die sie einmal war. Sie war nicht mehr die Mutter, Therapeutin und Frau, die sie vor 2 Jahren war. Sie war jemand ganz anderes\u2026 Bevor sie von den Pflegern zur\u00fcck in ihr Zimmer gebracht wurde, sah sie Dr. Sanchez nochmal tief in die Augen. *Sie k\u00f6nnen ihn nicht aufhalten und Sie k\u00f6nnen ihn nicht zerst\u00f6ren. Er wird Sie finden, wenn Sie ihn suchen und er wird auch Ihre Seele fressen\u2026 Er wird Ihren Geist genauso zerbrechen wie bei allen anderen. Das ist das Schicksal dieser kaputten Welt. Eine Strafe von Gott an uns S\u00fcnder!",
            "wordcount": "4.206",
            "chapter_release": "29.12.2022",
            "chapter_number": "1"
        },
        "2": {
            "text": "Warnung: In diesem Kapitel werden stark verwundete Menschen detailliert beschrieben. Missbrauch und brutale Gewalt (auch gegen Kinder) spielen diesmal eine Rolle und daher w\u00fcrde ich jeden Bitte, es nur zu lesen, wenn man 1. Alt genug und 2. sowas lesen kannDas Opfer vor Klara Gilberts: Myra TylerMyra Tyler, 20 Jahre alt, geboren am \u0001 \u0002.2000, lebte zu der Tatzeit in einer WG in Oxfort. Zwischen ihrem 1. und 15. Lebensjahr lebte sie mit ihrer Mutter und ihrer kleinen Schwester in Wheatley, nur etwa 5 Meilen \u00f6stlich von Oxford. Ihr Vater war an schwarzem Hautkrebs gestorben als sie selbst 9 und ihre Schwester 7 Jahre alt waren. Ihrer Mutter hatte der Tod des Vaters schwer zugesetzt. Depressionen und Drogenkonsum st\u00fcrzten die Mutter in eine Spirale voller Ekstase und schmerzhafter Erinnerungen. Es lag an der damals 9-J\u00e4hrigen, dass die Situation nicht noch mehr ausartete. W\u00e4hrend ihre Mutter ihre Trips genoss, k\u00fcmmerte sich die gro\u00dfe Schwester um die Kleine. Zum \u201eGl\u00fcck\u201c der Familie hatten sie nie wirkliche Geldprobleme. Auch wenn die Mutter immer und immer mehr konsumierte, so hatte doch der Nachlass ihres Mannes das Leben einigerma\u00dfen gesichert. So k\u00fcmmerte sich Myra in den letzten Jahren um den Haushalt, die Schule, achtete auf die Mutter und erzog die kleine Lisa. 5 Jahre lang lief alles einigerma\u00dfen okay. Die Mutter sperrte sich f\u00fcr ihre Medizin in ihr Zimmer ein und so musste Myra ihrer Schwester keine gro\u00dfen L\u00fcgen auftischen.\u201eMama braucht nur etwas Schlaf\u201c, oder \u201eDu wei\u00dft doch, Mama muss ihre Medikamente nehmen.\u201c waren L\u00fcgen, die Myra erz\u00e4hlte, damit ihre Schwester nichts von den Taten der Mutter erfuhr. Doch eines Tages, genauer gesagt am \u0001 \u0002.2015, rastete die Mutter zum ersten Mal aus.\u201eWO sind sie, Myra?!\u201c, weckte die Mutter ihre \u00e4lteste Tochter um 5 Uhr 39 am \u0001 \u0002 sah ihre Mutter erschrocken an und erstarrte. Wieder und wieder schrie die 40-J\u00e4hrige ihre Tochter an und sch\u00fcttelte sie fest.\u201eMama, du tust mir weh\u2026\u201c, fl\u00fcsterte die Myra und fing an zu \u0001 \u0002 die Mutter h\u00f6rte nicht auf, die Fingern\u00e4gel der Frau bohrten sich in die Haut der jungen Teenagerin und schlie\u00dflich, voller Verzweiflung, rief sie: \u201eUnter deinem Bett?!\u201cDie Mutter h\u00f6rte auf zu sch\u00fctteln und rannte in ihr Zimmer zur\u00fcck und kroch unter das Bett.\u201eWo?! WO?!\u201c, schrie sie weiter und Myra stand vor dem Zimmer, zog langsam den Schl\u00fcssel heraus und zog die T\u00fcr zu. Knack!\u201eMyra?\u201c, rief die Mutter und drehte sich zur T\u00fcr um. \u201eNein, bitte! Myra, lass mich raus okay? Lass Mami raus okay?\u201cDoch Myra machte nicht auf. Sie nahm sich das Haustelefon.\u201eHallo? Ist da die Polizei?\u201c, sagte sie, \u201eIch m\u00f6chte gerne einen Vorfall melden.\u201cDie Polizei traf schnell ein und nahm die schreiende Frau in Gewahrsam. Myra und Lisa wurden untersucht und nach einigen Monaten kamen sie zusammen in eine nette Pflegefamilie. W\u00e4re es nicht sch\u00f6n, wenn die Geschichte hier enden w\u00fcrde?Myra wusste da noch nicht, dass ihr ein weiteres furchtbares Schicksal drohte. Nur 2 Monate vor Klara Gilberts Entf\u00fchrung redete die nun 20-J\u00e4hrige Myra mit einem Kunden in einem Coffeeshop in Oxford. Der junge Mann war freundlich und wie sie es nun mal gewohnt war, flirtete sie etwas mit ihm, da sie f\u00fcr ihr Studium jeden Pfund Trinkgeld gebrauchen konnte. Auch wenn ihre Pflegefamilie sie bei ihrem Studium unterst\u00fctzte, wollte sie ihnen trotzdem nicht auf der Tasche liegen und sich selbst Wohnung und Nebenkosten finanzieren. Zu ihrem Pech traf sie genau an ihrem letzten Arbeitstag vor ihrem Urlaub und Semesterferien Philipp Miller. Er war s\u00fc\u00df und war nur etwas \u00e4lter sein als sie, zumindest sagten das die befragten Zeugen. Myra hatte wohl auch zu einer Kollegin gesagt, dass sie lange nicht mehr mit so einem attraktiven Mann geredet hatte. In ihrem Studium war sie schon alle guten M\u00e4nner durch und da sie sowieso auf nichts Festes aus war, gab sie ihm ihre Nummer. Am Ende ihrer Schicht klingelte ihr Telefon und es war die tiefe Stimme eines Mannes zu h\u00f6ren.\u201eZeit?\u201c, fragte er nur und kurz danach sa\u00dfen Myra und der Mann knutschend in seinem Wagen. Nach dem speziellen Service fragte Philipp, ob er sie nach Hause fahren soll?Sie sch\u00fcttelte den Kopf und richtete ihre Haare im Spiegel. \u201eNein danke, ich treffe mich mit meiner Familie in einem Restaurant hier in der N\u00e4he. Meine Schwester hat Geburtstag.\u201c\u201eAh ok, aber dann trink wenigstens noch etwas Wasser. Du sieht etwas mitgenommen aus.\u201cEr reichte ihr eine Wasserflasche und sie streckte ihm die Zunge raus. Sie trank ein paar Schlucke und reichte ihm die Flasche zur\u00fcck. Ihre H\u00e4nde ber\u00fchrten sich und er zog sie zu \u0001 \u0002 10 Minuten weiteren K\u00fcssen, dr\u00fcckte sie ihn sanft weg. \u201eIch muss jetzt wirklich los\u2026\u201c[Woher wissen Sie, was die beiden geredet haben?]Bei der Leiche wurde ein Zettel mit einem Link gefunden. Die da gefundene Datei hatte das Gespr\u00e4ch abgespielt. Miller muss das Gespr\u00e4ch heimlich aufgenommen haben. Die Stimmen wurden verzerrt, das Labor ist gerade dabei, das r\u00fcckg\u00e4ngig zu machen. [Okay, dann weiter.]Sie stieg aus und verabschiedete sich mit einem Handkuss, einige Meter sp\u00e4ter wurde ihr schwindelig und schlecht. Sie erbrach sich auf einer Wiese vor einem Kindergarten und setzte sich dann auf einen Stein \u0001 \u0002? Das sind alles nur Spekulationen. Fakten sind, dass Philipp Miller sie einsammelte und \u00fcber ihr Handy der Schwester schrieb, dass sie es doch nicht schaffe, da sie f\u00fcr einen Kollegen spontan einspringen muss. Danach warf er das von ihm zerst\u00f6rte Handy in einen nahgelegenen Fluss und fuhr die bet\u00e4ubte Frau in sein Versteck, wo auch immer das war. Nach 2 Tagen wurde eine Suchanzeige der Familie aufgegeben und die \u00f6rtliche Polizei fand die Leiche 1 Tag sp\u00e4ter an demselben Fluss, wo man dann auch das Handy fand. Ihre Augen waren entfernt worden und ihre Fingern\u00e4gel waren rausgerissen. Ihr Mund war zugen\u00e4ht und gro\u00df auf ihrer Stirn wurde das Wort \u201eSchlampe\u201c t\u00e4towiert. Gro\u00dfe Haarb\u00fcschel wurden von ihrem Kopf gerissen und \u00fcberall am K\u00f6rper waren Brandwunden und blaue Flecken. W\u00e4hrend der Autopsie wurde festgestellt, dass Myra ebenfalls 7 Z\u00e4hne fehlten, sowie Organe. Ein Zeh wurde abgeschnitten und beide Arme, sowie 6 Finger waren gebrochen. Im Blut fand man Sp\u00fcren von etlichen Drogen, die der T\u00e4ter wohl vor ihrem Tod verabreichte. Vielleicht um ihre Schmerzen zu lindern oder irgendein anderer kranker Grund. Todesursache war laut der \u00c4rzte zu starker \u0001 \u0002 Lisa ihre Schwester auf dem Tisch sah, erstarrte sie. Ihre Pflegeeltern nahmen sie fest in den Arm, doch keine Reaktion. Erst nachdem die Familie den Raum verlie\u00df, weinte Lisa drauf los. Sie brach zusammen. [Gibt es auch eine Verbindung zu Klara Gilberts?]Nein Sir, soweit wir wissen waren beide M\u00e4dchen bei einem anderen Psychologen um die Geschichte mit der Mutter zu verarbeiten. Auch nach Myras Tod war Lisa weiter bei ihrem alten Psychologen. Es gibt keine Anhaltspunkte, dass Miss Gilberts und Lisa Kontakt hatten. [Und das Opfer davor?]Das Opfer vor Myra Tyler war der 15-J\u00e4hrige Rian O\u2019Connor. Er wurde am \u0001 \u0002.2004 geboren, lebte zu der Tatzeit mit seinem Vater in Eton, 44 Meilen von Oxford entfernt. Die Familie, welche aus Rian, seinem Bruder Aine und seinem Vater bestand, zog 2012 von Irland nach England. Als beide S\u00f6hne alt genug waren, besuchten sie das Eton College. Der \u00c4ltere der Beiden, Aine, war 2018 fertig mit der Schule und ging dann nach Oxford zum Studieren. Rian war 5 Jahre j\u00fcnger und nach Aussagen des Vaters sehnte er sich danach, es seinem Bruder gleich zu tun und auch in Oxfort zu studieren, doch seine Leistungen waren nicht ann\u00e4hernd so gut wie die von Aine. W\u00e4hrend dieser intelligent und sehr lernf\u00e4hig ist, war Rian mehr der sportliche und lustige Typ. Er war sehr beliebt bei allen. Aine sagte damals aus, dass Rian kein schlechter Sch\u00fcler war, er sich aber mehr um seine Popularit\u00e4t k\u00fcmmerte als um seine Noten. Die Br\u00fcder schienen ein gutes Verh\u00e4ltnis gehabt zu haben, doch bei der Befragung zeigte Aine kaum irgendwelche Reaktionen. Wir nahmen an, dass er vielleicht Verbindungen zu Philipp Miller hatte, doch das konnte bis heute noch nicht best\u00e4tigt werden. Polygraphische Untersuchungen konnten bis jetzt nicht durchgef\u00fchrt werden, da der Anwalt der Familie O\u2019Connor immer vor Gericht etwas dagegen einwandte. Seit 3 Jahren versuchen wir einen richterlichen Beschluss daf\u00fcr zu bekommen und es sieht so aus, als ob dem Anwalt die Ausreden ausgehen. Bald k\u00f6nnen wir Aine O\u2019Connor weiter zu Miller befragen. Rian O\u2019Connor wurde am \u0001 \u0002.2019 als vermisst gemeldet. Zuletzt wurde er am \u0001 \u0002.2019 auf dem \u00f6rtlichen Weihnachtsmarkt von Klassenkameraden gesehen, wie er sich von seiner Clique verabschiedete, um noch Geschenke f\u00fcr die Familie zu kaufen. Danach gibt es keine weiteren Augenzeugen, er verschwand an dem Nachmittag spurlos.[Wie kommt man dann auf die Verbindung zu Miller?]Man fand Briefe unter der Matratze von Rian. Er schrieb mit einem Mann, der sich selbst \u201eDer Therapeut\u201c nannte. Im Labor konnten unter den 10 Briefen nur die Fingerabdr\u00fccke von Rian selbst identifiziert werden. Der Schreiber der Nachricht hat wohl Handschuhe getragen oder irgendwas anderes mit den Briefen gemacht, bevor er sie an Rian \u0001 \u0002 Handschrift wurde untersucht und lassen sich zu 98% \u00fcbereinstimmend mit der von Philipp Miller identifizieren. Durch die Briefe, die er bei all seinen vorherigen Opfern hinterlie\u00df, konnte das Labor Verbindungen der 6 Morde vor Klara Gilberts Fall zusammenf\u00fcgen und alles auf Miller zur\u00fcckf\u00fchren. Auch bei Rian wurde eine Nachricht hinterlassen.[Warum war der M\u00f6rder von Myra und Rian derselbe? Bei ihr wurde kein Brief gefunden. Nur dieser Zettel.]Wir vermuten, dass Miller bei Rian und den 4 anderen Opfern keinen gro\u00dfen Zeitdruck versp\u00fcrte, w\u00e4hrend er bei Myra aus irgendeinem Grund seine Routine nicht einhalten konnte. Aber das sind alles nur Vermutungen. Wir konnten daher nur eine wahrscheinliche Verbindung durch die T\u00e4towierung feststellen, denn es ist zu 69% dieselbe Handschrift. Myra ist das erste Opfer, was t\u00e4towiert wurde und dies war wahrscheinlich auch das erste Mal f\u00fcr Miller. Daher ist seine Handschrift etwas anders als auf dem Papier. [Was stand in den Briefen?]Es waren therapeutische \u00c4u\u00dferungen, die Rian mutma\u00dflich dazu veranlassten, sich mit Miller dann pers\u00f6nlich zu \u0001 \u0002 Briefe waren allesamt nummeriert. Nach dem ersten Brief nach zu urteilen, war aber nicht Miller der erste, der schrieb. Es klingt mehr so, als ob Rian selbst sich dazu entschieden h\u00e4tte, mit Miller Kontakt aufzunehmen. Uns fehlen die Briefe von Rian selbst, daher ist es auch m\u00f6glich, dass Rian durch seinen Bruder Kontakt zu Miller herstellen konnte. Die ersten Briefe sind sehr freundlich und schmeichelnd formuliert. Der Verfasser schreibt \u00fcber Rians Erfolge im Sport und dass er stolz darauf sein kann, was er alles erreicht hat. Auch schien Rian mit ihm \u00fcber romantische Interessen geschrieben zu haben, denn im 5. Brief schreibt Miller, dass Rian sich nicht sch\u00e4men muss, dass er auf die Klassenstreberin Helena Hyden steht. Liebe lasse sich nicht kontrollieren und er solle zu seinen Gef\u00fchlen stehen, steht in dem Text. Auch die wachsenden Gef\u00fchle gegen\u00fcber der neuen Freundin des Vaters wurde erw\u00e4hnt. In den meisten Briefen geht es aber um den Wunsch, so wie sein Bruder zu sein. \u201eDer Therapeut\u201c schreibt im vermeintlich letzten Brief: \u201eIch verstehe, dass das schwer sein muss im Schatten deines Bruders zu stehen. Aber denk daran, dass du auch gewisse Qualit\u00e4ten hast, die dich zu etwas besonderen machen, Rian. Du bist der st\u00e4rkere und \u00fcberlebensf\u00e4higerer von euch beiden, doch es scheint so, als ob nicht mal dein Vater deine Qualit\u00e4ten erkennt. Ich kenne dich ja nur \u00fcber die Briefe, die wir hier austauschen, aber ich sehe das Potenzial in dir. Doch ich kann dir nur helfen, wenn wir ausnahmslos ehrlich zueinander sind. Durch Zufall und Verbindungen haben wir zueinander gefunden und ich verstehe deine Bedenken, aber denk bitte ein deine Zukunft. Wenn du deinen Bruder wirklich \u00fcberragen m\u00f6chtest, bedeutet dies Ausdauer und harte Arbeit. Bist du bereit diesen Weg zu gehen, um an die Spitze zu kommen? Willst du wirklich Aine vom \u201eThron\u201c sto\u00dfen und deinem Vater beweisen, dass du es wert bist zu leben, zu existieren? Dann lass deine jetzige Welt hinter dir, lass mich dich heilen und du kommst als st\u00e4rkster aller K\u00f6nige zur\u00fcck. Die Frauen werden dir zu F\u00fc\u00dfen liegen und die M\u00e4nner werden so sein wollen wie du. Mit genug Selbstbewusstsein und \u00dcbung ist wirklich alles m\u00f6glich. Ich mache es m\u00f6glich!\u201cUns ist selbst ein R\u00e4tsel, wie Rian sich darauf einlassen konnte, einen ihm v\u00f6llig fremden Mann zu treffen. Selbst ein Teenager ist doch in der Lage zu erkennen, dass diese Worte nur Schein und genau das sind, was er h\u00f6ren wollte, oder?[Nun ich w\u00fcrde mal vermuten, dass Rian verzweifelt war. Wenn ein Mensch sich in die Ecke gedr\u00e4ngt f\u00fchlt, w\u00fcrde er doch alles tun, oder nicht? Sie haben das doch bestimmt schon selbst erlebt. Miller scheint ein richtig guter Manipulator zu sein, der wei\u00df, welche Kn\u00f6pfe er bei jemanden dr\u00fccken muss. Er hat es bei Miss Gilberts und all den anderen geschafft.]Glauben Sie, an den Ger\u00fcchten ist was dran, Sir?[Um Gottes willen, nat\u00fcrlich nicht. Miller ist kein \u00fcbernat\u00fcrliches Wesen, der Menschen durch irgendwelche magischen Dinge manipulieren oder \u201everzaubern\u201c kann. Er ist ein kranker Psychopath mit einem gro\u00dfen Ma\u00df an Intelligenz. Sagen Sie mir, wie wurde Rian gefunden?]Anfang des darauffolgenden Jahres wurde er am \u0001 \u0002.2020 enthauptet am Rand einer Stra\u00dfe zwischen London und Eton gefunden. Sein Kopf baumelte von einem Seil an einem Baum. Seine Halswirbel hingen noch daran und Blut tropfte, laut der Augenzeugen, aus der gro\u00dfen Wunde. Rians K\u00f6rper wurde nicht gefunden, wir nehme stark an, dass Miller den irgendwo in der N\u00e4he oder in seinem Versteck behalten hat. Wof\u00fcr er dies allerdings gebrauchen k\u00f6nnte, wissen wir nicht. Da er vorher von jedem Opfer Blut manuell entnahm, f\u00e4llt uns kein sinnvoller Grund ein, dass er auch das Fleisch behalten sollte. Ebenfalls fehlten dem Opfer einige Z\u00e4hne und bei ihm wurde die Zunge herausgeschnitten. Auch die Nase war eingeschlagen und ein Ohr wurde eingeklappt und zugen\u00e4ht. In das linke Augen wurde Schweineblut reingespritzt, sodass das Auge komplett rot gef\u00e4rbt und stark angeschwollen war. Das rechte Auge war \u0001 \u0002 klebte dem Jungen im Gesicht. Das Labor best\u00e4tigte, dass in dem Erbrochenen Blut, Schweineged\u00e4rme und sogar von Rian selbst eigenes Fleisch vorhanden war. Seine Haare wurden komplett abrasiert und die Augenbrauen wurden zu zwei blutenden Smileys geritzt. [Was ist mit der Nachricht, die bei Rian gefunden wurde?]Dort steht: \u201eLasst euch nachts nicht von mir in euren Tr\u00e4umen erwischen. Es k\u00f6nnte mir etwas an euch gefallen. Ihr werdet dann mit mir verbunden sein und ihr werdet mir helfen meine Tr\u00e4ume zu erf\u00fcllen, so wie ich euch helfe, eure zu sehen. Denn ich bin die Hoffnung und das Ende dieser urkomischen, zerfallenen Gesellschaft. Bin ich einmal da, gibt es kein entkommen.\u201c[Ein ganz sch\u00f6n langer Text, wie war es bei den anderen gefundenen Nachrichten?]K\u00fcrzer, wesentlich k\u00fcrzer. Oft war es nur ein Wort. Meistens immer dasselbe.[Sehet\u2026]Genau. Das stand bei 3 von 5 \u0001 \u0002 woher wissen Sie das, Sir?*Specialagent Jesse Harington wusste es, da er alle Akten und Informationen \u00fcber diesen ganz speziellen Fall gelesen und untersucht hatte. Der Ermittler aus London wollte es nur nochmal alles bis ins kleinste Detail h\u00f6ren. Er liebte die Besprechungen und Befragungen. F\u00fcr ihn f\u00fchlte sich es erst dann richtig gut an, wenn er alle Infos \u00e4hnlich wie bei einem Podcast h\u00f6ren konnte. Woher er diese Marotte, so nannten es seine Kollegen manchmal, hatte, konnte Harington nicht sagen. Schon als Kind liebte er es, vorgelesen zu bekommen. Jetzt konnte er die letzten 2 F\u00e4lle nochmal gedanklich zusammenf\u00fcgen und ordnen. Der Beamte stand ganz verwirrt vor ihm und Jesse mochte es sehr, wenn er der wissendere im Raum war. Er bedankte sich h\u00f6flich bei dem Mann und sagte ihm, dass er gehen k\u00f6nnte. Gedanklich sortierte er die bekannten Informationen nochmal neu und versuchte unsichtbare F\u00e4den zwischen Myra und Rian zu kn\u00fcpfen. Doch alles zusammen ergab wenig Sinn. Warum waren die ermordeten Personen so willk\u00fcrlich? Keine konkreten Verbindungen waren zwischen den Opfern erkennbar. Jedes der Opfer war verschieden alt, hatten verschiedene Nationalit\u00e4ten und verschiedene Geschlechter, Berufe und Lebenserfahrungen. Wie w\u00e4hlte Miller die Opfer aus? Oder war alles nur reiner Zufall und die Opfer waren nur immer zur falschen Zeit am falschen Ort? Trotzdem passte das dann aber nicht mit Rians Fall zusammen. Wer war Philipp Miller? Und was hatte es mit den Tr\u00e4umen auf sich? W\u00e4hrend Specialagent Jesse Harington weiter im Verh\u00f6rraum \u00fcberlegte und die einzelnen Dokumente und Beweise untersuchte, sah er es nicht. Diesen einen merkw\u00fcrdigen Schatten an der Wand. Wei\u00dfe Augen \u00f6ffneten sich aus der Ecke des Raumes und beobachteten den braunhaarigen Agenten. Die Pupillen waren langsam sich drehende Quadrate und wurden gr\u00f6\u00dfer, als sie auf den Hinterkopf des Mannes trafen. Wie flackernde Lichter zuckten die schattigen Augenlieder bis schlie\u00dflich Harington selbst zuckte und sich umdrehte. Doch nichts war zu sehen. Verwirrt durch seine alarmierten Instinkte, rieb sich der Agent die m\u00fcden Augen und sch\u00fcttelte den Kopf. Kaffee, das war das einzige, woran der Mann jetzt noch denken konnte. Zu wenig Schlaf machte ihn immer etwas paranoid, das hatte ihm sein Exmann auch vorgeworden. Als Jesse den Raum verlie\u00df, h\u00f6rte er nicht mehr das Lecken der lilaroten Zunge des kleinen Mundes, welcher sich im Schatten \u00f6ffnete. Die blitzenden spitzen Z\u00e4hne waren zu einem breiten offenen Grinsen verzogen und ein leises, fast schon nicht h\u00f6rbares fauchen war zu h\u00f6ren. Auf den \u00dcberwachungskameras war nichts zu erkennen. Der Wachmann sah auf dem Monitor nur einen auf den Tisch abst\u00fctzenden Jesse Harington, der langsam von der st\u00fctzenden Hand abrutschte. Der nat\u00fcrlich superprofessionelle Specialagent aus London war gef\u00e4hrlich nah daran auf den Tisch zu knallen, dachte sich der Wachmann. Der braunhaarige Mann war wohl eingeschlafen, aber wer k\u00f6nnte es ihm nach \u00fcber 20 Stunden Befragungen und Arbeit verdenken. Was er wohl tr\u00e4umt? Und *Rumps* da knallte der Kopf auf die Oberfl\u00e4che und Harington wachte auf. Verwirrt schaute sich der Mitte 40-J\u00e4hrige um und merkte, dass sich das vom Nachmittag gef\u00fchrte Gespr\u00e4ch mit Officer Johnson im Traum nur wiederholt hatte. Kaffee, dachte er erneut und stand diesmal wirklich auf und verlie\u00df den Raum.*",
            "wordcount": "3.010",
            "chapter_release": "31.01.2023",
            "chapter_number": "2"
        },
        "3": {
            "text": "Hey, also nochmal hier eine Warnung. Es werden sozial diskriminierende Begriffe und auch wieder ein brutales Geschehen beschrieben. Ich habe hier eine Figur eingebaut, die sexistisch und rassistisch ist. Deshalb bitte nur lesen, wenn man alt genug daf\u00fcr ist. Vielen Dank und liebe Gr\u00fc\u00dfeKia \u201eNa los, Miss Gilberts, Sie m\u00fcssen auch noch ihre Medikamente nehmen.\u201cKlara nickte nur stumm und nahm die kleinen Pillen aus dem Medikamentenbeh\u00e4lter raus. 5 St\u00fcck waren es an der Zahl und ohne weiter dr\u00fcber zu schauen, warf sie sie ein. Ihre schwarzen Locken hatte die Frau zu einem tiefen Pferdeschwanz gebunden, zumindest hatte sie es versucht. Die eine H\u00e4lfe ihrer vorderen Haare, genauer gesagt die rechte, war schon wieder aus dem Haargummi rausgerutscht. Ihre dunkelbraunen Augen sahen sehr tr\u00fcb aus, fast so, als w\u00e4re sie nicht ganz anwesend. Doch das war Klara, aber dies war es auch schon. Sie reagierte auf Gespr\u00e4che, Worte und Gesten, wie es nun mal jeder Mensch tat. Aber \u00fcber allem stand ein gro\u00dfes Desinteresse. Es war keine Reaktion von Gef\u00fchlen mehr in Klara Gilberts Verhalten erkennbar. Als man ihr vor 2 Wochen gesagt hatte, dass sie in ihrem Zustand keine Besucher empfangen durfte, zeigte sie noch eine Spur von Traurigkeit und Wut. Aber selbst da war es schon nicht ausgeartet, wie es bei den meisten anderen Patienten der Fall war. Seit ihrem Gespr\u00e4ch mit Dr. Sanchez vor 5 Tagen war sie noch ruhiger geworden. Jetzt reagiert sie nicht mal mehr auf die Anrufe ihrer Tochter. So wie es die Pfleger erz\u00e4hlten, bestanden die kurzen Gespr\u00e4che vorher sowieso nur aus \u201eja\u201c, \u201eDas ist gut\u201c, \u201eIch hab dich auch lieb\u201c. Sie gab ihrer Tochter oder dem Vater des Kindes nichts \u00fcber sich preis. Die Gespr\u00e4che wurden zwecks therapeutischer Analysen abgeh\u00f6rt und aufgenommen. Bei pers\u00f6nlichen Fragen brach Klara meist das Gespr\u00e4ch selbst ab oder tischte eine Ausrede auf, warum sie nicht weiterreden k\u00f6nnte. Die \u00c4rzte waren nach der Befragung von Dr. Sanchez besorgt, dass sie jetzt v\u00f6llig ausrasten w\u00fcrde, aber nichts. \u201eMiss Gilberts, Sie sollten heute wirklich was zu Abend essen, Sie haben die letzten 5 Tage immer nur gefr\u00fchst\u00fcckt.\u201cWieder nickte sie nur und nahm sich ein Br\u00f6tchen und etwas K\u00e4se. Sie setzte sich zu einer kleinen Gruppe von anderen Patienten, die \u00fcber einen Film sprachen, der gestern beim w\u00f6chentlichen Filmeabend der kleinen Wohngemeinschaft, so nannten die \u00c4rzte und Pfleger meist, lief. \u201eUnd das Ende. Ich sag nur WOW. Da konnten diese Roboter wirklich diese dicken Menschen auf die Erde bringen.\u201c, sagte ein wahrscheinlich nicht weniger kr\u00e4ftiger Mann mit einem Vollbart. \u201eJa, WALL-E hat es echt geschafft, mich zu bewegen.\u201c, stimmte eine \u00e4ltere Dame, wahrscheinlich so Mitte 50, zu. Ihre grauen kurzen Haare standen ihr zu Berge und ein Verband war um ihren Kopf gewickelt. \u201eWas denkst du, Klara?\u201c, sagte der Vollbart-B\u00e4r und l\u00e4chelte etwas zu breit die 38-J\u00e4hrige an. Sie sah von ihrem Br\u00f6tchen hoch und atmete einmal tief ein. \u201eWar ganz s\u00fc\u00df\u201c, sagte sie und fing wieder an, in ihrem Essen \u0001 \u0002 Pfleger beobachteten die Szene ganz genau, das war die Anweisung von ganz oben. Sie wollten ganz genau sehen, wie Miss Gilberts mit anderen Menschen interagiert. Sie kam nach 3 Wochen aus der Einzelzelle zu den anderen Insassen einer Station des Caelum Hospital und au\u00dfer der Ausraster bei Dr. Sanchez ist nichts wirklich passiert. Die Pfleger und \u00c4rzte verstanden nicht, was in Klara vorging. Sie wurde in diese bekannte Klinik zwischen Oxford und London gebracht, da diese Anstalr f\u00fcr schwierige F\u00e4lle am besten geeignet \u0001 \u0002 Tag endete und die Uhr in Klaras Zimmer spring vom 31. \u0001 \u0002 auf den 01. Juni. 2022. Jetzt erst schlie\u00dft die Frau im Bett die Augen und atmet 2-mal tief ein und aus. [Hallo Klara, mortalis mulier.]Eine tiefe Stimme lie\u00df Klara die Augen wieder aufmachen. Jetzt befand sie sich nicht mehr in ihrem Zimmer, sondern in einem schwarzen Raum ohne W\u00e4nde, Boden und Decke. Sie selbst steht in einem wei\u00dfem T\u00fcllkleid und ohne Schuhe und Socken in diesem unendlichen Nichts. Doch sie ist ganz ruhig. Sie dreht sich im Kreis und fragt: \u201eWo bist du denn, domini?\u201cAus dem dunklen Nichts \u00f6ffneten sich ein paar wei\u00dfe Augen. Die drehenden Pupillen w\u00fcrde Klara \u00fcberall im Traum wieder erkennen. [Hast du mich vermisst, parva agni, mein kleiner treasure?]\u201eBitte, sag mir, wie kann ich dir dienen und leiden?\u201c, fragte Klara und kniete sich hin und streckte die Arme horizontal aus. Ihrem Kopf legte sie in den Nacken und ihre Zunge rollte sie in ihrem offenen Mund nach hinten ein.[Ach, cara puella. Du bist noch gefangen auf diesem H\u00f6llendeck der menschlichen Angst. Sie wollen durch dich zu mir. Sie wollen den deus doloris zu Fall bringen, aber meine Macht wird untersch\u00e4tzt, kleines L\u00e4mmchen. Sie glauben nicht an die Kraft meiner G\u00f6ttlichkeit. Sie glauben noch an einen Mann, der genauso widerlich und falsch ist wie sie selbst es sind. Doch ich bin nicht so wie sie. Ich bin ein GOTT!]Und mit diesen Worten schlossen sich die Augen und aus dem Unendlichen formte sich aus einer schwarzen Fl\u00fcssigkeit ein Mann. Nach einem tiefen Ausatmen \u00f6ffnete der nackte Mensch seine Augen und die Pupillen drehten sich langsam weiter. Klara zog scharf die Luft ein. Die Maske, die er die ersten Monate vor ihr getragen hatte, trug er nicht. Jetzt konnte sie nach so langer Zeit endlich wieder seine Herrlichkeit \u0001 \u0002 rutschte n\u00e4her an ihn heran. \u201eOh domini, mein wunderbarer, m\u00e4chtiger domini\u2026\u201c[Was willst du, fastidium?]\u201eLEID, mein domini. Nur das gegehrt mein sterbliches Herz. Ich wei\u00df, ich kann dir nur so am besten dienen\u2026\u201c[Bald, meine brave Gef\u00e4hrtin. Bald kannst du weiter mein canem doloris sein und du und ich werden zusammen den dolor inferni sp\u00fcren und in Ekstase leben!]Klara umschlingt den K\u00f6rper des sch\u00f6nen Mannes und schreit aus voller Kehle. Vor Schmerzen zuckt der K\u00f6rper der zierlichen Frau, doch sie l\u00e4sst nicht los. [Genie\u00dft du den Schmerz, meine regina mortis? Sp\u00fcrst du die Erl\u00f6sung durch das Brennen meiner ungeheuerlichen Gestalt?]...Die Nachtschicht war schon immer am spannendsten, fand Marcus Lyrer, 30 Jahre alt und seit 2 Jahren im Caelum Hospital angestellt. Sein blondes Haar hatte er so kurz geschnitten, dass es fast so aussah, als h\u00e4tte er gar keine. Er machte seinen \u00fcblichen Rundgang. \u0001 \u0002 passierte der geilste Schei\u00df, den diese Verr\u00fcckten verursachten, und Marcus konnte so seine aufgestaute Wut frei rauslassen. Die \u00c4rzte juckte es meistens sowieso nicht, wenn ein Patient einen blauen Fleck oder eine gebrochene Rippe mehr hatte. Sie fragten schon gar nicht mehr nach und solange es im Bericht so aussah, als w\u00e4re es notwendig gewesen, Gewalt anzuwenden, war alles gut. Seine Kollegen sahen das nat\u00fcrlich nicht so. Bei seiner letzten Anstellung ist er auch wegen solcher \u201eGer\u00fcchte\u201c rausgeflogen. Da hatte er seine heimliche Leidenschaft mit einem Kollegen geteilt und dieser haben ihn dann verpfiffen. Als er dann wegen angeblicher Gewaltandrohungen rausflog, hatte dieser Arsch sch\u00f6n daf\u00fcr b\u00fc\u00dfen m\u00fcssen. Keiner konnte Marcus nachweisen, dass er es gewesen war, der diesen Wichser eines Nachts zu Boden warf und ihn so lange in seine Weichteile trat, bis sie nicht mehr funktionst\u00fcchtig und wahrscheinlich auch nicht mehr vorhanden waren. Er klaute auch noch die 30 Pfund aus dem Portemonnaie und dadurch sah es so aus wie ein kleiner Diebstahl, der ausgeartet war. Sein Ex-Kollege wusste nicht, dass er es mit einer Sturmmaske war, der ihn in ein kleines weinendes Frauenzimmer verwandelte. Danach v\u00f6gelte er, einfach aus Spa\u00df, auch die Freundin des kleinen Mannsweibs, die ja sowieso seit der letzten privaten Weihnachtsfeier der Station ein Auge auf ihn geworfen \u0001 \u0002 Lebensmotto war schon immer: \u201eLebe, schlag und fick verdammt nochmal h\u00e4rter als alle anderen\u201c. Wie wurde er dann mit so einer Entlassung in dieser bekannten Klinik angenommen, fragt ihr euch?Ganz einfach, wenn man beim Vorstellungsgespr\u00e4ch sowohl die Stationsleiterin, als auch den Big Boss dieser Irrenanstalt bis in den Orgasmenhimmel bef\u00f6rderte, konnte man auch diesen kleinen \u201eFehler\u201c beheben. Jetzt wusste Marcus, dass er seine kleine Vorliebe f\u00fcr k\u00f6rperliche Auseinandersetzungen f\u00fcr sich behalten musste und es nur ausleben kann, wenn kein anderer Mensch dabei war. Ausgenommen sind nat\u00fcrlich die Irren selbst, versteht sich. Denen wird sowieso nicht geglaubt. Marcus \u00f6ffnete jede einzelne Zimmert\u00fcr der Patienten, um ja keine Chance f\u00fcr sein Hobby zu verpassen. Als er vor Gilberts T\u00fcr stand, l\u00e4chelte er. Er h\u00f6rte n\u00e4mlich etwas. Er stie\u00df die T\u00fcr auf und machte sich Kampfbereit. \u201eWas geht denn hier vor, Miss Gilberts?\u201c, fragte er, als er die schlanke Frau auf dem Boden liegen sah. Ihre Augen waren offen und nach Innen gedreht, sodass man nur das Wei\u00df ihrer Augen erkennen konnte. Sie st\u00f6hne schmerzverzerrt und kr\u00fcmmte sich. \u201eSchei\u00dfe\u201c, rief der blonde Mann erschrocken und war gerade dabei sein Funkger\u00e4t herauszuziehen und einen Arzt anzufordern, da h\u00f6rte sie auf zu zucken. Klara stand ganz ruhig auf und sah den Pfleger kichernd an. \u201eWas zum\u2026\u201c, brachte Marcus noch hervor, doch Klara unterbrach ihn und winkte ihn zu sich. \u201eEr sagt, ich darf.\u201cMarcus sah die Frau verwirrt an. Er betrachtete sie nochmal von oben bis unten. Er musste schon zugeben, dass sie f\u00fcr einen Neger recht h\u00fcbsch war. Sie pustete sich eine Str\u00e4hne aus dem Gesicht und biss sich auf die Unterlippe. \u201eLass mich es dir zeigen\u2026\u201c, fl\u00fcsterte sie und n\u00e4herte sich dem blonden Mann. Jetzt schien er zu verstehen und lachte. \u201eAch, das willst du also. Du hast wahrscheinlich die Menschen beim Tratschen \u00fcber meinen Schwanz geh\u00f6rt und willst jetzt selbst sehen, was dieser so kann, was?\u201cMarcus \u00fcberlegte, wie immer, nicht lange und schloss die T\u00fcr hinter sich und stie\u00df Klara Gilberts grob auf ihr Bett. Die W\u00e4nde waren dick, sodass es niemand mitbekommen w\u00fcrde, dachte er \u0001 \u0002 kicherte und Marcus zog sein T-Shirt hoch, doch bemerkte er nicht, wie Klara eine kleine Nadel unter ihrem Kopfkissen hervorholte. \u2026 Die hatte sie heute Nachmittag von diesem Assistenzarzt aus der Tasche geklaut, als er mit der Ober\u00e4rztin einen Rundgang bekam. Er sollte sich mal daran versuchen, eine Infusion an Erec Notting, dem dehydrierten Neuank\u00f6mmling auf Station 4B, zu legen. Der junge Arzt war so nerv\u00f6s gewesen, sodass er schnell auf die, durch den Klinikausschuss veranlasste, genderneutrale Toilette gehen \u0001 \u0002 hatte gerade mit einem begleitenden Pfleger im Innenhof gestanden. Sie hatte das Gespr\u00e4ch der beiden \u00c4rzte durch die offene T\u00fcr geh\u00f6rt und dann den Pfleger gebeten, auf Klo gehen zu d\u00fcrfen. domini sagte ihr, sie solle ruhig sein und nach einer Chance \u0001 \u0002 Pfleger nickte und lie\u00df sie ausnahmsweise au\u00dferhalb der geschlossenen Station gehen. Klara hatte ihn dazu \u00fcberredet. \u201eWenn sie es genau wissen wollen, ich habe meine Periode und ich glaube, mein Tampon ist gerade rausgerutscht. Oder soll ich jetzt mich und den ganzen Weg vollbluten?\u201c Der Pfleger hatte mit knallrotem Gesicht weggeguckt und sie auf die Toilette geschickt. Er kannte sich nicht wirklich mit Frauenhygieneartikeln \u0001 \u0002 ging rein und der Arzt stand gerade am Waschbecken und seifte sich gr\u00fcndlich die H\u00e4nde ein. \u201eGuten Tag, sind Sie neu?\u201c, fragte Klara und l\u00e4chelte den Arzt freundlich an.\u201eJa, erster Tag und Sie sind?\u201c\u201eIch bin Klara Gilberts, ich bin auf Station 2A.\u201c\u201eSch\u00f6n Sie kennen zu lernen, Miss Gilberts\u201c\u201eDie Freude ist ganz meinerseits. Oh, Herr Doktor, Sie haben einen Fleck hinten auf dem Hemdkragen.\u201c\u201eOh wirklich? Schei\u00dfe...\u201c\u201eSoll ich Ihnen helfen? Ich k\u00f6nnte versuchen es mit etwas Wasser und Seife zu entfernen. Ist kein wirklich dunkler Fleck.\u201cDer junge Arzt bedankte sich und Klara machte sich sogleich an die Arbeit den \u201eFleck\u201c zu entfernen. Sie griff mit der anderen Hand vorsichtig in die Kitteltasche des Arztes und zog die verpackte Nadel heraus. \u201eSo junger Mann, alles sauber.\u201c, sagte Klara und warf das Papierst\u00fcck weg und verschr\u00e4nkte die H\u00e4nde hinter den R\u00fccken. Der Arzt bedankte sich noch einmal und verlie\u00df die Toilette schnell. \u201eEinen sch\u00f6nen Tag noch.\u201c, rief Klara hinterher und als die T\u00fcr zu war, stopfte sie sich die verpackte Nadel in den Bund ihrer Jogginghose. Nach ein paar Minuten verlie\u00df sie den Raum und ging mit ihrem Begleiter zur\u00fcck auf Station. Der Assistenzarzt lief kurz danach in ihnen vorbei und fl\u00fcsterte: \u201eNa toll, ich habe die Infusionsnadel vergessen mitzunehmen. Ich war mir so sicher, dass ich sie eingesteckt habe\u2026\u201c\u2026\u201eSo, du kleine Schlampe\u201c, sagte Marcus, als er das T-Shirt nun endlich ausgezogen hatte und die Hose \u00f6ffnete, \u201eJetzt zeige ich dir den schei\u00df Himmel.\u201cKlara kicherte wieder und umklammerte die Nadel fest hinter ihrem R\u00fccken.\u201eIch finde, die H\u00f6lle ist doch viel interessanter\u2026\u201c * Als Dr. Sanchez und Specialagent Harington in der Klinik ankamen, war es erst 7 Uhr morgens. Sie begr\u00fc\u00dften die Kollegen der Polizei am Eingang zu Station 2A. Die anderen Patienten wurden gebeten, w\u00e4hrend der Untersuchung in ihren Zimmern zu bleiben. Jesse und Dr. Sanchez gingen auf direkten Weg zu Zimmer 247. Sie trafen davor Dr. Julia Gilmore, die Ober\u00e4rztin der Station. \u201eMr. Harington, Dr. Sanchez, wir wollten sie eigentlich ins Isolationszimmer bringen, aber sie droht, sich selbst umzubringen, wenn man ihr zu nah kommt. Sie will erst mit Ihnen sprechen.\u201cDie beiden M\u00e4nner nickten und \u00f6ffneten langsam die T\u00fcr. Beide r\u00fcmpften die Nase bei dem strengen Geruch nach Eisen. Sie erstarren bei dem Anblick, der sich ihnen nun bietet. Klara sa\u00df in der Mitte des Raumes. Eine Nadel steckte an der linken Halsseite noch weit rausragend aus ihrer Haut. Ihre Haare waren mit Blut durchdr\u00e4ngt und zur\u00fcckgek\u00e4mmt. Um sie herum war eine Lache und sie hatte ihre Decke und Kissen wie ein rotes Nest um sich herumgelegt. Ein Mann lag mit seinem Kopf auf ihrem Scho\u00df. Seine Augen waren offen, bzw. ein Auge. Das andere hatte ein Loch und Fl\u00fcssigkeiten liefen heraus. Der leblose K\u00f6rper des Mannes war voller Nadelstiche und aus seinem nackten K\u00f6rper lief immer noch etwas Blut. Kleine herausgerissene Fleischfetzen lagen im Raum verteilt und sein Mund stand schmerzverzerrt offen. Sie hatte ihn mit ihren Klamotten die H\u00e4nde zusammengebunden und sein rechtes Bein war unnat\u00fcrlich gekr\u00fcmmt. \u201eGuten Tag, Mr. Harington und Dr. Sanchez\u2026\u201c, fl\u00fcsterte die Frauenstimme aus dem kleinen Raum.\u201eOh Gott\u2026\u201c, fl\u00fcsterte der \u00e4ltere Mann der beiden und drehte sich um. Jesse stand, mit fest zusammengepressten Lippen, nur wenige Meter vor Klara Gilberts und starrte sie ungl\u00e4ubig an. \u201eJetzt k\u00f6nnen wir nochmal in Ruhe reden, Dr. Sanchez\u201c, sagte Klara und blickte an Harington vorbei auf den Arzt, \u201eLassen Sie mich Ihnen zeigen, zu was mein Gott und ich als seine K\u00f6nigin f\u00e4hig sind.\u201c*",
            "wordcount": "2.382",
            "chapter_release": "09.02.2023",
            "chapter_number": "3"
        },
        "4": {
            "text": "\u201eMiss Gilberts, was zum\u2026\u201c, brach es aus Jesse Harington heraus, doch sie sprach sofort dazwischen.\u201eAlso Mr. Harington, jetzt lassen Sie doch Dr. Sanchez mal das Wort. Schlie\u00dflich kenne ich Sie gar nicht. Ich will erstmal mit Dr. Sanchez sprechen! \u00dcberhaupt will sich domini um Sie k\u00fcmmern. Sie sollten den deus doloris, meinen geliebten Orcus nicht untersch\u00e4tzen.\u201cIhre linke Hand spielte etwas mit der Nadel in ihrem Hals. Nur ein falsches Wort und Klara konnte sich mit einem festen Schlag so verletzten, dass sie ganz einfach verbluten k\u00f6nnte. Die einzige Zeugin w\u00e4re dann verloren.\u201eOkay\u2026 Ich glaube, ich kann\u2026\u201c, brachte Dr. Sanchez hervor und schaute \u00e4ngstlich und bleich Klara an. Jesse stand erschrocken und nun noch verwirrter im Raum. Woher kannte sie denn seinen Namen?\u201eA.. also Klara. Wieso reden wir nicht in einem etwas\u2026 sichereren Raum?\u201cSie sch\u00fcttelte den Kopf und wie ein kleines Kind sagt sie: \u201eDer Raum ist doch sch\u00f6n, warum nicht hier sprechen?\u201cW\u00e4hrend sie ihren Kopf bewegt stopften ein paar Blutsspritzer von ihrem Kinn. \u201eNun\u2026 i\u2026 ich w\u00fcrde mich wohler f\u00fchlen, wenn wir in einem anderen Raum reden w\u00fcrden.\u201cSie seufzte und nickte schlie\u00dflich. \u201eNa gut, aber nur, weil Sie noch nicht bereit hierf\u00fcr sind. Aber bald werden Sie es sein. Bald werden sie alle es sein.\u201cWie ein kleines M\u00e4dchen sprang sie auf und lie\u00df den Kopf des Toten auf den Boden knallen. Beide M\u00e4nner zucken bei dem hohlen Knall zusammen. Klara nahm sich eine Klammer von ihrem Tisch und steckte sich die Haare hoch. Dann nahm sie eine lange und noch saubere Decke aus dem Schrank und wickelte sie sich um. Die Nadel wackelte an ihrem Hals hoch und runter. \u201eDie\u2026\u201c, fing Sanchez an, doch sie unterbrach ihn.\u201eDie bleibt. Schlie\u00dflich brauche ich eine Absicherung. Ich wei\u00df doch, wie wichtig ich f\u00fcr die Ermittlung bin.\u201cSelbstbewusst ging die Dame an den M\u00e4nnern vorbei, w\u00e4hrend ihre linke Hand an der Nadel lag. Sie wirkte so anders als bei dem letzten Gespr\u00e4ch, dachte sich Sanchez, sie benimmt sich wie ein kleines Kind, was K\u00f6nigin spielt. Sie drehte sich nochmal um und wartete auf den Doktor.\u201eUnd Mr. Harington?\u201c\u201eNun\u201c, fing Klara an, \u201eder sollte besser nach Hause gehen und schlafen. Er sieht ganz sch\u00f6n Schei\u00dfe aus. Martin hatte ihm damals schon gesagt, dass er mit zu wenig Schlaf unausstehlich und wahnhaft wird. Vielleicht gibt ihm der Schlaf eine hilfreiche Erkenntnis. Tr\u00e4ume sind doch Tore zu einer uns v\u00f6llig fremden Welt.\u201cSie drehte sich wieder um und ging bluttropfend den Flur der Station entlang. Dr. Sanchez sah Harington fragend an und dieser nickte, obwohl sein Gesicht jetzt auch kreidebleich war.\u201eSie haben viele bewaffnete Polizisten hier und ich glaube, wenn ich in Ihrer N\u00e4he bleibe, wird sie erstmal nicht reden. Keine Sorge, ich bleibe trotzdem hier in der Klinik.\u201cSanchez nickte und folgt der blut\u00fcberstr\u00f6mten Frau. Die Pfleger und \u00c4rzte der Station standen erschrocken, erstarrt, oder w\u00fcrgend am Rand des Geschehens und Dr. Gilmore hielt die Luft an. \u201eIch gehe mit Miss Gilberts in den \u00dcberwachungsraum, bitte sagen Sie ihren M\u00e4nnern, dass sie uns nicht st\u00f6ren sollen. Die Polizei wei\u00df, was mit dem Mann in Zimmer 247 zu machen ist. Ich versuche, Klara soweit zu beruhigen, dass sie keine potenzielle Gefahr mehr darstellt.\u201c, sagte Dr. Sanchez leise zu ihr, \u201ebitte lassen Sie auch mindestens 4 Polizisten in der N\u00e4he bleiben, falls\u2026meine Versuche scheitern\u2026\u201cObwohl Dr. Gilmore nickte, war der \u00c4rztin klar, dass dieses Unterfangen unm\u00f6glich sein w\u00fcrde. Klara Gilberts war nicht mehr zu retten, dass wussten beide\u2026Noch einmal nickte der Arzt seiner Kollegin zu, dann schloss er zu der Patientin auf und zusammen verlie\u00dfen sie auf der anderen Seite die Station. Nur wenige Minuten sp\u00e4ter waren sie im bekannten Befragungszimmer\u2026Klara schloss die T\u00fcr ab und Dr. Sanchez lie\u00df sie gew\u00e4hren. \u201eNun lieber Pablo\u201c, fl\u00fcsterte Klara, \u201eJetzt k\u00f6nnen wir uns mal ganz ruhig unterhalten\u2026\u201cHarington wies seine M\u00e4nner noch an, einige Sicherheitsma\u00dfnahmen vorzubereiten und dann setzte er sich auf einen Stuhl. Seine Stirn gl\u00e4nzte in der nun vollst\u00e4ndig aufgegangenen Sonne, die durch die Fenster schien. \u201eSir, Anweisung von der Polizeistelle. Wir sollen hier in der Klinik bleiben und auf Dr. Sanchez warten. Wir k\u00f6nnen jetzt nicht viel mehr tun. Die Rechtmedizin wird den verstorbenen Mann untersuchen.\u201cJesse nickte dem noch jungen Polizisten zu und schaut ihm hinterher, als dieser wieder auf seinen Posten ging. Man merkte dem jungen Mann an, dass dies der erschreckendste und schlimmster Fall war, den er in seiner Dienstzeit erlebt hatte. Harington w\u00fcrde gerne den ganzen Polizisten und Polizistinnen hier die Angst nehmen, aber auch er versp\u00fcrte zum ersten Mal seit langem schreckliche \u0001 \u0002 kannte Klara seinen Namen? Er wurde erst nach Oxford geschickt, als sich Klara schon 2 Wochen in der Klinik befand. Heute war es das erste Mal, dass sie sich beide sahen. Selbst wenn sie seinen Namen nur mal aufgeschnappt hatte, konnte sie doch nicht ahnen, dass er es heute war, der mit Sanchez das Zimmer \u0001 \u0002 wieso wusste sie den Namen seines Exmannes und was das gr\u00f6\u00dfte Problem dieser Ehe war? Martin hatte ihm oft vorgeworfen, krankhaft paranoid zu werden bei zu viel Schlafentzug und Stress. Das war damals ja der Trennungsgrund gewesen. Jesse hatte ihm mehrmals Betrug mit den verschiedensten Nachbarn vorgeworfen und dadurch brach das langj\u00e4hrige Vertrauen zueinander. Und da \u00fcberkam ihn ein schrecklicher Gedanke, ein unm\u00f6glicher, nicht rationaler und sehr be\u00e4ngstigender \u0001 \u0002, wenn die Ger\u00fcchte stimmen? Was, wenn er noch Kontakt zu Klara hatte und sie weiter beeinflusste und Informationen vermittelte?Was ist, wenn Philip Miller wirklich\u2026Er st\u00fctzte seinen Kopf in seine H\u00e4nde und fl\u00fcsterte: \u201e\u2026 kein Mensch ist?\u201cHarington stand auf. W\u00e4hrend die Pfleger und \u00c4rzte mit den restlichen Patienten von Station 2A besch\u00e4ftigt waren, fragte er Dr. Gilmore, ob es ein ruhiges Zimmer mit PC benutzen k\u00f6nnte. Sie willigte nat\u00fcrlich ein und gab ihm ihren Schl\u00fcssel zu ihrem B\u00fcro.\u201eDa sollten Sie ungest\u00f6rt sein. Passwort ist TheodorFontane69.\u201cEr bedankte sich und ging schnell in das B\u00fcro der \u0001 \u0002 Raum war wenig spektakul\u00e4r. Es war ein Schreibtisch, eine Liege und ein Sofa, sowie viele Schr\u00e4nke mit den verschiedensten B\u00fcchern in dem Zimmer. Jesse schaltete den Computer ein und meldete sich \u0001 \u0002 hatte Klara eben alles gesagt?Er wusste, dass es unlogisch war, aber er konnte sich nicht davon abhalten und fing langsam an zu tippen: \u201e\u0001 \u0002.\u0001 \u0002 \u0001 \u0002.\u0001 \u0002.\u0001 \u0002.S.\u201cHarington fing leise an zu lesen. \u201eDolor ist in der griechischen und r\u00f6mischen Mythologie der Gott (D\u00e4mon) der Schmerzen. In der Forschung vermutet man eine Verbindung zu dem Gott der Unterwelt Pluton.\u201c\u201eWow, was f\u00fcr Infos\u2026\u201c, dachte sich Harington und goggelte weiter. \u201aOrcus\u2018.\u201eOrcus ist in der r\u00f6mischen Mythologie einer von vielen Namen f\u00fcr den Gott der Unterwelt. Andere Namen waren Pluto/Pluton oder Dis Pater. Mit Orcus wurde seine b\u00f6se, bestrafende Seite bezeichnet, der Gott, der die Toten im Jenseits folterte. Ihm wurde auch die Eigenschaft zugeschrieben, die Seelen der Verstorbenen in die Unterwelt zu f\u00fchrte. Die von ihm gel\u00e4uterten Geist hofften auf Erl\u00f6sung. Pluton entspricht weitgehend dem Hades. Mit ihm oft gleichgesetzt wurde Plutos, der Gott des (unterirdischen) Reichtums. Ob und wie die drei urspr\u00fcnglich unterschieden wurden, l\u00e4sst sich kaum mehr sagen. Hades ist der K\u00f6nig \u00fcber die Toten, der Gott es Todes. Er wurde verschiedentlich kultisch verehrt, zum Beispiel in der griechischen Mythologie. Im griechischen Mythos gibt es aber noch Thanatos und Ker. Diese werden in der r\u00f6mischen Mythologie auch als Letum/ Letus oder allgemein als Mors bezeichnet. Mors ist der personifizierte Tod und Letum/Letus sind zwei Personifikationen dessen, der sanfte oder der gewaltsame Tod.\u201c\u201eOkay\u2026\u201c, fing Harington an zu murmeln, \u201edann suchen wir einfach mal Thanatos.\u201c\u201eThanatos ist das altgriechische Wort f\u00fcr Tod und der Gott des Todes. Seine Charakterisierungen sind vielf\u00e4ltig. So wird er einerseits als unerbittlich beschrieben, der mit eisernem Herzen keine Gnade kennt. Und doch steht er andererseits f\u00fcr den sanften Tod. Diejenigen, die er einmal erw\u00e4hlt hat, l\u00e4sst er nicht mehr aus seinen Klauen. Den Todgeweihten schneidet er mit einem Messer eine Haarstr\u00e4hne ab. Seine Schwester Ker verk\u00f6rpert den grausamen Tod. Thanatos ist h\u00e4ufig zusammen mit seinem Bruder Hypnos, dem Gott des Schlafes, abgebildet. Nach Homer ist das Land des Schlafs, also die Tr\u00e4ume (demos oneiroi), Teil der Unterwelt. Ein Sohn oder Bruder Hypnos ist Morpheus, dieser ist der Anf\u00fchrer aller G\u00f6tter der Tr\u00e4ume. Er kann sich in jede beliebige Form verwandeln und in Tr\u00e4umen erscheinen. In den Metamorphosen Ovids werden Morpheus und seine Br\u00fcder \u201eOneiroi\u201c, die Traumd\u00e4monen, genannt. Dabei kann man durch eine Pforte die wahren Tr\u00e4ume erreichen.\u201cKlara sa\u00df ganz ruhig auf dem Stuhl. Sie schien sich keineswegs daran zu st\u00f6ren, dass ihr Gegen\u00fcber sie schwei\u00dfgebadet und \u00e4ngstlich anstarrte. Sie lie\u00df ihren R\u00fccken knacken, bevor sie sich auf den Tisch st\u00fctzte und Pablo Sanchez sanft anl\u00e4chelte. \u201eBitte Dr. Sanchez, entspannen Sie sich. Ich werde Ihnen nichts tun. Ich helfe nur Menschen, die es wollen. Sanft oder schmerzhaft, das ist die Entscheidung, die jeder von uns treffen muss fr\u00fcher oder sp\u00e4ter.\u201cDer Doktor atmete einmal tief ein, bevor er die blut\u00fcberstr\u00f6mte Frau zum ersten Mal richtig in die Augen schaute. \u201eMiss Gilberts\u2026\u201c\u201eKlara, so haben Sie mich doch eben schon genannt.\u201c\u201eTut mir leid. Klara, warum haben Sie diesen Mann\u2026 umgebracht?\u201cSie rollte mit den Augen. \u201eHabe ich Ihnen doch eben gesagt. Ich helfe, wenn Menschen es \u0001 \u0002 Sie den Pfleger?\u201cEr sch\u00fcttelte den Kopf. \u201eNun, sein Name war Marcus Lyrer. Er war ein widerlicher Mann. Rassistisch, sexistisch, gewaltt\u00e4tig. Er hat mir alles erz\u00e4hlt. Alle seine schrecklichen Taten. Er hat mich irgendwann angefleht, ihn zu erl\u00f6sen. Ich habe ihm nur auf die Spr\u00fcnge geholfen und er hat seine Taten eingesehen. Domini gab mir die F\u00e4higkeit dazu.\u201cDr. Sanchez h\u00f6rte aufmerksam zu, vielleicht war es aber auch nur die Angst seine Gegen\u00fcber zu unterbrechen. Sie erz\u00e4hlte ihm alles \u00fcber Marcus Lyrer. Seine Lebensgeschichte war voller ungeheuerlicher Taten, Gewaltverbrechen der schlimmsten Sorte. Sie erz\u00e4hlte von seinen narzisstischen und sadistischen Erlebnissen, die den Arzt zum Zittern brachten. Und auf eine schr\u00e4ge Weise, und er konnte es selbst glauben, empfand Dr. Pablo Sanchez aber kein Mitgef\u00fchl f\u00fcr diesen Mann.\u201eF\u00fchlen Sie es, Pablo? Ich habe diesem Mann seine Erl\u00f6sung gegeben. Ich habe ihn von seinen S\u00fcnden befreit. Ich war in diesem Moment eine G\u00f6ttin!\u201cDer schwarzhaarige Mann sp\u00fcrte einen unerkl\u00e4rlichen Ekel aufsteigen. Und er fing an zu zittern. \u201eAber so\u2026 so ist das doch nicht gerecht\u2026\u201c, fl\u00fcsterte er und kratzte sich an der Schl\u00e4fe, \u201eUnd was meinen Sie mit F\u00e4higkeit?\u201cKlara kicherte, sie wusste, dass diese Frage kommen w\u00fcrde.\u201eNun, Sie kennen doch das Denkarium, englisch Pensieve, aus Harry Potter oder? Man kann sich meine Kraft ungef\u00e4hr als eine Mischung aus Telepathie und dieser gro\u00dfen Steinschale vorstellen. Ich bin in der Lage in die K\u00f6pfe der Menschen zu sehen und ihr Leben zu analysieren. Ich kann sie f\u00fchlen lassen, was sie damals f\u00fchlten oder was andere damals empfanden.\u201cUngl\u00e4ubig schaute der Ende 50-J\u00e4hrige die Frau vor ihm an. Sie sagte das mit so einer Gelassen- und Selbstsicherheit, dass er sich \u00fcberrumpelt f\u00fchlte. Wie konnte sie nur an sowas glauben? Sie hatte diesen Mann kaltbl\u00fctig ermordet!Pl\u00f6tzlich sprang die Frau w\u00fctend auf. \u201eIch habe ihn nicht ermordet, Dr. Sanchez! H\u00f6ren Sie mir doch zu!\u201cKann Miss Gilberts wirklich Gedanken lesen?!?\u201ePablo, ich habe Marcus erl\u00f6st. Als ich ihn mit seinen Taten konfrontierte, als ich ihn f\u00fchlen lie\u00df, was seine Opfer f\u00fchlten, da sp\u00fcrte er die gro\u00dfe Last seiner S\u00fcnden auf seinen Schultern. Er kr\u00fcmmte sich vor Schmerzen. Er wollte schreien, aber er konnte es nicht. Ich lie\u00df ihn nur an die falschen Entscheidungen denken, die er getroffen hatte. Wie er dieses M\u00e4dchen in der Oberstufe zum Sex gedr\u00e4ngt hatte, wie er seinen Kollegen zusammenschlug, wie er Patienten verpr\u00fcgelte, wie er Menschen Temazepam verabreichte und vergewaltigte, verpr\u00fcgelte, benutzte. Er sah alle seine Fehler, er f\u00fchlte sie. Er wollte erl\u00f6sen. Er dachte an Vergebung, doch dann, nur einen kurzen Moment, dachte er daran, dass er sie nicht verdient hatte. Ich fl\u00fcsterte ihm ins Ohr, dass er Vergebung erfahren k\u00f6nnte, wenn er sich einmal zu dem Leid der anderen bekennen und seine Strafe annehmen w\u00fcrde. Er sah mich an, mit seinen blutroten Augen und fl\u00fcsterte: \u201eErl\u00f6se mich\u2026\u201c Und ich half ihm.\u201cStille breitete sich im Raum aus. Ein Gott? Harington sch\u00fcttelte zweifelnd seinen Kopf. Als ob es G\u00f6tter g\u00e4be. Er schrieb die verschiedenen Namen auf: \u201aDolor; Pluton; Orcus; Pluto; Dis Pater; Hades; Plutos; Thanatos und Ker; Letum; Letus; Mors; Bruder von Thanatos: Hypnos, Gott des Schlafens (?); Morpheus, Anf\u00fchrer der G\u00f6tter der Tr\u00e4ume (Oneiroi)\u2018So viele Namen, so viele verschiedene Verbindungen, so viele verschiedene Geschichten\u2026Philipp Miller kann doch kein Gott sein\u2026 Ist das \u00fcberhaupt m\u00f6glich?Wie l\u00e4sst sich denn ein Gott stoppen?Jesse f\u00fchlte sich wie in einem Film. Als w\u00e4re er auf einem Horrorgeburtstagsfest, wo pubertierende Teenager versuchten irgendwelche D\u00e4monen zu beschw\u00f6ren und sich dann bei einem kalten Windhauch zu Tode erschreckten. Aber er war kein Kind mehr, er war ein erwachsener Mann, der nicht an solchen Quatsch glaubte... Oder? Er konnte sich nicht von der Angst befreien, dass dieser Fall etwas \u00dcbernat\u00fcrliches an sich \u0001 \u0002 konnte Miller sich so vielen verschiedenen Opfern n\u00e4hern?Wie konnte er Gilberts und wom\u00f6glich auch Rians Bruder auf seine Seite ziehen?Fluchend schlug der Agent mit der Faust auf den Tisch. Und warum sie? Warum kein anderes Opfer? Es gab so viele, doch nur eine wurde ganz offiziell seine \u201eJ\u00fcngerin\u201c. Harington w\u00fcnschte sich gerade so sehr, er h\u00e4tte Aine selbst befragt und diesem verdammten Anwalt der Familie zusammen \u0001 \u0002 Kopf ging er die verschiedenen F\u00e4lle nochmal durch. Konzentriert fing er an, sich auf die Zunge zu bei\u00dfen und seine Schl\u00e4fen zu massieren. Doch je mehr er \u00fcberlegte, desto mehr wurde ihm klar, dass es keine klaren Zusammenh\u00e4nge gab. Auf einmal kamen ihm folgende S\u00e4tze wieder in den Sinn:- \u201eNun, der sollte besser nach Hause gehen und schlafen. Er sieht ganz sch\u00f6n Schei\u00dfe aus. \u2026 Vielleicht gibt ihm der Schlaf eine hilfreiche Erkenntnis. Tr\u00e4ume sind doch Tore zu einer uns v\u00f6llig fremden Welt.\u201c- \u201eLasst euch nachts nicht von mir in euren Tr\u00e4umen erwischen. Es k\u00f6nnte mir etwas an euch gefallen. Ihr werdet dann mit mir verbunden sein und ihr werdet mir helfen meine Tr\u00e4ume zu erf\u00fcllen, so wie ich euch helfe, eure zu sehen. Denn ich bin die Hoffnung und das Ende dieser urkomischen, zerfallenen Gesellschaft. Bin ich einmal da, gibt es kein entkommen.\u201c- \u201eSehet\u2026\u201cIhm kam wieder sein Traum im B\u00fcro in den Sinn. Dieses beklemmende Gef\u00fchl, kurz bevor er aufgewacht \u0001 \u0002 da kam dem Mitte 40-J\u00e4hrigen eine Idee. Eine komische, unlogische, total irrwitzige Idee.\u201eWas, wenn ich wirklich schlafen gehe? Ein Versuch ist es doch wert oder?\u201cDr. Gilmore sah den Specialagent verwirrt an. \u201eSie wollen jetzt schlafen?\u201c, fragte sie. Er nickte die Frau im Kittel ernst an. \u201eIch wei\u00df, es klingt verr\u00fcckt und total irrational, aber ich glaube, Klara hat mir einen Hinweis gegeben. Philipp Miller ist vielleicht m\u00e4chtiger, als wir alle gedacht haben. Ich muss mit ihm Kontakt aufnehmen!\u201c\u201e\u00dcbers Schlafen?\u201c\u201eJa!\u201cEr musste wie ein Irrer r\u00fcberkommen. Dr. Gilmore sah ihn mit gro\u00dfen ungl\u00e4ubigen Augen an. Er wusste ja selbst wie verr\u00fcckt das alles klang, aber er musste es einfach ausprobieren.\u201eUnd Sie glaube, Philipp Miller wird \u00fcber ihren Traum mit Ihnen kommunizieren? Soll ich sie den in Narkose versetzten oder was?\u201cSie lachte kurz auf, doch als sie seinen ernsten Blick entgegentraf seufzte sie. \u201eIhr Ernst?\u201c\u201eJa, in meinem jetzigen Zustand kann ich sowieso nicht schlafen und eine Narkose ist doch sowas wie schlafen.\u201cSie sch\u00fcttelte den Kopf.\u201eBitte Dr. Gilmore. Ich muss das einfach versuchen. Wenn ich ehrlich sein darf, bin ich ratlos\u2026\u201cSie lehnte entschieden ab, eine gute \u00c4rztin konnte das nicht verantworten. Das war doch l\u00e4cherlich\u2026Nachdenklich lie\u00df sie Harington in ihrem B\u00fcro stehen. Er setzte sich wieder an den PC und wollte gerade anfangen zu googeln, da \u00fcberkam ihn wieder eine Idee. Klara fing an mit ihrem Haar zu spielen. Das Blut darin fing schon langsam an zu trocknen.\u201eLassen Sie mich es Ihnen demonstrieren\u2026\u201c...",
            "wordcount": "2.659",
            "chapter_release": "13.02.2023",
            "chapter_number": "4"
        }
    },
    "title": "The \"Mindbreaker\"",
    "topic": "unspecified",
    "release": "\n29.12.2022\n\t\t\t\t\t\t",
    "author": "Kia Sturm"
}