{
    "tags": [],
    "chapcount": "8",
    "wordcount": "14.647",
    "chapters": {
        "1": {
            "text": "Die T\u00fcrme erhoben sich in den klaren Nachthimmel und das Schloss warf einen gro\u00dfen Schatten auf den ungepflegten, \u00fcberwachsenen Garten. Die Schlossmauern sind verwittert und einige Bausteine sind schon rausgefallen. Das Schloss wurde von einem rostigen Eisenzaun umgeben. Um Punkt 9 Uhr wurde das gro\u00dfe Tor mit einem quietschenden Ger\u00e4usch ge\u00f6ffnet. Vier Gestalten, die alle in Schwarz gekleidet sind, gehen durch das hohe Gras. Das Licht von vier Taschenlampen durchbrach die Dunkelheit und die vier Personen bleiben direkt vor dem Schloss stehen. Einer der vier Teenager schaute nach oben. Der Junge fuhr sich mit seiner Hand durch sein kurzes blondes Haar. Er richtete seinen Blick auf einer der zerbrochenen Glasfenster. Aus seinem Augenwinkel bemerkte der Junge, dass einer seiner Begleiter sich zu ihm gestellt hat.\u201c Glaubst du, dass wir heute Nacht etwas finden werden Tommy?\u201c fragte der andere Junge. Tommy drehte sich komplett zu ihm und beobachtete seinen besten Freund. Alexander der von allem nur Alex genannt wurde, hatte seine Haare unter seiner Kapuze versteckt und nur ein paar Str\u00e4hnen seiner blau gef\u00e4rbten Frisur schaute heraus. Er schaute Tommy mit seinen aufmerksamen braunen Augen an und wartete auf eine Antwort.\u201c Du kennst schon meine Meinung zu der ganzen Sache Alex. Ich glaube nicht, dass wir hier irgendetwas paranormales finden werden. Ich bin nur hier, weil es mir Spa\u00df macht verlassene Geb\u00e4ude zu erkunden.\u201c Alex richtete seinen Blick zu dem Schloss.\u201c Ich wei\u00df, dass du nicht daran glaubst, aber stell dir mal, vor wie cool es w\u00e4re, wenn wir Beweise von einem richtigen Geist bekommen werden. Wir werden ber\u00fchmt werden und in alle Zeitungen kommen. \u201eTommy grinste als er zuh\u00f6rte wie Alex dar\u00fcber redete.\u201c Vielleicht wirst du auch von einem Geist besessen. Daraus k\u00f6nnten wir definitiv ein cooles Foto f\u00fcr die Zeitung machen.\u201c Alex verdrehte die Augen und schlug Tommy in die Schulter.\u201c Ich will eure nette Unterhaltung nicht unterbrechen, aber wenn wir heute noch irgendeinen Geist finden wollen dann sollten wir vielleicht mal in das Schloss gehen.\u201c Die beiden Jungen drehten sich in die Richtung der weiblichen am\u00fcsierten Stimme. Ihre anderen Begleiter stehen direkt vor der T\u00fcr, die schon offen ist. Die Person, die gerade gesprochen hatte, war ein M\u00e4dchen mit blonden, kurzen Haaren, die bis zu ihrem Kinn gingen. Einige Str\u00e4hnen verdeckten ihre gr\u00fcnblauen Augen. Sie stand neben einem M\u00e4dchen mit schulterlangen roten Haaren. Das rothaarige M\u00e4dchen war kleiner und hatte eine drahtige Figur. Die beiden Jungen gehen zu den M\u00e4dchen r\u00fcber.\u201c Hey Miriam, hast du die Nachtsichtkamera mitgenommen? Fragte Alex. Das M\u00e4dchen mit den blonden Haaren, die den Namen Miriam hatte, nahm einen Rucksack und holte eine gro\u00dfe schwarze Kamera heraus. Alex nickte zufrieden und wandte sich an Rose, das M\u00e4dchen mit den roten Haaren. Hast du alle Gegenst\u00e4nde f\u00fcr das Ritual mit? Rose nickte. \u201eJa ich habe alles mitgenommen. Gehen wir jetzt mal rein und sehen uns alles an?\u201c Die anderen drei nickten und sie betreten die gro\u00dfe Eingangshalle. Das Schloss sah aus als w\u00fcrde es direkt aus einem Horror Film kommen. An jeder Ecke war ein Spinnennetz und der Boden war mit einer dicken Schicht Staub bedeckt. Der rote und goldene Teppich war schon l\u00e4ngst vergilbt. Die Luft ist stickig und abgestanden. An der Wand hingen 4 Gem\u00e4lde. Eine Frau mit langen braunen Haaren und sanften braunen Augen die auf die Besucher herunter l\u00e4chelte. Sie trug ein rotes weites Kleid, das schon l\u00e4ngst aus der Mode ist. Neben ihr hing das Gem\u00e4lde eines Mannes in einem schwarzen altmodischen Anzug. Er hatte braune Haare die streng nach hinten, gek\u00e4mmt sind. Sein Blick wirkte kalt und \u00b4Gef\u00fchlslos. Die beiden Gem\u00e4lde unter ihnen waren von zwei Kinder. Ein Junge und ein M\u00e4dchen. Sie sahen beide aus als w\u00e4ren sie ungef\u00e4hr zehn oder elf Jahre alt. Das M\u00e4dchen hatte kinnlange braune Haare und ein breites L\u00e4cheln im Gesicht. Ihre Augen funkelten vor Freude und sie schien mehr die Person anzuschauen, die hinter der Kamera stand. Der Junge daneben hatte braune lockige Haare und einen \u00e4hnlichen Gesichtsausdruck wie das M\u00e4dchen. Tommy trat n\u00e4her und las sich die Namen, durch die auf kleinen vergoldeten Tafeln darunter befestigt sind. Die Frau hie\u00df Elizabeth van Sayn, der Name des Mannes war Henry und die Namen der beiden Kinder waren Luis und Eleonore. Tommy bekam ein merkw\u00fcrdiges Gef\u00fchl, w\u00e4hrend er die Gem\u00e4lde anschaute. Als w\u00fcrden die Menschen auf dem Gem\u00e4lde ihn anstarren. Tommy sch\u00fcttelte das merkw\u00fcrdige Gef\u00fchl ab und drehte sich von den Gem\u00e4lden weg. Er \u00f6ffnete eine schwere T\u00fcr, die ihn in einen gro\u00dfen Raum f\u00fchrte. An der Wand h\u00e4ngen diverse Gem\u00e4lde und ein gro\u00dfer Holztisch steht in der Mitte. Genauso wie in der Eingangshalle lag hier ein alter zerfledderter Teppich und die W\u00e4nde sind mit Spinnweben bedeckt.\u201c Das hier muss das Esszimmer gewesen sein.\u201c Tommy drehte sich um und sah Miriam, die den Raum betreten hatte. Das M\u00e4dchen mit den blonden Haaren ging in seine Richtung und schaute sich den Raum genau an.\u201c Die anderen beiden sind in einem der Schlafzimmer oben. Wenn man dem Internet glaubt, ist das der Raum wo die meisten Geister Erscheinungen, wo die meisten Geister Erscheinungen vorkommen. Gehen wir auch nach oben? Tommy nickte und die beiden Jugendlichen gehen die Treppen rauf, die mit jedem Schritt ein knarrendes Ger\u00e4usch machte. Die T\u00fcr zu dem Schlafzimmer stand weit offen. Die beiden Jugendlichen betraten den Raum. Rose stand vor dem Fenster und schaute auf die Stadt herunter. Alex hatte seinen Rucksack auf dem Boden gestellt und suchte nach etwas. Die W\u00e4nde waren einmal blau aber die Farbe ist schon l\u00e4ngst abgebl\u00e4ttert. Die einzigen M\u00f6belst\u00fccke sind ein Bett und eine Kommode.\u201c Rose Stimme durchbrach die Stille. Das soll der Raum sein, wo die Gr\u00e4fin ermordet wurde. Alex stellte seinen Rucksack neben sich und setzte sich auf den Boden. Erz\u00e4hl uns nochmal was alles passiert ist. Der Junge setzte sich auf den Teppich und winkte die anderen zu sich damit sie sich auch hinsetzten. Tommy setzte sich direkt neben ihn, sodass ihre Schultern und Beine sich ber\u00fchrten. Der blond haarige Junge bemerkte, dass Alex ihn anstarrte, aber er erwiderte seinen Blick nicht. Miriam und Rose setzten sich den beiden gegen\u00fcber. Miriam legte einen Arm \u00fcber Roses Schultern und dann fing das rot haarige M\u00e4dchen an ihnen die schreckliche Geschichte zu erz\u00e4hlen, die sich vor einer langen Zeit in diesem Schloss abgespielt \u0001 \u0002 einer langen Zeit als das Schloss noch von der Grafen Familie bewohnt wurde, betrat Elizabeth van Sayn das gro\u00dfe Schlafzimmer und schaute durch das Fenster. Sie l\u00e4chelte und strich sich mit der Hand \u00fcber den Bauch. Vor einer Woche ist ihr Baby auf die Welt gekommen. Sie hatten jetzt drei Kinder und alles war perfekt. Die T\u00fcr \u00f6ffnete sich und ein L\u00e4cheln breitet sich auf dem Gesicht der Gr\u00e4fin aus. Sie wusste das, ihr Ehemann den Raum betreten hatte. Wenig sp\u00e4ter wurde sie von hinten umarmt und eine tiefe Stimme fing an zu reden.\u201c Das Baby schl\u00e4ft jetzt gerade. Hast du dich schon f\u00fcr einen Namen entschieden?\u201c Elizabeth sch\u00fcttelte den Kopf und drehte sich um. Sie legte ihren Kopf auf die Schulter ihres Ehemannes. Ich kann mich immer noch nicht entscheiden. Es gibt so viele wundersch\u00f6ne Namen und ich wei\u00df nicht welchen Namen, ich unsere Tochter geben soll. Nun wir haben noch genug Zeit. Eleonore und Luis m\u00f6chten \u00fcbrigens einen Spaziergang in die Stadt machen. Eine Magd passt auf das Baby auf. Kommst du mit uns mit?\u201c Elisabeth nickte und gab ihren Mann noch einen Kuss, bevor sie sich f\u00fcr den Spaziergang bereitmachte. Ihr Leben war gerade perfekt, und sie konnte nicht gl\u00fccklicher sein. Am n\u00e4chsten Tag, w\u00e4hrend die Regentropfen gegen das Fenster schlugen, wurden Elizabeth und Henry von dem Geschrei eines Babys aufgeweckt. Die beiden Eltern gehen in den Raum, wo sich ihr Kind befindet. Elisabeth gab ihr Baby die Flasche und Henry k\u00fcmmerte sich um die Eleonore und Luis, die von dem Geschrei aufgeweckt wurden. Als sie das Baby wieder in die Krippe gelegt hat, rieb sie sich die Augen. Das Baby, das den Namen Amanda bekommen hat, schrie immer \u00f6fter und \u00f6fter in letzter Zeit. Ein Arzt hat sie schon untersucht und festgestellt, dass Amanda gesund ist. Sie hat keinen Grund, dass sie so oft schreit. Elizabeth und Henry wissen nicht, was sie tun sollen. Henry wird immer genervter und w\u00fctender in letzter Zeit. Elizabeth drehte sich um und ging zur\u00fcck in ihr Schlafzimmer. Sp\u00e4ter um 1:00 Mitternacht wurde sie von ihrem Sohn Luis aufgeweckt. Er fl\u00fcsterte mit einer ver\u00e4ngstigten Stimme. \u201eMama komm schnell. Irgendwas stimmt nicht mit Papa. Er hatte ein Messer in seiner Hand.\u201c Elizabeth richtete sich auf, bet\u00e4tigte den Lichtschalter und schaute in die angstvollen Augen ihres Sohnes. Sie zuckte zusammen als sie ein lautes Ger\u00e4usch h\u00f6rte. Ein komisches Gef\u00fchl formte sich in ihren Magen und sie stand auf. Elizabeth lehnte sich zu ihrem Sohn runter und fl\u00fcsterte ihm zu, dass er unbedingt leise sein muss. Die beiden verlassen den Raum und schleichen sich zu dem Kinderzimmer wo Eleonore auf ihrem Bett sitzt. Sie sieht aus als w\u00e4re sie den Tr\u00e4nen nahe und Elizabeth gab ihr eine Umarmung. Sie brachte ihre Kinder runter zu der K\u00fcche und sagte ihnen, dass sie sich in der Speisekammer verstecken sollten. Danach geht sie wieder die Treppen rauf. Mit jedem Schritt als sie n\u00e4her an Amandas Zimmer rankommt, desto schlechter wurde das Gef\u00fchl in ihren Magen. Die Zimmer T\u00fcr ist halb offen und eine unheimliche Stille breitete sich aus. Elizabeth streckte ihre zitternde Hand aus und \u00f6ffnete die T\u00fcr. Sie riss ihre Augen auf und lie\u00df einen lauten Schrei aus als sie das schreckliche Szenario vor sich sah.",
            "wordcount": "1.587",
            "chapter_release": "11.11.2020",
            "chapter_number": "1"
        },
        "2": {
            "text": "Ihr Mann stand mit vorgebeugter Haltung vor der Krippe und er hatte ein scharfes Messer in seiner Hand. Der Geruch von Blut hing in der Luft und Henry drehte sich langsam um. Als er seine Frau sah fing er an breit zu Grinsen. Seine Augen sind weit aufgerissen und sein ganzer K\u00f6rper zitterte. Elizabeth holte tief Luft und versuchte ruhig zu bleiben, als sie ihren Ehemann eine Frage stellte.\u201c Henry was hast du getan?\u201c Henry legte seinen Kopf zur Seite und hob das Messer in die H\u00f6he.\u201c Du hast mir immer erz\u00e4hlt wie sehr es dich fertig gemacht hat, dass das Baby immer noch nicht aufh\u00f6rt zu schreien , obwohl sie immer \u00e4lter wird. Deshalb habe ich, dass hier f\u00fcr dich getan. Jetzt kann sie uns nicht mehr st\u00f6ren.\u201c Elisabeth schluckte schwer und trat langsam nach vorne. Als sie in die Krippe schaute schlug sie die Hand vor dem Mund und Tr\u00e4nen schossen ihr in die Augen. \u201eWarum weinst du?\u201c fl\u00fcsterte Henry ihr zu.\u201c War das nicht was du wolltest? Ruhe und Frieden.\u201c Elizabeth K\u00f6rper spannte sich an als Henry ihr den Arm auf die Schulter legte. Seit sie des toten K\u00f6rpers ihres Babys in der Krippe gesehen hatte, ging ihr nur noch ein Gedanke durch den Kopf. Sie musste ihre Kinder schnappen und hier raus so schnell wie m\u00f6glich. Sie holte tief Luft und stie\u00df Henry mit voller Kraft von sich. Dann rannte sie aus dem Raum und so schnell wie m\u00f6glich die Treppen hin unter. Sie h\u00f6rte w\u00fctende Schreien von oben und die schweren Schritte ihres Ehemannes, der ihr folgte. Sie musste sich beeilen. Elizabeth rannte in die K\u00fcche und \u00f6ffnete die T\u00fcre zu der Vorratskammer. Eleonore und Luis sa\u00dfen ver\u00e4ngstigt in einer Ecke der Vorratskammer und starrten ihre Mutter mit gro\u00dfen Augen an. Sie ging auf ihre Knie und erz\u00e4hlte ihren Kindern, dass sie so schnell wie m\u00f6glich wegrennen mussten. Pl\u00f6tzlich h\u00f6rte sie einen lauten Schuss und ein schrilles Lachen von ihren Ehemann. Elizabeth packte ihre Kinder an den Armen und sie rannten nach drau\u00dfen. Die Schritte von Henry kommen immer n\u00e4her und n\u00e4her. Dann erklang ein lauter Pistolenschuss durch die Luft. Elisabeth erstarrte kurz in Angst und dann rannte sie weiter. Sie wusste das Henry direkt hinter ihr war, weil sie seine Schritte \u00fcber den Grasboden trommeln h\u00f6rte. Dann erklang der Schuss nochmal und Elisabeth sp\u00fcrte einen stechenden Schmerz in ihrer rechten Schulter. Henry hatte sie getroffen. Sie versuchte aufzustehen, aber dann wurde sie nochmal in den R\u00fccken geschossen. Dann h\u00f6rte sie Henrys Stimme \u00fcber ihr.\u201c Warum bist du von mir weggelaufen? Ich wollte nur helfen du dir diese Last von deinen Schultern nehmen. Wie schade, dass du meine Hilfe nicht annehmen wolltest. Schaue ruhig nach vorne Elisabeth. Genie\u00dfe den Anblick wie ich unsere Kinder umbringen werde. Elisabeths Sicht wurde immer mehr verschwommen und irgendwann wurde es dunkel. Das letzte was sie h\u00f6rte waren laute Schreie und zwei Sch\u00fcsse, die durch die Luft schallten. Rose schaute in die gespannten Gesichter ihrer Freunde und erz\u00e4hlte den Rest der Geschichte. Nachdem er seine Ehefrau umgebracht hatte erschoss Henry seine beiden Kinder. Luis starb kurz vor dem Eisentor und Elenore wurde ungef\u00e4hr f\u00fcnf Meter sp\u00e4ter gefunden. Danach ging Henry zur\u00fcck in das Schlafzimmer und erh\u00e4ngte sich. Vorher klebte eine Notiz auf die T\u00fcre, wo er in gro\u00dfen Buchstaben aufgeschrieben hat: Es tut mir leid. Sie haben mich dazu gezwungen. Seitdem sagt man, dass das Schloss verflucht ist. Hier sollen sich T\u00fcren von selbst bewegen, Ger\u00e4usche von Pistolen sind immer in der Nacht zu h\u00f6ren. Wenn man den Raum betritt wo das Baby gestorben ist soll man das Baby schreien h\u00f6ren.\u201c Rose grinste und dann schrie sie pl\u00f6tzlich auf. Ihre Freunde zuckten zusammen und Rose fing an laut zu lachen.\u201c Verdammt nochmal Rose irgendwann werde ich an einen Herzinfarkt sterben und es wird deine schuld sein.\u201c Sagte Alex der seine Hand auf sein Herz gelegt hatte. Rose lachte laut. Schon langsam solltet ihr euch daran gew\u00f6hnen, dass ich euch eschrecken werde.\u201c Miriam sch\u00fcttelte nur ihren Kopf und Tommy grinste. \u201eIch werde mich nie daran gew\u00f6hnen. Er richtete sich auf und streckte sich. Okay wollen wir uns zuerst das ganze Schloss ansehen oder das Ritual machen?\u201c Ich will das Schloss zuerst sehen. Das Zimmer mit der Krippe wo das Baby geschlafen hat interessiert mich am meisten.\u201c Sagte Alex w\u00e4hrend er aufstand. Die anderen stimmten zu. Die Gruppe verl\u00e4sst den Raum und da sie sich aufteilen werden machten sie sich aus sich in zwei Stunden wieder zu treffen. Alex ging ein paar R\u00e4ume weiter, bis er vor dem Zimmer stand wo die Trag\u00f6die anfing. Er \u00fcberlegte wie Elisabeth sich gef\u00fchlt haben muss als sie vor dieser T\u00fcr stand. War sie ver\u00e4ngstigt, nerv\u00f6s oder panisch. Hatte sie einen Verdacht was passiert ist oder war sie ahnungslos. Alex \u00f6ffnete die T\u00fcr und betrat den Raum. Der Boden knarrte unter seine Schuhe. Niemand hatte die M\u00f6beln des Schlosses herausger\u00e4umt und deshalb stand die Krippe immer noch in der Mitte des Raumes. Die Luft in den Raum war kalt und Staubk\u00f6rner schwebten durch die Luft. Alex schaute sich die Krippe genauer an. Die Bettw\u00e4sche war zerfleddert und die hellblaue Farbe war gerade noch zu erkennen. Alex ging durch den Raum und sch\u00fctzte sich die Kommode an. Die Kommode sah sehr altmodisch aus und war mit Schlangenmuster verziert. Er strich sich durch seine blauen Haare was er immer machte, wenn er nachdachte. Er fragte sich, warum jemand ein eigener Raum f\u00fcr ein Baby machte. Man k\u00f6nnte es einfach im Schlafzimmer seiner Eltern lassen, aber was auch immer. Alex h\u00f6rte Schritte hinter sich und drehte sich um, aber niemand war in dem Raum. Er schaute sich um und h\u00f6rte immer noch Fu\u00dfschritte. Dann stoppten die Schritte pl\u00f6tzlich und die Krippe fing an zu schaukeln. Dann f\u00fcllte das Lachen eines Babys des Raumes. Alex wollte den Raum verlassen aber seine F\u00fc\u00dfe wollten sich nicht von der Stelle bewegen. Das Lachen wurde immer lauter und lauter. Dann nach f\u00fcnf Minuten h\u00f6rte es pl\u00f6tzlich auf, aber die Stille hielt nicht zu lange an. Eine tiefe Stimme fing an zu reden.\u201c Es tut mir so leid. Ich will das nicht. Sie zwingen mich dazu. Es tut mir so leid.\u201c Das Geschrei eines Babys war zu h\u00f6ren, aber auch das stoppte nach ein paar Minuten. Alex f\u00fchlte einen hei\u00dfen Atem gegen seine Haut und dieselbe tiefe Stimme fl\u00fcsterte in seinen Ohren.\u201c Renn\u201c. Alex konnte seine F\u00fc\u00dfe wieder bewegen und verlie\u00df den Raum. Er schlug die T\u00fcre zu und suchte nach seinen Freunden. W\u00e4hrend Alex durch das riesige Schloss rannte befand Tommy sich in dem Kinderzimmer, wo Eleonore und Luis gelebt hatten. Seit er in dem Raum stand f\u00fchlte er sich merkw\u00fcrdigerweise beobachtet, obwohl sich niemand im Raum befand. Er schaute sich ein paar schwarz-wei\u00df Fotos an, die an der Wand h\u00e4ngen. Viele davon waren Familienfotos und einige davon zeigten den gro\u00dfen Schlossgarten der damals noch nicht so \u00fcberwachsen. Wundersch\u00f6ne Blumen bl\u00fchten und der Garten war ordentlich gem\u00e4ht. Ein bestimmtes Bild zog seine Aufmerksamkeit an. Es war ein Foto von zwei kleinen Kindern. Sie strahlten in die Kamera und der Junge der Luis sein musste hatte seinen Arm um die Schultern seiner Schwester gelegt. Ein schlechtes Gewissen stieg in seinen Magen auf als er das Foto betrachtete. Sie waren viel zu jung gestorben. Manchmal fragte er sich was den beiden durch den Kopf ging kurz bevor sie umgebracht wurden. Vielleicht wollten sie es nicht glauben, dass ihr Vater Ihnen etwas B\u00f6ses wollte. Vielleicht haben sie ihn angefleht, dass er sie am Leben lassen soll, aber er hatte ihnen nicht zugeh\u00f6rt. Tommy sch\u00fcttelte seinen Kopf, um die Gedanken wieder loszuwerden. Er hatte immer das Gef\u00fchl, das er beobachtet wurde. Dann f\u00fchlte er wie jemand an seinen T- Shirt zog und er schaute nach unten. Es war kein Fenster offen und er hatte sich auch nirgends mit seinem T-Shirt verh\u00e4ngt. Dann wurde nochmal an seinen T- Shirt gezogen nur dieses Mal l\u00e4nger als vorher. Als w\u00fcrde jemand ihm etwas zeigen wollen. Er lie\u00df sich von der unbekannten Kraft mitziehen solange bis er direkt vor dem Nachttisch steht. Darauf liegt ein kleines dunkelrotes Buch, wo der Name Eleonore draufgeschrieben stand. Direkt unter dem Namen stand das Wort Tagebuch. Tommy starrte in Erstaunen wie sich das Tagebuch von selbst \u00f6ffnete und auf einer bestimmten Seite stoppte. Tommy streckte seine Hand aus und fing an zu \u0001 \u0002 Vater benimmt sich immer komischer und komischer. Ich habe ihn gesehen, wie er mal in einer Ecke stand und einfach in die Ferne schaute. Mit einen leeren blick und einen gef\u00fchlslosen Gesichtsausdruck. Meine Mutter und Luis haben glaube noch nicht mitgekriegt, dass irgendwas mit ihm nicht stimmt. Eines Tages ging ich an ihm vorbei als er im Badezimmer stand, in den Spiegel schaute und wirres Zeug mit sich selbst redete. Er flehte irgendjemand an, dass sie ihn in Ruhe lassen sollen, obwohl niemand mit im in dem Raum war. Er klang ver\u00e4ngstigt und sagte auch dass er das nicht tun kann und nicht tun will. Ich habe Angst und bekomme immer mehr das Gef\u00fchl, das etwas passieren wird. Aber ich glaube, dass nicht gutes passieren wird. Ich kann nur hoffen das es unseren Vater wieder besser gehen \u0001 \u0002 Tommy den kurzen Absatz fertig gelesen hatte legte er das Tagebuch wieder zur\u00fcck und ihm fiel auf das die Luft eiskalt geworden ist und ein Schauder fuhr ihm \u00fcber den R\u00fccken. Die H\u00e4rchen auf seinen Armen stellten sich auf und er verlie\u00df den Raum. Miriam und Rose waren am anderen Ende des Schlosses und standen vor der T\u00fcr, die in den Keller des Schlosses hinunterf\u00fchrte.\u201c Bist du dir sicher, dass wir das tun sollen?\u201c Miriam nickte und griff nach der Hand ihrer besten Freundin.\u201c Nat\u00fcrlich. Es sieht sicher cool aus und was soll uns schon passieren. \u201eMit diesen Worten \u00f6ffnete sie die T\u00fcre und die beiden M\u00e4dchen gingen vorsichtig die Treppe runter. Rose taste mit ihrer anderen Hand die Wand ab, bis sie einen Lichtschalter fand, den sie bet\u00e4tigte. Die beiden M\u00e4dchen fingen an sich umzusehen. Miriam ging au die Knie und \u00f6ffnete einen Karton der voll war mit Kuscheltier und Spielzeuge. Sie nahm pinken Stoffhase mit braunen Knopfaugen in die Hand. Einer seiner Ohren war kaputt und man konnte die wei\u00dfe Wolle sehen. Sie setzte den Hasen auf den Boden und als n\u00e4chstes nahm sie ein Porzellan puppe in die Hand. Sie trug ein rot wei\u00dfes Kleid und hatte blaue Augen.\u201c Hey Miri, schau dir das mal an. Ich habe so ein komisches altes Videotape gefunden.\u201c Miriam richtete sich auf und ging zu Rose r\u00fcber die vor einen alten Fernseher stand und ein schwarzes kleines Videotape in der Hand.\u201c Mein Vater hat solche Dinger noch in seinem Schlafzimmer herumliegen. Er hat mir mal erkl\u00e4rt, wie sie funktionieren. Sollen wir es uns ansehen?\u201c Miriam zuckte leicht mit den Schultern und nickte dann.\u201c Klar warum nicht.\u201c Rose kniete sich vor den Fernseher hin und zu ihrem Gl\u00fcck er funktionierte immer noch. Das Bild war von schlechter Qualit\u00e4t und flackerte, aber trotzdem konnte man das Bild von einen Mann sehen.\u201c Dass muss Henry sein\u201c Murmelte Rose vor sich hin. Miriam setzte sich auch auf den Boden und die beiden konzentrierten sich auf den Ton der schwer zu verstehen ist. Die Stimme des Mannes klang zittrig und ver\u00e4ngstigt.\u201c Ich muss das hier aufnehmen. Ich brauche ein Beweis, dass ich nicht wahnsinnig bin. Irgendwas ist falsch mit mir. Ich h\u00f6re Stimmen in meinen Kopf. Sie zwingen mich dazu, dass ich schlimme Sachen tue. Sie wollen, dass ich morde. Am Anfang waren es nur Tiere und ich konnte es noch von meiner Familie geheim halten. Aber dass ist ihnen nicht mehr genug. Sie wollen, dass ich meine Familie t\u00f6te. Sie wollen, dass ich mein Baby t\u00f6te. Ich wei\u00df nicht mehr was ich tun soll. Ich kann sie nicht immer zur\u00fcckhalten.\u201c Eine Stimme war im Hintergrund zu h\u00f6ren und Henry drehte sich um.\u201c Ich muss jetzt los. Alles was ich nur noch tun kann ist hoffen, dass die Stimmen von selber weggehen.\u201c Mit diesen Worten griff er nach dem Fernseher und dann wurde das Bild dunkel. Miriam und Rose sa\u00dfen geschockt da, aber bevor sie etwas sagen k\u00f6nnen, h\u00f6rten sie die lauten Schreie ihre Freunde die verzweifelt ihre Namen rufen. Die beiden M\u00e4dchen schauten sich kurz an und sprangen dann auf. Sie rannten so schnell wie m\u00f6glich nach oben zu ihren Freunden, um zu sehen was passiert ist. Miriam griff nach der T\u00fcrklinke und versuchte es zu \u00f6ffnen. Ihr Gesicht wurde blass als sie die T\u00fcr pl\u00f6tzlich nicht mehr aufbekam.",
            "wordcount": "2.155",
            "chapter_release": "14.12.2020",
            "chapter_number": "2"
        },
        "3": {
            "text": "Als Tommy das Kinderzimmer verlie\u00df und immer noch den Ereignissen nachhing, die gerade passiert sind, h\u00f6rte er pl\u00f6tzlich die lauten Schreie von Alex. Ein paar Sekunden sp\u00e4ter rannte der blauhaarige Junge auf ihn zu.\u201c Tommy ich bin so froh, dass es dir gut geht. Ich war gerade in dem Zimmer wo das Baby gestorben ist und es sind schreckliche Sachen da passiert.\u201c Alex zitterte am ganzen K\u00f6rper. Sein Atem ging schnell und unregelm\u00e4\u00dfig.\u201c Okay ganz ruhig. Alex h\u00f6re auf meine Stimme.\u201c Tommy zog Alex an sich und umarmte ihn solange bis er sich wieder beruhigte. Dann lie\u00df er ihn wieder los.\u201c Was ist passiert?\u201c Alex sch\u00fcttelte den Kopf. Ich will es erst erz\u00e4hlen, wenn die M\u00e4dchen dabei sind. Ich glaube nicht, dass ich die ganze Geschichte zweimal erz\u00e4hlen kann.\u201c Tommy nickte und wollte schon fast nach der Hand seines besten Freundes greifen, aber dann \u00e4nderte er seine Meinung und griff ihn am \u00c4rmel, um ihn mit sich zu ziehen\u201c Okay suchen wir die beiden.\u201c Miriam r\u00fcttelte verzweifelt an der T\u00fcr. \u201eVerdammt die T\u00fcr \u00f6ffnet sich nicht. Was machen wir jetzt?\u201cRose wollte schon etwas sagen, aber dann h\u00f6rten sie Alex und Tommy die laut ihrer Namen riefen. Die M\u00e4dchen h\u00f6rten wie die Schritte der Jungs n\u00e4herkommen und entschieden sich dann so laut an die T\u00fcr zu h\u00e4mmern wie m\u00f6glich. Zu ihrem Gl\u00fcck funktionierte der Plan und wenig sp\u00e4ter die T\u00fcr wurde von der anderen Seite aufgerissen. Die M\u00e4dchen stolperten fast nach drau\u00dfen und Tommy schloss die T\u00fcre. \u201eLeute wir m\u00fcssen hier raus. Vergessen wir das Ritual. Irgendwas stimmt mit diesem Haus nicht.\u201cSagte Alex. Seine Stimme klang immer noch panisch.\u201c Okay gehen wir raus und dann erz\u00e4hlen wir uns alles was passiert ist.\u201c Die anderen stimmten ihnen zu und alle vier Jugendliche machten sich auf den Weg nach drau\u00dfen. Alex atmete erleichtert auf als die kalte Nachtluft sein Gesicht ber\u00fchrte. Miriam \u00f6ffnete das Eisentor und sie setzten sich auf eine Bank. Tommy r\u00e4usperte sich.\u201c Okay soll ich angefangen?\u201c Als alle anderen nickten fing er an zu erz\u00e4hlen. Als er fertig war redete Tommy weiter mit einer zittrigen Stimme. Zum Schluss erz\u00e4hlten Miriam und Rose abwechselnd was sie gemacht haben. Dann schweigen alle vier f\u00fcr f\u00fcnf Minuten und Alex schaute den Sternenhimmel an. Er bemerkte, dass Tommy einen Arm um seine Schultern legte und er lehnte sich gegen seinen besten Freund. Alex ignorierte das Gef\u00fchl, dass sich in seiner Brust ausbreitet und stellte die Frage, die allen im Kopf herumlief.\u201c Sollen wir das Ritual machen?\u201c Rose sch\u00fcttelte den Kopf.\u201c Es sind gerade sehr komische Sachen passiert und wir sollten uns ein bisschen Zeit lassen. Ich habe eine Idee.\u201c Schlug Miriam vor.\u201c Wir werden n\u00e4chstes Mal, wenn es Tag ist zur\u00fcckkommen und auch die ganze Zeit Zusammenbleiben. Dann k\u00f6nnen wir das Ritual machen. Vielleicht sind die Geister am Tag weniger aggressiv. Wir sind alle m\u00fcde also schlafen wir dr\u00fcber.\u201c Die anderen stimmten zu und machten sich auf den Weg zur\u00fcck. Die vier Jugendlichen gingen schweigend den Berg hinunter und verabschiedeten sich voneinander. Alex umarmte alle drei und ignorierte den Fakt, dass seine Umarmung mit Tommy l\u00e4nger andauerte als normal. Alex ging die Stra\u00dfe entlang, vorbei an die ganzen gro\u00dfen H\u00e4user mit sauberen gepflegten G\u00e4rten. Er fing wieder an \u00fcber Geister zu denken und sch\u00fcttelte die Gedanken wieder ab. Er konzentrierte sich auf die Steine, die unter seinen F\u00fc\u00dfen knirschen und schaute sich die G\u00e4rten an. Irgendwie sieht alles hier gleich aus. Die H\u00e4user und die G\u00e4rten. Oder vielleicht bin ich hier einfach zu lange und alles wird langweiliger.\u201c Dachte Alex. Hoffentlich wird alles besser, wenn ich die Hauptschule beendet und zum College gehe. Wenn die anderen drei auch f\u00fcr dasselbe College angenommen werden dann wird noch alles besser. Ich muss nur noch die Sommerferien und das restliche Jahr \u00fcberleben, dann kann ich hier raus. Alex war so in Gedanken versunken das er fast an sein eigenes Haus vorbeigelaufen w\u00e4re. Alex nahm den Schl\u00fcssel und sperrte die Haust\u00fcre auf. In Gegensatz zu den anderen musste er sich nie Sorgen machen, dass seine Mutter in h\u00f6rte, Sie arbeitet als \u00c4rztin und hatte lange Arbeitszeiten. Immer wenn sie nach hause kommt war sie m\u00fcde und ersch\u00f6pft. Sie ging fr\u00fch schlafen du h\u00f6rte es nicht, wenn Alex zu sp\u00e4t heimkommt. Alex ging die Treppen nach oben in sein Zimmer und stellte seinen Rucksack in sein Zimmer. Er zog sich um und legte sich ins Bett. In den Moment als sein Kopf, dass Kissen ber\u00fchrte fiel er in einen traumlosen, unruhigen Schlaf. Alex wurde am n\u00e4chsten Tag von seinem Handy aufgeweckt. Er richtete sich auf und rieb sich die Augen, bevor er nach dem Handy griff. Rose hatte eine Nachricht in ihre Gruppe geschickt, wo sie nachfragen, ob wir uns alle heute um 11 Uhr bei unserem Versteck treffen werden. Alex schickte eine Antwort zur\u00fcck, dass er da sein wird und ging dann runter in die K\u00fcche. Im Haus war es komplett still was darauf hindeutete, dass seine Mutter schon wieder weg war. Alex machte sich Kaffee und lehnte sich gegen die wei\u00dfe K\u00fcchenfl\u00e4che. Miriam hatte in die Gruppe geschrieben, dass sie f\u00fcr uns alle Pizza mitnehmen wird und deshalb l\u00e4sst er das Fr\u00fchst\u00fcck weg. Alex trank seinen Kaffee aus und stellte die Tasse in die Sp\u00fcle. Danach ging er duschen, zog sich um und ging in die Richtung des \u00fcblichen Treffpunkts. Der Treffpunkt war eine H\u00fctte, die mal von J\u00e4gern benutzt wurde. Seit einem Jahr wurde sie von den J\u00e4gern nicht mehr benutzt und seither treffen sich die vier Freunde dort. Alex ging durch den Wald, bis er vor der Blockh\u00fctte stand. Der Junge \u00f6ffnete die T\u00fcre und betrat den Raum. Der Geruch von Pizza stieg ihm in die Nase und seine Freunde sa\u00dfen bereits um den Tisch.\u201c Hallo Schlafm\u00fctze.\u201c Begr\u00fc\u00dfte Tommy ihn, w\u00e4hrend Alex jeden von ihnen mit Handschlag begr\u00fc\u00dfte. Danach lie\u00df er sich neben Tommy nieder und grinste ihn an.\u201c Ich w\u00fcrde mich geehrt f\u00fchlen an eurer Stelle. Normalerweise w\u00fcrde ich noch l\u00e4nger schlafen, aber weil ich ja so nett bin habe ich mich dazu entschieden fr\u00fcher aufzustehen.\u201c Tommy lachte nur. Miriam verdrehte ihre Augen und Rose grinste.\u201c Jaja wir f\u00fchlen uns sehr geehrt. Jetzt iss deine Pizza, bevor sie kalt wird.\u201c Alex schenkte ihr ein breites L\u00e4cheln und nahm sich ein St\u00fcck seiner Pizza. Okay ich glaube wir sollten uns alles erz\u00e4hlen was gestern passiert ist.\u201c Tommy f\u00e4ngst du an?\u201c Der dunkelhaarige Junge nickte und erz\u00e4hlte alles was gestern passiert ist. Rose erz\u00e4hlte dann was ihr und Miriam passiert ist. Zum Schluss gab Alex seine Erfahrungen weiter. Ihm fuhr immer noch ein Schauder \u00fcber den R\u00fccken als er an die gestrigen Erlebnisse dachte. Die Schreie des ver\u00e4ngstigten Babys hallten immer noch in seinen Kopf wider. Er sch\u00fcttelte die Gedanken ab und konzentrierte sich auf die Gespr\u00e4che der anderen drei. Also das hei\u00dft wohl die Geister existieren.\u201c Murmelte Tommy vor sich hin.\u201c Rose schaute zu ihm r\u00fcber.\u201c Du nimmst das ganze besser auf als ich es erwartet habe. Ja ich habe gestern nochmal dar\u00fcber nachgedacht und bin irgendwie damit klargekommen, dass sie wohl existieren.\u201c Eine Stille bereitete sich in dem Raum aus als alle \u00fcber das Schloss und seine tragische Vergangenheit. Dann redete Tommy weiter.\u201c Also wenn ich so dr\u00fcber nachdenke dann sieht es aus als w\u00fcrde der Vater keine Schuld tragen. Ich meine das Video und der Eintrag in dem Tagebuch deuten darauf hin, dass er irgendwelche Probleme hatte, die zu dem ganzen Vorfall f\u00fchrte.\u201c Miriam nickte zustimmend.\u201c Er hatte wahrscheinlich irgendeine psychische Erkrankung. Wenn man \u00fcber den Fakt nachdenkt, dass er Stimmen geh\u00f6rt hat, k\u00f6nnte es auf Schizophrenie zur\u00fcckf\u00fchren sein. Aber es gibt nat\u00fcrlich sehr viele psychische Krankheiten, die dazu f\u00fchren k\u00f6nnen. Dass ist keine Berechtigung daf\u00fcr was er getan hat, aber es gibt immerhin einen Grund daf\u00fcr. Ich verstehe nicht ganz was das in dem Zimmer mit der Krippe sein sollte. Alles was diese Stimme zu mir gesagt hat ist, dass ich mich verziehen soll.\u201c Sagte Alex.\u201c Es k\u00f6nnte sein das es eine Warnung war oder dass diese Geister nicht so gl\u00fccklich waren mit unserem Besuch.\u201c Redete Rose weiter.\u201c Aber das macht keinen Sinn denn sonst h\u00e4tten sie uns gleich verjagt und sie h\u00e4tten Tommy nicht den Tagebuch Eintrag gezeigt.\u201c Miriam verzog ihr Gesicht.\u201c Kann es sein, dass die Familie nicht die einzigen Geister dort sind? Vielleicht ist da noch irgendetwas dort und diese Gestalt war diejenige die mit Alex gesprochen hat. Die Frage ist, ob wir nochmal zu diesem Ort gehen. Was denkt ihr?\u201c Ich glaube wir sollten wieder hingehen und das mit dem Ritual probieren.\u201c Sagte Tommy.\u201c Ja ich finde auch dass wir hingehen sollen.\u201c stimmte Rose zu und Miriam nickte.\u201c Was ist mit dir Alex.\u201c Der blauhaarige Junge schaute von seinen leeren Pizzakarton auf.\u201c Ich bin mir nicht sicher. Auch wenn sich das jetzt bescheuert anh\u00f6rt, aber das mit dem Baby hat mich ziemlich fertig gemacht.\u201c Tommy legte ihn einen Arm um die Schulter und zog ihn n\u00e4her zu sich. Miriam setzte sich n\u00e4her zu ihm und lehnte sich gegen seine Schultern. Rose nahm seine Hand in ihre und fing an zu reden.\u201c Es ist nicht bescheuert, dass du Angst hast. Wenn wir da nochmal hingehen dann bleiben wir zusammen. Wir machen das Ritual in der gro\u00dfen Halle damit wir in der N\u00e4he der T\u00fcre sind. Wenn irgendwas passiert dann verlassen wir das Schloss sofort und gehen nie wieder zur\u00fcck.\u201c Alex dachte kurz dar\u00fcber nach und nickte dann.\u201c Okay machen wir das. Wann wollt ihr hingehen? Lass uns sofort hingehen. Dann k\u00f6nnen wir es schnell hinter uns bringen.\u201c Schlug Tommy vor.\u201c Es ist immer noch tag und wir haben genug Zeit, bis es dunkel wird. Die anderen nickten und richten sich auf. Tommy r\u00e4umte die leeren Pizzakartons weg, w\u00e4hrend die anderen alles bereit machten. Nach 10 Minuten verlassen alle das Haus und gehen direkt durch die Stadt, bis sie bei dem H\u00fcgel angekommen sind. Das Schloss sah nicht weniger bedrohlicher aus am Tag. Tommy wurde mit einem unguten Gef\u00fchl erf\u00fcllt, aber er ignoriert es. Die vier gingen nach oben und Rose \u00f6ffnete das Eisentor. Rose packte alles aus als sie in der gro\u00dfen Halle standen. Sie legte das viereckige Brett auf den Boden und legte das Holzplanchet darauf. Die Jugendlichen setzten sich im Kreis und legten ihre H\u00e4nde auf das Planchet. Rose r\u00e4usperte sich und fing mit dem Ritual an.\u201c Ist ein Geist in diesem Raum, der mit uns kommunizieren m\u00f6chte?\u201c hallte ihre Stimme laut und klar durch die Halle. Alle starrten gebannt auf das Board und nach ungef\u00e4hr f\u00fcnf Minuten bewegte sich das Planchet langsam auf Ja. Tommy hielt in seiner Spannung den Atem an. Rose stellte die n\u00e4chste Frage.\u201c Wer bist du? Die jugendlichen starrten das das Planchet an, w\u00e4hrend sich das Holzteil bewegte. Zuerst auf H dann auf E und danach folgten N, R und Y. Miriam schaute die anderen mit aufgerissenen Augen an.\u201c Es ist der Ehemann. Sollen wir ihn fragen, warum er seine Familie umgebracht hat?\u201c Rose nickte und stellte die Frage mit einer sehr nerv\u00f6sen Stimme.\u201c Warum hast du deine Familie umgebracht?\u201c Nach 7 Minuten bewegte sich das Planchet wieder.\u201c Er hat mich dazu gezwungen. Wer hat dich dazu gezwungen?\u201c Fragte Rose. Die vier jugendlichen warteten gespannt auf die Antwort, aber pl\u00f6tzlich schwebte das Planchet durch die Luft und flog dann durch die Luft und blieb ungef\u00e4hr zwei Meter weiter am Boden liegen. Die Jugendliche starrte das Teil an und dann sprang Alex auf.\u201c Okaygenug jetzt. Packen wir das Zeug ein und gehen wir.\u201c Die andere standen ebenfalls auf, packten wieder alles ein und verlie\u00dfen das Schloss so schnell wie m\u00f6glich. Tommy schlug die T\u00fcr zu und keiner sagte ein Wort, bis sie wieder in der vertrauten Blockh\u00fctte waren. Miriam, Rose und Tommy lie\u00dfen sich auf der Couch nieder w\u00e4hrend Alex hin und her ging.\u201c Alex.\u201c Sagte Tommy.\u201c Setz dich hin. Du machst dich nur noch selbst nerv\u00f6s.\u201c Alex seufzte nur und setzte sich hin.\u201c Wie k\u00f6nnt ihr nur so ruhig bleiben. Ich meine ein Geist hat gerade mit uns gesprochen. Ich kann es auch nicht glauben.\u201c F\u00fcgte Miriam hinzu.\u201c Was glaubt ihr hat Henry gemeint mit\u201c er hat uns dazu gezwungen.\u201c? Rose sch\u00fcttelte den Kopf.\u201c Ich habe absolut keine Ahnung. Wo sind wir da nur reingeraten.\u201c Tommy rieb sich sein Gesicht und g\u00e4hnte. Er schaute zu Alex r\u00fcber der ziemlich angespannt aussah. Er sollte sich etwas einfallen lassen um ihn wieder etwas zu beruhigen. Er grinste als er eine Idee bekam.\u201c Hey Leute wie w\u00e4re es wenn wir einfach mal das ganze Thema vergessen. Wir k\u00f6nnen zu mir gehen und den Film anschauen denn ich mir vorherige Woche gekauft habe. Meine Eltern haben sowieso nichts dagegen wenn ich euch einlade.\u201c Miriam nickte.\u201c Das klingt nach einer guten Idee. Ich bin dabei.\u201c Rose stimmte auch zu.\u201c Ja das klingt gut. Ich schreibe schnell meine Vater dass ich bei euch bin. Falls er sich \u00fcberhaupt daf\u00fcr interessiert.\u201c Den letzten Satz murmelte sie damit die anderen sie nicht h\u00f6ren k\u00f6nnen.\u201c Alex stimmte auch zu und half den anderen beim einpacken. Als alles fertig war verlie\u00dfen sie alle gemeinsam die H\u00fctte und machten sich auf den Weg zur Tommys Haus. Keiner unterhielt sich mit den anderen weil alle immer noch den Ereignissen nachhingen die in dem Schloss passiert sind.",
            "wordcount": "2.205",
            "chapter_release": "03.01.2021",
            "chapter_number": "3"
        },
        "4": {
            "text": "Miriam \u00f6ffnete ihre Augen und richtete sich auf. Sie g\u00e4hnte und schaute sich in Tommys Zimmer um. Nachdem sie gestern den Film fertig geschaut haben war es schon 10 Uhr, also \u00fcbernachteten die drei in seinem Zimmer. Rose lag neben ihr auf der hellblauen Couch und hatte die Decke fast \u00fcber ihren Kopf gezogen. Das M\u00e4dchen schaute sich das gro\u00dfe B\u00fccherregal an, das auf der anderen Seite stand. Tommy liebte es Thriller zu lesen. Neben dem Regal war ein Glaskasten mit DVDs. An einer Ecke stand ein Schreibtisch, auf den sich B\u00fccher und Hefte t\u00fcrmten. Ein Laptop stand in der Mitte. Irgendwo drau\u00dfen konnte sie das Zwitschern der V\u00f6gel h\u00f6ren. Rose fing an sich zu r\u00fchren und wurde langsam wach. Sie g\u00e4hnte und richtete sich auf.\u201c Guten Morgen Miri. Guten Morgen. Willst du schon runtergehen und Fr\u00fchst\u00fcck machen? Miriam nickte und die beiden M\u00e4dchen zogen sich um. Dann gehen die beiden die Treppe runter und betreten die K\u00fcche. Der Boden waren aus Linoleum und die Arbeitsfl\u00e4chen waren schwarz. Die ganze K\u00fcche war sauber und gepflegte Pflanzen standen auf dem Fensterbrett. Miriam holte sich Toast und Marmelade aus einem Schrank w\u00e4hrend Rose die Butter, Wurst, K\u00e4se und Milch aus dem K\u00fchlschrank holte. Als sie f\u00fcr alle 2 Toasts hergerichtet haben machte Miriam f\u00fcr alle etwas zu trinken. Dann setzten sich die M\u00e4dchen an den Tisch und Rose stellte eine Frage.\u201c Hey, hast du heute in der Nacht etwas geh\u00f6rt?\u201c Miriam sch\u00fcttelte den Kopf.\u201c Was hast du geh\u00f6rt?\u201c Also ich bin um Mitternacht aufgewacht, weil ich zur Toilette m\u00fcsste. Als ich dann das Badezimmer betreten haben, um mir die H\u00e4nde zu waschen h\u00f6rte ich Schritte und drehte mich um. Aber auf dem Gang war niemand. Ich habe eure Namen gerufen aber bekam keine Antwort. Dann sah ich einen Schatten an der Wand der aussah wie der von einem erwachsenen Mann. Aber niemand war da und dann bin ich nerv\u00f6s geworden und in das Zimmer zur\u00fcckgegangen. Ihr habe mich hingelegt und die restliche Nacht habe ich nichts geh\u00f6rt.\u201c Miriam wolle etwas darauf antworten, aber dann betraten Alex und Tommy die K\u00fcche. Sie w\u00fcnschten den M\u00e4dchen guten Morgen und setzten sich an den Tisch. Als die beiden Jungs mit dem Essen fertig waren, erz\u00e4hlte Rose den beiden dieselbe Geschichte. Alex und Tommy haben auch nichts geh\u00f6rt.\u201c Wir sollten raufgehen und nachschauen, ob wir irgendwas finden.\u201c Sagte Alex, w\u00e4hrend sie das Geschirr wegr\u00e4umen und alles sauber machten. Die anderen drei stimmten ihm zu und sie gingen nach oben. Im Gang sah alles normal aus, also betraten die Jugendlichen das Badezimmer und Miriam die als erstes hineinging schrie erschrocken auf. Auf dem Spiegel war ein blutiger verschmierter Handabdruck. Dar\u00fcber stand das Wort \u201eHILFE\u201c ebenfalls mit Blut geschrieben. Das Blut tropfte auf den Boden und bildete eine Pf\u00fctze. Die vier Freunde standen bewegungslos in dem Eingang des Badezimmers.\u201c Leute ich werde nerv\u00f6s. Warum passiert das alles? Warum ausgerechnet bei uns.\u201c fing Miriam an zu reden. Ihre Stimme klang leise und ver\u00e4ngstigt.\u201c Tommy antwortete mit einem zittrigen Ton.\u201c Normalerweise w\u00fcrde ich das nicht glauben, aber ich bekomme das Gef\u00fchl es hat irgendwas mit den Geistern zu tun hat. Ich kann es immer noch nicht glauben, aber unsere Erfahrungen in letzter Zeit haben bewiesen, dass Geister existieren.\u201c Rose starrte immer noch die Pf\u00fctze an und drehte sich dann zu den anderen drei um. Ich glaube es hat irgendwas mit dem Ritual zu tun dass wir in dem Schloss gemacht haben.\u201c Laut den offiziellen Regeln muss man sich verabschieden, bevor man damit aufh\u00f6rt.\u201c Alex f\u00fchlte ein ungutes Gef\u00fchl in seinen Magen aufsteigen.\u201c Verdammt wir haben die Regel gebrochen, weil wir zu schnell weggelaufen sind. Wir h\u00e4tten niemals zur\u00fcckgehen sollen.\u201c Tommy legte seinen Freund einen Arm auf die Schulter und zog ihn in die Arme. Auch Miriam und Rose legten ihre H\u00e4nde auf die Schultern ihres Freundes und f\u00fcr einen Moment h\u00f6rten man nur das Ger\u00e4usch der Blutstropfen, die auf dem Boden trafen. Als sich alle wieder beruhigt haben l\u00f6ste sich Tommy aus der Umarmung.\u201c Okay wir sollten hier sauber machen und dann reden wir dar\u00fcber was wir tun sollen. Ich habe das Gef\u00fchl, wenn nicht schnell etwas unternehmen wird etwas Schlimmes passieren. Die anderen nickten und sie machten sich daran, dass Blut von dem Spiegel und den Boden wegzuwischen.\u201c Wollen wir einen Spaziergang machen? Wir k\u00f6nnen zu dem Teich in den Wald gehen und uns etwas zu Essen mitnehmen. Dann k\u00f6nnen wir wieder klare Gedanken sammeln und uns auf das alles konzentrieren. Das klingt nach einer guten Idee. Etwas Entspannung k\u00f6nnen wir alle brauchen.\u201c Stimmte Miriam ihr zu. Rose hilfst du mir dabei uns ein paar Sandwiches zu machen? Rose nickte und dann wandte sich Miriam an die beiden Jungs.\u201c K\u00f6nnt ihr uns schnell ein paar Getr\u00e4nke und S\u00fc\u00dfigkeiten kaufen. Wir treffen uns dann wieder hier und gehen dann gemeinsam zu dem Teich. Klingt nach einem Plan?\u201c Die beiden Jungs stimmten ihr zu und verlie\u00dfen wenig sp\u00e4ter mit Rucksack und Geldtasche das Haus. Miriam und Rose gingen in die K\u00fcche und fingen an alles vorzubereiten. \u00b4Miriam bemerkte das Roses H\u00e4nde immer noch zitterten und auch sie selbst musste versuchen ruhig zu bleiben. Die vergangenen Ereignisse machten ihnen mehr Angst als sie zugeben wollten. Miriam strich Rose kurz beruhigend \u00fcber den R\u00fccken und schaltete entspannte Musik auf ihrem Handy an. Nach ein paar Minuten Stille fing Rose an zu reden.\u201c Hey, ich wollte dich was fragen. Glaubst du das zwischen Tommy und Alex irgendwas l\u00e4uft?\u201c Miriam warf ihrer Freundin einen nachdenklichen Blick zu.\u201c Ich bekomme schon das Gef\u00fchl, dass die beiden mehr als freundschaftliche Gef\u00fchle f\u00fcreinander empfinden. Aber wenn das stimmt dann werden sie es nicht so schnell zugeben.\u201c Rose sch\u00fcttelte den Kopf.\u201c Nein sicher nicht. Vielleicht sollten wir sie darauf ansprechen und falls sie Gef\u00fchle f\u00fcreinander entwickelt haben in die richtige Richtung sto\u00dfen. Ja wir k\u00f6nnen es versuchen.\u201c Stimmte Miriam ihr zu.\u201c Wir k\u00f6nnen jetzt auf den Hinweg zu dem Teich mit ihnen reden.\u201c Schlug sie vor als sie das letzte Sandwich vorbereitet und alle in eine Frischhaltefolie eingewickelte.\u201c Sie war sich nicht ganz sicher, ob es eine gute Idee war sich in der Sache einzumischen, aber immerhin war Rose jetzt von dem Thema Geister abgelenkt f\u00fcr eine Zeit. Als die beiden M\u00e4dchen alles eingepackt hatten, h\u00f6rten sie das \u00d6ffnen der Haust\u00fcr. Tommy und Alex haben alles mitgebracht was Miriam ihnen aufgetragen hatte. Die M\u00e4dchen zogen sich an und alle vier verlie\u00dfen das Haus. Auf dem Weg zum Wald redeten sie nur \u00fcber die tolle Zeit die sie haben werden wenn sie endlich von dieser Stadt wegkommen und in der Uni anfangen k\u00f6nnen. Als sie beim Wald angekommen sind fiel Rose wieder ein, wor\u00fcber sie vorher mit Miriam gesprochen hat. Sie fl\u00fcsterte ihr kurz zu, dass sie jetzt mit Tommy reden wird und Miriam versprach ihr, dass sie mit Alex reden wird. Rose ging nach vorne, nahm den Jungen an den Arm und zog ihn mit sich. Sie h\u00f6rte noch wie Miriam anfing mit Alex zu reden und dann waren die beiden weit genug au\u00dfer H\u00f6rweite.\u201c Du Tommy ich muss dich jetzt was fragen.\u201c F\u00fcr ein paar Minuten konnte man nur das Tropfen auf den Boden h\u00f6ren. Miriam fiel auf, dass Rose leichenblass war und das Alex zitterte. Tommy stand nur regungslos da. Miriam nahm Alex und Rose bei den H\u00e4nden und zog sie weg, sodass sie das Blut nicht mehr sehen k\u00f6nnen. Sie h\u00f6rte Tommys Schritte hinter ihr und die vier gehen in Tommy sein Zimmer.\u201c Wer war das? Glaubt ihr das hier jemand eingebrochen ist? Ich habe gestern Nacht nur Schritte geh\u00f6rt und niemanden gesehen.\u201c Miriam zog sie in ihre Arme, griff Alex am \u00c4rmel und zog ihn ebenfalls in die Umarmung. Tommy schlang seine Arme um die drei und sie bleiben f\u00fcr eine Zeit so stehen. Als sie die Gruppenumarmung aufl\u00f6sten hatte Alex wieder aufgeh\u00f6rt zu zittern und Rose hatte wieder etwas Farbe im Gesicht. Tommy holte tief Luft und fing an zu reden.\u201c Ich glaube nicht, dass jemand hier eingebrochen ist. Die Haust\u00fcre ist verschlossen und die Fenster auch. Durch die oberen Fenster kann niemand durch, weil der Einbrecher sonst \u00fcber die glatte Mauer hochklettern muss.\u201c Miriam \u00fcberlegte kurz und fing dann an zu reden. Ich wei\u00df das, dass jetzt verr\u00fcckt klingt aber jetzt, wo wir den Beweis haben das Geister existieren kann es sein, dass die Botschaft im Badezimmer von ihnen kommt.\u201c Alex seufzte auf und setzte sich auf Tommys Bett.\u201c Mir ist gerade etwas eingefallen. Wir haben einer der Regeln des Quicha Rituals gebrochen. Laut den Regeln muss man sich am Ende eines Rituales von den Geistern verabschieden, aber wir haben uns so erschrocken, dass wir, dass eben nicht getan haben. Was tun wir jetzt?\u201c F\u00fcr einen Moment herrschte Schweigen und Rose war diejenige die die Stille durchbrach.\u201c Wir sind jetzt alle etwas zu durcheinander, um klar zu denken. Wir sollten heute einfach versuchen uns einen entspannten Tag zu machen und dann, wenn wir wieder bessere Entscheidungen treffen k\u00f6nnen, \u00fcberlegen wir wie der n\u00e4chste Schritt aussehen wird. \u201eDie anderen drei stimmten den Plan zu und entschieden sich wieder in den Wald zu gehen. Im Wald hinter der Jagdh\u00fctte verborgen bei B\u00e4umen und dichten Str\u00e4uchern gab es eine abgelegene Lichtung. In der Mitte war ein Teich. Die vier Teenager hatten den Platz entdeckt, w\u00e4hrend sie den Wald erkundeten. Miriam gab den beiden Jungs den Auftrag ins n\u00e4chste Gesch\u00e4ft zu gehen und ihnen Getr\u00e4nke, Chips und ein paar S\u00fc\u00dfigkeiten zu kaufen. Rose machte sich daran Sandwiches zu machen w\u00e4hrend Miriam das Blut im Bad wegwischte und das Handtuch in die Waschmaschine warf. Rose grinste sie als sie die K\u00fcche betrat. Man konnte sehen das das M\u00e4dchen immer noch aufgeregt war, wegen der ganzen Sache, aber sie versuchte ruhig zu bleiben. Miriam nahm Frischhaltefolie aus einer Schublade und packte die schon fertigen Toasts ein. F\u00fcr ein paar Minuten arbeiteten die beiden in Stille und dann fing Rose an zu reden.\u201c Du Miri, glaubst du das Tommy und Alex Gef\u00fchle f\u00fcreinander haben?\u201c Miriam warf ihrer Freundin einen leicht \u00fcberraschten Blick zu. Sie hatte schon denselben Gedanke gehabt, aber sie war sich nie sicher.\u201c Ich hatte schon mal dieselbe Idee wie du, aber ich wollte nichts dazu sagen, weil ich mich nicht einmischen wollte. Ich habe mir am Anfang nicht viel dabei gedacht, aber in letzter Zeit bekomme ich immer mehr das Gef\u00fchl, die beiden empfinden etwas f\u00fcreinander. Es nicht nur weil sie manchmal miteinander kuscheln. Ich glaube sehr stark daran, dass auch zwei M\u00e4nner miteinander kuscheln k\u00f6nnen, ohne eine romantische Beziehung zu haben. Es ist nur irgendwas, dass mir das Gef\u00fchl gibt.\u201c Miriam nickte zustimmend und antwortete.\u201c Ja ich gebe dir hundertprozentig Recht. Aber die beiden werden das nicht so schnell zugeben, so wie ich sie kenne.\u201c Roses Augen leuchteten pl\u00f6tzlich auf und sie grinste.\u201c Ich habe gerade eine Idee bekommen. Wenn wir nachher in den Wald gehen werde ich mit Tommy reden und du redest mit Alex. Dann k\u00f6nnen wir ihnen helfen.\u201c Miriam dachte kurz nach. Sie war sich nicht sicher, ob sie sich da einmischen sollten. Aber Rose w\u00fcrde ihre Meinung jetzt nicht mehr \u00e4ndern. Wenn sie einen Plan im Kopf hat wird sie den auch durchziehen und sie hat aufgeh\u00f6rt an den vorherigen Vorfall zu denken. Was soll schon passieren. Miriam versprach ihrer bester Freundin, dass sie mit Alex reden wird. F\u00fcnf Minuten sp\u00e4ter h\u00f6rten sie wie sich die Haust\u00fcre \u00f6ffnete. Alex und Tommy haben alles gekauft was ihnen aufgetragen wurde. Dann wurden die Toasts auch in den Rucksack gepackt und die vier Teenager verlassen das Haus. Als sie endlich im Wald angekommen sind, f\u00fchlte Miriam eine innere Ruhe in sich aufsteigen. Die V\u00f6gel zwitscherten in der Ferne und die Sonnenstrahlen scheinen durch die \u00c4ste. Sie atmete die frische Luft ein. Ein paar Minuten sp\u00e4ter zog Rose sie am \u00c4rmel, um ihre Aufmerksamkeit zu bekommen. Das rothaarige M\u00e4dchen sagte ihr, dass sie jetzt mit Tommy reden w\u00fcrde. Miriam nickte und sah zu wie Rose Tommy am Arm nahm und die beiden weiter nach vorne gehen. Miriam wartete, bis sie au\u00dfer H\u00f6rweite waren und ging dann zu Alex.\u201c Du Alex ich habe eine Frage an dich.\u201c Der Junge drehte sich zu ihr und schaute sie an.\u201c Ich will das du ehrlich darauf antwortest. Bist du verliebt in Tommy?\u201c Alex blieb pl\u00f6tzlich ohne Vorwarnung stehen und starrte das M\u00e4dchen mit weit aufgerissenen Augen.\u201c Nein nicht, wie kommst du den darauf.\u201c Miriam h\u00e4tte ihn vielleicht geglaubt, wenn sich sein Ton nicht so unsicher angeh\u00f6rt h\u00e4tte und sie seufzte auf.\u201c Alex du kannst es mir sagen. Du bist mein bester Freund und die Tatsache, dass du in einen Jungen verliebt bist \u00e4ndert nichts daran. Tommy wird auch nichts erfahren.\u201c Alex atmete durch und lie\u00df dann seine Schultern fallen.\u201c War es so offensichtlich.\u201c Miriam l\u00e4chelte ihn an.\u201c Ich und Rose hatten nur einen Verdacht. Um Tommy musst du dir keine Sorgen machen, der wird es nur mitkriegen, wenn du es ihm ins Gesicht schreist. Ich mag ihn ja, aber er kann wirklich alles \u00fcbersehen.\u201c Alex grinste am\u00fcsiert als er wieder an den schwarzhaarigen Jungen dachte.\u201c Warte mal du hast gesagt, dass Rose gerade mit Tommy redet. Glaubt ihr etwa, dass er auch etwas f\u00fcr mich empfinden k\u00f6nnte.\u201c Miriam zuckte mit den Schultern. Es kann sein, aber ich bin mir nicht so sicher. Wir sollten Rose fragen was sie aus hin herauskriegen konnte. Alex wollte was darauf sagen, aber dann h\u00f6rten sie Tommy ihnen zurufen, dass sich beeilen sollen. Miriam verdrehte die Augen.\u201c So ungeduldig.\u201c Sie zog Alex in eine kurze Umarmung und dann gehen die beiden weiter, um ihre Freunde einzuholen. Nach f\u00fcnf weiteren Minuten sind die vier Teenager sind bei der Lichtung angekommen und legten eine Decke auf das gr\u00fcne Gras. Die Lichtung war umgeben von B\u00fcschen und B\u00e4umen. Der kleine Teich war direkt in der Mitte und das gr\u00fcnblaue Wasser schimmerte in der Sonne, die sich durch die \u00c4ste k\u00e4mpfte. In dem Teich waren Fische, die manchmal an die Oberfl\u00e4che kommen. Tommy steuerte auf einen Holzsteg zu, der vom Gras \u00fcberwuchert war. Tommy steigt mit einem Fu\u00df rauf und das Holz knarrte unter ihm. Er ging vorsichtig nach vorne, bis er am Rand stand und in das tiefe Blau des Wassers schauen konnte. Er konnte die Gespr\u00e4che seiner Freunde im Hintergrund h\u00f6ren. Der ganze Platz hier hatte etwas Unheimliches und Mysteri\u00f6ses an sich, als w\u00e4re der Ort direkt aus einem Film. Tommys Gedanken gehen wieder zur\u00fcck zu dem College. Er erinnert sich immer noch an den Moment, wo er erfahren hatte, dass sie alle in dem gleichen College angenommen wurden. Sie mussten nur noch warten bis der Sommer vorbei war und dann k\u00f6nnen sie endlich diese langweilige Stadt verlassen. Manchmal fragte Tommy sich selbst ob seine Eltern ihn vermissen werden. Obwohl h\u00f6chstwahrscheinlich nicht. Sein ganzes Leben lang hatten seine Eltern ihn nur wie ein Vorzeigeprojekt behandelt, damit sie mit ihm vor ihren Freunden angeben k\u00f6nnen. Sein ganzes Leben haben sie sich nur f\u00fcr seine Noten interessiert und alles andere was sie gut aussehen l\u00e4sst. Jetzt wo er dar\u00fcber nachdachte fiel ihm auf, dass keiner von ihnen eine gute Familie hatte. Roses Mutter hat sie mit ihrem Vater alleine gelassen und ist in irgendein anderes Land abgehauen. Ihr Vater wurde ein starker Alkoholiker und kommt jeden Tag im Rausch nach Hause. Er ignorierte sie dann einfach und am n\u00e4chsten Tag entschuldigte er sich und versprach ihr, dass er niemals Alkohol anfassen w\u00fcrde. Aber er hielt sich nie daran und das ganze geht von vorne los. Dass er immer noch einen Job hatte war schon verwunderlich. Miriam war nur ein Mittel zum Zweck ihrer Eltern. Als sie eines Tages nachhause gekommen ist konnte sie h\u00f6ren, wie ihr Vater sagte, dass ein Fehler war ein Kind zu bekommen. Sie hatten gehofft, dass Miriam ihnen helfen konnte ihre auseinanderfallende Ehe zu retten, aber das hatte einfach nur noch alles schlimmer gemacht. Miriam hatte schon oft bei ihm, Rose oder Alex \u00fcbernachtet, wenn sie es daheim nicht mehr aushielt. Ihre Eltern schreien sich andauernd an, aber aus welchem Grunde auch immer wollten sie ihre Beziehung nicht beenden. Es war, als ob sie die unvermeidliche Trennung immer weiter hinausz\u00f6gern wollten. Alex hatte es wahrscheinlich schon am besten und das auch nur weil er seine Mutter kaum zu Gesicht bekam. Alex Vater ist gestorben als er 16 war und seine Mutter wurde von der Trauer aufgefressen. Sie st\u00fcrzte sich in ihre Arbeit und nahm im Krankenhaus die Vollzeit Schicht an. Alex sah sie nur sp\u00e4t am Abend oder kurz in der Fr\u00fch. Sie redete nicht viel mit ihm. Sie unterschreibt alle seine Tests und geht zu Elterngespr\u00e4chen aber immer, wenn es um Alex ging f\u00fchlte es sich an als w\u00fcrde sie eine Pflicht verfolgen. Tommy hatte schon ein bisschen Mitleid mit ihr. Sie war nur eine arme Frau, die nie mit dem Tod ihres Mannes zurechtgekommen ist. Trotzdem wird er jedes Mal mit Wut erf\u00fcllt, wenn, Alex erz\u00e4hlt, wie einsam er sich in dem gro\u00dfen Haus f\u00fchlt, mit nichts anderem au\u00dfer den Wunsch, dass sein Vater zur\u00fcckkommen k\u00f6nnte und dass seine Mutter sich wieder f\u00fcr ihn interessieren w\u00fcrde. Alles wird besser, wenn der Sommer vorbei ist. Dann k\u00f6nnen sie endlich die Stadt verlassen, und damit auch alle schrecklichen Sachen, die ihnen hier widerfahren sind.",
            "wordcount": "2.873",
            "chapter_release": "10.03.2021",
            "chapter_number": "4"
        },
        "5": {
            "text": "Die vier Teenager blieben noch zwei weiteren Stunden auf der Lichtung, um die warme Luft und das Rascheln der Bl\u00e4tter zu genie\u00dfen. Rose redete gerade aufgeregt \u00fcber alle neuen Gelegenheiten, die sich ihnen auftun werden, wenn sie endlich zur Universit\u00e4t gehen k\u00f6nnen. Miriam, Tommy und Alex h\u00f6rten zu und f\u00fcgten hin und wieder eigene Ideen und Pl\u00e4ne hinzu. W\u00e4hrend sie sich dar\u00fcber unterhielten, wurde die Luft k\u00e4lter. Miriam, die auf dem R\u00fccken im Gras lag, merkte, dass sich die Sonne langsam hinter den grauen Wolken verzog, und sie richtete sich auf.\u201c Ich glaube, dass wir gehen sollten. Es sieht aus als w\u00fcrde es gleich regnen. \u201eAlex schaute ebenfalls nach oben und verzog das Gesicht. Na Super, und dass mitten im Sommer.\u201c Er richtete sich auf und strich sich verbliebenen Grashalmen von seiner Kleidung. \u201eWollt ihr alle noch zu mir gehen?\u201c Die anderen nickten und damit packten alles zusammen und machten sich wieder auf den Weg zu Alex Haus. Miriam ging als letzte hinter den anderen her und schaute sich um. Ein nerv\u00f6ses Gef\u00fchl stieg in ihr auf und sie wusste nicht, ob es etwas mit dem Fakt zu tun hatte, dass der Wald ruhiger wurde. Das Zwitschern der V\u00f6gel verstummte und die B\u00e4ume h\u00f6rten auf sich im Wind zu bewegen. Es sah aus als w\u00e4re alles f\u00fcr immer eingefroren. Miriam hatte das Gef\u00fchl, dass irgendjemand sie beobachtete, aber egal wie oft sie sich umschaute, das M\u00e4dchen konnte niemanden sehen. Miriam ging schneller, um ihre Freunde aufzuholen. Sie wollte ihnen schon von ihrem schlechten Gef\u00fchl erz\u00e4hlen, aber dann sah sie die nerv\u00f6sen Gesichtsausdr\u00fccke ihrer Freunde und wusste, dass sie nicht die Einzige war, die ein merkw\u00fcrdiges Gef\u00fchl hatte. Ohne auch nur ein einziges Wort zu sagen, fing die ganze Gruppe an schneller zu gehen. Nach f\u00fcnf Minuten konnten sie das Ende des Waldes sehen und damit auch die ersten H\u00e4user in der Entfernung. Die Angst, dass irgendjemand sie verfolgte verschwand, erst als sie wieder in der Stadt waren und sich unter die anderen Leute mischten die versuchten schnell nach Hause zu kommen, um sich von den kommenden Regen zu sch\u00fctzen. Dann endlich sind sie bei Alex Haus angekommen und setzten sich in das Wohnzimmer auf die gem\u00fctliche Couch. Alex holte f\u00fcr alle etwas zu trinken und dann fing Tommy an zu reden.\u201c So war ich der Einzige, der das Gef\u00fchl hatte, das uns jemand beobachtet, hat als wir im Wald waren?\u201c Rose sch\u00fcttelte den Kopf.\u201c Das ist mir auch aufgefallen, aber ich habe niemanden gesehen. \u201eIhr Gesicht wurde blass und sie setzte sich gerade auf. \u201eDenkt ihr, dass es etwas mit dem Vorfall heute Morgen zu tun hatte? Miriam rieb sich die Augen und seufzte auf.\u201c Leute ich glaube, dass das Ganze mit dem Schloss zusammenh\u00e4ngt. Wir haben, dass Ritual mit dem ouicha Board nicht beendet und das muss diese ganzen Ereignisse in Gang gesetzt haben.\u201c Rose nickte und redete weiter.\u201c Wenn das stimmt, dann m\u00fcssen wir etwas dagegen tun.\u201c Alex wurde blass und Miriam legte einen Arm um seine Schulter und strich ihn \u00fcber den R\u00fccken, um ihn zu beruhigen.\u201c Tommy atmete tief durch\u201c Wir m\u00fcssen dann wahrscheinlich wieder zum Schloss gehen. \u201eIch will das nicht machen aber, wir haben keine Wahl.\u201c Alex seufzte auf.\u201c Ihr habt recht. Okay bringen wir es einfach so schnell hinter uns wie m\u00f6glich. Miriam l\u00e4chelte ihn an.\u201c Ich muss noch alles f\u00fcr das Ritual holen und f\u00fcr den Fall, dass es dunkel wird nehme ich die Nachtsichtkamera und die Taschenlampen mit. Rose kommst du mit und hilfst mir beim Tragen? Rose nickte und stand auf.\u201c Sollen wir noch irgendwas mitnehmen?\u201c fragte Tommy die beiden M\u00e4dchen.\u201c Nein wir brauchen nichts anderes. Die beiden M\u00e4dchen umarmten die Jungs und dann machten sie sich auf den Weg zu Miriams Haus. Als Tommy h\u00f6rte, wie die Haust\u00fcr ins Schloss fiel, ging er in die K\u00fcche und holte zwei Gl\u00e4ser gef\u00fcllt mit Orangensaft. Dann nahm er sich noch zwei Schokoladen riegeln und stellte alles auf dem Wohnzimmer Tisch ab. Er setzte sich neben Alex auf die Couch und legte einen Arm um seine Schultern. Nach ein paar Minuten atmete Tommy tief durch und drehte sich zu seinem besten Freund. \u201eHast du Angst?\u201c, fragte er. Alex zog nur seine Schultern ein und legte seinen Kopf auf Tommys Schulter. \u201eIch hasse es, das ich von dem ganzen Zeug Angst habe. Wir machen das ganze jetzt seit einem Jahr und ich war noch nie so nerv\u00f6s wie jetzt. Die ganze Zeit habe ich davon geredet, wie cool es ist, wenn wir einen Beweis f\u00fcr Geister finden, und jetzt ist es passiert. Ihr seid alle viel entspannter als ich es bin.\u201c Sein Atem wurde schneller und Tommy zog ihn in eine Umarmung.\u201c Hey, ganz ruhig. Es ist okay, dass du Angst hast. Immerhin haben wir es mit echten Geistern zu tun. Du musst das nicht allein tun. Wir machen das alles gemeinsam. Alex schloss seine Augen und konzentrierte sich auf Tommys Stimme. Sein Herz h\u00e4mmerte schnell in seiner Brust und ihm wurde langsam klar wie schnell er atmete. Irgendwann bekam er seinen Atem wieder unter Kontrolle und auch sein Herzschlag wurde langsamer. Er wischte sich den Schwei\u00df vom Gesicht und dann bemerkte er gerade erst so richtig in welcher Position er und Tommy waren. Sein bester Freund hatte einen Arm um seine Schulter gelegt und Alex hat seinen Kopf gegen Tommys Brust gelegt. Ein kribbelndes Gef\u00fchl stieg in seinen Magen auf. Er hatte einen schleichenden Verdacht, warum er sich pl\u00f6tzlich so f\u00fchlte, aber er wollte nicht dar\u00fcber nachdenken, was das alles bedeuten kann. ErDer Junge l\u00f6ste sich von der Umarmung und nahm sich sein Getr\u00e4nk. Er nahm einen gro\u00dfen Schluck und stellte es zur\u00fcck auf den runden Glastisch. Dann drehte er sich wieder zu Tommy, der ihn mit einem besorgten Blick anschaute. \u201eGeht es dir besser?\u201c Alex nickte nur.\u201c Ja danke f\u00fcr deine Hilfe. Du musst dich nicht daf\u00fcr bedanken. Alles wird gut werden. Vertrau mir.\u201c Alex antwortete nicht und schaute durch das Fenster nach drau\u00dfen. Einer seiner Nachbarn ging gerade vorbei. Es war Irene, eine \u00e4ltere Dame, die immer zweimal am Tag mit ihrem Hund spazieren ging. Ein Labrador mit dem Namen Duke. Irene hatte manchmal auf ihn aufgepasst als er ein Kind war. Zwei Tage, nachdem sein Vater gestorben ist und seine Mutter sich in ihrer Arbeit vergrub, hatte sie ihn zu sich eingeladen. Irene machte ihm hei\u00dfe Schokolade und erlaubte ihm sich zu dem Kamin zu setzen. Duke hatte sich zu ihm gelegt und die Tr\u00e4nen von seinem Gesicht geleckt. Alex, Tommy, Miriam und Rose schauten manchmal bei ihr vorbei, da sie ziemlich allein war seid ihr Ehemann vor zwei Jahren gestorben ist. Er wurde von Tommys Stimme aus seinen Gedanken gerissen.\u201c Alex bist du okay?\u201c Alex sch\u00fcttelte die Gedanken wieder ab und schenkte Tommy ein L\u00e4cheln.\u201c Ja es geht mir gut. Ich war nur kurz in Gedanken versunken. Glaubst du, dass die M\u00e4dchen gleich wieder zur\u00fcckkommen werden? Es kann nicht mehr lange dauern. Ich hoffe nur, dass sie gleich da sein werden. Es wird langsam dunkel.\u201c Tommy holte sein Handy aus der Tasche.\u201c Ich werde Rose anrufen und fragen, wann sie da sind.\u201c Alex nickte zustimmend und stand auf. W\u00e4hrend Tommy darauf wartete, dass Rose abhob, r\u00e4umte er die Gl\u00e4ser in die K\u00fcche. Er h\u00f6rte Tommys Stimme vom Wohnzimmer und setzte sich wieder auf die Couch. Tommy legte auf und sagte ihm, dass die M\u00e4dchen in 20 Minuten ankommen werden. Also entschieden sich die beiden ein paar YouTube Videos anzusehen, um die Zeit zu vertreiben. Miriam und Rose verlie\u00dfen endlich das Haus, nachdem sie alles zusammengepackt haben. Rose hat die Nachtsichtkamera in einer Tasche. Miriam tr\u00e4gt das Ouicha Board und die Planchette in einen Rucksack. Sie wurden kurz aufgehalten als sie eine Freundin von der Schule trafen und sich mit ihr unterhalten. Die beiden gehen in einer angenehmen Stille nebeneinanderher. Rose hackte sich bei Miriams Arm ein und atmete die k\u00fchle Luft ein. Es ist schon vor einer halben Stunde dunkel geworden und der Gehsteig wurde von Stra\u00dfenlichtern in ein grelles Licht getaucht. Die M\u00e4dchen wanderten an H\u00e4user und Bauernh\u00f6fen vorbei. Das Einzige, was man h\u00f6ren konnte, war das Bellen von Hunden, das Zirpen der Grillen und das entfernte Zwitschern der V\u00f6gel. Sie konnten jetzt Alex Haus in der Entfernung sehen. Rose warf einen besorgten Blick zum Schloss, das auf dem Berg stand. Jetzt wo es dunkel war, wirkte es noch bedrohlicher als sonst. Das rothaarige M\u00e4dchen bekam auf einmal ein schlechtes Gef\u00fchl. Sie versuchte ruhig zu bleiben damit Miriam nichts mitbekommt und sich dann anf\u00e4ngt Sorgen zu machen. Sie versucht sich innerlich einzureden, dass alles gut wird, aber trotzdem schaffte sie es nicht das unangenehme Gef\u00fchl loszuwerden. Rose hatte den Verdacht, dass auf der anderen Seite der schweren T\u00fcre etwas Schreckliches auf die vier Teenager warten wird.",
            "wordcount": "1.472",
            "chapter_release": "28.06.2021",
            "chapter_number": "5"
        },
        "6": {
            "text": "Alex zog sich die Kapuze \u00fcber seinen Kopf, als der Wind st\u00e4rker wurde. Sie hatten schon die H\u00e4lfte des Weges hinter sich und konnten schon den gro\u00dfen Eisenzaun sehen. Das Ganze w\u00e4re weniger gruseliger, wenn sie am Tag herkommen k\u00f6nnten, aber leider gingen viele Leute hier spazieren und da es verboten ist das Schoss zu betreten, konnten die vier es nicht riskieren am helllichten Tag herzukommen. Aber um ehrlich zu sein, trifft hier keiner irgendwelche Ma\u00dfnahmen, um Leute davon abzuhalten, in das Schloss einzudringen. Weder das Eisentor noch die Holzt\u00fcr ist abgeschlossen. Mittlerweile erreichten sie den Zaun und Tommy \u00f6ffnete es. Ein Schauder fuhr \u00fcber Alex R\u00fccken als er den verwachsenen Garten betrat. Das blasse Mondlicht erleuchtete den Kieselweg, der zur Haust\u00fcr f\u00fchrte. Tommy \u00f6ffnete die Haust\u00fcr und als sie in der Eingangshalle standen, h\u00f6rten sie ein quietschendes Ger\u00e4usch von oben.\u201c Sollten wir nach oben gehen?\u201c fl\u00fcsterte Alex.\u201c Ja ich glaube, wir sollten rauf Gehen. Wir m\u00fcssen vorsichtig sein und so wenig Ger\u00e4usche wie m\u00f6glich machen.\u201c Fl\u00fcsterte Tommy zur\u00fcck.\u201c Okay ich werde zuerst gehen und ihr folgt mir.\u201c Sagte Rose. Das M\u00e4dchen drehte sich in Richtung der Treppe. Miriam folgte ihr und griff nach der Hand ihrer besten Freundin und dann streckte sie ihre andere Hand in Alex Richtung aus. Der blauhaarige Junge nahm sie und ergriff auch Tommys Hand, der neben ihm stand. Die vier Teenager bildeten eine Kette und gingen langsam die Holztreppe rauf. Kurz bevor sie den Gang betraten, sahen sie einen kleinen Jungen, der mit kleinen Schritten an ihnen vorbeiging. Er hatte braune lockige Haare, die in alle Richtungen standen. Er sah m\u00fcde und ver\u00e4ngstigt aus.\u201c Hey, was machst du denn hier?\u201c Fragte Miriam mit einer sanften Stimme, aber der Junge reagierte nicht auf sie. Er ging weiter, bis er vor einer T\u00fcr stand und sie \u00f6ffnete. Als er in den Raum verschwand, fing Tommy an zu reden.\u201c Leute, ist euch aufgefallen, dass er genauso aussieht wie der Sohn von der Gr\u00e4fin. Ich glaube er hei\u00dft Luis.\u201c Sie h\u00f6rten Stimmen von dem Schlafzimmer und wenig sp\u00e4ter verlie\u00df eine Frau das Zimmer. Sie hielt den kleinen Jungen an der Hand. Die Gr\u00e4fin trug ein wei\u00dfes langes Nachthemd, das \u00fcber den Boden schleift. Sie hatte H\u00fcftlanges br\u00fcnettes Haar. Ein paar Str\u00e4hnen hingen \u00fcber ihre Augen. Die vier Teenager folgten ihnen und schauten ihn das Kinderzimmer. Die Gr\u00e4fin weckte ein kleines M\u00e4dchen auf und sagte etwas zu ihr. Die Worte waren zu leise, um sie zu h\u00f6ren, aber der ver\u00e4ngstigte Blick des M\u00e4dchens zeigte, dass es nichts Gutes ist. Das M\u00e4dchen griff nach einen Teddy B\u00e4r und dr\u00fcckte in an sich. Sie sah fast aus wie ein Abbild ihrer Mutter. Sie hatte gro\u00dfe braune Augen und eine zierliche Gestalt. Ihrer braunen langen Haare standen zu allen Seiten ab. Luis hingegen sah seinen Vater mehr \u00e4hnlich. Er hatte kurzes Haar und wahr mindestens einen Kopf gr\u00f6\u00dfer als seine Schwester. W\u00e4hrend er seiner Mutter zuh\u00f6rte, wie sie mit Eleonore redete er mit einer goldenen Halskette, die um seinen Hals hing. Kurz darauf nahm Elizabeth ihre beiden Kinder an die H\u00e4nde und f\u00fchrte sie in Richtung Treppe. Kalte Luft umgab die vier Teenager, als die drei an ihnen vorbeigingen. Henry hatte das Zimmer des Babys noch nicht verlassen und die vier Freunden hatten, zu viel Angst, um nachzusehen. Also folgten sie der Gr\u00e4fin nach unten. Elizabeth \u00f6ffnete die T\u00fcre zur K\u00fcche und dann die Schiebet\u00fcr der kleinen Speisekammer. Sie beugte sich zu ihren Kindern runter und fl\u00fcsterte ihnen zu, dass sie sich verstecken sollen und kein Ger\u00e4usch von sich geben sollen. Bevor sie die Schiebet\u00fcr schloss, konnten die Teenager noch die ver\u00e4ngstigten Blicke der Kinder sehen und wie Luis nach Eleonores Hand griff. Danach rannte die Gr\u00e4fin praktisch zur\u00fcck zum Zimmer ihres Babys und ihre Schritte verlangsamten sich erst als sie kurz vor der T\u00fcr stand. Ihre Hand zitterte stark als sie nach der T\u00fcrklinke griff und die T\u00fcre vorsichtig aufsto\u00dft. Die vier Teenager hielten den Atem an in Schock. Als die Gr\u00e4fin in den Raum verschwand Tommy seinen K\u00f6rper an und gab denn anderen ein Zeichen, dass er den Raum betreten w\u00fcrde. Er straffte seine Schulter und ging durch den T\u00fcrrahmen. Das Zimmer sah viel freundlicher aus als sonst. Die W\u00e4nde sind mit einem sanften Blau gestrichen und die Fenster sind frisch geputzt. Das Bett des Babys stand in der Mitte und Henry stand direkt dar\u00fcber. Das gro\u00dfe scharfe Messer ist in dunkelrotes Blut getr\u00e4nkt. Die Gr\u00e4fin fragte ihren Mann mit einer zitternden Stimme was er getan hat. Tommy ignorierte die Antwort und nahm seinen ganzen Mut zusammen. Er nahm ein paar Schritte, bis er vor dem Kinderbett stand und das tote Kind sehen konnte. Er schluckte und Tr\u00e4nen schossen ihm in die Augen. Das Baby starrte ihn an mit weiten leblosen Augen. Tommy schaute weg und ballte seine H\u00e4nde zu F\u00e4usten. Wie k\u00f6nnte jemand sein eigenes Kind umbringen. Wie krank muss man sein, um sein Baby mit einem Messer abzustechen. Tommy wischte sich w\u00fctend die Tr\u00e4nen aus seinen Augen. \u201eTommy?\u201c h\u00f6rte er Alex ruhige Stimme. Er drehte sich um und sah seinen Freund im T\u00fcrrahmen stehen. Als Alex Tommys Zustand sah ging er auf ihn zu und zog in ihn seine Arme. Tommy verbarg sein Gesicht in Alex Schulter und lie\u00df seine Tr\u00e4nen freilaufen. Einige Zeit sp\u00e4ter schaffte er es wieder sich zu beruhigen. Seine Tr\u00e4nen versiegten und er l\u00f6ste sich aus Alex Umarmung.\u201c Was ist passiert.\u201c Fragte Alex. Tommy schaute sich um und bemerkte, dass Elizabeth und Henry den Raum verlassen haben. Dann sch\u00fcttelte er den Kopf.\u201c Ich erz\u00e4hle dir sp\u00e4ter davon. Wo sind die M\u00e4dchen?\u201c fragte er. Zu seiner Erleichterung dr\u00e4ngte Alex ihn nicht dazu, dass er ihm von den Ereignissen erz\u00e4hlte.\u201c Die M\u00e4dchen sind Elizabeth und Henry gefolgt.\u201c Alex wurde unterbrochen durch einen lauten Schrei, der durch das offene Fenster drang. Alex nahm Tommy an der Hand und die beiden gehen die Treppe runter. Sie verlassen das Schloss und standen auf den Garten. Rose und Miriam standen ein paar Meter von ihnen entfernt. Die Jungs stellten sich neben dem M\u00e4dchen und schauten sich die Szene an, die sich vor ihnen abspielte. Henry hatte jetzt anstatt eines Messers eine Pistole in seiner Hand und rannte \u00fcber das Gras. Ein wenig weiter entfernt rannte Elizabeth, aber sie konnte sich nicht retten. Ein Schuss traf sie in der Schulter und die Gr\u00e4fin fiel zu Boden. Henry stellte sich \u00fcber sie und sagte ein paar Worte, bevor er ihr den Todesschuss verpasste. Danach stieg Henry \u00fcber den toten K\u00f6rper seiner Frau und folgte seinen Kindern. Er holte Luis ein und schoss ihn direkt durch den R\u00fccken. Der K\u00f6rper des Jungen fiel leblos auf den Boden. Eleonore hatte schon das Eisentor erreicht und rannte den Berg runter. Aber leider konnte auch sie nicht entkommen. Eine Kugel traf sie, das junge M\u00e4dchen fiel hin und blieb auf ihrer Seite liegen. Henry kontrollierte, ob sie alle tot waren und ging dann wieder ins Schloss. Die Teenager standen immer noch wie versteinert da. Rose war die Erste, die sich wieder von ihrem Schock erholte.\u201c Ich werde Henry folgen. Schlimmer als das, was gerade passiert ist, kann es nicht mehr werden. \u201eWollt ihr mitkommen oder lieber hierbleiben?\u201c Die anderen drei sch\u00fcttelten den Kopf und sagten, dass sie lieber hierbleiben wollte. Rose nickte und versprach ihnen, dass sie so schnell wie m\u00f6glich zur\u00fcckkommen wird. Damit ging das rothaarige M\u00e4dchen zum Schlafzimmer. Sie blieb im T\u00fcrrahmen stehen als sie Henry sah. Der Graf stand auf einen Sessel und hatte ein Seil um seinen Hals geschlungen. Tr\u00e4nen standen ihn seinen Augen und er fl\u00fcsterte immer die Worte\u201c Ich wollte das nicht\u201c und\u201c Seid ihr jetzt zufrieden?\u201c vor sich hin. Er richtete seinen Blick in die Richtung, wo Rose stand, und dann kickte er den Sessel unter seinen F\u00fc\u00dfen weg. Nah f\u00fcnf Minuten h\u00f6rte er auf zu zappeln und h\u00f6rte auf sich zu bewegen. Rose schaffte es den Blick den K\u00f6rper Grafen loszurei\u00dfen und schaute sich den Raum an. Ich fiel ein braunes Lederbuch auf, dass auf dem Bett liegt und sie atmete tief durch. Dann durchquerte sie den Raum mit gro\u00dfen Schritten und nahm das Buch. Sie schlug es auf und fing an zu lesen. Ein kalter Schauer fuhr ihr \u00fcber den R\u00fccken als sie bemerkte, dass sie gerade das geschriebene Gest\u00e4ndnis von Henry van Sayn in der Hand hatte.",
            "wordcount": "1.384",
            "chapter_release": "12.08.2021",
            "chapter_number": "6"
        },
        "7": {
            "text": "Tag 1Ich h\u00e4tte nie geglaubt, dass ich jemals ein Tagebuch anfangen werde. Elisabeth war immer ein gro\u00dfer Fan, davon ihre Hoffnungen, Tr\u00e4ume und Geschichten in ein Buch einzufangen. Irgendwie schaffte ich es nie mich damit anzufreunden. Elisabeth schenkte mir trotzdem ein Buch f\u00fcr den Fall, dass ich jemals meine Meinung \u00e4ndere. Tja und jetzt sitze ich hier in dem Schlafzimmer bei dem Schreibtisch mit einem Stift in der Hand. Aber nicht aus dem Grund warum man glauben w\u00fcrde. Ich will hier etwas aufschreiben, dass ich sonst niemanden erz\u00e4hlen kann. Alle w\u00fcrden mich als verr\u00fcckt abstempeln, wenn sie jemals davon erfahren w\u00fcrden. Gestern Abend fing ich an eine Stimme zu h\u00f6ren. Die Stimme redet nur mit mir, wenn ich allein in einen Raum bin. Sie verlangt, dass ich ihr Opferungen bringe. Ich soll in den Wald gehen und Tiere jagen. Am Anfang versuchte ich die Stimme zu ignorieren, aber mit der Zeit wird es immer schwieriger. Ich habe keine Ahnung was oder wer es ist der mit mir spricht, aber ich hoffe nur das es bald wieder aufh\u00f6rt. Tag 2 Die Stimme tauchte in meinen Tr\u00e4umen auf. In dem Traum stehe ich in einen dunklen Raum, und ich versuche mich zu bewegen, aber meine F\u00fc\u00dfe f\u00fchlen sich an wie Blei. Vor mir steht eine verh\u00fcllte Figur. Dann h\u00f6re ich wieder diese Stimme. Sie hat mich bedroht. Wenn ich ihr nicht am n\u00e4chsten Tag ein Opfer bringe, wird sie meiner Familie etwas antun. Das konnte ich nicht zulassen. Also verlie\u00df ich in aller Fr\u00fch das Haus mit meiner Waffe und machte mich auf den Weg in den Wald. Dort erschoss ich zwei Hasen und hoffte, dass ich damit die Stimme zufriedenstellen kann. Als ich unser Schloss betrat, befahl sie mir, dass ich die Hasen in den Keller bringen soll. Ich folgte auch diesen Befehl und als ich ein paar Stunden sp\u00e4ter den Keller wieder betrat, waren die Hasen weg. Ich kann diese Stimme nicht mehr h\u00f6ren. Vielleicht ist es jetzt endlich \u0001 \u0002 3 Ich habe mich schon zu fr\u00fch gefreut. Die Stimme hat heute wieder mit mir gesprochen. Sie sagte, dass sie noch m\u00e4chtiger werden muss. Sie will, dass ich ihr ein menschliches Opfer bringe. Ich kann das nicht tun. Ich will kein Menschenleben beenden. Immer, wenn ich versuche mit ihr zu reden, dann antwortet sie nicht. Ich werde langsam wahnsinnig. Meine Tochter hat mich fast erwischt, wie ich wieder versuchte mit der Stimme zu reden. Hoffentlich denkt sie sich nichts dabei. W\u00e4hrend ich im Schlafzimmer sa\u00df, hatte ich endlich eine Idee. Meine Frau hat in unserer Bibliothek mehre B\u00fccher \u00fcber D\u00e4monen, seit sie ein Interesse daran gefunden hatte. Und ich wei\u00df die Opferungen meistens etwas mit D\u00e4monen zu tun haben. In meinen Traum trug diese Gestalt einen langen schwarzen Mantel, also wei\u00df ich wenigstens ein bisschen was \u00fcber sein Aussehen. W\u00e4hrend Elizabeth und meine Kinder paar Stunden unten in der Stadt verbringen, ging ich in die Bibliothek. Ich setzte mich auf einen der gem\u00fctlichen Ledersessel und stellte einen Stapel B\u00fccher ab. Ich bl\u00e4tterte eins nach dem anderen durch, aber ich fand keinen Hinweis. Jedenfalls bis ich, dass letzte Buch in der Hand. Ich konnte mich noch daran erinnern, wo wir das Herhaben. Elisabeth hat es sich mal gekauft, w\u00e4hrend wir auf Urlaub waren. Es war ein braunes Buch mit einem vergoldeten Text:Asmodeus. Ich schlug es auf und las mir die ersten Seiten durch. Asmodeus war mal ein junger Mann, der in einer unbenannten Stadt wohnte. Er wohnte in einer H\u00fctte und wurde meistens ignoriert von seinen Nachbarn. Der Fakt, dass er ignoriert wurde, half ihm dabei, dass er seine Verbrechen in aller Ruhe machen kann. Asmodeus verlie\u00df seine H\u00fctte immer am Abend und ging durch die Stadt. Immer wenn er jemanden sah der allein in der Nacht heruml\u00e4uft, dann schlich er sich hinter der Person an. Er w\u00fcrde sie bet\u00e4uben und dann zur\u00fccktragen. Jeder der ihn sah und nachfragte, was er vorhatte, erkl\u00e4rte er, dass sein Freund ein bisschen zu viel getrunken hat. Er brachte in unten in seinen Keller und fesselte ihn. Als die Person wieder aufwachte, fing er an sein Opfer zu manipulieren. Tag f\u00fcr Tag f\u00fchrte er verschiedene Gehirn W\u00e4sche Techniken durch. Er zwang die Leute dazu, dass sie ihre Familien und Freunde umbrachte. Das ging so weiter f\u00fcr ein Jahr, bis einer seiner Nachbarn bemerkte, wie er mehrmals bewusstlose Menschen in sein Haus brachte. Als Asmodeus einmal wieder seine H\u00fctte verlie\u00df, schlich sich der Nachbarn rein und fand die gefesselten Menschen in den Keller. Die Informationen verbreiten sich schnell und eines Tages wurde Asmodeus besucht von einer w\u00fctenden Menge. Zwei von ihnen hielten ihn fest und fesselten seine H\u00e4nde. Der Rest befreite die anderen Leute im Keller. Asmodeus wurde auf einen Berg gebracht und dort lebendig begraben. Als ich alles gelesen habe, fand ich ein Bild von Asmodeus. Mein Atem blieb mir stehen. Asmodeus trug einen langen Mantel, der sein Gesicht verdeckte. Genau wie in meinen Traum. Unter dem Bild stand ein Text. \u201eManche sagen, dass Asmodeus als ein D\u00e4mon von den Toten zur\u00fcckkommen wird, um seinen Plan fortzusetzen. Einige Leute k\u00f6nnen seine Stimme h\u00f6ren, die nach ihnen ruft. Wieder andere behaupten, dass sie seinen Geist gesehen haben, wie er in der Nacht durch die Stra\u00dfen schleicht. Sein langer Mantel schleift \u00fcber den Boden und wenn er verschwindet, ist das Einzige, was er hinterl\u00e4sst, ein paar schmutzige Fu\u00dfabdr\u00fccke.\u201c Das Buch fiel mir aus den H\u00e4nden und landete auf dem Tisch. Die \u00c4hnlichkeiten waren einfach zu gro\u00df. Diese Stimme muss Asmodeus sein. Pl\u00f6tzlich bekam ich das Gef\u00fchl, dass mich jemand beobachtete. Langsam stand ich auf und drehte mich zur T\u00fcr. Aber da war nichts au\u00dfer zwei schmutzige Fu\u00dfabdr\u00fccke auf den roten Teppich. Tag 4 Ich kann nicht mehr. Ich halte das nicht aus. Zwei Wochen sind vergangen, seit ich die Informationen \u00fcber Asmodeus herausgefunden habe. In der Zeit hat Elisabeth das Baby auf die Welt gebracht. Es ist ein M\u00e4dchen und am Anfang war ich noch nie so gl\u00fccklich. Aber jetzt schreit sie den ganzen Tag nur. Asmodeus redet immer noch mit mir. Er sagt mir, dass alles besser wird, wenn ich meine Familie ermorde. Ich glaube, dass er recht hat. Es ist gerade Mitternacht und mein blutiges Messer rund auch die geladene Waffe liegt neben mir. Was habe ich getan? Meine Familie ist tot. Asmodeus hatte komplette Kontrolle \u00fcber mich. Ich wollte das nicht. Ich kann mit dieser Schuld nicht mehr \u0001 \u0002 sitze ich in meinem Schlafzimmer und schreibe diese letzten Worte. Das Tagebuch werde ich in die Schublade legen. Sollte irgendjemand dieses Buch finden, bitte glaub mir. Ich habe meine Familie \u00fcber alles geliebt. Ich bin kein Monster und unter klaren Gedanken h\u00e4tte ich ihnen nichts angetan. Sei vorsichtig, wenn du dich in diesem Schloss aufh\u00e4ltst. Asmodeus k\u00f6nnte immer noch hier sein und versuchen Kontrolle \u00fcber dich zu bekommen. Bevor ich mein eigenes Leben beende, m\u00f6chte ich nicht eine Sache hier aufschreiben, die der einen Person helfen k\u00f6nnte, die mutig genug ist. Das Buch \u00fcber Asmodeus hatte einen Zettel drinnen, der ein Ritual beschrieb, mit dem man ihn in die H\u00f6lle verbannen kann. Ich habe den Zettel in der Schublade des runden Tisches versteckt. Wenn du mutig genug bist, dann w\u00fcnsche ich dir viel Gl\u00fcck. Wenn du es nicht tust, dann kann ich dir nicht es nicht ver\u00fcbeln. Immerhin war ich selbst ein zu gro\u00dfer Feigling, um das Ritual auszuprobieren. Mit freundlichen Gr\u00fc\u00dfen HenryBetretenes Schweigen f\u00fcllte den Raum und Tommy legte das Tagebuch behutsam auf den Boden. Er strich mit den Fingern \u00fcber die Tr\u00e4nenabdr\u00fccke. F\u00fcr ein paar Minuten niemand sagte etwas und dann sprang Alex pl\u00f6tzlich auf. Er schaute in die Runde mit einem merkw\u00fcrdig ruhigen Blick und seine Haltung ist angespannt.\u201c Okay ihr werdet, das jetzt nicht m\u00f6gen, aber wir m\u00fcssen dieses Ritual machen. Ich will nicht wissen, was passiert, wenn Asmodeus jemand anderen unter Kontrolle bringt. Ich kann diese Stadt nicht verlassen, mit dem Wissen, das sich dieser D\u00e4mon immer noch in diesem Schloss herumtreibt. \u201eTommy richtete sich auf und stellte sich neben ihn. Er griff schon fast automatisch nach Alex Hand und schaute die beiden M\u00e4dchen an.\u201c Er hat recht. Wir m\u00fcssen Asmodeus verjagen, bevor er noch mehr Verbrechen begeht. Aber es ist verst\u00e4ndlich, wenn ihr nicht mitkommen wollt. Wir k\u00f6nnen das ganze zu zweit tun und treffen uns dann wieder hier. Miriam sch\u00fcttelte entschlossen den Kopf und richtet sich auf.\u201c Wir haben das ganze gemeinsam angefangen, also werden wir es auch gemeinsam beenden. Was ist mit dir, Rose?\u201c Das rothaarige M\u00e4dchen seufzte kurz, und richtete sich dann auf. Tja ich kann mir denn ganzen Spa\u00df ja nicht entgehen lassen. Gehen wir rauf und beenden das ein f\u00fcr alle Mal.\u201c Mit diesen Worten verlie\u00dfen die Teenager die H\u00fctte und machten sich ein letztes Mal auf dem Weg zum Schloss, das sich wie ein Ungeheuer in der Entfernung erhob.",
            "wordcount": "1.478",
            "chapter_release": "05.09.2021",
            "chapter_number": "7"
        },
        "8": {
            "text": "Rose atmete tief ein als sie in die Eingangshalle betrat. Das wird vielleicht das letzte Mal sein, dass sie diesen Ort jemals betreten werden. Sie schaute sich um und lie\u00df ihren Blick \u00fcber die Gem\u00e4lde streifen. Es kommt ihr vor als w\u00fcrde sein ein hoffnungsvolles Gl\u00e4nzen in Henrys Augen sehen, aber vielleicht bildete sie sich das alles auch nur ein. Aus ihrem Augenwinkel bemerkte sie, dass Alex sich neben ihr hinstellte.\u201c Erinnerst du dich noch als wir zum ersten Mal hier waren? Wir machten den ganzen Weg Scherze dar\u00fcber, was passieren w\u00fcrde, wenn wir wirklich einen Geist finden und jetzt haben wir mehre gefunden.\u201c Rose l\u00e4chelte, als sie wieder daran zur\u00fcckdachte.\u201c Ich glaube das mit dem ber\u00fchmt werden k\u00f6nnen wir erstmal vergessen. Irgendwas sagt mir das diese Geister und D\u00e4monen hier nicht so gro\u00dfe Fans davon sein werden. \u201eAlex grinste zur\u00fcck.\u201c Wer wei\u00df, vielleicht werden wir mal einen freundlichen Geist finden, der sich liebend gerne fotografieren lassen wird.\u201c Rose lachte kurz auf und schaute dann r\u00fcber zu Miriam und Tommy, die sich auf den Weg in die Bibliothek machten, um das Buch zu finden, von dem Henry gesprochen hat. \u201eDu Alex, ich muss dich etwas fragen bevor die anderen herkommen.\u201c Alex schaute sie mit einem neugierigen und fragenden Gesichtsausdruck an, w\u00e4hrend Rose \u00fcberlegte, wie sie ihre Frage am besten formulieren soll.\u201c Wenn diese ganze Geschichte mit den Geistern und D\u00e4monen endlich mal ein Ende gefunden hat, wirst du dann auch den Mut bekommen Tommy deine Gef\u00fchle zu gestehen? Alex zuckte leicht zusammen und schaute sich um, als wollte er sicher gehen, dass niemand ihn h\u00f6ren kann.\u201c Ich habe keine Ahnung was ich tun soll Rose. Immer wenn ich kurz davor bin, werde ich zu nerv\u00f6s und tu es dann doch nicht.\u201c Rose legte eine Hand auf seine Schulter und l\u00e4chelte ihn an.\u201c Wenn wir aus dieser Stadt raus sind, dann verspreche mir, dass du ihn davon erz\u00e4hlst. Glaub mir, es wird nichts Schlechtes dabei rauskommen.\u201c Alex nickte und dann wurden die beiden schon wieder abgelenkt, von Miriam, die ein Buch in der Hand hielt.\u201c Leute, wir haben es gefunden.\u201c Sie und Tommy durchquerten die Halle, bis sie bei den anderen beiden standen. Alles, was Henry geschrieben hat, war die Wahrheit. Da stehen auch eine Liste und eine Anleitung f\u00fcr das Ritual darin.\u201c Alex warf einen neugierigen Blick auf das Buch.\u201c Ich frage mich, woher der Autor, dass alles wusste.\u201c Tommy zuckte mit den Schultern.\u201c Dar\u00fcber habe ich auch nachgedacht, aber seien wir froh, dass es existiert.\u201c Rose hatte das Buch jetzt in der Hand und bl\u00e4tterte vorsichtig durch. Die letzten beiden Seiten waren gef\u00fcllt mit einer Anleitung.\u201c Um Asmodeus auszutreiben, braucht man vier schwarze Kerzen, jeweils ein Lieblingsgegenstand der Familie, die das Haus bewohnen und einen verschlie\u00dfbaren Gegenstand, den man benutzen kann, um Asmodeus Seele einzusperren. F\u00fcr den ersten Schritt sollt ihr ein Pentagramm auf den Boden zeichnen. Dann stellt ihr die Kerzen hin, z\u00fcndet sie an und legt die Lieblingsgegenst\u00e4nde daneben. Am Ende stellt den verschlie\u00dfbaren Gegenstand in die Mitte und sag den Spruch auf, der unten steht. Rose las sich den Spruch durch und betete zu Gott, dass das bisschen Latein, dass sie und Miriam mal gemeinsam gelernt hatte ausreichen w\u00fcrde. Die anderen drei lehnten \u00fcber ihre Schulter und lasen alles mit.\u201c Leute, wir haben ein Problem.\u201c Sagte Tommy.\u201c Uns fehlt alles, was auf der Liste steht, bis auf eine Kreide, um das Pentagramm zu zeichnen. Miriam verzog ihr Gesicht, als sie \u00fcber den n\u00e4chsten Schritt nachdachte.\u201c Vielleicht hatte die Familie schwarze Kerzen in diesem Schloss und es kann auch sein, dass wir ein paar Lieblingsgegenst\u00e4nde finden. Rose und ich suchen nach den Kerzen und ihr beiden sucht nach den Gegenst\u00e4nden. Tommy und Alex nickten den M\u00e4dchen zu und machten sich auf den Weg nach oben. Alex schaute sich um\u201c Die meisten Sachen wurden zum Teil weggeworfen. Wo werden wir hier irgendwas finden.\u201c Tommy \u00f6ffnete eine Holzt\u00fcr.\u201c Sehen wir uns zuerst das Kinderzimmer an.\u201c Die beiden Jungs betraten das Zimmer und schauten sich um. Ein gro\u00dfer Schrank stand an der Wand und zwei Betten in der Mitte. Alex bemerkte einen vergoldeten runden Spiegel, der auf einen Nachtisch stand. Er ging vorsichtig darauf zu und ber\u00fchrte vorsichtig den goldenen Rahmen. Pl\u00f6tzlich sp\u00fcrte er wie jemand an seinem T-Shirt zog und er schaute langsam nach unten. Er sah in die gro\u00dfen braunen Augen eines kleinen Jungen mit braunen verstrubbelten Haaren. Seine Haut schimmerte durchsichtig und Alex drehte sich zu Tommy mit einem verzweifelten Blick zu. Tommys Blick war auf den kleinen Jungen gerichtet und er sah sehr ratlos aus. Alex zog die Luft scharf ein, als er das Blut auf dem Shirt des kleinen Jungen bemerkte. Luis streckte seine H\u00e4nde aus und griff nach dem Spiegel. Er nahm den Gegenstand vorsichtig in die Hand und zeichnete ein Herz mit beiden Fingern rauf.\u201c Das muss sein Lieblingsgegenstand sein.\u201c Fl\u00fcsterte Alex zu Tommy. Luis nickte nur und grinste breit. Dann klemmte er den Spiegel unter seinen Arm. Dann nahm er Alex und Tommy an die H\u00e4nde. Die drei gingen zu dem Holzschrank und Tommy \u00f6ffnete die T\u00fcren. Im Schrank stand ein kleines M\u00e4dchen, das einen Teddyb\u00e4r mit einem Herz rauf in den H\u00e4nden h\u00e4lt. Ihre langen Haare wehten \u00fcber ihr Gesicht als sie ihre H\u00e4nde ausstreckte. Tommy nahm den B\u00e4ren in die Hand. Luis lie\u00df ihre beiden H\u00e4nde los und stellte sich an die Seite seiner Schwester. Die beiden hielten sich an die H\u00e4nde und schauten zu wie Tommy und Alex sich anschauten und dann den Raum verlie\u00dfen. Luis drehte sich zur Seite und schaute zu, wie Tr\u00e4nen in den Augen seiner Schwester \u0001 \u0002 die Jungs im Kinder Zimmer waren, gingen Rose und Miriam die steile Kellertreppe runter. Die M\u00e4dchen hatten alle R\u00e4ume untersucht und noch nichts gefunden. Miriam betrat den Raum als Erstes und schaute sich um. Der Fernseher stand immer noch an derselben Stelle, aber die M\u00e4dchen k\u00fcmmerten sich nicht darum. Nachdem sie mehre, Schr\u00e4nke ge\u00f6ffnet haben fanden sie endlich f\u00fcnf pechschwarze Kerzen. Sie stellten sie oben ab und fingen an nach den Gegenst\u00e4nden der Eltern und des Babys zu suchen. Rose ging in das Babyzimmer und ihr Atem stockte als die Krippe hin und her schaukelte. Sie ging nach vorne und schaute rein. Sie sah eine blaue Rassel mit Sternen und nahm sie in die Hand. Ein Schauder fuhr ihr \u00fcber den R\u00fccken und sie glaubten, dass sie das Lachen eines Babys h\u00f6ren konnte. Sie verlie\u00df den Raum und traf auf Miriam, die einen silbernen Ring mit und ein Gem\u00e4lde mit einem silbernen Rahmen. Auf dem Gem\u00e4lde stand eine Frau mit einem wei\u00dfen langen Kleid und ein Mann mit einem wei\u00dfen Anzug. Beide l\u00e4chelten breit in die Kamera. Die beiden M\u00e4dchen drehten sich um, als sie das Knarren der Bodendielen h\u00f6rten. Alex und Tommy kommen auf sie zu und zeigten ihnen die Gegenst\u00e4nde. Danach gingen die vier Teenager in die Eingangshalle und Rose fand eine verschlie\u00dfbare Dose, die auf dem Boden lag. Miriam zeichnete den Stern auf den Boden und Tommy stellte alles auf. Dann z\u00fcndete Alex die Kerzen an. Tommy kniete sich vor der Dose bereit, um sie festzuhalten. Alex machte sich bereit, die Flammen der Kerzen vor dem Ausl\u00f6schen zu bewahren. Rose und Miriam standen ein bisschen au\u00dferhalb von dem Stern. Rose r\u00e4usperte sich und fing an, die lateinischen Worte aufzusagen. Ihre Stimme hallte durch die Lobby und dann sahen die vier Teenager wie sich ein dichter schwarzer Nebel formte. Der Nebel wirbelte durch den Raum und formte manchmal eine Gestalt mit wehendem Mantel. Rose redete schneller mit einer zittrigen Stimme und der Nebel wehte \u00fcber die Kerzen. Alex versuchte so schnell wie m\u00f6glich sie wieder anzuz\u00fcnden und bekam es nach zwei Versuchen hin. Ein Fenster \u00f6ffnete sich von selbst und kalter Wind str\u00f6mte rein. Eine Vase kam von der K\u00fcche in die Halle und traf Rose fast auf den Kopf, aber sie konnte noch rechtzeitig ausweichen und weiterlesen. Endlich ist sie bei dem vorletzten Satz angekommen und der Nebel wurde in Richtung der Dose gezogen. Gequ\u00e4lte Schreie erklangen von jeder Ecke des Raumes. Aber es war zu sp\u00e4t f\u00fcr den D\u00e4monen und als Rose das letzte Wort aussprach, wurde der Nebel mitsamt der durchsichtigen Gestalt in die Dose gezogen. Tommy schloss die Dose so schnell wie m\u00f6glich und atmete tief durch. Miriam nahm ein Klebeband, dass sie noch aus ihrem Rucksack geholt hatte und verklebte die Dose mit mehreren Schichten. Eine unheimliche Stille legte sich \u00fcber den Raum und die vier Teenager versuchten sich zu beruhigen. Nachdem sie sich alle wieder entspannt haben, umarmten sie sich gegenseitig, zu ersch\u00f6pft, um irgendetwas zu sagen. Dann packten sie alles wieder zusammen und verlie\u00dfen das Schloss zum letzten Mal. Kurz bevor Rose das Eisentor verschloss, sah sie die Geister Gestalten der Familie, die vor der T\u00fcr standen und ihnen zuwinkten. Rose winkte zur\u00fcck, drehte sich um und folgte ihren Freunden den Berg runter. Jetzt ist alles vorbei und die vier Freunde werden bald ein neues Erlebnis im College starten",
            "wordcount": "1.493",
            "chapter_release": "16.10.2021",
            "chapter_number": "8"
        }
    },
    "title": "The cursed castle",
    "topic": "unspecified",
    "release": "\n11.11.2020\n\t\t\t\t\t\t",
    "author": "Marlis 600"
}