{
    "tags": [],
    "chapcount": "3",
    "wordcount": "10.723",
    "chapters": {
        "1": {
            "text": "\u201eGute Nacht, Jaromir, schlaf sch\u00f6n.\u201c Seine Mutter schloss die Zimmert\u00fcr hinter sich und lie\u00df ihren Sohn allein. \u201eW\u00fcrde ich gerne\u201c, murmelte er leise vor sich hin und betrachtete mit Sorge die Uhr \u00fcber seinem Schreibtisch. Bald war es elf, dann musste er ins Bett, sonst bekam er wieder \u00c4rger. Allerdings dauerte es dann nicht lange, bis er gegen seinen Willen einschlief und das war eigentlich das, was er unbedingt vermeiden wollte. Schlafen bedeutete f\u00fcr ihn n\u00e4mlich alles andere als Erholung. Kurz vor der gef\u00fcrchteten Uhrzeit schlich Jaromir ins Badezimmer, putzte sich die Z\u00e4hne, wusch sich das Gesicht und hoffte, dadurch vielleicht l\u00e4nger wach bleiben zu k\u00f6nnen, immerhin weckte es doch ein wenig wieder auf, wenn das Wasser kalt genug war. Er konnte sich nur w\u00fcnschen, dass es heute eine ganze normale Nacht sein w\u00fcrde, ohne unangenehme Zwischenf\u00e4lle, die ihn wieder fast in den Wahnsinn trieben. Das kam zum Gl\u00fcck auch manchmal vor, nur leider viel zu selten f\u00fcr Jaromirs Geschmack. Mit deutlichem Widerwillen zog er seine Kleidung aus, lie\u00df sie achtlos vor sich auf dem Boden fallen und schl\u00fcpfte so unter seine Bettdecke. Noch einen Schlafanzug, der nicht mehr als solcher erkennbar war, wollte er nicht, da trug er lieber gar nichts. Dann gab es auch weniger Hinweise auf das, was sich m\u00f6glicherweise bald ereignete. Am liebsten h\u00e4tte Jaromir das Licht angelassen, um den Augenblick besonders lange hinauszuz\u00f6gern, aber den schwachen Lichtschein sah man immer durch die kleinen Ritzen an der T\u00fcr und das h\u00e4tte seiner Mutter gezeigt, dass er wieder einmal l\u00e4nger als erlaubt aufblieb. So musste er sich damit begn\u00fcgen, durch intensives Denken seinen Geist vom Wunsch, sich f\u00fcr l\u00e4ngere Zeit auszuruhen, abzulenken. Schafe z\u00e4hlen, selbstgestellte Matheaufgaben l\u00f6sen, \u00fcber den Sinn des Lebens nachdenken, Hauptsache, er schlief nicht ein. Dabei war er inzwischen wirklich m\u00fcde und brauchte seinen Schlaf, um morgen in der Schule wieder so zu tun, als w\u00e4re alles mit ihm in Ordnung, aber er zwang sich, dagegen anzuk\u00e4mpfen. Er w\u00fcrde es schaffen, einmal hatte es schon funktioniert, ein zweites Mal w\u00e4re kein Problem, solange er nur fest an sich... Schneller als er es wirklich realisierte, sank er in den gef\u00e4hrlichen D\u00e4mmerzustand und sp\u00fcrte, dass er heute Nacht Pech haben w\u00fcrde. Es war wieder soweit. Jaromir versuchte panisch, wach zu werden, sich zu wehren, vielleicht zu schreien, aber nichts passierte, er hatte nun keine Kontrolle \u00fcber sich selbst mehr. Wie immer musste er tatenlos zusehen und miterleben, wie er sich langsam zu ver\u00e4ndern begann. Sein gesamter K\u00f6rper bekam eine ungesund aussehende, bl\u00e4uliche F\u00e4rbung; die Proportionen stimmten nicht mehr, alles an ihm wirkte nun viel zu d\u00fcnn und in die L\u00e4nge gezogen; seine Fingern\u00e4gel formten sich zu spitzen Krallen, die allein vom Druck auf die Decke tiefe L\u00f6cher dort hinterlie\u00dfen. Aber das schlimmste fand er seine Augen, deren Farbe sich umgekehrt hatte, sodass die Pupille wei\u00df schillerte, w\u00e4hrend seine ehemals blauen Augen in einem hellen gelb leuchteten. Die ganze Zeit \u00fcber zuckten schmerzhafte Wellen durch seinen K\u00f6rper und machten alles noch unertr\u00e4glicher, als es sowieso schon f\u00fcr Jaromir war. Normalerweise h\u00e4tte er den gesamten Vorgang wegen des fehlenden Lichts in seinem Zimmer gar nicht sehen k\u00f6nnen, allerdings konnte das Etwas, was nun er selbst war, hervorragend im Dunkeln sehen, weshalb das f\u00fcr ihn kein Problem darstellte. Obwohl er liebend gerne darauf verzichtet h\u00e4tte, aber die Augen schlie\u00dfen konnte er nicht, das konnte nur das Monster, in das er sich verwandelt hatte und das allein \u00fcber seinen K\u00f6rper entschied. Sobald es sich seiner Meinung nach genug von der Prozedur erholt hatte, stand es ruckartig vom Bett auf, tigerte einige Minuten ziellose durch den Raum und \u00fcberlegte mit seinem kaum vorhandenen Verstand, was es als n\u00e4chstes machen sollte. Jaromir betete, dass es nicht auf die Idee kam, seine Wanderung im Haus fortzusetzen und dabei seinen Eltern \u00fcber den Weg lief. Nicht wegen des Schrecks, den sie bekamen, sondern weil es mit gro\u00dfer Freude alles, was ann\u00e4hernd lebendig war, in Fetzen riss und manchmal sogar auffra\u00df. Einmal hatte er mitansehen m\u00fcssen, wie das Etwas eine der Nachbarskatzen gefangen, get\u00f6tet und verspeist hatte. \u00dcberall hatten blutige Fellb\u00fcschel und ausgerissene Krallen herumgelegen, jeden Tropfen Blut und jeden Fetzen rohen Fleischs hatte er geschmeckt und noch Wochen danach Alptr\u00e4ume davon gehabt; in die Schule hatte er drei Tage nicht gehen k\u00f6nnen, weil er sich st\u00e4ndig \u00fcbergeben musste und mit seinem Nerven v\u00f6llig am Ende gewesen war. Seitdem wusste er, wozu dieses Monster in der Lage war und das machte ihm schreckliche Angst, besonders um seine Familie und auch um andere Menschen. Das Etwas beschloss, nicht mehr l\u00e4nger in diesem beengten Zimmer zu bleiben: Es riss das Fenster auf und sprang in den Garten darunter; dass dieser fast vier Meter unter ihm lag, st\u00f6rte es nicht, es war ziemlich robust, auch wenn es nicht danach aussah. Spr\u00fcnge aus dieser H\u00f6he fing es immer geschickt ab. Jaromir konnte nur hoffen, dass es heute Nacht keinen Hunger auf sich bewegende Dinge hatte, sondern schnurstracks dorthin lief, wo es sich meistens aufhielt: Zu Mika, einem Jungen in seinem Alter, der mit genau demselben Problem wie er zu k\u00e4mpfen hatte. Dort bestand wenigstens die M\u00f6glichkeit, nicht die ganze Nacht als ein t\u00f6dlicher blauer Schatten durch die Siedlung zu streifen und streunende Tiere umzubringen. In der N\u00e4he schlug die Turmuhr der katholischen Kirche ein Uhr; wenn es sich beeilte, hatte Jaromir gute Chancen, noch gen\u00fcgend Schlaf abzubekommen. Falls es tats\u00e4chlich seinen Trieben folgte und Mikas Haus aufsuchte, ansonsten musste Jaromir bis kurz vor Sonnenaufgang in dieser Gestalt umherirren und um seinen psychischen Zustand bangen, der schon seit einiger Zeit nicht mehr der idealste war. Aber an wem ging es spurlos vorbei, wenn er kaum schlief, Angst um alles und jeden hatte und nicht \u00fcber sich selbst bestimmen konnte, vor allem um das sinnlose Morden dieses Monsters zu verhindern? Irgendwo h\u00f6rte Jaromir Menschen miteinander reden und sofort f\u00fcrchtete er, dass sie das n\u00e4chste Opfer werden k\u00f6nnten, aber zum Gl\u00fcck wich das Etwas nicht von seiner Route, die es wohl schon gew\u00e4hlt hatte, ab; es schlich durch dunkle Vorg\u00e4rten, durch dichte Hecken, aus denen er ab und zu ein verirrtes Insekt pfl\u00fcckten und dieses mit seinen scharfen Z\u00e4hne zerbiss, und auch \u00f6fters \u00fcber die kleineren Stra\u00dfen. Die gr\u00f6\u00dferen mied es, die Autos waren ihm nicht geheuer, da sie in der Lage waren, es zu \u00fcberfahren. Wenigstens etwas auf der Welt, das dem Monster Einhalt gebieten k\u00f6nnte. Zwar ekelte es Jaromir immer noch, von Zeit zu Zeit einen toten K\u00e4fer herunterschlucken zu m\u00fcssen, aber das war v\u00f6llig harmlos im Gegensatz zu einem Tier, das er sogar pers\u00f6nlich gekannt hatte. Nach einer halben Ewigkeit erreichte es wirklich Mikas Haus und in Gedanken seufzte Jaromir erleichtert auf. Sobald sie sich erst einmal hier befanden, bestand keine Gefahr mehr f\u00fcr andere, nicht mehr lange und er w\u00e4re wieder ein fast normaler Junge. Wenn Mika mitmachte. Mit einem gewagten Sprung landete das Monster auf einem schmalen Fensterbrett und starrte in den Raum, der dahinter lag. Nat\u00fcrlich h\u00e4tte es das Glas einschlagen k\u00f6nnen, aber es sp\u00fcrte, wer sich dahinter aufhielt und dass derjenige ihm freiwillig \u00f6ffnen w\u00fcrde. Da brauchte es seine Kr\u00e4fte nicht unn\u00f6tig zu verschwenden. Nur wenige Sekunden sp\u00e4ter stand jemand auf der anderen Seite des Fensters und betrachtete eingehend den gerade angekommenen Besucher, bevor es bereitwillig aufmachte und einen Schritt zur\u00fccktrat. Diese Einladung nahm das Etwas nur allzu gerne an; es stieg vom Fensterbrett auf den Schreibtisch, wobei es einige Dinge herunterwarf, und biss das andere zur Begr\u00fc\u00dfung erst einmal fest in die Schulter. Eigentlich w\u00e4re das nicht so schlimm gewesen, wenn Jaromir nicht genau w\u00fcsste, dass Mika in normaler Menschenform noch tagelang mit einer schmerzenden Bissspur unterwegs sein w\u00fcrde. Auch wenn er im Moment anders aussah, es war immer noch er. Zum Gl\u00fcck nahm Mika es ihm nie \u00fcbel, da er wusste, dass Jaromir im Gegensatz zu ihm nicht in der Lage war, in manchen Situationen das Etwas nach seinem Willen zu lenken. Sonst h\u00e4tte er das oft genug angewandt, um Mika nicht unn\u00f6tig weh zu tun. Nun fing der Teil an, den Jaromir gleichzeitig absto\u00dfend und faszinierend fand. Es klang abwegig und v\u00f6llig aus der Luft gegriffen, aber Mika und er mussten in ihrer momentanen Form miteinander schlafen, um schnellstm\u00f6glich wieder menschlich zu werden. Angenehm war es nicht, besonders wenn man den passiven Part \u00fcbernehmen musste, aber es funktionierte tats\u00e4chlich und lieber tat Jaromir etwas, was er normal nie wagen w\u00fcrde, als die ganze Nacht als Monster die Gegend unsicher zu machen. Seit einem halben Jahr kam er \u2013 oder eher das Etwas \u2013 immer zu Mika, nachdem er ihm eines Nachts zuf\u00e4llig \u00fcber den Weg gelaufen war, auf einer leeren Wiese im hintersten Winkel des Parks. Vorher hatte er vermutet, der einzige mit solch einem unsch\u00f6nen Schicksal zu sein, doch er hatte in Mika jemanden gefunden, der erstens viel mehr \u00fcber sie wusste und ihm zweitens 'helfen' konnte. Das erste Mal zwischen ihnen war eher ein Zwang gewesen, da sie nicht miteinander kommunizieren konnte und Mika ihm somit nicht hatte sagen k\u00f6nnen, was er mit ihm tat, aber im Nachhinein war Jaromir doch irgendwie froh gewesen, einen Weg gefunden zu haben, sich zur\u00fcckzuverwandeln. Auch wenn ihm der Weg immer noch oft genug Kopfzerbrechen einbrachte. In ihrer normalen Form hatten sie abgesprochen, sich immer abzuwechseln, was zumindest Jaromirs Monster nicht einsehen konnte, weil es daf\u00fcr nicht den n\u00f6tigen Verstand besa\u00df. Also musste sich Mika entweder ihm unterwerfen oder er brachte ihn mit ziemlicher Gewalt dazu, sich ihm unterzuordnen. Diese Art hasste Jaromir am meisten, da es furchtbar weh tat, aber ansonsten musste Mika immer leiden, da seine andere Form nicht daran gew\u00f6hnt war, sich zur\u00fcckzuhalten. So oder so endete jedes Treffen von ihnen ziemlich blutig. Heute musste wieder Mika daran glauben, weshalb er sich schon ergeben auf das Bett platziert hatte und auf das Unvermeidliche wartete. Die hellblau leuchtenden Augen funkelten Jaromir trotzdem herausfordernd an, um zu zeigen, dass er keine Angst hatte, obwohl er sich fast in Lebensgefahr begab. Sanft lief hier nichts ab, es ging einzig und allein darum, die Kr\u00e4fte der Monster aufzubrauchen, sodass sie sich zur\u00fcckzogen und die zwei Jungs allein zur\u00fccklie\u00dfen. Meistens mit tiefen Kratzern, halb ohnm\u00e4chtig und zu keinem logischen Gedanken mehr f\u00e4hig. Kaum hatte sich Jaromirs Monster neben seinem Gastgeber eingefunden, begann es mit einer kleinen Machtdemonstration, bei dem es immer heftiger in Mikas Oberarme biss und ihm seine Krallen in den R\u00fccken schlug, bevor es \u00fcberhaupt auf die Idee kam, mit seinem eigentlichen Vorhaben anzufangen. Entsetzt beobachtete Jaromir die Spuren, die sp\u00e4ter Mikas Oberk\u00f6rper entstellen w\u00fcrden. Zwar sah man bei den Monster nur wenig, aber dessen Haut war viel widerstandsf\u00e4higer als die von Mika; sobald die Ver\u00e4nderung sich umkehrte, w\u00fcrde sein R\u00fccken aussehen, als h\u00e4tte Jaromir ihn mit einer Glasscherbe verunstaltet. Hoffentlich w\u00fcrde der Blutverlust nicht allzu gro\u00df sein, er wusste n\u00e4mlich bis heute nicht, wo sich in diesem Haus das Verbandszeug befand. Mit aller Gewalt packte es das Wesen, das Mikas K\u00f6rper \u00fcbernommen hatte, an den knochigen H\u00fcften, um es an einer m\u00f6glichen Flucht zu hindern, und stie\u00df mit unglaublicher Kraft in den unter ihm liegenden. Zwar war es von der Natur vorgesehen, dass sich m\u00e4nnliche und weibliche Artgenossen paarten, damit auch ihre Art nicht ausstarb, aber als Ersatz reichte das hier allemal. Mit einem schlechten Gewissen, weil er nichts gegen die Grobheit des Etwas unternehmen konnte, betrachtete Jaromir Mikas R\u00fccken, der heftig unter ihm zitterte. Aus eigener Erfahrung wusste er, dass es furchtbar weh tat, wenn man ohne Vorbereitung genommen wurde, in diesem Punkt konnte sogar Mika sein neues Ich zu nichts zwingen. Sobald es erst einmal Lust hatte, lie\u00df es nicht mehr mit sich reden, bis es in ihm gekommen war. Innerlich seufzend versuchte Jaromir die Erregung des Monsters auszublenden, er wollte es nicht sp\u00fcren und dadurch diesen Sex genie\u00dfen, w\u00e4hrend Mika unter ihm so gequ\u00e4lt wurde. Das hatte er nicht verdient. Es zog sich immer l\u00e4nger hin, das Etwas schien gar nicht genug bekommen zu k\u00f6nnen und das musste Mika ausbaden, denn erst wenn es seinen H\u00f6hepunkt erreichte \u2013 und er am besten auch \u2013, bildeten sich die verzerrten Gliedma\u00dfen zur\u00fcck, die F\u00e4rbungen wurden normal und sie konnten wieder vollkommen \u00fcber sich bestimmen. Vorausgesetzt, sie waren danach noch bei Bewusstsein. Schon \u00f6fters war Jaromir direkt danach in Ohnmacht gefallen, vor allem wenn er unter Mika gelegen hatte, und war erst Stunden sp\u00e4ter eng an Mika gedr\u00e4ngt aufgewacht war. F\u00fcr viele Menschen war Sex etwas Tolles, f\u00fcr Jaromir und Mika war es die schmerzhafte Alternative zu einer ganzen Nacht in einer grotesken Gestalt. Irgendwann nahm Jaromir wahr, dass es nicht mehr lange dauern w\u00fcrde, was ihn etwas beruhigte. Es musste schon nach zwei sein, viel l\u00e4nger hielt Mika vielleicht nicht mehr durch und brach zusammen, das w\u00e4re nicht der Sinn ihres Treffens gewesen. Immer st\u00e4rker wurden die St\u00f6\u00dfe des Monsters, das sich inzwischen \u00fcberhaupt nicht mehr zur\u00fcckhielt und schamlos an Mikas Glied herumrieb, um ihn noch f\u00fcr den letzten Weg bereit zu machen. Seine Krallen hatten fast jeden Zentimeter von Mikas Haut zerkratzt oder sie durch Bisse verletzt, ein deutliches Zeichen, wie sehr ihm die ganze Angelegenheit gefiel. Mit einem heftigen Zucken kam das Etwas zum H\u00f6hepunkt, was bei Mika zum Gl\u00fcck nach einer halben Minute ebenfalls der Fall war. Von der Wirkung \u00fcberschwemmt trennten sie sich eilig, da sie merkten, dass sie nicht mehr lange in dieser Form sein w\u00fcrden. Und tats\u00e4chlich beobachtete Jaromir, wie seine Haut endlich den krankhaften Ton verlor, seine Arme nicht mehr so \u00fcbertrieben langgezogen aussahen und an Mikas R\u00fccken tiefe Verletzungen aufrissen, die vorher nicht so sichtbar gewesen waren. Das Grauen hatte ein Ende und gleichzeitig begann das n\u00e4chste, denn nun h\u00f6rte er Mikas schwaches Wimmern wegen seinen unz\u00e4hligen Wunden, die das Bettzeug unter ihm rot f\u00e4rben, und ihm selbst liefen die ersten Tr\u00e4nen \u00fcber die Wangen. Leise schluchzend strich er \u00fcber Mikas entstellten R\u00fccken und w\u00fcnschte sich einfach, ihm nie begegnet zu sein, dann m\u00fcsste er auch nicht seinetwegen solche schrecklichen Dinge ausstehen. Jaromir knipste die Nachttischlampe an, um auch ohne mutierte Augen den \u00dcberblick zu behalten, und starrte schockiert auf seine blutverschmierte Hand, die eben noch auf Mikas Wirbels\u00e4ule geruht hatte. Hastig sprang er auf, versuchte trotz seiner begrenzten Sicht durch die Tr\u00e4nen etwas zu finden, womit er Mika versorgen konnte, und nahm schlie\u00dflich aus Mangel an Taschent\u00fccher oder \u00e4hnlichen ein T-Shirt, das \u00fcber dem Schreibtischstuhl gehangen hatte. Vielleicht w\u00e4re Mika nachher w\u00fctend auf ihn, weil er es benutzt hatte, aber er machte sich gerade solche Sorgen, dass alles andere in den Hintergrund r\u00fcckte. Vorsichtig tupfte er die blutenden Verletzungen ab, untersuchte auch Mikas Arme, an denen er auch nicht Halt gemacht hatte, und stellte besch\u00e4mt fest, dass Mikas Po ebenfalls ziemlich in Mitleidenschaft gezogen worden war. Allerdings traute sich Jaromir nicht, ihn dort zu ber\u00fchren, er wollte ihm nicht noch zus\u00e4tzlich weh tun. \u201eJaro?\u201c, brachte Mika zwischen seinen kaum h\u00f6rbaren Schmerzenslauten hervor. \u201eBist du das?\u201c Er schien kaum etwas wahrzunehmen. \u201eJa, es tut mir so Leid.\u201c Zitternd wischte er sich die st\u00f6renden Tr\u00e4nen aus dem Gesicht, Mika sollte nicht sehen, dass er schon wieder geweint hatte. Das tat er fast jedes Mal, er fand immer einen Grund dazu. Entweder weil er sich schuldig f\u00fchlte, weil ihm alles weh tat oder weil er einfach Angst hatte, ob es f\u00fcr immer so weitergehen w\u00fcrde. \u201eMuss es nicht, ich wei\u00df ja, was passieren w\u00fcrde und habe dich trotzdem rein gelassen.\u201c Mikas Stimme versagte ihm mittendrin fast und er st\u00f6hnte gequ\u00e4lt auf, als er versuchte, sich auf den R\u00fccken zu rollen. \u201eBleib liegen, sonst ruinierst du das ganze Bett.\u201c Obwohl es sowieso schon mehr rot als wei\u00df war. \u201eKann ich irgendetwas f\u00fcr dich tun?\u201c \u201eKomm her.\u201c Mika machte ihm deutlich, sich neben ihn zu setzen, was Jaromir auch tat. Die N\u00e4he des anderen Jungens beruhigte ihn meistens etwas, aber heute funktionierte es nicht, stattdessen schluchzte er nur leise vor sich hin, weil ihm das alles einfach zu viel wurde. \u201eWein doch nicht schon wieder.\u201c Vorsichtig zog sich Mika an ihm in die H\u00f6he, sodass ihre Gesichter fast auf derselben H\u00f6he waren, und strich mit den Fingerspitzen einige nasse Spuren von Jaromirs Wange. Daf\u00fcr verlief nun ein schwacher roter Strich \u00fcber dessen Gesicht, was er zum Gl\u00fcck nicht sah. \u201eDu tust nur das, was du f\u00fcr richtig h\u00e4ltst und du kannst nichts daf\u00fcr, dass das Ding dir keine M\u00f6glichkeit l\u00e4sst, selbst zu handeln. Meins merkt, dass ich Ahnung habe.\u201c Er kniff kurz die Augen zusammen und lehnte seinen Kopf an Jaromirs Schulter. \u201eDu bist am wenigsten Schuld an allem. Eigentlich bin ich es, immerhin habe ich dir das bei unserem ersten Treffen angetan und das ist die Strafe daf\u00fcr.\u201c \u201eRed nicht so einen Bl\u00f6dsinn. Du hast es gutgemeint.\u201c Das konnte er aber auch nur im Nachhinein sagen, im Augenblick der Tat hatte er solche Panik gehabt, dass er fast gestorben w\u00e4re. W\u00e4re das Ergebnis nicht so positiv f\u00fcr ihn gewesen, h\u00e4tte er Mika nat\u00fcrlich nie verzeihen k\u00f6nnen, was er ihm angetan hatte. \u201eKeine Diskussionen, bitte.\u201c Mika war immer noch erschreckend blass und wohl nicht in der Lage, mit ihm \u00fcber ethische Fragen zu debattieren. \u201eBleib einfach nur hier, mehr will ich von dir nicht.\u201c Z\u00f6gernd richtete er sich ein St\u00fcck auf und dr\u00fcckte Jaromir einen Kuss auf die Stirn. Seine aufgebissene Lippe hinterlie\u00df einen roten Abdruck auf der hellen Haut. Etwas \u00fcberrumpelt zuckte Jaromir zur\u00fcck, weil Mika ihn bis jetzt nur zweimal gek\u00fcsste hatte und sich sonst mit normalem K\u00f6rperkontakt begn\u00fcgte. Aber er wollte ihm damit zeigen, dass er ihm nicht b\u00f6se war, was er \u00f6fters bei Jaromir tun musste. Dieser f\u00fchlte sich n\u00e4mlich wegen jedem Benehmen des aggressiven Monsters schuldig. \u201eWie komme ich dann sp\u00e4ter nach Hause? Fahren mich deine Eltern?\u201c \u201eM\u00fcssen sie, immerhin sollen deine Eltern nicht merken, dass du heute Nacht bei mir und nicht zuhause warst.\u201c Seufzend schlang Mika seine Arme um Jaromir und zog ihn mit sich auf das Bett. So lagen sie nun dort: Nackt, ersch\u00f6pft und verletzt in einem gro\u00dfen blutbefleckten Bett. Genauso hatten Mikas Eltern sie bei ihrem ersten Treffen hier entdeckt. Bei dieser Begegnung w\u00e4re Jaromir fast das Herz stehen geblieben und auch Mika war v\u00f6llig entsetzt gewesen, aber seine Eltern schienen nicht allzu verwirrt zu sein, denn wie sie sich nach einem intensiven Gespr\u00e4ch herausstellte, hatte Mika diese Anomalie von seinen Eltern geerbt und sie hatten vermutet, dass ihr Sohn jemanden gefunden hatte, durch dessen Hilfe er vorzeitig normal wurde. Dass derjenige m\u00e4nnlich war, fanden sie zwar sehr gew\u00f6hnungsbed\u00fcrftig, aber sie hatten sich nie negativ dar\u00fcber ge\u00e4u\u00dfert. Aber da sie nicht wussten, ob es sich bei Jaromir auch um Vererbung oder einfach um einen Gendefekt handelte, wollten sie nicht, dass seine Eltern Verdacht sch\u00f6pften und erkl\u00e4rten sich bereit, ihn immer kurz vor dem eigentlichen Aufstehen nach Hause zu fahren. Anders w\u00e4re Jaromir manchmal gar nicht nach Hause gekommen. \u201eTut es noch sehr weh?\u201c, fragte Jaromir nach einiger Zeit, in der Mika und er sich nur angeschwiegen hatten. \u201eLeider, das wird auch noch l\u00e4nger anhalten. Ich glaub, ich geh heute besser nicht in die Schule, ich k\u00f6nnte nicht einmal richtig sitzen.\u201c \u201eEs tut mir...\u201c\u201eJa, ich wei\u00df es, aber das macht es nicht besser, au\u00dferdem bist du der letzte, der etwas daf\u00fcr kann, sieh es doch endlich ein, Jaro.\u201c Mika vergrub sein Gesicht an Jaromirs Brust und kitzelte ihn dabei mit seinen Haaren am Kinn. \u201eDas sagst du jedes Mal.\u201c Besonders behaglich fand er es nicht, in Mikas Blut zu liegen, aber da dieser ihn so fest an sich dr\u00fcckte, als wollte er ihn nie wieder loslassen, blieb ihm nichts anderes \u00fcbrig. Gerne h\u00e4tte er sich auch Kleidung angezogen, einfach weil er es gewohnt war, aber Mika w\u00e4re wohl nicht so begeistert davon. Er mochte es, wenn sie so nebeneinander lagen, hatte er einmal zugegeben. Langsam erfasste die M\u00fcdigkeit die beiden und dieses Mal brauchten sie nicht dagegen anzuk\u00e4mpfen, die Monster in ihnen mussten erst wieder zu Kr\u00e4ften kommen, bevor sie wieder zuschlugen. Erledigt von den Ereignissen der letzten Stunden schloss Jaromir die Augen, kuschelte sich noch ein wenig n\u00e4her an Mika und schlief schon bald an. Sie hatten es verdient, wenigstens die n\u00e4chsten drei Stunden ruhig schlafen zu d\u00fcrfen.",
            "wordcount": "3.332",
            "chapter_release": "10.12.2009",
            "chapter_number": "1"
        },
        "2": {
            "text": "Das Erwachen kam schnell und unangenehm. Jaromir f\u00fchlte sich zerschlagen und m\u00fcde, er h\u00e4tte alles daf\u00fcr gegeben, noch weiter die verdiente Erholung auskosten zu d\u00fcrfen, doch als er ein wenig die Augen \u00f6ffnete, drang die Realit\u00e4t zu ihm durch. Mika, der blass und verletzt an ihn gedr\u00fcckt dalag; das fremde Zimmer mit dem von Blut verkrusteten Bettlacken, dem verw\u00fcsteten Schreibtisch und dem offenen Fenster, durch das die Sonne ihr Licht auf sie warf. Jaromirs Schlaf war durch den Wecker auf dem Nachttisch gest\u00f6rt worden, der seit mindestens f\u00fcnf Minuten piepte und darauf wartete, ausgeschaltet zu werden. \u201eMika, wir m\u00fcssen aufstehen\u201c, fl\u00fcsterte er dem anderen Jungen ins Ohr und ber\u00fchrte ihn vorsichtig an der Schulter. Mehr traute er sich nicht, daf\u00fcr hatte er ihn dort gestern Abend zu sehr zugerichtet. Oder eher das Monster. F\u00fcr ihn war es immer noch schwierig, zwischen sich und ihm zu differenzieren. \u201eIch kann nicht.\u201c Mikas Gesicht verzerrte sich schon vor Schmerz, als er sich nur in Position r\u00fccken wollte, und Jaromir bereute sofort, ihn geweckt zu haben. Er musste wirklich unglaublich leiden, da brauchte er jede Minute, in der er sich von den Strapazen ausruhen konnte. \u201eDas ist wohl besser f\u00fcr dich. Soll ich was f\u00fcr dich tun?\u201c Zwar war er selbst noch hundem\u00fcde und v\u00f6llig am Ende, aber sein Gewissen lie\u00df nicht zu, dass er nun schon verschwand und Mika seinem Schicksal \u00fcberlie\u00df. \u201eKannst du mir\u2026 Wasser holen\u2026 bitte?\u201c So heiser wie er klang, war es kein Wunder, dass er etwas trinken wollte. Aber selbst holen kam erst gar nicht infrage. M\u00fchsam richtete sich Jaromir auf, rieb sich den restlichen Schlaf aus dem Gesicht, um sich ganz auf Mikas Bed\u00fcrfnisse konzentrieren zu k\u00f6nnen, und stand vom Bett auf. Wie von selbst suchten seine Augen zuerst nach Kleidungsst\u00fccken, die er \u00fcberziehen konnte, bevor er sich auf den Weg in die K\u00fcche machte. Nackt lief er nicht durch Mikas Haus; wenn dessen Eltern wach w\u00e4ren, w\u00fcrde Jaromir sonst vor Scham im Boden versinken. \u201eMika, kann ich mir Klamotten von dir ausleihen?\u201c Das tat er oft, wenn er nach einer Nacht in Monstergestalt hier erwachte; er brachte sie auch immer wieder zur\u00fcck, sonst h\u00e4tte Mika l\u00e4ngst die H\u00e4lfte seines Kleiderschranks bei ihm untergebracht. \u201eKlar.\u201c Immerhin wusste er, dass er sie wieder bekam. Jaromir suchte etwas planlos in den Schubladen herum und angelte schlie\u00dflich das, was er ben\u00f6tigte, heraus und zog es sich \u00fcber. Farblich nicht zueinander passend und teilweise zu eng, weil Mika kleiner als er war, aber das war im Augenblick absolut irrelevant. So schnell seine noch matten Beine es ihm erlaubten, eilte Jaromir in die kleine K\u00fcche ein Stockwerk unter Mikas Zimmer, holte ein Glas aus dem Regal und eine Flasche aus dem K\u00fchlschrank und brachte es alles zu Mika, der ihn f\u00fcr diesen Dienst liebevoll wie so oft anl\u00e4chelte und sich unter Qualen dazu zwang, sich aufzurichten. Im Liegen konnte man nicht trinken und auf dem Laken nutzte das Wasser niemandem etwas. \u201eWas w\u00e4r ich nur ohne dich, Jaro?\u201c \u201eBestimmt gl\u00fccklicher, weil du nicht verletzt w\u00e4rst.\u201c Es versetzte Jaromir jedes Mal einen Stich, wie dankbar Mika ihm f\u00fcr alles war, obwohl er ohne ihn doch so viel besser dran w\u00e4re. Manchmal w\u00fcnschte er sich, ihm nie begegnet worden zu sein, um Mika die ganzen Schmerzen und Leiden ersparen zu k\u00f6nnen, selbst wenn er dann ganze N\u00e4chte als Monster zu erdulden hatte. \u201eIch w\u00e4re dann nicht gl\u00fccklicher, weil ich dich nicht kennen gelernt h\u00e4tte.\u201c Obwohl Mikas L\u00e4cheln ehrlich gemeint war, wirkte es gequ\u00e4lt und gezwungen; die Wunden gingen ihm an die Substanz. Es blieb zu hoffen, dass sie in n\u00e4chster Zeit nicht aufeinander angewiesen waren, sonst hielt das Mikas K\u00f6rper nicht aus. \u201eSoll ich dich noch einmal untersuchen, bevor ich gehe?\u201c Es war halb sechs, in einer halben Stunde wachten seine Eltern auf und bis dahin musste er von hier fort sein; sie durften seine Abwesenheit nicht mitbekommen, sonst kamen Fragen auf, die Jaromir nicht beantworten wollte. Die Wahrheit konnte er ihnen nicht zumuten. \u201eEs ist wohl besser. Aber sei bitte vorsichtig, Jaro.\u201c Mika sank wieder in die rot eingef\u00e4rbten Kissen zur\u00fcck, die Augen geschlossen, sein Atem ging etwas zu schnell. Die Bewegungen eben hatten ihn fast \u00fcberfordert. Jaromir setzte sich neben ihn, begutachtete sein Gesicht, das noch am ehesten verschont geblieben war, die Arme mit den vielen Kratzern, Absch\u00fcrfungen und Kerben, die von den Krallen durchbohrte Haut an der Brust und ganz besonders an den Oberschenkel. Es sah alles schlimm aus, aber es blutete nicht mehr, es hatten sich Krusten gebildet und die Heilung an einigen Stellen schon eingesetzt. Behutsam rollte er Mika herum, sodass er freien Blick auf dessen R\u00fccken hatte, der am meisten abbekommen hatte. Ein Wunder, dass er nicht auf dem Bauch geschlafen hatte, das w\u00e4re wohl schmerzfreier gewesen. Aber weiterhin wollte er Mika nicht am Po herumfummeln, da str\u00e4ubte sich alles in ihm dagegen. Das tat er einfach nicht, es gen\u00fcgte, dass das Monster oft genug in ihm gekommen war. \u201eJaro, ich wei\u00df, dass dir das unangenehm ist\u2026 ich finds auch nicht toll\u2026 aber ich muss wissen, ob da vielleicht was eingerissen ist und ich zum Arzt muss.\u201c Soweit es ihm m\u00f6glich war, hob Mika seinen Po an und reckte ihn Jaromir etwas entgegen, damit Jaromir ihn besser betrachten konnte. Die Situation war ihm unglaublich peinlich und Jaromir h\u00e4tte vieles daf\u00fcr gegeben, um das nicht tun zu m\u00fcssen, aber er sah ein, dass Mika einfach Recht hatte. Das Monster hatte ihn so entstellt, wer wusste, ob es nicht auch sein Loch in Mitleidenschaft gezogen hatte. Zaghaft dr\u00fcckte Jaromir die Pobacken auseinander und stellte erleichtert fest, dass Mikas Anus zwar noch etwas ger\u00f6tet war, aber keine deutlichen Verletzungen aufwies. Wenigstens ein Ort, der von der Zerst\u00f6rungswut des Monsters halbwegs verschont geblieben war. \u201eAlles in Ordnung\u201c, verk\u00fcndete Jaromir hastig und l\u00f6ste seine Finger von Mika, als h\u00e4tte er sich verbrannt. \u201eSoll ich dir noch das Bett abziehen oder so?\u201c\u201eNein, ist okay, das mach ich, wenn ich aufstehen kann.\u201c \u201eDann geh ich mal, sonst merken meine Eltern, dass ich nicht zuhause war.\u201c Und sp\u00e4testens dann wurde es richtig ungem\u00fctlich f\u00fcr ihn, worauf er gerne verzichtete, solange es nicht wirklich notwendig war. \u201eSollen meine Eltern dich nicht fahren? Dann bist du schneller da und du musst nicht laufen\u201c, wollte Mika ihn \u00fcberzeugen, doch Jaromir sch\u00fcttelte den Kopf. Heute nicht, es ging ihm soweit gut, dass er gehen und stehen konnte, in der Schule m\u00fcsste er auch nichts anderes tun. \u201eNein, ist schon gut, ich schaff den Weg auch so nach Hause.\u201c Zum Abschied beugte sich Jaromir noch einmal zu Mika hinunter und umarmte ihn kurz, in der Hoffnung, ihn nicht so bald nachts wiedersehen zu m\u00fcssen, und verlie\u00df das Haus wie ein normaler Mensch durch die Eingangst\u00fcr. Schon in den ersten Minuten, die Jaromir im Unterricht festsa\u00df, \u00fcberkam ihn das Gef\u00fchl, gleich verr\u00fcckt zu werden; dieses Doppelleben fra\u00df ihn jedes Mal mehr auf, jede Nacht, die er als Monster verbrachte und in der er ohne seine Kontrolle in Mika eindrang, hielt ihn vor Augen, dass dieser Kreislauf bis zu seinem Tod so verlaufen w\u00fcrde. Keiner durfte auch nur ahnen, was mit ihm geschah, seine Eltern nicht, seine Klassenkameraden genauso wenig, nicht einmal harmlose Passanten sollten diese B\u00fcrde des Mitwissens ertragen. Nur Mika, den er so lieb gewonnen hatte und der trotzdem seinetwegen leiden musste, weil er sein Monster nicht unter Kontrolle bringen konnte. Wenn ihm das gelang, dann w\u00e4re das ein gro\u00dfer Fortschritt, er verringerte sinnlose Verletzungen an Mikas d\u00fcnnen K\u00f6rper. Alles war zum Verzweifeln und ohne Ausweg. Halb erschlagen von diesen Aussichten und Tatsachen, die jeder Zeit pr\u00e4sent in seinem Kopf herumflogen, sank er auf seinem Stuhl in sich zusammen. Die M\u00fcdigkeit gepaart mit den beginnenden Kopfschmerzen bekam ihm nicht gut, vor allem nicht, wenn er eigentlich den Vortr\u00e4gen seiner Lehrer lauschen und sie verinnerlichen m\u00fcsste. Er sp\u00fcrte schon die skeptischen Blicke seiner Mitsch\u00fcler, die ihn inzwischen als nicht mehr ganz dicht abgestempelt hatten, und ahnte, dass sp\u00e4ter wieder ein Gespr\u00e4ch mit irgendwelchen Vertrauenslehrern anfallen d\u00fcrfte. Das geschah oft, wenn er wie traumatisiert durch die vielen Stunden wankte und sich nicht dazu durchrang, sich zu konzentrieren. Wenigstens wurde er im Unterricht selbst nicht mehr andauernd auf seinen Zustand angesprochen, je \u00f6fter das geschehe war desto besch\u00e4mter hatte Jaromir es aufgenommen. Es hatte eine Zeit gegeben, da war er ein guter Sch\u00fcler gewesen, nicht ununterbrochen \u00fcbern\u00e4chtigt und geistig um Lichtjahre entfernt, sondern munter, fr\u00f6hlich, fast schon \u00fcberm\u00e4\u00dfig interessiert an dem, was sich um ihn herum abspielte. Inzwischen war ihm alles egal, solange es Mika nicht schlecht ging und sein Geheimnis ein Geheimnis blieb. In der ersten gro\u00dfen Pause besorgte er sich gleich drei Kaffees, um seine Aufmerksamkeit zu steigern und sich nicht wieder \u00c4rger einzuhandeln. Nat\u00fcrlich h\u00e4tte er nach Hause gehen k\u00f6nnen, jeder der hier Anwesenden w\u00fcrde bezeugen, wie blass und krank er aussah, aber er musste oft genug daheim bleiben, wenn Mika ihn in die unterlegene Position zwang und er danach nicht einmal ans Aufstehen denken wollte. Seine Fehlzeitenanzahl war in unm\u00f6gliche Dimensionen geschossen, kein anderer aus seinem Jahrgang fehlte so oft wie er es tat. Der Kaffee schmeckte ihm nicht, viel zu hei\u00df und bitter floss er seine Kehle hinunter und es h\u00e4tte nicht viel gefehlt und Jaromir h\u00e4tte ihn wieder ausgespuckt. Aber es war wichtig f\u00fcr ihn, nicht wieder einzuschlafen, dadurch schuf er sich unn\u00f6tige Probleme, die ihn noch zus\u00e4tzlich belasteten. \u201eNa, wieder die Nacht durchgemacht?\u201c, h\u00f6rte er jemanden hinter sich mit einer deutlichen Spur Geh\u00e4ssigkeit in der Stimme fragen. Er realisierte nicht einmal genau, wer es war, er wollte es gar nicht erfahren, wer sich schon wieder \u00fcber sein stummes Leiden lustig machte. Niemand von ihnen konnte sich auch nur im Ansatz ausmalen, was er so oft in den N\u00e4chten durchmachte. \u201eSchlaf mal lieber, dann musst du nicht diese widerliche Br\u00fche kippen.\u201c Irgendwer konnte es heute nicht lassen, seinen Senf zu seinem Leben dazuzugeben. Aber Jaromir gab ihm nicht die Genugtuung, auf seine dummen Spr\u00fcche einzugehen, er warf stattdessen nur die leeren Becher in den n\u00e4chstgelegen M\u00fclleimer und steuerte noch sp\u00fcrbar benebelt den Weg zum Schulgeb\u00e4ude an. Wer auch immer es gewesen war, er konnte sich mit seinem Abfall sein bl\u00f6des Maul stopfen. Die n\u00e4chsten Tage blieben ruhig, Jaromir war unglaublich dankbar daf\u00fcr, diese aufeinanderfolgenden N\u00e4chte ausschlie\u00dflich zum Schlafen zur Verf\u00fcgung zu haben. Viele wussten es nicht zu w\u00fcrdigen, aber er war gl\u00fccklich \u00fcber jede Stunde Schlaf, jeden Augenblich Ruhe, der seinem armen K\u00f6rper zur Verf\u00fcgung stand, den er tr\u00e4umend in seinem Bett verbringen durfte und in dem sich nicht unter Qualen verwandelte. Nur Mika verstand ihn, aber ein innerer Widerstand hielt ihn davon ab, sich in seiner menschlichen Form ganz normal mit Mika zu treffen, denn seine Anwesenheit hatte immer den leicht bitteren Nachgeschmack von Blut, heiseren Schreien und unmenschlichem Sex, der einem im schlimmsten Fall den Muskelring zerriss oder das Leben stahl. Und gleichzeitig h\u00e4tte Jaromir nichts lieber getan, als Mika \u00f6fter zu sehen, sich in seiner Umarmung wiederzufinden und auch mal nicht geschw\u00e4cht neben ihm einzuschlafen. Einmal, nach der Schule, als er in Gedanken versunken eine Stra\u00dfe \u00fcberquerte, hatte er eine Gestalt gesehen, die eigentlich nur Mika sein konnte, der etwas z\u00f6gerliche Gang und die blonden Haare verrieten es ihm, aber er traute sich nicht, nach ihm zu rufen, ihn auf sich aufmerksam zu machen. Vielleicht wollt er ihn nicht sehen, denn noch einen Tag davor war er wieder seinetwegen mit vielen Bissen und Kratzern aufgewacht. Es war leider am einfachsten, diese zwei Welten voneinander zu trennen; die gew\u00f6hnliche, langweilige, in der er sich immer mehr fehlplatziert f\u00fchlte, und diese verdrehte, brutale, die aber nicht real und lebensfreundlich genug war, um dort auf immer zu verweilen. Am liebsten h\u00e4tte er keine gew\u00e4hlt und sich stattdessen Mika geschnappt, um mit ihm vor dieser Entscheidung zu fliehen. Doch es kam die Nacht, die ihn wieder in alte Zust\u00e4nde versetzte, seine Hoffnung auf Ver\u00e4nderung zerst\u00f6rte und ihm ein unansehnliches \u00c4u\u00dferen und ein \u00fcbersteigertes Aggressionspotential verlieh. Die Wellen aus Schmerz zuckten wie so oft durch jeden Punkt, jede Zelle seines K\u00f6rpers und schienen sich \u00fcber ihn lustig zu machen, indem sie immer mehr anschwollen, bis er kurz davor stand, in Tr\u00e4nen auszubrechen. Um das zu verhindern, dr\u00fcckte er sein Gesicht in sein Kopfkissen, bis es endete, er den Punkt des Kontrollverlusts erreichte und sich selbst nicht mehr \u0001 \u0002 \u00fcbernahm das blaue Monster, dieses d\u00fcrre, gewaltt\u00e4tige Wesen, das gleichzeitig ein Teil von ihm war. Nur die F\u00e4higkeit zu denken, das Geschehen zu reflektieren \u00fcberlie\u00df man ihm, das einzige, worauf er in solchen Momenten nur zu gerne verzichtete. Es riss an der Bettdecke, bis sich F\u00e4den l\u00f6sten, zog seine Krallen \u00fcber die Tischplatte und den Lampenschirm, wie um sich dort zu verewigen. Erst dann folgt es seinen typischen Instinkten, verlie\u00df das Zimmer durch das Fenster und begab sich auf den Marsch zu Mika. Es konnte kaum seine ansteigende Erregung b\u00e4ndigen, obwohl heute Mika an der Reihe w\u00e4re, sich in ihm zu versenken. Solche Feinheiten interessierten triebgesteuerte Lebewesen nicht. Lautlos und getrieben von seinen Bed\u00fcrfnissen rannte es durch die dunkle Stadt, lie\u00df sich dieses Mal auch nicht von Menschen ablenken, die es sonst auch ins Auge gefasst hatte. Heute stand Mika ganz oben auf der Liste der interessanten Dinge, was Jaromir nicht unbedingt beruhigte. \u00dcbertrugen sich seine Sehns\u00fcchte, Mika nah zu sein, schon unbewusst auf das Monster? Und was f\u00fcr Auswirkungen bedeutete das f\u00fcr sie beide dann?Schneller als Jaromir es f\u00fcr m\u00f6glich gehalten h\u00e4tte standen sie vor Mikas Haus, das so friedlich vor ihnen lag, als w\u00fcrde dort nie etwas Unerkl\u00e4rbares wie das Zusammentreffen zweier Monster ablaufen. Die Blicke des Monsters suchten die Fassade nach dem bekannten Fenster ab, das wie immer offen stand, sie still dazu einlud, das Haus zu betreten, ohne viel L\u00e4rm anzurichten. Diese Chancen nutze das Monster wie so \u00fcblich, Jaromir sp\u00fcrte eine schwache Zufriedenheit, die von ihm ausging, als es sich einen Weg ins Innere erk\u00e4mpfte, um seinem Ziel n\u00e4her zu kommen. Jaromir stockte fast das Herz, als sie in der Zimmermitte standen und er eine zusammengerollte Gestalt in ihrem Bett liegen sah, die in keinster Weise mutiert oder auch nur wach wirkte, sie schlummerte tief und fest. Das durfte nicht sein, dieses Szenario war ihm bisher noch nie untergekommen. Sie hatten sich immer zum selben Zeitpunkt ver\u00e4ndert, warum kamen sie ausgerechnet jetzt, da das Vieh so ein starkes Begehren nach Mika ausstrahlte, aus dem Takt? Verzweifelt \u00fcberlegte Jaromir, was er tun, ob er dem Monster irgendeine Alternative bieten konnte, die es ruhig stellte und ihm auch seine urspr\u00fcngliche Form wiedergab, aber in seinem Verstand herrschte Leere, der Schock behinderte jeden sinnvollen Gedanken schon im Ansatz. Ungn\u00e4dig \u00fcber diese Wendung ihres Abend fauchte das Monster in Richtung Mika, stakste auf ihn zu und zerrte ihm die Decke weg; danach legten sich seine Klauen auf sein T-Shirt, das ihm als Schlafoberteil diente, und zerrte daran, bis es fast riss. \u201eWas ist?\u201c, murmelte Mika leise vor sich hin, nur mit M\u00fche zwang er sich dazu, die Augen einen Spalt zu \u00f6ffnen, aber als er erkannte, wer ihn mitten in der Nacht in seinen eigenen vier W\u00e4nden st\u00f6rte, war er wacher als gew\u00f6hnlich. Entsetzen und eine Menge Angst spiegelten sich in Mikas Augen wider und Jaromir f\u00fchlte sich ohne Grund so schuldig, ihn in eine solche Situation zu bringen. Wie sie enden musste, war jedem hier bewusst, vor allem Mika, der schon wieder als der Leidtragende aus dem Erlebnis herausging. Allerdings d\u00fcrfte es dieses Mal noch qualvoller als zuvor f\u00fcr ihn werden; die Belastbarkeit von Monstern und Menschen unterschied sich deutlich. \u201eIch wei\u00df, was du willst.\u201c Die Worte verlie\u00dfen stockend Mikas Mund. Obwohl er sich vor dem f\u00fcrchtete, was ihn erwartete, kletterte er aus dem Bett, nachdem das Monster ein wenig Abstand zu ihm gewonnen hatte, und zog sich z\u00f6gerlich aus, bis er nackt und mit zusammengebissenen Z\u00e4hnen vor dem Monster, das er heute nicht selbst war, stand und sich pr\u00e4sentierte, damit Jaromir heute Abend noch zu seiner richtigen Gestalt zur\u00fcckfand. Voller Vorfreude stie\u00df das Monster noch ein Fauchen aus, das Zeichen genug sein sollte, dass es beginnen, sich zum ersten Mal dem unver\u00e4nderten Mika widmen wollte. Jaromir rief ihm im Geiste immer wieder zu, es nicht zu tun, doch seine Schreie blieben ungeh\u00f6rt, das Monster war zu sehr darauf fixiert, sein \u00fcbliches Ritual zu vollziehen. Mika war unschl\u00fcssig, in welcher Position er es am ehesten aushalten k\u00f6nnte, was gleich mit ihm geschah; erst dachte er daran, sich mit dem R\u00fccken zum Monster haltsuchend am T\u00fcrrahmen festzuklammern, doch zu gro\u00df erschien ihm die Gefahr, wenn der stechende Schmerz einsetzte, nicht mehr stehen zu k\u00f6nnen, umzuknicken und sich noch mehr zu verletzen. In weiser Voraussicht kniete er also auf allen Vieren auf dem Boden, den Blick an die Wand gerichtet, den f\u00fcr das Monster wichtigsten Bereich ihm zugewandt, damit dieses Grauen ein schnelles Ende \u0001 \u0002 Szene erweckte eine wahnsinnige \u00dcbelkeit in Jaromir, der er aber keine Luft machen konnte, weil das Monster viel zu versessen war und ihn nat\u00fcrlich nicht beachtete; obwohl er es nicht sehen wollte, betrachtete er mit den im Dunkeln alles erkennenden Augen, wie bl\u00e4uliche Klauen sich in das nicht zu \u00fcbersehende Loch dr\u00fcckten, es schamlos erkundeten, als k\u00f6nnte dort drin etwas lauern, was ihm nicht gefiel. Das war der Ersatz f\u00fcr die sonst so intensiv ausgef\u00fchrten Bisse. Einerseits war Jaromir froh, Mika wenigstens dieses Leid ersparen zu k\u00f6nnen, andererseits musste dieses r\u00fccksichtslose Eindringen in seinen Anus eine schreckliche Erniedrigung sein. Er fragte sich ernsthaft, warum Mika das mit sich machen lie\u00df, obwohl er h\u00e4tte fliehen k\u00f6nnen. Ihm musste bewusst sein, dass er weiterhin jederzeit sterben konnte, wenn das Monster ihn aus reiner Gewohnheit die Z\u00e4hne in den Hals bohrte oder andere Grausamkeiten an ihm vornahm. Wie gerne h\u00e4tte er Mika gesagt, wie leid es ihm t\u00e4te, wie gerne er es verhindert h\u00e4tte, wenn er gekonnt h\u00e4tte. Dem Monster wurde es zu langweilig, nur seine Klauen einzusetzen, seine Triebe zwangen es dazu, Mikas H\u00fcfte, die sich einladend vor seinem Gesicht befand, an sich zu rei\u00dfen und ihm mit einem Sto\u00df seinen Penis komplett in sein kaum geweitetes Loch hinein hineinpresste. Mika schrie unvermittelte so laut auf, dass man es in der ganzen Nachbarschaft h\u00f6ren musste, nicht mehr lange und seine Eltern rissen mit Sicherheit die T\u00fcr auf, aber es passierte nichts, niemand h\u00f6rte auf diesen kurzen aber heftigen Schrei, denn sofort biss er sich in die Hand, um niemanden auf sich aufmerksam zu machen, auch wenn er sich dadurch selbst sch\u00e4digte. Leider f\u00fchlte sich das Monster dadurch animiert, seine Bem\u00fchungen, den H\u00f6hepunkt schnell zu erreichen, zu verst\u00e4rken; es zog sich aus Mika zur\u00fcck, nur um mit noch mehr Kraft in sein Inneres vorzudringen. Es f\u00fchlte sich an, als f\u00fcllte das Glied des Monsters das gesamte Rectum soweit aus, das es fast platzte; bei jedem neuen Sto\u00df zitterte Mika immer heftiger und Jaromir war sich sehr sicher, dass er blutete, vermutlich war endg\u00fcltig etwas gerissen. Es tat ihm in der Seele weh, seinen Schicksalsgenossen dieses Leid zuzuf\u00fcgen. Die St\u00f6\u00dfe steigerten sich ein letztes Mal, Mika schluchzte un\u00fcberh\u00f6rbar und Jaromir sp\u00fcrte den letzten Wunsch des Monsters, bevor es kam, seinen Samen in Mika ausspuckte und f\u00fcr diese Nacht verschwand. Es wollte ihn bei\u00dfen. Panik stieg in Jaromir auf, das durfte es nicht, denn es biss gerne in die Kehle und dann w\u00e4re Mika nicht mehr zu retten, seine Haut war nicht widerstandsf\u00e4hig genug gegen diese Z\u00e4hne. Er w\u00fcrde im schlimmsten Fall verbluten, bevor er ihm helfen konnte. Als das Monster sich zu Mika hinunterbeugte und sein Maul \u00f6ffnete, fing Jaromir an, innerlich zu schreien, um sich zu schlagen, das Monster von seiner Idee abzubringen. In seinem ganzen Verstand herrschte nur der Gedanke, diese Tat sein zu lassen, nichts anderes drang zu ihm durch. Und das Monster stockte, schien ihm zu lauschen, was er ohne Stimme rief, immer wieder, hatte immer noch den Blick auf den schmalen Hals gerichtet, aber er lie\u00df es wirklich bleiben, umfasste stattdessen Mikas Penis, als wollte es ihn zerquetschen, und fuhr fort, seine angestaute Energie an ihm auszulassen, bis es mit einem unsch\u00f6nen Kr\u00e4chzen sein klebriges Sperma in ihm entlud. Mit letzter Kraft rollte sich Mika weinen und v\u00f6llig verst\u00f6rt zu einer Kugel zusammen, w\u00e4hrend sich dem Boden eine Lache aus Blut und einer milchige Fl\u00fcssigkeit bildete. Es war vorbei, Mika lebte, aber sein Opfer war zu hoch, Jaromirs Sicht verschwamm, als er endlich wieder Gewalt \u00fcber sich hatte, sein ganzes Denken schrie ihn an, dass er Schuld an allem war. Ohne ihn h\u00e4tte sich Mika nie einem solchen Wesen ausgeliefert. Er wollte sich hundert Mal bei ihm entschuldigen, doch er brachte kein Wort zustande, weshalb er sich einfach auf den Boden warf und Mika umklammerte, der sich trotzallem trostsuchend an ihn dr\u00fcckte und wie ein kleines Kind in Tr\u00e4nen ausbrach. So heftig hatte er noch nie geweint, aber heute hatte er einen erschreckend guten Grund, dies zu tun.",
            "wordcount": "3.458",
            "chapter_release": "10.12.2009",
            "chapter_number": "2"
        },
        "3": {
            "text": "Es war Jaromir extrem unangenehm gewesen und geh\u00f6rte nicht zu den Dingen, die er noch einmal tun wollte, aber ihm war aufgrund von Mikas \u00fcbel aussehender Verletzung im Analbereich nichts anderes \u00fcbrig geblieben, als mitten in der Nacht dessen Eltern zu wecken und sie zu bitten, ihren Sohn ins Krankenhaus zu bringen. Sie waren nat\u00fcrlich entsetzt von dem, was sie sahen, aber statt l\u00e4stige Fragen zu stellen, taten sie einfach das, worum er sie gebeten hatte. F\u00fcr lange Erkl\u00e4rungen fehlte die Zeit. Daf\u00fcr wurde im Krankenhaus umso eindringlicher gefragt, was vorgefallen war, wie Mikas Verletzungen zustande gekommen waren, aber Jaromir behauptete, nichts zu wissen, weil er Mika nur gefunden h\u00e4tte, und der tat so, als k\u00f6nnte er sich an nichts erinnern. Etwas anderes blieb ihnen nicht \u00fcbrig, denn die Wahrheit h\u00e4tte ihnen sowieso keiner geglaubt. Mika musste fast eine Woche im Krankenhaus bleiben, weil man nicht die genaue Schwere der Risse im After absch\u00e4tzen konnte. Und auch danach war ihm auferlegt worden, sich noch mindestens eine Woche zu Hause auszuruhen, um nach diesem traumatischen Erlebnis nicht sofort vom Alltag \u00fcberrannt zu werden. In der ganzen Zeit, die Mika brauchte, um sich zu erholen, um das Geschehene zu verarbeiten, kam Jaromir nicht ein einzige Mal vorbei, um ihn zu sehen. Er sch\u00e4mte sich zu sehr f\u00fcr das, was das Monster seinetwegen getan hatte, weswegen er Mika nicht unter die Augen treten wollte. Seine N\u00e4chte verliefen unruhig, er verwandelte sich \u00f6fter als normal in dieses langgestreckte Wesen ohne Gewissen und Verstand. Da es nun niemanden hatte, mit dem es sich auf schnelle Weise wieder in einen Menschen zur\u00fcckformen konnte, streifte es im Dunkeln unter dem schwachen Licht des Mondes durch die Stadt, aber nirgends fand es etwas Interessantes, was seine Aufmerksamkeit auch nur l\u00e4nger als ein paar Sekunden fesselte. Selbst ein angetrunkenes, vorbeiirrendes M\u00e4dchen ignorierte das Monster. Jaromir war nat\u00fcrlich froh dar\u00fcber, niemanden gegen seinen Willen umzubringen, aber es war v\u00f6llig untypisch. Etwas stimmte hier nicht. Sogar herumflitzende Stra\u00dfenkatzen lie\u00dfen es v\u00f6llig kalt, obwohl es am Ende der Nacht, wenn der Morgen schon graute und es bald wieder nur in ihm herumtoben k\u00f6nnte, besonders hungrig wurde und ein schneller Bissen keine Herausforderung f\u00fcr es bedeutete. Es strengte sich also nicht an und Jaromir war dazu verdammt, die ganze Nacht keinen Schlaf zu finden. Dementsprechend ger\u00e4dert f\u00fchlte er sich am Morgen darauf, manchmal verschlief er den ganzen Vormittag und erwachte erst, wenn die letzte Schulstunde soeben begonnen hatte. Er machte sich damit definitiv keine Freunde, indem er noch mehr als sonst dem Unterricht fern blieb. Selbst wenn er es schaffte, sich schl\u00e4frig in die Schule zu schleifen, kreisten seine Gedanken konstant um Mika, wie kraftlos und verloren er auf diesem befleckten Boden, wie zerbrechlich in dem schneewei\u00df bezogenen Krankenbett gewirkt hatte. Au\u00dfer Hoffen, dass es ihm inzwischen besser ging, konnte Jaromir nichts f\u00fcr ihn tun, dabei war es feige, ihm nicht einmal eine Karte ins Krankenhaus zu schreiben. Aber mit einer einfachen Entschuldigung machte er nichts gut. Die \u00dcberraschung stand Jaromir f\u00f6rmlich ins Gesicht geschrieben, als er ein paar Tage sp\u00e4ter an einem dieser belanglosen Nachmittage ganz normal auf das Klingeln an der Haust\u00fcr reagierte und pl\u00f6tzlich mit dem Jungen konfrontiert wurde, mit dem er am wenigsten auf seinem Grundst\u00fcck gerechnet hatte. Wie so oft, wenn er ihn sah, l\u00e4chelte Mika ihn an, allerdings etwas scheuer als gew\u00f6hnlich; im richtigen Leben aufeinanderzutreffen f\u00fchlte sich noch einmal ganz anders an als sich immer im selben abgeschlossenen Raum unter den selben merkw\u00fcrdigen Bedingungen zu begegnen. \u201eHallo, Jaro.\u201c Er wirkte unentschlossen, wie er sich zu verhalten hatte, sein Blick irrte immer wieder zwischen seinem Gegen\u00fcber und einem Punkt hinter diesem hin und her. \u201eKann ich reinkommen?\u201cEtwas \u00fcberrumpelt nickte Jaromir nur, bis ihm klar wurde, wie abweisend sein Benehmen auf seinen Gast wirken musste, wenn er ihn nicht einmal begr\u00fc\u00dfte. Aber er brachte beim besten Willen keinen Ton heraus, er f\u00fchlte sich allein durch das unangek\u00fcndigte Auftauchen Mikas \u00fcberfordert und die Erinnerungen schwappten ihm wie gef\u00e4hrliche Wellen entgegen, die ihn zu ertr\u00e4nken schienen. \u201eSch\u00f6n hast du es hier\u201c, begann Mika etwas holprig, ein Gespr\u00e4ch in Gang zu bringen, und setzte sich nach kurzem \u00dcberlegen auf die Bettkante. Die Bewegung wirkte z\u00f6gerlich, als h\u00e4tte er noch Angst, Schmerz zu versp\u00fcren, wenn er sich niederlie\u00df. Vorsichtig platzierte sich Jaromir neben Mika und ergriff behutsam seine Hand, um ihn nicht zu verschrecken. Obwohl ihm die Situation unangenehm war, weil sie ihm vor Augen f\u00fchrte, wie wenig sie voneinander wussten, hatte er das starke Bed\u00fcrfnis, ihm ganz nah zu sein, ihn nicht so schnell wieder gehen zu lassen. \u201eEs tut mir echt leid, was passiert ist\u201c, sprudelte es schlie\u00dflich fast unkontrolliert aus Jaromir heraus, als der Druck seiner Hand erwidert wurde. \u201eIch wollte das nicht, ehrlich, ich wollte dem Monster befehlen, dich in Ruhe zu lassen, aber es hat nicht auf mich geh\u00f6rt\u2026\u201c Er biss sich auf die Unterlippe. Beruhigend lehnte Mika seinen Kopf an seine Schulter und verschr\u00e4nkte ihr Finger noch ein wenig fester ineinander. \u201eIch wei\u00df doch, Jaro, du w\u00fcrdest mir nie absichtlich weh tun.\u201c \u201eAber dir geht es inzwischen doch besser, oder?\u201c \u201eJa, einigerma\u00dfen. Ich hab manchmal immer noch Probleme, aber die \u00c4rztin meinte, bald wird es verheilt sein und ich werde keine Nachwirkungen mehr sp\u00fcren. Das ist die Hauptsache.\u201c Sie sa\u00dfen noch eine Weile so auf dem Bett, Hand in Hand und unsicher, was sie tun sollten. Jaromir \u00fcberkam das irrationale Bed\u00fcrfnis, Mika zu k\u00fcssen aber er schob es beiseite, es geh\u00f6rte hier nicht hin. Im schlimmsten Fall f\u00fchlte sich sein Gast dadurch bedr\u00e4ngt und verschwand und alles, was blieb, w\u00e4re ein gro\u00dfes Unbehagen. Dann w\u00fcrde sich ein weiteres Treffen mindestens genauso merkw\u00fcrdig anf\u00fchlen. \u201eDas Monster wollte dich bei\u00dfen, aber ich habs davon abgehalten. Ich wei\u00df nur nicht wie, sonst k\u00f6nnte ich es jetzt \u00f6fter steuern.\u201c Und damit viele problematische Situationen vermeiden. \u201eIch hatte einfach nur furchtbare Angst, dass es dich umbringt.\u201c Wie sollte er auch ohne ihn mit diesem Geheimnis bestehen. Dar\u00fcber wollte er gar nicht genau nachdenken. Mika zuckte zusammen, ob wegen des Gedankens, nur knapp dem Tod entronnen zu sein oder aus einem anderen Grund, wusste Jaromir nicht genau. Er hakte aber auch nicht nach. \u201eWir k\u00f6nnten \u00fcben, damit du es auch irgendwann kannst\u201c, schlug Mika ihm vor. \u201eEs schadet bestimmt nicht und wenn es nicht klappt, lassen wir es halt sein.\u201cEinen Versuch w\u00e4re es wert, auch wenn es wohl darauf hinauslief, wieder die ganze Nacht ein Monster zu sein und nicht durch behelfsm\u00e4\u00dfiges Paaren die R\u00fcckumwandlung einzuleiten. \u201eWann wollen wir damit beginnen?\u201c\u201eSobald wie m\u00f6glich, vielleicht schon heute Abend, wenn es geht. Aber wir machen das nicht hier drin oder bei mir, zum Schluss geht noch alles in die Br\u00fcche. Am See sollte um die Uhrzeit niemand sein, der uns st\u00f6rt\u201c, plante Mika schon mit einer gewissen Euphorie ihr Vorhaben. \u201eUnd dann brauchst du nie wieder ein schlechtes Gewissen zu haben.\u201c Seine Arme schlossen sich um Jaromirs Oberk\u00f6rper, als wollte er ihn ganz f\u00fcr sich beanspruchen. \u201eAber es wird nicht beim ersten Mal klappen, sei also bitte nicht entt\u00e4uscht, wenn wir das \u00f6fter probieren m\u00fcssen, bevor du Ergebnisse erzielst.\u201c Wenn sich das Thema den Monstern zuwandte, versprach es automatisch kompliziert zu werden, aber Jaromir glaubte an einen Erfolg, immerhin hatte er das Monster schon einmal dazu gebracht, nach seinen W\u00fcnschen zu handeln und wenn es nur eine \u00e4u\u00dferste Notsituation gewesen war. \u201eAber versprich mir, das n\u00e4chste Mal wegzurennen, wenn wir uns nicht zum selben Zeitpunkt verwandeln.\u201c Den Anblick und die Gewissheit, verantwortlich daf\u00fcr zu sein, ertrug er kein zweites Mal. Es klang immer so \u00fcbertrieben, aber auf Mika nahm er mehr R\u00fccksicht als auf sich selbst. \u201eEs w\u00fcrde zwar nichts bringen, du als Monster bist schneller als ich in Menschenform, aber ich werde es trotzdem machen. Versprochen.\u201c Sein Kopf lag auf Jaromirs Brust, er strahlte diese Schutzbed\u00fcrftigkeit aus, der Jaromir jedes Mal erlag, die er ihm aber nicht als Schw\u00e4che anrechnete. Vermutlich war Mika gar nicht so hilflos, wie er ihm erschien; seine Wahrnehmung gaukelte ihm das nur vor, um noch einen Grund zu haben, bei ihm sein zu wollen. \u201eIch wei\u00df, es ist vielleicht etwas dreist, aber kann ich heute Nacht bei dir schlafen? Dann k\u00f6nnten wir zusammen zum See gehen, du wirst mir sowieso folgen, auch wenn du es gar nicht von dir aus entscheidest.\u201c Der Vorschlag gefiel ihm, dadurch genoss er noch eine Zeitlang das Privileg, Mika in seiner menschlichen Gestalt sehen, h\u00f6ren und f\u00fchlen zu d\u00fcrfen, was ihm so selten und immer mit diesem unsch\u00f6nen Nachgeschmack geg\u00f6nnt wurde. Ob seine Eltern damit einverstanden waren, interessierte ich nicht, sie wurden erst gar nicht gefragt. Mika leistete ihm bis zum Zeitpunkt der Mutation Gesellschaft, das stand nun unver\u00e4nderlich fest. Ein Gespr\u00e4ch zwischen ihnen entwickelte sich auch nach diesem Entschluss nicht schneller, da Jaromir immer noch nicht genau wusste, was er Mika erz\u00e4hlen sollte, ohne ihn zu langweilen. Wieder ein Indiz, wie wenig sie sich eigentlich kannten, obwohl sie einiges gemeinsam erlebt hatten. Es wurde immer dunkler im Raum und Jaromir von Minute zu Minute unruhiger, weil er sich f\u00fcrchtete, dass irgendetwas an ihrem Plan schief laufen w\u00fcrde; Mika dagegen strahlte diese Ruhe aus, f\u00fcr die er ihm sehr dankbar war. Ohne ihn w\u00e4re er wohl schon l\u00e4ngst nerv\u00f6s zwischen Schreibtisch und Bett hin und her gewandert und h\u00e4tte so den restlichen Abend verbracht. \u201eAlles ist gut, Jaro, mach dir keine Gedanken\u201c, lautete seine Spruch, dem er ihm mindestens f\u00fcnfmal zufl\u00fcsterte, w\u00e4hrend er ihm ein aufmunterndes L\u00e4cheln schenkte. \u201eIch bin da, ich pass auf.\u201c Fast schien es, als \u00fcbertrug sich seine positive Energie auf Jaromir; Mika war wirklich einzigartig und Jaromir wie so oft unglaublich froh, ihn kennen gelernt zu haben. Bisher hatte es einfach niemandem in seinem Leben gegeben, weder M\u00e4dchen noch Junge, dem er so nahe gekommen und den er so ins Herz geschlossen hatte. Der Zeitpunkt zum Schlafgehen r\u00fcckte unaufhaltsam n\u00e4her; sie bauten f\u00fcr Mika ein Bett aus Decken, Kissen und einer Luftmatratze vor dem Schreibtisch auf, a\u00dfen noch eine Kleinigkeit zu Abend, um nicht als Monster als erste Amtshandlung Passanten anzufallen, und schlossen vorsorglich die Zimmert\u00fcr ab, damit Jaromirs Mutter nicht zu sp\u00e4ter Stunde ihnen noch einen Besuch abstattete und in die Gefahrenzone geriet. \u201eWir bekommen das hin\u201c, versprach Mika optimistisch, w\u00e4hrend er sich sein T-Shirt \u00fcber den Kopf zog, um es sich etwas gem\u00fctlicher zu machen. \u201eEs kann nichts Schlimmeres passieren als sonst auch.\u201c Es blieb wirklich zu hoffen, dass er damit recht behielt und sich das Blatt nicht gegen sie wandte. Wie gerne h\u00e4tte Jaromir auch diese Angst vor der Nacht abgesch\u00fcttelt. Mit einer kurzen Umarmung w\u00fcnschte Mika ihm eine gute Nacht und schl\u00fcpfte unter die d\u00fcnne Decke; Jaromir h\u00e4tte nichts dagegen gehabt, wenn er bei ihm im Bett geschlafen h\u00e4tte, aber er wollte ihn nicht mit seinen W\u00fcnschen bedr\u00e4ngen. Es h\u00e4tte ziemlich \u00fcbertrieben gewirkt und Mika vielleicht verunsichert; keine gute Voraussetzung f\u00fcr diesen Abend. Manchmal fragte er sich ernsthaft, warum er so stark auf Mika reagierte. War das wirklich alleine die Verbindung durch ihre beiden Monster oder steigerte er sich in Dinge hinein? Er wusste es nicht genau und nun war auch nicht der geeignetste Augenblick, um sich dar\u00fcber den Kopf zu zerbrechen. Er war nicht richtig m\u00fcde, eher schl\u00e4frig genug, um nicht aufstehen zu wollen und wach genug, um das Auftauchen des Monsters herauszuz\u00f6gern. So blieb ihm nichts anderes \u00fcbrig, als sich tiefer in sein Bett zu vergraben und die Anspannung von sich abfallen zu lassen. Er war nicht mehr er, sondern es, die Schmerzen der Verwandlung waren verklungen und machten der Gewissheit Platz, durch das Ende der Ver\u00e4nderung die \u00dcbungsstunde mit Mika eingeleitet zu haben. Dieser war ebenfalls wach, die eisig blauen Augen funkelten im Licht der wenigen hereinfallenden Mondstrahlen herausfordernd. Man sah ihm nicht mehr an, als wer er vor einigen Stunden eingeschlafen war, aber das war gut so. Noch einmal wollte er Mika in seiner menschlichen Form nicht den Anus zerfetzen. Unter normalen Umst\u00e4nden h\u00e4tte sie sich bei einer Zusammenkunft aufeinander gest\u00fcrzt, um ihre menschliche Gestalt wiederzuerlangen, aber diese Option stand heute Nacht au\u00dfer Frage, sie trat erst dann, wenn sie sich am See gen\u00fcgend verausgabt hatten. Mit seinen langen Fingern zerrte Mikas Monster am Griff des Fensters, bis er nach- und den Weg nach drau\u00dfen freigab. Ein heiseres Fauchen verlie\u00df seine Kehle, bevor es auf den Sims und von dort in den Vorgarten sprang; reine Provokation, um sein Gegen\u00fcber zu reizen und es zu animieren, ihm zu folgen. Die Rechnung ging auf; mit wenig Abstand zueinander st\u00fcrmten sie durch die d\u00fcsteren, leeren Stra\u00dfen, dem Seeufer entgegen. Jaromir sp\u00fcrte, dass er noch keinerlei Kontrolle besa\u00df, dass das Monster momentan noch seinem nat\u00fcrlichen Trieb folgte, weil es sich mit Mika paaren wollte, nicht weil es ahnte, ihm dadurch einen Gefallen zu erweisen. Der See lag verlassen vor ihnen, nur Abfallreste und einzelne verlorene Gegenst\u00e4nde verrieten, dass sich hier zu anderen Tageszeiten Menschen ihre Zeit vertrieben. Nun bot er eine gro\u00dfe Fl\u00e4che, auf denen sie ihre Ideen ausprobieren konnten, um Jaromir eine gewisse Gewalt \u00fcber seinen mutierten K\u00f6rper zur\u00fcckgeben zu k\u00f6nnen, ohne dass es dabei um Leben und Tod ging. Sie setzen ihre spielerische Verfolgungsjagd fort, immer um den See herum, damit Jaromirs Monster nicht auf falsche Gedanken kam und Mika sofort abfangen konnte; immerhin sollte gen\u00fcgend Zeit vorhanden sein, damit Jaromir die Gelegenheit nutzen konnte, um das Monster davon \u00fcberzeugen konnte, nicht mehr Mika zu folgen. Zwar war ihnen bewusst, dass das vielleicht f\u00fcr den Anfang ein zu hohe Ziel war, aber vielleicht hatte der letzte Vorfall das Monster auf Zwischenrufe von Jaromir sensibilisiert; ausprobieren schadete nicht. Die \u00dcberlegung bewahrheitete sich nicht; egal wie oft Jaromir ihm zurief, die Richtung zu \u00e4ndern oder ihm Gedankenfetzen von Dingen in ihrer Umgebung zusandte, um es abzulenken, au\u00dfer einem fl\u00fcchtigen Drehen des Kopfes erreichte er nichts. Das Interesse an Mikas Monster \u00fcberschattete jede m\u00f6gliche Reaktion auf Jaromir. Nach mindestens einer Viertelstunde sahen sie ein, mit dieser Taktik nicht den gew\u00fcnschten Effekt zu erzielen, weswegen Mikas Monster endlich stehen blieb und dem anderen zumindest erlaubte, ihn gen\u00fcsslich in den Hals zu bei\u00dfen. Mehr lie\u00df es aber nicht zu, wenn sie erst einmal dazu \u00fcbergegangen waren, ihrem sexuellen Verlangen nachzugehen, brachte sie nichts mehr komplett davon ab und ihre \u00dcbungsstunde w\u00e4re ohne Ergebnis vorzeitig beendet. Doch durch die lange Abwesenheit von Mika war Jaromirs Monster kaum von ihm abzuhalten, man konnte es nicht dazu bringen, auch nur l\u00e4nger als eine Minute seine Aufmerksamkeit auf etwas anderes zu lenken, selbst wenn das Ablenkungsman\u00f6ver von Mika selbst ausging, indem er es mit Sand bewarf. Frustriert musste Jaromir sich nach zwei Stunden das Scheitern ihrer ersten Probenacht eingestehen; auch Mikas Monster musste dieser Umstand aufgefallen sein, denn es h\u00f6rte auf, seinen Sicherheitsabstand zu ihm zu wahren. Es war klar, was nun folgte, und das \u00e4rgerte ihn. Theoretisch war alles heute umsonst gewesen au\u00dfer der Tatsache, dass er mehr Zeit mit Mika hatte verbringen k\u00f6nnen. Ihm blieb also nichts anderes \u00fcbrig, als sich seinem Schicksal oder eher dem Willen des Monsters zu unterwerfen und mit Mika hier auf diesem sandigen Boden Sex zu haben, bis sie beide wieder zwei m\u00fcde und mit Verletzungen gestrafte Teenager waren, die Morgen wieder in der Schule so taten, als w\u00e4re nichts geschehen. \u201e\u00c4rger dich nicht\u201c, wisperte Mika ihm zu, als sie ersch\u00f6pft mit aufgekratzten Oberschenkeln in einer Sandkuhle lagen und zu den Sternen \u00fcber ihnen hinaufsehen konnten. \u201eWir haben noch gen\u00fcgend Zeit, um es zu z\u00e4hmen. Heute war es einfach nicht der richtige Zeitpunkt.\u201c Wenigstens hatten die Monster durch ihre angestauten Triebe sich in so kurzer Zeit so verausgabt, dass die ganze Prozedur schnell vonstattengegangen war. F\u00fcr Mika, der immer noch nicht ganz wiederhergestellt war, eine willkommene Abwechslung. Endlose Minuten r\u00fchrte sich keiner von ihnen, bis Jaromir die Initiative ergriff und dem anderen Jungen aufhalf, damit sie sich in Richtung seines Zuhauses begeben konnte. Es blieb zu hoffen, dass auch nun keiner ihren Weg kreuzte. Eigentlich wollte er nichts lieber, als liegen zu bleiben, Mika im Arm zu halten und an seiner Seite friedlich einzuschlafen, aber das war ihm noch nicht verg\u00f6nnt und er seufzte \u00fcber seine eigenen Gedanken. Mika war immer noch ein Junge, der sogar \u00e4lter als er war, er sollte aufh\u00f6ren, ihn wie ein kleines M\u00e4dchen zu behandeln, vielleicht nahm er ihm das sonst irgendwann \u00fcbel. Die Strecke zog sich und auch der Weg ins Haus durch das ge\u00f6ffnete Fenster bedeutete eine weitere Anstrengung, auf die sie h\u00e4tten verzichten k\u00f6nnen; die M\u00fcdigkeit zerrte an Jaromir wie an einem flatternden F\u00e4hnchen im Wind. Die wenigen Schritte bis in sein Bett nahm er kaum wahr, genauso wenig Mika, der ihm ungefragt gefolgt war, anstatt sich auf sein Lager auszustrecken, und ihn wie zur Beruhigung gegen die heutige Niederlage in die Arme schloss. Der verdiente Schlaf war zu \u00fcberm\u00e4chtig. Sie gaben nicht auf; jedes Zusammentreffen, das urspr\u00fcnglich nur dazu gedient hatte, ihnen ihre Gestalt wiederzubeschaffen, wurde dazu benutzt, um Jaromir die Gelegenheit zu geben, endlich eine Einheit mit seinem Wesen zu bilden, auch wenn Mika um ihn herumstreifte und es eigentlich nur noch von seinem Verlangen befallen wurde. In solchen Situationen war es besonders wichtig f\u00fcr ihn, endlich die Kontrolle zu erlangen, die er bisher nur einmal wirklich gesp\u00fcrt hatte, daran mussten sie herumfeilen, um dem Monster die ungez\u00e4hmte Wildheit auszutreiben und Mika einen gewissen Schutz zuzusichern. Und langsam merkte Jaromir, das diese vielen N\u00e4chte, die sie eigentlich h\u00e4tten verk\u00fcrzen k\u00f6nnen, sich bezahlt machten und er das Monster zumindest teilweise dirigieren \u0001 \u0002 tat es nat\u00fcrlich wie aus Trotz genau das Gegenteil, lie\u00df sich in den See fallen, wenn es um ihn herumrennen sollte, blieb unvermittelt stehen und zerfetzte wahllos die Rinde von B\u00e4umen, die das Pech besa\u00dfen, seinen Klauen nicht ausweichen zu k\u00f6nnen; immer wieder ging es auch einfach auf K\u00e4ferjagdTrotzdem bedeutete jede noch so geringe Befolgung seiner Befehle einen Erfolg f\u00fcr ihn und auch f\u00fcr Mika, der ihm nicht von der Seite wich und seine Fortschritte begutachtete, um ihn dann kurz vor dem Einschlafen daf\u00fcr zu loben. Nun musste er diese Macht so perfektionieren, dass er sie auch w\u00e4hrend des kr\u00e4ftezehrenden Rituals anwandte, um dieses zu erleichtern. Wenn er an der Reihe war, Mika zu dominieren, funktionierte es schon einigerma\u00dfen, es zerkratzte ihn nicht mehr ganz so stark den R\u00fccken und reduzierte die Anzahl der Bisse auf ein fast ertr\u00e4gliches Ma\u00df; aber wenn es sich Mika hingeben sollte, bockte es immer noch wie ein unerzogenes Kind und wollte nicht einsehen, dass auch es eine Penetration \u00fcber sich ergehen lassen musste. Daf\u00fcr f\u00fchlte es sich immer noch zu dominant und erschwerte mit seiner Ablehnung Mika das Vorhaben, vorsichtiger mit ihm umzuspringen. Nach diesem Momenten, wenn Jaromir mit schmerzenden Gliedma\u00dfen, brennendem Rektum und Mika neben sich unter seiner Decke lag, halfen auch keine aufmunternden Worte, es besch\u00e4ftigte ihn zu sehr, diese letzte, wichtigste Stufe nicht erfolgreich erreicht zu haben. Einmal wollte er auch als Unterdr\u00fcckter ohne unn\u00f6tige Absch\u00fcrfungen zu Bett gehen; warum verstand das sein Monster nicht? Wollte es ihm dauernd rote Lachen auf der Bettw\u00e4sche bescheren? \u201eWir \u00fcben solange, bis es versteht, dass es sich nicht wehren muss.\u201c \u201eUnd was ist, wenn es das nie verstehen wird?\u201c Oder es im schlimmsten Fall gar nicht wollte? Vor dieser Vorstellung graute es Jaromir; sein Leben lang nicht auf allen Ebenen das Monster in Schach halten zu k\u00f6nnen; sein Leben lang unn\u00f6tige Qualen erleiden zu m\u00fcssen. \u201eDas wird es irgendwann, mach dir keine Sorgen. Du hast es so weit gebracht, daran wirst du nicht scheitern.\u201c Drau\u00dfen regnete es in Str\u00f6men, als wollte die Welt sich selbst ertr\u00e4nken. Kein Wetter, bei dem eines der Wesen freiwillig auch nur eine Klaue aus dem Fenster gestreckt h\u00e4tte. Heute w\u00fcrden sie innerhalb dieser vier W\u00e4nde bleiben und sich einfach nur ihrem Verlangen hingeben, um einen geeigneten Zeitpunkt zu warten, um wieder den See zu benutzen. Jaromir wusste, was ihm heute bl\u00fchte und wozu er sein Monster erziehen musste, um endlich stolz von sich behaupten zu k\u00f6nnen, seine Situation genauso wie Mika kontrollieren zu k\u00f6nnen. Seufzend befahl er ihm, auf dem Bett liegen zu bleiben anstatt sich gleich aufzurichten und Mika zu beweisen, dass es ihm ebenb\u00fcrtig war. Es zuckte und warf eindeutige Blicke in Richtung provisorisches Bett, aber es begehrte nicht sinnlos dagegen auf. Wenigstens ein kleiner Fortschritt. Sein Gast kniete so schnell \u00fcber ihm, dass Jaromir es erst gar nicht wahrnahm; das typische Ziehen in der Schulter, der Biss als Anfangsritual verriet ihm, dass er nun seine gesamten geistigen F\u00e4higkeiten anwenden musste, um es in dieser Position zu halten. Spitze Klauen kratzten \u00fcber seine Wirbels\u00e4ule, er f\u00fchlte den fremden Atem in seinem Nacken; angestrengt konzentrierte er alles in sich auf eine einzige Phrase. \u201eBleib liegen.\u201c Immer wieder wiederholte er sie im Geiste, legte so viel Nachdruck wie m\u00f6glich in diese zwei kurzen W\u00f6rter und hoffte, dass das Wesen ihm nicht wie letztes Mal einen Strich durch die Rechnung machte und kurz vor der Haupthandlung seinen eigenen Ideen folgte. \u201eEs tut nicht weh, wenn du dich wehrst.\u201c Oder zumindest weniger, als wenn es sich vor dem Durchsto\u00dfen seines Muskelrings str\u00e4ubte und nicht still halten wollte. Immer wieder folgten Bissen in diese daf\u00fcr geschaffene blaue Haut, die fremden H\u00e4nde klammerten sich um sein Becken und Jaromir konnte nur das Beste hoffen. Zu mehr als das reichten seine M\u00f6glichkeiten nicht. Mit einem heftigen Sto\u00df schob sich das fremde Glied tief in sein Inneres und entlockten Jaromir ungewollt die Frage, ob es sich \u00e4hnlich anf\u00fchlte, wenn Mika ihn in seiner menschlichen Form so ausf\u00fcllte. Nein, ausprobieren kam gar nicht infrage, der Austausch von Sperma in Monstergestalt gen\u00fcgte ihm garantiert auf Lebenszeit, da musste er nicht noch zus\u00e4tzlichen Analverkehr einplanen. Es schien schleichend zu realisieren, dass die unterlegene Position keine Schande war und auch seine Vorteile bot, vor allem wenn man es zulie\u00df; sein Fauchen klang nicht wie sonst abweisend, sondern zufrieden. Vielleicht genoss es endlich diesen Fremdk\u00f6rper in seinem Loch, der seine Fl\u00fcssigkeit in ihn ergoss, und akzeptierte endlich das Prinzip von Geben und Nehmen. Die R\u00fcckwandlung setzte ein, Mika zog sich aus ihm zur\u00fcck, um im n\u00e4chsten Augenblick in seiner richtigen Gestalt wie vom Blitz getroffen neben ihm niederzufallen. \u201eWir haben es geschafft.\u201c Er klang au\u00dfer Atem. \u201eDu hast es endlich geb\u00e4ndigt, Jaro.\u201c Der Angesprochene nickte nur schwach, f\u00fcr jedes erwartete Gef\u00fchl des Stolzes mangelte es ihm an Kraft, so m\u00fchselig war diese Gedankenkonzentration f\u00fcr ihn verlaufen. Au\u00dferdem konnte er nicht leugnen, dass trotz der Schadensbegrenzung einige K\u00f6rperteile nicht schmerzfrei geblieben waren. Dazu kam es wohl nie, das Blut an seinen Oberschenkeln sprach seine eigene Sprache. Obwohl ihm eigentlich nur nach Ruhe zumute war, zog er Mika ganz nah an sich und hielt ihn fest, als wollte er mit ihm zu einem einzigen Menschen verwachsen. Er hatte es seiner Meinung nach endlich verdient, diesen Gef\u00fchlen, die dauernd in ihm herumgeisterten, freien Lauf zu lassen. Wenn Mika wirklich ein schreckliches Problem haben sollte, konnte er dagegen protestieren, im Moment war dieser sowieso st\u00e4rker als er. Er h\u00f6rte keine Klage, stattdessen merkte er, wie seine Geste erwidert wurde; zuwider konnte Mika seine N\u00e4he, wenn sie von ihm ausging, also nicht sein. Sonst war es ja immer er, der sie suchte, Jaromir hatte sich das einfach nie getraut. Ihre Lippen trafen sich wie zuf\u00e4llig, nur das Jaromir wusste, das dem nicht so war. Dieses Mal entsprang der Kuss nicht dem Wunsch zur Bes\u00e4nftigung von Verzweiflung und Angst, sondern diente als Zeichen reiner Zuneigung, die sie f\u00fcr einander empfanden, was aber zumindest er selbst nie so in Worte kleiden konnte. Mika erging es da anders und daf\u00fcr mochte er ihn noch mehr als ohnehin schon. \u201eIch hab dich gern, Jaro\u201c, vertraute ihm die bekannte Stimme wie im Halbschlaf an und tastete haltsuchend nach seinem Arm. \u201eEgal, was mit uns passieren wird.\u201c",
            "wordcount": "3.933",
            "chapter_release": "10.12.2009",
            "chapter_number": "3"
        }
    },
    "title": "Was ist aus mir geworden?",
    "topic": "unspecified",
    "release": "\n10.12.2009\n\t\t\t\t\t\t",
    "author": "ARCAI"
}